cloud_event_id,asset_id,cloud_provider,service_type,public_exposure,misconfiguration_type,encryption_enabled,logging_enabled,iam_risk,open_port_count,exposed_storage,compliance_violation,cloud_risk_score
CLOUD-000001,AST-00001,AWS,Serverless,False,None,True,True,High,1,False,False,2.5
CLOUD-000002,AST-00003,Azure,Compute,True,Open Security Group,False,False,Medium,4,False,True,8.8
CLOUD-000003,AST-00004,Azure,Database,False,None,True,True,Low,0,False,False,0.3
CLOUD-000004,AST-00006,AWS,Identity,False,No MFA on Root Account,True,True,Low,1,False,True,2.0
CLOUD-000005,AST-00007,Azure,Identity,False,None,True,True,High,0,True,False,3.4
CLOUD-000006,AST-00009,Azure,DevOps,True,None,True,True,Low,10,False,False,4.8
CLOUD-000007,AST-00010,AWS,Identity,False,None,True,False,High,2,False,True,3.3
CLOUD-000008,AST-00011,GCP,Networking,False,None,True,True,High,1,False,False,2.4
CLOUD-000009,AST-00012,Azure,Identity,False,Logging Disabled,True,True,Low,1,False,True,1.7
CLOUD-000010,AST-00013,AWS,Database,False,None,True,True,High,3,False,False,2.2
CLOUD-000011,AST-00014,AWS,Serverless,True,None,False,True,High,6,False,True,8.1
CLOUD-000012,AST-00015,AWS,Serverless,False,None,False,True,High,0,False,True,3.3
CLOUD-000013,AST-00016,GCP,Database,False,None,True,True,Medium,2,False,False,1.8
CLOUD-000014,AST-00017,AWS,Compute,False,Unrotated Access Keys,True,True,Low,3,True,True,4.1
CLOUD-000015,AST-00021,AWS,Compute,False,None,True,False,Medium,3,False,True,2.5
CLOUD-000016,AST-00023,Azure,Container,False,None,True,True,High,1,False,False,2.2
CLOUD-000017,AST-00024,GCP,Compute,False,None,True,True,High,2,False,False,2.6
CLOUD-000018,AST-00025,GCP,Analytics,False,No Network ACL,False,False,Medium,0,False,True,5.7
CLOUD-000019,AST-00026,AWS,Identity,False,None,True,True,High,0,True,False,3.5
CLOUD-000020,AST-00027,AWS,Container,False,None,True,True,Low,2,False,False,0.1
CLOUD-000021,AST-00029,GCP,ML,False,None,True,True,Medium,0,False,False,1.2
CLOUD-000022,AST-00030,GCP,Networking,False,None,True,True,Low,2,False,False,0.7
CLOUD-000023,AST-00032,AWS,Networking,True,No Network ACL,True,True,Medium,7,False,True,7.5
CLOUD-000024,AST-00033,AWS,Serverless,False,Logging Disabled,True,True,High,0,False,True,3.7
CLOUD-000025,AST-00034,GCP,Networking,False,None,True,True,Medium,0,False,False,1.1
CLOUD-000026,AST-00035,AWS,Identity,True,None,True,True,High,2,False,False,5.7
CLOUD-000027,AST-00036,AWS,Identity,False,None,True,True,Medium,0,False,False,1.4
CLOUD-000028,AST-00037,GCP,ML,False,None,True,False,High,2,False,True,3.6
CLOUD-000029,AST-00039,AWS,DevOps,False,None,True,True,Low,3,False,False,0.2
CLOUD-000030,AST-00041,AWS,Storage,False,None,False,True,Medium,2,False,True,2.6
CLOUD-000031,AST-00042,Azure,DevOps,True,None,True,True,Low,1,False,False,2.9
CLOUD-000032,AST-00043,GCP,DevOps,False,None,True,False,High,3,False,True,3.7
CLOUD-000033,AST-00045,AWS,Serverless,False,None,False,False,Medium,0,False,True,3.6
CLOUD-000034,AST-00046,AWS,Networking,False,Missing WAF,True,True,High,0,False,True,3.5
CLOUD-000035,AST-00048,AWS,Networking,False,None,True,True,High,0,False,False,1.9
CLOUD-000036,AST-00049,GCP,Networking,False,None,True,False,Medium,3,False,True,2.3
CLOUD-000037,AST-00055,Azure,Identity,False,None,True,True,Low,0,False,False,0
CLOUD-000038,AST-00056,GCP,Compute,True,None,True,True,High,5,False,False,5.9
CLOUD-000039,AST-00057,AWS,Container,False,None,True,True,High,1,False,False,2.1
CLOUD-000040,AST-00058,GCP,Container,False,None,True,True,Medium,1,False,False,1.4
CLOUD-000041,AST-00059,Azure,Container,False,No Network ACL,False,False,Medium,0,False,True,5.5
CLOUD-000042,AST-00060,Azure,Storage,False,None,True,False,Low,0,False,True,1.3
CLOUD-000043,AST-00061,Azure,Analytics,False,None,True,False,Low,2,False,True,1.1
CLOUD-000044,AST-00062,AWS,Analytics,False,Unencrypted Volume,True,True,High,1,False,True,4.1
CLOUD-000045,AST-00063,Azure,Analytics,True,None,False,False,High,4,False,True,8.3
CLOUD-000046,AST-00064,GCP,Storage,False,None,True,True,Low,0,False,False,0
CLOUD-000047,AST-00065,GCP,ML,False,No Versioning on Bucket,True,True,Medium,1,False,True,3.5
CLOUD-000048,AST-00066,Azure,ML,True,None,True,True,Medium,1,False,False,4.2
CLOUD-000049,AST-00067,Azure,Networking,False,None,True,True,Medium,0,False,False,1.1
CLOUD-000050,AST-00068,GCP,Analytics,False,None,True,True,High,0,False,False,1.6
CLOUD-000051,AST-00070,AWS,Storage,True,None,True,True,Low,1,False,False,3.2
CLOUD-000052,AST-00072,AWS,Storage,False,None,True,True,High,3,False,False,2.6
CLOUD-000053,AST-00074,Azure,ML,False,None,False,True,High,2,False,True,3.8
CLOUD-000054,AST-00075,GCP,Container,False,None,True,True,Medium,3,False,False,1.3
CLOUD-000055,AST-00077,GCP,Storage,True,Public RDS Instance,True,True,Medium,2,True,True,8.2
CLOUD-000056,AST-00078,AWS,Networking,False,None,True,False,Medium,3,False,True,2.7
CLOUD-000057,AST-00079,AWS,Serverless,False,None,True,True,Medium,2,False,False,1.4
CLOUD-000058,AST-00080,Azure,Compute,False,None,False,True,Medium,2,False,True,3.1
CLOUD-000059,AST-00081,Azure,Networking,True,Missing WAF,True,True,Low,6,False,True,6.3
CLOUD-000060,AST-00084,Azure,Compute,False,None,False,True,Low,1,False,True,1.7
CLOUD-000061,AST-00086,GCP,Database,False,None,True,True,Medium,3,False,False,1.4
CLOUD-000062,AST-00088,Azure,Identity,False,None,True,False,Medium,1,False,True,2.5
CLOUD-000063,AST-00089,GCP,Container,False,None,True,True,High,0,False,False,1.9
CLOUD-000064,AST-00090,AWS,Identity,True,None,False,True,High,5,False,True,7.6
CLOUD-000065,AST-00092,GCP,Storage,False,None,True,True,Medium,0,False,False,1.2
CLOUD-000066,AST-00093,AWS,Container,False,Missing WAF,True,False,Low,3,False,True,4.1
CLOUD-000067,AST-00094,AWS,DevOps,False,No MFA on Root Account,True,True,High,2,True,True,6.1
CLOUD-000068,AST-00095,Azure,Database,False,None,True,True,Medium,0,False,False,1.4
CLOUD-000069,AST-00096,AWS,Identity,False,None,True,True,Medium,1,False,False,1.6
CLOUD-000070,AST-00098,GCP,DevOps,False,None,True,True,High,1,False,False,2.1
CLOUD-000071,AST-00099,GCP,Serverless,False,None,True,False,Medium,2,False,True,2.6
CLOUD-000072,AST-00103,Azure,Identity,False,None,True,False,Medium,1,False,True,2.0
CLOUD-000073,AST-00104,GCP,Networking,False,None,True,True,Medium,0,False,False,0.9
CLOUD-000074,AST-00105,Azure,Container,False,Public S3 Bucket,True,True,Medium,0,False,True,3.0
CLOUD-000075,AST-00106,GCP,Container,False,None,True,False,High,2,False,True,3.6
CLOUD-000076,AST-00109,GCP,Networking,False,No Network ACL,False,True,High,0,False,True,5.0
CLOUD-000077,AST-00111,GCP,Analytics,True,None,False,False,Medium,8,False,True,7.9
CLOUD-000078,AST-00112,GCP,Serverless,False,None,False,True,Low,2,False,True,1.9
CLOUD-000079,AST-00113,AWS,Compute,False,None,False,True,Medium,0,False,True,2.2
CLOUD-000080,AST-00114,AWS,Storage,False,None,True,True,High,0,False,False,2.5
CLOUD-000081,AST-00115,GCP,Serverless,False,None,True,True,Low,1,False,False,0
CLOUD-000082,AST-00117,AWS,Compute,False,None,True,False,Medium,1,False,True,1.8
CLOUD-000083,AST-00118,AWS,Serverless,False,Exposed API Key,True,True,Low,1,False,True,2.1
CLOUD-000084,AST-00119,GCP,Analytics,False,Public S3 Bucket,True,True,Medium,3,False,True,3.8
CLOUD-000085,AST-00121,AWS,Networking,False,None,True,False,Low,0,False,True,1.0
CLOUD-000086,AST-00122,GCP,Analytics,False,None,False,True,Medium,3,False,True,2.8
CLOUD-000087,AST-00123,AWS,Compute,False,None,True,True,Medium,0,False,False,1.1
CLOUD-000088,AST-00128,AWS,Database,False,None,True,True,High,3,False,False,3.0
CLOUD-000089,AST-00129,Azure,Networking,False,None,True,True,Low,0,False,False,0.1
CLOUD-000090,AST-00130,GCP,Container,False,None,True,True,High,2,False,False,2.3
CLOUD-000091,AST-00131,AWS,Database,False,None,True,True,Medium,3,False,False,1.5
CLOUD-000092,AST-00132,AWS,ML,False,None,True,True,Low,1,False,False,0
CLOUD-000093,AST-00134,AWS,Container,False,None,True,True,High,1,False,False,2.5
CLOUD-000094,AST-00135,GCP,Serverless,False,None,False,True,Low,2,False,True,1.9
CLOUD-000095,AST-00136,AWS,Networking,True,Missing WAF,True,True,Low,2,False,True,5.5
CLOUD-000096,AST-00137,AWS,Compute,False,None,False,True,High,2,False,True,4.3
CLOUD-000097,AST-00139,GCP,Storage,False,No Network ACL,True,True,Medium,0,False,True,2.7
CLOUD-000098,AST-00140,GCP,Identity,False,None,True,False,High,1,False,True,3.4
CLOUD-000099,AST-00141,GCP,Networking,True,None,True,True,Medium,4,True,False,6.5
CLOUD-000100,AST-00143,GCP,DevOps,True,None,True,True,Low,9,False,False,4.9
CLOUD-000101,AST-00144,GCP,Compute,False,None,True,True,Low,1,False,False,0.3
CLOUD-000102,AST-00146,Azure,DevOps,False,Unencrypted Volume,True,True,Low,1,False,True,2.3
CLOUD-000103,AST-00147,GCP,Compute,False,None,True,True,High,0,False,False,2.2
CLOUD-000104,AST-00148,AWS,Analytics,False,None,True,True,High,0,False,False,1.5
CLOUD-000105,AST-00149,Azure,Analytics,False,None,True,False,Medium,1,False,True,2.5
CLOUD-000106,AST-00151,AWS,DevOps,False,Cross-Account Access,True,False,Medium,3,False,True,4.4
CLOUD-000107,AST-00153,AWS,Identity,True,Exposed API Key,True,False,Medium,9,False,True,9.0
CLOUD-000108,AST-00154,GCP,Storage,False,None,True,True,Low,3,True,False,2.5
CLOUD-000109,AST-00155,Azure,Analytics,False,No Versioning on Bucket,True,True,Low,3,False,True,3.0
CLOUD-000110,AST-00156,GCP,Storage,False,None,True,True,Low,1,False,False,0
CLOUD-000111,AST-00157,AWS,Database,False,No Versioning on Bucket,True,False,Low,0,False,True,2.6
CLOUD-000112,AST-00158,Azure,Database,False,None,True,True,Medium,1,True,False,3.0
CLOUD-000113,AST-00159,Azure,Identity,False,Exposed API Key,False,True,Low,0,False,True,3.7
CLOUD-000114,AST-00160,GCP,Database,True,None,True,True,High,9,False,False,6.8
CLOUD-000115,AST-00161,AWS,Container,False,Exposed API Key,True,True,Low,2,True,True,4.3
CLOUD-000116,AST-00162,GCP,Container,False,None,True,True,High,2,True,False,3.6
CLOUD-000117,AST-00164,GCP,Compute,False,None,True,True,Medium,0,True,False,2.9
CLOUD-000118,AST-00166,AWS,Networking,False,None,True,True,Low,1,True,False,2.0
CLOUD-000119,AST-00169,AWS,Storage,False,None,True,True,Low,0,False,False,0.1
CLOUD-000120,AST-00170,Azure,ML,False,None,True,True,Medium,0,False,False,1.1
CLOUD-000121,AST-00172,AWS,Serverless,True,Logging Disabled,True,True,High,2,False,True,7.4
CLOUD-000122,AST-00173,GCP,Serverless,False,None,True,False,Medium,0,False,True,2.0
CLOUD-000123,AST-00177,AWS,Analytics,True,Unrotated Access Keys,True,True,Medium,10,False,True,8.1
CLOUD-000124,AST-00179,AWS,Database,False,None,True,True,Medium,3,False,False,2.1
CLOUD-000125,AST-00180,AWS,Storage,False,None,True,True,High,2,False,False,2.6
CLOUD-000126,AST-00181,Azure,Storage,False,None,True,False,High,2,False,True,3.1
CLOUD-000127,AST-00182,GCP,Identity,False,Exposed API Key,True,True,High,0,False,True,3.8
CLOUD-000128,AST-00184,GCP,Storage,False,None,True,True,Medium,3,False,False,1.9
CLOUD-000129,AST-00185,Azure,Analytics,True,Exposed API Key,True,True,Low,1,True,True,7.0
CLOUD-000130,AST-00186,Azure,ML,True,None,True,False,Low,9,False,True,6.1
CLOUD-000131,AST-00187,Azure,Compute,False,None,True,True,Medium,2,False,False,1.6
CLOUD-000132,AST-00189,Azure,Database,False,Logging Disabled,True,True,High,0,True,True,5.8
CLOUD-000133,AST-00190,AWS,Serverless,True,No MFA on Root Account,True,True,Low,8,False,True,6.1
CLOUD-000134,AST-00193,GCP,Container,False,None,True,True,Medium,3,False,False,1.5
CLOUD-000135,AST-00197,Azure,Analytics,False,None,True,True,Medium,0,False,False,1.3
CLOUD-000136,AST-00198,Azure,Container,False,Unencrypted Volume,False,True,High,2,False,True,6.3
CLOUD-000137,AST-00199,AWS,Container,True,None,True,True,Low,8,False,False,4.9
CLOUD-000138,AST-00200,Azure,Container,False,None,True,False,High,3,True,True,4.8
CLOUD-000139,AST-00201,AWS,Database,False,None,True,True,High,3,True,False,3.8
CLOUD-000140,AST-00202,GCP,Compute,True,None,True,True,Low,8,False,False,4.3
CLOUD-000141,AST-00205,GCP,DevOps,True,Missing WAF,True,True,High,6,False,True,7.7
CLOUD-000142,AST-00206,GCP,Serverless,False,None,True,True,Low,1,False,False,0
CLOUD-000143,AST-00207,Azure,Analytics,False,None,True,True,High,3,False,False,2.8
CLOUD-000144,AST-00209,GCP,Identity,False,None,True,True,Low,1,False,False,0.3
CLOUD-000145,AST-00210,AWS,Storage,False,None,True,True,Low,0,False,False,0
CLOUD-000146,AST-00212,Azure,Serverless,False,None,True,True,Low,2,False,False,0.1
CLOUD-000147,AST-00215,AWS,Identity,False,Overly Permissive IAM Policy,True,True,Low,1,False,True,2.2
CLOUD-000148,AST-00216,Azure,Storage,False,None,True,True,Medium,3,False,False,1.9
CLOUD-000149,AST-00218,Azure,Networking,False,None,True,True,Low,0,False,False,0.1
CLOUD-000150,AST-00219,AWS,DevOps,False,None,True,False,High,1,False,True,2.9
CLOUD-000151,AST-00222,AWS,Networking,False,None,True,False,Low,3,False,True,1.9
CLOUD-000152,AST-00224,Azure,Identity,False,None,True,False,Medium,1,False,True,2.7
CLOUD-000153,AST-00225,GCP,Storage,False,None,True,False,High,3,False,True,3.7
CLOUD-000154,AST-00227,AWS,Identity,True,None,True,True,Low,2,False,False,3.2
CLOUD-000155,AST-00230,Azure,DevOps,False,None,True,True,Medium,3,True,False,3.5
CLOUD-000156,AST-00231,AWS,Networking,False,Unrotated Access Keys,True,True,Medium,3,False,True,3.8
CLOUD-000157,AST-00232,AWS,Compute,True,Missing WAF,True,True,Medium,9,False,True,7.8
CLOUD-000158,AST-00233,GCP,Analytics,False,Missing WAF,True,True,Low,3,True,True,4.3
CLOUD-000159,AST-00234,AWS,Database,False,None,True,False,Low,3,True,True,2.8
CLOUD-000160,AST-00235,GCP,Serverless,False,Unencrypted Volume,True,True,High,1,False,True,3.8
CLOUD-000161,AST-00238,GCP,DevOps,False,None,False,True,Low,0,False,True,1.3
CLOUD-000162,AST-00241,GCP,Compute,False,None,True,False,Medium,2,False,True,2.6
CLOUD-000163,AST-00242,GCP,Analytics,False,None,True,False,Low,0,False,True,1.1
CLOUD-000164,AST-00243,AWS,Container,True,Unrotated Access Keys,True,True,Medium,4,False,True,7.1
CLOUD-000165,AST-00245,AWS,Database,False,No Versioning on Bucket,True,True,Medium,2,False,True,3.7
CLOUD-000166,AST-00248,GCP,Serverless,False,None,True,True,Low,3,False,False,0.2
CLOUD-000167,AST-00249,GCP,Analytics,False,Unrotated Access Keys,False,True,High,2,False,True,6.3
CLOUD-000168,AST-00250,AWS,Storage,False,None,True,True,Low,3,False,False,0.7
CLOUD-000169,AST-00251,GCP,ML,False,Unrotated Access Keys,False,True,Low,0,False,True,3.5
CLOUD-000170,AST-00252,GCP,Serverless,False,Logging Disabled,False,True,Low,1,True,True,5.6
CLOUD-000171,AST-00253,Azure,Identity,False,None,True,False,Low,0,False,True,0.9
CLOUD-000172,AST-00255,GCP,Identity,False,No MFA on Root Account,True,True,High,0,False,True,3.6
CLOUD-000173,AST-00258,Azure,Identity,False,None,False,True,Medium,3,False,True,2.8
CLOUD-000174,AST-00259,Azure,Database,False,Overly Permissive IAM Policy,False,True,Medium,0,False,True,4.8
CLOUD-000175,AST-00261,GCP,Storage,True,None,True,True,High,10,False,False,7.0
CLOUD-000176,AST-00262,Azure,Identity,False,Public S3 Bucket,True,True,Medium,0,False,True,2.7
CLOUD-000177,AST-00264,AWS,Networking,False,None,True,False,High,3,False,True,3.3
CLOUD-000178,AST-00266,AWS,Compute,False,None,False,True,High,1,True,True,5.1
CLOUD-000179,AST-00269,GCP,Database,False,None,True,True,Medium,1,False,False,1.7
CLOUD-000180,AST-00271,Azure,Database,True,None,True,True,High,4,False,False,5.3
CLOUD-000181,AST-00272,GCP,DevOps,False,None,False,True,Low,0,False,True,1.7
CLOUD-000182,AST-00274,Azure,Identity,True,None,True,True,Medium,3,False,False,4.5
CLOUD-000183,AST-00275,GCP,ML,False,Cross-Account Access,True,True,Medium,2,True,True,4.8
CLOUD-000184,AST-00276,Azure,Analytics,False,Logging Disabled,True,True,High,2,False,True,4.7
CLOUD-000185,AST-00277,Azure,Storage,False,None,False,True,Low,2,False,True,2.1
CLOUD-000186,AST-00280,Azure,Container,False,None,False,True,Low,2,False,True,2.1
CLOUD-000187,AST-00282,GCP,DevOps,True,None,True,False,Low,0,False,True,3.6
CLOUD-000188,AST-00283,AWS,DevOps,False,None,True,True,Medium,0,False,False,0.9
CLOUD-000189,AST-00285,AWS,DevOps,True,None,True,True,High,2,False,False,5.4
CLOUD-000190,AST-00286,Azure,Networking,False,None,True,True,Medium,1,False,False,0.9
CLOUD-000191,AST-00290,AWS,Networking,False,None,True,False,High,0,False,True,2.6
CLOUD-000192,AST-00292,AWS,Storage,False,Public RDS Instance,True,True,High,1,False,True,4.5
CLOUD-000193,AST-00293,GCP,Serverless,True,Cross-Account Access,True,False,Low,5,False,True,7.1
CLOUD-000194,AST-00294,AWS,Container,False,None,False,True,Medium,1,False,True,2.2
CLOUD-000195,AST-00297,Azure,Compute,False,None,True,True,Medium,1,False,False,1.5
CLOUD-000196,AST-00298,Azure,Analytics,False,Default VPC,True,True,Low,2,False,True,2.3
CLOUD-000197,AST-00299,AWS,Serverless,False,None,True,False,High,2,False,True,3.9
CLOUD-000198,AST-00302,Azure,ML,False,None,True,True,Medium,0,False,False,0.7
CLOUD-000199,AST-00310,Azure,DevOps,False,Cross-Account Access,True,True,High,3,False,True,4.6
CLOUD-000200,AST-00311,AWS,Analytics,False,Unencrypted Volume,True,True,Medium,0,False,True,3.4
CLOUD-000201,AST-00312,AWS,ML,False,None,False,True,Medium,3,False,True,3.3
CLOUD-000202,AST-00315,AWS,Database,False,None,True,True,Low,1,False,False,0.6
CLOUD-000203,AST-00316,Azure,Compute,False,None,True,True,Medium,3,True,False,2.9
CLOUD-000204,AST-00317,Azure,DevOps,True,None,True,True,Medium,5,False,False,4.8
CLOUD-000205,AST-00318,AWS,Container,False,No MFA on Root Account,True,True,Low,0,False,True,1.5
CLOUD-000206,AST-00319,Azure,Database,False,Public RDS Instance,True,False,Low,0,False,True,2.6
CLOUD-000207,AST-00320,GCP,Storage,False,None,True,True,High,3,False,False,3.0
CLOUD-000208,AST-00322,GCP,Networking,False,None,True,True,Low,0,False,False,0
CLOUD-000209,AST-00324,AWS,Storage,False,None,False,True,Low,1,False,True,1.7
CLOUD-000210,AST-00325,Azure,Identity,False,None,True,True,Medium,0,False,False,0.9
CLOUD-000211,AST-00327,Azure,Database,False,Unrotated Access Keys,True,True,High,0,False,True,4.1
CLOUD-000212,AST-00329,GCP,Container,False,None,True,True,Low,2,False,False,0.4
CLOUD-000213,AST-00330,GCP,Container,False,Missing WAF,True,True,High,3,False,True,4.9
CLOUD-000214,AST-00331,GCP,Serverless,False,Open Security Group,True,True,Medium,0,False,True,2.9
CLOUD-000215,AST-00336,GCP,Container,False,Cross-Account Access,True,True,Low,0,True,True,3.7
CLOUD-000216,AST-00337,Azure,Storage,False,None,True,True,High,2,False,False,2.1
CLOUD-000217,AST-00339,GCP,Identity,False,None,True,True,Low,3,False,False,0.4
CLOUD-000218,AST-00342,AWS,Analytics,True,None,True,True,High,6,False,False,5.9
CLOUD-000219,AST-00344,AWS,DevOps,False,None,True,True,Low,1,False,False,0.3
CLOUD-000220,AST-00345,AWS,Container,False,None,True,False,High,1,False,True,3.3
CLOUD-000221,AST-00347,GCP,DevOps,False,Logging Disabled,True,True,High,2,False,True,4.8
CLOUD-000222,AST-00348,GCP,Analytics,False,None,False,False,High,1,False,True,4.2
CLOUD-000223,AST-00349,AWS,Storage,False,None,False,True,Low,0,False,True,1.1
CLOUD-000224,AST-00351,GCP,DevOps,False,None,False,True,Low,0,False,True,1.1
CLOUD-000225,AST-00352,Azure,Identity,False,None,True,True,Low,2,False,False,0.1
CLOUD-000226,AST-00353,AWS,ML,False,None,True,False,High,3,False,True,3.5
CLOUD-000227,AST-00356,Azure,Storage,False,None,True,False,Low,1,False,True,1.0
CLOUD-000228,AST-00357,Azure,Storage,False,None,True,True,High,3,False,False,2.8
CLOUD-000229,AST-00358,Azure,DevOps,False,None,True,True,Medium,2,True,False,3.2
CLOUD-000230,AST-00359,Azure,Networking,False,Logging Disabled,True,False,Medium,2,False,True,4.6
CLOUD-000231,AST-00360,Azure,ML,False,None,True,True,Medium,0,False,False,1.0
CLOUD-000232,AST-00362,GCP,Identity,False,Unrotated Access Keys,True,True,Medium,3,False,True,3.6
CLOUD-000233,AST-00363,Azure,Identity,False,None,True,True,Low,2,False,False,0.5
CLOUD-000234,AST-00364,Azure,Container,False,None,False,True,High,3,False,True,4.5
CLOUD-000235,AST-00366,AWS,Database,True,Cross-Account Access,True,True,Low,4,False,True,6.2
CLOUD-000236,AST-00368,Azure,ML,False,None,True,True,Medium,2,False,False,1.1
CLOUD-000237,AST-00369,Azure,Analytics,True,No Versioning on Bucket,True,False,High,8,False,True,9.5
CLOUD-000238,AST-00372,Azure,Database,False,Public S3 Bucket,False,False,High,3,False,True,7.1
CLOUD-000239,AST-00373,GCP,Compute,True,None,True,True,Low,3,False,False,3.9
CLOUD-000240,AST-00374,Azure,Compute,False,Exposed API Key,True,True,Medium,0,False,True,2.7
CLOUD-000241,AST-00375,Azure,Database,False,None,True,True,Low,1,False,False,0.2
CLOUD-000242,AST-00376,AWS,Container,False,None,True,True,Low,3,False,False,0.3
CLOUD-000243,AST-00379,Azure,ML,False,Missing WAF,True,True,Low,3,False,True,2.3
CLOUD-000244,AST-00380,Azure,Networking,False,None,True,False,Low,3,False,True,1.7
CLOUD-000245,AST-00381,Azure,Networking,True,None,True,True,Low,2,False,False,3.1
CLOUD-000246,AST-00382,Azure,Compute,False,None,True,True,Medium,2,False,False,1.5
CLOUD-000247,AST-00385,GCP,Storage,False,None,True,True,High,0,False,False,1.7
CLOUD-000248,AST-00388,AWS,Analytics,False,None,False,False,Low,2,False,True,2.9
CLOUD-000249,AST-00389,AWS,Compute,False,None,False,True,Medium,1,False,True,2.5
CLOUD-000250,AST-00390,GCP,Compute,False,Public RDS Instance,True,True,High,0,False,True,4.4
CLOUD-000251,AST-00391,Azure,Database,False,None,True,False,Medium,3,False,True,2.9
CLOUD-000252,AST-00392,Azure,Container,False,None,True,True,High,0,False,False,2.1
CLOUD-000253,AST-00393,AWS,Storage,False,Missing WAF,True,True,Medium,2,False,True,3.0
CLOUD-000254,AST-00397,GCP,Container,False,Open Security Group,False,True,Low,2,False,True,3.9
CLOUD-000255,AST-00398,GCP,Serverless,False,Logging Disabled,True,True,High,0,False,True,3.8
CLOUD-000256,AST-00399,Azure,DevOps,False,None,False,True,Low,1,False,True,1.6
CLOUD-000257,AST-00400,Azure,DevOps,False,None,True,True,High,3,False,False,2.5
CLOUD-000258,AST-00404,GCP,Storage,False,Open Security Group,True,True,Low,3,False,True,2.6
CLOUD-000259,AST-00407,GCP,Serverless,False,None,True,True,Medium,1,False,False,0.9
CLOUD-000260,AST-00410,GCP,Compute,False,None,True,True,Medium,2,False,False,1.7
CLOUD-000261,AST-00411,GCP,Networking,False,Unrotated Access Keys,False,True,High,2,False,True,6.0
CLOUD-000262,AST-00412,AWS,Networking,False,None,True,True,High,0,False,False,1.8
CLOUD-000263,AST-00413,GCP,ML,False,Public S3 Bucket,True,True,High,1,False,True,3.8
CLOUD-000264,AST-00414,GCP,Networking,False,None,False,True,Low,2,False,True,1.7
CLOUD-000265,AST-00415,AWS,ML,False,None,True,True,Low,2,False,False,0.4
CLOUD-000266,AST-00416,AWS,Storage,False,None,True,True,Low,2,False,False,0.6
CLOUD-000267,AST-00417,Azure,Serverless,False,None,True,True,High,1,False,False,2.1
CLOUD-000268,AST-00418,GCP,ML,False,None,False,True,Low,2,False,True,1.4
CLOUD-000269,AST-00419,GCP,Serverless,True,None,True,False,Low,9,False,True,5.4
CLOUD-000270,AST-00420,AWS,Networking,False,None,True,True,High,0,False,False,2.1
CLOUD-000271,AST-00422,GCP,Analytics,True,Logging Disabled,True,True,Medium,5,False,True,7.5
CLOUD-000272,AST-00423,AWS,Serverless,False,Logging Disabled,True,True,Low,1,False,True,1.8
CLOUD-000273,AST-00424,GCP,Compute,False,Overly Permissive IAM Policy,False,False,Medium,0,False,True,5.6
CLOUD-000274,AST-00425,GCP,Storage,False,None,True,True,Low,0,False,False,0.2
CLOUD-000275,AST-00426,Azure,DevOps,False,None,True,False,Medium,1,False,True,2.4
CLOUD-000276,AST-00427,AWS,Analytics,False,None,True,True,High,1,False,False,2.1
CLOUD-000277,AST-00429,GCP,Analytics,False,Unrotated Access Keys,True,True,High,1,False,True,3.7
CLOUD-000278,AST-00433,GCP,Compute,False,None,True,True,High,2,True,False,3.7
CLOUD-000279,AST-00434,GCP,Identity,False,None,False,False,Low,0,False,True,2.4
CLOUD-000280,AST-00435,AWS,Container,False,None,True,True,Low,0,False,False,0.1
CLOUD-000281,AST-00436,GCP,Compute,False,None,True,True,Medium,3,False,False,1.3
CLOUD-000282,AST-00440,GCP,Identity,False,Public RDS Instance,True,False,Low,1,False,True,3.2
CLOUD-000283,AST-00441,AWS,DevOps,False,None,True,True,High,2,False,False,2.8
CLOUD-000284,AST-00442,AWS,DevOps,False,None,True,True,Low,1,False,False,0.4
CLOUD-000285,AST-00443,Azure,Identity,False,No MFA on Root Account,True,True,Medium,0,False,True,3.5
CLOUD-000286,AST-00444,GCP,Database,False,None,True,True,Low,0,False,False,0.3
CLOUD-000287,AST-00445,Azure,Container,False,None,True,True,Medium,3,False,False,1.3
CLOUD-000288,AST-00447,GCP,ML,False,None,False,False,Low,2,True,True,4.7
CLOUD-000289,AST-00449,GCP,Networking,False,None,True,True,Low,0,False,False,0.4
CLOUD-000290,AST-00450,GCP,Container,False,None,True,True,Low,3,False,False,0.9
CLOUD-000291,AST-00451,Azure,Storage,False,Unencrypted Volume,True,True,Medium,2,False,True,3.8
CLOUD-000292,AST-00456,Azure,Serverless,False,None,True,True,High,2,False,False,2.7
CLOUD-000293,AST-00457,Azure,ML,False,None,True,True,High,2,True,False,3.9
CLOUD-000294,AST-00460,GCP,Storage,False,Public S3 Bucket,True,False,High,0,True,True,6.4
CLOUD-000295,AST-00462,GCP,Database,True,None,True,True,High,6,False,False,5.8
CLOUD-000296,AST-00463,Azure,Analytics,False,No Versioning on Bucket,True,False,Low,1,True,True,4.8
CLOUD-000297,AST-00464,AWS,Compute,False,None,False,False,Medium,1,False,True,3.5
CLOUD-000298,AST-00466,Azure,Compute,False,None,True,True,High,0,False,False,1.5
CLOUD-000299,AST-00467,GCP,Identity,False,Exposed API Key,False,True,Low,0,False,True,3.1
CLOUD-000300,AST-00468,Azure,DevOps,False,Cross-Account Access,False,True,Medium,3,False,True,5.3
CLOUD-000301,AST-00469,GCP,DevOps,False,Public RDS Instance,False,True,High,1,True,True,7.5
CLOUD-000302,AST-00470,Azure,Compute,False,None,True,True,High,1,False,False,2.4
CLOUD-000303,AST-00475,AWS,Storage,False,No MFA on Root Account,False,True,High,3,False,True,6.0
CLOUD-000304,AST-00476,AWS,Identity,False,None,False,True,Low,1,False,True,1.5
CLOUD-000305,AST-00477,Azure,Database,False,None,False,True,High,3,True,True,6.0
CLOUD-000306,AST-00478,Azure,DevOps,True,None,True,True,Medium,6,False,False,5.2
CLOUD-000307,AST-00479,AWS,Serverless,False,None,True,True,High,3,False,False,2.7
CLOUD-000308,AST-00480,AWS,DevOps,False,None,True,True,Medium,3,False,False,1.8
CLOUD-000309,AST-00483,Azure,Compute,False,Exposed API Key,True,False,High,3,True,True,7.5
CLOUD-000310,AST-00484,GCP,Identity,False,Missing WAF,True,True,Medium,1,False,True,3.2
CLOUD-000311,AST-00485,GCP,Analytics,False,None,True,True,Low,2,False,False,0
CLOUD-000312,AST-00488,Azure,Database,False,None,True,True,High,0,False,False,2.5
CLOUD-000313,AST-00489,GCP,Compute,False,None,True,True,Low,3,True,False,1.8
CLOUD-000314,AST-00490,AWS,Analytics,False,Public S3 Bucket,False,True,Medium,1,False,True,4.5
CLOUD-000315,AST-00492,GCP,Database,False,None,True,True,Low,0,False,False,0.2
CLOUD-000316,AST-00493,Azure,Compute,False,Open Security Group,False,False,Medium,3,False,True,6.4
CLOUD-000317,AST-00496,GCP,Database,False,None,True,True,Low,2,False,False,0.3
CLOUD-000318,AST-00497,Azure,Compute,False,None,True,True,Low,2,False,False,0.5
CLOUD-000319,AST-00499,Azure,Serverless,False,Unrotated Access Keys,True,False,High,0,False,True,4.9
CLOUD-000320,AST-00502,GCP,ML,True,None,True,True,Medium,9,False,False,6.3
CLOUD-000321,AST-00506,Azure,Container,True,None,True,True,Low,8,False,False,4.6
CLOUD-000322,AST-00508,Azure,ML,False,None,True,True,High,0,False,False,2.3
CLOUD-000323,AST-00512,Azure,DevOps,False,Default VPC,True,True,Low,0,False,True,1.6
CLOUD-000324,AST-00513,AWS,Compute,False,None,True,True,Medium,3,False,False,1.4
CLOUD-000325,AST-00514,Azure,Networking,False,Overly Permissive IAM Policy,True,True,Low,3,False,True,2.7
CLOUD-000326,AST-00515,Azure,Database,False,None,True,True,Low,0,False,False,0
CLOUD-000327,AST-00517,GCP,Database,False,None,True,False,Low,3,False,True,1.2
CLOUD-000328,AST-00518,Azure,Identity,False,None,True,True,Low,2,False,False,0.3
CLOUD-000329,AST-00521,GCP,Database,False,None,True,True,Medium,0,False,False,1.5
CLOUD-000330,AST-00522,AWS,Compute,False,None,True,True,Low,3,False,False,0.5
CLOUD-000331,AST-00524,Azure,Identity,False,None,True,True,Low,2,False,False,0
CLOUD-000332,AST-00525,GCP,Analytics,False,None,False,True,Low,1,False,True,1.3
CLOUD-000333,AST-00526,Azure,Networking,True,None,True,True,Low,7,False,False,4.5
CLOUD-000334,AST-00530,AWS,Analytics,False,None,True,True,Low,1,True,False,1.6
CLOUD-000335,AST-00531,Azure,Analytics,False,None,True,False,High,2,False,True,3.0
CLOUD-000336,AST-00532,GCP,Identity,False,None,True,True,Low,1,False,False,0
CLOUD-000337,AST-00534,Azure,Identity,False,None,True,True,Medium,2,True,False,2.9
CLOUD-000338,AST-00535,Azure,Compute,False,Public RDS Instance,True,True,Medium,3,False,True,4.1
CLOUD-000339,AST-00537,GCP,ML,False,None,False,False,Low,1,False,True,2.6
CLOUD-000340,AST-00538,Azure,DevOps,False,None,True,True,Low,2,False,False,0.1
CLOUD-000341,AST-00539,Azure,Analytics,False,None,True,True,Medium,0,False,False,1.2
CLOUD-000342,AST-00540,GCP,Storage,False,Unencrypted Volume,False,True,High,0,False,True,5.2
CLOUD-000343,AST-00542,Azure,Database,False,Unencrypted Volume,False,True,High,3,False,True,5.6
CLOUD-000344,AST-00544,AWS,Serverless,False,None,True,False,High,2,False,True,3.5
CLOUD-000345,AST-00545,GCP,Storage,False,None,False,True,Medium,2,False,True,2.5
CLOUD-000346,AST-00546,GCP,DevOps,False,None,False,True,High,3,False,True,4.3
CLOUD-000347,AST-00548,GCP,Networking,True,None,True,True,Low,1,False,False,3.0
CLOUD-000348,AST-00550,Azure,Analytics,False,None,True,True,Low,2,False,False,0.2
CLOUD-000349,AST-00553,AWS,Compute,False,Missing WAF,False,True,Low,0,False,True,3.6
CLOUD-000350,AST-00554,AWS,Networking,False,None,True,True,Low,3,False,False,1.0
CLOUD-000351,AST-00556,Azure,Networking,True,None,True,True,Low,1,False,False,2.8
CLOUD-000352,AST-00557,GCP,Database,True,None,True,True,Medium,9,False,False,5.4
CLOUD-000353,AST-00558,GCP,Serverless,True,None,True,False,High,7,False,True,7.2
CLOUD-000354,AST-00559,AWS,Storage,False,None,True,True,Medium,2,True,False,2.7
CLOUD-000355,AST-00560,GCP,Serverless,False,None,True,True,Low,2,False,False,0.0
CLOUD-000356,AST-00562,Azure,Database,True,None,True,False,Low,0,False,True,3.8
CLOUD-000357,AST-00563,GCP,Database,False,Cross-Account Access,True,True,Low,2,False,True,2.8
CLOUD-000358,AST-00565,GCP,DevOps,False,Open Security Group,True,True,Medium,2,False,True,3.1
CLOUD-000359,AST-00567,GCP,Identity,False,None,False,True,Low,1,False,True,2.1
CLOUD-000360,AST-00568,GCP,DevOps,False,Default VPC,True,True,Low,3,False,True,2.5
CLOUD-000361,AST-00570,AWS,Storage,False,Open Security Group,True,True,Medium,0,False,True,3.1
CLOUD-000362,AST-00574,AWS,Networking,False,None,True,True,Medium,0,False,False,0.7
CLOUD-000363,AST-00575,GCP,Networking,True,Public S3 Bucket,True,True,High,4,False,True,8.1
CLOUD-000364,AST-00576,Azure,Database,True,None,True,True,Low,9,False,False,5.0
CLOUD-000365,AST-00577,AWS,Storage,False,Open Security Group,True,True,Low,2,False,True,2.8
CLOUD-000366,AST-00580,GCP,ML,True,None,True,True,Medium,8,False,False,5.1
CLOUD-000367,AST-00582,Azure,Database,True,No Versioning on Bucket,True,True,High,1,False,True,7.1
CLOUD-000368,AST-00583,AWS,DevOps,False,None,True,False,High,1,False,True,3.4
CLOUD-000369,AST-00584,AWS,ML,False,None,True,True,High,3,False,False,2.2
CLOUD-000370,AST-00585,AWS,ML,False,None,False,True,Medium,0,False,True,2.3
CLOUD-000371,AST-00586,AWS,Database,False,None,True,False,High,3,False,True,3.2
CLOUD-000372,AST-00587,GCP,ML,False,Logging Disabled,False,True,High,3,True,True,7.8
CLOUD-000373,AST-00588,Azure,Analytics,True,None,True,True,Low,8,False,False,4.6
CLOUD-000374,AST-00589,Azure,Networking,False,None,True,True,Low,3,False,False,0.7
CLOUD-000375,AST-00590,AWS,Storage,True,None,True,True,High,9,False,False,6.4
CLOUD-000376,AST-00591,Azure,Container,False,No MFA on Root Account,True,False,High,2,False,True,5.7
CLOUD-000377,AST-00592,GCP,DevOps,True,None,True,True,Low,8,False,False,5.1
CLOUD-000378,AST-00593,GCP,Networking,False,Exposed API Key,True,True,Medium,0,False,True,2.7
CLOUD-000379,AST-00594,GCP,Identity,False,None,True,True,High,3,False,False,2.9
CLOUD-000380,AST-00595,AWS,Networking,False,None,True,True,Medium,1,False,False,1.2
CLOUD-000381,AST-00596,GCP,DevOps,False,None,True,False,High,2,False,True,3.1
CLOUD-000382,AST-00597,Azure,DevOps,False,None,True,False,High,2,False,True,2.9
CLOUD-000383,AST-00598,GCP,DevOps,False,None,True,True,Medium,0,True,False,2.4
CLOUD-000384,AST-00599,Azure,Identity,False,None,True,True,High,1,False,False,2.2
CLOUD-000385,AST-00600,Azure,Container,True,Logging Disabled,True,False,Medium,0,False,True,6.5
CLOUD-000386,AST-00602,Azure,Identity,False,None,True,False,Low,2,False,True,1.1
CLOUD-000387,AST-00603,AWS,Networking,False,No Versioning on Bucket,True,True,High,1,False,True,3.8
CLOUD-000388,AST-00604,GCP,Identity,False,None,True,True,Medium,3,False,False,1.9
CLOUD-000389,AST-00605,AWS,ML,False,None,True,True,High,1,False,False,2.2
CLOUD-000390,AST-00606,Azure,ML,False,Overly Permissive IAM Policy,True,False,Medium,1,False,True,3.8
CLOUD-000391,AST-00608,Azure,Compute,False,None,True,True,High,3,False,False,2.5
CLOUD-000392,AST-00609,Azure,Compute,False,No Network ACL,False,True,Low,0,True,True,5.4
CLOUD-000393,AST-00612,GCP,Storage,True,None,True,True,Medium,4,False,False,5.0
CLOUD-000394,AST-00617,Azure,Networking,False,None,True,False,High,2,False,True,3.9
CLOUD-000395,AST-00619,AWS,DevOps,False,None,True,True,High,3,True,False,3.7
CLOUD-000396,AST-00620,GCP,DevOps,True,None,False,True,Medium,8,False,True,7.5
CLOUD-000397,AST-00622,GCP,Networking,False,None,True,True,Low,2,False,False,0.4
CLOUD-000398,AST-00624,AWS,Serverless,False,None,True,True,Medium,3,False,False,1.6
CLOUD-000399,AST-00626,AWS,Database,False,None,True,True,High,1,True,False,3.8
CLOUD-000400,AST-00627,Azure,Database,False,None,True,True,Medium,2,False,False,1.6
CLOUD-000401,AST-00628,AWS,Database,False,No MFA on Root Account,True,True,Low,3,False,True,3.0
CLOUD-000402,AST-00630,AWS,Identity,False,Unencrypted Volume,True,True,Low,1,False,True,2.4
CLOUD-000403,AST-00633,AWS,DevOps,False,None,True,False,Medium,3,False,True,2.4
CLOUD-000404,AST-00635,AWS,Container,False,None,False,True,Medium,0,False,True,2.1
CLOUD-000405,AST-00639,AWS,Analytics,False,None,True,False,Low,0,False,True,1.0
CLOUD-000406,AST-00640,GCP,ML,False,Unrotated Access Keys,False,True,Low,0,False,True,3.0
CLOUD-000407,AST-00641,Azure,Identity,False,No Versioning on Bucket,True,True,Medium,2,False,True,3.7
CLOUD-000408,AST-00642,AWS,Container,False,None,True,True,Medium,1,False,False,0.9
CLOUD-000409,AST-00643,Azure,DevOps,False,Exposed API Key,True,True,Low,0,False,True,2.0
CLOUD-000410,AST-00645,Azure,Identity,False,None,True,True,High,2,False,False,2.4
CLOUD-000411,AST-00646,AWS,DevOps,False,None,True,True,High,3,False,False,2.8
CLOUD-000412,AST-00647,AWS,Compute,False,None,True,True,Low,1,False,False,0
CLOUD-000413,AST-00648,AWS,Identity,True,No Versioning on Bucket,False,False,Medium,8,False,True,10
CLOUD-000414,AST-00649,GCP,Analytics,True,None,True,False,Low,1,False,True,3.8
CLOUD-000415,AST-00650,Azure,Database,True,None,True,True,Low,0,False,False,2.7
CLOUD-000416,AST-00651,Azure,DevOps,False,None,True,True,Medium,0,False,False,1.2
CLOUD-000417,AST-00654,Azure,DevOps,True,None,True,True,High,1,False,False,5.4
CLOUD-000418,AST-00655,GCP,Serverless,False,None,True,False,High,1,False,True,2.8
CLOUD-000419,AST-00657,AWS,ML,False,None,True,False,Low,1,False,True,1.5
CLOUD-000420,AST-00658,AWS,Database,False,Public S3 Bucket,False,True,Low,2,True,True,4.9
CLOUD-000421,AST-00659,AWS,Identity,True,Open Security Group,True,False,Low,3,False,True,6.3
CLOUD-000422,AST-00660,GCP,ML,False,Overly Permissive IAM Policy,True,True,High,3,False,True,4.1
CLOUD-000423,AST-00661,GCP,ML,True,None,True,True,High,1,False,False,5.3
CLOUD-000424,AST-00664,AWS,Serverless,False,None,True,True,High,0,False,False,1.6
CLOUD-000425,AST-00665,AWS,Compute,False,None,False,True,High,1,False,True,3.3
CLOUD-000426,AST-00667,Azure,Networking,True,No MFA on Root Account,True,False,Medium,7,False,True,8.3
CLOUD-000427,AST-00668,Azure,Networking,False,None,True,True,Medium,2,True,False,3.2
CLOUD-000428,AST-00669,AWS,Identity,True,None,True,True,High,8,True,False,7.6
CLOUD-000429,AST-00671,AWS,Networking,False,None,True,True,Low,1,False,False,0.4
CLOUD-000430,AST-00677,AWS,Networking,False,None,True,True,Medium,2,False,False,1.5
CLOUD-000431,AST-00678,GCP,Compute,False,None,False,True,High,1,False,True,3.8
CLOUD-000432,AST-00679,AWS,ML,False,Public RDS Instance,True,True,Low,2,False,True,2.3
CLOUD-000433,AST-00681,Azure,Serverless,False,Public RDS Instance,True,True,High,3,False,True,4.8
CLOUD-000434,AST-00685,AWS,Networking,False,Public S3 Bucket,True,True,High,0,False,True,3.9
CLOUD-000435,AST-00686,Azure,Identity,False,None,False,True,Low,0,False,True,1.3
CLOUD-000436,AST-00687,GCP,Analytics,True,No Network ACL,True,False,Low,10,False,True,8.2
CLOUD-000437,AST-00688,Azure,DevOps,False,None,True,True,Low,3,True,False,2.4
CLOUD-000438,AST-00689,AWS,DevOps,False,Overly Permissive IAM Policy,True,True,High,3,False,True,4.7
CLOUD-000439,AST-00690,AWS,Identity,False,None,True,True,Medium,1,False,False,1.2
CLOUD-000440,AST-00691,Azure,DevOps,False,None,True,True,Low,3,False,False,0.3
CLOUD-000441,AST-00693,Azure,DevOps,False,Cross-Account Access,False,True,High,0,False,True,5.2
CLOUD-000442,AST-00694,GCP,ML,False,None,True,True,Low,1,False,False,0
CLOUD-000443,AST-00695,AWS,Storage,True,None,False,True,High,7,False,True,8.0
CLOUD-000444,AST-00696,GCP,Serverless,True,None,True,True,Medium,7,False,False,5.3
CLOUD-000445,AST-00698,Azure,DevOps,False,None,True,True,High,1,False,False,2.0
CLOUD-000446,AST-00700,AWS,Compute,False,None,True,True,Low,3,False,False,0.9
CLOUD-000447,AST-00704,Azure,Container,False,None,True,False,High,1,False,True,3.4
CLOUD-000448,AST-00705,Azure,Storage,False,None,True,True,Medium,1,False,False,1.3
CLOUD-000449,AST-00708,Azure,Container,False,None,True,True,High,1,False,False,2.4
CLOUD-000450,AST-00709,GCP,Storage,True,Cross-Account Access,True,True,Medium,4,False,True,6.6
CLOUD-000451,AST-00710,AWS,Networking,False,None,True,True,Low,2,False,False,0.3
CLOUD-000452,AST-00714,AWS,Container,False,None,True,True,High,0,False,False,1.5
CLOUD-000453,AST-00715,Azure,Analytics,False,None,True,False,High,0,False,True,2.6
CLOUD-000454,AST-00717,Azure,ML,False,Public S3 Bucket,True,False,Low,3,True,True,4.9
CLOUD-000455,AST-00718,AWS,Identity,False,None,True,True,Medium,1,False,False,1.0
CLOUD-000456,AST-00721,GCP,Serverless,False,None,True,True,Medium,2,False,False,1.2
CLOUD-000457,AST-00722,GCP,Networking,False,None,True,False,Medium,1,False,True,2.2
CLOUD-000458,AST-00723,AWS,Analytics,False,None,True,True,High,3,False,False,2.6
CLOUD-000459,AST-00724,GCP,DevOps,True,None,True,False,Low,8,True,True,6.6
CLOUD-000460,AST-00725,Azure,DevOps,True,None,True,True,Medium,9,False,False,6.2
CLOUD-000461,AST-00726,GCP,Analytics,True,None,True,True,Low,8,True,False,5.9
CLOUD-000462,AST-00727,GCP,Networking,False,None,True,True,High,2,True,False,3.6
CLOUD-000463,AST-00729,AWS,Identity,False,None,True,True,Low,0,False,False,0.2
CLOUD-000464,AST-00730,GCP,Networking,False,No MFA on Root Account,True,True,Medium,2,False,True,3.1
CLOUD-000465,AST-00731,AWS,DevOps,False,None,True,True,Low,0,False,False,0
CLOUD-000466,AST-00732,Azure,DevOps,False,None,True,False,Medium,3,False,True,2.5
CLOUD-000467,AST-00734,Azure,Container,True,None,True,True,Low,8,False,False,4.3
CLOUD-000468,AST-00737,AWS,Database,False,None,True,True,Low,3,False,False,0.4
CLOUD-000469,AST-00738,Azure,Container,False,None,True,True,High,0,False,False,1.7
CLOUD-000470,AST-00739,AWS,DevOps,False,None,True,True,Medium,1,False,False,1.6
CLOUD-000471,AST-00741,GCP,Database,False,None,True,True,Medium,3,False,False,1.4
CLOUD-000472,AST-00742,GCP,DevOps,False,None,True,True,Medium,1,False,False,1.5
CLOUD-000473,AST-00743,AWS,Networking,True,None,True,True,High,9,False,False,6.9
CLOUD-000474,AST-00745,AWS,ML,False,None,True,False,Low,1,True,True,3.2
CLOUD-000475,AST-00747,Azure,Database,False,Public RDS Instance,True,False,Low,0,False,True,3.2
CLOUD-000476,AST-00748,AWS,Serverless,False,Unrotated Access Keys,True,True,High,0,False,True,3.7
CLOUD-000477,AST-00749,GCP,ML,False,None,False,False,High,3,True,True,6.5
CLOUD-000478,AST-00750,AWS,Storage,False,None,False,True,Low,3,False,True,2.6
CLOUD-000479,AST-00751,AWS,Database,False,None,True,True,Medium,0,False,False,1.1
CLOUD-000480,AST-00752,AWS,ML,False,None,True,False,Low,2,True,True,2.5
CLOUD-000481,AST-00754,AWS,Compute,False,Unencrypted Volume,True,False,Low,0,True,True,4.6
CLOUD-000482,AST-00756,Azure,Compute,False,None,True,True,Medium,0,False,False,1.2
CLOUD-000483,AST-00759,AWS,Compute,False,None,True,True,Medium,1,False,False,1.2
CLOUD-000484,AST-00760,AWS,Compute,False,None,True,True,Low,1,False,False,0.3
CLOUD-000485,AST-00761,Azure,ML,False,Default VPC,True,True,Low,1,False,True,1.8
CLOUD-000486,AST-00763,Azure,Analytics,False,None,True,True,Low,1,False,False,0.2
CLOUD-000487,AST-00764,AWS,Storage,False,No Versioning on Bucket,True,True,High,0,False,True,3.5
CLOUD-000488,AST-00766,AWS,Analytics,False,None,True,True,High,3,False,False,2.3
CLOUD-000489,AST-00768,GCP,Analytics,False,None,True,False,High,3,False,True,3.6
CLOUD-000490,AST-00771,GCP,Analytics,False,Logging Disabled,True,True,High,1,True,True,5.9
CLOUD-000491,AST-00773,AWS,Identity,False,None,True,False,Medium,2,False,True,2.4
CLOUD-000492,AST-00774,Azure,Storage,True,None,False,True,High,10,False,True,8.2
CLOUD-000493,AST-00775,AWS,DevOps,False,None,False,True,High,0,True,True,4.6
CLOUD-000494,AST-00777,AWS,Identity,False,Overly Permissive IAM Policy,True,True,Low,0,False,True,1.5
CLOUD-000495,AST-00778,Azure,Database,True,No Versioning on Bucket,True,False,Medium,3,False,True,7.9
CLOUD-000496,AST-00779,AWS,Compute,True,None,True,True,High,1,False,False,4.7
CLOUD-000497,AST-00782,GCP,Networking,False,No Versioning on Bucket,True,True,Low,0,False,True,2.4
CLOUD-000498,AST-00783,AWS,Serverless,False,None,True,False,Medium,3,False,True,3.0
CLOUD-000499,AST-00784,Azure,Container,False,None,False,True,Low,3,False,True,1.8
CLOUD-000500,AST-00786,Azure,Database,False,None,True,False,Medium,0,False,True,2.5
CLOUD-000501,AST-00787,AWS,Container,False,None,True,False,Low,3,False,True,2.0
CLOUD-000502,AST-00788,AWS,Compute,True,None,True,True,High,4,False,False,5.4
CLOUD-000503,AST-00789,AWS,Analytics,False,None,True,True,High,1,False,False,2.6
CLOUD-000504,AST-00792,AWS,Database,False,Open Security Group,True,False,High,2,False,True,5.3
CLOUD-000505,AST-00795,GCP,Compute,False,Overly Permissive IAM Policy,True,True,Low,0,False,True,2.0
CLOUD-000506,AST-00798,GCP,Storage,False,No Versioning on Bucket,True,True,High,2,False,True,4.3
CLOUD-000507,AST-00799,GCP,Compute,True,Cross-Account Access,True,True,Medium,8,False,True,7.1
CLOUD-000508,AST-00800,GCP,Identity,False,None,True,True,High,2,False,False,2.9
CLOUD-000509,AST-00801,Azure,Database,False,None,True,True,Low,0,False,False,0
CLOUD-000510,AST-00805,AWS,Database,False,None,True,True,Medium,2,False,False,1.3
CLOUD-000511,AST-00806,AWS,Database,False,None,True,False,Medium,0,False,True,1.8
CLOUD-000512,AST-00807,Azure,Storage,False,None,True,True,Medium,0,False,False,0.7
CLOUD-000513,AST-00808,AWS,Analytics,False,None,True,True,Low,0,False,False,0
CLOUD-000514,AST-00810,AWS,Container,False,Public RDS Instance,True,True,High,1,False,True,4.2
CLOUD-000515,AST-00811,AWS,Database,False,None,True,True,High,0,False,False,2.3
CLOUD-000516,AST-00812,Azure,Storage,False,None,True,True,Low,3,False,False,0.5
CLOUD-000517,AST-00815,AWS,Compute,False,None,True,True,High,0,False,False,1.8
CLOUD-000518,AST-00816,Azure,Identity,True,None,True,True,Low,8,True,False,6.1
CLOUD-000519,AST-00817,GCP,Serverless,False,None,False,False,Medium,0,False,True,3.2
CLOUD-000520,AST-00818,GCP,Database,False,Open Security Group,True,False,Low,1,False,True,3.5
CLOUD-000521,AST-00819,Azure,Identity,False,None,True,True,Medium,1,False,False,1.5
CLOUD-000522,AST-00820,Azure,Analytics,True,None,True,True,High,7,False,False,6.1
CLOUD-000523,AST-00821,AWS,Database,False,None,True,False,High,2,False,True,3.6
CLOUD-000524,AST-00826,GCP,Serverless,False,None,True,True,Low,0,True,False,1.3
CLOUD-000525,AST-00827,Azure,Analytics,False,None,True,False,High,1,False,True,3.2
CLOUD-000526,AST-00828,AWS,Serverless,True,Logging Disabled,True,True,Low,5,False,True,5.9
CLOUD-000527,AST-00830,Azure,Database,False,None,False,True,Low,3,False,True,1.6
CLOUD-000528,AST-00835,GCP,Compute,False,Cross-Account Access,True,True,High,2,True,True,5.4
CLOUD-000529,AST-00836,AWS,Compute,False,None,True,True,Medium,0,False,False,1.4
CLOUD-000530,AST-00837,AWS,Analytics,False,None,False,True,High,2,False,True,4.3
CLOUD-000531,AST-00838,AWS,Storage,False,None,True,True,Medium,2,False,False,1.0
CLOUD-000532,AST-00839,AWS,Networking,False,None,True,True,Medium,2,False,False,1.1
CLOUD-000533,AST-00840,Azure,DevOps,False,None,True,True,Medium,1,False,False,0.8
CLOUD-000534,AST-00843,Azure,ML,False,None,True,False,High,2,True,True,4.9
CLOUD-000535,AST-00844,GCP,Identity,False,None,True,True,Low,3,False,False,0.7
CLOUD-000536,AST-00845,GCP,Compute,True,None,True,True,Low,10,False,False,5.1
CLOUD-000537,AST-00846,GCP,Analytics,False,None,True,False,Medium,0,False,True,2.3
CLOUD-000538,AST-00847,AWS,Compute,False,None,False,True,Low,1,False,True,2.0
CLOUD-000539,AST-00848,GCP,Storage,True,None,True,True,Medium,9,False,False,5.6
CLOUD-000540,AST-00849,GCP,Storage,False,None,False,False,Low,1,False,True,2.8
CLOUD-000541,AST-00852,GCP,Analytics,False,None,True,True,Low,2,False,False,0.2
CLOUD-000542,AST-00853,GCP,Identity,False,Logging Disabled,True,True,Low,2,False,True,2.5
CLOUD-000543,AST-00854,GCP,Serverless,False,None,True,True,Medium,1,False,False,1.6
CLOUD-000544,AST-00855,Azure,Compute,False,None,True,True,High,0,False,False,1.7
CLOUD-000545,AST-00857,AWS,Storage,False,None,True,True,Medium,0,False,False,0.8
CLOUD-000546,AST-00860,AWS,Database,False,None,True,False,Low,0,False,True,0.9
CLOUD-000547,AST-00861,AWS,ML,False,None,True,True,Medium,3,False,False,1.3
CLOUD-000548,AST-00863,GCP,DevOps,False,No Network ACL,True,True,High,3,False,True,4.6
CLOUD-000549,AST-00864,GCP,Identity,False,Public RDS Instance,True,True,Low,1,False,True,2.4
CLOUD-000550,AST-00866,Azure,Analytics,False,Unrotated Access Keys,True,True,High,1,False,True,4.1
CLOUD-000551,AST-00867,Azure,Identity,True,None,True,False,Medium,1,False,True,5.0
CLOUD-000552,AST-00869,AWS,Identity,False,Logging Disabled,True,False,Low,2,False,True,3.4
CLOUD-000553,AST-00870,GCP,Identity,False,None,True,True,Low,1,False,False,0.3
CLOUD-000554,AST-00871,GCP,Identity,False,None,True,False,Medium,1,False,True,2.0
CLOUD-000555,AST-00872,AWS,Container,False,None,True,True,Medium,2,False,False,1.9
CLOUD-000556,AST-00875,Azure,Container,False,None,True,True,High,2,False,False,2.4
CLOUD-000557,AST-00876,GCP,Networking,False,None,True,True,Medium,0,False,False,0.7
CLOUD-000558,AST-00879,Azure,ML,False,Unencrypted Volume,True,False,High,2,False,True,5.5
CLOUD-000559,AST-00880,GCP,Analytics,False,None,True,False,Low,1,False,True,1.4
CLOUD-000560,AST-00881,AWS,Analytics,True,None,False,True,Medium,4,False,True,6.1
CLOUD-000561,AST-00882,GCP,Analytics,False,Unencrypted Volume,True,True,Medium,1,False,True,3.7
CLOUD-000562,AST-00883,GCP,Database,False,None,True,False,Medium,1,False,True,2.4
CLOUD-000563,AST-00884,Azure,Container,True,None,True,True,Low,5,False,False,3.7
CLOUD-000564,AST-00885,AWS,Networking,False,None,True,True,Medium,1,False,False,1.2
CLOUD-000565,AST-00886,GCP,ML,False,None,True,True,High,0,False,False,1.6
CLOUD-000566,AST-00887,GCP,DevOps,False,None,True,True,High,1,False,False,2.3
CLOUD-000567,AST-00888,Azure,Networking,True,None,True,True,Medium,4,False,False,5.1
CLOUD-000568,AST-00889,Azure,Database,False,None,True,True,High,0,False,False,2.1
CLOUD-000569,AST-00890,AWS,Identity,False,None,False,True,High,2,False,True,4.2
CLOUD-000570,AST-00891,GCP,Identity,False,Unrotated Access Keys,True,False,High,0,False,True,4.5
CLOUD-000571,AST-00892,Azure,Database,False,None,True,True,High,1,False,False,2.2
CLOUD-000572,AST-00895,GCP,Container,False,None,False,True,Low,3,False,True,2.3
CLOUD-000573,AST-00896,Azure,Database,True,None,False,True,Medium,0,False,True,5.1
CLOUD-000574,AST-00897,AWS,Networking,False,None,True,True,High,1,False,False,1.8
CLOUD-000575,AST-00899,GCP,Identity,False,Logging Disabled,True,True,Medium,2,False,True,3.2
CLOUD-000576,AST-00903,GCP,Identity,False,None,True,True,Low,2,False,False,0.1
CLOUD-000577,AST-00905,Azure,Container,False,None,True,False,High,0,False,True,2.9
CLOUD-000578,AST-00906,GCP,Identity,False,None,True,False,High,1,False,True,3.0
CLOUD-000579,AST-00909,GCP,Networking,False,None,True,True,Medium,1,False,False,1.2
CLOUD-000580,AST-00910,GCP,Storage,True,None,True,True,Low,9,False,False,4.6
CLOUD-000581,AST-00911,Azure,Container,False,None,True,True,High,2,True,False,3.7
CLOUD-000582,AST-00913,AWS,ML,False,Logging Disabled,True,True,High,3,True,True,5.7
CLOUD-000583,AST-00914,GCP,Database,False,None,False,True,Medium,0,False,True,2.0
CLOUD-000584,AST-00915,AWS,Serverless,False,None,True,True,High,3,False,False,2.7
CLOUD-000585,AST-00916,AWS,Database,False,None,True,True,High,3,False,False,2.8
CLOUD-000586,AST-00917,GCP,Storage,False,None,True,True,Low,1,False,False,0.6
CLOUD-000587,AST-00920,Azure,Networking,False,Overly Permissive IAM Policy,True,True,High,2,False,True,4.4
CLOUD-000588,AST-00921,GCP,ML,False,None,True,True,High,0,False,False,2.0
CLOUD-000589,AST-00922,AWS,Compute,True,None,True,False,Low,1,False,True,4.5
CLOUD-000590,AST-00923,GCP,Database,False,None,True,True,Medium,1,False,False,0.8
CLOUD-000591,AST-00924,AWS,DevOps,False,None,True,False,High,0,False,True,3.0
CLOUD-000592,AST-00925,GCP,Serverless,True,None,True,True,Low,9,False,False,5.1
CLOUD-000593,AST-00926,AWS,Compute,False,None,True,True,High,2,False,False,2.6
CLOUD-000594,AST-00927,AWS,Database,False,None,True,True,Low,3,False,False,0.6
CLOUD-000595,AST-00928,AWS,Identity,False,Overly Permissive IAM Policy,True,True,Low,0,False,True,1.7
CLOUD-000596,AST-00932,AWS,Serverless,False,None,True,True,Medium,3,False,False,1.8
CLOUD-000597,AST-00933,GCP,ML,False,None,True,True,High,3,False,False,3.0
CLOUD-000598,AST-00934,GCP,Analytics,False,None,False,True,High,2,False,True,4.1
CLOUD-000599,AST-00935,AWS,Database,False,None,True,True,Low,3,False,False,0.5
CLOUD-000600,AST-00937,GCP,Networking,False,None,True,False,Low,1,False,True,0.8
CLOUD-000601,AST-00938,Azure,Networking,False,None,True,False,Medium,2,False,True,2.2
CLOUD-000602,AST-00940,Azure,Networking,True,Unencrypted Volume,True,True,Low,8,False,True,6.2
CLOUD-000603,AST-00941,GCP,Identity,False,Cross-Account Access,True,True,Low,3,False,True,2.3
CLOUD-000604,AST-00945,Azure,DevOps,False,None,False,False,Low,0,False,True,2.9
CLOUD-000605,AST-00947,Azure,Networking,False,None,True,False,Low,3,False,True,1.4
CLOUD-000606,AST-00949,Azure,Networking,False,None,True,False,Low,2,False,True,1.7
CLOUD-000607,AST-00950,AWS,Container,True,Public S3 Bucket,True,False,Low,9,False,True,7.6
CLOUD-000608,AST-00952,GCP,Compute,False,None,True,True,Medium,3,False,False,2.0
CLOUD-000609,AST-00954,GCP,Identity,False,None,True,True,Low,2,False,False,0.4
CLOUD-000610,AST-00955,AWS,Container,False,Unrotated Access Keys,True,True,Medium,0,False,True,3.1
CLOUD-000611,AST-00959,GCP,Identity,False,None,True,True,High,2,False,False,2.1
CLOUD-000612,AST-00960,GCP,Networking,True,None,True,True,Medium,1,False,False,4.4
CLOUD-000613,AST-00961,Azure,DevOps,False,None,False,True,High,2,True,True,5.9
CLOUD-000614,AST-00962,GCP,Identity,False,None,True,True,Low,2,False,False,0.1
CLOUD-000615,AST-00964,GCP,ML,False,None,True,True,Low,0,False,False,0.4
CLOUD-000616,AST-00968,GCP,Analytics,False,None,True,True,Medium,3,False,False,1.9
CLOUD-000617,AST-00970,Azure,Database,False,No Versioning on Bucket,False,True,Medium,1,False,True,4.4
CLOUD-000618,AST-00974,AWS,Analytics,False,None,True,True,Low,1,False,False,0
CLOUD-000619,AST-00976,GCP,Serverless,False,None,True,False,Medium,0,False,True,1.5
CLOUD-000620,AST-00977,Azure,DevOps,False,Missing WAF,False,False,Medium,2,False,True,6.0
CLOUD-000621,AST-00979,AWS,ML,False,None,True,True,Low,3,False,False,0.7
CLOUD-000622,AST-00986,AWS,Compute,False,None,True,True,Medium,1,True,False,3.2
CLOUD-000623,AST-00987,AWS,Database,False,No Versioning on Bucket,True,True,Medium,0,True,True,4.0
CLOUD-000624,AST-00990,Azure,Storage,False,None,False,True,Medium,1,False,True,2.7
CLOUD-000625,AST-00991,AWS,Container,False,None,False,False,High,2,False,True,4.5
CLOUD-000626,AST-00992,AWS,Storage,True,None,True,True,Medium,3,False,False,4.1
CLOUD-000627,AST-00995,AWS,Compute,False,None,True,True,Low,3,False,False,0.3
CLOUD-000628,AST-00997,AWS,Identity,False,Unencrypted Volume,True,True,Medium,2,False,True,3.1
CLOUD-000629,AST-01000,AWS,Analytics,False,None,True,True,High,1,False,False,1.8
CLOUD-000630,AST-01002,Azure,Compute,True,None,False,False,Medium,10,False,True,8.1
CLOUD-000631,AST-01003,Azure,Container,False,None,False,False,Low,1,False,True,3.1
CLOUD-000632,AST-01004,Azure,ML,False,None,True,True,High,3,False,False,2.7
CLOUD-000633,AST-01007,GCP,Compute,False,None,True,True,Medium,0,False,False,1.4
CLOUD-000634,AST-01009,Azure,Identity,False,None,True,True,High,3,False,False,2.6
CLOUD-000635,AST-01010,GCP,ML,False,None,False,True,High,2,False,True,3.9
CLOUD-000636,AST-01011,GCP,Identity,False,None,True,True,Low,3,False,False,0.6
CLOUD-000637,AST-01013,AWS,Container,False,None,True,False,Low,0,False,True,1.4
CLOUD-000638,AST-01015,GCP,Compute,False,None,False,True,Low,0,False,True,1.7
CLOUD-000639,AST-01017,AWS,Serverless,False,No Network ACL,False,True,Low,3,True,True,5.4
CLOUD-000640,AST-01018,Azure,Networking,True,No MFA on Root Account,False,False,Medium,3,True,True,10
CLOUD-000641,AST-01019,Azure,Analytics,False,Unrotated Access Keys,True,True,Low,2,False,True,2.7
CLOUD-000642,AST-01022,Azure,Container,False,None,True,True,High,2,False,False,2.1
CLOUD-000643,AST-01023,GCP,DevOps,False,None,True,True,High,3,False,False,2.7
CLOUD-000644,AST-01025,AWS,Serverless,False,No MFA on Root Account,True,True,High,1,True,True,5.4
CLOUD-000645,AST-01026,Azure,Serverless,False,None,False,True,Low,0,False,True,1.6
CLOUD-000646,AST-01028,AWS,Database,False,None,True,True,Low,1,False,False,0.1
CLOUD-000647,AST-01029,GCP,Container,True,Public RDS Instance,True,True,Low,4,False,True,6.2
CLOUD-000648,AST-01030,AWS,Compute,False,Open Security Group,True,True,High,1,False,True,4.6
CLOUD-000649,AST-01033,Azure,Compute,False,None,True,True,Medium,1,False,False,1.3
CLOUD-000650,AST-01034,AWS,Networking,False,None,True,True,High,0,False,False,2.2
CLOUD-000651,AST-01040,GCP,Container,False,None,False,False,Low,1,False,True,2.3
CLOUD-000652,AST-01042,GCP,ML,False,Missing WAF,False,True,High,2,True,True,7.5
CLOUD-000653,AST-01044,GCP,Identity,False,Missing WAF,True,True,Medium,0,False,True,3.4
CLOUD-000654,AST-01046,GCP,Analytics,False,None,True,False,Low,1,False,True,1.6
CLOUD-000655,AST-01047,Azure,Compute,False,None,True,True,Medium,2,False,False,1.7
CLOUD-000656,AST-01048,AWS,Serverless,False,None,True,True,Low,0,False,False,0.2
CLOUD-000657,AST-01050,AWS,ML,False,None,True,True,High,3,False,False,2.6
CLOUD-000658,AST-01052,Azure,ML,False,Missing WAF,True,False,High,1,False,True,5.1
CLOUD-000659,AST-01053,GCP,Networking,False,None,True,True,Low,3,False,False,0.2
CLOUD-000660,AST-01054,Azure,DevOps,False,None,True,False,Medium,2,False,True,2.4
CLOUD-000661,AST-01055,Azure,Database,False,None,True,True,Medium,1,False,False,1.5
CLOUD-000662,AST-01057,GCP,ML,False,None,True,True,High,0,False,False,2.3
CLOUD-000663,AST-01058,GCP,Serverless,False,None,False,True,Low,1,False,True,2.0
CLOUD-000664,AST-01059,GCP,Compute,True,None,True,True,Low,10,False,False,4.6
CLOUD-000665,AST-01060,AWS,Database,False,None,True,False,Medium,2,False,True,2.0
CLOUD-000666,AST-01063,AWS,Identity,True,None,True,True,Low,1,False,False,3.5
CLOUD-000667,AST-01066,AWS,DevOps,False,None,True,False,Medium,0,False,True,1.8
CLOUD-000668,AST-01067,AWS,Networking,False,Public S3 Bucket,True,True,High,0,True,True,5.3
CLOUD-000669,AST-01072,GCP,Analytics,False,Default VPC,True,False,Low,0,False,True,2.7
CLOUD-000670,AST-01073,GCP,Serverless,False,None,True,False,High,2,True,True,4.8
CLOUD-000671,AST-01075,GCP,DevOps,False,None,True,True,High,2,False,False,2.5
CLOUD-000672,AST-01077,GCP,Analytics,False,None,True,True,Low,1,False,False,0.0
CLOUD-000673,AST-01078,GCP,DevOps,False,None,True,False,Medium,1,True,True,3.2
CLOUD-000674,AST-01079,GCP,Container,False,None,True,True,Low,2,False,False,0.7
CLOUD-000675,AST-01080,GCP,Serverless,False,None,True,True,Medium,0,False,False,1.1
CLOUD-000676,AST-01081,GCP,Compute,False,None,True,True,Low,3,False,False,0.3
CLOUD-000677,AST-01082,Azure,Storage,False,None,True,True,Low,3,False,False,0.7
CLOUD-000678,AST-01084,GCP,Identity,False,None,True,False,Medium,2,False,True,2.6
CLOUD-000679,AST-01085,GCP,Analytics,False,Unrotated Access Keys,True,True,Medium,3,False,True,3.3
CLOUD-000680,AST-01087,Azure,Storage,False,None,True,False,Medium,0,False,True,2.5
CLOUD-000681,AST-01089,Azure,DevOps,False,None,True,False,High,2,False,True,3.1
CLOUD-000682,AST-01090,Azure,Storage,False,None,True,True,Medium,3,False,False,2.0
CLOUD-000683,AST-01091,Azure,Networking,False,None,True,True,High,0,False,False,1.8
CLOUD-000684,AST-01092,Azure,Database,False,None,True,True,Medium,0,False,False,1.2
CLOUD-000685,AST-01093,AWS,Identity,True,No MFA on Root Account,True,True,High,5,False,True,7.9
CLOUD-000686,AST-01094,AWS,Database,False,None,True,False,Medium,0,True,True,3.7
CLOUD-000687,AST-01097,Azure,Container,False,None,True,False,Low,3,False,True,1.5
CLOUD-000688,AST-01098,GCP,Analytics,False,None,True,True,High,3,False,False,2.7
CLOUD-000689,AST-01099,Azure,Identity,True,None,False,True,High,8,False,True,7.6
CLOUD-000690,AST-01100,AWS,ML,False,None,False,True,Low,2,False,True,1.8
CLOUD-000691,AST-01102,GCP,Networking,False,Public S3 Bucket,True,True,Low,1,False,True,2.0
CLOUD-000692,AST-01105,GCP,Container,False,None,True,True,Low,1,False,False,0
CLOUD-000693,AST-01107,Azure,Storage,False,None,True,False,High,0,False,True,3.2
CLOUD-000694,AST-01108,Azure,Container,False,Logging Disabled,True,True,Medium,1,False,True,3.3
CLOUD-000695,AST-01109,AWS,Networking,False,None,True,False,Medium,3,False,True,2.5
CLOUD-000696,AST-01112,GCP,Database,False,Overly Permissive IAM Policy,False,True,High,1,False,True,5.5
CLOUD-000697,AST-01113,GCP,Analytics,False,None,True,False,Low,0,False,True,1.3
CLOUD-000698,AST-01114,AWS,DevOps,False,None,True,False,High,0,False,True,3.2
CLOUD-000699,AST-01115,Azure,Container,False,Cross-Account Access,True,False,Low,0,False,True,3.3
CLOUD-000700,AST-01116,AWS,Database,False,None,True,False,High,1,False,True,2.9
CLOUD-000701,AST-01117,Azure,DevOps,False,None,True,True,High,3,False,False,2.6
CLOUD-000702,AST-01120,AWS,DevOps,False,None,True,True,High,2,False,False,2.1
CLOUD-000703,AST-01121,AWS,Database,True,None,True,True,Low,9,False,False,5.2
CLOUD-000704,AST-01122,AWS,Compute,False,Logging Disabled,False,False,Medium,2,False,True,5.6
CLOUD-000705,AST-01123,Azure,DevOps,True,None,True,False,Low,7,False,True,5.1
CLOUD-000706,AST-01125,AWS,Compute,False,Missing WAF,True,True,Medium,0,False,True,3.5
CLOUD-000707,AST-01126,GCP,Serverless,False,None,True,True,Low,3,False,False,0.2
CLOUD-000708,AST-01127,GCP,Storage,False,None,True,True,Medium,1,True,False,3.1
CLOUD-000709,AST-01128,GCP,Analytics,False,None,True,False,Medium,1,False,True,2.5
CLOUD-000710,AST-01129,AWS,Serverless,False,None,True,True,Low,2,False,False,0.4
CLOUD-000711,AST-01132,Azure,Analytics,False,None,False,True,Medium,0,False,True,2.7
CLOUD-000712,AST-01133,AWS,ML,False,None,True,True,Low,3,False,False,0.9
CLOUD-000713,AST-01134,AWS,Storage,False,None,False,False,Medium,2,False,True,3.9
CLOUD-000714,AST-01135,GCP,Analytics,False,None,True,True,High,1,False,False,2.3
CLOUD-000715,AST-01138,AWS,DevOps,False,None,True,True,High,1,False,False,2.1
CLOUD-000716,AST-01139,Azure,DevOps,False,No Versioning on Bucket,True,True,Medium,2,False,True,3.2
CLOUD-000717,AST-01142,GCP,DevOps,False,None,True,False,Medium,2,False,True,2.6
CLOUD-000718,AST-01143,AWS,DevOps,False,None,False,True,Low,0,False,True,1.9
CLOUD-000719,AST-01144,AWS,Networking,False,Logging Disabled,False,True,High,1,False,True,6.0
CLOUD-000720,AST-01146,GCP,Identity,False,None,True,True,Medium,2,True,False,3.2
CLOUD-000721,AST-01148,Azure,Container,False,None,True,True,Low,2,False,False,0.1
CLOUD-000722,AST-01150,AWS,Compute,False,None,False,False,Medium,1,False,True,3.7
CLOUD-000723,AST-01151,Azure,Compute,False,Unrotated Access Keys,True,True,High,2,False,True,4.8
CLOUD-000724,AST-01152,GCP,Container,False,None,True,True,High,1,False,False,2.3
CLOUD-000725,AST-01156,AWS,Storage,False,None,True,True,High,1,False,False,2.7
CLOUD-000726,AST-01157,Azure,Serverless,False,None,True,True,Low,0,False,False,0.1
CLOUD-000727,AST-01158,Azure,Container,False,Unencrypted Volume,False,True,Low,2,False,True,3.9
CLOUD-000728,AST-01159,AWS,Storage,False,None,True,True,Low,0,False,False,0
CLOUD-000729,AST-01161,Azure,Database,False,No Network ACL,True,True,Low,2,False,True,2.9
CLOUD-000730,AST-01162,AWS,Storage,True,None,True,True,Medium,6,True,False,6.5
CLOUD-000731,AST-01163,Azure,ML,False,None,True,True,Medium,1,False,False,1.3
CLOUD-000732,AST-01164,GCP,Container,False,None,True,False,Medium,2,False,True,1.9
CLOUD-000733,AST-01165,Azure,Serverless,False,None,True,False,Medium,1,False,True,1.7
CLOUD-000734,AST-01166,AWS,Analytics,False,None,True,True,Low,3,True,False,1.8
CLOUD-000735,AST-01168,GCP,ML,False,None,True,True,Low,0,False,False,0
CLOUD-000736,AST-01169,AWS,ML,True,None,True,False,High,4,False,True,6.9
CLOUD-000737,AST-01173,AWS,Storage,False,None,True,False,High,0,True,True,4.1
CLOUD-000738,AST-01177,AWS,ML,True,None,True,True,Low,6,False,False,4.7
CLOUD-000739,AST-01181,Azure,Analytics,False,None,False,True,Medium,1,False,True,2.7
CLOUD-000740,AST-01183,AWS,Analytics,False,None,True,True,Medium,1,False,False,1.5
CLOUD-000741,AST-01184,AWS,Storage,False,Cross-Account Access,False,True,Low,0,False,True,3.8
CLOUD-000742,AST-01189,Azure,Serverless,False,None,True,True,Medium,3,False,False,2.0
CLOUD-000743,AST-01197,AWS,Serverless,False,None,True,True,Low,2,True,False,1.4
CLOUD-000744,AST-01198,Azure,Networking,False,None,True,True,High,2,False,False,2.6
CLOUD-000745,AST-01200,Azure,Container,False,None,False,True,Low,3,False,True,1.9
CLOUD-000746,AST-01201,Azure,DevOps,False,Exposed API Key,True,False,Medium,2,False,True,3.9
CLOUD-000747,AST-01202,GCP,Database,False,None,True,True,Low,2,True,False,1.6
CLOUD-000748,AST-01203,AWS,Compute,False,None,True,True,Medium,2,False,False,1.1
CLOUD-000749,AST-01204,Azure,Compute,False,None,False,False,Medium,0,False,True,3.6
CLOUD-000750,AST-01205,Azure,ML,False,None,True,True,Low,0,True,False,1.9
CLOUD-000751,AST-01206,Azure,Storage,False,Default VPC,True,True,High,2,False,True,4.2
CLOUD-000752,AST-01208,Azure,Analytics,False,None,False,True,Medium,1,False,True,2.9
CLOUD-000753,AST-01209,GCP,Networking,False,None,True,True,Low,3,False,False,0.8
CLOUD-000754,AST-01210,AWS,Database,False,None,True,True,High,0,True,False,4.0
CLOUD-000755,AST-01212,AWS,Networking,False,None,True,True,High,1,False,False,2.1
CLOUD-000756,AST-01215,GCP,Serverless,False,None,True,True,Low,0,False,False,0.1
CLOUD-000757,AST-01216,Azure,DevOps,False,None,True,True,Medium,2,False,False,0.9
CLOUD-000758,AST-01217,Azure,Container,False,None,True,True,Low,0,True,False,1.7
CLOUD-000759,AST-01218,AWS,DevOps,False,None,True,False,Low,2,False,True,1.7
CLOUD-000760,AST-01220,Azure,Storage,False,None,True,False,Medium,0,False,True,1.6
CLOUD-000761,AST-01222,Azure,Identity,False,None,True,True,High,1,False,False,2.4
CLOUD-000762,AST-01224,Azure,Container,False,No Network ACL,True,True,Medium,1,False,True,3.3
CLOUD-000763,AST-01225,AWS,Identity,False,None,True,False,High,1,False,True,2.8
CLOUD-000764,AST-01229,AWS,Container,False,None,True,True,High,3,False,False,2.3
CLOUD-000765,AST-01231,GCP,Serverless,False,None,True,True,Low,2,False,False,0.6
CLOUD-000766,AST-01232,AWS,Container,False,None,False,True,Medium,1,False,True,2.7
CLOUD-000767,AST-01233,Azure,Serverless,False,None,True,True,High,0,False,False,2.1
CLOUD-000768,AST-01234,GCP,Identity,False,None,True,True,Medium,3,False,False,1.6
CLOUD-000769,AST-01235,GCP,Container,False,None,True,False,Low,0,False,True,1.4
CLOUD-000770,AST-01238,Azure,ML,False,Public S3 Bucket,True,True,High,3,False,True,4.5
CLOUD-000771,AST-01239,GCP,ML,False,No Network ACL,True,True,High,0,False,True,4.3
CLOUD-000772,AST-01240,Azure,Networking,False,None,True,True,High,3,False,False,2.3
CLOUD-000773,AST-01242,GCP,ML,False,Logging Disabled,True,True,Medium,2,False,True,3.5
CLOUD-000774,AST-01243,Azure,Storage,False,Cross-Account Access,False,True,Low,3,False,True,4.2
CLOUD-000775,AST-01244,AWS,Identity,False,None,True,True,Low,1,False,False,0.5
CLOUD-000776,AST-01245,Azure,DevOps,False,None,True,True,High,1,False,False,1.8
CLOUD-000777,AST-01246,GCP,Identity,False,None,True,False,Low,3,False,True,1.2
CLOUD-000778,AST-01248,GCP,Database,False,None,True,True,High,0,False,False,1.9
CLOUD-000779,AST-01249,Azure,Identity,False,None,True,True,High,2,False,False,2.4
CLOUD-000780,AST-01251,AWS,Container,False,Open Security Group,True,True,Low,3,False,True,2.9
CLOUD-000781,AST-01253,Azure,DevOps,False,None,False,True,High,0,False,True,3.1
CLOUD-000782,AST-01254,AWS,ML,False,Default VPC,False,False,Low,2,False,True,4.8
CLOUD-000783,AST-01255,AWS,Database,False,Unencrypted Volume,False,False,Medium,3,False,True,6.0
CLOUD-000784,AST-01256,Azure,Storage,False,None,True,True,Low,0,False,False,0
CLOUD-000785,AST-01257,AWS,Analytics,False,None,True,True,Low,3,False,False,0.4
CLOUD-000786,AST-01258,AWS,Compute,False,No Network ACL,False,True,High,0,False,True,5.0
CLOUD-000787,AST-01260,AWS,Container,False,Overly Permissive IAM Policy,False,True,Low,2,False,True,3.9
CLOUD-000788,AST-01263,GCP,Identity,False,None,True,False,Medium,1,False,True,2.6
CLOUD-000789,AST-01264,GCP,Identity,True,Overly Permissive IAM Policy,True,False,Medium,5,False,True,8.4
CLOUD-000790,AST-01266,GCP,DevOps,False,Default VPC,True,True,Medium,1,False,True,3.3
CLOUD-000791,AST-01267,AWS,Storage,False,None,True,False,Low,1,True,True,2.6
CLOUD-000792,AST-01270,Azure,Identity,False,None,True,True,High,1,False,False,2.5
CLOUD-000793,AST-01275,GCP,ML,False,None,False,True,High,1,False,True,3.3
CLOUD-000794,AST-01276,GCP,Identity,False,None,True,False,Medium,1,False,True,2.0
CLOUD-000795,AST-01278,GCP,Analytics,False,None,True,True,Medium,1,True,False,2.6
CLOUD-000796,AST-01281,GCP,Networking,False,None,True,False,Low,0,False,True,0.9
CLOUD-000797,AST-01282,Azure,DevOps,False,No MFA on Root Account,True,True,High,3,False,True,4.9
CLOUD-000798,AST-01283,Azure,DevOps,False,None,True,True,High,1,False,False,1.7
CLOUD-000799,AST-01286,GCP,DevOps,True,None,False,True,Medium,5,False,True,6.7
CLOUD-000800,AST-01287,AWS,ML,False,Overly Permissive IAM Policy,True,True,Low,2,False,True,2.2
CLOUD-000801,AST-01288,AWS,Container,False,None,True,False,High,2,False,True,3.6
CLOUD-000802,AST-01289,Azure,Database,False,None,True,True,High,0,False,False,2.3
CLOUD-000803,AST-01292,AWS,Database,False,Cross-Account Access,True,True,Low,2,False,True,2.7
CLOUD-000804,AST-01293,GCP,Container,False,Open Security Group,True,True,High,2,False,True,4.0
CLOUD-000805,AST-01294,GCP,Container,False,None,True,False,High,1,False,True,3.5
CLOUD-000806,AST-01297,GCP,Analytics,False,Open Security Group,True,True,Low,2,False,True,2.5
CLOUD-000807,AST-01301,Azure,Database,True,None,True,True,Low,0,False,False,2.7
CLOUD-000808,AST-01302,GCP,Storage,False,None,True,True,Medium,2,False,False,1.4
CLOUD-000809,AST-01303,Azure,Database,False,None,True,True,Medium,3,False,False,1.4
CLOUD-000810,AST-01304,GCP,Database,False,Public S3 Bucket,False,True,Low,3,False,True,4.5
CLOUD-000811,AST-01305,GCP,Networking,False,None,True,True,Low,3,False,False,0.9
CLOUD-000812,AST-01306,AWS,DevOps,False,None,False,True,High,1,False,True,3.3
CLOUD-000813,AST-01307,GCP,Analytics,True,None,True,True,Low,0,False,False,3.1
CLOUD-000814,AST-01309,GCP,Compute,False,Overly Permissive IAM Policy,True,True,Low,0,False,True,1.7
CLOUD-000815,AST-01311,Azure,ML,False,Unrotated Access Keys,True,False,Medium,2,False,True,4.3
CLOUD-000816,AST-01312,GCP,Serverless,True,Cross-Account Access,True,True,High,9,False,True,8.5
CLOUD-000817,AST-01314,Azure,Compute,False,None,True,True,High,1,False,False,2.0
CLOUD-000818,AST-01317,Azure,Analytics,False,No Network ACL,True,True,Low,3,False,True,2.6
CLOUD-000819,AST-01320,Azure,Networking,False,Public S3 Bucket,True,True,Medium,2,False,True,3.1
CLOUD-000820,AST-01322,GCP,ML,False,None,True,False,Low,0,False,True,0.6
CLOUD-000821,AST-01324,AWS,ML,False,Cross-Account Access,False,True,Medium,1,False,True,4.6
CLOUD-000822,AST-01326,GCP,Serverless,False,Public RDS Instance,True,True,Low,0,False,True,2.3
CLOUD-000823,AST-01327,AWS,Serverless,False,None,True,True,Medium,1,False,False,0.8
CLOUD-000824,AST-01328,Azure,Storage,False,Open Security Group,True,True,Medium,3,True,True,4.8
CLOUD-000825,AST-01329,AWS,DevOps,False,Unencrypted Volume,True,True,Low,2,False,True,2.5
CLOUD-000826,AST-01330,GCP,Networking,False,None,True,False,Low,3,False,True,2.0
CLOUD-000827,AST-01331,Azure,DevOps,False,None,True,True,Low,1,False,False,0.6
CLOUD-000828,AST-01333,GCP,Database,False,None,False,True,Medium,0,False,True,2.9
CLOUD-000829,AST-01334,GCP,Serverless,False,No Versioning on Bucket,True,True,Medium,1,True,True,5.1
CLOUD-000830,AST-01335,GCP,Container,False,None,True,False,Medium,3,False,True,2.5
CLOUD-000831,AST-01336,Azure,Database,False,None,True,True,Medium,1,False,False,0.8
CLOUD-000832,AST-01337,Azure,Identity,False,None,True,True,High,1,False,False,2.0
CLOUD-000833,AST-01338,GCP,ML,False,None,False,True,Medium,2,False,True,2.8
CLOUD-000834,AST-01340,Azure,Container,True,Unencrypted Volume,True,True,High,0,False,True,7.0
CLOUD-000835,AST-01341,GCP,Container,False,None,True,True,Medium,1,False,False,1.0
CLOUD-000836,AST-01342,Azure,Compute,False,Public S3 Bucket,True,True,High,2,False,True,4.6
CLOUD-000837,AST-01343,AWS,Networking,False,Default VPC,True,False,High,1,False,True,5.4
CLOUD-000838,AST-01344,AWS,Serverless,False,None,True,False,Low,3,False,True,1.8
CLOUD-000839,AST-01346,Azure,Analytics,False,None,True,False,High,2,False,True,3.1
CLOUD-000840,AST-01348,Azure,Database,False,None,True,True,Medium,3,False,False,1.2
CLOUD-000841,AST-01350,GCP,Database,False,None,True,True,High,0,False,False,2.5
CLOUD-000842,AST-01351,Azure,ML,False,None,False,False,High,0,False,True,4.3
CLOUD-000843,AST-01352,AWS,Analytics,False,None,False,True,High,3,False,True,4.0
CLOUD-000844,AST-01353,GCP,Database,True,None,True,False,High,6,False,True,7.3
CLOUD-000845,AST-01354,GCP,ML,False,Exposed API Key,True,False,High,2,False,True,5.2
CLOUD-000846,AST-01357,AWS,Container,False,Unencrypted Volume,True,False,Low,1,False,True,3.1
CLOUD-000847,AST-01361,GCP,Database,False,No Network ACL,True,True,Medium,0,False,True,3.3
CLOUD-000848,AST-01362,Azure,DevOps,False,None,True,True,High,3,True,False,4.5
CLOUD-000849,AST-01365,AWS,Networking,True,None,False,True,Low,0,False,True,4.4
CLOUD-000850,AST-01366,GCP,Container,False,None,True,True,Low,2,True,False,1.5
CLOUD-000851,AST-01367,GCP,Analytics,False,None,False,True,Low,3,False,True,2.2
CLOUD-000852,AST-01369,AWS,Networking,False,None,True,True,High,0,False,False,1.9
CLOUD-000853,AST-01370,GCP,Storage,False,None,False,True,Medium,0,False,True,2.8
CLOUD-000854,AST-01371,GCP,ML,True,None,True,True,Medium,3,False,False,4.3
CLOUD-000855,AST-01372,Azure,Networking,False,None,True,True,Low,1,False,False,0
CLOUD-000856,AST-01373,Azure,Database,False,Default VPC,True,False,High,3,False,True,6.1
CLOUD-000857,AST-01374,GCP,ML,True,Cross-Account Access,True,True,Medium,8,False,True,8.0
CLOUD-000858,AST-01375,GCP,Compute,False,None,True,False,High,3,False,True,3.8
CLOUD-000859,AST-01376,Azure,Serverless,False,None,True,True,High,2,True,False,4.0
CLOUD-000860,AST-01377,AWS,Container,True,None,True,True,Medium,3,False,False,4.6
CLOUD-000861,AST-01379,GCP,Compute,False,None,True,True,Medium,3,False,False,1.5
CLOUD-000862,AST-01381,GCP,Compute,False,None,True,True,High,0,False,False,1.8
CLOUD-000863,AST-01382,AWS,Analytics,False,Unrotated Access Keys,True,True,High,3,False,True,4.3
CLOUD-000864,AST-01383,GCP,Networking,False,Logging Disabled,True,True,High,1,False,True,4.0
CLOUD-000865,AST-01384,Azure,Compute,False,Default VPC,True,False,Low,3,False,True,4.1
CLOUD-000866,AST-01390,Azure,Analytics,False,None,True,True,High,2,False,False,2.5
CLOUD-000867,AST-01396,AWS,Serverless,False,Open Security Group,False,False,Low,1,False,True,4.9
CLOUD-000868,AST-01397,GCP,Serverless,True,None,True,True,Low,2,False,False,3.7
CLOUD-000869,AST-01398,AWS,Container,False,Unrotated Access Keys,False,True,Low,3,False,True,4.2
CLOUD-000870,AST-01399,AWS,Compute,False,No Versioning on Bucket,True,True,Medium,3,False,True,3.5
CLOUD-000871,AST-01402,AWS,Storage,False,None,True,True,Medium,0,True,False,2.5
CLOUD-000872,AST-01407,Azure,Database,False,Unencrypted Volume,False,True,Low,0,False,True,3.4
CLOUD-000873,AST-01408,Azure,Networking,False,Open Security Group,True,True,Medium,3,False,True,3.1
CLOUD-000874,AST-01409,Azure,DevOps,False,None,False,True,Low,1,False,True,1.7
CLOUD-000875,AST-01410,Azure,Serverless,False,Unencrypted Volume,True,True,Low,2,False,True,2.5
CLOUD-000876,AST-01411,GCP,Identity,False,None,True,True,High,3,False,False,2.5
CLOUD-000877,AST-01414,GCP,Networking,False,Missing WAF,True,True,High,0,True,True,5.7
CLOUD-000878,AST-01415,GCP,Compute,False,Overly Permissive IAM Policy,True,False,Low,0,False,True,3.0
CLOUD-000879,AST-01419,GCP,ML,False,None,False,False,Medium,0,False,True,3.9
CLOUD-000880,AST-01421,Azure,Database,False,No Versioning on Bucket,False,True,High,2,False,True,5.8
CLOUD-000881,AST-01422,Azure,Compute,False,None,True,True,Low,2,False,False,0.3
CLOUD-000882,AST-01423,Azure,Storage,False,None,True,False,Medium,1,False,True,2.5
CLOUD-000883,AST-01425,GCP,Serverless,False,None,True,True,High,3,False,False,2.6
CLOUD-000884,AST-01426,GCP,Identity,False,None,True,True,High,0,True,False,3.1
CLOUD-000885,AST-01429,GCP,Serverless,False,None,True,True,High,0,True,False,3.7
CLOUD-000886,AST-01430,AWS,Analytics,False,Unrotated Access Keys,True,True,Medium,3,False,True,3.5
CLOUD-000887,AST-01432,Azure,Networking,False,None,True,True,Medium,2,False,False,1.9
CLOUD-000888,AST-01433,GCP,DevOps,False,None,True,False,Low,2,False,True,1.8
CLOUD-000889,AST-01434,AWS,Compute,False,Public S3 Bucket,True,False,High,0,False,True,5.1
CLOUD-000890,AST-01435,AWS,Storage,False,Overly Permissive IAM Policy,True,True,High,3,False,True,4.3
CLOUD-000891,AST-01436,Azure,Networking,False,Default VPC,True,False,High,1,False,True,5.1
CLOUD-000892,AST-01437,GCP,Analytics,False,Cross-Account Access,False,True,Medium,0,False,True,4.0
CLOUD-000893,AST-01439,Azure,Serverless,False,None,True,False,High,3,False,True,3.6
CLOUD-000894,AST-01440,GCP,Database,True,None,True,True,Low,5,False,False,4.2
CLOUD-000895,AST-01441,GCP,Identity,False,None,True,True,High,1,False,False,2.6
CLOUD-000896,AST-01442,GCP,DevOps,False,None,True,False,High,0,False,True,2.9
CLOUD-000897,AST-01443,GCP,Container,True,None,True,True,Low,3,False,False,4.0
CLOUD-000898,AST-01446,Azure,Analytics,False,None,False,False,High,3,False,True,4.8
CLOUD-000899,AST-01447,GCP,Identity,False,Unencrypted Volume,True,True,Medium,3,True,True,4.7
CLOUD-000900,AST-01448,Azure,DevOps,True,Open Security Group,False,True,Low,9,False,True,7.9
CLOUD-000901,AST-01450,GCP,Identity,False,None,True,True,Medium,0,False,False,0.7
CLOUD-000902,AST-01451,Azure,ML,False,None,True,True,Low,2,False,False,0.7
CLOUD-000903,AST-01453,AWS,Serverless,False,None,False,False,Low,1,False,True,3.0
CLOUD-000904,AST-01454,Azure,Analytics,False,None,True,True,High,3,False,False,2.9
CLOUD-000905,AST-01456,AWS,Database,False,None,False,False,High,2,False,True,4.5
CLOUD-000906,AST-01457,AWS,Compute,False,No MFA on Root Account,True,True,High,0,False,True,4.3
CLOUD-000907,AST-01459,AWS,DevOps,False,None,True,False,High,1,False,True,3.1
CLOUD-000908,AST-01462,Azure,Serverless,False,None,True,False,Medium,1,False,True,1.8
CLOUD-000909,AST-01463,Azure,Storage,False,None,True,False,Medium,1,False,True,2.3
CLOUD-000910,AST-01464,GCP,Serverless,False,None,True,True,High,3,False,False,2.8
CLOUD-000911,AST-01467,GCP,Storage,False,None,True,True,Medium,3,False,False,1.4
CLOUD-000912,AST-01468,AWS,Container,False,Public RDS Instance,True,True,Medium,2,False,True,3.4
CLOUD-000913,AST-01470,Azure,ML,False,None,False,True,High,0,False,True,3.3
CLOUD-000914,AST-01471,AWS,Serverless,False,None,True,False,High,0,False,True,3.3
CLOUD-000915,AST-01472,AWS,Storage,False,No Versioning on Bucket,True,True,Low,2,False,True,2.4
CLOUD-000916,AST-01473,AWS,Compute,False,None,False,False,Low,1,False,True,2.4
CLOUD-000917,AST-01475,AWS,Serverless,False,None,True,True,Low,0,False,False,0
CLOUD-000918,AST-01476,Azure,Networking,False,None,True,True,Low,1,False,False,0.6
CLOUD-000919,AST-01477,GCP,Database,False,None,True,True,Medium,2,False,False,1.4
CLOUD-000920,AST-01478,AWS,Database,True,None,True,False,Low,2,False,True,4.0
CLOUD-000921,AST-01480,Azure,Networking,True,Overly Permissive IAM Policy,True,True,Medium,2,False,True,6.0
CLOUD-000922,AST-01482,Azure,Database,False,None,True,True,High,1,False,False,2.4
CLOUD-000923,AST-01483,AWS,DevOps,False,No Network ACL,True,True,High,0,False,True,3.7
CLOUD-000924,AST-01485,Azure,ML,False,None,True,False,Medium,0,False,True,2.2
CLOUD-000925,AST-01487,Azure,Networking,False,None,True,True,Medium,2,False,False,1.1
CLOUD-000926,AST-01488,Azure,Analytics,False,None,False,True,High,3,True,True,5.6
CLOUD-000927,AST-01491,GCP,Serverless,False,None,True,True,High,0,False,False,1.7
CLOUD-000928,AST-01492,Azure,Analytics,False,No MFA on Root Account,True,True,High,3,False,True,4.2
CLOUD-000929,AST-01495,Azure,ML,False,None,True,True,High,1,False,False,2.2
CLOUD-000930,AST-01496,Azure,Serverless,False,None,True,False,High,0,False,True,3.2
CLOUD-000931,AST-01497,Azure,Analytics,False,None,False,True,High,0,True,True,5.2
CLOUD-000932,AST-01498,AWS,DevOps,False,None,True,False,Medium,3,False,True,2.4
CLOUD-000933,AST-01499,AWS,Container,False,No MFA on Root Account,True,True,Low,0,False,True,2.2
CLOUD-000934,AST-01501,AWS,Container,False,Cross-Account Access,False,True,Low,1,False,True,3.6
CLOUD-000935,AST-01502,AWS,Identity,True,None,True,True,Medium,7,False,False,5.2
CLOUD-000936,AST-01503,GCP,ML,False,None,True,True,Medium,2,False,False,1.6
CLOUD-000937,AST-01507,GCP,Serverless,False,No MFA on Root Account,True,False,High,2,False,True,5.1
CLOUD-000938,AST-01508,GCP,Networking,False,None,True,True,High,3,False,False,2.6
CLOUD-000939,AST-01512,Azure,Compute,False,None,True,True,Low,3,False,False,0.5
CLOUD-000940,AST-01513,AWS,Identity,False,None,True,True,High,2,True,False,4.4
CLOUD-000941,AST-01514,GCP,Compute,False,Exposed API Key,True,True,Medium,2,False,True,3.0
CLOUD-000942,AST-01515,GCP,Serverless,False,None,False,False,Medium,3,False,True,4.2
CLOUD-000943,AST-01516,GCP,Storage,False,None,False,True,High,1,False,True,3.7
CLOUD-000944,AST-01520,AWS,DevOps,False,None,True,True,Low,2,False,False,0.1
CLOUD-000945,AST-01521,GCP,DevOps,False,Public RDS Instance,True,False,Medium,2,False,True,4.3
CLOUD-000946,AST-01523,AWS,Analytics,False,None,True,False,Low,1,False,True,0.8
CLOUD-000947,AST-01524,GCP,Compute,False,None,True,True,Low,0,False,False,0.1
CLOUD-000948,AST-01525,GCP,Storage,False,Missing WAF,False,False,Medium,1,True,True,7.5
CLOUD-000949,AST-01526,Azure,ML,False,None,True,False,Medium,1,True,True,3.9
CLOUD-000950,AST-01530,Azure,Analytics,False,None,True,False,High,2,False,True,3.0
CLOUD-000951,AST-01532,AWS,Container,False,None,False,False,High,0,True,True,5.7
CLOUD-000952,AST-01538,AWS,ML,False,None,True,True,Medium,0,False,False,0.6
CLOUD-000953,AST-01539,GCP,DevOps,False,Open Security Group,True,True,High,3,False,True,4.4
CLOUD-000954,AST-01540,AWS,Container,False,None,True,True,Medium,0,True,False,2.7
CLOUD-000955,AST-01541,AWS,DevOps,True,None,True,True,Medium,5,False,False,4.9
CLOUD-000956,AST-01546,GCP,Networking,False,None,True,True,Medium,1,False,False,1.6
CLOUD-000957,AST-01550,Azure,Analytics,False,No Network ACL,True,True,High,2,True,True,6.0
CLOUD-000958,AST-01556,AWS,Serverless,False,Exposed API Key,True,True,High,1,False,True,4.1
CLOUD-000959,AST-01557,AWS,Analytics,False,Public RDS Instance,False,True,High,1,True,True,6.9
CLOUD-000960,AST-01559,AWS,Identity,False,None,True,True,Low,1,False,False,0.3
CLOUD-000961,AST-01560,Azure,ML,False,None,True,True,Low,2,False,False,0.5
CLOUD-000962,AST-01561,AWS,Identity,False,None,False,False,Medium,0,False,True,3.3
CLOUD-000963,AST-01562,Azure,Compute,False,Open Security Group,True,True,Medium,1,False,True,3.3
CLOUD-000964,AST-01564,Azure,Analytics,False,None,True,False,Medium,3,False,True,2.1
CLOUD-000965,AST-01565,AWS,ML,False,No Versioning on Bucket,True,True,Low,0,False,True,1.9
CLOUD-000966,AST-01566,AWS,Compute,False,None,True,True,High,1,False,False,2.3
CLOUD-000967,AST-01568,GCP,Identity,False,No MFA on Root Account,True,False,Medium,1,False,True,4.1
CLOUD-000968,AST-01571,GCP,Compute,False,Public RDS Instance,True,True,High,3,False,True,4.5
CLOUD-000969,AST-01572,Azure,Networking,False,None,False,False,High,3,False,True,5.1
CLOUD-000970,AST-01573,Azure,Networking,True,None,True,False,High,3,False,True,6.4
CLOUD-000971,AST-01574,Azure,Storage,False,None,True,True,Medium,3,True,False,2.7
CLOUD-000972,AST-01576,AWS,DevOps,False,None,True,False,Low,0,False,True,1.5
CLOUD-000973,AST-01577,Azure,Container,False,None,True,True,High,3,False,False,2.9
CLOUD-000974,AST-01579,GCP,Analytics,False,None,True,True,High,1,False,False,1.8
CLOUD-000975,AST-01581,GCP,Identity,False,None,False,True,Medium,0,False,True,2.5
CLOUD-000976,AST-01582,Azure,ML,False,None,True,True,Low,3,False,False,0.5
CLOUD-000977,AST-01583,GCP,Serverless,False,Exposed API Key,True,False,Low,1,False,True,3.6
CLOUD-000978,AST-01587,Azure,ML,False,None,True,True,Medium,2,False,False,1.2
CLOUD-000979,AST-01588,GCP,Storage,False,None,True,True,Low,0,False,False,0
CLOUD-000980,AST-01589,GCP,Storage,False,None,True,False,High,3,True,True,5.6
CLOUD-000981,AST-01591,Azure,Compute,False,None,True,True,Medium,1,False,False,1.4
CLOUD-000982,AST-01593,AWS,ML,True,None,True,True,High,0,False,False,4.8
CLOUD-000983,AST-01595,AWS,Storage,True,Overly Permissive IAM Policy,True,True,High,5,False,True,7.6
CLOUD-000984,AST-01597,Azure,Database,False,Overly Permissive IAM Policy,True,False,Medium,0,True,True,5.3
CLOUD-000985,AST-01598,AWS,DevOps,False,None,True,False,Medium,2,False,True,2.8
CLOUD-000986,AST-01599,Azure,Serverless,False,None,False,True,High,2,False,True,3.7
CLOUD-000987,AST-01600,AWS,ML,False,None,True,True,Medium,2,False,False,1.3
CLOUD-000988,AST-01602,Azure,Compute,False,None,False,True,Medium,3,False,True,3.3
CLOUD-000989,AST-01604,Azure,DevOps,False,None,False,False,Low,2,False,True,3.3
CLOUD-000990,AST-01605,Azure,Compute,False,None,True,False,Medium,2,False,True,2.3
CLOUD-000991,AST-01610,Azure,DevOps,False,None,True,False,Medium,3,False,True,2.4
CLOUD-000992,AST-01612,GCP,Analytics,False,None,True,True,Medium,3,False,False,2.0
CLOUD-000993,AST-01613,Azure,Serverless,False,Logging Disabled,True,False,High,2,False,True,5.6
CLOUD-000994,AST-01614,AWS,Database,True,None,True,True,Low,0,False,False,2.8
CLOUD-000995,AST-01616,GCP,Identity,False,None,False,True,Low,2,True,True,3.8
CLOUD-000996,AST-01619,AWS,Networking,False,None,True,True,High,2,False,False,1.9
CLOUD-000997,AST-01622,GCP,Analytics,False,None,False,False,High,0,False,True,4.1
CLOUD-000998,AST-01624,AWS,ML,True,No Versioning on Bucket,True,False,Medium,7,False,True,8.4
CLOUD-000999,AST-01630,Azure,Database,False,None,True,True,High,2,False,False,2.7
CLOUD-001000,AST-01631,Azure,Database,False,Unrotated Access Keys,False,True,Low,2,False,True,4.3
CLOUD-001001,AST-01632,AWS,Networking,True,None,True,True,Medium,9,False,False,5.7
CLOUD-001002,AST-01634,GCP,Serverless,False,None,True,False,Low,2,False,True,1.1
CLOUD-001003,AST-01635,GCP,Storage,False,None,True,True,High,3,False,False,3.0
CLOUD-001004,AST-01637,GCP,Container,False,No Versioning on Bucket,True,True,Low,3,False,True,2.9
CLOUD-001005,AST-01638,Azure,DevOps,False,None,True,False,High,1,False,True,3.6
CLOUD-001006,AST-01639,AWS,Compute,False,None,False,True,Medium,0,False,True,2.8
CLOUD-001007,AST-01640,Azure,Storage,False,None,True,True,Low,2,False,False,0.1
CLOUD-001008,AST-01641,Azure,ML,False,None,True,True,Low,2,False,False,0.2
CLOUD-001009,AST-01642,Azure,Serverless,False,Overly Permissive IAM Policy,True,True,Medium,0,False,True,3.0
CLOUD-001010,AST-01644,Azure,Serverless,False,None,True,True,High,2,False,False,2.2
CLOUD-001011,AST-01645,AWS,Serverless,False,Exposed API Key,False,True,Low,2,False,True,3.7
CLOUD-001012,AST-01646,Azure,DevOps,False,Default VPC,True,True,Medium,0,False,True,3.4
CLOUD-001013,AST-01651,AWS,DevOps,False,Open Security Group,True,False,High,2,False,True,5.3
CLOUD-001014,AST-01652,Azure,DevOps,True,None,True,True,Medium,4,False,False,4.5
CLOUD-001015,AST-01653,Azure,Database,True,Default VPC,True,True,Low,3,False,True,5.7
CLOUD-001016,AST-01656,AWS,Container,False,None,True,True,High,3,False,False,3.1
CLOUD-001017,AST-01657,AWS,DevOps,False,Missing WAF,True,False,Low,1,False,True,3.3
CLOUD-001018,AST-01659,AWS,DevOps,False,None,False,True,High,0,False,True,3.2
CLOUD-001019,AST-01660,AWS,Compute,False,None,False,False,Medium,2,False,True,3.8
CLOUD-001020,AST-01662,AWS,ML,False,None,True,False,Low,0,False,True,1.0
CLOUD-001021,AST-01665,GCP,Analytics,False,Unencrypted Volume,True,True,Medium,1,True,True,4.9
CLOUD-001022,AST-01667,AWS,Storage,False,No Versioning on Bucket,True,True,Medium,3,False,True,3.5
CLOUD-001023,AST-01668,Azure,Serverless,False,None,True,True,High,2,False,False,2.0
CLOUD-001024,AST-01669,AWS,DevOps,False,None,True,True,High,2,False,False,2.6
CLOUD-001025,AST-01670,AWS,Compute,False,No Network ACL,True,False,High,3,False,True,5.6
CLOUD-001026,AST-01671,AWS,Serverless,True,None,True,True,Medium,10,False,False,6.4
CLOUD-001027,AST-01673,GCP,Identity,False,None,True,True,Low,1,False,False,0
CLOUD-001028,AST-01675,AWS,Storage,False,None,False,True,Low,2,False,True,1.5
CLOUD-001029,AST-01677,AWS,DevOps,False,None,True,True,Medium,0,False,False,1.5
CLOUD-001030,AST-01682,Azure,Compute,False,Unencrypted Volume,True,False,High,1,False,True,5.6
CLOUD-001031,AST-01685,Azure,Analytics,False,None,False,True,Medium,1,False,True,3.1
CLOUD-001032,AST-01686,AWS,Database,False,Unrotated Access Keys,True,True,Medium,2,False,True,3.4
CLOUD-001033,AST-01687,AWS,Container,False,Missing WAF,False,False,High,0,False,True,6.7
CLOUD-001034,AST-01688,GCP,DevOps,False,No MFA on Root Account,True,True,Medium,2,True,True,4.8
CLOUD-001035,AST-01690,Azure,Compute,False,Cross-Account Access,False,True,Medium,3,False,True,4.8
CLOUD-001036,AST-01691,AWS,Storage,False,No Versioning on Bucket,True,True,Low,3,False,True,2.7
CLOUD-001037,AST-01692,Azure,DevOps,False,Cross-Account Access,True,False,Low,3,False,True,3.9
CLOUD-001038,AST-01693,GCP,Database,True,None,True,True,Low,8,False,False,4.5
CLOUD-001039,AST-01694,GCP,Container,False,None,True,True,Low,3,False,False,0.1
CLOUD-001040,AST-01695,GCP,Identity,False,Public S3 Bucket,True,True,Low,2,False,True,2.2
CLOUD-001041,AST-01700,AWS,DevOps,False,Exposed API Key,True,True,High,3,False,True,4.2
CLOUD-001042,AST-01702,GCP,Compute,False,None,True,True,High,3,False,False,2.8
CLOUD-001043,AST-01703,Azure,DevOps,False,None,False,True,Low,0,False,True,1.4
CLOUD-001044,AST-01704,GCP,ML,True,None,True,False,High,9,False,True,7.7
CLOUD-001045,AST-01706,GCP,Storage,False,None,True,True,High,0,False,False,1.6
CLOUD-001046,AST-01707,GCP,Identity,False,None,True,True,High,0,False,False,2.1
CLOUD-001047,AST-01708,AWS,Networking,False,Unencrypted Volume,True,True,Low,0,False,True,2.1
CLOUD-001048,AST-01711,Azure,Analytics,False,None,True,True,High,3,True,False,3.8
CLOUD-001049,AST-01712,GCP,Compute,False,None,True,False,High,0,False,True,3.2
CLOUD-001050,AST-01713,AWS,Analytics,False,None,False,True,Medium,1,True,True,4.0
CLOUD-001051,AST-01715,AWS,Storage,False,None,True,True,High,1,False,False,2.0
CLOUD-001052,AST-01718,AWS,Container,False,Missing WAF,False,True,High,2,False,True,5.8
CLOUD-001053,AST-01719,AWS,Container,False,None,True,False,High,0,False,True,3.3
CLOUD-001054,AST-01721,AWS,ML,False,None,True,True,High,0,True,False,3.3
CLOUD-001055,AST-01723,GCP,DevOps,False,Cross-Account Access,False,True,High,3,False,True,5.9
CLOUD-001056,AST-01725,Azure,Compute,False,None,True,True,High,3,False,False,2.2
CLOUD-001057,AST-01726,AWS,DevOps,False,Default VPC,True,False,Medium,0,False,True,3.9
CLOUD-001058,AST-01729,AWS,Compute,False,Missing WAF,True,True,Medium,3,False,True,3.6
CLOUD-001059,AST-01730,AWS,Container,False,No Network ACL,True,True,Medium,1,False,True,3.4
CLOUD-001060,AST-01731,AWS,Storage,False,None,True,False,High,0,False,True,3.2
CLOUD-001061,AST-01732,GCP,Identity,False,None,False,True,Low,0,False,True,1.7
CLOUD-001062,AST-01736,Azure,Storage,False,None,True,True,Low,2,False,False,0
CLOUD-001063,AST-01737,Azure,Database,True,None,False,True,High,6,False,True,8.0
CLOUD-001064,AST-01738,AWS,Identity,False,None,True,True,Low,2,False,False,0.4
CLOUD-001065,AST-01739,GCP,Serverless,False,None,False,True,Low,0,False,True,1.9
CLOUD-001066,AST-01740,AWS,Storage,False,None,True,False,Low,3,False,True,1.7
CLOUD-001067,AST-01741,Azure,Analytics,False,Default VPC,True,True,High,3,False,True,4.8
CLOUD-001068,AST-01742,Azure,Container,False,None,True,False,Low,1,False,True,0.8
CLOUD-001069,AST-01743,AWS,Storage,False,None,True,True,Low,0,False,False,0.3
CLOUD-001070,AST-01744,GCP,Networking,False,None,True,True,High,0,False,False,1.8
CLOUD-001071,AST-01747,GCP,Storage,False,No Network ACL,True,False,Medium,1,False,True,4.6
CLOUD-001072,AST-01748,Azure,Database,False,None,True,True,Medium,0,True,False,2.2
CLOUD-001073,AST-01750,Azure,Networking,False,Public S3 Bucket,True,True,Medium,1,False,True,3.3
CLOUD-001074,AST-01751,GCP,Analytics,False,Cross-Account Access,True,False,Medium,0,False,True,4.4
CLOUD-001075,AST-01752,AWS,Serverless,False,None,False,True,Medium,0,False,True,2.8
CLOUD-001076,AST-01757,Azure,Analytics,False,None,True,True,High,3,False,False,2.8
CLOUD-001077,AST-01758,AWS,Compute,False,None,True,True,High,2,False,False,2.6
CLOUD-001078,AST-01759,GCP,Storage,False,None,True,True,High,3,False,False,3.0
CLOUD-001079,AST-01761,GCP,Storage,False,None,True,True,High,2,False,False,2.7
CLOUD-001080,AST-01762,AWS,Networking,False,None,True,False,High,1,False,True,3.2
CLOUD-001081,AST-01766,AWS,Identity,False,None,True,True,Medium,0,False,False,1.3
CLOUD-001082,AST-01767,Azure,Identity,False,None,True,False,Low,1,False,True,0.9
CLOUD-001083,AST-01770,Azure,Serverless,False,Public S3 Bucket,True,True,Low,1,False,True,2.0
CLOUD-001084,AST-01771,GCP,Compute,False,None,True,True,Low,2,False,False,0
CLOUD-001085,AST-01774,GCP,Analytics,False,Cross-Account Access,True,True,Low,2,False,True,2.1
CLOUD-001086,AST-01775,AWS,Serverless,False,Public RDS Instance,False,True,High,2,False,True,5.8
CLOUD-001087,AST-01780,AWS,Database,True,Unencrypted Volume,True,True,Medium,5,False,True,6.7
CLOUD-001088,AST-01783,GCP,Compute,False,None,True,True,Medium,3,True,False,3.1
CLOUD-001089,AST-01784,AWS,Identity,False,Default VPC,True,True,Low,3,False,True,2.5
CLOUD-001090,AST-01785,Azure,DevOps,False,Logging Disabled,False,True,High,2,False,True,5.7
CLOUD-001091,AST-01786,AWS,Container,False,None,True,True,Low,2,False,False,0.9
CLOUD-001092,AST-01790,AWS,Container,False,None,True,True,Medium,0,False,False,1.5
CLOUD-001093,AST-01791,Azure,Storage,False,Unencrypted Volume,True,True,Medium,2,False,True,3.5
CLOUD-001094,AST-01792,Azure,Networking,True,None,True,True,High,8,False,False,6.2
CLOUD-001095,AST-01794,Azure,Serverless,False,None,True,False,Medium,2,False,True,2.3
CLOUD-001096,AST-01795,AWS,Storage,False,None,True,True,Medium,2,False,False,1.7
CLOUD-001097,AST-01796,Azure,Container,False,Unencrypted Volume,True,True,Low,2,False,True,2.7
CLOUD-001098,AST-01799,AWS,Container,False,No Network ACL,True,True,High,2,False,True,4.1
CLOUD-001099,AST-01800,Azure,Serverless,False,None,True,True,Medium,2,False,False,1.5
CLOUD-001100,AST-01801,GCP,ML,False,None,True,True,Low,3,False,False,0.8
CLOUD-001101,AST-01804,GCP,DevOps,True,None,True,True,Medium,10,False,False,5.7
CLOUD-001102,AST-01805,Azure,ML,False,None,True,True,Low,3,False,False,0.6
CLOUD-001103,AST-01807,AWS,Analytics,False,Open Security Group,True,True,Medium,3,False,True,3.6
CLOUD-001104,AST-01815,Azure,Storage,False,None,False,True,Medium,2,True,True,4.0
CLOUD-001105,AST-01818,AWS,ML,False,None,True,False,Medium,1,False,True,1.7
CLOUD-001106,AST-01819,AWS,DevOps,False,None,True,False,Low,2,True,True,2.4
CLOUD-001107,AST-01821,Azure,Compute,True,None,True,True,High,6,False,False,6.7
CLOUD-001108,AST-01822,GCP,ML,True,Unencrypted Volume,True,True,High,7,True,True,9.5
CLOUD-001109,AST-01823,AWS,Database,False,Exposed API Key,True,False,High,1,False,True,4.9
CLOUD-001110,AST-01824,Azure,Analytics,False,None,True,True,Medium,1,False,False,1.0
CLOUD-001111,AST-01826,GCP,Identity,False,Exposed API Key,True,False,High,2,False,True,5.5
CLOUD-001112,AST-01827,GCP,Container,False,None,False,True,Low,2,False,True,2.0
CLOUD-001113,AST-01830,Azure,Database,False,Exposed API Key,True,True,Medium,3,False,True,4.0
CLOUD-001114,AST-01832,Azure,Serverless,False,None,False,False,Medium,3,False,True,4.4
CLOUD-001115,AST-01835,GCP,Storage,False,None,True,True,Low,2,False,False,0.3
CLOUD-001116,AST-01837,AWS,Networking,False,None,True,True,Low,1,False,False,0.3
CLOUD-001117,AST-01839,GCP,Serverless,False,None,True,True,Low,2,False,False,0.2
CLOUD-001118,AST-01840,Azure,Networking,True,None,True,True,High,6,False,False,5.8
CLOUD-001119,AST-01842,Azure,DevOps,False,None,True,True,Low,1,False,False,0.4
CLOUD-001120,AST-01846,Azure,ML,False,None,True,False,Medium,1,False,True,2.6
CLOUD-001121,AST-01847,GCP,Identity,False,None,True,False,Low,2,False,True,1.1
CLOUD-001122,AST-01848,GCP,ML,False,No MFA on Root Account,True,False,Medium,3,False,True,4.9
CLOUD-001123,AST-01849,Azure,DevOps,False,Public RDS Instance,False,True,Medium,1,True,True,6.6
CLOUD-001124,AST-01851,Azure,ML,False,Unencrypted Volume,True,True,Low,3,False,True,2.8
CLOUD-001125,AST-01855,Azure,Identity,False,None,True,True,Low,0,False,False,0.3
CLOUD-001126,AST-01859,GCP,Identity,False,None,True,True,Low,2,False,False,0.4
CLOUD-001127,AST-01860,AWS,DevOps,False,None,True,True,Low,2,False,False,0.3
CLOUD-001128,AST-01861,GCP,DevOps,False,None,False,False,High,0,False,True,4.8
CLOUD-001129,AST-01862,GCP,Analytics,False,No Versioning on Bucket,True,False,Medium,0,False,True,4.1
CLOUD-001130,AST-01864,Azure,Database,False,Public RDS Instance,True,False,Low,2,False,True,3.6
CLOUD-001131,AST-01867,AWS,Storage,False,None,True,False,High,0,False,True,3.1
CLOUD-001132,AST-01869,AWS,Container,True,None,False,False,Medium,8,True,True,9.9
CLOUD-001133,AST-01870,AWS,DevOps,False,None,True,True,High,3,False,False,2.1
CLOUD-001134,AST-01872,GCP,Database,False,Public RDS Instance,True,False,High,1,False,True,5.2
CLOUD-001135,AST-01875,GCP,Container,False,None,False,False,High,3,False,True,5.1
CLOUD-001136,AST-01878,Azure,Container,False,Unrotated Access Keys,True,True,High,2,False,True,4.3
CLOUD-001137,AST-01879,AWS,ML,False,None,True,True,Low,1,False,False,0.7
CLOUD-001138,AST-01881,AWS,Serverless,False,Cross-Account Access,True,False,High,3,False,True,5.4
CLOUD-001139,AST-01883,AWS,ML,False,None,True,True,Medium,1,False,False,0.9
CLOUD-001140,AST-01885,GCP,ML,False,Missing WAF,True,True,Medium,1,False,True,3.5
CLOUD-001141,AST-01886,AWS,DevOps,False,None,True,True,High,3,False,False,2.7
CLOUD-001142,AST-01888,Azure,Storage,True,None,True,False,High,4,True,True,8.7
CLOUD-001143,AST-01889,AWS,Container,False,None,True,True,Low,0,False,False,0
CLOUD-001144,AST-01892,GCP,Serverless,False,None,True,True,Low,1,True,False,1.8
CLOUD-001145,AST-01897,Azure,Serverless,True,Open Security Group,True,True,Low,1,False,True,5.5
CLOUD-001146,AST-01899,AWS,Networking,False,None,True,False,Medium,3,False,True,2.7
CLOUD-001147,AST-01900,Azure,Identity,False,None,True,True,Medium,3,False,False,1.7
CLOUD-001148,AST-01902,Azure,Database,False,None,True,True,Medium,3,False,False,1.3
CLOUD-001149,AST-01905,AWS,Serverless,False,None,False,False,Low,3,False,True,2.6
CLOUD-001150,AST-01906,AWS,Storage,False,Cross-Account Access,True,True,Medium,3,False,True,3.8
CLOUD-001151,AST-01909,GCP,Serverless,False,Open Security Group,True,True,High,3,False,True,4.8
CLOUD-001152,AST-01914,AWS,ML,False,None,True,True,High,2,False,False,2.4
CLOUD-001153,AST-01916,AWS,Identity,False,None,True,True,Medium,1,False,False,0.7
CLOUD-001154,AST-01918,GCP,Storage,True,None,True,True,Low,10,False,False,4.8
CLOUD-001155,AST-01920,Azure,Identity,False,Exposed API Key,True,True,Medium,3,False,True,3.1
CLOUD-001156,AST-01922,GCP,Analytics,True,Default VPC,True,True,High,0,False,True,7.0
CLOUD-001157,AST-01923,Azure,Analytics,False,None,True,True,Low,1,False,False,0.7
CLOUD-001158,AST-01926,Azure,Serverless,False,Open Security Group,True,False,High,0,False,True,4.5
CLOUD-001159,AST-01928,Azure,Networking,False,None,False,True,High,0,False,True,3.6
CLOUD-001160,AST-01929,AWS,Database,False,Missing WAF,True,False,Medium,2,False,True,4.3
CLOUD-001161,AST-01930,Azure,Identity,False,Cross-Account Access,True,True,High,1,False,True,4.5
CLOUD-001162,AST-01931,Azure,Networking,False,None,True,True,Low,2,False,False,0.3
CLOUD-001163,AST-01932,GCP,Compute,True,None,True,True,Medium,5,False,False,4.7
CLOUD-001164,AST-01933,Azure,Container,False,None,True,True,Low,3,False,False,0.6
CLOUD-001165,AST-01935,AWS,ML,False,No Network ACL,True,True,High,3,False,True,4.2
CLOUD-001166,AST-01936,Azure,Storage,False,None,False,True,Low,2,False,True,1.4
CLOUD-001167,AST-01940,GCP,Networking,False,No Network ACL,True,True,High,1,False,True,4.6
CLOUD-001168,AST-01941,Azure,Serverless,True,None,True,True,Medium,8,False,False,5.9
CLOUD-001169,AST-01942,AWS,Identity,False,None,True,True,Medium,0,False,False,1.0
CLOUD-001170,AST-01943,AWS,Identity,False,None,True,False,High,0,False,True,3.0
CLOUD-001171,AST-01946,GCP,Analytics,False,None,True,True,Low,1,False,False,0
CLOUD-001172,AST-01947,GCP,DevOps,False,None,False,True,High,1,False,True,3.9
CLOUD-001173,AST-01948,AWS,DevOps,True,No MFA on Root Account,True,True,Medium,5,False,True,7.4
CLOUD-001174,AST-01949,AWS,Serverless,False,None,True,True,Medium,2,False,False,1.6
CLOUD-001175,AST-01952,Azure,Storage,True,None,True,True,High,10,False,False,7.0
CLOUD-001176,AST-01957,AWS,Networking,False,Public S3 Bucket,True,True,Low,1,False,True,1.8
CLOUD-001177,AST-01961,AWS,Container,False,Unrotated Access Keys,True,False,Low,3,False,True,3.6
CLOUD-001178,AST-01963,GCP,Storage,True,None,True,True,Low,7,False,False,4.0
CLOUD-001179,AST-01964,AWS,DevOps,False,None,True,False,Medium,0,False,True,2.0
CLOUD-001180,AST-01965,GCP,Identity,False,None,False,True,Medium,3,False,True,3.5
CLOUD-001181,AST-01968,GCP,Serverless,False,None,True,True,High,3,False,False,2.8
CLOUD-001182,AST-01969,GCP,Analytics,False,No Versioning on Bucket,True,False,Medium,2,False,True,4.4
CLOUD-001183,AST-01972,GCP,Networking,False,Open Security Group,False,True,High,1,False,True,5.4
CLOUD-001184,AST-01973,Azure,Database,False,None,False,True,Medium,2,False,True,2.7
CLOUD-001185,AST-01974,Azure,Analytics,False,Unrotated Access Keys,True,True,Medium,1,False,True,3.2
CLOUD-001186,AST-01976,GCP,Analytics,False,None,True,True,High,2,False,False,2.1
CLOUD-001187,AST-01977,Azure,DevOps,False,None,True,True,High,3,False,False,2.6
CLOUD-001188,AST-01978,Azure,Database,False,None,True,True,High,3,False,False,2.2
CLOUD-001189,AST-01979,GCP,Networking,False,No Network ACL,True,True,Low,2,False,True,2.6
CLOUD-001190,AST-01981,AWS,Networking,False,None,True,True,Medium,1,False,False,1.3
CLOUD-001191,AST-01983,Azure,Container,False,None,True,True,High,2,False,False,2.0
CLOUD-001192,AST-01984,AWS,Networking,False,None,True,True,Low,3,False,False,0.7
CLOUD-001193,AST-01990,AWS,Analytics,True,None,True,True,Low,2,False,False,3.3
CLOUD-001194,AST-01991,Azure,Compute,False,None,True,True,High,3,False,False,2.1
CLOUD-001195,AST-01993,Azure,Serverless,False,None,True,True,High,1,False,False,2.1
CLOUD-001196,AST-01995,Azure,Container,False,Default VPC,True,True,High,1,False,True,4.5
CLOUD-001197,AST-01998,AWS,Container,False,No MFA on Root Account,True,True,Low,2,False,True,2.2
CLOUD-001198,AST-01999,GCP,Compute,False,None,True,True,Medium,3,False,False,1.2
CLOUD-001199,AST-02000,Azure,Storage,False,Exposed API Key,True,True,Low,1,False,True,2.4
CLOUD-001200,AST-02002,GCP,Identity,False,None,True,True,Medium,2,False,False,1.6
CLOUD-001201,AST-02007,GCP,DevOps,False,None,True,True,Low,3,False,False,0.7
CLOUD-001202,AST-02009,Azure,ML,False,Exposed API Key,True,False,High,2,False,True,5.5
CLOUD-001203,AST-02010,AWS,Database,False,None,True,False,Medium,0,False,True,1.8
CLOUD-001204,AST-02014,GCP,Serverless,False,None,True,False,Medium,2,False,True,2.0
CLOUD-001205,AST-02015,Azure,Serverless,False,None,True,True,Medium,1,False,False,0.7
CLOUD-001206,AST-02016,Azure,Analytics,False,None,True,False,Medium,3,False,True,2.6
CLOUD-001207,AST-02018,GCP,Serverless,False,None,True,True,Medium,2,False,False,0.9
CLOUD-001208,AST-02019,GCP,Analytics,False,None,True,True,High,1,False,False,2.3
CLOUD-001209,AST-02020,AWS,Database,False,No Versioning on Bucket,True,True,Medium,0,False,True,2.9
CLOUD-001210,AST-02022,GCP,Container,False,None,True,True,High,1,False,False,2.4
CLOUD-001211,AST-02023,GCP,Analytics,True,None,True,True,Medium,8,False,False,5.6
CLOUD-001212,AST-02025,AWS,Analytics,False,None,True,True,Medium,1,False,False,1.6
CLOUD-001213,AST-02026,GCP,Analytics,False,None,True,True,Medium,2,False,False,1.5
CLOUD-001214,AST-02027,AWS,Identity,False,None,True,True,Medium,2,False,False,1.7
CLOUD-001215,AST-02028,GCP,Analytics,False,Public S3 Bucket,True,False,Medium,1,False,True,4.0
CLOUD-001216,AST-02029,Azure,DevOps,False,None,True,False,Low,2,False,True,1.9
CLOUD-001217,AST-02030,GCP,Storage,False,None,True,True,Low,0,False,False,0.3
CLOUD-001218,AST-02031,AWS,Database,False,No MFA on Root Account,True,True,High,0,False,True,4.5
CLOUD-001219,AST-02032,Azure,ML,False,None,True,True,High,3,False,False,2.6
CLOUD-001220,AST-02033,AWS,Container,False,None,True,True,Medium,2,False,False,1.6
CLOUD-001221,AST-02035,AWS,ML,False,None,True,False,High,3,False,True,3.7
CLOUD-001222,AST-02038,Azure,DevOps,False,Unrotated Access Keys,True,True,High,1,False,True,4.0
CLOUD-001223,AST-02042,Azure,Serverless,False,None,False,False,Low,3,False,True,3.0
CLOUD-001224,AST-02043,Azure,DevOps,False,Missing WAF,True,False,High,2,False,True,5.2
CLOUD-001225,AST-02044,Azure,ML,False,None,True,True,Medium,2,False,False,1.7
CLOUD-001226,AST-02046,GCP,Networking,False,None,True,True,High,1,False,False,2.0
CLOUD-001227,AST-02047,Azure,Storage,False,None,True,False,Low,0,False,True,1.5
CLOUD-001228,AST-02048,AWS,Database,False,None,True,True,Low,1,False,False,0
CLOUD-001229,AST-02049,GCP,Compute,False,None,False,True,Medium,1,False,True,3.2
CLOUD-001230,AST-02051,Azure,Networking,False,None,True,True,Low,3,False,False,0.8
CLOUD-001231,AST-02052,Azure,Storage,False,None,True,True,High,1,False,False,1.9
CLOUD-001232,AST-02053,AWS,Networking,True,None,True,False,Low,1,False,True,4.2
CLOUD-001233,AST-02055,Azure,Compute,False,None,True,True,High,2,False,False,2.8
CLOUD-001234,AST-02056,Azure,Compute,False,Public RDS Instance,True,True,Medium,1,False,True,3.6
CLOUD-001235,AST-02057,Azure,Identity,False,Unencrypted Volume,False,True,Medium,0,True,True,6.5
CLOUD-001236,AST-02060,GCP,ML,False,None,False,False,High,3,False,True,5.5
CLOUD-001237,AST-02061,GCP,Identity,False,None,True,True,Low,0,False,False,0
CLOUD-001238,AST-02062,GCP,Storage,False,None,True,True,Low,1,False,False,0.6
CLOUD-001239,AST-02064,GCP,Container,False,None,True,True,High,3,False,False,2.5
CLOUD-001240,AST-02066,AWS,Database,False,None,False,True,High,0,False,True,3.5
CLOUD-001241,AST-02067,Azure,Networking,False,Exposed API Key,True,True,Low,0,False,True,2.4
CLOUD-001242,AST-02070,GCP,Storage,False,None,True,False,High,0,False,True,2.8
CLOUD-001243,AST-02073,AWS,ML,False,None,True,True,Medium,3,False,False,1.1
CLOUD-001244,AST-02074,GCP,Compute,False,No Versioning on Bucket,True,True,Low,1,False,True,2.5
CLOUD-001245,AST-02076,AWS,ML,False,None,True,True,High,1,False,False,2.2
CLOUD-001246,AST-02077,GCP,ML,False,None,True,False,Medium,3,True,True,3.9
CLOUD-001247,AST-02081,AWS,Serverless,False,No MFA on Root Account,True,True,Low,1,False,True,2.0
CLOUD-001248,AST-02085,AWS,DevOps,False,None,True,True,Medium,0,True,False,2.4
CLOUD-001249,AST-02086,Azure,DevOps,False,None,True,False,Medium,2,False,True,1.9
CLOUD-001250,AST-02088,AWS,Networking,False,No Versioning on Bucket,True,True,High,3,False,True,4.3
CLOUD-001251,AST-02090,Azure,Container,True,None,False,True,Low,3,False,True,5.5
CLOUD-001252,AST-02091,Azure,Serverless,False,None,True,False,Medium,2,False,True,2.4
CLOUD-001253,AST-02094,GCP,Database,False,None,True,True,Low,0,False,False,0.4
CLOUD-001254,AST-02098,Azure,Compute,False,None,True,True,Medium,2,True,False,2.7
CLOUD-001255,AST-02099,GCP,ML,False,None,True,True,High,1,False,False,2.4
CLOUD-001256,AST-02100,GCP,Analytics,False,None,False,True,Low,2,False,True,1.5
CLOUD-001257,AST-02102,Azure,ML,False,None,True,True,High,0,False,False,2.3
CLOUD-001258,AST-02104,AWS,Networking,False,Public S3 Bucket,True,False,Medium,0,False,True,4.3
CLOUD-001259,AST-02106,AWS,Networking,False,None,True,True,Low,0,False,False,0
CLOUD-001260,AST-02108,Azure,DevOps,False,None,True,False,Medium,3,False,True,2.3
CLOUD-001261,AST-02111,AWS,Serverless,False,No Versioning on Bucket,True,True,High,3,False,True,4.1
CLOUD-001262,AST-02113,AWS,ML,False,Public S3 Bucket,True,True,Low,0,False,True,2.5
CLOUD-001263,AST-02114,Azure,Networking,False,None,True,True,Medium,2,False,False,1.0
CLOUD-001264,AST-02115,AWS,Serverless,False,None,True,False,High,0,False,True,2.7
CLOUD-001265,AST-02118,GCP,Identity,True,Logging Disabled,False,False,Low,7,False,True,8.6
CLOUD-001266,AST-02119,GCP,Serverless,False,Public S3 Bucket,False,True,High,0,False,True,5.8
CLOUD-001267,AST-02123,GCP,Analytics,False,Public RDS Instance,True,True,Low,2,False,True,2.5
CLOUD-001268,AST-02124,AWS,Container,False,Overly Permissive IAM Policy,True,True,Low,2,False,True,1.9
CLOUD-001269,AST-02125,AWS,Identity,False,None,False,True,Medium,1,False,True,2.6
CLOUD-001270,AST-02126,AWS,Analytics,False,Overly Permissive IAM Policy,True,True,Low,2,False,True,2.4
CLOUD-001271,AST-02128,GCP,Analytics,False,None,True,True,High,1,False,False,1.8
CLOUD-001272,AST-02129,GCP,Container,False,None,True,True,Medium,2,True,False,3.4
CLOUD-001273,AST-02130,AWS,DevOps,False,None,False,True,High,1,False,True,3.3
CLOUD-001274,AST-02132,AWS,Compute,False,Unencrypted Volume,True,False,Medium,0,False,True,3.9
CLOUD-001275,AST-02133,GCP,ML,False,Missing WAF,True,True,Low,0,False,True,2.0
CLOUD-001276,AST-02134,GCP,Database,False,None,True,True,Low,3,False,False,0.2
CLOUD-001277,AST-02138,AWS,Database,False,Public RDS Instance,True,False,Medium,1,False,True,4.0
CLOUD-001278,AST-02142,Azure,ML,False,Overly Permissive IAM Policy,True,False,Medium,0,False,True,4.4
CLOUD-001279,AST-02144,Azure,Networking,False,None,True,True,High,2,False,False,2.5
CLOUD-001280,AST-02145,GCP,DevOps,False,None,True,True,High,3,False,False,2.4
CLOUD-001281,AST-02146,Azure,Networking,False,No Network ACL,True,False,High,1,False,True,4.8
CLOUD-001282,AST-02148,AWS,Networking,False,Open Security Group,False,True,Medium,3,False,True,4.9
CLOUD-001283,AST-02150,GCP,Storage,False,None,False,True,Low,3,False,True,1.7
CLOUD-001284,AST-02153,GCP,Serverless,False,Cross-Account Access,False,True,Medium,0,False,True,4.3
CLOUD-001285,AST-02154,AWS,Analytics,False,None,True,False,High,1,False,True,3.4
CLOUD-001286,AST-02155,AWS,Analytics,False,None,True,True,High,1,True,False,3.4
CLOUD-001287,AST-02157,Azure,Container,False,Open Security Group,True,True,Low,2,False,True,2.2
CLOUD-001288,AST-02158,Azure,Serverless,False,Logging Disabled,True,False,Low,2,False,True,3.8
CLOUD-001289,AST-02159,Azure,Serverless,False,No Network ACL,True,True,Low,3,False,True,3.0
CLOUD-001290,AST-02160,GCP,Storage,True,None,True,True,Medium,4,False,False,4.3
CLOUD-001291,AST-02161,Azure,Networking,False,None,True,True,Low,3,False,False,1.1
CLOUD-001292,AST-02162,GCP,DevOps,False,None,True,False,High,3,False,True,3.6
CLOUD-001293,AST-02167,Azure,Serverless,False,None,True,True,Low,1,False,False,0
CLOUD-001294,AST-02168,Azure,Storage,False,No MFA on Root Account,True,False,High,3,False,True,6.1
CLOUD-001295,AST-02171,Azure,DevOps,False,None,False,True,High,1,False,True,4.1
CLOUD-001296,AST-02172,GCP,Database,False,None,True,False,Medium,2,False,True,2.6
CLOUD-001297,AST-02173,Azure,ML,False,Cross-Account Access,True,True,Medium,1,True,True,5.1
CLOUD-001298,AST-02175,GCP,Analytics,False,No Versioning on Bucket,True,True,Low,3,False,True,3.1
CLOUD-001299,AST-02178,GCP,Networking,False,Exposed API Key,True,True,Medium,0,True,True,4.4
CLOUD-001300,AST-02179,GCP,Container,False,Unrotated Access Keys,True,True,Low,3,True,True,4.5
CLOUD-001301,AST-02180,Azure,Compute,False,None,True,False,Medium,2,False,True,2.1
CLOUD-001302,AST-02182,GCP,Container,False,None,True,True,Medium,0,False,False,0.8
CLOUD-001303,AST-02183,AWS,Analytics,False,None,True,False,Medium,0,False,True,2.4
CLOUD-001304,AST-02185,Azure,Compute,False,None,True,True,Low,0,False,False,0
CLOUD-001305,AST-02186,GCP,Database,False,None,False,True,High,2,False,True,3.7
CLOUD-001306,AST-02187,GCP,Analytics,False,None,False,False,Medium,0,False,True,3.8
CLOUD-001307,AST-02190,Azure,Container,False,No Versioning on Bucket,True,True,Low,0,False,True,1.8
CLOUD-001308,AST-02194,AWS,Storage,True,None,False,True,High,1,False,True,6.9
CLOUD-001309,AST-02196,Azure,Networking,False,None,True,False,Low,2,True,True,2.5
CLOUD-001310,AST-02197,GCP,Identity,False,None,True,False,Low,3,False,True,2.0
CLOUD-001311,AST-02200,Azure,Compute,True,Public S3 Bucket,True,True,Medium,2,False,True,6.2
CLOUD-001312,AST-02202,GCP,Identity,False,Public S3 Bucket,True,True,High,2,False,True,4.2
CLOUD-001313,AST-02204,AWS,Analytics,False,None,True,False,Medium,1,False,True,1.9
CLOUD-001314,AST-02205,AWS,ML,False,None,False,False,Low,2,False,True,3.4
CLOUD-001315,AST-02207,Azure,Container,False,None,False,True,Low,1,False,True,1.3
CLOUD-001316,AST-02208,GCP,Container,False,None,False,True,Low,1,False,True,1.3
CLOUD-001317,AST-02212,AWS,DevOps,False,None,True,True,Medium,1,False,False,0.8
CLOUD-001318,AST-02214,AWS,DevOps,False,None,True,False,Low,2,False,True,1.7
CLOUD-001319,AST-02215,AWS,Container,False,Missing WAF,True,True,High,1,False,True,4.3
CLOUD-001320,AST-02217,AWS,Database,False,None,True,True,Medium,2,False,False,1.0
CLOUD-001321,AST-02218,Azure,Analytics,False,None,True,True,Medium,0,False,False,0.6
CLOUD-001322,AST-02219,AWS,ML,False,None,True,False,Low,2,False,True,1.8
CLOUD-001323,AST-02220,Azure,Database,True,None,True,True,Low,9,False,False,4.5
CLOUD-001324,AST-02224,AWS,Identity,False,None,True,True,High,3,False,False,2.6
CLOUD-001325,AST-02225,GCP,Identity,False,None,True,True,Low,3,True,False,2.0
CLOUD-001326,AST-02226,AWS,ML,False,Public RDS Instance,True,True,Medium,2,False,True,3.2
CLOUD-001327,AST-02229,GCP,Storage,False,None,True,True,High,3,False,False,2.7
CLOUD-001328,AST-02230,GCP,Database,False,None,True,True,High,3,False,False,3.1
CLOUD-001329,AST-02232,AWS,Networking,False,None,True,True,High,3,False,False,2.8
CLOUD-001330,AST-02234,Azure,Container,True,No Network ACL,True,True,High,6,False,True,8.7
CLOUD-001331,AST-02235,AWS,Serverless,False,None,True,True,Medium,1,False,False,1.4
CLOUD-001332,AST-02236,Azure,Serverless,True,None,True,True,Medium,5,False,False,5.1
CLOUD-001333,AST-02237,Azure,Container,False,None,False,True,Medium,0,False,True,2.9
CLOUD-001334,AST-02238,AWS,Analytics,True,None,True,False,High,2,False,True,6.2
CLOUD-001335,AST-02239,GCP,Container,False,None,True,False,Low,2,False,True,0.9
CLOUD-001336,AST-02243,Azure,Storage,True,None,True,True,Medium,0,False,False,4.2
CLOUD-001337,AST-02244,Azure,ML,False,None,True,True,Low,1,False,False,0.5
CLOUD-001338,AST-02245,GCP,Database,False,No MFA on Root Account,True,True,High,1,False,True,4.3
CLOUD-001339,AST-02248,Azure,Container,True,None,True,True,Medium,1,False,False,3.8
CLOUD-001340,AST-02249,Azure,Storage,False,None,True,True,High,2,False,False,2.6
CLOUD-001341,AST-02250,Azure,ML,False,None,True,True,Low,0,False,False,0
CLOUD-001342,AST-02252,GCP,Serverless,False,None,False,True,Low,3,False,True,2.1
CLOUD-001343,AST-02253,Azure,Identity,False,None,True,False,Low,3,False,True,1.6
CLOUD-001344,AST-02254,GCP,Storage,True,Unrotated Access Keys,True,True,Medium,3,False,True,6.8
CLOUD-001345,AST-02257,Azure,DevOps,False,Default VPC,False,True,Medium,1,False,True,4.4
CLOUD-001346,AST-02260,Azure,Identity,True,None,True,True,Medium,0,False,False,3.9
CLOUD-001347,AST-02262,GCP,Analytics,False,Overly Permissive IAM Policy,True,True,Medium,3,False,True,3.2
CLOUD-001348,AST-02264,GCP,Container,False,None,True,False,Low,0,False,True,0.6
CLOUD-001349,AST-02265,GCP,Storage,True,None,True,False,High,8,False,True,7.3
CLOUD-001350,AST-02267,GCP,Networking,False,None,True,False,Low,3,False,True,1.2
CLOUD-001351,AST-02268,GCP,Container,False,None,True,True,Medium,2,False,False,1.5
CLOUD-001352,AST-02269,Azure,ML,False,None,True,False,Low,0,False,True,0.7
CLOUD-001353,AST-02271,GCP,Storage,True,None,False,True,High,4,False,True,7.1
CLOUD-001354,AST-02272,AWS,Compute,False,None,True,True,Medium,3,False,False,1.7
CLOUD-001355,AST-02276,AWS,Identity,False,Exposed API Key,True,True,Low,3,False,True,3.0
CLOUD-001356,AST-02277,AWS,Storage,False,None,True,True,Low,0,False,False,0.1
CLOUD-001357,AST-02278,AWS,Compute,False,None,True,True,Low,2,False,False,0.9
CLOUD-001358,AST-02282,GCP,ML,False,None,True,False,Low,1,False,True,0.9
CLOUD-001359,AST-02283,Azure,Storage,False,None,True,True,Medium,3,False,False,2.0
CLOUD-001360,AST-02284,GCP,Container,False,None,True,True,Low,1,False,False,0.5
CLOUD-001361,AST-02286,GCP,DevOps,False,None,True,False,High,2,False,True,3.6
CLOUD-001362,AST-02287,AWS,Database,False,None,True,True,Low,2,False,False,0.6
CLOUD-001363,AST-02288,AWS,ML,False,Unrotated Access Keys,True,True,Medium,1,False,True,3.4
CLOUD-001364,AST-02290,AWS,Identity,False,None,True,True,Medium,3,False,False,1.5
CLOUD-001365,AST-02291,GCP,Compute,False,No Network ACL,True,True,Low,2,False,True,2.8
CLOUD-001366,AST-02292,GCP,Serverless,False,None,True,True,Medium,0,False,False,1.3
CLOUD-001367,AST-02293,GCP,Container,False,None,True,True,High,3,False,False,2.7
CLOUD-001368,AST-02295,Azure,Database,False,None,True,True,Medium,1,False,False,1.5
CLOUD-001369,AST-02298,GCP,Serverless,False,None,True,True,Medium,2,False,False,1.5
CLOUD-001370,AST-02299,GCP,Serverless,True,None,False,True,Medium,1,False,True,6.0
CLOUD-001371,AST-02304,AWS,Identity,False,No Versioning on Bucket,True,True,High,2,False,True,4.0
CLOUD-001372,AST-02305,GCP,Container,False,Cross-Account Access,True,True,High,3,False,True,4.9
CLOUD-001373,AST-02306,GCP,Serverless,True,None,True,True,Medium,7,False,False,5.9
CLOUD-001374,AST-02309,Azure,Networking,False,None,True,False,Medium,0,True,True,4.0
CLOUD-001375,AST-02311,Azure,Storage,False,None,False,True,High,2,False,True,3.4
CLOUD-001376,AST-02312,GCP,DevOps,False,None,True,True,Medium,1,False,False,1.2
CLOUD-001377,AST-02313,Azure,DevOps,False,None,True,True,High,3,True,False,4.3
CLOUD-001378,AST-02318,Azure,Database,False,None,True,True,High,1,False,False,1.9
CLOUD-001379,AST-02319,GCP,DevOps,True,None,True,False,High,7,False,True,7.1
CLOUD-001380,AST-02320,AWS,Database,False,None,False,False,High,0,False,True,4.3
CLOUD-001381,AST-02322,AWS,Compute,True,No Network ACL,False,True,Low,9,True,True,9.4
CLOUD-001382,AST-02324,Azure,Compute,False,None,True,True,Low,0,False,False,0.4
CLOUD-001383,AST-02325,GCP,ML,False,None,True,True,Medium,2,False,False,1.9
CLOUD-001384,AST-02326,AWS,Compute,False,None,True,True,High,1,False,False,2.5
CLOUD-001385,AST-02327,Azure,Compute,False,None,True,False,Low,2,False,True,1.1
CLOUD-001386,AST-02329,AWS,Serverless,False,None,True,True,Medium,3,False,False,1.2
CLOUD-001387,AST-02331,GCP,Container,False,None,True,True,Low,0,False,False,0.4
CLOUD-001388,AST-02336,Azure,Networking,True,Unrotated Access Keys,True,True,Medium,9,False,True,7.5
CLOUD-001389,AST-02340,GCP,Storage,False,None,True,True,Low,1,False,False,0.4
CLOUD-001390,AST-02341,Azure,Serverless,False,Public RDS Instance,True,True,Medium,3,False,True,3.7
CLOUD-001391,AST-02342,GCP,Compute,False,Public S3 Bucket,True,True,Low,1,False,True,2.7
CLOUD-001392,AST-02344,Azure,DevOps,True,None,True,True,High,1,False,False,5.5
CLOUD-001393,AST-02345,Azure,ML,False,None,False,True,High,1,False,True,3.2
CLOUD-001394,AST-02346,AWS,Serverless,False,No MFA on Root Account,True,True,Medium,2,True,True,4.5
CLOUD-001395,AST-02347,Azure,Analytics,False,None,False,True,High,1,False,True,4.0
CLOUD-001396,AST-02350,GCP,DevOps,False,None,True,True,High,0,False,False,1.9
CLOUD-001397,AST-02352,AWS,Networking,False,Open Security Group,True,True,Low,1,False,True,2.4
CLOUD-001398,AST-02353,Azure,Analytics,False,None,True,False,Low,1,False,True,1.4
CLOUD-001399,AST-02358,AWS,Storage,False,None,True,True,Low,2,False,False,0.5
CLOUD-001400,AST-02360,Azure,Database,False,None,True,True,High,1,False,False,2.4
CLOUD-001401,AST-02361,GCP,Database,False,None,False,False,High,1,False,True,4.4
CLOUD-001402,AST-02363,GCP,Container,False,None,False,False,Medium,0,False,True,3.9
CLOUD-001403,AST-02364,GCP,DevOps,False,None,True,True,Low,3,False,False,0.2
CLOUD-001404,AST-02366,AWS,ML,False,Open Security Group,True,False,Low,3,False,True,3.9
CLOUD-001405,AST-02367,Azure,Compute,False,None,True,False,Low,1,False,True,1.3
CLOUD-001406,AST-02368,AWS,Container,False,None,True,True,Medium,0,False,False,0.9
CLOUD-001407,AST-02370,AWS,Analytics,True,None,True,True,Medium,8,False,False,5.6
CLOUD-001408,AST-02371,Azure,Database,False,None,True,True,High,3,False,False,2.8
CLOUD-001409,AST-02372,AWS,Storage,False,None,True,True,Medium,2,False,False,1.5
CLOUD-001410,AST-02373,AWS,Analytics,False,Unencrypted Volume,True,True,Medium,0,False,True,2.6
CLOUD-001411,AST-02374,AWS,Database,False,Overly Permissive IAM Policy,True,True,High,3,False,True,4.6
CLOUD-001412,AST-02375,AWS,Database,False,None,True,True,High,0,False,False,2.2
CLOUD-001413,AST-02376,Azure,Serverless,False,Unencrypted Volume,True,True,High,2,False,True,4.5
CLOUD-001414,AST-02377,AWS,DevOps,True,Missing WAF,False,False,Low,10,False,True,10.0
CLOUD-001415,AST-02378,AWS,Compute,True,None,True,True,Medium,8,False,False,5.6
CLOUD-001416,AST-02379,GCP,Networking,True,Unencrypted Volume,True,True,Low,6,False,True,6.5
CLOUD-001417,AST-02380,GCP,Container,False,Public S3 Bucket,True,True,Medium,0,False,True,3.4
CLOUD-001418,AST-02382,AWS,ML,False,None,True,False,Low,0,False,True,0.7
CLOUD-001419,AST-02383,Azure,Storage,False,Exposed API Key,True,True,Medium,3,False,True,3.2
CLOUD-001420,AST-02386,GCP,ML,True,Overly Permissive IAM Policy,True,False,Medium,1,False,True,7.5
CLOUD-001421,AST-02388,Azure,Storage,False,No Versioning on Bucket,True,True,High,1,False,True,3.8
CLOUD-001422,AST-02389,AWS,Database,False,None,True,True,Low,1,False,False,0
CLOUD-001423,AST-02392,GCP,Analytics,False,None,True,True,Low,3,False,False,0.9
CLOUD-001424,AST-02394,Azure,ML,False,None,True,True,Medium,0,False,False,0.7
CLOUD-001425,AST-02396,GCP,ML,False,Overly Permissive IAM Policy,True,True,Low,1,False,True,2.7
CLOUD-001426,AST-02397,GCP,Container,False,Cross-Account Access,True,True,Medium,1,False,True,3.6
CLOUD-001427,AST-02400,AWS,DevOps,False,No Network ACL,True,True,High,2,False,True,4.6
CLOUD-001428,AST-02402,Azure,Analytics,False,Overly Permissive IAM Policy,True,True,High,0,False,True,4.2
CLOUD-001429,AST-02403,Azure,Compute,False,None,True,True,High,3,False,False,3.0
CLOUD-001430,AST-02404,AWS,DevOps,False,Logging Disabled,True,True,High,3,False,True,4.8
CLOUD-001431,AST-02408,AWS,Container,False,None,True,True,High,3,False,False,2.4
CLOUD-001432,AST-02409,Azure,Identity,False,None,True,True,Medium,0,False,False,0.8
CLOUD-001433,AST-02410,Azure,Storage,False,None,True,False,High,2,False,True,3.6
CLOUD-001434,AST-02412,Azure,Storage,False,No MFA on Root Account,True,True,High,0,False,True,3.7
CLOUD-001435,AST-02413,AWS,Analytics,False,None,True,True,Low,2,False,False,0.8
CLOUD-001436,AST-02416,Azure,DevOps,False,None,True,True,High,0,False,False,2.2
CLOUD-001437,AST-02419,Azure,Serverless,False,No Versioning on Bucket,True,True,Medium,0,False,True,3.5
CLOUD-001438,AST-02421,GCP,Storage,False,None,True,True,Low,2,False,False,0.2
CLOUD-001439,AST-02422,GCP,Container,False,None,True,True,High,0,False,False,1.6
CLOUD-001440,AST-02424,GCP,DevOps,True,None,True,True,High,1,False,False,4.8
CLOUD-001441,AST-02428,GCP,Storage,True,None,False,True,Low,10,False,True,6.9
CLOUD-001442,AST-02429,Azure,Serverless,False,None,True,True,Low,1,False,False,0
CLOUD-001443,AST-02431,AWS,Storage,False,No MFA on Root Account,False,True,Medium,0,False,True,4.9
CLOUD-001444,AST-02432,AWS,Serverless,False,None,True,True,High,0,False,False,1.9
CLOUD-001445,AST-02433,Azure,Serverless,False,None,False,True,Low,2,False,True,1.7
CLOUD-001446,AST-02434,GCP,Storage,False,No Network ACL,True,False,Low,1,False,True,3.6
CLOUD-001447,AST-02436,AWS,Identity,True,Unencrypted Volume,True,True,Low,3,False,True,5.9
CLOUD-001448,AST-02437,GCP,Networking,True,Public S3 Bucket,True,True,High,6,False,True,8.3
CLOUD-001449,AST-02438,GCP,DevOps,True,None,True,True,Medium,9,False,False,5.7
CLOUD-001450,AST-02439,GCP,Serverless,False,None,True,True,Medium,3,False,False,1.2
CLOUD-001451,AST-02440,AWS,Storage,False,No MFA on Root Account,True,False,Medium,0,False,True,3.8
CLOUD-001452,AST-02441,Azure,Identity,False,None,True,True,Low,1,False,False,0
CLOUD-001453,AST-02443,GCP,Serverless,True,Cross-Account Access,True,True,Medium,2,False,True,6.5
CLOUD-001454,AST-02445,AWS,Networking,False,None,True,True,High,0,True,False,3.7
CLOUD-001455,AST-02447,GCP,Compute,False,No Versioning on Bucket,False,False,High,0,False,True,6.5
CLOUD-001456,AST-02449,Azure,Analytics,False,None,False,True,Low,2,False,True,2.2
CLOUD-001457,AST-02453,Azure,Storage,False,Cross-Account Access,True,True,Medium,1,False,True,3.3
CLOUD-001458,AST-02454,GCP,Networking,False,Open Security Group,False,True,Medium,3,False,True,5.0
CLOUD-001459,AST-02462,Azure,Container,False,None,True,True,Medium,0,False,False,0.7
CLOUD-001460,AST-02463,GCP,Identity,False,None,False,True,Medium,2,False,True,3.1
CLOUD-001461,AST-02464,AWS,Storage,False,Public S3 Bucket,True,True,Medium,3,True,True,4.8
CLOUD-001462,AST-02465,AWS,Networking,True,Unrotated Access Keys,False,False,Medium,5,False,True,9.5
CLOUD-001463,AST-02466,AWS,Storage,True,Open Security Group,False,False,Low,0,False,True,7.3
CLOUD-001464,AST-02468,GCP,Container,False,None,True,True,Low,3,False,False,1.1
CLOUD-001465,AST-02470,GCP,Database,True,None,True,True,Medium,0,False,False,4.4
CLOUD-001466,AST-02471,AWS,Container,False,None,False,True,High,3,False,True,3.9
CLOUD-001467,AST-02472,Azure,DevOps,False,None,True,False,High,2,False,True,3.6
CLOUD-001468,AST-02473,Azure,Database,False,None,True,True,Medium,1,False,False,1.1
CLOUD-001469,AST-02474,GCP,Networking,False,None,True,False,High,0,False,True,3.4
CLOUD-001470,AST-02476,AWS,Container,False,None,True,True,High,0,False,False,2.0
CLOUD-001471,AST-02479,GCP,Storage,False,Cross-Account Access,True,False,Medium,0,False,True,3.8
CLOUD-001472,AST-02481,Azure,Container,False,None,True,True,High,3,False,False,2.9
CLOUD-001473,AST-02484,GCP,Networking,False,None,True,True,High,1,False,False,2.0
CLOUD-001474,AST-02487,GCP,Serverless,False,None,True,True,Low,2,False,False,0.6
CLOUD-001475,AST-02488,GCP,Storage,False,None,False,True,High,3,False,True,4.3
CLOUD-001476,AST-02490,Azure,DevOps,True,None,False,False,Medium,0,False,True,6.2
CLOUD-001477,AST-02491,GCP,Analytics,False,None,True,True,Low,2,False,False,0.5
CLOUD-001478,AST-02492,GCP,Storage,True,None,True,True,High,2,True,False,7.0
CLOUD-001479,AST-02493,GCP,Identity,False,None,True,True,Medium,1,False,False,0.9
CLOUD-001480,AST-02496,Azure,Storage,True,Exposed API Key,False,True,Low,7,False,True,7.7
CLOUD-001481,AST-02497,Azure,Serverless,False,None,True,False,Low,0,False,True,1.4
CLOUD-001482,AST-02498,Azure,Identity,False,None,True,True,High,1,False,False,2.2
CLOUD-001483,AST-02501,AWS,Compute,False,Open Security Group,True,True,Medium,2,False,True,3.9
CLOUD-001484,AST-02503,Azure,Container,False,None,True,True,Medium,2,True,False,2.5
CLOUD-001485,AST-02504,GCP,Networking,True,None,True,True,High,4,False,False,5.9
CLOUD-001486,AST-02505,Azure,Analytics,True,Open Security Group,True,True,High,3,False,True,7.3
CLOUD-001487,AST-02507,GCP,ML,False,None,False,True,Medium,0,True,True,3.5
CLOUD-001488,AST-02508,AWS,Networking,False,None,True,True,Medium,2,False,False,1.7
CLOUD-001489,AST-02509,AWS,Storage,False,None,False,True,Medium,2,False,True,2.7
CLOUD-001490,AST-02511,GCP,Database,False,None,True,True,Medium,2,False,False,1.0
CLOUD-001491,AST-02512,AWS,Serverless,False,Public S3 Bucket,True,True,High,3,False,True,4.8
CLOUD-001492,AST-02513,AWS,Analytics,False,None,False,True,Medium,2,False,True,3.2
CLOUD-001493,AST-02515,Azure,Compute,False,None,True,True,Low,2,False,False,0.6
CLOUD-001494,AST-02517,AWS,Database,False,None,True,False,High,1,False,True,2.9
CLOUD-001495,AST-02518,Azure,ML,False,None,True,True,High,3,False,False,2.9
CLOUD-001496,AST-02519,AWS,Compute,False,None,True,False,Medium,3,True,True,4.4
CLOUD-001497,AST-02520,Azure,DevOps,False,None,True,True,Low,0,False,False,0
CLOUD-001498,AST-02521,Azure,Analytics,False,None,True,True,Low,0,True,False,1.9
CLOUD-001499,AST-02522,Azure,DevOps,False,None,False,True,High,2,False,True,3.6
CLOUD-001500,AST-02523,Azure,Compute,False,None,True,True,High,1,True,False,3.8
CLOUD-001501,AST-02525,AWS,Database,False,None,True,True,Low,1,False,False,0.3
CLOUD-001502,AST-02526,GCP,Networking,False,None,True,True,Medium,1,False,False,1.2
CLOUD-001503,AST-02527,GCP,DevOps,False,None,True,True,Medium,3,False,False,1.7
CLOUD-001504,AST-02528,AWS,Serverless,True,None,True,True,Low,9,False,False,4.4
CLOUD-001505,AST-02530,AWS,Database,False,None,True,True,Medium,2,False,False,1.8
CLOUD-001506,AST-02533,AWS,ML,False,Unencrypted Volume,True,True,Medium,0,False,True,3.0
CLOUD-001507,AST-02534,AWS,Serverless,False,Overly Permissive IAM Policy,True,True,Low,1,False,True,2.2
CLOUD-001508,AST-02536,GCP,Analytics,False,None,True,True,Low,3,False,False,1.1
CLOUD-001509,AST-02537,Azure,Container,False,None,True,True,High,0,False,False,1.7
CLOUD-001510,AST-02538,AWS,ML,False,None,True,True,Low,0,False,False,0
CLOUD-001511,AST-02539,AWS,Serverless,False,None,False,True,Low,0,False,True,1.5
CLOUD-001512,AST-02540,GCP,ML,True,None,False,True,Medium,9,False,True,7.0
CLOUD-001513,AST-02541,AWS,Storage,False,None,False,False,Medium,3,False,True,3.9
CLOUD-001514,AST-02545,Azure,Analytics,False,None,False,False,Low,0,False,True,2.8
CLOUD-001515,AST-02547,Azure,Compute,False,Cross-Account Access,True,True,High,2,False,True,4.3
CLOUD-001516,AST-02548,AWS,Serverless,False,None,True,True,Medium,1,False,False,1.1
CLOUD-001517,AST-02551,GCP,ML,False,Unrotated Access Keys,True,False,High,0,False,True,5.3
CLOUD-001518,AST-02552,AWS,Database,False,None,True,False,Medium,1,False,True,2.0
CLOUD-001519,AST-02553,AWS,Storage,False,None,True,True,Medium,0,False,False,0.9
CLOUD-001520,AST-02555,AWS,Container,False,Unencrypted Volume,False,True,Low,2,True,True,5.8
CLOUD-001521,AST-02556,Azure,ML,True,None,False,True,High,10,False,True,8.3
CLOUD-001522,AST-02558,GCP,ML,True,None,True,True,Low,8,False,False,4.2
CLOUD-001523,AST-02559,AWS,DevOps,False,None,True,True,Low,0,False,False,0
CLOUD-001524,AST-02560,GCP,Container,False,None,True,True,Low,3,False,False,0.6
CLOUD-001525,AST-02561,GCP,Storage,False,None,True,True,Low,0,False,False,0.2
CLOUD-001526,AST-02562,Azure,Identity,True,None,True,True,High,1,False,False,5.2
CLOUD-001527,AST-02566,Azure,Networking,False,None,True,True,Medium,0,False,False,1.1
CLOUD-001528,AST-02568,AWS,Database,False,None,True,True,Low,3,True,False,2.4
CLOUD-001529,AST-02571,GCP,Storage,False,None,True,False,Medium,3,False,True,2.4
CLOUD-001530,AST-02572,Azure,ML,True,None,True,False,Medium,6,False,True,6.4
CLOUD-001531,AST-02573,Azure,Analytics,False,No MFA on Root Account,True,True,Low,0,False,True,1.7
CLOUD-001532,AST-02574,GCP,DevOps,False,None,True,True,High,3,False,False,3.1
CLOUD-001533,AST-02577,Azure,Analytics,True,None,True,True,Medium,9,False,False,5.8
CLOUD-001534,AST-02578,GCP,Container,False,None,True,True,High,1,False,False,2.2
CLOUD-001535,AST-02579,Azure,Compute,False,None,True,True,Low,0,False,False,0.5
CLOUD-001536,AST-02580,GCP,Serverless,True,None,True,True,Low,9,False,False,4.7
CLOUD-001537,AST-02582,GCP,DevOps,False,None,True,True,Medium,3,False,False,1.6
CLOUD-001538,AST-02583,AWS,Database,False,None,True,True,High,3,False,False,2.5
CLOUD-001539,AST-02584,GCP,Analytics,True,Unrotated Access Keys,True,False,Low,3,False,True,6.1
CLOUD-001540,AST-02585,AWS,Storage,False,No Versioning on Bucket,True,True,Low,0,False,True,2.1
CLOUD-001541,AST-02586,Azure,Identity,False,Default VPC,True,False,Low,1,True,True,5.0
CLOUD-001542,AST-02587,Azure,Identity,True,None,True,True,Low,9,False,False,4.6
CLOUD-001543,AST-02588,GCP,Serverless,False,Exposed API Key,True,True,Medium,3,False,True,4.0
CLOUD-001544,AST-02589,GCP,Identity,False,None,True,False,High,1,False,True,2.8
CLOUD-001545,AST-02590,Azure,Networking,True,Public RDS Instance,False,False,Low,1,False,True,7.9
CLOUD-001546,AST-02592,AWS,Compute,False,No Network ACL,False,True,Medium,2,False,True,5.1
CLOUD-001547,AST-02593,GCP,Storage,False,None,True,True,Medium,1,True,False,2.2
CLOUD-001548,AST-02594,AWS,Analytics,False,None,True,True,Medium,3,False,False,1.9
CLOUD-001549,AST-02596,AWS,Container,False,None,True,True,High,0,False,False,1.8
CLOUD-001550,AST-02597,Azure,Serverless,False,None,True,False,Low,0,False,True,0.6
CLOUD-001551,AST-02600,AWS,Compute,False,Cross-Account Access,True,True,Low,0,True,True,3.9
CLOUD-001552,AST-02601,GCP,Database,False,None,True,True,High,1,False,False,2.2
CLOUD-001553,AST-02602,AWS,Networking,False,None,False,True,Low,2,False,True,2.0
CLOUD-001554,AST-02603,GCP,ML,False,None,True,True,High,1,False,False,2.3
CLOUD-001555,AST-02604,Azure,ML,False,None,True,True,Low,0,False,False,0.1
CLOUD-001556,AST-02605,AWS,Container,False,Unrotated Access Keys,True,True,Medium,0,False,True,3.0
CLOUD-001557,AST-02606,Azure,Storage,False,Cross-Account Access,True,True,Medium,1,False,True,3.2
CLOUD-001558,AST-02607,AWS,Serverless,False,None,True,True,Medium,3,False,False,1.3
CLOUD-001559,AST-02609,Azure,ML,False,None,True,True,Low,1,False,False,0.3
CLOUD-001560,AST-02610,AWS,Networking,False,None,True,False,Medium,3,False,True,2.6
CLOUD-001561,AST-02612,AWS,Database,False,None,False,False,High,0,False,True,4.2
CLOUD-001562,AST-02613,GCP,Compute,False,None,False,True,Low,3,False,True,2.4
CLOUD-001563,AST-02614,GCP,Storage,False,None,True,True,Low,1,False,False,0
CLOUD-001564,AST-02615,GCP,Container,False,None,True,False,Low,1,False,True,1.3
CLOUD-001565,AST-02616,AWS,Networking,False,None,True,False,Low,2,False,True,1.8
CLOUD-001566,AST-02619,GCP,Container,False,None,False,True,High,3,False,True,4.4
CLOUD-001567,AST-02620,AWS,Compute,False,Exposed API Key,True,True,Low,3,False,True,2.8
CLOUD-001568,AST-02621,AWS,Networking,True,None,True,True,Low,7,False,False,4.6
CLOUD-001569,AST-02622,Azure,Storage,True,None,True,True,Medium,1,False,False,4.5
CLOUD-001570,AST-02623,GCP,Serverless,False,None,False,True,Low,3,False,True,2.3
CLOUD-001571,AST-02628,Azure,Compute,False,Public RDS Instance,True,True,High,2,False,True,4.3
CLOUD-001572,AST-02629,Azure,Networking,False,Unencrypted Volume,True,False,Low,3,False,True,3.8
CLOUD-001573,AST-02630,AWS,Analytics,True,None,False,True,Medium,5,False,True,6.5
CLOUD-001574,AST-02635,AWS,Serverless,True,None,True,True,Medium,0,False,False,4.3
CLOUD-001575,AST-02637,GCP,Container,True,None,False,False,Medium,6,False,True,7.9
CLOUD-001576,AST-02638,Azure,Identity,False,None,True,True,Low,2,False,False,0.7
CLOUD-001577,AST-02641,AWS,Database,False,None,True,True,Low,3,False,False,0.7
CLOUD-001578,AST-02643,GCP,DevOps,False,Public S3 Bucket,True,True,Medium,1,False,True,3.5
CLOUD-001579,AST-02645,Azure,DevOps,True,None,False,True,Medium,2,False,True,6.0
CLOUD-001580,AST-02647,GCP,Compute,False,None,True,True,Low,2,False,False,0.9
CLOUD-001581,AST-02648,Azure,Identity,False,Exposed API Key,True,True,Low,1,False,True,2.6
CLOUD-001582,AST-02649,Azure,Database,False,None,True,True,High,1,False,False,2.2
CLOUD-001583,AST-02652,Azure,DevOps,False,None,True,True,High,1,True,False,3.3
CLOUD-001584,AST-02653,GCP,Analytics,False,None,False,True,Low,2,False,True,1.8
CLOUD-001585,AST-02654,Azure,ML,False,Unrotated Access Keys,True,True,Low,0,False,True,1.9
CLOUD-001586,AST-02659,Azure,Storage,False,No MFA on Root Account,True,True,Medium,0,False,True,2.7
CLOUD-001587,AST-02660,GCP,DevOps,False,Logging Disabled,False,True,Low,0,False,True,3.9
CLOUD-001588,AST-02662,Azure,Storage,False,None,True,False,High,3,False,True,3.2
CLOUD-001589,AST-02664,GCP,Database,False,None,True,True,Medium,2,True,False,3.0
CLOUD-001590,AST-02666,Azure,DevOps,False,None,True,True,High,2,False,False,2.6
CLOUD-001591,AST-02667,AWS,Networking,False,None,False,True,Medium,3,False,True,2.7
CLOUD-001592,AST-02670,Azure,Identity,False,None,True,True,Low,2,False,False,0.5
CLOUD-001593,AST-02674,AWS,Serverless,False,None,True,True,Low,2,False,False,0
CLOUD-001594,AST-02676,GCP,Networking,False,None,True,False,Medium,3,False,True,2.5
CLOUD-001595,AST-02679,GCP,ML,False,None,True,False,High,2,False,True,3.6
CLOUD-001596,AST-02680,AWS,Storage,False,None,False,True,High,3,False,True,4.4
CLOUD-001597,AST-02682,AWS,Analytics,True,Exposed API Key,True,True,High,0,False,True,6.7
CLOUD-001598,AST-02683,AWS,Storage,False,None,True,True,Low,0,True,False,1.8
CLOUD-001599,AST-02687,Azure,Container,False,None,True,False,High,3,False,True,3.7
CLOUD-001600,AST-02690,GCP,DevOps,False,Public S3 Bucket,True,False,Medium,1,False,True,4.2
CLOUD-001601,AST-02691,GCP,Compute,False,None,True,True,Medium,2,False,False,1.5
CLOUD-001602,AST-02692,AWS,Storage,True,Unencrypted Volume,True,True,Low,3,False,True,5.3
CLOUD-001603,AST-02694,GCP,Identity,False,None,True,False,High,3,False,True,3.4
CLOUD-001604,AST-02698,Azure,Container,False,Cross-Account Access,True,True,Low,1,False,True,1.9
CLOUD-001605,AST-02699,AWS,Container,False,None,True,True,High,0,False,False,2.2
CLOUD-001606,AST-02702,AWS,Database,False,None,True,True,Medium,0,False,False,1.5
CLOUD-001607,AST-02703,Azure,Identity,False,Logging Disabled,True,True,High,0,False,True,4.4
CLOUD-001608,AST-02704,Azure,Serverless,False,Open Security Group,True,True,Low,2,False,True,2.1
CLOUD-001609,AST-02706,Azure,ML,False,None,True,False,Medium,0,False,True,2.1
CLOUD-001610,AST-02707,AWS,DevOps,False,Exposed API Key,False,False,Medium,3,False,True,6.0
CLOUD-001611,AST-02710,Azure,ML,False,None,True,True,Low,0,False,False,0.4
CLOUD-001612,AST-02712,GCP,DevOps,False,None,True,True,Low,2,False,False,0.8
CLOUD-001613,AST-02713,Azure,Compute,False,None,True,True,Low,2,False,False,0.2
CLOUD-001614,AST-02714,Azure,Database,False,None,True,True,High,3,False,False,2.5
CLOUD-001615,AST-02716,AWS,ML,False,None,True,True,Low,0,False,False,0.4
CLOUD-001616,AST-02717,AWS,Networking,False,None,True,True,Medium,2,False,False,1.2
CLOUD-001617,AST-02719,Azure,Database,False,Logging Disabled,True,True,High,3,False,True,4.1
CLOUD-001618,AST-02721,AWS,Identity,False,None,True,True,Medium,3,False,False,1.1
CLOUD-001619,AST-02722,Azure,Analytics,False,No Versioning on Bucket,False,True,High,1,False,True,5.3
CLOUD-001620,AST-02724,Azure,Storage,False,None,True,True,Low,2,False,False,0.8
CLOUD-001621,AST-02725,GCP,Compute,False,None,True,True,Medium,2,False,False,1.5
CLOUD-001622,AST-02726,Azure,Networking,False,None,True,True,Medium,1,False,False,0.8
CLOUD-001623,AST-02728,Azure,Analytics,False,None,True,True,High,3,False,False,2.5
CLOUD-001624,AST-02729,GCP,Compute,False,None,True,False,Low,2,False,True,1.7
CLOUD-001625,AST-02730,Azure,Serverless,True,None,False,False,Low,5,False,True,6.2
CLOUD-001626,AST-02731,AWS,Container,False,None,True,True,High,2,False,False,2.1
CLOUD-001627,AST-02732,GCP,DevOps,False,Logging Disabled,True,True,Medium,3,False,True,3.1
CLOUD-001628,AST-02734,AWS,Analytics,False,None,True,True,Medium,1,True,False,3.0
CLOUD-001629,AST-02735,Azure,Compute,False,None,True,True,Medium,3,False,False,1.2
CLOUD-001630,AST-02737,Azure,DevOps,False,Open Security Group,True,True,Low,2,False,True,2.7
CLOUD-001631,AST-02739,Azure,Analytics,False,None,True,True,High,1,False,False,2.5
CLOUD-001632,AST-02740,AWS,DevOps,False,None,True,True,High,1,False,False,2.4
CLOUD-001633,AST-02741,Azure,Database,False,Missing WAF,True,True,Medium,0,True,True,5.0
CLOUD-001634,AST-02742,Azure,Analytics,False,None,True,False,Low,2,False,True,1.6
CLOUD-001635,AST-02744,Azure,Analytics,False,None,False,False,Low,1,True,True,4.1
CLOUD-001636,AST-02745,GCP,Database,False,None,True,True,High,3,False,False,2.9
CLOUD-001637,AST-02749,Azure,Container,False,Default VPC,True,True,Low,3,False,True,2.5
CLOUD-001638,AST-02751,Azure,Identity,False,Unrotated Access Keys,False,True,Medium,0,False,True,4.2
CLOUD-001639,AST-02752,Azure,Identity,False,None,False,True,High,3,False,True,4.1
CLOUD-001640,AST-02753,Azure,Container,False,Logging Disabled,True,True,Medium,0,False,True,2.8
CLOUD-001641,AST-02754,AWS,Identity,False,None,True,True,Medium,0,False,False,0.7
CLOUD-001642,AST-02756,AWS,Identity,False,None,True,True,High,2,True,False,4.4
CLOUD-001643,AST-02758,AWS,Storage,False,None,True,True,Low,2,False,False,0.6
CLOUD-001644,AST-02759,GCP,Networking,True,Cross-Account Access,True,True,Medium,0,False,True,6.2
CLOUD-001645,AST-02760,Azure,Analytics,False,None,True,False,High,3,False,True,3.8
CLOUD-001646,AST-02761,Azure,Database,False,None,True,False,High,0,False,True,2.6
CLOUD-001647,AST-02764,Azure,Analytics,False,Unrotated Access Keys,True,True,Low,0,False,True,1.9
CLOUD-001648,AST-02766,Azure,Serverless,False,None,True,True,High,3,False,False,2.5
CLOUD-001649,AST-02769,Azure,ML,False,Public S3 Bucket,False,True,Medium,2,False,True,5.2
CLOUD-001650,AST-02771,AWS,ML,False,None,True,False,High,2,False,True,3.1
CLOUD-001651,AST-02773,AWS,Container,False,None,True,True,High,3,False,False,2.7
CLOUD-001652,AST-02775,GCP,ML,True,Missing WAF,True,True,High,10,False,True,8.7
CLOUD-001653,AST-02777,Azure,ML,False,None,True,True,Medium,2,False,False,1.7
CLOUD-001654,AST-02778,GCP,Database,False,None,True,False,Medium,0,False,True,1.9
CLOUD-001655,AST-02782,AWS,Database,True,None,True,True,Medium,9,False,False,5.7
CLOUD-001656,AST-02783,GCP,Database,False,None,True,False,High,1,False,True,3.1
CLOUD-001657,AST-02784,GCP,Networking,True,None,True,True,High,9,False,False,7.1
CLOUD-001658,AST-02785,GCP,Networking,False,Open Security Group,True,False,High,2,False,True,5.5
CLOUD-001659,AST-02786,GCP,Analytics,False,None,True,False,Medium,2,False,True,2.3
CLOUD-001660,AST-02787,GCP,Storage,False,None,True,True,Medium,1,False,False,1.6
CLOUD-001661,AST-02788,Azure,Networking,True,None,True,True,Low,9,False,False,5.2
CLOUD-001662,AST-02789,GCP,ML,False,None,False,True,Low,1,False,True,1.9
CLOUD-001663,AST-02790,GCP,Storage,False,None,True,True,Low,0,False,False,0
CLOUD-001664,AST-02791,GCP,Networking,False,Missing WAF,True,True,Medium,2,False,True,3.4
CLOUD-001665,AST-02792,GCP,DevOps,False,None,True,True,Low,1,False,False,0.5
CLOUD-001666,AST-02801,AWS,Compute,False,None,True,True,Low,0,False,False,0
CLOUD-001667,AST-02802,Azure,Storage,False,None,True,True,High,2,False,False,2.6
CLOUD-001668,AST-02803,AWS,ML,True,Unencrypted Volume,True,True,High,4,False,True,7.4
CLOUD-001669,AST-02804,GCP,ML,False,None,True,False,Low,0,False,True,0.7
CLOUD-001670,AST-02806,AWS,Compute,False,None,True,False,High,1,False,True,2.9
CLOUD-001671,AST-02807,Azure,Analytics,False,None,True,False,Medium,3,False,True,2.5
CLOUD-001672,AST-02808,Azure,Storage,False,None,True,True,Medium,3,False,False,1.2
CLOUD-001673,AST-02809,GCP,Analytics,False,Default VPC,True,True,High,1,True,True,5.5
CLOUD-001674,AST-02812,AWS,Networking,False,None,True,True,Medium,1,False,False,1.2
CLOUD-001675,AST-02814,GCP,Analytics,False,None,True,True,Medium,2,False,False,0.9
CLOUD-001676,AST-02815,Azure,Database,False,Unencrypted Volume,True,True,High,1,False,True,4.5
CLOUD-001677,AST-02816,GCP,Database,False,None,True,True,Low,0,False,False,0
CLOUD-001678,AST-02817,Azure,Analytics,False,None,True,True,Low,3,False,False,0.1
CLOUD-001679,AST-02818,Azure,Networking,True,None,False,True,Medium,7,False,True,7.1
CLOUD-001680,AST-02819,AWS,DevOps,False,None,True,True,Low,1,False,False,0
CLOUD-001681,AST-02821,GCP,Compute,False,Default VPC,True,False,Medium,1,False,True,3.9
CLOUD-001682,AST-02823,Azure,Compute,False,None,False,True,Medium,2,False,True,3.0
CLOUD-001683,AST-02824,GCP,Identity,False,Missing WAF,True,True,Low,0,False,True,2.5
CLOUD-001684,AST-02827,Azure,Analytics,False,None,False,True,High,1,False,True,3.9
CLOUD-001685,AST-02829,Azure,Database,False,None,True,True,Low,2,False,False,0.8
CLOUD-001686,AST-02830,Azure,ML,False,None,True,True,High,1,True,False,3.3
CLOUD-001687,AST-02833,GCP,Database,False,None,True,True,Low,0,False,False,0
CLOUD-001688,AST-02834,AWS,Identity,False,None,True,True,Medium,1,False,False,1.0
CLOUD-001689,AST-02835,AWS,Networking,True,Exposed API Key,True,True,Medium,9,False,True,8.3
CLOUD-001690,AST-02837,GCP,Database,True,Public S3 Bucket,True,True,High,3,False,True,7.7
CLOUD-001691,AST-02838,GCP,Serverless,False,None,True,False,High,3,False,True,3.4
CLOUD-001692,AST-02839,AWS,DevOps,False,None,True,True,Low,2,False,False,0.6
CLOUD-001693,AST-02840,AWS,ML,False,None,True,True,Medium,3,False,False,1.6
CLOUD-001694,AST-02841,AWS,Compute,False,None,True,False,Medium,3,False,True,2.5
CLOUD-001695,AST-02843,GCP,Container,False,Overly Permissive IAM Policy,True,False,Low,0,True,True,4.4
CLOUD-001696,AST-02844,AWS,Networking,False,None,True,False,Medium,1,False,True,2.6
CLOUD-001697,AST-02845,GCP,DevOps,False,Overly Permissive IAM Policy,False,True,High,1,False,True,5.6
CLOUD-001698,AST-02848,AWS,Database,False,None,True,True,High,0,False,False,2.5
CLOUD-001699,AST-02850,GCP,Serverless,False,Unencrypted Volume,True,True,Low,3,False,True,2.5
CLOUD-001700,AST-02851,GCP,Analytics,False,Unrotated Access Keys,True,True,Low,3,False,True,2.3
CLOUD-001701,AST-02852,GCP,Analytics,False,None,True,True,High,3,False,False,2.9
CLOUD-001702,AST-02853,Azure,Storage,False,None,True,True,Medium,2,False,False,1.5
CLOUD-001703,AST-02854,Azure,ML,False,None,True,True,Low,1,False,False,0
CLOUD-001704,AST-02855,GCP,DevOps,False,Open Security Group,True,False,High,0,False,True,5.2
CLOUD-001705,AST-02857,GCP,Networking,False,None,True,True,High,0,False,False,1.5
CLOUD-001706,AST-02858,GCP,Identity,False,No Network ACL,True,False,Low,1,True,True,5.0
CLOUD-001707,AST-02859,AWS,DevOps,False,None,False,True,Medium,2,False,True,3.3
CLOUD-001708,AST-02860,AWS,Database,False,Open Security Group,True,False,High,0,False,True,4.6
CLOUD-001709,AST-02862,AWS,Identity,False,None,True,False,Low,1,False,True,0.7
CLOUD-001710,AST-02863,GCP,Container,False,None,True,True,Medium,0,False,False,1.3
CLOUD-001711,AST-02865,Azure,Compute,True,None,True,True,Medium,4,False,False,4.9
CLOUD-001712,AST-02866,Azure,ML,False,None,True,False,High,0,False,True,3.1
CLOUD-001713,AST-02870,AWS,Compute,False,None,True,True,High,0,False,False,2.0
CLOUD-001714,AST-02872,Azure,Serverless,True,None,True,True,Low,9,True,False,6.2
CLOUD-001715,AST-02873,Azure,Compute,False,None,True,True,High,1,False,False,2.4
CLOUD-001716,AST-02874,AWS,Compute,False,None,False,False,Low,1,False,True,2.8
CLOUD-001717,AST-02877,Azure,Database,False,Unencrypted Volume,True,True,High,2,False,True,4.7
CLOUD-001718,AST-02880,GCP,Database,False,None,True,True,High,0,False,False,1.8
CLOUD-001719,AST-02881,AWS,Compute,False,No Network ACL,True,False,Low,3,False,True,3.8
CLOUD-001720,AST-02883,Azure,Storage,True,Exposed API Key,True,True,High,5,False,True,8.0
CLOUD-001721,AST-02884,GCP,Serverless,False,Cross-Account Access,True,True,Low,0,False,True,2.2
CLOUD-001722,AST-02885,AWS,DevOps,True,None,True,True,Low,0,False,False,3.2
CLOUD-001723,AST-02886,Azure,Networking,False,None,False,False,High,2,False,True,5.2
CLOUD-001724,AST-02887,Azure,Identity,False,None,True,False,Medium,1,False,True,1.8
CLOUD-001725,AST-02888,Azure,Analytics,False,None,True,True,Low,0,False,False,0
CLOUD-001726,AST-02889,AWS,Serverless,False,None,True,True,High,0,False,False,1.5
CLOUD-001727,AST-02890,AWS,Networking,False,None,True,True,Medium,1,False,False,1.4
CLOUD-001728,AST-02891,GCP,Analytics,False,Unencrypted Volume,True,False,High,1,False,True,5.5
CLOUD-001729,AST-02892,Azure,Serverless,False,Unrotated Access Keys,False,False,Medium,2,False,True,5.7
CLOUD-001730,AST-02893,AWS,Database,True,None,True,True,Low,8,False,False,4.2
CLOUD-001731,AST-02894,AWS,ML,False,None,True,True,Medium,0,False,False,1.3
CLOUD-001732,AST-02895,AWS,DevOps,True,None,True,False,Medium,4,False,True,6.1
CLOUD-001733,AST-02896,GCP,Networking,False,Cross-Account Access,True,False,High,1,False,True,5.3
CLOUD-001734,AST-02898,AWS,Compute,False,None,True,True,Medium,3,False,False,2.0
CLOUD-001735,AST-02899,GCP,Database,False,None,True,False,Medium,3,False,True,3.0
CLOUD-001736,AST-02900,GCP,Networking,False,None,False,True,Medium,1,False,True,2.3
CLOUD-001737,AST-02901,GCP,Storage,False,Open Security Group,False,True,Medium,1,False,True,5.0
CLOUD-001738,AST-02905,AWS,ML,False,None,True,True,High,1,False,False,2.6
CLOUD-001739,AST-02907,GCP,DevOps,False,None,True,True,Medium,3,False,False,1.5
CLOUD-001740,AST-02909,AWS,Compute,False,None,True,True,High,0,False,False,2.4
CLOUD-001741,AST-02913,Azure,Analytics,False,None,True,False,Medium,1,True,True,4.0
CLOUD-001742,AST-02914,AWS,Analytics,False,No Network ACL,False,True,High,0,False,True,5.7
CLOUD-001743,AST-02916,AWS,Networking,False,Cross-Account Access,True,False,Low,3,False,True,4.0
CLOUD-001744,AST-02918,GCP,Compute,False,None,False,True,High,0,False,True,4.0
CLOUD-001745,AST-02919,AWS,Database,False,Logging Disabled,True,True,Medium,3,False,True,3.6
CLOUD-001746,AST-02921,Azure,Identity,False,None,True,True,Medium,0,False,False,1.2
CLOUD-001747,AST-02924,AWS,Database,False,Default VPC,True,True,High,1,False,True,4.5
CLOUD-001748,AST-02929,GCP,Analytics,True,None,True,True,High,3,False,False,5.5
CLOUD-001749,AST-02930,AWS,Analytics,False,Missing WAF,True,False,High,0,False,True,4.9
CLOUD-001750,AST-02931,Azure,Database,False,No Versioning on Bucket,False,False,Low,3,False,True,5.1
CLOUD-001751,AST-02934,GCP,Storage,False,None,False,True,Low,0,False,True,1.8
CLOUD-001752,AST-02936,GCP,Database,False,None,True,False,Medium,2,False,True,2.7
CLOUD-001753,AST-02937,GCP,Storage,False,None,True,True,Medium,2,False,False,1.7
CLOUD-001754,AST-02941,GCP,ML,False,None,False,True,Low,1,False,True,1.6
CLOUD-001755,AST-02942,AWS,Networking,False,Unrotated Access Keys,True,True,Low,1,False,True,2.6
CLOUD-001756,AST-02943,AWS,DevOps,False,Default VPC,True,True,Medium,1,False,True,3.3
CLOUD-001757,AST-02944,AWS,Storage,False,None,True,True,Medium,0,False,False,1.1
CLOUD-001758,AST-02945,Azure,Compute,False,None,True,True,Medium,0,False,False,1.4
CLOUD-001759,AST-02946,GCP,Identity,False,Cross-Account Access,True,True,Medium,1,False,True,3.4
CLOUD-001760,AST-02947,GCP,Networking,False,None,True,True,Low,1,False,False,0
CLOUD-001761,AST-02948,Azure,Analytics,False,None,True,False,Medium,2,False,True,2.3
CLOUD-001762,AST-02949,GCP,Compute,False,Open Security Group,True,True,Medium,3,False,True,3.4
CLOUD-001763,AST-02950,GCP,Analytics,False,None,True,True,High,0,False,False,1.9
CLOUD-001764,AST-02951,Azure,ML,False,None,True,True,High,3,False,False,2.9
CLOUD-001765,AST-02952,Azure,Storage,False,None,True,True,Low,0,False,False,0
CLOUD-001766,AST-02954,Azure,Networking,True,None,True,True,Low,2,False,False,3.7
CLOUD-001767,AST-02956,GCP,Container,True,Public RDS Instance,True,True,Medium,5,False,True,7.2
CLOUD-001768,AST-02957,Azure,Container,True,None,True,True,Medium,8,False,False,5.4
CLOUD-001769,AST-02960,AWS,DevOps,False,Default VPC,True,True,Low,0,False,True,2.3
CLOUD-001770,AST-02962,GCP,ML,True,None,True,True,Low,10,False,False,4.6
CLOUD-001771,AST-02963,AWS,ML,False,None,False,True,Low,3,False,True,2.1
CLOUD-001772,AST-02965,Azure,Database,False,No Versioning on Bucket,True,True,Low,1,False,True,2.1
CLOUD-001773,AST-02968,Azure,Analytics,False,No Network ACL,True,True,High,0,False,True,4.4
CLOUD-001774,AST-02969,AWS,Analytics,False,None,True,True,Low,1,False,False,0.4
CLOUD-001775,AST-02970,GCP,Serverless,False,None,True,True,Medium,2,False,False,1.6
CLOUD-001776,AST-02971,GCP,Analytics,False,None,True,True,Medium,0,False,False,0.9
CLOUD-001777,AST-02973,AWS,Container,False,None,True,False,Low,2,False,True,1.5
CLOUD-001778,AST-02975,AWS,Analytics,False,None,True,True,Low,3,False,False,1.0
CLOUD-001779,AST-02976,AWS,ML,True,None,True,True,Medium,5,False,False,4.9
CLOUD-001780,AST-02982,AWS,Identity,False,Overly Permissive IAM Policy,False,False,High,0,False,True,6.8
CLOUD-001781,AST-02985,GCP,DevOps,False,None,True,True,High,0,False,False,1.6
CLOUD-001782,AST-02988,Azure,Compute,False,None,True,True,Low,2,False,False,0.5
CLOUD-001783,AST-02991,GCP,Analytics,False,Cross-Account Access,True,True,High,3,False,True,4.6
CLOUD-001784,AST-02992,Azure,Analytics,False,None,True,True,Low,2,True,False,1.5
CLOUD-001785,AST-02993,Azure,DevOps,False,None,True,True,Medium,3,False,False,1.4
CLOUD-001786,AST-02994,Azure,Compute,False,Unrotated Access Keys,False,True,Medium,2,False,True,5.3
CLOUD-001787,AST-02996,Azure,Networking,False,None,True,True,Medium,3,True,False,3.6
CLOUD-001788,AST-02997,GCP,Compute,False,Unrotated Access Keys,True,False,Low,2,False,True,3.1
CLOUD-001789,AST-02998,GCP,DevOps,False,None,True,True,Medium,1,True,False,3.0
CLOUD-001790,AST-03001,Azure,Networking,False,None,True,True,Low,2,False,False,0.3
CLOUD-001791,AST-03002,Azure,Compute,False,None,False,True,Low,2,False,True,2.2
CLOUD-001792,AST-03003,AWS,Serverless,False,None,True,True,High,2,False,False,2.3
CLOUD-001793,AST-03004,AWS,Serverless,False,None,True,True,Medium,1,False,False,0.8
CLOUD-001794,AST-03005,AWS,Storage,False,None,True,True,High,2,False,False,2.3
CLOUD-001795,AST-03006,GCP,Analytics,False,None,True,False,Medium,3,False,True,2.6
CLOUD-001796,AST-03007,Azure,Serverless,True,None,True,True,Medium,7,False,False,5.0
CLOUD-001797,AST-03008,AWS,ML,False,None,True,True,Low,1,False,False,0.4
CLOUD-001798,AST-03009,Azure,ML,False,Logging Disabled,True,True,Low,1,True,True,3.4
CLOUD-001799,AST-03012,Azure,Analytics,True,None,True,True,High,7,False,False,6.0
CLOUD-001800,AST-03016,GCP,Storage,False,Unrotated Access Keys,True,True,Low,3,False,True,2.5
CLOUD-001801,AST-03018,GCP,Storage,False,None,False,True,High,2,False,True,4.2
CLOUD-001802,AST-03019,AWS,Networking,False,None,True,True,Low,1,False,False,0.6
CLOUD-001803,AST-03020,GCP,Networking,False,None,True,True,Low,2,False,False,0.0
CLOUD-001804,AST-03021,AWS,Database,False,None,True,True,High,2,False,False,2.5
CLOUD-001805,AST-03022,Azure,DevOps,False,None,True,True,High,2,False,False,1.9
CLOUD-001806,AST-03023,AWS,Compute,False,None,True,True,Low,3,False,False,0.4
CLOUD-001807,AST-03025,GCP,ML,False,None,True,True,High,1,True,False,3.8
CLOUD-001808,AST-03026,Azure,Analytics,False,None,True,True,High,1,False,False,2.0
CLOUD-001809,AST-03029,GCP,Database,False,No MFA on Root Account,True,False,Medium,1,False,True,3.8
CLOUD-001810,AST-03030,Azure,ML,False,Cross-Account Access,False,False,Low,3,False,True,4.9
CLOUD-001811,AST-03031,AWS,Compute,False,Unencrypted Volume,True,True,High,1,False,True,4.5
CLOUD-001812,AST-03032,GCP,Database,False,Unrotated Access Keys,True,True,Medium,1,False,True,3.0
CLOUD-001813,AST-03035,Azure,Networking,False,None,True,True,High,3,False,False,2.7
CLOUD-001814,AST-03036,Azure,Compute,False,Open Security Group,False,True,Low,1,False,True,3.5
CLOUD-001815,AST-03037,AWS,Container,False,Open Security Group,True,False,Medium,0,False,True,3.9
CLOUD-001816,AST-03038,GCP,Compute,False,Unrotated Access Keys,True,True,Medium,0,False,True,2.8
CLOUD-001817,AST-03041,GCP,Analytics,True,None,True,True,Medium,1,False,False,4.4
CLOUD-001818,AST-03042,Azure,DevOps,True,Overly Permissive IAM Policy,True,False,Low,7,False,True,7.7
CLOUD-001819,AST-03043,Azure,ML,False,Public S3 Bucket,True,True,Low,2,False,True,2.7
CLOUD-001820,AST-03045,AWS,DevOps,False,No MFA on Root Account,True,True,Low,3,False,True,2.2
CLOUD-001821,AST-03046,AWS,ML,True,Overly Permissive IAM Policy,True,False,Low,6,False,True,7.4
CLOUD-001822,AST-03048,GCP,Identity,False,None,True,True,Medium,3,False,False,1.5
CLOUD-001823,AST-03049,Azure,Identity,False,None,True,True,High,1,False,False,2.1
CLOUD-001824,AST-03050,GCP,Analytics,True,None,False,True,High,9,False,True,8.5
CLOUD-001825,AST-03051,GCP,Analytics,True,Unrotated Access Keys,True,True,High,7,False,True,8.4
CLOUD-001826,AST-03052,GCP,Networking,False,Public RDS Instance,True,False,Medium,3,False,True,4.5
CLOUD-001827,AST-03053,GCP,Container,False,None,True,True,Medium,2,False,False,1.2
CLOUD-001828,AST-03054,Azure,Compute,False,None,True,False,Medium,2,True,True,4.4
CLOUD-001829,AST-03055,Azure,Compute,False,Public RDS Instance,True,True,Low,1,False,True,2.0
CLOUD-001830,AST-03056,Azure,Database,False,None,False,True,High,0,False,True,3.1
CLOUD-001831,AST-03059,GCP,Analytics,False,None,True,False,Low,1,False,True,1.6
CLOUD-001832,AST-03060,Azure,DevOps,False,None,True,True,High,0,True,False,3.8
CLOUD-001833,AST-03061,AWS,ML,True,Public RDS Instance,True,False,Medium,7,False,True,8.6
CLOUD-001834,AST-03062,Azure,ML,True,No Versioning on Bucket,True,False,High,9,False,True,10
CLOUD-001835,AST-03063,AWS,DevOps,True,None,False,True,High,3,True,True,8.3
CLOUD-001836,AST-03064,AWS,Database,False,None,True,False,High,2,False,True,3.4
CLOUD-001837,AST-03065,AWS,Identity,False,None,True,True,Low,1,True,False,1.9
CLOUD-001838,AST-03067,AWS,Database,False,None,True,True,High,0,False,False,2.3
CLOUD-001839,AST-03069,AWS,DevOps,False,None,True,True,High,2,False,False,2.4
CLOUD-001840,AST-03071,GCP,Analytics,False,None,True,True,High,0,False,False,2.4
CLOUD-001841,AST-03072,AWS,Database,False,None,False,True,High,0,False,True,3.7
CLOUD-001842,AST-03073,GCP,Database,False,Exposed API Key,True,True,Medium,1,False,True,3.2
CLOUD-001843,AST-03074,GCP,Analytics,False,None,False,True,High,1,False,True,3.8
CLOUD-001844,AST-03078,AWS,Container,True,None,True,True,Medium,6,False,False,5.0
CLOUD-001845,AST-03079,Azure,Networking,False,None,True,False,Medium,1,False,True,2.1
CLOUD-001846,AST-03080,AWS,Serverless,False,None,True,True,Medium,0,False,False,1.1
CLOUD-001847,AST-03081,GCP,Analytics,False,Unrotated Access Keys,True,True,Medium,3,False,True,3.5
CLOUD-001848,AST-03082,GCP,DevOps,True,None,True,True,High,2,False,False,5.9
CLOUD-001849,AST-03084,Azure,Container,False,None,True,False,Medium,2,False,True,1.9
CLOUD-001850,AST-03085,Azure,Analytics,False,None,True,False,Low,3,False,True,1.7
CLOUD-001851,AST-03086,GCP,Storage,True,None,True,False,Medium,6,False,True,5.7
CLOUD-001852,AST-03087,AWS,Container,False,None,True,True,Medium,2,False,False,0.9
CLOUD-001853,AST-03088,AWS,Database,False,None,True,True,High,0,False,False,2.2
CLOUD-001854,AST-03089,AWS,Container,False,None,True,True,High,2,False,False,2.0
CLOUD-001855,AST-03092,GCP,Database,False,None,False,True,High,0,False,True,3.4
CLOUD-001856,AST-03093,GCP,Networking,False,Cross-Account Access,True,True,High,0,True,True,5.3
CLOUD-001857,AST-03094,Azure,Serverless,False,Missing WAF,False,False,Low,1,False,True,5.1
CLOUD-001858,AST-03095,AWS,Database,True,None,False,True,Low,7,False,True,6.1
CLOUD-001859,AST-03098,GCP,Compute,False,None,False,True,Low,3,False,True,1.6
CLOUD-001860,AST-03099,AWS,Identity,False,Unencrypted Volume,False,True,Low,3,False,True,4.4
CLOUD-001861,AST-03101,Azure,Serverless,False,None,True,True,High,0,True,False,3.7
CLOUD-001862,AST-03104,Azure,Identity,False,None,True,True,Medium,2,False,False,1.8
CLOUD-001863,AST-03105,Azure,Database,False,None,True,True,Low,2,False,False,0
CLOUD-001864,AST-03106,GCP,Compute,False,None,True,True,Low,1,False,False,0.4
CLOUD-001865,AST-03108,Azure,Container,True,None,True,True,Medium,1,False,False,3.7
CLOUD-001866,AST-03109,Azure,DevOps,False,Cross-Account Access,True,True,High,2,False,True,4.5
CLOUD-001867,AST-03110,Azure,ML,False,None,True,True,Low,0,False,False,0
CLOUD-001868,AST-03111,Azure,DevOps,False,None,True,True,Medium,3,False,False,1.9
CLOUD-001869,AST-03112,Azure,DevOps,True,Missing WAF,True,True,Medium,6,False,True,7.1
CLOUD-001870,AST-03115,GCP,Analytics,False,None,True,False,High,1,False,True,2.7
CLOUD-001871,AST-03116,GCP,Networking,True,None,True,True,High,8,False,False,6.8
CLOUD-001872,AST-03117,Azure,Analytics,False,Cross-Account Access,True,False,Low,2,False,True,3.0
CLOUD-001873,AST-03118,GCP,Database,False,None,True,True,Low,1,False,False,0.2
CLOUD-001874,AST-03120,GCP,Networking,False,None,True,True,Low,0,False,False,0.3
CLOUD-001875,AST-03121,GCP,ML,False,None,False,True,High,0,False,True,3.0
CLOUD-001876,AST-03123,GCP,Container,False,Exposed API Key,True,True,Low,3,False,True,2.8
CLOUD-001877,AST-03124,Azure,DevOps,False,None,True,True,High,0,False,False,1.9
CLOUD-001878,AST-03125,AWS,Identity,False,None,True,True,High,0,False,False,1.9
CLOUD-001879,AST-03126,AWS,Compute,False,None,True,True,High,3,False,False,2.9
CLOUD-001880,AST-03130,GCP,Networking,False,None,True,False,Medium,1,False,True,1.8
CLOUD-001881,AST-03133,AWS,Analytics,True,None,True,True,High,9,False,False,7.0
CLOUD-001882,AST-03134,GCP,Identity,False,Unrotated Access Keys,True,True,Low,2,False,True,2.0
CLOUD-001883,AST-03135,AWS,Database,False,None,True,False,Medium,3,False,True,2.3
CLOUD-001884,AST-03138,Azure,Analytics,False,Public RDS Instance,True,True,High,2,False,True,4.2
CLOUD-001885,AST-03140,GCP,Identity,True,None,True,False,Low,7,False,True,5.7
CLOUD-001886,AST-03141,AWS,Storage,False,No Network ACL,True,False,High,3,False,True,6.0
CLOUD-001887,AST-03146,Azure,ML,False,None,True,True,Medium,3,False,False,1.5
CLOUD-001888,AST-03149,GCP,Storage,False,Cross-Account Access,True,True,Medium,3,False,True,3.4
CLOUD-001889,AST-03150,GCP,DevOps,False,None,False,False,High,1,False,True,4.2
CLOUD-001890,AST-03152,Azure,ML,False,None,True,True,Medium,2,False,False,1.9
CLOUD-001891,AST-03156,AWS,Database,True,None,True,True,Low,5,False,False,3.9
CLOUD-001892,AST-03157,Azure,Database,True,None,True,True,High,1,False,False,5.6
CLOUD-001893,AST-03158,AWS,DevOps,False,None,True,True,High,0,False,False,2.3
CLOUD-001894,AST-03159,AWS,Container,False,None,True,True,Medium,2,False,False,1.4
CLOUD-001895,AST-03160,AWS,DevOps,True,None,True,True,Low,8,False,False,4.8
CLOUD-001896,AST-03161,GCP,Serverless,False,No Versioning on Bucket,False,True,Medium,1,False,True,4.7
CLOUD-001897,AST-03162,Azure,DevOps,False,None,True,True,Medium,2,False,False,1.3
CLOUD-001898,AST-03163,GCP,Database,False,None,True,True,Medium,0,True,False,2.9
CLOUD-001899,AST-03168,Azure,ML,False,None,True,True,High,2,False,False,2.1
CLOUD-001900,AST-03169,GCP,Compute,False,None,True,True,Medium,3,False,False,1.5
CLOUD-001901,AST-03170,GCP,Compute,False,No Versioning on Bucket,True,False,Low,2,False,True,3.0
CLOUD-001902,AST-03172,Azure,Container,False,None,False,True,Medium,1,False,True,2.8
CLOUD-001903,AST-03174,GCP,Networking,False,None,True,False,Medium,1,True,True,3.3
CLOUD-001904,AST-03175,AWS,Networking,False,None,True,True,High,0,True,False,3.4
CLOUD-001905,AST-03177,GCP,Storage,True,None,False,True,High,8,False,True,8.0
CLOUD-001906,AST-03182,GCP,Storage,False,None,True,True,Medium,0,False,False,0.6
CLOUD-001907,AST-03183,Azure,Compute,True,Unencrypted Volume,True,True,High,1,False,True,6.8
CLOUD-001908,AST-03184,Azure,Container,True,None,True,True,Medium,2,False,False,4.7
CLOUD-001909,AST-03188,AWS,Storage,False,None,True,True,High,0,False,False,2.2
CLOUD-001910,AST-03189,AWS,Identity,False,None,False,True,High,2,False,True,4.2
CLOUD-001911,AST-03190,AWS,Serverless,False,Cross-Account Access,True,True,Low,3,False,True,2.1
CLOUD-001912,AST-03193,AWS,Networking,False,None,False,False,High,3,False,True,5.4
CLOUD-001913,AST-03195,AWS,Compute,True,None,False,True,Low,9,False,True,5.9
CLOUD-001914,AST-03196,Azure,Networking,False,None,True,True,Low,2,True,False,1.6
CLOUD-001915,AST-03197,Azure,ML,False,None,True,False,High,0,False,True,2.5
CLOUD-001916,AST-03200,Azure,Compute,False,None,True,True,Medium,0,False,False,1.2
CLOUD-001917,AST-03201,Azure,Serverless,False,None,True,True,Low,2,False,False,0
CLOUD-001918,AST-03202,GCP,Compute,False,None,True,True,Medium,1,False,False,1.3
CLOUD-001919,AST-03203,AWS,Compute,False,None,True,True,Low,0,False,False,0.0
CLOUD-001920,AST-03207,Azure,DevOps,False,None,True,True,Medium,3,False,False,1.4
CLOUD-001921,AST-03210,Azure,Storage,False,None,True,True,Low,0,False,False,0.1
CLOUD-001922,AST-03212,Azure,Database,True,None,True,True,Medium,9,False,False,6.1
CLOUD-001923,AST-03213,GCP,Storage,False,None,True,True,Low,0,False,False,0.3
CLOUD-001924,AST-03215,AWS,Database,False,None,True,False,High,0,False,True,3.2
CLOUD-001925,AST-03217,GCP,Storage,False,None,True,True,Low,1,False,False,0
CLOUD-001926,AST-03218,GCP,Serverless,False,No Versioning on Bucket,True,True,Low,3,False,True,2.2
CLOUD-001927,AST-03219,Azure,Database,False,Missing WAF,False,True,Medium,3,True,True,6.9
CLOUD-001928,AST-03221,GCP,Analytics,False,None,True,False,Low,0,False,True,0.6
CLOUD-001929,AST-03222,Azure,Container,True,None,True,True,High,1,False,False,5.2
CLOUD-001930,AST-03224,AWS,Networking,False,None,True,True,Low,1,False,False,0.4
CLOUD-001931,AST-03225,Azure,Storage,True,No Versioning on Bucket,False,True,High,2,False,True,8.5
CLOUD-001932,AST-03226,Azure,Database,True,None,True,True,Low,9,False,False,5.0
CLOUD-001933,AST-03228,AWS,Serverless,True,Default VPC,True,True,Medium,8,False,True,7.5
CLOUD-001934,AST-03229,AWS,Identity,False,None,True,True,Low,0,False,False,0.1
CLOUD-001935,AST-03230,AWS,ML,True,None,True,True,Medium,9,False,False,6.1
CLOUD-001936,AST-03231,GCP,DevOps,False,None,True,False,Low,2,True,True,3.3
CLOUD-001937,AST-03232,AWS,ML,False,None,True,True,Low,2,False,False,0.3
CLOUD-001938,AST-03233,Azure,ML,False,None,True,True,High,0,False,False,2.2
CLOUD-001939,AST-03234,GCP,Storage,False,None,True,True,Medium,1,False,False,0.8
CLOUD-001940,AST-03235,GCP,DevOps,False,None,True,True,Medium,2,False,False,1.3
CLOUD-001941,AST-03236,Azure,ML,False,Public S3 Bucket,False,True,Medium,2,False,True,4.5
CLOUD-001942,AST-03237,AWS,Identity,False,None,False,False,Low,3,False,True,2.8
CLOUD-001943,AST-03238,Azure,ML,False,None,True,True,Medium,0,False,False,1.2
CLOUD-001944,AST-03240,GCP,Storage,True,Public S3 Bucket,False,False,High,8,False,True,10
CLOUD-001945,AST-03241,AWS,Analytics,False,Public RDS Instance,True,True,High,3,True,True,6.3
CLOUD-001946,AST-03242,GCP,Identity,False,None,True,False,Low,1,False,True,0.8
CLOUD-001947,AST-03243,Azure,Networking,False,Default VPC,True,True,Low,0,False,True,2.0
CLOUD-001948,AST-03246,AWS,Analytics,False,None,True,True,Medium,2,False,False,1.0
CLOUD-001949,AST-03248,Azure,Container,False,None,False,True,Low,0,False,True,1.8
CLOUD-001950,AST-03249,AWS,Identity,False,None,True,True,Medium,1,False,False,0.8
CLOUD-001951,AST-03251,AWS,ML,False,None,False,False,Low,1,False,True,2.4
CLOUD-001952,AST-03252,GCP,Container,False,Exposed API Key,True,True,Low,1,False,True,2.5
CLOUD-001953,AST-03254,AWS,Database,False,None,True,True,Medium,0,False,False,0.8
CLOUD-001954,AST-03255,AWS,Serverless,False,None,True,True,Low,3,False,False,0.6
CLOUD-001955,AST-03257,Azure,Compute,True,None,True,True,Low,7,False,False,4.9
CLOUD-001956,AST-03258,Azure,Compute,False,Missing WAF,True,True,High,1,False,True,4.4
CLOUD-001957,AST-03261,GCP,Networking,False,None,True,True,Low,0,False,False,0
CLOUD-001958,AST-03265,GCP,Database,False,None,True,False,High,3,True,True,4.6
CLOUD-001959,AST-03266,AWS,Compute,False,None,True,True,Low,2,False,False,0.4
CLOUD-001960,AST-03269,Azure,DevOps,False,None,True,False,Medium,1,False,True,1.9
CLOUD-001961,AST-03271,GCP,Database,True,Overly Permissive IAM Policy,False,True,Medium,5,False,True,8.6
CLOUD-001962,AST-03272,AWS,Database,False,None,False,False,High,1,False,True,5.1
CLOUD-001963,AST-03273,AWS,Storage,False,None,True,True,Low,3,False,False,0.5
CLOUD-001964,AST-03274,AWS,Storage,False,Unencrypted Volume,True,True,Medium,3,False,True,3.4
CLOUD-001965,AST-03275,Azure,Compute,False,None,True,True,Low,0,False,False,0.0
CLOUD-001966,AST-03276,Azure,Networking,False,Unrotated Access Keys,False,True,High,0,False,True,5.0
CLOUD-001967,AST-03277,AWS,Storage,False,None,False,True,Low,3,False,True,2.5
CLOUD-001968,AST-03278,AWS,Analytics,False,Overly Permissive IAM Policy,True,False,Medium,2,False,True,4.6
CLOUD-001969,AST-03280,GCP,ML,False,None,True,True,Medium,3,False,False,1.8
CLOUD-001970,AST-03281,Azure,DevOps,False,None,True,False,Low,0,False,True,1.0
CLOUD-001971,AST-03285,Azure,Storage,False,None,False,True,Low,1,False,True,1.3
CLOUD-001972,AST-03286,AWS,ML,False,None,True,True,High,3,True,False,4.2
CLOUD-001973,AST-03287,AWS,Analytics,False,None,True,True,Low,1,False,False,0.6
CLOUD-001974,AST-03288,AWS,Storage,True,None,True,True,Medium,2,False,False,4.3
CLOUD-001975,AST-03289,Azure,Identity,False,Cross-Account Access,False,True,High,2,False,True,5.6
CLOUD-001976,AST-03290,AWS,Storage,False,None,False,True,High,2,False,True,3.6
CLOUD-001977,AST-03291,AWS,Serverless,True,None,True,True,Medium,3,False,False,4.3
CLOUD-001978,AST-03292,GCP,DevOps,False,None,False,True,Low,1,False,True,1.2
CLOUD-001979,AST-03294,Azure,Container,False,None,False,True,High,3,False,True,3.8
CLOUD-001980,AST-03295,Azure,ML,False,Public RDS Instance,True,False,High,1,False,True,5.0
CLOUD-001981,AST-03296,Azure,Container,False,None,True,True,High,3,True,False,4.5
CLOUD-001982,AST-03297,AWS,DevOps,False,Exposed API Key,True,True,High,2,False,True,4.1
CLOUD-001983,AST-03298,Azure,DevOps,False,Open Security Group,True,True,High,0,False,True,3.8
CLOUD-001984,AST-03301,GCP,Container,False,None,True,False,High,3,False,True,4.1
CLOUD-001985,AST-03303,Azure,DevOps,False,Missing WAF,True,True,High,0,False,True,3.5
CLOUD-001986,AST-03304,AWS,Networking,False,None,True,True,Low,3,False,False,0.9
CLOUD-001987,AST-03305,GCP,Serverless,False,None,True,True,Low,0,False,False,0.4
CLOUD-001988,AST-03306,AWS,ML,False,Open Security Group,True,False,Medium,3,False,True,4.9
CLOUD-001989,AST-03308,Azure,Database,True,None,True,True,Medium,7,True,False,7.4
CLOUD-001990,AST-03309,AWS,Container,False,None,True,True,High,1,False,False,2.5
CLOUD-001991,AST-03312,GCP,Storage,False,None,True,True,High,0,False,False,2.2
CLOUD-001992,AST-03313,AWS,Storage,False,Default VPC,True,True,High,2,False,True,4.2
CLOUD-001993,AST-03314,GCP,Database,False,Unencrypted Volume,True,False,Low,1,False,True,3.3
CLOUD-001994,AST-03315,GCP,Compute,False,None,False,True,Medium,0,False,True,2.7
CLOUD-001995,AST-03316,GCP,ML,False,Exposed API Key,True,True,Medium,2,False,True,3.8
CLOUD-001996,AST-03317,GCP,ML,False,Overly Permissive IAM Policy,True,True,High,0,False,True,3.7
CLOUD-001997,AST-03319,GCP,Container,False,None,True,True,High,1,False,False,2.5
CLOUD-001998,AST-03320,AWS,Networking,False,None,True,False,Low,3,False,True,1.3
CLOUD-001999,AST-03321,GCP,Networking,False,None,True,True,High,0,False,False,2.2
CLOUD-002000,AST-03324,Azure,ML,False,None,False,True,Medium,2,False,True,2.8
CLOUD-002001,AST-03325,AWS,Analytics,False,Public RDS Instance,False,True,Low,2,False,True,4.0
CLOUD-002002,AST-03327,GCP,Networking,False,None,True,True,Low,0,False,False,0
CLOUD-002003,AST-03328,AWS,Analytics,False,None,True,True,High,0,False,False,2.0
CLOUD-002004,AST-03329,Azure,Compute,False,None,True,True,Medium,2,True,False,2.8
CLOUD-002005,AST-03330,Azure,Container,False,Exposed API Key,False,True,Medium,1,False,True,5.2
CLOUD-002006,AST-03331,AWS,Networking,False,None,True,True,Medium,3,False,False,1.5
CLOUD-002007,AST-03333,AWS,Container,False,None,False,True,High,2,False,True,4.2
CLOUD-002008,AST-03336,AWS,Compute,False,None,True,True,Medium,2,False,False,1.0
CLOUD-002009,AST-03338,GCP,Database,False,None,True,True,High,2,False,False,2.8
CLOUD-002010,AST-03345,Azure,Analytics,True,None,False,True,Medium,0,False,True,5.7
CLOUD-002011,AST-03346,Azure,Container,False,None,False,False,High,0,False,True,4.6
CLOUD-002012,AST-03347,AWS,Container,True,Unencrypted Volume,True,True,Low,2,False,True,5.4
CLOUD-002013,AST-03350,GCP,Networking,True,None,True,True,Low,8,False,False,4.4
CLOUD-002014,AST-03351,GCP,Analytics,False,Unrotated Access Keys,True,True,Medium,0,True,True,4.9
CLOUD-002015,AST-03352,GCP,DevOps,True,None,False,False,Medium,5,False,True,7.6
CLOUD-002016,AST-03353,AWS,Networking,False,None,True,True,Medium,1,False,False,1.6
CLOUD-002017,AST-03354,GCP,Storage,False,No Versioning on Bucket,True,True,Low,3,False,True,2.3
CLOUD-002018,AST-03356,GCP,ML,False,No Network ACL,True,True,Medium,3,False,True,3.7
CLOUD-002019,AST-03361,GCP,ML,False,None,False,True,Medium,1,True,True,3.9
CLOUD-002020,AST-03362,AWS,Analytics,False,Open Security Group,True,True,Medium,1,False,True,3.7
CLOUD-002021,AST-03363,Azure,Container,False,Overly Permissive IAM Policy,True,False,Medium,0,False,True,4.4
CLOUD-002022,AST-03365,Azure,Compute,False,None,True,False,High,2,True,True,5.0
CLOUD-002023,AST-03367,GCP,Storage,False,Logging Disabled,False,True,High,3,False,True,5.7
CLOUD-002024,AST-03370,AWS,DevOps,False,Overly Permissive IAM Policy,True,True,Low,2,False,True,2.3
CLOUD-002025,AST-03371,GCP,ML,False,Default VPC,True,True,Medium,2,False,True,3.0
CLOUD-002026,AST-03373,GCP,Storage,False,None,True,True,Low,2,False,False,0.7
CLOUD-002027,AST-03374,AWS,Database,False,Missing WAF,False,True,Medium,0,False,True,4.9
CLOUD-002028,AST-03376,Azure,Networking,False,No Versioning on Bucket,True,True,High,1,False,True,4.5
CLOUD-002029,AST-03378,Azure,Database,False,None,True,False,High,2,False,True,3.7
CLOUD-002030,AST-03381,AWS,Database,False,None,True,False,High,0,False,True,3.3
CLOUD-002031,AST-03382,Azure,ML,True,Open Security Group,True,False,Low,9,True,True,9.6
CLOUD-002032,AST-03383,GCP,Identity,False,None,True,True,High,1,False,False,2.3
CLOUD-002033,AST-03384,Azure,Storage,False,None,True,True,Medium,0,False,False,1.5
CLOUD-002034,AST-03385,AWS,ML,False,None,True,True,High,3,False,False,2.4
CLOUD-002035,AST-03387,AWS,ML,False,None,True,True,Medium,3,False,False,2.1
CLOUD-002036,AST-03389,GCP,Serverless,False,None,True,True,Low,1,False,False,0.4
CLOUD-002037,AST-03391,Azure,ML,False,No MFA on Root Account,True,False,High,3,False,True,5.5
CLOUD-002038,AST-03392,Azure,Networking,True,None,False,False,Low,0,False,True,5.9
CLOUD-002039,AST-03394,GCP,ML,False,Public S3 Bucket,True,True,Medium,2,False,True,3.9
CLOUD-002040,AST-03395,Azure,ML,False,None,True,True,Low,0,False,False,0.3
CLOUD-002041,AST-03401,GCP,Serverless,True,None,True,True,High,8,True,False,8.0
CLOUD-002042,AST-03402,AWS,Serverless,False,None,True,True,High,1,False,False,1.8
CLOUD-002043,AST-03403,Azure,Database,False,Overly Permissive IAM Policy,True,False,High,0,True,True,6.0
CLOUD-002044,AST-03404,AWS,DevOps,True,None,True,True,Low,3,False,False,3.9
CLOUD-002045,AST-03405,GCP,Compute,False,None,True,True,High,2,False,False,2.0
CLOUD-002046,AST-03406,GCP,Database,False,None,False,True,High,0,False,True,3.8
CLOUD-002047,AST-03407,Azure,Serverless,False,None,False,True,Low,0,False,True,1.8
CLOUD-002048,AST-03408,AWS,Storage,False,Unencrypted Volume,True,True,Medium,2,False,True,3.6
CLOUD-002049,AST-03410,AWS,Storage,False,No Versioning on Bucket,True,True,Medium,2,False,True,3.0
CLOUD-002050,AST-03412,GCP,Analytics,False,None,False,True,Low,3,False,True,1.9
CLOUD-002051,AST-03413,Azure,ML,False,None,True,True,Medium,3,False,False,1.7
CLOUD-002052,AST-03414,AWS,Networking,False,None,True,False,Medium,3,False,True,2.9
CLOUD-002053,AST-03415,GCP,Serverless,False,None,False,True,High,3,False,True,3.9
CLOUD-002054,AST-03416,AWS,ML,False,None,True,False,Low,1,False,True,0.9
CLOUD-002055,AST-03417,Azure,DevOps,False,Open Security Group,True,True,Medium,1,False,True,3.5
CLOUD-002056,AST-03419,GCP,ML,False,None,True,True,Low,3,False,False,1.1
CLOUD-002057,AST-03420,AWS,Database,False,None,True,True,Medium,0,False,False,1.5
CLOUD-002058,AST-03421,AWS,Networking,True,None,True,True,Low,0,False,False,2.8
CLOUD-002059,AST-03423,GCP,Serverless,False,None,True,True,Low,1,False,False,0.1
CLOUD-002060,AST-03424,Azure,Analytics,False,None,True,True,Medium,2,True,False,3.1
CLOUD-002061,AST-03428,AWS,DevOps,False,None,False,True,High,0,False,True,3.1
CLOUD-002062,AST-03430,GCP,Networking,False,Open Security Group,True,False,Medium,0,False,True,3.8
CLOUD-002063,AST-03436,Azure,Database,False,No Versioning on Bucket,False,True,Low,2,False,True,4.0
CLOUD-002064,AST-03437,Azure,DevOps,False,None,True,True,Medium,0,False,False,0.8
CLOUD-002065,AST-03441,Azure,Container,False,None,False,True,Low,3,False,True,1.6
CLOUD-002066,AST-03444,AWS,Container,False,None,True,False,High,3,False,True,3.7
CLOUD-002067,AST-03446,AWS,Networking,False,None,False,False,Medium,0,False,True,3.4
CLOUD-002068,AST-03447,AWS,Networking,False,None,True,True,Medium,2,False,False,1.4
CLOUD-002069,AST-03448,Azure,Networking,False,None,True,True,Low,0,False,False,0
CLOUD-002070,AST-03452,AWS,Serverless,False,None,True,False,Low,0,False,True,1.4
CLOUD-002071,AST-03455,GCP,Database,False,None,False,False,Medium,1,False,True,3.4
CLOUD-002072,AST-03457,GCP,ML,True,Logging Disabled,True,True,Medium,4,False,True,6.8
CLOUD-002073,AST-03460,AWS,Compute,True,None,False,True,Medium,2,False,True,5.9
CLOUD-002074,AST-03463,AWS,Identity,False,None,True,False,Medium,0,False,True,1.5
CLOUD-002075,AST-03464,Azure,Storage,False,None,True,False,Medium,1,False,True,2.2
CLOUD-002076,AST-03465,Azure,Database,True,No Versioning on Bucket,True,True,Medium,7,False,True,7.0
CLOUD-002077,AST-03467,Azure,Container,True,None,True,False,High,2,True,True,7.6
CLOUD-002078,AST-03468,Azure,Networking,False,None,True,True,High,1,False,False,2.4
CLOUD-002079,AST-03469,Azure,DevOps,False,Unrotated Access Keys,True,False,Medium,0,False,True,4.5
CLOUD-002080,AST-03470,GCP,Storage,False,Unencrypted Volume,True,True,Medium,1,False,True,3.4
CLOUD-002081,AST-03471,AWS,Compute,False,None,True,True,Low,2,False,False,0.0
CLOUD-002082,AST-03473,Azure,DevOps,False,Unrotated Access Keys,True,True,Low,0,False,True,1.8
CLOUD-002083,AST-03475,AWS,Compute,False,None,True,True,High,3,False,False,2.2
CLOUD-002084,AST-03476,Azure,Container,False,None,True,True,Low,1,False,False,0
CLOUD-002085,AST-03478,AWS,Networking,False,None,True,False,High,3,False,True,3.7
CLOUD-002086,AST-03479,AWS,Analytics,True,Open Security Group,False,True,High,3,False,True,9.1
CLOUD-002087,AST-03483,AWS,Container,True,None,False,True,High,9,False,True,8.3
CLOUD-002088,AST-03485,AWS,Serverless,False,None,True,True,High,3,False,False,2.7
CLOUD-002089,AST-03486,Azure,Networking,False,None,True,True,Low,0,False,False,0
CLOUD-002090,AST-03487,GCP,Compute,False,Public RDS Instance,False,True,Medium,3,False,True,5.1
CLOUD-002091,AST-03488,Azure,Networking,False,None,False,True,Low,3,False,True,2.5
CLOUD-002092,AST-03489,AWS,ML,False,Exposed API Key,False,True,Medium,0,True,True,6.0
CLOUD-002093,AST-03490,GCP,Container,False,None,True,False,High,0,False,True,2.6
CLOUD-002094,AST-03491,AWS,Compute,False,None,True,True,Low,1,False,False,0.6
CLOUD-002095,AST-03495,AWS,DevOps,False,Exposed API Key,True,True,Low,3,False,True,2.4
CLOUD-002096,AST-03496,Azure,Networking,False,None,True,False,Medium,0,False,True,1.8
CLOUD-002097,AST-03497,Azure,ML,False,Unrotated Access Keys,True,True,Low,3,False,True,2.5
CLOUD-002098,AST-03502,AWS,DevOps,True,None,True,True,Low,2,False,False,3.0
CLOUD-002099,AST-03503,AWS,Networking,True,None,False,True,High,2,False,True,7.0
CLOUD-002100,AST-03504,AWS,Networking,False,None,True,True,Low,0,False,False,0.4
CLOUD-002101,AST-03505,AWS,DevOps,False,None,True,True,Low,2,False,False,0.4
CLOUD-002102,AST-03507,Azure,Database,False,None,True,True,Medium,0,True,False,2.5
CLOUD-002103,AST-03508,AWS,Storage,False,None,True,False,High,2,False,True,3.5
CLOUD-002104,AST-03509,GCP,Container,False,Public RDS Instance,True,True,Medium,1,False,True,2.7
CLOUD-002105,AST-03510,Azure,Networking,False,None,False,True,Medium,2,False,True,3.4
CLOUD-002106,AST-03513,AWS,Database,False,Default VPC,True,True,High,0,False,True,3.5
CLOUD-002107,AST-03516,Azure,Analytics,False,None,True,True,High,0,False,False,1.7
CLOUD-002108,AST-03517,GCP,Serverless,False,None,True,True,Low,1,False,False,0
CLOUD-002109,AST-03519,Azure,Analytics,True,None,True,True,High,3,False,False,5.6
CLOUD-002110,AST-03520,AWS,ML,True,None,True,True,Low,0,False,False,2.7
CLOUD-002111,AST-03521,GCP,Container,True,None,True,False,Low,0,False,True,3.6
CLOUD-002112,AST-03523,AWS,Identity,False,None,True,True,Medium,0,False,False,0.9
CLOUD-002113,AST-03524,GCP,Database,False,Cross-Account Access,True,True,Low,0,False,True,2.2
CLOUD-002114,AST-03525,AWS,Compute,False,Unrotated Access Keys,True,True,High,3,False,True,5.1
CLOUD-002115,AST-03527,AWS,Database,False,None,True,True,Medium,2,False,False,1.4
CLOUD-002116,AST-03530,GCP,Container,False,Logging Disabled,True,True,Low,0,False,True,1.6
CLOUD-002117,AST-03533,GCP,Storage,False,None,True,True,Medium,0,False,False,0.9
CLOUD-002118,AST-03535,GCP,Analytics,False,None,True,True,High,3,False,False,2.4
CLOUD-002119,AST-03539,GCP,Compute,False,None,True,True,Medium,0,False,False,0.7
CLOUD-002120,AST-03543,GCP,Serverless,False,No MFA on Root Account,True,False,High,2,False,True,5.3
CLOUD-002121,AST-03545,Azure,Networking,True,Default VPC,True,True,Low,6,False,True,6.2
CLOUD-002122,AST-03547,Azure,ML,False,None,False,False,High,1,False,True,4.4
CLOUD-002123,AST-03549,GCP,Identity,False,None,True,True,High,1,True,False,3.9
CLOUD-002124,AST-03550,GCP,Storage,True,None,True,True,Medium,4,False,False,5.0
CLOUD-002125,AST-03553,Azure,Container,False,None,False,True,Medium,3,False,True,3.0
CLOUD-002126,AST-03554,GCP,Database,False,None,False,False,Low,1,False,True,2.4
CLOUD-002127,AST-03555,GCP,DevOps,False,None,True,True,Low,3,False,False,0.2
CLOUD-002128,AST-03556,Azure,Networking,False,Open Security Group,True,True,High,2,False,True,4.0
CLOUD-002129,AST-03557,GCP,Serverless,False,None,True,False,High,2,False,True,3.8
CLOUD-002130,AST-03558,GCP,Identity,False,None,True,True,High,2,False,False,2.4
CLOUD-002131,AST-03559,GCP,Compute,False,None,True,True,Low,3,False,False,0.6
CLOUD-002132,AST-03560,AWS,Identity,False,None,False,True,Low,0,False,True,1.5
CLOUD-002133,AST-03562,Azure,Networking,False,None,True,True,High,2,False,False,2.6
CLOUD-002134,AST-03563,GCP,Container,False,Unencrypted Volume,True,True,High,1,False,True,4.6
CLOUD-002135,AST-03564,GCP,Serverless,False,Logging Disabled,True,False,Low,1,False,True,3.3
CLOUD-002136,AST-03565,AWS,ML,False,No Network ACL,True,True,Medium,3,True,True,5.1
CLOUD-002137,AST-03566,AWS,DevOps,False,Public RDS Instance,False,True,Low,2,True,True,5.1
CLOUD-002138,AST-03567,Azure,Analytics,False,None,True,True,Low,1,False,False,0
CLOUD-002139,AST-03568,Azure,ML,False,None,False,True,High,1,False,True,3.4
CLOUD-002140,AST-03570,AWS,Analytics,False,Overly Permissive IAM Policy,True,False,Medium,0,False,True,4.1
CLOUD-002141,AST-03571,Azure,ML,False,None,True,True,Low,1,False,False,0.1
CLOUD-002142,AST-03573,AWS,ML,False,None,True,True,High,3,True,False,4.1
CLOUD-002143,AST-03574,AWS,Identity,False,None,True,True,Low,2,False,False,0.6
CLOUD-002144,AST-03576,AWS,Serverless,False,None,True,False,Medium,0,False,True,2.4
CLOUD-002145,AST-03580,GCP,Identity,False,None,True,True,Medium,2,False,False,1.2
CLOUD-002146,AST-03581,GCP,Analytics,False,None,True,False,Low,2,False,True,1.1
CLOUD-002147,AST-03582,AWS,Serverless,False,None,True,True,Medium,3,False,False,1.7
CLOUD-002148,AST-03583,GCP,DevOps,True,None,True,True,Low,10,True,False,6.9
CLOUD-002149,AST-03588,AWS,Networking,False,None,False,True,High,2,False,True,4.4
CLOUD-002150,AST-03589,Azure,Storage,False,None,True,True,Low,2,False,False,0.7
CLOUD-002151,AST-03591,AWS,Serverless,False,None,True,True,Medium,1,False,False,1.5
CLOUD-002152,AST-03595,GCP,Networking,False,None,True,False,High,3,False,True,3.4
CLOUD-002153,AST-03598,GCP,Analytics,False,None,True,False,High,1,False,True,3.0
CLOUD-002154,AST-03600,GCP,Compute,False,Overly Permissive IAM Policy,True,True,Low,1,False,True,2.5
CLOUD-002155,AST-03603,GCP,Database,False,None,True,True,Medium,2,True,False,3.3
CLOUD-002156,AST-03605,Azure,Networking,False,Public S3 Bucket,False,True,Medium,0,False,True,4.3
CLOUD-002157,AST-03606,AWS,Container,False,None,True,True,High,2,False,False,2.5
CLOUD-002158,AST-03607,Azure,Identity,False,None,True,False,Low,2,False,True,1.3
CLOUD-002159,AST-03608,Azure,Networking,False,None,False,True,Medium,2,False,True,3.1
CLOUD-002160,AST-03609,GCP,Networking,False,None,True,True,Medium,0,False,False,1.0
CLOUD-002161,AST-03610,Azure,Database,False,None,False,True,High,0,False,True,3.6
CLOUD-002162,AST-03612,Azure,Analytics,False,None,True,False,Medium,2,False,True,2.7
CLOUD-002163,AST-03614,Azure,ML,False,None,True,True,Low,0,False,False,0.0
CLOUD-002164,AST-03617,Azure,Serverless,False,Logging Disabled,True,True,Medium,3,False,True,3.4
CLOUD-002165,AST-03618,AWS,Database,False,None,True,True,High,2,False,False,2.4
CLOUD-002166,AST-03621,GCP,Storage,False,None,True,True,Low,3,False,False,0.4
CLOUD-002167,AST-03622,Azure,Storage,False,None,True,True,Low,0,False,False,0
CLOUD-002168,AST-03623,Azure,ML,False,None,True,True,Low,3,False,False,0.1
CLOUD-002169,AST-03624,AWS,Serverless,False,Public RDS Instance,True,True,Low,0,False,True,2.0
CLOUD-002170,AST-03625,GCP,Serverless,False,None,True,True,Medium,3,True,False,3.2
CLOUD-002171,AST-03627,AWS,Networking,False,None,True,False,Low,0,False,True,0.6
CLOUD-002172,AST-03628,Azure,Serverless,False,None,True,True,High,3,False,False,3.0
CLOUD-002173,AST-03631,Azure,Database,False,None,True,True,High,1,False,False,2.4
CLOUD-002174,AST-03634,Azure,Networking,False,None,False,True,Medium,1,False,True,3.0
CLOUD-002175,AST-03636,AWS,DevOps,True,None,True,True,High,2,False,False,5.4
CLOUD-002176,AST-03638,AWS,DevOps,False,Logging Disabled,False,False,Low,1,False,True,4.6
CLOUD-002177,AST-03640,Azure,Storage,False,None,True,True,High,0,False,False,1.8
CLOUD-002178,AST-03641,Azure,Database,True,None,False,False,Low,5,False,True,6.1
CLOUD-002179,AST-03642,Azure,DevOps,False,Public RDS Instance,True,False,Medium,3,False,True,4.9
CLOUD-002180,AST-03643,AWS,Analytics,False,None,True,True,High,0,False,False,1.8
CLOUD-002181,AST-03644,Azure,Networking,True,None,True,True,Medium,10,False,False,6.4
CLOUD-002182,AST-03645,AWS,Networking,False,None,False,True,Medium,3,False,True,3.3
CLOUD-002183,AST-03646,AWS,DevOps,True,Exposed API Key,False,True,Low,4,False,True,7.1
CLOUD-002184,AST-03647,Azure,Serverless,False,None,True,True,Low,1,False,False,0.4
CLOUD-002185,AST-03653,Azure,Identity,False,None,True,True,High,2,False,False,2.7
CLOUD-002186,AST-03654,GCP,Storage,False,None,True,True,Medium,1,False,False,1.0
CLOUD-002187,AST-03655,GCP,Identity,False,None,True,False,Low,1,False,True,1.7
CLOUD-002188,AST-03657,AWS,Container,False,None,True,False,Medium,3,True,True,3.6
CLOUD-002189,AST-03658,Azure,ML,False,None,False,False,Low,3,False,True,3.6
CLOUD-002190,AST-03659,AWS,Database,True,None,True,True,Low,2,False,False,3.7
CLOUD-002191,AST-03661,GCP,ML,False,None,True,True,High,1,False,False,1.7
CLOUD-002192,AST-03662,Azure,Networking,False,None,True,True,Low,1,True,False,1.8
CLOUD-002193,AST-03663,AWS,Networking,False,None,True,True,High,3,False,False,2.3
CLOUD-002194,AST-03666,GCP,ML,False,None,False,True,Medium,2,False,True,3.1
CLOUD-002195,AST-03669,Azure,Compute,False,None,True,True,High,2,False,False,2.7
CLOUD-002196,AST-03670,Azure,Compute,False,None,True,True,Low,2,False,False,0.5
CLOUD-002197,AST-03673,Azure,Database,False,Default VPC,True,False,High,0,False,True,5.4
CLOUD-002198,AST-03675,AWS,Identity,False,None,True,False,Medium,1,False,True,2.3
CLOUD-002199,AST-03676,GCP,DevOps,False,None,True,False,Low,0,False,True,1.1
CLOUD-002200,AST-03678,GCP,Networking,False,None,True,True,Medium,1,False,False,1.4
CLOUD-002201,AST-03679,GCP,Analytics,True,Logging Disabled,True,True,Medium,10,False,True,8.0
CLOUD-002202,AST-03680,GCP,Container,False,Unencrypted Volume,True,True,High,3,False,True,4.2
CLOUD-002203,AST-03684,AWS,Database,True,Public S3 Bucket,False,True,Medium,7,False,True,9.3
CLOUD-002204,AST-03686,AWS,Storage,True,No Versioning on Bucket,True,True,Medium,4,False,True,6.8
CLOUD-002205,AST-03687,AWS,Database,False,None,True,True,High,1,False,False,1.8
CLOUD-002206,AST-03688,AWS,Networking,False,Public S3 Bucket,False,True,Low,2,True,True,5.0
CLOUD-002207,AST-03689,Azure,Identity,True,Public S3 Bucket,False,True,Medium,4,False,True,7.8
CLOUD-002208,AST-03690,GCP,Container,False,No Versioning on Bucket,True,True,Medium,1,False,True,3.0
CLOUD-002209,AST-03691,GCP,Storage,False,No Network ACL,True,False,Medium,2,False,True,4.6
CLOUD-002210,AST-03692,GCP,Database,False,None,False,True,Low,3,False,True,2.1
CLOUD-002211,AST-03693,GCP,Container,False,None,True,True,Medium,2,False,False,1.2
CLOUD-002212,AST-03695,Azure,Compute,False,None,True,False,High,0,False,True,2.7
CLOUD-002213,AST-03696,GCP,ML,True,None,True,True,High,1,False,False,5.0
CLOUD-002214,AST-03698,AWS,Storage,False,None,True,True,Medium,3,False,False,1.2
CLOUD-002215,AST-03700,GCP,Container,False,None,True,True,Low,1,False,False,0.5
CLOUD-002216,AST-03701,Azure,Networking,True,Unrotated Access Keys,True,False,Medium,8,False,True,8.6
CLOUD-002217,AST-03702,GCP,DevOps,False,Default VPC,True,True,Low,3,False,True,2.5
CLOUD-002218,AST-03703,GCP,ML,False,Exposed API Key,True,False,Medium,3,False,True,4.6
CLOUD-002219,AST-03706,Azure,Serverless,False,None,True,True,High,0,False,False,1.9
CLOUD-002220,AST-03707,AWS,Compute,False,None,True,True,Medium,3,False,False,1.3
CLOUD-002221,AST-03710,Azure,Compute,False,None,False,True,Medium,0,False,True,2.1
CLOUD-002222,AST-03711,AWS,Networking,False,None,True,False,Low,1,False,True,1.7
CLOUD-002223,AST-03712,GCP,Compute,False,None,True,True,Low,3,False,False,0.5
CLOUD-002224,AST-03713,Azure,Identity,True,Logging Disabled,True,True,High,7,False,True,8.0
CLOUD-002225,AST-03714,AWS,Identity,False,None,False,True,Medium,0,False,True,2.2
CLOUD-002226,AST-03719,GCP,ML,True,Overly Permissive IAM Policy,True,True,Low,7,False,True,6.5
CLOUD-002227,AST-03722,GCP,Serverless,False,None,True,True,Medium,3,False,False,2.0
CLOUD-002228,AST-03726,Azure,Container,False,None,True,True,High,3,False,False,2.5
CLOUD-002229,AST-03729,GCP,Analytics,False,None,True,True,High,0,False,False,1.8
CLOUD-002230,AST-03730,GCP,Networking,False,None,True,False,Medium,3,False,True,2.4
CLOUD-002231,AST-03731,GCP,Container,False,None,True,True,Low,2,False,False,0.8
CLOUD-002232,AST-03732,Azure,Storage,False,Public RDS Instance,True,True,Medium,0,False,True,2.8
CLOUD-002233,AST-03735,AWS,Serverless,False,None,True,True,High,1,False,False,2.5
CLOUD-002234,AST-03738,AWS,Analytics,False,Exposed API Key,True,False,Low,1,True,True,4.2
CLOUD-002235,AST-03740,AWS,Database,True,Exposed API Key,True,False,High,3,False,True,8.4
CLOUD-002236,AST-03742,AWS,Analytics,False,None,False,True,Medium,3,False,True,3.5
CLOUD-002237,AST-03743,GCP,Serverless,False,None,True,True,Medium,1,False,False,0.9
CLOUD-002238,AST-03744,AWS,Container,False,None,True,True,High,2,False,False,2.1
CLOUD-002239,AST-03745,Azure,Database,False,None,True,True,Low,3,False,False,0.2
CLOUD-002240,AST-03748,GCP,Networking,False,None,True,True,Low,2,True,False,1.7
CLOUD-002241,AST-03749,AWS,Database,False,No MFA on Root Account,True,False,Low,3,False,True,3.5
CLOUD-002242,AST-03750,AWS,Storage,False,No MFA on Root Account,True,False,High,0,False,True,5.5
CLOUD-002243,AST-03752,GCP,Identity,False,Public RDS Instance,False,True,High,1,False,True,5.7
CLOUD-002244,AST-03753,GCP,Networking,False,No MFA on Root Account,True,False,Medium,0,False,True,3.7
CLOUD-002245,AST-03754,Azure,Container,False,None,True,True,Low,3,False,False,0.8
CLOUD-002246,AST-03755,Azure,Serverless,False,None,True,True,Medium,1,False,False,1.2
CLOUD-002247,AST-03758,AWS,Database,False,Public S3 Bucket,True,True,Low,1,False,True,2.4
CLOUD-002248,AST-03759,Azure,Serverless,False,Public RDS Instance,True,True,High,1,False,True,3.9
CLOUD-002249,AST-03760,GCP,Container,False,None,True,True,High,1,False,False,1.9
CLOUD-002250,AST-03761,Azure,Storage,False,None,True,True,Medium,1,False,False,0.9
CLOUD-002251,AST-03764,GCP,Database,False,None,True,False,High,0,False,True,2.6
CLOUD-002252,AST-03766,AWS,DevOps,False,None,True,True,Medium,3,False,False,1.4
CLOUD-002253,AST-03767,GCP,DevOps,False,None,True,True,High,0,False,False,2.4
CLOUD-002254,AST-03768,AWS,DevOps,False,None,True,True,Medium,3,False,False,2.1
CLOUD-002255,AST-03770,AWS,Storage,False,None,True,True,Low,3,False,False,0.2
CLOUD-002256,AST-03773,GCP,Serverless,False,Exposed API Key,True,False,Medium,1,False,True,4.4
CLOUD-002257,AST-03775,Azure,Container,False,None,True,False,High,1,False,True,3.0
CLOUD-002258,AST-03777,GCP,Container,False,None,True,True,High,3,False,False,2.8
CLOUD-002259,AST-03778,AWS,Container,False,None,True,True,Low,3,False,False,1.0
CLOUD-002260,AST-03781,AWS,DevOps,True,None,False,False,Medium,7,False,True,8.0
CLOUD-002261,AST-03782,AWS,Compute,False,Unencrypted Volume,False,True,Low,3,True,True,5.6
CLOUD-002262,AST-03785,AWS,Compute,False,None,True,True,Medium,0,False,False,1.3
CLOUD-002263,AST-03786,AWS,DevOps,False,None,True,False,High,0,False,True,3.2
CLOUD-002264,AST-03788,Azure,Storage,True,None,True,False,High,8,False,True,7.2
CLOUD-002265,AST-03789,GCP,Database,False,None,False,True,Low,1,False,True,1.5
CLOUD-002266,AST-03790,Azure,Networking,False,None,True,True,Low,3,False,False,0.9
CLOUD-002267,AST-03791,GCP,Analytics,False,Open Security Group,True,False,High,2,False,True,5.4
CLOUD-002268,AST-03792,GCP,Compute,False,None,False,True,High,1,False,True,3.4
CLOUD-002269,AST-03793,GCP,Container,False,Unencrypted Volume,True,False,Medium,2,False,True,4.2
CLOUD-002270,AST-03794,Azure,Storage,False,None,True,True,Low,3,False,False,0.2
CLOUD-002271,AST-03795,Azure,DevOps,False,Logging Disabled,True,True,High,0,True,True,5.9
CLOUD-002272,AST-03796,AWS,Identity,False,None,True,False,Low,2,False,True,1.1
CLOUD-002273,AST-03797,Azure,Compute,False,None,True,True,High,3,False,False,2.5
CLOUD-002274,AST-03798,Azure,Compute,False,None,True,True,Low,3,True,False,2.1
CLOUD-002275,AST-03800,AWS,Serverless,False,None,True,True,Low,0,False,False,0
CLOUD-002276,AST-03802,AWS,Container,False,None,True,True,High,1,False,False,1.8
CLOUD-002277,AST-03804,AWS,Storage,False,None,True,False,High,3,False,True,3.7
CLOUD-002278,AST-03808,AWS,Compute,False,None,True,True,Low,2,False,False,0.3
CLOUD-002279,AST-03809,Azure,Database,False,None,True,False,Medium,3,False,True,2.9
CLOUD-002280,AST-03810,GCP,Networking,False,Unrotated Access Keys,True,True,Low,1,False,True,2.7
CLOUD-002281,AST-03812,GCP,Database,True,None,True,True,Low,8,False,False,4.2
CLOUD-002282,AST-03814,Azure,DevOps,False,None,True,True,Low,1,False,False,0.5
CLOUD-002283,AST-03818,Azure,DevOps,True,None,True,False,High,10,False,True,8.3
CLOUD-002284,AST-03820,Azure,ML,False,None,True,True,Low,3,False,False,0.8
CLOUD-002285,AST-03821,AWS,ML,False,None,True,True,Medium,3,False,False,1.2
CLOUD-002286,AST-03822,GCP,Identity,False,None,True,True,Low,1,False,False,0.3
CLOUD-002287,AST-03825,GCP,Analytics,False,None,True,True,Low,1,False,False,0.2
CLOUD-002288,AST-03827,GCP,Identity,False,No MFA on Root Account,True,False,Low,1,False,True,3.0
CLOUD-002289,AST-03830,Azure,Networking,False,None,True,True,High,2,False,False,2.7
CLOUD-002290,AST-03832,GCP,Identity,False,None,False,True,Medium,3,True,True,4.4
CLOUD-002291,AST-03834,AWS,Storage,True,None,True,True,High,9,False,False,6.9
CLOUD-002292,AST-03835,AWS,Serverless,False,None,True,False,Medium,2,False,True,2.7
CLOUD-002293,AST-03836,GCP,Container,False,None,True,True,Medium,3,False,False,1.7
CLOUD-002294,AST-03837,Azure,Database,False,None,True,True,High,2,False,False,2.3
CLOUD-002295,AST-03840,Azure,Database,False,None,True,True,Low,1,False,False,0.3
CLOUD-002296,AST-03841,AWS,Networking,False,None,True,True,Medium,1,True,False,2.3
CLOUD-002297,AST-03843,GCP,Container,False,No MFA on Root Account,True,True,Low,3,False,True,2.5
CLOUD-002298,AST-03844,Azure,Identity,False,None,True,True,Medium,2,False,False,1.8
CLOUD-002299,AST-03845,GCP,Identity,False,None,True,True,Low,1,False,False,0.0
CLOUD-002300,AST-03847,GCP,DevOps,False,None,True,True,Low,3,True,False,2.1
CLOUD-002301,AST-03849,GCP,Networking,False,Exposed API Key,True,True,Medium,0,False,True,3.3
CLOUD-002302,AST-03855,GCP,Compute,False,None,True,False,High,1,False,True,3.6
CLOUD-002303,AST-03856,Azure,Analytics,False,Overly Permissive IAM Policy,True,True,Medium,1,False,True,3.2
CLOUD-002304,AST-03857,GCP,Analytics,False,None,True,False,Low,2,False,True,1.6
CLOUD-002305,AST-03859,GCP,Networking,True,None,True,True,Medium,7,False,False,4.9
CLOUD-002306,AST-03860,AWS,Identity,False,No MFA on Root Account,True,True,Medium,2,False,True,3.6
CLOUD-002307,AST-03861,Azure,Container,False,None,True,True,Medium,1,False,False,1.1
CLOUD-002308,AST-03865,AWS,Storage,False,None,True,False,Medium,0,False,True,1.8
CLOUD-002309,AST-03867,GCP,ML,False,None,True,True,Medium,0,False,False,0.8
CLOUD-002310,AST-03869,GCP,Networking,False,Cross-Account Access,True,True,Low,0,False,True,1.9
CLOUD-002311,AST-03870,GCP,Database,True,None,False,True,High,7,False,True,8.1
CLOUD-002312,AST-03873,AWS,Container,False,None,False,True,Low,0,False,True,2.0
CLOUD-002313,AST-03875,AWS,Compute,False,None,True,True,Low,0,False,False,0
CLOUD-002314,AST-03877,AWS,ML,False,None,False,True,High,0,False,True,3.8
CLOUD-002315,AST-03878,Azure,Serverless,False,None,False,True,Low,3,False,True,2.1
CLOUD-002316,AST-03881,GCP,Identity,False,None,False,True,Low,3,False,True,1.9
CLOUD-002317,AST-03882,GCP,Networking,False,Public S3 Bucket,True,True,High,2,False,True,4.1
CLOUD-002318,AST-03883,AWS,DevOps,False,Public S3 Bucket,True,True,Low,3,False,True,2.9
CLOUD-002319,AST-03885,Azure,Serverless,True,No MFA on Root Account,False,True,Low,5,False,True,7.4
CLOUD-002320,AST-03886,GCP,Networking,False,None,True,True,High,2,False,False,2.4
CLOUD-002321,AST-03888,Azure,Identity,False,None,True,True,Medium,3,False,False,1.9
CLOUD-002322,AST-03889,AWS,Database,False,None,True,True,Low,0,False,False,0.3
CLOUD-002323,AST-03890,Azure,Container,False,None,True,True,High,3,False,False,2.8
CLOUD-002324,AST-03891,AWS,Identity,True,Default VPC,True,True,Medium,6,False,True,7.0
CLOUD-002325,AST-03892,GCP,Serverless,False,Open Security Group,True,False,High,2,True,True,6.9
CLOUD-002326,AST-03895,AWS,Serverless,False,None,True,True,Medium,0,False,False,0.9
CLOUD-002327,AST-03897,GCP,Compute,True,Unencrypted Volume,True,True,Low,2,False,True,5.3
CLOUD-002328,AST-03899,GCP,Storage,False,None,True,True,High,0,False,False,1.7
CLOUD-002329,AST-03903,AWS,Compute,False,None,False,True,Medium,0,False,True,2.4
CLOUD-002330,AST-03904,AWS,Storage,False,None,True,True,High,2,False,False,2.3
CLOUD-002331,AST-03907,AWS,Database,False,None,True,False,Medium,1,False,True,2.0
CLOUD-002332,AST-03908,Azure,Serverless,False,Default VPC,False,True,Low,1,False,True,4.1
CLOUD-002333,AST-03909,AWS,Compute,False,Unencrypted Volume,True,True,High,0,False,True,3.6
CLOUD-002334,AST-03910,GCP,ML,False,No Network ACL,False,False,Low,1,False,True,4.4
CLOUD-002335,AST-03911,GCP,Networking,False,None,True,True,High,2,False,False,2.4
CLOUD-002336,AST-03912,GCP,Compute,False,Default VPC,True,True,Medium,2,False,True,3.0
CLOUD-002337,AST-03913,Azure,Networking,False,None,True,False,High,2,False,True,3.7
CLOUD-002338,AST-03914,AWS,ML,True,None,True,False,Low,10,True,True,7.4
CLOUD-002339,AST-03915,Azure,ML,False,None,True,True,High,3,False,False,3.1
CLOUD-002340,AST-03916,Azure,Storage,True,None,True,False,Low,9,False,True,5.9
CLOUD-002341,AST-03917,AWS,ML,False,None,True,False,High,0,False,True,2.9
CLOUD-002342,AST-03918,GCP,Analytics,False,None,False,True,Medium,0,False,True,2.6
CLOUD-002343,AST-03923,Azure,ML,False,None,True,True,High,3,False,False,3.0
CLOUD-002344,AST-03925,Azure,Compute,False,Unrotated Access Keys,True,True,High,1,False,True,4.4
CLOUD-002345,AST-03927,GCP,Database,False,None,True,True,Low,0,False,False,0.4
CLOUD-002346,AST-03929,Azure,Storage,False,Exposed API Key,True,True,Medium,0,True,True,4.8
CLOUD-002347,AST-03930,GCP,DevOps,False,None,False,True,Low,0,False,True,1.6
CLOUD-002348,AST-03931,GCP,Compute,False,None,True,True,Low,2,True,False,1.7
CLOUD-002349,AST-03934,GCP,DevOps,False,Overly Permissive IAM Policy,True,True,Low,3,False,True,2.6
CLOUD-002350,AST-03935,GCP,Identity,False,None,True,True,High,3,False,False,2.5
CLOUD-002351,AST-03936,Azure,Database,False,None,True,True,High,3,False,False,2.4
CLOUD-002352,AST-03937,GCP,ML,False,None,True,False,Medium,1,False,True,2.4
CLOUD-002353,AST-03938,AWS,Compute,False,None,True,True,Low,1,False,False,0.3
CLOUD-002354,AST-03940,Azure,Serverless,False,None,True,True,Low,2,False,False,0.8
CLOUD-002355,AST-03941,Azure,Database,False,Missing WAF,True,True,High,0,False,True,3.5
CLOUD-002356,AST-03942,GCP,Container,False,None,True,False,Medium,1,False,True,2.7
CLOUD-002357,AST-03945,Azure,DevOps,False,None,True,True,High,1,False,False,2.6
CLOUD-002358,AST-03947,AWS,Storage,False,None,True,True,Low,0,False,False,0.1
CLOUD-002359,AST-03948,GCP,Container,True,None,True,False,High,7,False,True,7.2
CLOUD-002360,AST-03949,Azure,Identity,False,Logging Disabled,True,False,Medium,0,False,True,4.0
CLOUD-002361,AST-03951,Azure,Networking,False,Open Security Group,True,True,Medium,3,False,True,3.2
CLOUD-002362,AST-03953,GCP,Serverless,False,None,True,True,High,3,False,False,2.7
CLOUD-002363,AST-03954,GCP,Serverless,False,None,True,False,Medium,3,False,True,3.0
CLOUD-002364,AST-03956,AWS,Serverless,False,None,False,True,Low,2,False,True,1.9
CLOUD-002365,AST-03957,Azure,Networking,False,None,True,True,High,3,False,False,3.0
CLOUD-002366,AST-03958,Azure,Serverless,False,Logging Disabled,True,True,Low,1,True,True,3.5
CLOUD-002367,AST-03959,Azure,Identity,True,None,True,True,Medium,8,False,False,5.6
CLOUD-002368,AST-03960,Azure,Database,False,Missing WAF,True,True,Low,2,False,True,2.9
CLOUD-002369,AST-03961,Azure,Storage,True,None,False,True,Medium,4,False,True,6.7
CLOUD-002370,AST-03966,AWS,Identity,False,None,False,True,Medium,1,False,True,2.3
CLOUD-002371,AST-03967,AWS,Compute,False,None,True,True,Low,0,False,False,0
CLOUD-002372,AST-03968,AWS,ML,False,Unencrypted Volume,True,True,Medium,3,False,True,3.7
CLOUD-002373,AST-03971,GCP,Networking,False,None,True,True,Medium,0,False,False,1.1
CLOUD-002374,AST-03972,Azure,Compute,False,Unrotated Access Keys,True,True,Low,2,False,True,2.2
CLOUD-002375,AST-03976,Azure,DevOps,True,None,True,True,Low,1,False,False,2.8
CLOUD-002376,AST-03977,Azure,Storage,True,None,True,True,High,4,False,False,6.3
CLOUD-002377,AST-03978,GCP,Storage,False,None,True,True,Low,0,False,False,0
CLOUD-002378,AST-03979,Azure,Networking,False,No Network ACL,True,True,High,0,False,True,3.7
CLOUD-002379,AST-03980,GCP,Database,False,Unencrypted Volume,False,True,Medium,0,False,True,4.9
CLOUD-002380,AST-03984,Azure,Serverless,False,None,True,True,Medium,0,False,False,1.3
CLOUD-002381,AST-03985,GCP,Database,False,Exposed API Key,True,False,Low,2,True,True,4.4
CLOUD-002382,AST-03986,Azure,Identity,True,None,True,True,High,3,False,False,6.0
CLOUD-002383,AST-03987,Azure,Database,False,None,True,True,High,2,False,False,2.2
CLOUD-002384,AST-03988,Azure,Networking,False,None,False,False,High,3,False,True,5.2
CLOUD-002385,AST-03991,GCP,ML,True,None,True,False,Medium,4,False,True,6.0
CLOUD-002386,AST-03993,Azure,Serverless,False,None,True,True,High,3,False,False,2.9
CLOUD-002387,AST-03994,GCP,DevOps,False,None,True,True,Low,1,False,False,0.2
CLOUD-002388,AST-03997,GCP,DevOps,False,None,True,False,Medium,1,False,True,2.1
CLOUD-002389,AST-03999,Azure,Compute,False,None,True,True,Low,3,False,False,0.9
CLOUD-002390,AST-04000,GCP,Compute,True,None,True,True,Medium,1,False,False,4.0
CLOUD-002391,AST-04001,Azure,ML,False,Public RDS Instance,True,True,Medium,1,False,True,2.8
CLOUD-002392,AST-04002,GCP,Compute,False,Overly Permissive IAM Policy,True,True,Medium,0,False,True,2.5
CLOUD-002393,AST-04003,Azure,Identity,False,None,True,False,High,3,False,True,3.1
CLOUD-002394,AST-04004,GCP,Database,False,None,True,True,High,0,False,False,1.8
CLOUD-002395,AST-04005,GCP,Serverless,False,Public RDS Instance,False,True,Medium,1,False,True,4.6
CLOUD-002396,AST-04007,GCP,Analytics,False,None,False,False,Low,3,False,True,3.1
CLOUD-002397,AST-04008,AWS,Storage,False,None,True,True,High,3,False,False,2.9
CLOUD-002398,AST-04010,GCP,ML,False,Unrotated Access Keys,True,True,Medium,0,False,True,3.1
CLOUD-002399,AST-04015,Azure,Storage,False,None,True,True,Medium,1,False,False,0.9
CLOUD-002400,AST-04017,GCP,Compute,False,None,True,True,Low,2,False,False,0.5
CLOUD-002401,AST-04018,GCP,DevOps,False,None,True,True,Low,3,False,False,1.1
CLOUD-002402,AST-04019,AWS,Storage,False,None,False,True,High,0,False,True,3.6
CLOUD-002403,AST-04020,Azure,Identity,False,None,False,True,Medium,2,False,True,2.9
CLOUD-002404,AST-04021,GCP,Database,False,Default VPC,True,True,Low,0,False,True,2.4
CLOUD-002405,AST-04023,GCP,Serverless,True,None,True,True,High,8,False,False,6.6
CLOUD-002406,AST-04025,Azure,DevOps,False,None,True,True,Medium,2,False,False,1.2
CLOUD-002407,AST-04026,GCP,Networking,True,Logging Disabled,True,True,Medium,3,False,True,6.3
CLOUD-002408,AST-04027,AWS,Compute,True,None,True,False,Medium,1,False,True,5.7
CLOUD-002409,AST-04028,Azure,Database,False,None,True,True,High,0,False,False,2.5
CLOUD-002410,AST-04030,Azure,Analytics,False,None,True,True,Low,1,False,False,0.4
CLOUD-002411,AST-04031,Azure,ML,False,Overly Permissive IAM Policy,False,False,Medium,0,False,True,5.2
CLOUD-002412,AST-04034,GCP,ML,False,None,True,True,Medium,3,False,False,1.9
CLOUD-002413,AST-04035,AWS,ML,False,None,True,True,Medium,1,False,False,1.6
CLOUD-002414,AST-04037,GCP,Database,False,None,False,True,High,2,False,True,4.3
CLOUD-002415,AST-04039,GCP,DevOps,False,None,False,True,Low,2,False,True,2.0
CLOUD-002416,AST-04040,AWS,Networking,False,Unencrypted Volume,True,True,Low,0,False,True,2.0
CLOUD-002417,AST-04041,Azure,DevOps,False,None,False,True,Medium,0,False,True,2.4
CLOUD-002418,AST-04043,AWS,ML,True,None,True,True,High,3,False,False,5.5
CLOUD-002419,AST-04045,AWS,ML,True,None,True,False,High,4,False,True,7.1
CLOUD-002420,AST-04046,AWS,Compute,False,None,True,True,Low,2,False,False,0.1
CLOUD-002421,AST-04047,GCP,ML,False,None,True,True,Medium,0,False,False,1.2
CLOUD-002422,AST-04049,Azure,Database,False,None,True,False,Low,3,False,True,1.4
CLOUD-002423,AST-04051,GCP,Serverless,False,Cross-Account Access,False,True,Medium,3,False,True,5.1
CLOUD-002424,AST-04052,GCP,Storage,False,None,False,True,Low,0,False,True,1.9
CLOUD-002425,AST-04054,GCP,Database,False,None,True,True,Low,1,True,False,2.2
CLOUD-002426,AST-04055,GCP,Networking,False,None,True,True,Medium,1,True,False,2.6
CLOUD-002427,AST-04056,Azure,Analytics,False,None,True,True,Medium,2,False,False,1.4
CLOUD-002428,AST-04057,Azure,Container,False,None,True,False,Low,2,False,True,1.1
CLOUD-002429,AST-04058,Azure,Analytics,False,None,True,True,High,2,False,False,2.1
CLOUD-002430,AST-04060,AWS,Storage,False,None,True,False,High,3,False,True,3.9
CLOUD-002431,AST-04061,GCP,Compute,False,None,True,True,Medium,3,False,False,1.3
CLOUD-002432,AST-04064,AWS,ML,False,None,False,True,High,1,False,True,4.0
CLOUD-002433,AST-04065,Azure,Container,False,None,False,True,Medium,2,False,True,2.8
CLOUD-002434,AST-04066,AWS,Networking,False,None,False,True,Medium,0,False,True,2.2
CLOUD-002435,AST-04068,AWS,Database,False,None,False,False,Low,2,False,True,2.7
CLOUD-002436,AST-04069,AWS,Identity,False,None,True,False,High,0,False,True,2.5
CLOUD-002437,AST-04070,AWS,Storage,False,None,False,True,Medium,2,False,True,3.2
CLOUD-002438,AST-04071,AWS,Compute,False,Unrotated Access Keys,True,True,High,2,False,True,4.1
CLOUD-002439,AST-04072,Azure,Serverless,False,Missing WAF,True,True,Medium,2,False,True,3.2
CLOUD-002440,AST-04074,GCP,Networking,False,None,False,True,Low,0,False,True,1.4
CLOUD-002441,AST-04077,GCP,Analytics,False,None,True,True,Medium,1,False,False,1.0
CLOUD-002442,AST-04078,AWS,Networking,False,Public S3 Bucket,True,True,High,3,False,True,4.8
CLOUD-002443,AST-04080,GCP,Serverless,True,None,True,False,Low,1,False,True,4.5
CLOUD-002444,AST-04081,Azure,ML,False,None,False,False,High,0,False,True,4.5
CLOUD-002445,AST-04082,GCP,Storage,False,No Versioning on Bucket,True,True,Medium,1,False,True,2.8
CLOUD-002446,AST-04084,GCP,ML,False,None,True,True,Low,3,False,False,0.6
CLOUD-002447,AST-04086,Azure,Analytics,False,None,True,True,Medium,0,False,False,1.1
CLOUD-002448,AST-04088,Azure,Analytics,True,None,True,True,High,6,False,False,6.5
CLOUD-002449,AST-04092,GCP,Database,False,None,False,True,Low,1,False,True,2.1
CLOUD-002450,AST-04094,GCP,Serverless,False,None,False,True,Low,1,False,True,1.4
CLOUD-002451,AST-04095,Azure,ML,False,None,True,True,High,1,False,False,2.6
CLOUD-002452,AST-04096,Azure,Container,False,Open Security Group,True,True,Medium,3,False,True,3.9
CLOUD-002453,AST-04097,GCP,Compute,True,No MFA on Root Account,True,True,High,4,False,True,7.5
CLOUD-002454,AST-04098,AWS,Database,False,None,True,False,High,1,True,True,4.3
CLOUD-002455,AST-04100,AWS,Compute,False,None,True,False,High,3,False,True,3.5
CLOUD-002456,AST-04101,Azure,Identity,False,None,True,True,Low,1,False,False,0.3
CLOUD-002457,AST-04102,Azure,Storage,False,No Network ACL,True,False,High,2,False,True,5.9
CLOUD-002458,AST-04104,AWS,Networking,False,None,True,True,High,2,True,False,4.1
CLOUD-002459,AST-04105,AWS,ML,False,None,True,True,Medium,2,False,False,1.6
CLOUD-002460,AST-04109,AWS,ML,False,None,True,True,Low,2,False,False,0.8
CLOUD-002461,AST-04110,GCP,Identity,False,None,True,True,Medium,1,False,False,0.8
CLOUD-002462,AST-04112,AWS,Container,False,None,True,True,Low,0,False,False,0
CLOUD-002463,AST-04114,AWS,Serverless,False,Public S3 Bucket,False,False,Low,3,False,True,5.4
CLOUD-002464,AST-04116,Azure,Database,False,None,True,False,Medium,0,False,True,2.4
CLOUD-002465,AST-04118,GCP,DevOps,True,Open Security Group,False,True,Low,10,False,True,8.5
CLOUD-002466,AST-04122,Azure,Database,False,None,False,True,Medium,1,False,True,2.7
CLOUD-002467,AST-04123,GCP,Analytics,False,None,True,True,Low,1,False,False,0
CLOUD-002468,AST-04125,GCP,Identity,False,None,True,True,Low,3,False,False,0.7
CLOUD-002469,AST-04126,GCP,Storage,False,None,True,True,Low,1,False,False,0.6
CLOUD-002470,AST-04127,GCP,Networking,False,None,True,True,Low,0,False,False,0
CLOUD-002471,AST-04129,AWS,ML,False,None,True,False,High,2,False,True,3.8
CLOUD-002472,AST-04130,GCP,Compute,False,None,False,False,Medium,1,False,True,3.5
CLOUD-002473,AST-04133,Azure,Analytics,False,None,False,True,Low,3,True,True,3.5
CLOUD-002474,AST-04134,Azure,Analytics,True,None,False,True,High,10,False,True,8.4
CLOUD-002475,AST-04135,GCP,ML,True,None,False,True,Medium,2,False,True,5.7
CLOUD-002476,AST-04136,Azure,Networking,False,Public RDS Instance,True,True,High,3,False,True,4.6
CLOUD-002477,AST-04140,GCP,Database,False,None,True,True,High,3,False,False,2.9
CLOUD-002478,AST-04141,Azure,Identity,False,None,True,False,Medium,3,False,True,2.4
CLOUD-002479,AST-04142,GCP,DevOps,False,None,True,True,Low,3,False,False,0.4
CLOUD-002480,AST-04144,GCP,Compute,True,None,True,True,Medium,1,False,False,4.0
CLOUD-002481,AST-04146,Azure,Serverless,True,None,False,True,High,7,False,True,7.9
CLOUD-002482,AST-04147,Azure,Database,False,No Versioning on Bucket,True,True,Medium,3,False,True,4.0
CLOUD-002483,AST-04150,Azure,Analytics,False,Unrotated Access Keys,True,True,High,3,False,True,4.3
CLOUD-002484,AST-04155,GCP,Database,False,Default VPC,True,True,Medium,0,False,True,3.3
CLOUD-002485,AST-04158,AWS,Compute,False,None,False,True,Medium,3,False,True,3.3
CLOUD-002486,AST-04159,Azure,Database,False,None,True,True,High,2,False,False,2.2
CLOUD-002487,AST-04160,GCP,Identity,False,None,True,True,High,2,False,False,2.5
CLOUD-002488,AST-04161,GCP,DevOps,True,None,True,True,Low,2,False,False,3.6
CLOUD-002489,AST-04162,AWS,Analytics,True,None,True,True,Medium,4,False,False,4.4
CLOUD-002490,AST-04163,Azure,DevOps,False,Public S3 Bucket,True,False,Low,3,False,True,3.6
CLOUD-002491,AST-04166,GCP,ML,False,Open Security Group,True,True,High,2,False,True,4.9
CLOUD-002492,AST-04167,AWS,Compute,False,Default VPC,True,True,Medium,3,False,True,3.2
CLOUD-002493,AST-04168,GCP,Networking,False,None,True,True,Low,1,False,False,0.6
CLOUD-002494,AST-04171,AWS,Database,False,None,True,False,High,3,False,True,3.2
CLOUD-002495,AST-04173,Azure,Database,False,None,True,True,High,0,False,False,2.4
CLOUD-002496,AST-04176,AWS,Compute,False,None,True,True,Low,1,False,False,0
CLOUD-002497,AST-04178,GCP,ML,False,Public S3 Bucket,True,True,Low,1,False,True,2.3
CLOUD-002498,AST-04179,AWS,Analytics,False,Logging Disabled,True,True,High,1,False,True,4.4
CLOUD-002499,AST-04180,AWS,Container,False,None,True,True,Medium,3,False,False,1.2
CLOUD-002500,AST-04181,GCP,Storage,True,None,True,True,Low,7,False,False,4.6
CLOUD-002501,AST-04182,Azure,Storage,False,None,True,True,Low,2,False,False,0.5
CLOUD-002502,AST-04184,AWS,ML,False,Missing WAF,True,False,Medium,1,False,True,4.6
CLOUD-002503,AST-04186,Azure,Compute,False,None,True,False,Low,2,False,True,1.2
CLOUD-002504,AST-04187,GCP,Container,False,None,True,True,Medium,3,False,False,1.3
CLOUD-002505,AST-04191,AWS,DevOps,False,Unrotated Access Keys,True,True,High,0,False,True,3.6
CLOUD-002506,AST-04192,Azure,Storage,False,Default VPC,True,True,High,0,False,True,4.2
CLOUD-002507,AST-04196,AWS,DevOps,False,None,True,True,Medium,0,False,False,1.3
CLOUD-002508,AST-04199,GCP,Container,False,Logging Disabled,True,True,High,1,False,True,4.0
CLOUD-002509,AST-04201,AWS,Identity,False,None,True,True,Low,2,False,False,0.2
CLOUD-002510,AST-04204,GCP,Container,False,None,True,True,High,2,False,False,2.1
CLOUD-002511,AST-04206,Azure,Storage,False,No Versioning on Bucket,False,False,Low,1,False,True,4.7
CLOUD-002512,AST-04207,Azure,Container,False,No MFA on Root Account,True,True,Medium,0,True,True,4.2
CLOUD-002513,AST-04208,GCP,Compute,False,Cross-Account Access,True,False,Medium,1,False,True,4.4
CLOUD-002514,AST-04210,Azure,Compute,True,None,True,False,Medium,1,False,True,4.8
CLOUD-002515,AST-04212,AWS,Networking,False,None,False,False,High,3,False,True,4.7
CLOUD-002516,AST-04214,AWS,Serverless,True,Unrotated Access Keys,True,True,Low,6,False,True,6.3
CLOUD-002517,AST-04216,Azure,ML,False,Open Security Group,True,False,Low,2,False,True,3.8
CLOUD-002518,AST-04219,Azure,ML,False,None,True,True,Medium,2,False,False,1.7
CLOUD-002519,AST-04220,Azure,Networking,False,Public S3 Bucket,True,False,High,3,False,True,5.8
CLOUD-002520,AST-04221,Azure,Serverless,False,Cross-Account Access,True,True,Low,3,False,True,2.8
CLOUD-002521,AST-04222,AWS,Database,False,No Network ACL,True,True,Low,0,False,True,2.0
CLOUD-002522,AST-04223,GCP,Serverless,False,No MFA on Root Account,True,True,Medium,2,False,True,3.8
CLOUD-002523,AST-04224,Azure,Identity,False,None,True,True,High,3,False,False,2.9
CLOUD-002524,AST-04227,GCP,Networking,False,Cross-Account Access,True,True,Low,1,False,True,2.0
CLOUD-002525,AST-04230,GCP,DevOps,False,None,True,True,Low,3,False,False,0.8
CLOUD-002526,AST-04235,AWS,Container,False,None,True,False,Medium,2,False,True,2.4
CLOUD-002527,AST-04237,Azure,ML,False,None,True,True,High,0,False,False,2.3
CLOUD-002528,AST-04239,Azure,ML,False,None,True,True,Medium,0,False,False,1.2
CLOUD-002529,AST-04240,AWS,Storage,False,Cross-Account Access,False,True,Low,1,False,True,4.0
CLOUD-002530,AST-04241,Azure,Storage,False,Open Security Group,True,True,Medium,2,False,True,3.4
CLOUD-002531,AST-04243,AWS,Identity,False,Missing WAF,True,True,Medium,3,True,True,5.1
CLOUD-002532,AST-04244,AWS,Networking,False,Cross-Account Access,True,True,Low,1,False,True,2.3
CLOUD-002533,AST-04245,GCP,Container,False,None,True,False,High,2,False,True,3.9
CLOUD-002534,AST-04247,Azure,Networking,False,Overly Permissive IAM Policy,True,False,Medium,0,False,True,3.6
CLOUD-002535,AST-04250,GCP,Storage,False,None,False,True,Low,1,False,True,1.7
CLOUD-002536,AST-04251,Azure,DevOps,False,None,True,True,Medium,2,False,False,1.8
CLOUD-002537,AST-04252,GCP,Analytics,False,None,True,True,Medium,2,False,False,1.4
CLOUD-002538,AST-04253,Azure,Storage,False,None,False,True,Medium,2,False,True,2.6
CLOUD-002539,AST-04254,Azure,Serverless,True,Open Security Group,True,False,Low,10,False,True,8.1
CLOUD-002540,AST-04255,Azure,Analytics,True,None,True,True,High,4,False,False,6.3
CLOUD-002541,AST-04256,Azure,Database,True,None,True,True,Medium,6,False,False,4.8
CLOUD-002542,AST-04258,Azure,Networking,False,None,False,True,High,2,False,True,3.4
CLOUD-002543,AST-04260,Azure,Identity,False,None,True,True,High,3,False,False,2.2
CLOUD-002544,AST-04261,Azure,DevOps,False,None,False,False,Low,0,False,True,2.0
CLOUD-002545,AST-04262,GCP,Serverless,False,Unencrypted Volume,True,False,Medium,1,False,True,4.6
CLOUD-002546,AST-04263,Azure,ML,False,None,False,True,Medium,2,False,True,3.2
CLOUD-002547,AST-04264,GCP,Container,False,None,True,True,Medium,2,True,False,2.5
CLOUD-002548,AST-04265,AWS,Compute,False,None,True,True,High,0,False,False,2.0
CLOUD-002549,AST-04266,AWS,Storage,False,None,True,True,High,3,False,False,2.8
CLOUD-002550,AST-04267,GCP,Storage,False,No Versioning on Bucket,True,False,Low,3,False,True,3.2
CLOUD-002551,AST-04268,AWS,Database,False,None,True,True,Low,0,False,False,0
CLOUD-002552,AST-04270,Azure,ML,True,None,True,True,Low,5,False,False,4.0
CLOUD-002553,AST-04271,AWS,Analytics,True,None,False,True,Medium,0,False,True,5.5
CLOUD-002554,AST-04272,Azure,Analytics,True,Exposed API Key,True,True,Low,6,False,True,5.8
CLOUD-002555,AST-04274,GCP,ML,False,None,False,True,Medium,1,False,True,2.8
CLOUD-002556,AST-04275,GCP,Container,True,Public S3 Bucket,True,False,Medium,6,False,True,8.2
CLOUD-002557,AST-04277,AWS,Analytics,False,None,True,True,Low,2,True,False,1.8
CLOUD-002558,AST-04278,Azure,Serverless,False,No Network ACL,True,False,High,0,False,True,5.3
CLOUD-002559,AST-04280,AWS,ML,False,None,False,True,High,1,True,True,5.6
CLOUD-002560,AST-04281,GCP,Networking,False,None,False,True,High,1,False,True,3.2
CLOUD-002561,AST-04283,Azure,Identity,False,None,True,False,Medium,2,False,True,2.4
CLOUD-002562,AST-04285,GCP,ML,True,None,True,True,Medium,4,False,False,4.3
CLOUD-002563,AST-04286,GCP,Storage,True,None,True,True,Medium,10,False,False,5.8
CLOUD-002564,AST-04287,Azure,Container,False,None,True,True,High,3,False,False,3.0
CLOUD-002565,AST-04289,Azure,ML,False,None,True,True,Low,3,False,False,0.1
CLOUD-002566,AST-04290,AWS,Compute,False,Unencrypted Volume,True,False,Medium,1,False,True,4.3
CLOUD-002567,AST-04291,GCP,Identity,False,None,False,True,High,1,False,True,3.2
CLOUD-002568,AST-04292,AWS,Compute,False,Cross-Account Access,True,True,Low,3,False,True,3.1
CLOUD-002569,AST-04294,GCP,Storage,False,None,True,False,Medium,1,False,True,2.2
CLOUD-002570,AST-04295,Azure,Container,False,None,True,True,High,3,True,False,3.8
CLOUD-002571,AST-04296,AWS,Analytics,False,None,False,True,High,1,False,True,3.6
CLOUD-002572,AST-04298,Azure,ML,False,None,False,True,Low,3,False,True,2.5
CLOUD-002573,AST-04299,Azure,Identity,False,None,True,True,High,1,False,False,2.5
CLOUD-002574,AST-04300,AWS,ML,False,None,True,True,Medium,2,False,False,1.3
CLOUD-002575,AST-04301,Azure,Serverless,False,None,True,True,Medium,3,False,False,1.9
CLOUD-002576,AST-04303,GCP,Identity,False,Missing WAF,False,True,High,2,False,True,6.3
CLOUD-002577,AST-04304,GCP,Compute,False,None,True,True,Medium,1,False,False,0.8
CLOUD-002578,AST-04305,Azure,Storage,False,None,True,True,Medium,3,False,False,2.1
CLOUD-002579,AST-04309,GCP,ML,False,None,True,True,High,3,False,False,2.7
CLOUD-002580,AST-04311,AWS,Networking,False,None,True,True,Medium,3,False,False,1.4
CLOUD-002581,AST-04312,AWS,Database,True,None,True,True,Low,1,False,False,3.4
CLOUD-002582,AST-04314,GCP,Networking,False,No Network ACL,True,True,Low,2,False,True,2.1
CLOUD-002583,AST-04317,GCP,Database,False,None,True,True,High,1,False,False,2.4
CLOUD-002584,AST-04320,GCP,Storage,False,None,False,True,Low,1,False,True,1.8
CLOUD-002585,AST-04323,AWS,Compute,False,None,False,True,Medium,1,False,True,2.4
CLOUD-002586,AST-04324,AWS,DevOps,False,Cross-Account Access,True,True,High,3,False,True,4.8
CLOUD-002587,AST-04325,Azure,Networking,False,None,True,True,High,2,False,False,2.6
CLOUD-002588,AST-04328,Azure,ML,True,None,False,False,Medium,3,False,True,6.9
CLOUD-002589,AST-04330,Azure,ML,False,None,True,False,Low,1,False,True,1.2
CLOUD-002590,AST-04331,Azure,ML,False,Unencrypted Volume,True,True,High,1,False,True,4.5
CLOUD-002591,AST-04332,GCP,Container,False,Unrotated Access Keys,True,True,Low,3,False,True,2.6
CLOUD-002592,AST-04333,Azure,Serverless,False,None,False,True,Low,3,False,True,1.9
CLOUD-002593,AST-04335,AWS,Storage,False,None,True,True,Low,2,False,False,0.2
CLOUD-002594,AST-04337,Azure,Compute,False,None,False,True,High,1,False,True,3.6
CLOUD-002595,AST-04338,AWS,Networking,False,None,True,True,Medium,3,False,False,1.6
CLOUD-002596,AST-04340,AWS,Networking,False,None,False,True,Medium,2,False,True,3.0
CLOUD-002597,AST-04342,AWS,Storage,False,None,True,True,High,2,True,False,3.9
CLOUD-002598,AST-04343,GCP,Identity,False,None,True,True,Low,2,False,False,0.1
CLOUD-002599,AST-04344,GCP,Serverless,False,None,True,False,Low,2,False,True,1.7
CLOUD-002600,AST-04345,Azure,Identity,False,No Versioning on Bucket,True,True,Low,2,False,True,2.3
CLOUD-002601,AST-04346,GCP,ML,False,None,False,False,Medium,2,False,True,3.9
CLOUD-002602,AST-04348,GCP,Compute,False,No Versioning on Bucket,True,True,Low,3,False,True,2.5
CLOUD-002603,AST-04349,GCP,Networking,False,Unrotated Access Keys,True,True,Low,3,False,True,2.9
CLOUD-002604,AST-04352,Azure,ML,False,None,True,True,Medium,2,True,False,3.3
CLOUD-002605,AST-04353,GCP,Serverless,False,Public S3 Bucket,True,True,High,0,False,True,4.0
CLOUD-002606,AST-04354,GCP,Database,False,None,True,True,Low,2,False,False,0.3
CLOUD-002607,AST-04356,AWS,ML,True,Cross-Account Access,True,True,High,0,False,True,6.9
CLOUD-002608,AST-04358,GCP,Networking,False,None,True,True,Medium,2,False,False,0.9
CLOUD-002609,AST-04360,Azure,Database,False,None,True,False,High,3,False,True,3.4
CLOUD-002610,AST-04362,GCP,Identity,False,None,True,True,High,1,False,False,2.1
CLOUD-002611,AST-04363,GCP,Serverless,True,None,True,True,Low,3,True,False,4.8
CLOUD-002612,AST-04364,Azure,Serverless,False,None,True,True,Medium,1,False,False,1.5
CLOUD-002613,AST-04365,GCP,Serverless,False,None,True,True,High,0,False,False,1.7
CLOUD-002614,AST-04367,Azure,Container,False,None,True,True,Low,3,False,False,0.4
CLOUD-002615,AST-04369,AWS,Storage,False,Missing WAF,True,True,Medium,0,False,True,3.3
CLOUD-002616,AST-04370,Azure,DevOps,False,None,True,False,High,3,False,True,3.4
CLOUD-002617,AST-04371,GCP,Database,False,None,True,True,Low,3,False,False,0.2
CLOUD-002618,AST-04372,GCP,Compute,False,Exposed API Key,True,True,Low,3,False,True,2.9
CLOUD-002619,AST-04376,GCP,Storage,False,Unencrypted Volume,True,True,Low,0,False,True,2.2
CLOUD-002620,AST-04378,AWS,Storage,False,None,True,False,Low,3,False,True,1.5
CLOUD-002621,AST-04381,GCP,Identity,False,None,True,True,Medium,3,True,False,2.9
CLOUD-002622,AST-04382,GCP,Identity,False,None,True,True,Low,3,False,False,0.4
CLOUD-002623,AST-04383,GCP,Compute,False,None,True,True,Medium,0,False,False,1.1
CLOUD-002624,AST-04385,AWS,ML,True,Public S3 Bucket,True,True,Low,6,False,True,6.7
CLOUD-002625,AST-04386,GCP,DevOps,False,None,True,True,High,3,True,False,4.4
CLOUD-002626,AST-04390,GCP,Compute,False,Default VPC,True,True,High,1,False,True,4.6
CLOUD-002627,AST-04394,AWS,Analytics,False,Cross-Account Access,False,True,Medium,3,False,True,4.9
CLOUD-002628,AST-04397,Azure,ML,False,None,False,True,Medium,1,False,True,2.6
CLOUD-002629,AST-04398,AWS,ML,True,None,True,True,High,9,False,False,6.9
CLOUD-002630,AST-04399,GCP,Database,False,None,False,True,Medium,0,False,True,2.2
CLOUD-002631,AST-04401,Azure,Networking,False,None,True,True,Low,3,False,False,0.4
CLOUD-002632,AST-04402,AWS,DevOps,False,None,True,True,Low,3,False,False,0.1
CLOUD-002633,AST-04403,Azure,Database,False,No MFA on Root Account,False,True,High,3,True,True,7.6
CLOUD-002634,AST-04404,GCP,Analytics,False,None,True,True,High,3,False,False,2.9
CLOUD-002635,AST-04405,Azure,Serverless,False,Default VPC,True,True,High,1,False,True,3.8
CLOUD-002636,AST-04407,Azure,Storage,True,No Network ACL,True,False,Low,10,True,True,9.2
CLOUD-002637,AST-04409,AWS,Container,False,Public RDS Instance,True,True,Low,0,True,True,3.3
CLOUD-002638,AST-04411,Azure,Analytics,False,None,True,True,Medium,2,False,False,1.6
CLOUD-002639,AST-04412,Azure,Serverless,False,None,True,True,High,2,False,False,2.0
CLOUD-002640,AST-04414,Azure,Database,False,None,True,True,High,1,False,False,2.2
CLOUD-002641,AST-04415,GCP,Serverless,False,None,False,True,High,3,False,True,4.5
CLOUD-002642,AST-04417,Azure,Compute,False,None,True,True,Medium,3,True,False,3.1
CLOUD-002643,AST-04418,GCP,DevOps,False,Public RDS Instance,True,False,Low,3,False,True,3.9
CLOUD-002644,AST-04420,GCP,Serverless,False,None,False,True,Low,2,False,True,1.6
CLOUD-002645,AST-04421,GCP,Identity,False,None,True,True,Low,3,False,False,0.8
CLOUD-002646,AST-04422,Azure,Container,False,No Versioning on Bucket,True,False,Low,3,False,True,3.4
CLOUD-002647,AST-04425,AWS,Database,False,None,True,True,Medium,0,False,False,1.4
CLOUD-002648,AST-04426,Azure,Networking,False,None,True,True,High,2,False,False,2.0
CLOUD-002649,AST-04427,GCP,Networking,False,None,True,True,Low,1,False,False,0.1
CLOUD-002650,AST-04428,Azure,Analytics,False,Open Security Group,False,True,Medium,3,False,True,5.1
CLOUD-002651,AST-04430,GCP,Database,False,No Network ACL,False,False,Medium,3,False,True,6.1
CLOUD-002652,AST-04432,Azure,DevOps,False,None,True,True,High,2,False,False,2.4
CLOUD-002653,AST-04437,AWS,DevOps,False,None,True,True,Low,1,False,False,0.1
CLOUD-002654,AST-04439,GCP,Identity,False,Unrotated Access Keys,True,True,Medium,1,False,True,3.3
CLOUD-002655,AST-04442,AWS,DevOps,False,None,False,True,Medium,2,False,True,3.1
CLOUD-002656,AST-04444,Azure,ML,False,None,True,False,Medium,0,True,True,3.2
CLOUD-002657,AST-04446,AWS,ML,False,Unrotated Access Keys,True,True,High,1,False,True,4.3
CLOUD-002658,AST-04447,GCP,Identity,False,None,True,False,Medium,3,False,True,2.5
CLOUD-002659,AST-04448,GCP,Compute,False,Public RDS Instance,True,True,Low,3,True,True,4.0
CLOUD-002660,AST-04449,GCP,Serverless,True,None,True,False,Low,7,False,True,5.1
CLOUD-002661,AST-04450,Azure,Serverless,False,None,True,False,Medium,0,False,True,1.7
CLOUD-002662,AST-04451,AWS,Compute,False,None,False,False,High,0,False,True,4.8
CLOUD-002663,AST-04452,Azure,Networking,False,None,True,True,Low,0,False,False,0
CLOUD-002664,AST-04454,AWS,Compute,True,None,False,False,Low,5,False,True,6.2
CLOUD-002665,AST-04455,AWS,DevOps,False,None,True,True,Medium,1,False,False,1.5
CLOUD-002666,AST-04457,AWS,Analytics,True,None,True,True,Low,0,False,False,3.3
CLOUD-002667,AST-04458,GCP,Networking,False,None,True,False,Low,0,False,True,0.8
CLOUD-002668,AST-04459,GCP,Serverless,False,None,True,True,Medium,2,False,False,1.7
CLOUD-002669,AST-04463,AWS,Database,False,Open Security Group,True,True,Low,3,False,True,2.5
CLOUD-002670,AST-04465,GCP,Storage,False,None,True,False,Medium,1,False,True,2.3
CLOUD-002671,AST-04467,GCP,Serverless,False,Unencrypted Volume,False,True,High,2,False,True,6.3
CLOUD-002672,AST-04468,AWS,Storage,False,None,False,True,Medium,0,False,True,2.4
CLOUD-002673,AST-04472,Azure,DevOps,False,No Versioning on Bucket,True,False,Low,3,False,True,3.4
CLOUD-002674,AST-04474,AWS,Analytics,False,None,True,True,Low,1,False,False,0.6
CLOUD-002675,AST-04475,GCP,Compute,False,None,True,False,Medium,0,False,True,2.5
CLOUD-002676,AST-04476,AWS,Container,False,None,True,True,Medium,3,False,False,2.0
CLOUD-002677,AST-04477,GCP,Storage,False,None,True,True,Medium,1,False,False,0.8
CLOUD-002678,AST-04480,AWS,Analytics,True,None,True,True,Medium,0,False,False,4.4
CLOUD-002679,AST-04482,Azure,Networking,False,None,False,True,High,3,False,True,4.5
CLOUD-002680,AST-04484,Azure,Identity,True,None,True,True,Medium,6,False,False,5.1
CLOUD-002681,AST-04485,GCP,Serverless,False,Public RDS Instance,True,True,High,2,False,True,4.4
CLOUD-002682,AST-04487,GCP,Database,False,None,True,True,High,0,True,False,3.4
CLOUD-002683,AST-04488,AWS,Compute,False,No Network ACL,True,False,High,3,False,True,5.3
CLOUD-002684,AST-04489,Azure,DevOps,False,Open Security Group,False,False,Medium,3,False,True,6.0
CLOUD-002685,AST-04494,Azure,Identity,True,None,True,True,High,2,False,False,5.5
CLOUD-002686,AST-04495,GCP,ML,False,None,True,True,Low,2,False,False,0.0
CLOUD-002687,AST-04497,GCP,DevOps,False,Cross-Account Access,True,True,Low,2,False,True,2.3
CLOUD-002688,AST-04499,AWS,ML,False,None,True,False,High,1,False,True,3.6
CLOUD-002689,AST-04501,Azure,Compute,False,No MFA on Root Account,True,True,High,3,False,True,4.5
CLOUD-002690,AST-04502,Azure,Networking,False,Logging Disabled,False,True,High,0,False,True,5.7
CLOUD-002691,AST-04503,AWS,ML,False,None,False,True,High,3,False,True,4.2
CLOUD-002692,AST-04504,Azure,ML,True,None,True,False,Low,3,False,True,4.8
CLOUD-002693,AST-04505,AWS,Container,False,None,True,True,Medium,2,False,False,1.5
CLOUD-002694,AST-04506,Azure,Analytics,False,No Versioning on Bucket,True,True,Medium,0,True,True,4.5
CLOUD-002695,AST-04507,AWS,Container,False,Public S3 Bucket,False,True,High,3,False,True,6.5
CLOUD-002696,AST-04511,GCP,DevOps,False,Missing WAF,True,True,Medium,3,False,True,3.5
CLOUD-002697,AST-04514,AWS,Analytics,False,None,True,True,Low,2,False,False,0.1
CLOUD-002698,AST-04515,GCP,Database,False,None,True,False,Medium,0,False,True,2.1
CLOUD-002699,AST-04516,AWS,Analytics,False,No Network ACL,True,True,Low,2,False,True,2.6
CLOUD-002700,AST-04520,AWS,ML,False,Unrotated Access Keys,True,True,High,3,False,True,4.3
CLOUD-002701,AST-04526,GCP,Container,False,None,False,False,Medium,0,False,True,3.6
CLOUD-002702,AST-04528,Azure,Networking,False,None,False,False,Low,3,False,True,3.4
CLOUD-002703,AST-04529,Azure,Networking,False,None,True,True,High,3,False,False,2.3
CLOUD-002704,AST-04531,AWS,Compute,False,None,False,True,Medium,1,False,True,2.5
CLOUD-002705,AST-04532,GCP,Serverless,True,None,True,True,Low,8,False,False,4.5
CLOUD-002706,AST-04535,GCP,Storage,False,Open Security Group,True,True,High,2,False,True,4.6
CLOUD-002707,AST-04536,Azure,Identity,False,None,True,True,Medium,2,False,False,1.4
CLOUD-002708,AST-04537,AWS,ML,False,None,True,False,High,3,True,True,5.4
CLOUD-002709,AST-04540,AWS,Analytics,False,None,True,True,High,3,False,False,2.6
CLOUD-002710,AST-04542,AWS,Analytics,False,None,True,True,Medium,3,False,False,1.2
CLOUD-002711,AST-04543,GCP,Serverless,True,Public RDS Instance,True,True,Low,0,False,True,4.7
CLOUD-002712,AST-04544,Azure,Identity,False,None,True,True,High,1,False,False,1.8
CLOUD-002713,AST-04546,AWS,Compute,False,No Versioning on Bucket,True,True,Medium,1,False,True,2.7
CLOUD-002714,AST-04547,GCP,ML,False,None,True,False,Medium,0,True,True,3.1
CLOUD-002715,AST-04550,Azure,Identity,False,None,True,True,High,1,False,False,1.8
CLOUD-002716,AST-04551,Azure,Identity,False,None,True,True,High,2,False,False,2.3
CLOUD-002717,AST-04552,Azure,Storage,False,None,False,True,Low,0,False,True,1.7
CLOUD-002718,AST-04553,Azure,Identity,False,None,True,True,Low,1,False,False,0.6
CLOUD-002719,AST-04555,Azure,Database,False,None,False,True,Medium,2,False,True,2.8
CLOUD-002720,AST-04556,Azure,DevOps,False,None,True,False,High,3,False,True,3.7
CLOUD-002721,AST-04557,Azure,Networking,False,None,True,False,High,0,False,True,3.3
CLOUD-002722,AST-04559,AWS,DevOps,False,None,False,True,High,1,True,True,4.8
CLOUD-002723,AST-04560,Azure,Container,False,None,True,False,Low,0,False,True,0.6
CLOUD-002724,AST-04561,AWS,Serverless,False,None,True,False,High,1,False,True,3.3
CLOUD-002725,AST-04566,Azure,Compute,False,No Versioning on Bucket,True,True,High,0,False,True,3.8
CLOUD-002726,AST-04567,Azure,Database,False,None,True,True,High,1,False,False,2.4
CLOUD-002727,AST-04570,Azure,Networking,False,None,True,True,High,3,False,False,2.4
CLOUD-002728,AST-04571,AWS,Analytics,False,Logging Disabled,True,True,Medium,3,False,True,3.4
CLOUD-002729,AST-04573,GCP,Compute,False,None,True,True,Low,2,False,False,0.4
CLOUD-002730,AST-04574,Azure,Database,True,None,False,True,Medium,3,False,True,6.0
CLOUD-002731,AST-04577,GCP,Serverless,False,No MFA on Root Account,False,True,Low,0,True,True,4.8
CLOUD-002732,AST-04578,Azure,Networking,False,None,False,False,Low,2,True,True,4.0
CLOUD-002733,AST-04579,AWS,Database,False,Unencrypted Volume,True,True,High,3,False,True,4.5
CLOUD-002734,AST-04582,Azure,Storage,False,None,True,True,High,3,False,False,2.7
CLOUD-002735,AST-04583,AWS,Identity,False,Default VPC,False,True,Medium,0,False,True,4.6
CLOUD-002736,AST-04584,GCP,ML,False,Unencrypted Volume,True,True,High,0,False,True,4.2
CLOUD-002737,AST-04585,GCP,Networking,False,Overly Permissive IAM Policy,True,True,Medium,1,True,True,4.2
CLOUD-002738,AST-04586,AWS,Identity,False,None,True,False,Medium,3,False,True,2.2
CLOUD-002739,AST-04587,Azure,Identity,False,None,True,False,Medium,2,False,True,2.5
CLOUD-002740,AST-04588,Azure,Database,False,Cross-Account Access,False,False,Low,1,False,True,4.8
CLOUD-002741,AST-04591,Azure,Identity,True,None,False,True,Medium,0,False,True,5.5
CLOUD-002742,AST-04592,Azure,Serverless,False,None,True,True,High,3,False,False,3.1
CLOUD-002743,AST-04593,GCP,Compute,False,None,True,False,High,3,False,True,3.7
CLOUD-002744,AST-04595,Azure,Identity,False,None,True,True,Medium,0,False,False,1.2
CLOUD-002745,AST-04601,Azure,Storage,True,Exposed API Key,True,False,Medium,9,True,True,10
CLOUD-002746,AST-04604,Azure,DevOps,False,None,False,True,Medium,0,False,True,3.0
CLOUD-002747,AST-04609,Azure,Serverless,True,None,True,False,Medium,4,False,True,5.5
CLOUD-002748,AST-04610,AWS,ML,False,Logging Disabled,False,True,High,3,False,True,6.5
CLOUD-002749,AST-04612,AWS,Serverless,False,None,False,False,High,0,False,True,4.4
CLOUD-002750,AST-04613,GCP,Analytics,False,None,True,False,Low,1,True,True,2.2
CLOUD-002751,AST-04614,Azure,Analytics,False,None,True,True,Low,1,False,False,0.2
CLOUD-002752,AST-04616,AWS,Networking,False,Open Security Group,True,True,High,1,False,True,3.7
CLOUD-002753,AST-04618,AWS,Database,False,None,True,True,Low,3,False,False,0.2
CLOUD-002754,AST-04619,AWS,Storage,False,None,True,True,Medium,0,False,False,1.5
CLOUD-002755,AST-04620,AWS,Networking,True,None,True,True,Medium,7,False,False,5.3
CLOUD-002756,AST-04622,Azure,ML,False,Missing WAF,True,True,High,0,False,True,3.9
CLOUD-002757,AST-04625,AWS,Compute,False,None,True,True,Medium,0,False,False,1.2
CLOUD-002758,AST-04626,Azure,Analytics,False,None,True,False,Medium,1,False,True,2.1
CLOUD-002759,AST-04627,Azure,Compute,False,Default VPC,True,True,High,1,False,True,3.7
CLOUD-002760,AST-04628,Azure,ML,True,None,True,True,Medium,2,False,False,4.5
CLOUD-002761,AST-04631,Azure,Database,False,None,True,True,High,2,False,False,2.7
CLOUD-002762,AST-04633,AWS,Analytics,False,None,True,True,Medium,1,False,False,1.3
CLOUD-002763,AST-04635,GCP,Compute,False,None,True,True,Medium,1,False,False,1.5
CLOUD-002764,AST-04636,GCP,Identity,False,None,True,False,High,2,False,True,2.9
CLOUD-002765,AST-04637,AWS,Database,False,No Network ACL,True,True,Medium,0,False,True,3.2
CLOUD-002766,AST-04639,GCP,Networking,False,None,False,False,Low,2,True,True,4.2
CLOUD-002767,AST-04642,AWS,Identity,False,None,False,True,Low,3,False,True,2.6
CLOUD-002768,AST-04643,AWS,Networking,False,Overly Permissive IAM Policy,True,True,High,3,True,True,5.8
CLOUD-002769,AST-04644,GCP,Identity,False,None,False,True,High,1,False,True,4.2
CLOUD-002770,AST-04645,AWS,Networking,False,None,True,False,Medium,3,False,True,2.6
CLOUD-002771,AST-04646,AWS,DevOps,True,None,True,True,High,10,False,False,6.7
CLOUD-002772,AST-04649,GCP,Container,True,None,True,False,Low,0,False,True,4.1
CLOUD-002773,AST-04651,AWS,ML,False,None,True,False,Medium,1,False,True,1.8
CLOUD-002774,AST-04654,GCP,Container,False,None,False,True,High,0,False,True,4.0
CLOUD-002775,AST-04657,Azure,Database,False,Unencrypted Volume,True,True,Low,3,False,True,2.8
CLOUD-002776,AST-04659,AWS,Networking,False,None,False,True,Low,3,False,True,2.4
CLOUD-002777,AST-04660,Azure,DevOps,True,No MFA on Root Account,True,True,High,0,False,True,6.5
CLOUD-002778,AST-04661,GCP,Networking,False,No Network ACL,True,True,Low,1,False,True,2.5
CLOUD-002779,AST-04666,AWS,Identity,False,None,False,True,High,2,False,True,4.2
CLOUD-002780,AST-04667,AWS,Identity,False,None,True,True,Low,2,False,False,0.3
CLOUD-002781,AST-04668,AWS,Analytics,False,No Versioning on Bucket,False,True,Medium,1,False,True,5.1
CLOUD-002782,AST-04670,Azure,DevOps,True,None,True,True,Low,8,False,False,4.7
CLOUD-002783,AST-04671,GCP,Networking,False,None,True,False,Low,1,False,True,0.9
CLOUD-002784,AST-04672,GCP,Storage,False,None,False,False,Low,1,False,True,2.9
CLOUD-002785,AST-04674,GCP,Serverless,False,None,True,True,High,3,False,False,2.7
CLOUD-002786,AST-04677,GCP,Database,False,Public S3 Bucket,False,False,Medium,2,False,True,5.9
CLOUD-002787,AST-04678,GCP,Analytics,True,None,True,True,High,8,False,False,6.9
CLOUD-002788,AST-04680,GCP,Identity,False,Public RDS Instance,True,True,Medium,3,False,True,3.1
CLOUD-002789,AST-04682,Azure,Compute,False,None,True,True,High,3,False,False,3.1
CLOUD-002790,AST-04683,AWS,Identity,False,None,True,True,Low,0,False,False,0.2
CLOUD-002791,AST-04684,Azure,Container,False,None,True,True,High,0,True,False,3.8
CLOUD-002792,AST-04685,AWS,ML,False,None,True,True,Medium,0,False,False,1.0
CLOUD-002793,AST-04686,GCP,Identity,False,No Versioning on Bucket,False,True,Low,1,False,True,4.1
CLOUD-002794,AST-04689,GCP,Storage,False,None,True,True,Low,1,False,False,0.5
CLOUD-002795,AST-04690,GCP,Database,False,None,False,False,Medium,2,False,True,3.8
CLOUD-002796,AST-04693,Azure,Storage,False,None,False,True,Medium,0,False,True,2.3
CLOUD-002797,AST-04694,AWS,Storage,False,None,True,True,Medium,2,False,False,1.2
CLOUD-002798,AST-04696,AWS,Compute,False,Cross-Account Access,True,False,Medium,1,False,True,4.0
CLOUD-002799,AST-04698,GCP,Container,False,None,True,True,High,1,False,False,1.8
CLOUD-002800,AST-04699,AWS,Serverless,False,No MFA on Root Account,True,True,Medium,3,False,True,3.9
CLOUD-002801,AST-04700,AWS,Networking,False,Default VPC,False,True,High,1,False,True,5.6
CLOUD-002802,AST-04701,GCP,Analytics,False,No Network ACL,False,True,High,2,False,True,5.9
CLOUD-002803,AST-04702,GCP,Serverless,False,None,False,True,Medium,2,False,True,2.9
CLOUD-002804,AST-04703,GCP,Serverless,True,None,True,True,High,10,False,False,7.3
CLOUD-002805,AST-04706,AWS,Identity,False,None,False,False,Low,2,False,True,2.6
CLOUD-002806,AST-04707,AWS,Serverless,False,None,True,False,Medium,2,False,True,2.3
CLOUD-002807,AST-04708,Azure,Storage,False,Unencrypted Volume,False,True,Low,0,False,True,3.7
CLOUD-002808,AST-04710,AWS,Storage,False,None,True,True,Low,2,True,False,2.3
CLOUD-002809,AST-04712,AWS,Networking,False,Unencrypted Volume,True,False,Medium,3,False,True,4.7
CLOUD-002810,AST-04713,Azure,Identity,False,None,True,True,Low,0,False,False,0
CLOUD-002811,AST-04716,GCP,DevOps,False,None,True,True,Medium,0,False,False,1.1
CLOUD-002812,AST-04717,Azure,Identity,False,None,True,True,Medium,0,False,False,0.8
CLOUD-002813,AST-04718,GCP,Container,False,None,False,True,High,3,False,True,4.0
CLOUD-002814,AST-04719,GCP,Container,False,Public S3 Bucket,True,False,High,0,False,True,5.4
CLOUD-002815,AST-04720,AWS,Analytics,False,None,False,True,Low,0,True,True,2.7
CLOUD-002816,AST-04722,AWS,ML,False,Missing WAF,True,True,High,2,False,True,4.4
CLOUD-002817,AST-04723,GCP,Storage,False,None,True,False,High,2,False,True,3.2
CLOUD-002818,AST-04724,Azure,Database,False,None,False,False,Low,1,False,True,2.7
CLOUD-002819,AST-04725,AWS,Database,False,None,True,True,Low,3,False,False,1.0
CLOUD-002820,AST-04727,Azure,DevOps,False,None,True,True,Medium,3,False,False,1.7
CLOUD-002821,AST-04728,AWS,Serverless,False,Unrotated Access Keys,False,False,Low,2,False,True,5.4
CLOUD-002822,AST-04729,GCP,Compute,False,None,True,True,High,0,False,False,2.5
CLOUD-002823,AST-04730,GCP,Container,False,None,False,True,Medium,1,False,True,2.4
CLOUD-002824,AST-04731,GCP,Identity,False,None,True,True,Medium,2,False,False,1.3
CLOUD-002825,AST-04733,GCP,Storage,False,None,True,False,High,2,False,True,3.6
CLOUD-002826,AST-04736,AWS,Compute,False,None,True,True,High,2,False,False,2.6
CLOUD-002827,AST-04740,AWS,Identity,True,None,True,False,Medium,10,False,True,6.8
CLOUD-002828,AST-04741,AWS,Container,False,None,True,True,Medium,3,False,False,1.9
CLOUD-002829,AST-04742,AWS,Database,False,Open Security Group,True,True,Medium,3,False,True,3.3
CLOUD-002830,AST-04743,AWS,Storage,False,None,True,True,High,0,True,False,3.8
CLOUD-002831,AST-04745,AWS,Storage,False,None,False,True,Medium,1,False,True,3.0
CLOUD-002832,AST-04747,AWS,Compute,False,None,True,False,Low,0,False,True,1.2
CLOUD-002833,AST-04748,Azure,DevOps,False,None,True,False,High,2,False,True,3.3
CLOUD-002834,AST-04750,GCP,DevOps,True,Logging Disabled,True,False,Medium,10,True,True,10
CLOUD-002835,AST-04751,GCP,Networking,False,None,True,True,Low,2,False,False,0.2
CLOUD-002836,AST-04752,AWS,Storage,False,None,True,True,Low,1,True,False,1.2
CLOUD-002837,AST-04754,AWS,Storage,False,None,True,True,Low,0,False,False,0
CLOUD-002838,AST-04755,GCP,Database,False,None,False,True,High,1,False,True,3.9
CLOUD-002839,AST-04757,Azure,Networking,True,None,True,True,Low,1,False,False,3.1
CLOUD-002840,AST-04758,GCP,Database,False,None,True,True,High,1,True,False,3.3
CLOUD-002841,AST-04765,AWS,Analytics,False,None,True,True,Medium,3,False,False,1.6
CLOUD-002842,AST-04766,AWS,Storage,True,None,True,True,Low,6,False,False,4.7
CLOUD-002843,AST-04767,GCP,DevOps,False,Cross-Account Access,True,True,Low,3,False,True,2.8
CLOUD-002844,AST-04768,GCP,Serverless,False,None,True,True,High,3,False,False,2.4
CLOUD-002845,AST-04769,GCP,Container,False,No MFA on Root Account,True,True,High,1,True,True,5.2
CLOUD-002846,AST-04771,AWS,Analytics,False,None,True,True,High,2,True,False,4.2
CLOUD-002847,AST-04772,GCP,Identity,True,None,True,True,Medium,5,False,False,5.5
CLOUD-002848,AST-04773,Azure,Serverless,False,Public RDS Instance,False,True,Low,3,False,True,3.8
CLOUD-002849,AST-04774,GCP,Database,False,None,False,True,Low,3,False,True,1.8
CLOUD-002850,AST-04775,Azure,ML,False,Default VPC,False,True,Low,1,False,True,3.6
CLOUD-002851,AST-04776,AWS,DevOps,False,None,True,True,Low,0,False,False,0.5
CLOUD-002852,AST-04777,AWS,DevOps,False,None,True,True,Medium,0,False,False,0.5
CLOUD-002853,AST-04778,GCP,Analytics,False,Unrotated Access Keys,False,False,Low,2,False,True,5.0
CLOUD-002854,AST-04781,GCP,Container,False,None,True,True,High,2,True,False,4.3
CLOUD-002855,AST-04782,GCP,ML,False,None,False,True,Low,0,False,True,1.8
CLOUD-002856,AST-04783,AWS,Identity,False,None,True,True,Low,1,False,False,0
CLOUD-002857,AST-04788,GCP,Storage,True,None,False,True,High,3,False,True,7.3
CLOUD-002858,AST-04790,Azure,Analytics,False,Exposed API Key,True,False,Low,2,False,True,3.9
CLOUD-002859,AST-04791,AWS,Identity,False,None,True,True,High,2,False,False,2.1
CLOUD-002860,AST-04792,Azure,Storage,True,None,True,True,Medium,4,False,False,4.8
CLOUD-002861,AST-04794,GCP,Compute,False,None,True,True,Medium,1,False,False,1.2
CLOUD-002862,AST-04796,Azure,Storage,False,Default VPC,True,True,High,1,False,True,4.0
CLOUD-002863,AST-04798,GCP,Container,False,None,True,True,Low,3,False,False,0.4
CLOUD-002864,AST-04799,Azure,Database,False,Default VPC,False,True,Medium,0,True,True,5.9
CLOUD-002865,AST-04800,GCP,Analytics,False,None,True,True,Low,2,False,False,0.7
CLOUD-002866,AST-04802,GCP,ML,False,None,False,True,Low,3,False,True,2.4
CLOUD-002867,AST-04803,GCP,Analytics,False,None,True,True,Low,2,False,False,0.7
CLOUD-002868,AST-04804,AWS,Identity,True,None,True,True,Low,0,False,False,3.1
CLOUD-002869,AST-04805,GCP,Analytics,True,None,True,True,Medium,3,False,False,5.0
CLOUD-002870,AST-04807,GCP,Analytics,False,No Network ACL,True,False,High,2,False,True,5.4
CLOUD-002871,AST-04810,Azure,Serverless,True,None,True,True,Medium,10,False,False,6.3
CLOUD-002872,AST-04815,Azure,Identity,False,None,True,True,Low,3,False,False,1.0
CLOUD-002873,AST-04816,AWS,DevOps,False,None,True,True,Low,1,False,False,0
CLOUD-002874,AST-04817,GCP,Analytics,False,None,True,True,High,0,True,False,3.7
CLOUD-002875,AST-04818,GCP,Storage,True,None,False,False,Medium,9,True,True,9.3
CLOUD-002876,AST-04821,GCP,Database,False,None,True,True,Medium,2,False,False,1.7
CLOUD-002877,AST-04823,AWS,Container,False,Overly Permissive IAM Policy,True,True,High,2,False,True,3.9
CLOUD-002878,AST-04824,Azure,Analytics,False,None,True,True,Low,2,False,False,0.7
CLOUD-002879,AST-04827,AWS,Networking,False,Public RDS Instance,True,True,High,2,False,True,4.1
CLOUD-002880,AST-04830,GCP,Analytics,False,None,True,True,High,3,False,False,2.9
CLOUD-002881,AST-04835,AWS,Networking,True,None,True,True,Medium,0,False,False,4.5
CLOUD-002882,AST-04836,AWS,Compute,False,None,True,False,Medium,3,False,True,2.2
CLOUD-002883,AST-04837,GCP,Serverless,False,No MFA on Root Account,True,True,High,0,False,True,4.0
CLOUD-002884,AST-04838,Azure,Database,False,Logging Disabled,True,True,High,1,False,True,3.7
CLOUD-002885,AST-04840,GCP,Analytics,False,None,True,False,Medium,3,False,True,2.9
CLOUD-002886,AST-04841,Azure,DevOps,False,No MFA on Root Account,True,True,High,0,False,True,3.8
CLOUD-002887,AST-04842,GCP,Database,False,None,False,True,Medium,3,False,True,3.3
CLOUD-002888,AST-04844,AWS,Storage,False,None,False,False,High,2,False,True,5.0
CLOUD-002889,AST-04845,GCP,Compute,False,None,True,True,Medium,3,False,False,2.0
CLOUD-002890,AST-04846,Azure,Database,False,Unencrypted Volume,False,True,Medium,2,False,True,4.9
CLOUD-002891,AST-04847,Azure,Serverless,True,Public S3 Bucket,True,False,High,7,False,True,9.2
CLOUD-002892,AST-04849,GCP,Identity,False,Logging Disabled,True,True,High,0,False,True,4.0
CLOUD-002893,AST-04850,Azure,Analytics,False,Cross-Account Access,False,False,Low,0,False,True,4.6
CLOUD-002894,AST-04851,GCP,Networking,False,None,False,True,High,1,False,True,3.3
CLOUD-002895,AST-04852,GCP,Compute,False,Cross-Account Access,True,True,High,3,False,True,4.5
CLOUD-002896,AST-04854,GCP,Storage,False,Missing WAF,True,True,High,0,False,True,4.3
CLOUD-002897,AST-04855,Azure,Storage,True,None,True,True,Low,3,False,False,4.0
CLOUD-002898,AST-04856,AWS,Storage,False,None,True,False,Medium,3,True,True,4.1
CLOUD-002899,AST-04857,Azure,Serverless,False,Unrotated Access Keys,True,True,Low,3,False,True,3.0
CLOUD-002900,AST-04860,AWS,Storage,True,None,True,True,Low,4,False,False,3.8
CLOUD-002901,AST-04864,Azure,Identity,False,None,False,False,Medium,3,False,True,3.9
CLOUD-002902,AST-04865,Azure,ML,False,Open Security Group,True,True,Low,1,False,True,2.0
CLOUD-002903,AST-04866,Azure,Analytics,False,None,True,True,Low,3,False,False,0.4
CLOUD-002904,AST-04868,AWS,Identity,False,None,True,True,High,0,False,False,2.2
CLOUD-002905,AST-04871,AWS,Compute,False,No Versioning on Bucket,True,False,Medium,1,False,True,4.2
CLOUD-002906,AST-04873,Azure,Identity,False,None,True,True,Medium,0,False,False,0.8
CLOUD-002907,AST-04874,Azure,DevOps,False,None,True,True,Medium,0,False,False,1.0
CLOUD-002908,AST-04876,GCP,ML,False,None,True,True,High,1,False,False,2.7
CLOUD-002909,AST-04879,Azure,ML,False,None,False,True,High,3,False,True,3.9
CLOUD-002910,AST-04881,AWS,Networking,False,Exposed API Key,False,True,Medium,3,False,True,5.5
CLOUD-002911,AST-04883,AWS,DevOps,False,Default VPC,False,False,High,0,False,True,6.8
CLOUD-002912,AST-04884,GCP,Serverless,False,None,True,True,Low,1,False,False,0.6
CLOUD-002913,AST-04885,AWS,Database,False,None,False,False,High,1,False,True,4.3
CLOUD-002914,AST-04886,Azure,Database,True,Unencrypted Volume,True,False,High,7,False,True,9.2
CLOUD-002915,AST-04887,Azure,Networking,False,None,True,True,Low,2,False,False,0.2
CLOUD-002916,AST-04888,Azure,Serverless,False,None,True,True,Low,2,False,False,0.3
CLOUD-002917,AST-04889,AWS,Analytics,False,None,True,False,Medium,2,False,True,2.6
CLOUD-002918,AST-04892,Azure,ML,False,None,True,True,Medium,0,False,False,0.9
CLOUD-002919,AST-04893,AWS,DevOps,False,None,True,True,Medium,3,False,False,1.3
CLOUD-002920,AST-04895,GCP,Analytics,False,None,True,True,High,2,False,False,2.8
CLOUD-002921,AST-04896,Azure,Networking,False,None,True,True,Medium,0,False,False,0.8
CLOUD-002922,AST-04898,AWS,Serverless,True,None,True,True,Low,5,False,False,4.2
CLOUD-002923,AST-04899,Azure,Storage,False,Overly Permissive IAM Policy,True,True,Medium,2,True,True,4.5
CLOUD-002924,AST-04903,GCP,Serverless,False,None,False,False,Low,3,False,True,2.7
CLOUD-002925,AST-04906,GCP,Database,False,Unencrypted Volume,True,True,Low,3,True,True,3.7
CLOUD-002926,AST-04907,AWS,Networking,False,Default VPC,True,True,Low,2,False,True,2.2
CLOUD-002927,AST-04908,Azure,Serverless,False,Default VPC,True,True,Low,2,False,True,2.6
CLOUD-002928,AST-04909,GCP,Analytics,False,Unrotated Access Keys,False,False,Medium,1,False,True,5.6
CLOUD-002929,AST-04910,Azure,Container,False,None,True,True,Low,3,False,False,0.6
CLOUD-002930,AST-04912,AWS,Database,False,None,True,True,Medium,0,True,False,2.6
CLOUD-002931,AST-04913,Azure,Analytics,False,None,True,False,Low,2,False,True,1.0
CLOUD-002932,AST-04914,GCP,Database,True,None,True,False,Medium,2,False,True,5.5
CLOUD-002933,AST-04915,GCP,ML,False,None,True,True,High,1,False,False,2.4
CLOUD-002934,AST-04916,GCP,Networking,True,No Versioning on Bucket,True,True,Low,1,False,True,4.8
CLOUD-002935,AST-04917,AWS,Container,False,Overly Permissive IAM Policy,True,False,High,2,False,True,5.3
CLOUD-002936,AST-04919,AWS,Storage,False,Unencrypted Volume,True,False,High,2,False,True,5.0
CLOUD-002937,AST-04921,GCP,Container,True,None,True,True,High,1,False,False,5.7
CLOUD-002938,AST-04922,Azure,Analytics,False,Open Security Group,True,True,High,2,False,True,4.2
CLOUD-002939,AST-04923,Azure,Analytics,False,None,True,True,High,3,False,False,2.8
CLOUD-002940,AST-04926,AWS,Database,False,None,True,True,Medium,3,False,False,1.9
CLOUD-002941,AST-04927,Azure,Container,False,None,False,False,High,0,False,True,4.6
CLOUD-002942,AST-04928,AWS,Serverless,False,None,True,False,Medium,1,False,True,2.2
CLOUD-002943,AST-04929,Azure,ML,False,Public RDS Instance,True,True,Medium,3,False,True,4.1
CLOUD-002944,AST-04930,GCP,Identity,True,No Versioning on Bucket,False,True,Low,3,False,True,7.1
CLOUD-002945,AST-04931,AWS,Identity,False,Cross-Account Access,True,False,Medium,3,False,True,4.2
CLOUD-002946,AST-04932,GCP,Database,False,Public RDS Instance,True,False,Low,2,False,True,3.4
CLOUD-002947,AST-04933,Azure,Storage,False,None,True,True,High,2,True,False,3.5
CLOUD-002948,AST-04934,Azure,Analytics,True,None,True,False,Medium,3,False,True,5.9
CLOUD-002949,AST-04936,GCP,Identity,False,None,True,True,High,0,False,False,1.7
CLOUD-002950,AST-04937,GCP,Compute,False,None,False,False,High,2,False,True,5.4
CLOUD-002951,AST-04938,AWS,Serverless,False,None,True,True,Low,3,False,False,0.1
CLOUD-002952,AST-04939,GCP,Database,False,None,True,True,Medium,1,False,False,1.1
CLOUD-002953,AST-04941,Azure,DevOps,False,None,True,False,High,3,False,True,3.8
CLOUD-002954,AST-04944,GCP,Serverless,True,None,True,True,Low,4,False,False,3.4
CLOUD-002955,AST-04945,AWS,Database,False,None,False,True,High,2,False,True,3.6
CLOUD-002956,AST-04946,GCP,Networking,False,None,True,True,Medium,0,False,False,1.5
CLOUD-002957,AST-04947,GCP,Networking,False,None,True,True,Medium,1,False,False,1.6
CLOUD-002958,AST-04948,GCP,Identity,False,No Network ACL,True,True,High,0,False,True,3.6
CLOUD-002959,AST-04951,GCP,Identity,False,None,True,True,Medium,1,False,False,1.0
CLOUD-002960,AST-04953,GCP,Identity,False,None,True,True,High,1,False,False,2.7
CLOUD-002961,AST-04956,Azure,Database,False,None,True,True,High,3,False,False,2.6
CLOUD-002962,AST-04959,Azure,ML,False,None,True,False,Medium,1,False,True,1.8
CLOUD-002963,AST-04963,Azure,Networking,False,Logging Disabled,True,True,Medium,2,False,True,3.6
CLOUD-002964,AST-04966,GCP,Analytics,True,Open Security Group,True,True,Medium,1,False,True,6.1
CLOUD-002965,AST-04969,AWS,DevOps,True,Open Security Group,True,True,High,2,False,True,7.9
CLOUD-002966,AST-04971,AWS,ML,False,Overly Permissive IAM Policy,True,True,High,3,False,True,4.5
CLOUD-002967,AST-04975,AWS,Networking,False,Open Security Group,True,False,High,0,False,True,4.7
CLOUD-002968,AST-04976,Azure,Analytics,False,Unrotated Access Keys,True,False,Low,2,False,True,3.7
CLOUD-002969,AST-04977,GCP,Serverless,False,None,True,True,Medium,2,False,False,0.9
CLOUD-002970,AST-04978,Azure,DevOps,False,Overly Permissive IAM Policy,True,False,Medium,2,False,True,4.4
CLOUD-002971,AST-04979,Azure,Networking,False,None,False,True,Medium,0,True,True,4.0
CLOUD-002972,AST-04980,AWS,Container,True,None,True,True,Low,10,False,False,4.8
CLOUD-002973,AST-04981,GCP,Serverless,False,Missing WAF,True,True,Low,2,True,True,3.8
CLOUD-002974,AST-04983,GCP,Networking,True,None,True,False,Medium,6,False,True,6.3
CLOUD-002975,AST-04984,GCP,Networking,False,None,True,True,High,0,True,False,3.8
CLOUD-002976,AST-04986,GCP,DevOps,False,None,True,True,Low,0,False,False,0.0
CLOUD-002977,AST-04988,GCP,Identity,False,None,True,True,High,2,False,False,2.6
CLOUD-002978,AST-04991,GCP,Serverless,False,None,True,False,High,0,False,True,2.7
CLOUD-002979,AST-04992,AWS,Analytics,False,None,True,True,High,3,False,False,2.6
CLOUD-002980,AST-04994,GCP,Database,False,None,True,True,Medium,0,False,False,1.5
CLOUD-002981,AST-04997,GCP,ML,False,None,True,True,Medium,0,False,False,1.2
CLOUD-002982,AST-04999,GCP,Networking,False,None,True,False,Medium,2,False,True,2.3
CLOUD-002983,AST-05000,AWS,Compute,False,Default VPC,False,True,Medium,2,False,True,4.7
CLOUD-002984,AST-05001,AWS,ML,True,None,True,True,High,9,False,False,7.1
CLOUD-002985,AST-05002,GCP,Database,False,Open Security Group,True,True,Medium,2,False,True,3.2
CLOUD-002986,AST-05003,AWS,Identity,False,None,True,True,Medium,3,False,False,1.4
CLOUD-002987,AST-05004,Azure,Compute,False,None,False,True,Medium,1,False,True,2.8
CLOUD-002988,AST-05005,GCP,Networking,False,None,True,True,High,3,False,False,2.7
CLOUD-002989,AST-05007,GCP,Serverless,False,Open Security Group,False,True,High,3,False,True,5.9
CLOUD-002990,AST-05008,AWS,Networking,False,None,True,True,Low,2,False,False,0.6
CLOUD-002991,AST-05010,AWS,Database,False,None,True,True,High,1,False,False,2.1
CLOUD-002992,AST-05011,Azure,Serverless,False,None,True,False,Low,0,False,True,0.7
CLOUD-002993,AST-05013,Azure,Compute,False,None,True,True,Low,2,False,False,0.3
CLOUD-002994,AST-05014,AWS,Networking,True,Public S3 Bucket,True,True,Medium,1,False,True,6.7
CLOUD-002995,AST-05015,AWS,Compute,False,None,True,True,High,2,False,False,2.2
CLOUD-002996,AST-05016,GCP,ML,True,None,True,True,High,10,False,False,6.8
CLOUD-002997,AST-05017,AWS,Analytics,False,None,True,True,High,1,False,False,2.1
CLOUD-002998,AST-05018,AWS,Container,False,None,True,True,High,3,False,False,2.5
CLOUD-002999,AST-05020,Azure,ML,False,None,True,True,Low,3,False,False,0.3
CLOUD-003000,AST-05021,GCP,Compute,False,Overly Permissive IAM Policy,False,False,Medium,1,True,True,7.0
CLOUD-003001,AST-05022,Azure,Compute,False,None,False,True,High,3,False,True,4.0
CLOUD-003002,AST-05024,Azure,Serverless,False,None,True,True,High,3,False,False,2.9
CLOUD-003003,AST-05025,AWS,DevOps,False,None,True,True,Medium,2,False,False,1.1
CLOUD-003004,AST-05026,AWS,Identity,False,None,True,True,Medium,3,False,False,1.4
CLOUD-003005,AST-05027,GCP,Database,False,None,False,False,Medium,2,False,True,4.0
CLOUD-003006,AST-05028,Azure,DevOps,False,None,False,True,High,2,False,True,3.7
CLOUD-003007,AST-05029,Azure,DevOps,False,None,True,False,High,0,False,True,3.1
CLOUD-003008,AST-05030,Azure,Storage,False,None,True,True,High,2,False,False,2.9
CLOUD-003009,AST-05031,AWS,Serverless,False,No Versioning on Bucket,False,False,Medium,0,False,True,5.3
CLOUD-003010,AST-05035,AWS,Container,False,None,True,True,High,2,False,False,2.0
CLOUD-003011,AST-05036,GCP,ML,False,None,True,True,Low,3,True,False,1.8
CLOUD-003012,AST-05037,GCP,Analytics,False,None,True,True,Low,2,False,False,0.1
CLOUD-003013,AST-05038,Azure,Analytics,False,Default VPC,True,True,Medium,2,False,True,3.9
CLOUD-003014,AST-05039,AWS,Compute,True,Logging Disabled,True,False,Medium,6,False,True,7.9
CLOUD-003015,AST-05040,Azure,Database,False,None,False,True,High,2,False,True,3.9
CLOUD-003016,AST-05041,GCP,Database,False,Logging Disabled,True,True,Low,2,False,True,2.4
CLOUD-003017,AST-05042,AWS,Networking,False,Unencrypted Volume,True,True,Medium,2,False,True,3.3
CLOUD-003018,AST-05044,AWS,Storage,False,None,True,False,High,2,False,True,3.7
CLOUD-003019,AST-05048,AWS,Compute,False,None,True,True,Medium,1,False,False,1.2
CLOUD-003020,AST-05050,AWS,Serverless,False,None,True,False,Medium,3,False,True,2.3
CLOUD-003021,AST-05052,AWS,Networking,False,None,True,True,High,0,False,False,1.5
CLOUD-003022,AST-05053,Azure,Container,False,None,False,False,High,3,False,True,5.0
CLOUD-003023,AST-05054,GCP,Identity,False,Open Security Group,True,True,High,0,False,True,4.0
CLOUD-003024,AST-05055,GCP,Compute,False,None,False,False,Medium,2,False,True,3.6
CLOUD-003025,AST-05059,AWS,Compute,False,Missing WAF,False,True,High,3,False,True,6.5
CLOUD-003026,AST-05060,GCP,Networking,True,Public S3 Bucket,False,True,Low,2,True,True,8.2
CLOUD-003027,AST-05061,Azure,Analytics,True,None,True,True,Low,9,False,False,4.7
CLOUD-003028,AST-05066,Azure,ML,False,None,True,False,Medium,2,False,True,2.8
CLOUD-003029,AST-05067,GCP,Analytics,False,None,False,False,Medium,0,False,True,3.2
CLOUD-003030,AST-05068,Azure,Compute,False,Unencrypted Volume,False,True,High,2,False,True,5.7
CLOUD-003031,AST-05070,GCP,Container,False,None,True,True,Low,1,True,False,1.5
CLOUD-003032,AST-05071,Azure,Networking,False,Default VPC,True,False,Low,0,False,True,2.9
CLOUD-003033,AST-05074,AWS,DevOps,False,No MFA on Root Account,True,False,Medium,0,False,True,4.0
CLOUD-003034,AST-05075,Azure,Compute,False,Logging Disabled,True,True,High,3,False,True,4.4
CLOUD-003035,AST-05077,GCP,Analytics,False,None,False,True,High,0,False,True,3.2
CLOUD-003036,AST-05079,AWS,Compute,False,None,False,True,High,1,False,True,4.1
CLOUD-003037,AST-05080,Azure,Container,False,None,True,True,Low,3,False,False,0.1
CLOUD-003038,AST-05081,GCP,Compute,False,None,True,True,Medium,0,False,False,1.1
CLOUD-003039,AST-05082,Azure,Container,False,None,False,True,High,0,False,True,3.3
CLOUD-003040,AST-05086,GCP,Database,False,None,True,True,High,1,False,False,1.8
CLOUD-003041,AST-05089,Azure,Serverless,False,None,True,False,Low,0,False,True,1.2
CLOUD-003042,AST-05091,AWS,Serverless,True,None,True,True,Medium,1,True,False,5.6
CLOUD-003043,AST-05094,AWS,Analytics,False,None,True,False,Low,1,True,True,2.9
CLOUD-003044,AST-05097,GCP,Compute,False,None,True,True,Low,0,False,False,0
CLOUD-003045,AST-05098,GCP,ML,False,None,True,True,Medium,3,False,False,1.9
CLOUD-003046,AST-05100,GCP,Storage,False,Open Security Group,True,True,Medium,2,True,True,4.5
CLOUD-003047,AST-05101,GCP,Container,False,None,False,True,High,2,False,True,4.1
CLOUD-003048,AST-05102,AWS,ML,False,None,True,True,Medium,2,False,False,1.3
CLOUD-003049,AST-05103,GCP,Networking,False,No Network ACL,True,True,High,0,False,True,3.7
CLOUD-003050,AST-05104,AWS,Identity,True,None,True,False,Medium,1,False,True,5.6
CLOUD-003051,AST-05107,GCP,Analytics,False,None,False,True,Low,3,False,True,1.8
CLOUD-003052,AST-05109,Azure,Compute,False,None,True,True,Low,3,False,False,0.1
CLOUD-003053,AST-05110,Azure,Serverless,False,None,True,True,Medium,2,False,False,1.3
CLOUD-003054,AST-05111,AWS,Storage,False,Default VPC,True,True,High,1,False,True,4.6
CLOUD-003055,AST-05113,AWS,Networking,False,None,True,False,Medium,0,False,True,1.8
CLOUD-003056,AST-05115,Azure,ML,False,None,True,True,Low,3,False,False,0.7
CLOUD-003057,AST-05117,Azure,Compute,False,No Network ACL,False,True,Medium,1,True,True,6.0
CLOUD-003058,AST-05118,Azure,Container,False,None,False,False,Low,1,False,True,2.5
CLOUD-003059,AST-05121,AWS,Analytics,False,No Versioning on Bucket,True,True,High,0,False,True,4.1
CLOUD-003060,AST-05123,GCP,DevOps,False,Overly Permissive IAM Policy,True,True,Medium,2,False,True,3.8
CLOUD-003061,AST-05124,Azure,Identity,False,None,True,True,High,3,False,False,2.5
CLOUD-003062,AST-05125,GCP,Compute,True,None,True,True,Medium,8,False,False,5.4
CLOUD-003063,AST-05126,GCP,Identity,False,None,True,True,High,1,False,False,1.8
CLOUD-003064,AST-05130,AWS,Storage,False,None,True,True,Medium,3,False,False,1.5
CLOUD-003065,AST-05131,Azure,Identity,False,None,True,False,Medium,3,False,True,2.3
CLOUD-003066,AST-05132,GCP,Database,False,None,True,True,High,2,False,False,2.0
CLOUD-003067,AST-05133,GCP,Storage,False,None,False,True,Low,0,False,True,1.8
CLOUD-003068,AST-05134,Azure,Identity,False,None,False,True,High,3,True,True,5.5
CLOUD-003069,AST-05135,AWS,Storage,True,Public RDS Instance,True,True,Low,8,False,True,7.0
CLOUD-003070,AST-05138,AWS,Compute,False,None,True,True,High,1,False,False,1.9
CLOUD-003071,AST-05139,GCP,Identity,False,No Network ACL,True,True,Medium,1,False,True,3.4
CLOUD-003072,AST-05140,Azure,Identity,False,None,True,False,High,0,False,True,2.9
CLOUD-003073,AST-05141,AWS,DevOps,False,None,True,True,Medium,0,False,False,0.6
CLOUD-003074,AST-05142,AWS,Storage,False,None,True,True,Medium,0,False,False,1.5
CLOUD-003075,AST-05143,GCP,Storage,False,None,True,False,High,1,False,True,3.2
CLOUD-003076,AST-05144,AWS,Compute,False,Missing WAF,True,False,Medium,0,False,True,4.2
CLOUD-003077,AST-05148,Azure,Container,False,None,True,True,Low,0,False,False,0
CLOUD-003078,AST-05151,AWS,Compute,False,None,False,True,Low,3,False,True,1.9
CLOUD-003079,AST-05154,GCP,Compute,False,None,False,True,High,0,False,True,3.5
CLOUD-003080,AST-05155,Azure,Storage,False,None,True,True,Medium,0,False,False,0.5
CLOUD-003081,AST-05156,AWS,DevOps,False,None,False,True,High,1,False,True,4.0
CLOUD-003082,AST-05157,GCP,Storage,False,None,False,True,Medium,3,False,True,2.8
CLOUD-003083,AST-05158,Azure,Database,False,None,True,True,Low,1,False,False,0.6
CLOUD-003084,AST-05159,AWS,Database,True,Unencrypted Volume,True,True,Medium,0,False,True,5.5
CLOUD-003085,AST-05161,GCP,Container,False,Missing WAF,False,True,Medium,1,False,True,4.2
CLOUD-003086,AST-05162,AWS,Compute,False,None,True,True,Low,0,False,False,0.2
CLOUD-003087,AST-05164,GCP,Storage,False,Overly Permissive IAM Policy,True,True,High,2,False,True,4.2
CLOUD-003088,AST-05165,AWS,ML,False,None,True,True,Low,3,False,False,1.1
CLOUD-003089,AST-05170,GCP,ML,False,None,True,False,High,2,False,True,3.7
CLOUD-003090,AST-05171,GCP,Storage,False,None,True,True,High,1,False,False,2.5
CLOUD-003091,AST-05172,GCP,Database,False,Unencrypted Volume,True,True,High,2,False,True,3.9
CLOUD-003092,AST-05174,AWS,Analytics,False,Exposed API Key,True,True,Low,0,False,True,1.5
CLOUD-003093,AST-05177,Azure,Storage,False,None,True,True,High,0,False,False,1.8
CLOUD-003094,AST-05178,AWS,Container,False,Cross-Account Access,False,True,High,3,False,True,6.6
CLOUD-003095,AST-05182,Azure,Networking,False,None,True,True,Medium,2,True,False,2.5
CLOUD-003096,AST-05183,GCP,Container,False,None,True,True,Medium,1,False,False,1.5
CLOUD-003097,AST-05184,GCP,Serverless,False,None,True,True,Medium,0,False,False,1.2
CLOUD-003098,AST-05185,AWS,Compute,False,None,True,False,High,0,False,True,2.8
CLOUD-003099,AST-05187,Azure,DevOps,False,None,True,True,High,3,False,False,2.4
CLOUD-003100,AST-05188,Azure,Serverless,False,Default VPC,False,False,Low,3,False,True,5.1
CLOUD-003101,AST-05189,Azure,Database,False,None,True,False,High,0,False,True,3.0
CLOUD-003102,AST-05190,GCP,Database,False,No Network ACL,False,True,Medium,1,False,True,4.6
CLOUD-003103,AST-05191,AWS,Analytics,False,None,True,True,Medium,1,False,False,0.9
CLOUD-003104,AST-05193,GCP,DevOps,False,No MFA on Root Account,True,True,Medium,2,False,True,3.5
CLOUD-003105,AST-05194,GCP,Identity,False,None,True,False,High,0,False,True,3.5
CLOUD-003106,AST-05197,AWS,Networking,False,No MFA on Root Account,True,True,High,0,False,True,4.5
CLOUD-003107,AST-05198,AWS,ML,False,None,True,True,Medium,3,False,False,1.6
CLOUD-003108,AST-05199,GCP,Networking,False,None,False,True,Low,1,False,True,2.0
CLOUD-003109,AST-05200,AWS,DevOps,False,None,True,True,Low,2,False,False,0.4
CLOUD-003110,AST-05203,Azure,DevOps,True,Unrotated Access Keys,True,True,Low,0,False,True,5.1
CLOUD-003111,AST-05204,AWS,Identity,False,No Network ACL,True,True,Medium,1,False,True,3.2
CLOUD-003112,AST-05205,AWS,Compute,False,None,True,True,Medium,1,False,False,0.8
CLOUD-003113,AST-05206,GCP,Serverless,False,Logging Disabled,False,True,High,2,False,True,6.0
CLOUD-003114,AST-05208,AWS,DevOps,False,None,True,True,Medium,3,False,False,2.1
CLOUD-003115,AST-05209,GCP,Analytics,True,None,True,False,Low,8,True,True,7.2
CLOUD-003116,AST-05210,AWS,Analytics,True,None,True,True,Low,2,False,False,3.8
CLOUD-003117,AST-05211,Azure,Networking,False,None,True,True,High,2,False,False,2.5
CLOUD-003118,AST-05212,Azure,DevOps,False,None,True,True,High,1,False,False,1.9
CLOUD-003119,AST-05214,Azure,Analytics,False,None,False,True,Medium,1,False,True,3.0
CLOUD-003120,AST-05215,AWS,DevOps,True,None,True,False,High,10,False,True,8.0
CLOUD-003121,AST-05216,Azure,Identity,False,No Versioning on Bucket,True,False,Low,3,True,True,5.6
CLOUD-003122,AST-05217,Azure,Compute,False,None,True,False,Medium,0,False,True,1.6
CLOUD-003123,AST-05218,AWS,Compute,True,None,True,True,Medium,10,False,False,6.2
CLOUD-003124,AST-05220,GCP,Serverless,False,None,True,False,Low,0,False,True,0.5
CLOUD-003125,AST-05222,GCP,Compute,False,None,True,False,Low,3,False,True,1.6
CLOUD-003126,AST-05223,GCP,Container,False,None,True,False,Low,0,False,True,1.2
CLOUD-003127,AST-05226,AWS,Identity,False,None,True,True,Low,0,False,False,0.1
CLOUD-003128,AST-05227,Azure,Container,True,Public S3 Bucket,False,False,High,6,False,True,10
CLOUD-003129,AST-05228,GCP,ML,False,None,True,True,Low,0,False,False,0.3
CLOUD-003130,AST-05230,GCP,Networking,False,None,True,False,High,0,False,True,3.5
CLOUD-003131,AST-05231,GCP,ML,True,Cross-Account Access,True,True,Low,4,False,True,5.7
CLOUD-003132,AST-05232,AWS,Identity,False,Overly Permissive IAM Policy,True,True,Low,2,True,True,4.4
CLOUD-003133,AST-05233,AWS,Identity,False,Overly Permissive IAM Policy,True,True,Medium,1,False,True,3.0
CLOUD-003134,AST-05234,AWS,Database,False,Exposed API Key,True,False,Low,1,True,True,4.7
CLOUD-003135,AST-05235,AWS,Container,False,None,True,True,Low,1,False,False,0.4
CLOUD-003136,AST-05238,AWS,Serverless,True,Exposed API Key,False,True,Medium,7,False,True,9.0
CLOUD-003137,AST-05239,AWS,Compute,False,None,True,False,High,0,False,True,2.6
CLOUD-003138,AST-05241,Azure,Networking,False,None,True,False,Medium,3,False,True,2.2
CLOUD-003139,AST-05243,GCP,Storage,False,None,True,True,Medium,0,False,False,0.6
CLOUD-003140,AST-05245,AWS,Serverless,False,None,True,True,High,3,False,False,2.9
CLOUD-003141,AST-05246,Azure,Serverless,False,None,True,True,Low,3,True,False,1.9
CLOUD-003142,AST-05247,Azure,Storage,False,None,False,True,High,0,True,True,4.8
CLOUD-003143,AST-05248,AWS,Serverless,True,None,False,True,Low,7,False,True,5.6
CLOUD-003144,AST-05249,Azure,Serverless,False,None,True,True,Low,3,False,False,0.7
CLOUD-003145,AST-05252,AWS,ML,False,None,True,False,High,2,False,True,3.2
CLOUD-003146,AST-05253,AWS,Networking,True,Exposed API Key,True,True,Medium,7,False,True,7.6
CLOUD-003147,AST-05255,Azure,Container,False,None,False,True,Low,2,False,True,2.1
CLOUD-003148,AST-05256,Azure,DevOps,False,None,True,True,Medium,2,False,False,1.3
CLOUD-003149,AST-05257,AWS,Database,False,None,True,True,High,0,False,False,2.1
CLOUD-003150,AST-05263,Azure,Analytics,False,None,True,True,Medium,2,False,False,1.7
CLOUD-003151,AST-05264,GCP,Networking,False,Overly Permissive IAM Policy,True,True,Low,0,False,True,2.1
CLOUD-003152,AST-05266,GCP,Database,False,Missing WAF,True,False,High,0,False,True,4.8
CLOUD-003153,AST-05271,AWS,Database,False,None,True,True,Medium,2,False,False,1.8
CLOUD-003154,AST-05272,AWS,ML,False,Public S3 Bucket,True,False,Medium,0,False,True,4.1
CLOUD-003155,AST-05273,Azure,Storage,False,None,True,True,High,2,False,False,2.3
CLOUD-003156,AST-05274,AWS,Identity,False,None,True,False,High,1,True,True,4.8
CLOUD-003157,AST-05275,Azure,Serverless,False,None,True,True,Medium,0,False,False,0.6
CLOUD-003158,AST-05276,Azure,Storage,True,None,True,True,Low,2,False,False,3.3
CLOUD-003159,AST-05277,AWS,ML,False,Missing WAF,True,True,High,1,False,True,4.1
CLOUD-003160,AST-05278,Azure,ML,False,None,True,True,Medium,0,False,False,1.1
CLOUD-003161,AST-05279,GCP,Container,False,No Versioning on Bucket,False,True,Medium,1,False,True,4.8
CLOUD-003162,AST-05281,GCP,Identity,False,None,True,True,Medium,3,False,False,1.7
CLOUD-003163,AST-05282,AWS,Container,False,None,True,False,High,0,False,True,2.9
CLOUD-003164,AST-05283,Azure,Compute,False,None,True,True,Low,1,True,False,2.1
CLOUD-003165,AST-05284,AWS,ML,True,None,True,True,Medium,4,False,False,5.0
CLOUD-003166,AST-05286,AWS,Analytics,False,Public S3 Bucket,True,False,Low,0,False,True,3.1
CLOUD-003167,AST-05287,GCP,Compute,False,None,True,False,High,0,False,True,2.6
CLOUD-003168,AST-05288,GCP,Container,False,Cross-Account Access,True,True,High,2,False,True,4.4
CLOUD-003169,AST-05289,AWS,ML,False,None,False,True,Low,1,False,True,1.6
CLOUD-003170,AST-05290,Azure,DevOps,False,None,True,True,High,2,False,False,2.2
CLOUD-003171,AST-05291,Azure,Networking,True,None,True,False,Low,3,False,True,4.5
CLOUD-003172,AST-05294,Azure,Serverless,False,None,True,True,Low,3,False,False,1.0
CLOUD-003173,AST-05295,AWS,Database,False,None,True,True,Medium,0,False,False,1.2
CLOUD-003174,AST-05296,AWS,Container,False,None,True,True,Low,1,False,False,0
CLOUD-003175,AST-05297,Azure,ML,False,Missing WAF,True,True,High,2,False,True,4.4
CLOUD-003176,AST-05299,GCP,DevOps,False,No Network ACL,True,False,Low,3,False,True,3.4
CLOUD-003177,AST-05300,AWS,Compute,True,None,False,True,Low,8,False,True,5.9
CLOUD-003178,AST-05301,AWS,Compute,False,None,True,False,Low,2,False,True,1.4
CLOUD-003179,AST-05303,GCP,Identity,False,None,True,True,Medium,3,False,False,1.8
CLOUD-003180,AST-05304,AWS,Storage,False,No Versioning on Bucket,True,False,Medium,0,False,True,3.9
CLOUD-003181,AST-05306,GCP,ML,False,None,True,False,Low,1,False,True,1.0
CLOUD-003182,AST-05307,GCP,Database,False,None,True,True,Low,3,False,False,0.4
CLOUD-003183,AST-05308,AWS,Identity,False,Exposed API Key,True,False,High,0,False,True,4.6
CLOUD-003184,AST-05309,AWS,Database,False,None,True,True,Low,3,False,False,0.9
CLOUD-003185,AST-05313,GCP,DevOps,True,None,False,True,Medium,0,False,True,5.5
CLOUD-003186,AST-05314,Azure,Analytics,False,No Versioning on Bucket,False,True,Medium,3,True,True,7.0
CLOUD-003187,AST-05315,AWS,Container,False,None,True,True,High,2,False,False,2.2
CLOUD-003188,AST-05316,GCP,Analytics,False,Public S3 Bucket,True,True,High,1,False,True,4.1
CLOUD-003189,AST-05317,AWS,Compute,False,None,True,False,Medium,1,False,True,2.3
CLOUD-003190,AST-05318,Azure,DevOps,False,None,True,False,Low,1,False,True,0.9
CLOUD-003191,AST-05322,AWS,Networking,False,Default VPC,False,False,Medium,1,False,True,6.0
CLOUD-003192,AST-05323,Azure,Container,False,None,True,True,Medium,3,False,False,1.9
CLOUD-003193,AST-05325,GCP,Identity,False,Logging Disabled,True,True,Low,3,True,True,3.9
CLOUD-003194,AST-05326,Azure,Container,False,No MFA on Root Account,True,True,Medium,0,False,True,2.8
CLOUD-003195,AST-05327,AWS,ML,False,None,True,True,Low,3,True,False,1.6
CLOUD-003196,AST-05328,GCP,Analytics,False,None,True,True,Medium,0,False,False,1.2
CLOUD-003197,AST-05329,GCP,Networking,True,Public RDS Instance,False,True,Low,8,False,True,7.7
CLOUD-003198,AST-05330,GCP,Database,False,None,True,False,Low,3,False,True,1.4
CLOUD-003199,AST-05331,GCP,Compute,False,Unencrypted Volume,False,True,High,3,False,True,6.5
CLOUD-003200,AST-05332,AWS,DevOps,False,None,True,True,Low,2,False,False,0
CLOUD-003201,AST-05334,Azure,Compute,False,None,False,True,Medium,3,False,True,3.1
CLOUD-003202,AST-05337,Azure,Networking,False,Overly Permissive IAM Policy,True,True,Medium,0,False,True,2.8
CLOUD-003203,AST-05338,Azure,Storage,False,None,True,True,Medium,3,False,False,1.2
CLOUD-003204,AST-05339,Azure,Container,False,None,True,True,Low,1,False,False,0.7
CLOUD-003205,AST-05340,AWS,Serverless,False,Exposed API Key,False,False,Low,3,True,True,6.1
CLOUD-003206,AST-05341,Azure,DevOps,False,None,True,True,Medium,1,False,False,1.4
CLOUD-003207,AST-05342,GCP,Analytics,False,Unencrypted Volume,True,False,High,1,True,True,6.9
CLOUD-003208,AST-05343,AWS,Storage,False,None,True,True,Medium,1,False,False,1.6
CLOUD-003209,AST-05345,AWS,DevOps,False,Open Security Group,True,False,Low,3,False,True,3.9
CLOUD-003210,AST-05347,AWS,Container,False,None,True,False,Low,3,False,True,1.2
CLOUD-003211,AST-05348,AWS,Identity,False,None,True,True,High,0,False,False,2.0
CLOUD-003212,AST-05349,AWS,Analytics,False,Cross-Account Access,False,True,Low,0,False,True,3.9
CLOUD-003213,AST-05350,AWS,Identity,False,None,True,True,Low,2,False,False,0.3
CLOUD-003214,AST-05351,Azure,Serverless,False,None,False,False,High,1,False,True,4.5
CLOUD-003215,AST-05353,GCP,Container,False,None,False,True,High,3,True,True,5.3
CLOUD-003216,AST-05354,AWS,Storage,False,None,True,True,Medium,2,False,False,1.6
CLOUD-003217,AST-05355,Azure,Identity,False,No Versioning on Bucket,True,True,Medium,2,False,True,3.1
CLOUD-003218,AST-05356,GCP,Identity,False,None,True,True,Low,0,False,False,0
CLOUD-003219,AST-05357,GCP,Identity,False,None,False,True,Low,0,False,True,1.7
CLOUD-003220,AST-05358,GCP,Compute,False,Cross-Account Access,True,True,Medium,2,False,True,3.8
CLOUD-003221,AST-05360,AWS,Storage,False,None,True,True,Low,3,False,False,1.0
CLOUD-003222,AST-05361,GCP,Database,False,None,True,False,Low,3,False,True,1.5
CLOUD-003223,AST-05362,GCP,Compute,False,None,True,True,Medium,0,False,False,0.7
CLOUD-003224,AST-05363,Azure,Networking,False,None,True,False,High,3,False,True,3.5
CLOUD-003225,AST-05367,AWS,Analytics,False,None,True,True,Low,2,False,False,0.0
CLOUD-003226,AST-05370,Azure,Storage,False,Overly Permissive IAM Policy,True,False,High,1,False,True,5.5
CLOUD-003227,AST-05371,AWS,ML,False,None,True,True,Low,3,False,False,0.7
CLOUD-003228,AST-05375,GCP,Networking,True,None,False,True,Medium,10,False,True,7.4
CLOUD-003229,AST-05376,AWS,DevOps,True,None,True,True,Low,8,False,False,4.6
CLOUD-003230,AST-05377,GCP,Serverless,False,No Versioning on Bucket,True,True,Low,2,False,True,2.7
CLOUD-003231,AST-05378,GCP,Container,False,None,True,True,High,1,False,False,2.2
CLOUD-003232,AST-05380,Azure,Analytics,False,Overly Permissive IAM Policy,False,True,Medium,1,False,True,4.6
CLOUD-003233,AST-05381,GCP,Networking,False,None,True,True,Low,3,False,False,0.2
CLOUD-003234,AST-05383,AWS,DevOps,True,None,False,True,Medium,7,False,True,6.4
CLOUD-003235,AST-05386,GCP,ML,False,None,True,True,Low,1,False,False,0.3
CLOUD-003236,AST-05387,AWS,Serverless,True,None,True,True,High,10,False,False,6.7
CLOUD-003237,AST-05388,GCP,Storage,False,None,True,True,Low,0,False,False,0.2
CLOUD-003238,AST-05390,GCP,Identity,False,Cross-Account Access,True,True,Low,0,False,True,1.6
CLOUD-003239,AST-05391,AWS,Identity,False,None,True,True,Medium,0,False,False,1.4
CLOUD-003240,AST-05395,Azure,Compute,False,Missing WAF,True,True,Low,2,False,True,2.6
CLOUD-003241,AST-05396,AWS,Serverless,False,Cross-Account Access,True,False,Medium,1,False,True,3.8
CLOUD-003242,AST-05397,AWS,Database,True,None,False,False,Low,8,True,True,8.4
CLOUD-003243,AST-05402,GCP,Serverless,True,No Versioning on Bucket,True,False,High,8,False,True,9.9
CLOUD-003244,AST-05403,Azure,Compute,False,None,True,True,Low,0,False,False,0
CLOUD-003245,AST-05411,Azure,Identity,False,None,True,False,Medium,0,False,True,2.3
CLOUD-003246,AST-05412,GCP,Database,False,None,False,False,High,0,False,True,4.3
CLOUD-003247,AST-05413,GCP,Networking,False,None,True,False,High,1,False,True,3.5
CLOUD-003248,AST-05416,GCP,Container,False,Open Security Group,True,True,Medium,2,False,True,3.4
CLOUD-003249,AST-05417,GCP,Storage,False,Cross-Account Access,False,True,Medium,2,False,True,5.4
CLOUD-003250,AST-05418,GCP,Analytics,False,Overly Permissive IAM Policy,True,False,Medium,3,False,True,4.7
CLOUD-003251,AST-05419,Azure,Database,False,Cross-Account Access,False,True,Medium,1,False,True,4.3
CLOUD-003252,AST-05420,AWS,Storage,False,No MFA on Root Account,False,True,Medium,3,False,True,5.1
CLOUD-003253,AST-05421,Azure,Serverless,False,Missing WAF,True,True,Low,3,False,True,2.9
CLOUD-003254,AST-05422,Azure,Networking,True,None,False,False,Low,9,False,True,7.3
CLOUD-003255,AST-05424,Azure,DevOps,True,None,True,True,High,8,False,False,6.3
CLOUD-003256,AST-05425,AWS,Database,False,No MFA on Root Account,True,True,Medium,1,False,True,3.2
CLOUD-003257,AST-05427,AWS,Database,False,Open Security Group,True,True,Low,2,False,True,2.1
CLOUD-003258,AST-05428,GCP,Storage,True,None,True,True,High,0,False,False,5.4
CLOUD-003259,AST-05429,AWS,Compute,False,None,True,True,Medium,1,False,False,1.5
CLOUD-003260,AST-05432,GCP,Analytics,False,None,False,True,High,3,False,True,4.2
CLOUD-003261,AST-05436,Azure,Compute,False,Open Security Group,False,True,High,3,False,True,6.5
CLOUD-003262,AST-05437,GCP,Database,True,None,True,True,Low,3,False,False,3.5
CLOUD-003263,AST-05438,Azure,Analytics,False,Unrotated Access Keys,True,True,High,3,False,True,4.7
CLOUD-003264,AST-05439,GCP,DevOps,False,None,False,True,High,2,False,True,3.9
CLOUD-003265,AST-05440,AWS,Compute,True,Missing WAF,True,True,Low,4,False,True,5.7
CLOUD-003266,AST-05441,GCP,Storage,False,None,True,False,High,2,False,True,3.0
CLOUD-003267,AST-05442,Azure,Storage,False,None,False,True,Medium,2,False,True,2.9
CLOUD-003268,AST-05445,AWS,Database,False,None,True,True,Low,0,False,False,0
CLOUD-003269,AST-05446,Azure,Storage,False,Missing WAF,True,False,Medium,3,False,True,5.0
CLOUD-003270,AST-05447,Azure,Networking,False,No MFA on Root Account,True,True,Medium,0,True,True,4.1
CLOUD-003271,AST-05448,AWS,DevOps,False,None,True,True,High,3,False,False,3.1
CLOUD-003272,AST-05449,AWS,Container,False,None,True,False,Low,1,False,True,0.9
CLOUD-003273,AST-05450,AWS,Compute,False,None,True,False,High,2,False,True,2.9
CLOUD-003274,AST-05451,AWS,Database,False,None,True,True,Low,2,False,False,0
CLOUD-003275,AST-05453,Azure,Storage,False,None,True,True,High,0,False,False,2.2
CLOUD-003276,AST-05455,AWS,DevOps,False,None,True,True,High,0,False,False,1.5
CLOUD-003277,AST-05456,AWS,Database,False,None,False,False,Medium,2,False,True,4.0
CLOUD-003278,AST-05457,GCP,DevOps,False,None,False,False,High,1,False,True,4.3
CLOUD-003279,AST-05460,Azure,Analytics,False,None,True,True,Low,0,False,False,0.3
CLOUD-003280,AST-05461,Azure,ML,False,None,True,True,Medium,3,False,False,1.6
CLOUD-003281,AST-05463,Azure,Identity,False,None,False,True,High,1,False,True,3.4
CLOUD-003282,AST-05464,Azure,Compute,True,Open Security Group,True,True,High,4,False,True,7.5
CLOUD-003283,AST-05465,Azure,Database,False,Default VPC,True,True,High,0,False,True,3.7
CLOUD-003284,AST-05467,GCP,DevOps,True,None,False,True,Low,4,False,True,4.9
CLOUD-003285,AST-05468,Azure,Serverless,False,None,False,True,Low,3,True,True,3.6
CLOUD-003286,AST-05471,AWS,ML,False,None,True,True,Medium,1,True,False,2.3
CLOUD-003287,AST-05472,Azure,DevOps,False,None,True,True,High,3,False,False,2.9
CLOUD-003288,AST-05473,AWS,Container,False,None,False,True,Low,3,True,True,3.6
CLOUD-003289,AST-05474,AWS,Identity,False,None,True,True,Medium,2,False,False,1.2
CLOUD-003290,AST-05475,AWS,Database,False,Unencrypted Volume,False,True,High,2,False,True,6.3
CLOUD-003291,AST-05480,AWS,ML,True,None,True,False,Medium,2,False,True,5.1
CLOUD-003292,AST-05481,AWS,Serverless,False,None,True,False,Medium,0,True,True,3.5
CLOUD-003293,AST-05482,GCP,Analytics,False,None,True,True,Medium,0,True,False,3.0
CLOUD-003294,AST-05483,Azure,Identity,False,None,True,False,Low,1,False,True,0.7
CLOUD-003295,AST-05484,AWS,ML,True,None,True,False,Medium,7,False,True,6.2
CLOUD-003296,AST-05485,AWS,Serverless,False,Cross-Account Access,True,False,Medium,3,False,True,4.7
CLOUD-003297,AST-05487,AWS,Storage,False,None,True,True,High,1,True,False,3.3
CLOUD-003298,AST-05488,GCP,Compute,False,None,False,True,Medium,0,False,True,2.8
CLOUD-003299,AST-05490,AWS,Storage,False,No Versioning on Bucket,False,True,Medium,3,False,True,5.3
CLOUD-003300,AST-05492,Azure,Database,False,None,True,True,Medium,2,False,False,1.4
CLOUD-003301,AST-05493,Azure,Identity,False,No Versioning on Bucket,False,True,Medium,2,False,True,4.5
CLOUD-003302,AST-05494,AWS,Serverless,False,None,True,True,High,0,False,False,2.0
CLOUD-003303,AST-05495,Azure,Compute,False,None,True,True,High,3,False,False,2.9
CLOUD-003304,AST-05496,AWS,Identity,False,None,True,False,Medium,2,True,True,3.6
CLOUD-003305,AST-05497,GCP,Storage,False,None,False,False,High,3,False,True,4.6
CLOUD-003306,AST-05498,AWS,Identity,False,None,False,True,High,1,False,True,4.2
CLOUD-003307,AST-05500,AWS,Database,False,None,False,True,Medium,2,False,True,2.7
CLOUD-003308,AST-05501,Azure,Analytics,False,None,True,True,Medium,0,False,False,0.9
CLOUD-003309,AST-05503,Azure,Identity,True,None,True,True,Medium,8,False,False,5.3
CLOUD-003310,AST-05507,GCP,Database,False,None,True,False,High,3,False,True,3.1
CLOUD-003311,AST-05513,GCP,Storage,False,No MFA on Root Account,True,False,Medium,3,False,True,4.9
CLOUD-003312,AST-05514,AWS,Storage,False,None,True,True,High,0,False,False,2.2
CLOUD-003313,AST-05515,GCP,Database,False,Unrotated Access Keys,True,False,Low,3,False,True,3.4
CLOUD-003314,AST-05516,GCP,Networking,False,None,False,True,Medium,2,False,True,2.5
CLOUD-003315,AST-05519,AWS,Database,False,Exposed API Key,True,True,High,2,False,True,4.8
CLOUD-003316,AST-05520,GCP,Compute,False,None,True,True,High,1,False,False,2.2
CLOUD-003317,AST-05523,GCP,Serverless,False,Unrotated Access Keys,True,False,High,0,False,True,4.8
CLOUD-003318,AST-05524,GCP,Compute,False,None,True,False,High,0,False,True,3.4
CLOUD-003319,AST-05527,AWS,Analytics,False,Unencrypted Volume,False,False,Medium,1,False,True,5.3
CLOUD-003320,AST-05528,GCP,Storage,False,None,False,True,Low,2,False,True,1.7
CLOUD-003321,AST-05530,Azure,ML,False,None,False,True,Low,1,False,True,1.5
CLOUD-003322,AST-05531,AWS,Container,False,None,True,True,High,1,False,False,2.0
CLOUD-003323,AST-05532,GCP,Serverless,False,None,True,True,Low,3,False,False,1.0
CLOUD-003324,AST-05533,Azure,Identity,False,None,True,True,Low,0,False,False,0
CLOUD-003325,AST-05534,Azure,Compute,False,No MFA on Root Account,True,True,Medium,0,False,True,2.9
CLOUD-003326,AST-05535,GCP,Container,False,None,True,True,High,2,True,False,3.7
CLOUD-003327,AST-05536,GCP,Database,False,None,True,False,High,1,False,True,3.6
CLOUD-003328,AST-05537,GCP,Database,False,None,True,True,High,0,False,False,2.2
CLOUD-003329,AST-05539,Azure,Analytics,False,Exposed API Key,True,True,Low,2,False,True,2.3
CLOUD-003330,AST-05540,Azure,Compute,False,Exposed API Key,True,False,High,0,False,True,5.0
CLOUD-003331,AST-05542,Azure,Compute,False,None,False,True,Low,1,False,True,1.9
CLOUD-003332,AST-05545,Azure,DevOps,False,None,False,True,Low,3,False,True,1.9
CLOUD-003333,AST-05548,GCP,Database,False,No Network ACL,True,True,Medium,1,False,True,2.9
CLOUD-003334,AST-05549,Azure,Compute,False,Logging Disabled,True,True,High,0,False,True,4.4
CLOUD-003335,AST-05552,GCP,ML,False,None,True,True,Medium,3,False,False,1.2
CLOUD-003336,AST-05554,AWS,Analytics,True,Default VPC,True,True,High,5,False,True,7.5
CLOUD-003337,AST-05556,GCP,ML,False,Public RDS Instance,False,True,Low,2,True,True,5.4
CLOUD-003338,AST-05557,GCP,Serverless,False,None,True,True,Low,2,False,False,0.3
CLOUD-003339,AST-05558,GCP,Compute,False,None,False,False,Low,3,False,True,3.2
CLOUD-003340,AST-05559,GCP,Analytics,False,None,True,True,Medium,2,False,False,0.9
CLOUD-003341,AST-05560,Azure,Networking,False,Default VPC,True,False,Low,0,False,True,3.4
CLOUD-003342,AST-05562,AWS,Networking,False,None,True,True,Low,0,False,False,0.4
CLOUD-003343,AST-05563,GCP,Serverless,False,None,True,True,Low,1,True,False,1.3
CLOUD-003344,AST-05564,AWS,Analytics,False,Overly Permissive IAM Policy,True,False,High,2,False,True,5.8
CLOUD-003345,AST-05565,GCP,Compute,False,None,True,True,High,0,False,False,1.8
CLOUD-003346,AST-05566,GCP,DevOps,False,None,True,True,High,1,False,False,2.2
CLOUD-003347,AST-05567,Azure,Networking,True,None,True,True,Low,3,False,False,3.9
CLOUD-003348,AST-05568,GCP,Serverless,False,None,True,False,High,2,True,True,5.2
CLOUD-003349,AST-05569,Azure,Networking,False,None,False,True,High,3,False,True,3.7
CLOUD-003350,AST-05570,Azure,Compute,True,None,True,False,Medium,2,False,True,5.8
CLOUD-003351,AST-05572,GCP,Compute,False,None,True,True,Low,3,True,False,2.4
CLOUD-003352,AST-05573,AWS,Networking,False,None,False,True,Low,1,False,True,2.1
CLOUD-003353,AST-05574,GCP,Analytics,False,Public S3 Bucket,False,True,Medium,2,False,True,4.7
CLOUD-003354,AST-05575,Azure,Container,True,None,True,True,Low,9,False,False,4.8
CLOUD-003355,AST-05576,AWS,Networking,False,None,False,False,Medium,3,False,True,4.1
CLOUD-003356,AST-05577,Azure,Networking,False,Unencrypted Volume,True,True,Low,0,False,True,2.1
CLOUD-003357,AST-05580,GCP,Compute,False,None,True,True,Medium,3,False,False,1.3
CLOUD-003358,AST-05581,GCP,Identity,True,None,True,True,High,2,False,False,5.8
CLOUD-003359,AST-05582,GCP,Analytics,False,None,False,True,Medium,1,False,True,2.9
CLOUD-003360,AST-05583,Azure,DevOps,True,None,False,True,Low,5,False,True,5.3
CLOUD-003361,AST-05585,GCP,ML,False,Public S3 Bucket,True,True,Low,0,False,True,2.1
CLOUD-003362,AST-05586,Azure,Serverless,True,No Network ACL,True,True,Low,0,False,True,5.4
CLOUD-003363,AST-05588,AWS,Compute,True,None,True,False,Low,8,False,True,5.8
CLOUD-003364,AST-05591,AWS,Database,False,Overly Permissive IAM Policy,True,True,Medium,1,False,True,3.2
CLOUD-003365,AST-05592,AWS,Container,False,None,True,True,High,2,False,False,2.4
CLOUD-003366,AST-05593,AWS,Serverless,False,None,False,True,High,3,False,True,4.2
CLOUD-003367,AST-05594,AWS,Container,False,None,False,True,Low,1,False,True,1.8
CLOUD-003368,AST-05595,Azure,Storage,False,Logging Disabled,True,True,Low,1,False,True,1.7
CLOUD-003369,AST-05596,GCP,ML,True,Logging Disabled,True,True,Low,0,False,True,5.1
CLOUD-003370,AST-05600,AWS,Database,False,None,True,False,High,1,False,True,2.8
CLOUD-003371,AST-05601,GCP,DevOps,False,No Versioning on Bucket,True,True,High,0,True,True,5.2
CLOUD-003372,AST-05602,Azure,Serverless,False,None,True,True,Low,2,False,False,0.7
CLOUD-003373,AST-05604,GCP,ML,False,None,True,True,Medium,1,False,False,1.7
CLOUD-003374,AST-05605,GCP,Database,False,None,True,True,Low,1,False,False,0.6
CLOUD-003375,AST-05606,AWS,Compute,False,None,True,True,Low,1,False,False,0
CLOUD-003376,AST-05610,GCP,Compute,False,Default VPC,True,True,Medium,3,True,True,5.5
CLOUD-003377,AST-05611,GCP,Networking,False,None,True,False,Low,3,False,True,1.8
CLOUD-003378,AST-05612,AWS,Storage,True,Cross-Account Access,True,False,High,2,False,True,8.8
CLOUD-003379,AST-05614,Azure,Networking,True,None,False,True,Medium,9,False,True,7.6
CLOUD-003380,AST-05615,Azure,ML,False,None,True,True,Low,1,False,False,0.1
CLOUD-003381,AST-05616,GCP,Storage,True,None,True,False,High,1,False,True,6.3
CLOUD-003382,AST-05618,GCP,Serverless,False,None,True,True,Low,0,False,False,0
CLOUD-003383,AST-05619,GCP,ML,False,None,True,True,Low,0,False,False,0
CLOUD-003384,AST-05620,GCP,Analytics,True,None,True,True,Low,0,False,False,2.9
CLOUD-003385,AST-05621,GCP,Analytics,False,Cross-Account Access,False,True,High,0,False,True,5.8
CLOUD-003386,AST-05622,AWS,Compute,False,Default VPC,True,False,High,0,False,True,5.4
CLOUD-003387,AST-05623,Azure,Serverless,True,None,True,True,Medium,4,False,False,5.1
CLOUD-003388,AST-05624,GCP,Storage,False,None,True,False,High,3,False,True,3.6
CLOUD-003389,AST-05625,AWS,Serverless,False,Cross-Account Access,True,True,Medium,2,False,True,3.0
CLOUD-003390,AST-05626,AWS,Database,False,None,True,True,Low,2,False,False,0.1
CLOUD-003391,AST-05627,GCP,Compute,False,Missing WAF,False,True,Medium,1,False,True,4.5
CLOUD-003392,AST-05630,Azure,Networking,False,None,True,True,Low,0,False,False,0
CLOUD-003393,AST-05631,AWS,Networking,False,Logging Disabled,True,True,Low,3,False,True,2.2
CLOUD-003394,AST-05632,Azure,Storage,False,Cross-Account Access,True,True,Medium,1,False,True,2.8
CLOUD-003395,AST-05633,Azure,ML,False,None,True,False,Medium,3,False,True,3.0
CLOUD-003396,AST-05635,GCP,Compute,False,None,True,True,Medium,0,False,False,1.3
CLOUD-003397,AST-05636,AWS,Serverless,False,None,True,True,High,2,True,False,3.6
CLOUD-003398,AST-05639,Azure,Database,True,Cross-Account Access,True,False,Low,6,False,True,7.2
CLOUD-003399,AST-05640,Azure,ML,False,No Network ACL,True,True,High,0,True,True,5.4
CLOUD-003400,AST-05641,GCP,Storage,False,Exposed API Key,True,False,Medium,2,False,True,4.8
CLOUD-003401,AST-05642,Azure,Analytics,False,Overly Permissive IAM Policy,True,False,High,1,False,True,5.3
CLOUD-003402,AST-05643,AWS,ML,True,None,False,False,Medium,8,False,True,7.9
CLOUD-003403,AST-05645,GCP,Identity,False,None,False,True,Low,0,False,True,1.9
CLOUD-003404,AST-05646,Azure,Container,False,None,False,False,Low,0,False,True,2.7
CLOUD-003405,AST-05650,AWS,ML,False,No Versioning on Bucket,True,True,Low,2,False,True,2.0
CLOUD-003406,AST-05653,AWS,Container,False,None,True,False,Medium,0,True,True,3.1
CLOUD-003407,AST-05654,AWS,Analytics,False,None,True,False,Medium,3,False,True,2.7
CLOUD-003408,AST-05656,GCP,Container,True,None,True,True,Medium,9,False,False,5.5
CLOUD-003409,AST-05657,Azure,Compute,False,None,True,True,High,3,False,False,2.2
CLOUD-003410,AST-05658,GCP,Database,False,No MFA on Root Account,True,True,Medium,0,False,True,3.2
CLOUD-003411,AST-05659,Azure,Container,False,None,False,True,High,1,False,True,3.4
CLOUD-003412,AST-05660,GCP,Serverless,False,None,True,True,High,0,False,False,1.6
CLOUD-003413,AST-05662,AWS,Analytics,False,No MFA on Root Account,True,True,Low,3,False,True,2.2
CLOUD-003414,AST-05663,Azure,Container,False,None,True,True,Low,3,False,False,0.4
CLOUD-003415,AST-05664,AWS,Compute,False,None,True,True,Medium,3,False,False,1.5
CLOUD-003416,AST-05665,AWS,Storage,False,None,True,False,Medium,3,False,True,2.8
CLOUD-003417,AST-05666,AWS,Analytics,False,None,False,True,Low,1,False,True,1.2
CLOUD-003418,AST-05667,Azure,Serverless,False,None,True,True,High,3,False,False,2.7
CLOUD-003419,AST-05671,GCP,ML,True,None,True,True,Low,4,False,False,3.5
CLOUD-003420,AST-05672,GCP,ML,True,None,False,True,Low,10,False,True,7.0
CLOUD-003421,AST-05673,GCP,Compute,True,None,True,True,Low,9,False,False,5.1
CLOUD-003422,AST-05679,AWS,Container,True,None,True,True,Low,3,False,False,4.0
CLOUD-003423,AST-05680,Azure,ML,False,None,False,True,Low,2,False,True,2.3
CLOUD-003424,AST-05681,AWS,Storage,False,None,True,True,Low,0,False,False,0
CLOUD-003425,AST-05682,GCP,Database,True,Default VPC,False,True,High,2,False,True,9.3
CLOUD-003426,AST-05685,GCP,Identity,False,None,True,True,Medium,1,False,False,1.0
CLOUD-003427,AST-05686,Azure,ML,False,Default VPC,True,True,Medium,3,False,True,3.7
CLOUD-003428,AST-05687,GCP,DevOps,False,Logging Disabled,False,False,Medium,2,False,True,5.5
CLOUD-003429,AST-05688,GCP,ML,False,None,False,False,High,0,False,True,4.7
CLOUD-003430,AST-05690,AWS,Compute,False,None,True,False,Medium,2,True,True,4.0
CLOUD-003431,AST-05691,Azure,Storage,False,No Versioning on Bucket,True,True,Medium,1,False,True,3.3
CLOUD-003432,AST-05692,Azure,Compute,False,None,False,True,High,1,False,True,4.1
CLOUD-003433,AST-05693,AWS,Analytics,False,None,False,True,High,2,False,True,4.4
CLOUD-003434,AST-05694,AWS,Storage,True,Overly Permissive IAM Policy,True,True,High,2,False,True,7.8
CLOUD-003435,AST-05695,GCP,Identity,True,None,True,True,High,9,False,False,6.7
CLOUD-003436,AST-05697,AWS,Storage,False,None,False,True,High,3,False,True,4.3
CLOUD-003437,AST-05698,Azure,DevOps,False,None,False,True,Medium,2,False,True,3.0
CLOUD-003438,AST-05701,AWS,ML,False,Logging Disabled,False,True,High,1,False,True,6.0
CLOUD-003439,AST-05702,Azure,Identity,True,None,True,True,Medium,7,False,False,5.7
CLOUD-003440,AST-05705,Azure,Database,False,None,True,True,High,2,False,False,2.3
CLOUD-003441,AST-05708,GCP,Networking,False,Exposed API Key,True,True,Low,3,False,True,2.7
CLOUD-003442,AST-05709,GCP,Storage,False,None,True,True,High,3,False,False,2.4
CLOUD-003443,AST-05711,GCP,ML,False,None,True,True,Low,3,False,False,0.5
CLOUD-003444,AST-05712,GCP,Identity,False,None,True,True,High,0,False,False,2.1
CLOUD-003445,AST-05713,GCP,Storage,False,None,True,True,High,3,False,False,2.9
CLOUD-003446,AST-05714,AWS,Networking,False,None,True,True,Low,1,True,False,2.1
CLOUD-003447,AST-05717,Azure,Identity,False,None,True,True,High,0,False,False,2.0
CLOUD-003448,AST-05718,GCP,Storage,True,Cross-Account Access,True,True,Low,3,False,True,5.9
CLOUD-003449,AST-05720,GCP,Database,False,None,True,True,Medium,1,False,False,1.5
CLOUD-003450,AST-05721,GCP,DevOps,True,None,True,False,High,5,False,True,7.3
CLOUD-003451,AST-05722,AWS,Database,False,None,True,True,High,3,False,False,2.7
CLOUD-003452,AST-05727,Azure,Serverless,False,None,True,True,High,2,False,False,2.5
CLOUD-003453,AST-05730,AWS,ML,False,None,True,True,High,0,False,False,1.7
CLOUD-003454,AST-05731,GCP,ML,True,None,True,False,High,0,False,True,5.6
CLOUD-003455,AST-05732,Azure,Storage,False,None,False,True,Medium,2,False,True,3.0
CLOUD-003456,AST-05736,GCP,Container,False,None,True,True,Medium,3,False,False,2.0
CLOUD-003457,AST-05737,GCP,Container,False,None,True,True,Medium,0,False,False,0.8
CLOUD-003458,AST-05739,AWS,Analytics,False,None,False,True,Low,2,False,True,1.7
CLOUD-003459,AST-05740,GCP,Serverless,True,Public S3 Bucket,True,True,High,3,False,True,7.6
CLOUD-003460,AST-05742,GCP,ML,False,None,True,False,Low,0,False,True,0.9
CLOUD-003461,AST-05743,GCP,ML,False,None,True,True,High,2,False,False,2.0
CLOUD-003462,AST-05744,AWS,Storage,True,Public S3 Bucket,True,False,High,6,False,True,9.3
CLOUD-003463,AST-05745,Azure,Container,False,None,True,True,High,1,True,False,3.4
CLOUD-003464,AST-05747,GCP,DevOps,False,None,False,True,High,3,False,True,4.6
CLOUD-003465,AST-05751,AWS,Networking,False,None,True,True,High,2,False,False,2.2
CLOUD-003466,AST-05752,GCP,Storage,False,None,True,True,Low,3,False,False,0.3
CLOUD-003467,AST-05753,AWS,Identity,True,None,True,True,High,6,False,False,5.9
CLOUD-003468,AST-05754,GCP,Storage,True,None,False,True,Low,6,False,True,5.4
CLOUD-003469,AST-05759,Azure,Container,False,None,True,True,High,2,False,False,2.8
CLOUD-003470,AST-05760,GCP,Compute,False,None,True,True,Low,2,False,False,0.4
CLOUD-003471,AST-05763,AWS,Serverless,False,None,True,False,High,2,False,True,3.5
CLOUD-003472,AST-05764,Azure,Storage,False,None,True,True,High,0,False,False,2.0
CLOUD-003473,AST-05771,Azure,Container,False,None,False,True,Medium,1,False,True,2.4
CLOUD-003474,AST-05772,Azure,Compute,False,None,True,True,High,0,False,False,1.9
CLOUD-003475,AST-05773,GCP,Compute,False,No Versioning on Bucket,True,True,Low,2,False,True,1.9
CLOUD-003476,AST-05774,Azure,ML,False,None,False,True,Low,1,False,True,1.7
CLOUD-003477,AST-05777,Azure,Networking,False,None,True,True,Medium,0,True,False,2.1
CLOUD-003478,AST-05778,AWS,Database,True,None,True,True,Medium,6,False,False,5.6
CLOUD-003479,AST-05780,Azure,Compute,False,None,True,False,Medium,0,False,True,1.7
CLOUD-003480,AST-05783,Azure,Identity,False,None,True,True,Low,3,False,False,0.8
CLOUD-003481,AST-05784,AWS,DevOps,False,None,True,False,Medium,2,False,True,2.4
CLOUD-003482,AST-05787,AWS,Networking,False,None,True,False,Medium,3,False,True,3.0
CLOUD-003483,AST-05788,AWS,Serverless,False,None,True,True,Low,2,False,False,0.8
CLOUD-003484,AST-05790,GCP,Serverless,False,None,True,True,High,1,False,False,1.7
CLOUD-003485,AST-05791,AWS,ML,True,None,True,True,Medium,9,False,False,5.4
CLOUD-003486,AST-05792,AWS,ML,False,Logging Disabled,True,True,Medium,1,False,True,3.0
CLOUD-003487,AST-05793,Azure,Compute,False,None,True,True,Medium,2,False,False,1.5
CLOUD-003488,AST-05794,GCP,DevOps,False,None,False,True,Low,2,False,True,2.0
CLOUD-003489,AST-05795,AWS,DevOps,False,Unrotated Access Keys,True,True,Low,0,False,True,1.6
CLOUD-003490,AST-05796,GCP,Serverless,True,Cross-Account Access,True,True,Low,2,False,True,4.9
CLOUD-003491,AST-05797,GCP,Networking,False,No MFA on Root Account,True,True,Medium,3,False,True,3.6
CLOUD-003492,AST-05798,AWS,Storage,True,None,True,True,High,3,False,False,5.7
CLOUD-003493,AST-05800,AWS,Database,False,None,True,True,Low,0,False,False,0
CLOUD-003494,AST-05801,GCP,Serverless,False,Unrotated Access Keys,True,True,Medium,0,False,True,3.1
CLOUD-003495,AST-05805,GCP,ML,False,None,True,True,Low,2,False,False,0.4
CLOUD-003496,AST-05807,GCP,Storage,False,None,True,False,High,3,False,True,3.4
CLOUD-003497,AST-05809,Azure,Container,False,None,True,True,High,3,False,False,2.7
CLOUD-003498,AST-05810,GCP,Container,True,Missing WAF,True,True,Low,7,False,True,6.2
CLOUD-003499,AST-05812,GCP,Networking,False,None,False,True,Low,3,False,True,1.9
CLOUD-003500,AST-05813,GCP,ML,False,None,False,True,Low,3,False,True,2.4
CLOUD-003501,AST-05814,GCP,Analytics,False,Missing WAF,True,True,High,2,False,True,4.8
CLOUD-003502,AST-05817,AWS,Analytics,False,None,True,False,Medium,3,True,True,3.7
CLOUD-003503,AST-05819,Azure,ML,False,None,True,True,Medium,0,False,False,1.4
CLOUD-003504,AST-05821,AWS,Compute,False,None,True,True,High,1,False,False,1.8
CLOUD-003505,AST-05822,GCP,Database,False,Unencrypted Volume,True,True,Low,1,False,True,2.6
CLOUD-003506,AST-05824,AWS,Compute,False,None,True,False,Medium,0,False,True,2.0
CLOUD-003507,AST-05825,AWS,ML,False,Missing WAF,True,True,Medium,2,False,True,3.0
CLOUD-003508,AST-05829,AWS,Serverless,False,None,True,True,High,0,False,False,2.2
CLOUD-003509,AST-05830,AWS,Storage,False,None,True,True,Medium,3,False,False,1.4
CLOUD-003510,AST-05831,AWS,Container,False,Default VPC,True,True,Medium,0,False,True,2.6
CLOUD-003511,AST-05832,Azure,DevOps,True,None,True,True,High,10,False,False,6.9
CLOUD-003512,AST-05834,GCP,Serverless,False,None,False,True,Medium,3,False,True,3.3
CLOUD-003513,AST-05837,AWS,Container,False,None,True,True,High,2,False,False,2.8
CLOUD-003514,AST-05838,Azure,Networking,False,None,False,True,High,1,False,True,3.2
CLOUD-003515,AST-05839,Azure,Container,True,No MFA on Root Account,True,False,Medium,1,False,True,7.6
CLOUD-003516,AST-05840,Azure,Networking,False,None,True,True,Low,3,False,False,0.1
CLOUD-003517,AST-05841,AWS,Database,False,Logging Disabled,True,True,Low,2,False,True,2.4
CLOUD-003518,AST-05842,AWS,Container,False,None,True,False,Low,2,False,True,1.1
CLOUD-003519,AST-05844,AWS,ML,False,None,True,True,Medium,1,True,False,2.3
CLOUD-003520,AST-05847,AWS,Storage,False,None,True,True,Medium,0,False,False,0.5
CLOUD-003521,AST-05849,GCP,ML,False,None,True,True,High,1,False,False,2.6
CLOUD-003522,AST-05851,Azure,Serverless,False,Unencrypted Volume,True,True,High,3,False,True,4.3
CLOUD-003523,AST-05856,AWS,Identity,False,Overly Permissive IAM Policy,True,True,High,3,True,True,6.2
CLOUD-003524,AST-05857,AWS,Compute,False,No Network ACL,True,True,High,0,False,True,4.3
CLOUD-003525,AST-05858,GCP,Compute,True,None,True,True,High,1,False,False,5.5
CLOUD-003526,AST-05860,Azure,Compute,True,Logging Disabled,True,False,High,8,False,True,9.3
CLOUD-003527,AST-05861,Azure,DevOps,False,None,True,False,Low,1,False,True,1.6
CLOUD-003528,AST-05863,Azure,Identity,False,None,True,False,Low,3,False,True,1.1
CLOUD-003529,AST-05864,Azure,Container,False,None,True,True,Medium,0,False,False,0.8
CLOUD-003530,AST-05865,Azure,Compute,False,None,True,True,Medium,2,False,False,1.3
CLOUD-003531,AST-05867,AWS,ML,False,None,True,True,Low,0,True,False,1.7
CLOUD-003532,AST-05869,AWS,Networking,True,None,False,True,Low,3,False,True,4.8
CLOUD-003533,AST-05871,GCP,DevOps,False,None,True,True,Low,0,False,False,0.1
CLOUD-003534,AST-05873,Azure,ML,False,Unrotated Access Keys,True,True,Medium,0,True,True,5.0
CLOUD-003535,AST-05875,AWS,Identity,False,None,True,False,Medium,3,False,True,2.5
CLOUD-003536,AST-05876,Azure,Analytics,False,None,False,True,Low,2,False,True,1.5
CLOUD-003537,AST-05877,AWS,DevOps,False,None,False,True,High,3,False,True,4.5
CLOUD-003538,AST-05878,Azure,Container,False,Cross-Account Access,False,True,Medium,2,False,True,4.8
CLOUD-003539,AST-05879,Azure,Storage,False,None,True,False,Medium,0,False,True,2.0
CLOUD-003540,AST-05883,Azure,Database,False,None,True,True,Low,2,False,False,0.3
CLOUD-003541,AST-05886,Azure,Analytics,False,None,True,True,Low,3,False,False,0.6
CLOUD-003542,AST-05889,GCP,Networking,False,None,True,False,Medium,2,False,True,2.3
CLOUD-003543,AST-05890,Azure,Storage,False,Exposed API Key,True,True,Low,1,False,True,2.4
CLOUD-003544,AST-05894,GCP,DevOps,False,None,True,False,High,2,True,True,5.1
CLOUD-003545,AST-05895,GCP,Database,False,None,True,True,High,0,False,False,1.8
CLOUD-003546,AST-05898,AWS,Serverless,True,Exposed API Key,True,True,Medium,3,False,True,7.0
CLOUD-003547,AST-05899,AWS,Serverless,False,None,False,False,Medium,2,False,True,3.8
CLOUD-003548,AST-05900,Azure,DevOps,True,Public RDS Instance,True,False,High,3,False,True,8.1
CLOUD-003549,AST-05901,Azure,Serverless,False,Exposed API Key,True,False,Medium,2,True,True,6.2
CLOUD-003550,AST-05903,GCP,Serverless,True,Default VPC,True,True,High,8,False,True,9.0
CLOUD-003551,AST-05904,AWS,Storage,False,Cross-Account Access,True,True,Medium,0,False,True,2.9
CLOUD-003552,AST-05905,AWS,Container,False,None,True,True,High,1,False,False,1.9
CLOUD-003553,AST-05906,Azure,Storage,False,None,True,True,Medium,1,False,False,1.6
CLOUD-003554,AST-05908,Azure,Database,True,None,True,False,Low,0,False,True,4.3
CLOUD-003555,AST-05910,AWS,DevOps,False,None,True,False,Low,0,False,True,0.7
CLOUD-003556,AST-05911,GCP,Compute,False,No Versioning on Bucket,True,False,Low,2,True,True,5.2
CLOUD-003557,AST-05912,Azure,Identity,False,None,True,True,Low,0,False,False,0.4
CLOUD-003558,AST-05913,Azure,DevOps,False,Cross-Account Access,True,True,Medium,3,False,True,3.1
CLOUD-003559,AST-05917,AWS,Compute,True,None,True,True,Low,4,False,False,3.5
CLOUD-003560,AST-05918,GCP,Container,False,None,True,True,Medium,0,False,False,0.6
CLOUD-003561,AST-05920,AWS,Networking,False,Unrotated Access Keys,True,True,Low,2,False,True,2.5
CLOUD-003562,AST-05922,AWS,DevOps,False,None,True,False,High,2,False,True,3.5
CLOUD-003563,AST-05923,Azure,Identity,False,None,True,False,High,2,False,True,3.8
CLOUD-003564,AST-05926,Azure,Analytics,False,None,True,True,Low,1,False,False,0.6
CLOUD-003565,AST-05927,Azure,Container,False,None,True,True,Medium,1,False,False,0.8
CLOUD-003566,AST-05929,AWS,Storage,False,None,True,False,High,1,False,True,2.9
CLOUD-003567,AST-05930,GCP,Networking,False,None,True,False,Medium,2,False,True,2.6
CLOUD-003568,AST-05931,GCP,Networking,True,None,True,True,High,4,False,False,6.3
CLOUD-003569,AST-05932,Azure,Identity,False,None,True,False,Medium,3,False,True,2.7
CLOUD-003570,AST-05933,Azure,Networking,False,None,True,False,High,3,False,True,3.5
CLOUD-003571,AST-05935,Azure,ML,False,None,True,True,Medium,0,False,False,0.8
CLOUD-003572,AST-05936,GCP,Identity,False,No MFA on Root Account,True,True,Low,3,False,True,2.5
CLOUD-003573,AST-05938,AWS,DevOps,False,Exposed API Key,False,True,High,3,True,True,7.9
CLOUD-003574,AST-05940,GCP,Analytics,True,None,True,True,Low,4,False,False,3.7
CLOUD-003575,AST-05942,AWS,Serverless,False,None,True,True,Medium,0,False,False,0.8
CLOUD-003576,AST-05943,Azure,Database,False,None,True,False,Medium,3,False,True,3.0
CLOUD-003577,AST-05946,Azure,Container,False,None,True,False,Low,2,False,True,1.6
CLOUD-003578,AST-05947,AWS,DevOps,False,None,True,True,Low,1,False,False,0
CLOUD-003579,AST-05948,AWS,Serverless,True,None,False,True,Low,10,False,True,6.8
CLOUD-003580,AST-05949,GCP,ML,True,None,False,True,Medium,10,False,True,7.6
CLOUD-003581,AST-05952,GCP,Storage,False,Default VPC,True,True,Low,2,False,True,2.6
CLOUD-003582,AST-05953,AWS,Serverless,False,Public S3 Bucket,True,False,Low,0,False,True,3.0
CLOUD-003583,AST-05954,Azure,ML,False,None,False,False,High,1,False,True,4.4
CLOUD-003584,AST-05955,Azure,Compute,False,None,True,True,Low,2,False,False,0.8
CLOUD-003585,AST-05956,GCP,Database,False,None,False,True,Low,3,False,True,2.2
CLOUD-003586,AST-05959,GCP,Identity,False,Exposed API Key,True,True,Medium,3,False,True,3.7
CLOUD-003587,AST-05960,Azure,Identity,True,No MFA on Root Account,True,True,Low,7,False,True,6.1
CLOUD-003588,AST-05961,AWS,Database,True,None,False,False,Low,5,False,True,6.3
CLOUD-003589,AST-05963,AWS,Analytics,False,Default VPC,True,True,Low,1,False,True,1.8
CLOUD-003590,AST-05964,GCP,Analytics,False,Logging Disabled,True,True,High,1,False,True,4.1
CLOUD-003591,AST-05965,GCP,Analytics,False,Unrotated Access Keys,False,True,Low,3,False,True,3.8
CLOUD-003592,AST-05967,GCP,Analytics,False,None,True,True,High,1,False,False,2.0
CLOUD-003593,AST-05969,GCP,ML,False,Overly Permissive IAM Policy,True,True,Medium,3,False,True,3.9
CLOUD-003594,AST-05971,GCP,Compute,True,None,False,True,High,7,False,True,8.2
CLOUD-003595,AST-05973,GCP,Container,True,None,True,False,Medium,6,False,True,6.4
CLOUD-003596,AST-05974,AWS,Identity,True,None,False,False,High,1,False,True,8.0
CLOUD-003597,AST-05975,AWS,Compute,False,None,True,True,High,2,False,False,2.0
CLOUD-003598,AST-05978,AWS,Container,True,None,False,True,High,3,False,True,7.3
CLOUD-003599,AST-05979,GCP,DevOps,False,None,False,False,Low,2,False,True,2.6
CLOUD-003600,AST-05980,AWS,Storage,False,Exposed API Key,True,True,High,0,True,True,5.6
CLOUD-003601,AST-05982,AWS,Container,False,None,True,False,Low,2,False,True,1.6
CLOUD-003602,AST-05983,AWS,Serverless,False,Missing WAF,True,True,Low,1,False,True,2.6
CLOUD-003603,AST-05986,AWS,Compute,False,None,True,True,Low,2,False,False,0.3
CLOUD-003604,AST-05987,AWS,Analytics,True,None,False,True,High,2,False,True,7.3
CLOUD-003605,AST-05988,Azure,Database,False,None,True,False,Low,3,True,True,3.0
CLOUD-003606,AST-05991,AWS,DevOps,False,Default VPC,True,True,Low,0,False,True,2.1
CLOUD-003607,AST-05993,Azure,Database,False,None,True,True,High,1,False,False,1.8
CLOUD-003608,AST-05995,AWS,Database,False,No MFA on Root Account,True,True,Low,3,False,True,2.5
CLOUD-003609,AST-05997,GCP,Storage,False,None,False,True,Low,0,False,True,2.0
CLOUD-003610,AST-05998,Azure,Analytics,False,Missing WAF,True,True,Low,2,False,True,2.2
CLOUD-003611,AST-05999,Azure,Database,False,None,True,True,High,3,False,False,2.5
CLOUD-003612,AST-06002,AWS,Serverless,False,Unencrypted Volume,True,True,High,2,True,True,5.6
CLOUD-003613,AST-06004,Azure,Analytics,False,Unrotated Access Keys,True,True,Medium,3,False,True,3.6
CLOUD-003614,AST-06005,GCP,Analytics,False,No Versioning on Bucket,True,True,High,1,False,True,4.1
CLOUD-003615,AST-06006,GCP,Analytics,False,None,False,True,High,3,False,True,3.8
CLOUD-003616,AST-06007,AWS,ML,False,None,False,False,Medium,3,False,True,3.9
CLOUD-003617,AST-06008,AWS,Compute,False,Open Security Group,False,True,High,0,False,True,5.5
CLOUD-003618,AST-06010,GCP,Storage,False,None,True,True,Low,3,False,False,0.5
CLOUD-003619,AST-06011,AWS,Networking,False,Public RDS Instance,True,True,Low,3,False,True,2.6
CLOUD-003620,AST-06012,GCP,Networking,False,Missing WAF,False,True,Low,3,False,True,3.9
CLOUD-003621,AST-06015,GCP,ML,False,Missing WAF,True,True,Medium,0,False,True,3.4
CLOUD-003622,AST-06017,GCP,Identity,False,Missing WAF,True,True,Medium,3,False,True,3.5
CLOUD-003623,AST-06018,Azure,Compute,False,Unencrypted Volume,True,True,High,2,False,True,4.7
CLOUD-003624,AST-06020,Azure,Storage,False,Unrotated Access Keys,True,False,Medium,0,False,True,4.2
CLOUD-003625,AST-06023,AWS,Storage,False,None,True,True,Medium,0,False,False,1.2
CLOUD-003626,AST-06025,AWS,DevOps,False,None,True,True,Medium,3,False,False,1.9
CLOUD-003627,AST-06026,GCP,Networking,False,Exposed API Key,True,True,High,3,False,True,4.3
CLOUD-003628,AST-06027,AWS,Database,False,Cross-Account Access,True,False,Medium,1,False,True,4.4
CLOUD-003629,AST-06028,Azure,DevOps,False,None,False,True,Low,3,False,True,2.1
CLOUD-003630,AST-06029,Azure,Compute,False,None,True,True,Low,1,False,False,0.7
CLOUD-003631,AST-06031,Azure,ML,True,Default VPC,False,False,High,9,False,True,10
CLOUD-003632,AST-06033,GCP,Storage,True,None,False,True,Low,5,False,True,5.8
CLOUD-003633,AST-06034,AWS,Container,False,Open Security Group,False,True,Medium,3,False,True,5.2
CLOUD-003634,AST-06036,GCP,Serverless,False,None,True,True,Low,2,False,False,0.7
CLOUD-003635,AST-06046,GCP,Compute,False,None,False,True,Medium,2,False,True,3.2
CLOUD-003636,AST-06047,Azure,Compute,False,None,True,False,High,2,False,True,3.4
CLOUD-003637,AST-06048,Azure,DevOps,True,None,True,True,Low,10,False,False,4.8
CLOUD-003638,AST-06049,Azure,Networking,False,None,True,False,Low,2,False,True,1.0
CLOUD-003639,AST-06052,AWS,Networking,False,None,True,True,Low,3,False,False,1.0
CLOUD-003640,AST-06053,AWS,DevOps,False,None,True,True,High,2,False,False,2.8
CLOUD-003641,AST-06054,GCP,ML,False,None,True,True,Medium,1,False,False,1.1
CLOUD-003642,AST-06057,GCP,Serverless,False,None,True,False,Medium,3,False,True,2.7
CLOUD-003643,AST-06058,Azure,Analytics,False,None,False,True,Low,2,False,True,2.3
CLOUD-003644,AST-06061,AWS,Identity,False,None,True,True,High,1,False,False,1.9
CLOUD-003645,AST-06062,AWS,Compute,False,None,False,True,High,1,False,True,3.9
CLOUD-003646,AST-06066,Azure,Networking,False,None,True,True,Low,3,False,False,0.8
CLOUD-003647,AST-06067,Azure,Analytics,False,None,True,True,Medium,1,True,False,3.0
CLOUD-003648,AST-06069,GCP,Container,False,None,True,True,Low,0,False,False,0.3
CLOUD-003649,AST-06070,GCP,Database,False,None,False,True,Medium,1,False,True,2.6
CLOUD-003650,AST-06072,Azure,Identity,True,Unencrypted Volume,True,True,Low,8,False,True,6.8
CLOUD-003651,AST-06075,Azure,Storage,False,None,True,True,Medium,0,False,False,1.2
CLOUD-003652,AST-06078,GCP,Analytics,False,No Network ACL,True,True,Medium,1,False,True,3.3
CLOUD-003653,AST-06079,Azure,Networking,False,None,True,True,Low,2,False,False,0.8
CLOUD-003654,AST-06080,Azure,Identity,False,None,True,True,Low,1,False,False,0.5
CLOUD-003655,AST-06081,Azure,Storage,False,None,True,True,High,2,False,False,2.9
CLOUD-003656,AST-06083,Azure,Serverless,True,None,True,True,High,2,False,False,5.7
CLOUD-003657,AST-06084,GCP,Analytics,True,None,True,True,High,3,False,False,5.5
CLOUD-003658,AST-06085,AWS,Database,False,None,True,True,High,0,False,False,1.7
CLOUD-003659,AST-06089,Azure,Database,False,No Versioning on Bucket,True,True,Medium,0,False,True,3.1
CLOUD-003660,AST-06090,GCP,Analytics,False,None,True,False,High,0,False,True,2.8
CLOUD-003661,AST-06092,GCP,ML,False,Public S3 Bucket,True,True,Low,1,True,True,3.4
CLOUD-003662,AST-06094,Azure,ML,False,None,True,True,Medium,0,False,False,0.8
CLOUD-003663,AST-06097,Azure,DevOps,False,Open Security Group,True,True,High,0,False,True,4.0
CLOUD-003664,AST-06098,Azure,Compute,False,Unencrypted Volume,True,True,High,3,False,True,4.3
CLOUD-003665,AST-06101,Azure,Compute,False,None,True,True,High,1,False,False,2.3
CLOUD-003666,AST-06103,GCP,Analytics,False,Unrotated Access Keys,True,True,Low,2,False,True,2.3
CLOUD-003667,AST-06105,Azure,Analytics,False,None,True,True,High,2,False,False,2.0
CLOUD-003668,AST-06106,GCP,Container,False,No Versioning on Bucket,True,False,High,2,False,True,5.9
CLOUD-003669,AST-06108,GCP,DevOps,False,No Versioning on Bucket,True,True,Medium,1,False,True,2.9
CLOUD-003670,AST-06109,AWS,Analytics,False,None,True,True,Medium,2,False,False,1.2
CLOUD-003671,AST-06110,GCP,Analytics,False,None,True,True,High,0,False,False,1.7
CLOUD-003672,AST-06111,Azure,DevOps,False,None,True,True,Medium,1,False,False,0.8
CLOUD-003673,AST-06114,AWS,Networking,False,None,True,True,High,2,False,False,2.5
CLOUD-003674,AST-06115,Azure,DevOps,False,None,True,False,Medium,1,False,True,2.1
CLOUD-003675,AST-06116,AWS,Database,False,None,True,True,High,3,True,False,3.9
CLOUD-003676,AST-06118,AWS,Database,False,None,True,True,High,2,False,False,2.4
CLOUD-003677,AST-06119,GCP,ML,True,Public RDS Instance,True,False,Low,1,False,True,6.6
CLOUD-003678,AST-06120,AWS,ML,False,None,True,True,Medium,0,False,False,1.0
CLOUD-003679,AST-06122,AWS,Container,True,None,True,True,Medium,3,False,False,4.8
CLOUD-003680,AST-06123,Azure,Serverless,True,None,True,True,Low,0,False,False,2.6
CLOUD-003681,AST-06125,Azure,ML,False,Default VPC,True,True,Low,2,False,True,2.7
CLOUD-003682,AST-06130,GCP,Analytics,False,None,False,True,Medium,0,False,True,2.8
CLOUD-003683,AST-06131,AWS,Container,False,Missing WAF,True,True,High,1,False,True,3.7
CLOUD-003684,AST-06132,Azure,Compute,False,None,True,False,Low,3,False,True,1.2
CLOUD-003685,AST-06133,AWS,Compute,False,Unencrypted Volume,True,False,Medium,2,False,True,4.0
CLOUD-003686,AST-06134,Azure,Networking,False,None,True,False,High,1,False,True,3.2
CLOUD-003687,AST-06136,Azure,Container,False,None,True,False,Low,0,False,True,1.2
CLOUD-003688,AST-06139,GCP,Serverless,False,None,True,True,High,3,False,False,2.4
CLOUD-003689,AST-06140,AWS,Identity,False,None,False,True,Low,1,True,True,3.5
CLOUD-003690,AST-06141,Azure,Networking,False,None,True,True,Medium,0,False,False,1.4
CLOUD-003691,AST-06142,Azure,ML,False,None,True,True,High,3,False,False,2.7
CLOUD-003692,AST-06144,GCP,Analytics,False,None,True,True,Low,2,False,False,0.7
CLOUD-003693,AST-06146,AWS,Compute,False,None,False,True,High,3,True,True,5.9
CLOUD-003694,AST-06147,GCP,Container,False,None,True,True,High,2,False,False,2.7
CLOUD-003695,AST-06148,AWS,Container,True,No MFA on Root Account,False,False,High,0,False,True,9.8
CLOUD-003696,AST-06149,Azure,Compute,True,Unencrypted Volume,True,True,Medium,1,False,True,5.9
CLOUD-003697,AST-06150,AWS,Storage,False,Cross-Account Access,True,True,High,3,False,True,4.2
CLOUD-003698,AST-06151,Azure,Networking,False,Missing WAF,True,True,High,2,False,True,4.1
CLOUD-003699,AST-06152,GCP,ML,False,None,True,False,Low,1,False,True,1.3
CLOUD-003700,AST-06153,AWS,ML,False,None,False,True,Low,3,False,True,2.0
CLOUD-003701,AST-06157,AWS,Database,False,Default VPC,True,False,Medium,0,False,True,4.0
CLOUD-003702,AST-06160,GCP,ML,False,None,True,True,High,1,False,False,2.5
CLOUD-003703,AST-06161,AWS,Analytics,False,None,True,True,Low,3,False,False,0.9
CLOUD-003704,AST-06163,AWS,Analytics,False,None,True,True,Low,2,False,False,0.5
CLOUD-003705,AST-06170,AWS,Storage,True,None,True,True,Medium,1,False,False,4.0
CLOUD-003706,AST-06171,Azure,Container,True,None,True,True,High,10,False,False,7.1
CLOUD-003707,AST-06172,AWS,Networking,False,None,True,True,High,1,False,False,2.1
CLOUD-003708,AST-06173,GCP,Storage,False,None,True,True,Low,3,False,False,0.4
CLOUD-003709,AST-06174,GCP,Database,False,Logging Disabled,True,True,High,0,False,True,4.0
CLOUD-003710,AST-06175,GCP,Serverless,True,None,True,True,High,9,False,False,7.3
CLOUD-003711,AST-06177,GCP,Container,False,None,True,True,Medium,0,False,False,0.8
CLOUD-003712,AST-06178,AWS,Identity,False,None,True,False,Low,3,False,True,2.1
CLOUD-003713,AST-06179,GCP,DevOps,False,None,True,True,High,0,False,False,1.8
CLOUD-003714,AST-06180,AWS,Serverless,False,None,True,True,High,0,False,False,2.3
CLOUD-003715,AST-06182,Azure,Database,True,No Network ACL,False,True,Medium,4,False,True,8.3
CLOUD-003716,AST-06183,GCP,Database,False,None,True,True,High,1,False,False,2.0
CLOUD-003717,AST-06185,AWS,Compute,False,None,True,True,Medium,0,False,False,0.6
CLOUD-003718,AST-06186,Azure,Database,False,None,True,True,Low,1,False,False,0.2
CLOUD-003719,AST-06187,Azure,Analytics,False,None,False,False,High,1,False,True,4.9
CLOUD-003720,AST-06188,AWS,ML,False,None,True,True,Medium,2,False,False,1.8
CLOUD-003721,AST-06189,AWS,Database,False,Cross-Account Access,False,False,Medium,0,False,True,5.5
CLOUD-003722,AST-06190,Azure,Networking,False,No MFA on Root Account,True,True,High,3,False,True,4.7
CLOUD-003723,AST-06191,GCP,Container,True,None,False,True,Low,9,False,True,6.6
CLOUD-003724,AST-06192,Azure,Analytics,False,None,False,True,Low,3,False,True,2.3
CLOUD-003725,AST-06195,Azure,Serverless,False,None,False,True,High,3,False,True,3.7
CLOUD-003726,AST-06196,AWS,DevOps,False,None,True,True,High,3,False,False,3.1
CLOUD-003727,AST-06198,AWS,Compute,False,None,False,True,Medium,1,False,True,3.1
CLOUD-003728,AST-06200,Azure,Database,False,Cross-Account Access,False,False,High,2,False,True,6.9
CLOUD-003729,AST-06202,GCP,Networking,False,None,True,True,Medium,2,False,False,1.7
CLOUD-003730,AST-06203,GCP,Analytics,False,None,True,True,High,3,False,False,2.2
CLOUD-003731,AST-06204,Azure,DevOps,True,None,True,False,Medium,1,False,True,5.0
CLOUD-003732,AST-06205,GCP,Database,False,None,True,True,Medium,0,False,False,1.3
CLOUD-003733,AST-06206,AWS,Database,False,Missing WAF,True,True,Low,0,True,True,3.8
CLOUD-003734,AST-06207,GCP,Container,True,None,True,False,Medium,2,False,True,5.3
CLOUD-003735,AST-06208,AWS,Compute,False,None,True,False,Medium,0,False,True,1.7
CLOUD-003736,AST-06210,AWS,Networking,False,None,True,False,Medium,1,False,True,2.1
CLOUD-003737,AST-06211,Azure,DevOps,False,None,True,True,Medium,2,False,False,1.3
CLOUD-003738,AST-06212,Azure,Identity,False,None,True,True,Low,0,False,False,0
CLOUD-003739,AST-06213,Azure,Container,False,None,True,False,High,3,False,True,3.5
CLOUD-003740,AST-06217,AWS,Analytics,False,None,False,True,High,3,False,True,3.9
CLOUD-003741,AST-06220,GCP,Identity,True,None,True,True,High,6,False,False,6.1
CLOUD-003742,AST-06221,Azure,Analytics,True,None,False,True,Low,6,False,True,5.4
CLOUD-003743,AST-06222,Azure,Storage,False,None,True,True,Medium,2,False,False,1.2
CLOUD-003744,AST-06223,Azure,DevOps,False,Logging Disabled,True,True,Low,0,False,True,1.9
CLOUD-003745,AST-06225,Azure,Database,False,Overly Permissive IAM Policy,False,False,Medium,0,False,True,5.8
CLOUD-003746,AST-06226,GCP,Database,False,Default VPC,True,True,Low,2,False,True,2.4
CLOUD-003747,AST-06227,Azure,Container,False,None,True,True,Low,0,False,False,0
CLOUD-003748,AST-06228,Azure,Container,False,None,True,True,High,1,False,False,2.6
CLOUD-003749,AST-06229,AWS,ML,True,None,True,True,High,3,False,False,5.9
CLOUD-003750,AST-06232,Azure,Container,True,None,True,False,High,1,False,True,5.9
CLOUD-003751,AST-06234,AWS,ML,False,None,False,False,Low,1,False,True,2.7
CLOUD-003752,AST-06235,GCP,Networking,False,Unencrypted Volume,True,False,High,0,False,True,5.5
CLOUD-003753,AST-06238,Azure,Serverless,False,Public RDS Instance,True,True,Medium,2,False,True,3.0
CLOUD-003754,AST-06239,Azure,Identity,False,None,True,False,Low,2,False,True,1.5
CLOUD-003755,AST-06240,GCP,ML,False,None,True,True,Medium,3,False,False,2.1
CLOUD-003756,AST-06242,Azure,Compute,False,Overly Permissive IAM Policy,True,True,High,2,False,True,4.6
CLOUD-003757,AST-06244,GCP,DevOps,False,None,False,True,Medium,1,False,True,2.7
CLOUD-003758,AST-06246,AWS,Identity,False,None,True,True,Medium,3,False,False,1.8
CLOUD-003759,AST-06248,AWS,ML,False,None,True,True,Low,3,True,False,2.2
CLOUD-003760,AST-06249,Azure,Database,False,None,True,True,Medium,1,False,False,1.6
CLOUD-003761,AST-06251,GCP,Database,False,None,True,True,Low,0,False,False,0
CLOUD-003762,AST-06256,AWS,Analytics,True,Missing WAF,True,True,High,10,False,True,8.7
CLOUD-003763,AST-06257,Azure,Identity,False,None,True,True,Medium,3,False,False,1.4
CLOUD-003764,AST-06259,GCP,Container,False,None,True,True,Low,1,False,False,0.1
CLOUD-003765,AST-06260,Azure,Serverless,False,Unrotated Access Keys,True,True,Low,1,False,True,2.5
CLOUD-003766,AST-06261,Azure,Analytics,False,None,False,True,Medium,0,False,True,2.1
CLOUD-003767,AST-06262,Azure,Analytics,True,Unrotated Access Keys,True,True,Medium,0,False,True,6.2
CLOUD-003768,AST-06265,GCP,Container,False,None,True,True,Low,3,False,False,1.0
CLOUD-003769,AST-06267,GCP,Analytics,False,None,False,False,Medium,0,False,True,3.6
CLOUD-003770,AST-06268,GCP,Networking,True,No MFA on Root Account,True,False,Medium,1,False,True,6.8
CLOUD-003771,AST-06273,Azure,DevOps,False,None,True,True,Medium,1,False,False,1.2
CLOUD-003772,AST-06274,AWS,Storage,True,No Network ACL,True,True,Medium,9,False,True,7.6
CLOUD-003773,AST-06275,Azure,Networking,False,None,True,True,High,1,False,False,1.8
CLOUD-003774,AST-06276,GCP,Container,False,None,True,False,High,2,False,True,3.8
CLOUD-003775,AST-06278,GCP,Identity,False,No Network ACL,True,True,Low,3,False,True,2.4
CLOUD-003776,AST-06279,Azure,DevOps,False,None,False,False,Medium,1,False,True,3.7
CLOUD-003777,AST-06280,AWS,Identity,False,None,True,True,Medium,2,True,False,3.3
CLOUD-003778,AST-06281,AWS,Compute,False,None,True,True,Low,0,False,False,0.4
CLOUD-003779,AST-06282,GCP,Database,True,Unrotated Access Keys,True,True,Medium,6,False,True,7.2
CLOUD-003780,AST-06284,Azure,Serverless,False,None,True,True,Low,2,False,False,0.7
CLOUD-003781,AST-06285,Azure,Serverless,False,None,True,True,Low,1,False,False,0.3
CLOUD-003782,AST-06288,AWS,Serverless,False,Unrotated Access Keys,True,True,High,1,False,True,4.2
CLOUD-003783,AST-06289,AWS,ML,False,Logging Disabled,True,False,Low,0,False,True,3.2
CLOUD-003784,AST-06290,AWS,Serverless,False,None,True,True,High,0,False,False,1.6
CLOUD-003785,AST-06291,AWS,ML,False,Logging Disabled,True,True,High,3,False,True,5.1
CLOUD-003786,AST-06292,Azure,Database,True,Default VPC,True,True,Medium,3,False,True,6.4
CLOUD-003787,AST-06293,GCP,Container,False,None,False,False,High,2,False,True,4.6
CLOUD-003788,AST-06295,Azure,Container,True,None,True,True,High,1,False,False,5.2
CLOUD-003789,AST-06296,GCP,Identity,False,None,True,True,High,0,False,False,2.2
CLOUD-003790,AST-06297,Azure,Analytics,False,None,True,True,Medium,2,False,False,1.3
CLOUD-003791,AST-06298,GCP,Networking,False,None,False,True,Low,0,False,True,1.5
CLOUD-003792,AST-06300,Azure,Analytics,False,None,True,True,Low,0,False,False,0
CLOUD-003793,AST-06301,GCP,Identity,False,None,True,True,Medium,3,False,False,1.3
CLOUD-003794,AST-06303,Azure,ML,False,None,True,True,High,0,False,False,2.2
CLOUD-003795,AST-06309,GCP,DevOps,False,None,True,True,Medium,1,False,False,1.0
CLOUD-003796,AST-06311,Azure,DevOps,False,None,True,True,Low,2,False,False,0.2
CLOUD-003797,AST-06312,AWS,Serverless,False,Default VPC,False,True,Low,1,False,True,4.2
CLOUD-003798,AST-06313,GCP,DevOps,False,None,True,True,High,1,False,False,1.8
CLOUD-003799,AST-06314,Azure,DevOps,False,None,True,True,High,1,False,False,2.1
CLOUD-003800,AST-06315,AWS,Compute,False,None,True,True,Medium,1,False,False,1.3
CLOUD-003801,AST-06316,AWS,Analytics,True,None,True,False,Low,8,False,True,5.4
CLOUD-003802,AST-06318,GCP,Networking,False,Default VPC,True,True,Low,1,False,True,2.0
CLOUD-003803,AST-06320,GCP,ML,False,None,True,True,Low,3,False,False,0.4
CLOUD-003804,AST-06325,GCP,Database,False,None,True,True,High,3,False,False,2.5
CLOUD-003805,AST-06326,GCP,Networking,False,None,True,True,Low,3,False,False,0.6
CLOUD-003806,AST-06328,Azure,Storage,False,None,True,True,Medium,1,True,False,3.2
CLOUD-003807,AST-06329,Azure,Container,True,Missing WAF,False,True,High,4,False,True,9.0
CLOUD-003808,AST-06336,Azure,Database,False,No MFA on Root Account,True,True,Low,1,False,True,2.1
CLOUD-003809,AST-06338,Azure,Analytics,False,None,True,False,High,0,False,True,3.2
CLOUD-003810,AST-06339,Azure,DevOps,False,Unencrypted Volume,False,True,Medium,1,False,True,4.5
CLOUD-003811,AST-06340,GCP,Networking,False,None,True,False,Medium,0,False,True,1.7
CLOUD-003812,AST-06342,GCP,Container,True,No Network ACL,True,False,High,0,False,True,8.0
CLOUD-003813,AST-06343,Azure,Storage,True,None,True,False,High,6,False,True,7.1
CLOUD-003814,AST-06344,AWS,Analytics,True,Overly Permissive IAM Policy,True,False,High,7,True,True,10
CLOUD-003815,AST-06346,AWS,Networking,False,None,False,False,Low,2,False,True,2.9
CLOUD-003816,AST-06347,Azure,Storage,False,None,True,True,Medium,0,False,False,1.4
CLOUD-003817,AST-06348,GCP,Serverless,False,None,False,False,Medium,0,False,True,3.7
CLOUD-003818,AST-06350,AWS,Analytics,True,None,True,True,Low,7,False,False,4.8
CLOUD-003819,AST-06352,AWS,Serverless,False,None,True,True,High,3,False,False,3.0
CLOUD-003820,AST-06358,Azure,Networking,False,None,True,True,High,2,False,False,2.3
CLOUD-003821,AST-06359,Azure,Analytics,False,None,True,True,High,2,False,False,2.6
CLOUD-003822,AST-06361,AWS,ML,False,None,False,False,High,1,False,True,5.0
CLOUD-003823,AST-06365,GCP,Compute,False,Public S3 Bucket,True,True,High,0,False,True,3.8
CLOUD-003824,AST-06369,AWS,Compute,False,None,True,False,Medium,3,False,True,2.9
CLOUD-003825,AST-06370,AWS,ML,False,Exposed API Key,True,True,High,3,False,True,5.0
CLOUD-003826,AST-06371,Azure,Storage,False,None,False,True,Medium,3,False,True,3.3
CLOUD-003827,AST-06372,Azure,Analytics,False,None,True,True,Low,1,False,False,0.3
CLOUD-003828,AST-06373,GCP,Database,False,Logging Disabled,True,True,Low,3,False,True,2.7
CLOUD-003829,AST-06374,AWS,Storage,False,None,True,True,Medium,0,False,False,0.7
CLOUD-003830,AST-06375,GCP,DevOps,False,None,True,True,Low,1,False,False,0
CLOUD-003831,AST-06379,AWS,Database,False,Public RDS Instance,True,True,Low,2,False,True,2.3
CLOUD-003832,AST-06382,AWS,DevOps,False,No Network ACL,True,True,Medium,1,False,True,3.7
CLOUD-003833,AST-06387,GCP,Storage,False,None,False,True,High,0,False,True,3.6
CLOUD-003834,AST-06388,GCP,Database,True,Cross-Account Access,True,True,High,6,False,True,8.3
CLOUD-003835,AST-06390,GCP,Database,False,Exposed API Key,True,True,Low,0,False,True,2.4
CLOUD-003836,AST-06392,AWS,Analytics,True,Public RDS Instance,True,True,Medium,2,True,True,7.7
CLOUD-003837,AST-06394,Azure,Database,False,None,True,False,Low,1,True,True,3.2
CLOUD-003838,AST-06397,GCP,Serverless,False,None,True,True,Low,3,True,False,2.1
CLOUD-003839,AST-06398,AWS,Networking,False,Open Security Group,True,False,Low,0,False,True,3.4
CLOUD-003840,AST-06399,AWS,Identity,False,None,True,True,Medium,0,True,False,2.4
CLOUD-003841,AST-06400,Azure,DevOps,False,None,True,True,High,3,False,False,2.9
CLOUD-003842,AST-06402,Azure,Database,False,None,True,True,Medium,0,False,False,0.6
CLOUD-003843,AST-06404,AWS,Container,False,None,True,True,High,0,True,False,3.8
CLOUD-003844,AST-06405,Azure,Identity,False,None,True,True,High,3,False,False,2.5
CLOUD-003845,AST-06406,AWS,Database,False,None,True,True,Low,1,False,False,0.6
CLOUD-003846,AST-06410,AWS,Identity,False,Cross-Account Access,False,False,High,3,False,True,6.6
CLOUD-003847,AST-06412,Azure,Analytics,False,None,False,True,High,3,False,True,3.8
CLOUD-003848,AST-06413,GCP,Analytics,False,Public S3 Bucket,True,False,High,3,False,True,5.6
CLOUD-003849,AST-06416,AWS,Compute,False,None,True,False,Medium,1,False,True,2.4
CLOUD-003850,AST-06418,AWS,DevOps,False,None,True,True,Medium,3,False,False,2.1
CLOUD-003851,AST-06419,AWS,Networking,True,None,True,True,Low,1,False,False,3.3
CLOUD-003852,AST-06424,GCP,Serverless,True,None,True,True,Medium,5,False,False,5.5
CLOUD-003853,AST-06425,AWS,Database,False,None,True,True,High,3,False,False,3.0
CLOUD-003854,AST-06426,Azure,Compute,False,None,True,True,High,3,False,False,3.0
CLOUD-003855,AST-06429,Azure,DevOps,False,None,True,True,Low,0,False,False,0
CLOUD-003856,AST-06431,GCP,Database,False,None,True,False,Medium,2,False,True,2.2
CLOUD-003857,AST-06432,AWS,Analytics,False,None,False,True,Low,2,False,True,1.9
CLOUD-003858,AST-06434,AWS,Storage,False,None,True,False,Medium,0,False,True,2.3
CLOUD-003859,AST-06435,GCP,Identity,False,None,False,True,Low,1,False,True,1.8
CLOUD-003860,AST-06436,Azure,Database,True,None,True,True,High,7,False,False,6.6
CLOUD-003861,AST-06437,AWS,Database,True,Unrotated Access Keys,False,True,Low,2,False,True,7.3
CLOUD-003862,AST-06438,AWS,Analytics,False,None,True,True,Medium,3,False,False,1.9
CLOUD-003863,AST-06441,Azure,DevOps,False,None,False,False,Low,2,False,True,2.7
CLOUD-003864,AST-06442,Azure,Storage,True,Unrotated Access Keys,True,True,High,9,False,True,9.0
CLOUD-003865,AST-06443,AWS,Identity,False,None,True,False,Low,1,False,True,1.1
CLOUD-003866,AST-06444,GCP,Container,True,None,False,True,High,4,False,True,7.3
CLOUD-003867,AST-06445,AWS,DevOps,False,None,False,True,Medium,2,False,True,2.8
CLOUD-003868,AST-06446,GCP,Analytics,False,None,True,True,High,0,False,False,2.4
CLOUD-003869,AST-06448,GCP,Compute,False,None,True,True,Low,2,False,False,0.1
CLOUD-003870,AST-06449,Azure,Serverless,False,None,True,True,High,2,False,False,2.0
CLOUD-003871,AST-06450,GCP,Analytics,False,None,True,True,Low,2,False,False,0.4
CLOUD-003872,AST-06451,Azure,Networking,False,Open Security Group,False,True,Low,0,False,True,3.2
CLOUD-003873,AST-06452,AWS,Container,False,None,True,False,High,3,False,True,3.6
CLOUD-003874,AST-06453,Azure,ML,False,None,True,False,High,0,False,True,3.4
CLOUD-003875,AST-06456,AWS,DevOps,False,None,True,True,High,2,True,False,3.5
CLOUD-003876,AST-06457,Azure,Serverless,False,Logging Disabled,True,True,Low,0,False,True,2.5
CLOUD-003877,AST-06458,GCP,ML,True,Open Security Group,True,True,High,0,False,True,7.2
CLOUD-003878,AST-06459,Azure,Compute,False,None,True,True,Medium,0,False,False,0.9
CLOUD-003879,AST-06460,GCP,Analytics,False,Cross-Account Access,True,True,High,2,False,True,4.5
CLOUD-003880,AST-06461,Azure,Storage,False,None,False,True,Low,2,False,True,2.1
CLOUD-003881,AST-06465,GCP,Container,False,None,True,True,High,2,False,False,2.0
CLOUD-003882,AST-06467,AWS,Analytics,False,None,True,True,Medium,3,False,False,1.9
CLOUD-003883,AST-06468,GCP,Analytics,False,None,True,True,High,2,False,False,2.4
CLOUD-003884,AST-06469,AWS,Analytics,False,None,False,True,Medium,2,False,True,2.8
CLOUD-003885,AST-06470,AWS,Database,True,None,True,False,Medium,10,False,True,6.6
CLOUD-003886,AST-06471,Azure,DevOps,False,No MFA on Root Account,True,True,Medium,3,False,True,4.1
CLOUD-003887,AST-06472,Azure,ML,False,None,True,True,Low,1,False,False,0.2
CLOUD-003888,AST-06475,AWS,Analytics,False,None,True,True,High,0,False,False,2.3
CLOUD-003889,AST-06479,GCP,Compute,False,None,False,False,High,0,False,True,4.8
CLOUD-003890,AST-06480,Azure,Database,False,Logging Disabled,True,False,Medium,1,True,True,6.2
CLOUD-003891,AST-06483,Azure,Networking,False,Unrotated Access Keys,True,True,Medium,0,False,True,2.7
CLOUD-003892,AST-06484,Azure,Container,False,None,False,False,Medium,3,False,True,3.9
CLOUD-003893,AST-06486,Azure,Compute,False,None,True,False,High,2,False,True,3.2
CLOUD-003894,AST-06487,AWS,Identity,False,None,True,True,High,1,False,False,1.8
CLOUD-003895,AST-06489,GCP,Storage,False,None,True,True,Medium,1,False,False,0.7
CLOUD-003896,AST-06491,GCP,Storage,True,None,True,True,Low,10,False,False,5.4
CLOUD-003897,AST-06493,AWS,Compute,False,Overly Permissive IAM Policy,True,True,Low,1,False,True,2.7
CLOUD-003898,AST-06494,GCP,Serverless,False,None,False,True,High,3,False,True,4.2
CLOUD-003899,AST-06496,Azure,ML,False,None,False,True,Low,2,False,True,1.8
CLOUD-003900,AST-06497,GCP,DevOps,False,None,False,False,Medium,1,False,True,3.3
CLOUD-003901,AST-06498,AWS,Compute,False,None,False,False,Medium,2,False,True,3.8
CLOUD-003902,AST-06500,AWS,Container,False,None,True,True,High,3,False,False,2.2
CLOUD-003903,AST-06501,Azure,Compute,False,None,True,True,Low,1,False,False,0
CLOUD-003904,AST-06505,GCP,Compute,False,No MFA on Root Account,False,True,Low,0,False,True,4.0
CLOUD-003905,AST-06506,GCP,Analytics,False,Public RDS Instance,True,True,Medium,3,False,True,3.9
CLOUD-003906,AST-06508,AWS,DevOps,False,None,True,True,Medium,0,False,False,0.9
CLOUD-003907,AST-06509,Azure,ML,False,None,False,True,Low,3,True,True,3.3
CLOUD-003908,AST-06510,Azure,Analytics,False,None,True,True,High,1,False,False,2.1
CLOUD-003909,AST-06513,Azure,Serverless,False,Public RDS Instance,True,False,High,0,False,True,5.3
CLOUD-003910,AST-06515,AWS,Container,False,None,True,False,Low,2,False,True,1.3
CLOUD-003911,AST-06518,AWS,ML,False,No Versioning on Bucket,True,True,Low,2,False,True,1.9
CLOUD-003912,AST-06520,Azure,DevOps,False,None,True,True,High,0,False,False,2.4
CLOUD-003913,AST-06525,GCP,Serverless,True,None,True,False,Low,5,False,True,4.5
CLOUD-003914,AST-06527,GCP,Storage,False,Unrotated Access Keys,True,True,Low,3,False,True,2.8
CLOUD-003915,AST-06528,AWS,Identity,True,None,True,True,Low,4,False,False,4.2
CLOUD-003916,AST-06529,AWS,Compute,False,None,False,True,High,3,False,True,3.9
CLOUD-003917,AST-06531,GCP,ML,False,None,False,False,Low,0,False,True,2.2
CLOUD-003918,AST-06534,Azure,Compute,False,None,False,True,Medium,3,False,True,2.7
CLOUD-003919,AST-06535,GCP,Networking,False,None,True,True,Low,0,False,False,0
CLOUD-003920,AST-06539,GCP,Database,False,None,True,True,High,1,False,False,2.1
CLOUD-003921,AST-06541,GCP,Container,False,None,True,True,High,0,False,False,1.8
CLOUD-003922,AST-06542,AWS,ML,False,None,True,False,High,0,False,True,2.9
CLOUD-003923,AST-06543,AWS,Analytics,False,No MFA on Root Account,False,True,Low,0,False,True,3.9
CLOUD-003924,AST-06546,GCP,Storage,True,None,False,True,Medium,10,True,True,9.4
CLOUD-003925,AST-06548,Azure,Identity,False,Public S3 Bucket,False,True,High,3,False,True,6.4
CLOUD-003926,AST-06550,Azure,DevOps,False,Overly Permissive IAM Policy,True,True,Medium,1,False,True,3.5
CLOUD-003927,AST-06552,AWS,Analytics,False,No MFA on Root Account,True,True,Low,1,False,True,2.3
CLOUD-003928,AST-06553,Azure,DevOps,False,None,False,True,Low,0,False,True,1.1
CLOUD-003929,AST-06555,Azure,Analytics,False,No MFA on Root Account,False,True,Low,3,False,True,4.3
CLOUD-003930,AST-06557,AWS,Serverless,False,None,False,True,Medium,1,False,True,2.3
CLOUD-003931,AST-06558,AWS,Compute,True,None,False,True,Medium,6,False,True,6.9
CLOUD-003932,AST-06560,Azure,Analytics,False,None,True,True,Low,3,False,False,0.9
CLOUD-003933,AST-06562,GCP,Container,False,Public S3 Bucket,True,False,High,1,False,True,5.7
CLOUD-003934,AST-06563,Azure,Compute,False,None,True,True,Low,1,False,False,0.7
CLOUD-003935,AST-06564,AWS,Storage,False,None,True,True,High,0,False,False,1.7
CLOUD-003936,AST-06565,GCP,Container,False,None,True,True,Low,0,False,False,0.4
CLOUD-003937,AST-06568,GCP,Compute,False,No Network ACL,True,True,Low,2,False,True,2.9
CLOUD-003938,AST-06569,GCP,Database,True,None,True,True,High,6,False,False,6.1
CLOUD-003939,AST-06571,AWS,Identity,False,No MFA on Root Account,True,True,Low,3,False,True,2.6
CLOUD-003940,AST-06578,AWS,Database,False,None,False,False,Medium,3,True,True,5.6
CLOUD-003941,AST-06579,Azure,Serverless,False,None,True,True,Low,0,False,False,0.5
CLOUD-003942,AST-06580,AWS,DevOps,False,No Versioning on Bucket,True,False,Low,3,False,True,3.8
CLOUD-003943,AST-06581,Azure,Database,False,No Network ACL,True,False,Medium,2,False,True,4.3
CLOUD-003944,AST-06583,AWS,Analytics,False,None,True,True,Low,2,False,False,0
CLOUD-003945,AST-06584,GCP,Compute,False,None,True,False,Medium,1,False,True,2.6
CLOUD-003946,AST-06585,AWS,ML,False,None,True,False,Medium,2,False,True,2.3
CLOUD-003947,AST-06586,AWS,ML,True,None,True,True,Medium,2,False,False,4.4
CLOUD-003948,AST-06587,AWS,Identity,False,Exposed API Key,True,True,Medium,2,False,True,3.8
CLOUD-003949,AST-06589,AWS,DevOps,False,No Versioning on Bucket,True,False,Low,1,False,True,3.4
CLOUD-003950,AST-06591,AWS,Container,False,None,True,True,High,3,False,False,2.6
CLOUD-003951,AST-06592,AWS,Identity,False,Cross-Account Access,True,True,Low,2,False,True,2.6
CLOUD-003952,AST-06593,Azure,DevOps,False,Missing WAF,True,True,High,1,False,True,4.6
CLOUD-003953,AST-06594,GCP,Database,True,No MFA on Root Account,True,True,High,7,False,True,8.6
CLOUD-003954,AST-06595,GCP,ML,False,None,True,True,Medium,1,False,False,1.6
CLOUD-003955,AST-06596,AWS,Compute,False,None,True,True,Low,1,False,False,0.1
CLOUD-003956,AST-06598,GCP,Database,False,None,False,False,Low,0,False,True,2.1
CLOUD-003957,AST-06599,Azure,ML,False,None,True,True,Low,3,False,False,0.5
CLOUD-003958,AST-06600,GCP,Compute,False,None,False,True,High,0,False,True,3.0
CLOUD-003959,AST-06601,GCP,Identity,False,None,True,False,Medium,1,False,True,2.0
CLOUD-003960,AST-06602,GCP,Analytics,False,Open Security Group,True,True,Medium,1,False,True,2.9
CLOUD-003961,AST-06607,Azure,DevOps,False,Unencrypted Volume,True,True,High,2,False,True,4.5
CLOUD-003962,AST-06608,AWS,Serverless,False,None,True,True,Low,2,False,False,0.4
CLOUD-003963,AST-06609,Azure,Container,False,Exposed API Key,True,True,Low,0,False,True,1.6
CLOUD-003964,AST-06610,GCP,Identity,False,None,True,True,Low,1,False,False,0
CLOUD-003965,AST-06614,AWS,Storage,False,None,True,True,Medium,3,False,False,1.4
CLOUD-003966,AST-06617,Azure,DevOps,False,None,True,False,High,2,True,True,4.8
CLOUD-003967,AST-06618,Azure,Analytics,False,None,True,True,Medium,2,False,False,1.9
CLOUD-003968,AST-06619,Azure,Identity,False,None,True,True,Medium,2,False,False,1.4
CLOUD-003969,AST-06620,GCP,Analytics,False,None,True,False,High,0,False,True,3.1
CLOUD-003970,AST-06621,GCP,Storage,False,No MFA on Root Account,True,True,High,3,False,True,5.0
CLOUD-003971,AST-06623,GCP,ML,False,None,True,True,Low,1,False,False,0.3
CLOUD-003972,AST-06624,GCP,Analytics,False,None,False,False,High,2,False,True,4.6
CLOUD-003973,AST-06625,Azure,Analytics,False,None,True,False,Low,1,False,True,0.8
CLOUD-003974,AST-06627,GCP,Container,False,Unencrypted Volume,True,True,Medium,0,False,True,2.6
CLOUD-003975,AST-06628,AWS,ML,False,Overly Permissive IAM Policy,True,True,Low,2,False,True,2.5
CLOUD-003976,AST-06629,GCP,Serverless,False,Overly Permissive IAM Policy,True,True,Medium,3,False,True,3.9
CLOUD-003977,AST-06630,GCP,Identity,False,None,False,True,Low,2,False,True,2.1
CLOUD-003978,AST-06631,GCP,Serverless,False,Overly Permissive IAM Policy,True,True,Low,2,False,True,2.6
CLOUD-003979,AST-06632,AWS,Serverless,False,None,True,True,High,1,False,False,2.1
CLOUD-003980,AST-06636,Azure,Networking,False,Overly Permissive IAM Policy,True,False,High,2,False,True,5.6
CLOUD-003981,AST-06639,GCP,Database,False,Exposed API Key,True,False,High,3,True,True,6.6
CLOUD-003982,AST-06640,Azure,Database,False,Open Security Group,True,True,Low,2,False,True,2.4
CLOUD-003983,AST-06642,AWS,DevOps,False,None,True,True,High,1,False,False,2.4
CLOUD-003984,AST-06644,GCP,Compute,False,No Versioning on Bucket,False,True,High,3,False,True,6.4
CLOUD-003985,AST-06645,Azure,DevOps,False,No MFA on Root Account,True,True,Low,3,False,True,2.6
CLOUD-003986,AST-06646,Azure,Storage,False,None,True,True,Low,1,False,False,0
CLOUD-003987,AST-06647,AWS,Networking,False,None,False,False,High,0,False,True,5.0
CLOUD-003988,AST-06648,GCP,Compute,True,Public S3 Bucket,True,True,Medium,4,False,True,6.8
CLOUD-003989,AST-06649,GCP,Container,False,None,False,True,Medium,0,False,True,2.8
CLOUD-003990,AST-06651,GCP,Analytics,False,None,True,False,High,2,False,True,3.4
CLOUD-003991,AST-06652,AWS,Compute,False,None,False,True,High,3,False,True,4.4
CLOUD-003992,AST-06653,AWS,Identity,False,None,True,True,High,3,True,False,4.1
CLOUD-003993,AST-06654,AWS,Networking,False,None,True,False,High,1,False,True,2.9
CLOUD-003994,AST-06655,GCP,ML,False,No Versioning on Bucket,True,True,Low,1,False,True,2.1
CLOUD-003995,AST-06656,GCP,Analytics,False,None,True,True,Low,0,True,False,1.9
CLOUD-003996,AST-06657,AWS,Storage,False,None,True,False,Low,2,False,True,1.8
CLOUD-003997,AST-06658,AWS,Serverless,True,None,True,False,Medium,5,True,True,8.0
CLOUD-003998,AST-06659,AWS,Serverless,False,Cross-Account Access,True,False,Low,1,False,True,3.5
CLOUD-003999,AST-06660,GCP,Compute,False,Overly Permissive IAM Policy,True,True,Low,3,False,True,2.8
CLOUD-004000,AST-06661,Azure,Networking,False,None,True,True,Medium,2,False,False,1.9
CLOUD-004001,AST-06662,AWS,ML,False,None,True,False,Medium,1,False,True,2.0
CLOUD-004002,AST-06663,AWS,Container,False,None,False,False,High,0,False,True,4.5
CLOUD-004003,AST-06664,GCP,Identity,False,Open Security Group,False,True,Medium,2,False,True,4.6
CLOUD-004004,AST-06665,AWS,DevOps,False,Unrotated Access Keys,False,True,High,2,False,True,5.4
CLOUD-004005,AST-06667,AWS,Storage,False,Default VPC,False,True,Medium,2,True,True,6.4
CLOUD-004006,AST-06670,AWS,ML,False,Unencrypted Volume,False,True,High,1,False,True,5.2
CLOUD-004007,AST-06671,AWS,Compute,False,None,False,True,High,0,False,True,3.5
CLOUD-004008,AST-06673,GCP,Serverless,False,None,True,True,High,1,False,False,2.6
CLOUD-004009,AST-06676,AWS,Container,False,Missing WAF,True,True,Medium,2,False,True,3.5
CLOUD-004010,AST-06677,Azure,Networking,False,Unencrypted Volume,True,False,Low,1,False,True,3.5
CLOUD-004011,AST-06679,AWS,Identity,False,None,True,True,Low,3,False,False,0.6
CLOUD-004012,AST-06680,AWS,Analytics,False,Cross-Account Access,True,True,Low,2,False,True,2.7
CLOUD-004013,AST-06682,AWS,Serverless,False,None,True,True,Low,1,False,False,0.5
CLOUD-004014,AST-06683,AWS,Serverless,False,Open Security Group,True,True,High,3,False,True,4.2
CLOUD-004015,AST-06684,Azure,DevOps,False,None,True,True,Low,1,False,False,0
CLOUD-004016,AST-06685,GCP,Container,False,Cross-Account Access,False,True,Medium,1,False,True,5.0
CLOUD-004017,AST-06686,Azure,Database,False,Public S3 Bucket,True,False,Low,3,False,True,3.4
CLOUD-004018,AST-06687,GCP,Database,False,None,False,False,High,0,False,True,4.2
CLOUD-004019,AST-06688,AWS,Storage,True,Public RDS Instance,True,True,Low,5,False,True,6.2
CLOUD-004020,AST-06689,GCP,Container,False,None,True,False,Medium,1,False,True,2.3
CLOUD-004021,AST-06691,Azure,Compute,False,Unencrypted Volume,True,True,Low,2,False,True,2.5
CLOUD-004022,AST-06693,AWS,Database,False,None,True,True,Low,3,False,False,0.9
CLOUD-004023,AST-06695,GCP,Storage,False,None,True,True,High,0,True,False,3.4
CLOUD-004024,AST-06696,AWS,Container,False,None,True,False,Low,3,False,True,2.0
CLOUD-004025,AST-06697,GCP,Database,False,None,False,True,Low,0,False,True,1.6
CLOUD-004026,AST-06698,GCP,Storage,False,None,True,True,High,1,False,False,2.3
CLOUD-004027,AST-06699,GCP,Analytics,False,None,True,True,Low,0,False,False,0.1
CLOUD-004028,AST-06700,AWS,Storage,False,None,True,True,Low,0,False,False,0
CLOUD-004029,AST-06701,Azure,Analytics,False,Overly Permissive IAM Policy,True,False,Medium,3,True,True,6.6
CLOUD-004030,AST-06703,AWS,Identity,False,No Versioning on Bucket,True,True,Low,2,False,True,2.5
CLOUD-004031,AST-06707,Azure,Analytics,False,Default VPC,True,True,Medium,1,False,True,3.5
CLOUD-004032,AST-06708,AWS,Serverless,False,None,True,True,High,1,False,False,2.2
CLOUD-004033,AST-06711,Azure,DevOps,False,None,True,True,Medium,2,False,False,1.1
CLOUD-004034,AST-06712,GCP,Compute,False,None,True,True,Medium,2,False,False,1.2
CLOUD-004035,AST-06715,AWS,Serverless,False,None,True,False,High,0,True,True,4.3
CLOUD-004036,AST-06716,AWS,Database,True,None,True,True,High,10,False,False,6.6
CLOUD-004037,AST-06717,Azure,Storage,False,No Network ACL,True,False,Medium,0,True,True,5.3
CLOUD-004038,AST-06718,GCP,Compute,False,None,True,True,High,2,False,False,2.3
CLOUD-004039,AST-06720,Azure,Container,False,Logging Disabled,True,True,Medium,3,False,True,3.9
CLOUD-004040,AST-06726,GCP,Identity,False,None,True,True,Low,0,False,False,0
CLOUD-004041,AST-06727,GCP,ML,False,None,True,True,Medium,2,False,False,1.4
CLOUD-004042,AST-06728,AWS,Database,True,None,True,True,Low,3,False,False,3.2
CLOUD-004043,AST-06729,GCP,DevOps,True,None,True,True,High,0,False,False,5.0
CLOUD-004044,AST-06730,GCP,Networking,False,None,True,True,Low,3,False,False,0.6
CLOUD-004045,AST-06732,AWS,Storage,False,None,True,True,Low,3,False,False,1.1
CLOUD-004046,AST-06735,GCP,Identity,False,None,True,True,High,3,False,False,3.0
CLOUD-004047,AST-06736,GCP,ML,False,No Network ACL,True,True,High,2,True,True,6.4
CLOUD-004048,AST-06739,GCP,Container,True,None,True,True,High,9,False,False,6.6
CLOUD-004049,AST-06741,Azure,Serverless,False,Overly Permissive IAM Policy,True,True,Low,1,False,True,1.9
CLOUD-004050,AST-06743,AWS,Database,True,None,True,True,Low,2,False,False,3.1
CLOUD-004051,AST-06744,AWS,Identity,False,Overly Permissive IAM Policy,True,False,Low,0,False,True,2.7
CLOUD-004052,AST-06746,GCP,Database,False,None,False,False,High,1,False,True,4.5
CLOUD-004053,AST-06747,AWS,Analytics,False,Public RDS Instance,True,True,Low,0,False,True,2.4
CLOUD-004054,AST-06750,GCP,Analytics,False,Logging Disabled,True,True,Medium,0,False,True,3.2
CLOUD-004055,AST-06752,Azure,Analytics,False,None,False,True,Low,3,False,True,2.3
CLOUD-004056,AST-06754,Azure,Identity,False,None,False,True,High,1,False,True,3.7
CLOUD-004057,AST-06756,Azure,Storage,False,None,True,True,High,0,False,False,1.6
CLOUD-004058,AST-06757,AWS,Networking,False,Cross-Account Access,False,True,Low,1,True,True,5.3
CLOUD-004059,AST-06758,Azure,Container,False,Cross-Account Access,True,False,Low,1,False,True,3.3
CLOUD-004060,AST-06760,AWS,Identity,True,None,True,True,Medium,8,False,False,6.0
CLOUD-004061,AST-06761,AWS,Serverless,False,Cross-Account Access,True,True,Medium,2,True,True,4.7
CLOUD-004062,AST-06762,Azure,Identity,True,None,True,True,High,2,False,False,5.3
CLOUD-004063,AST-06763,AWS,Container,False,Overly Permissive IAM Policy,True,True,Medium,3,True,True,4.8
CLOUD-004064,AST-06765,Azure,DevOps,False,None,True,True,Medium,0,False,False,0.7
CLOUD-004065,AST-06766,AWS,Container,False,None,True,False,Low,3,False,True,2.0
CLOUD-004066,AST-06767,AWS,Networking,True,None,True,True,High,2,False,False,5.3
CLOUD-004067,AST-06771,AWS,Database,True,None,True,True,Medium,4,False,False,5.0
CLOUD-004068,AST-06772,Azure,Compute,False,None,True,True,Low,3,False,False,0.7
CLOUD-004069,AST-06773,Azure,ML,False,Exposed API Key,True,True,Low,2,False,True,2.9
CLOUD-004070,AST-06774,GCP,Serverless,False,None,True,True,Medium,2,False,False,1.1
CLOUD-004071,AST-06775,Azure,Identity,False,None,True,True,Medium,2,False,False,1.2
CLOUD-004072,AST-06776,AWS,Compute,False,No MFA on Root Account,False,False,Low,0,False,True,4.5
CLOUD-004073,AST-06777,GCP,Container,False,Open Security Group,True,True,Low,1,False,True,2.1
CLOUD-004074,AST-06780,AWS,Storage,False,Cross-Account Access,True,True,Medium,0,False,True,2.8
CLOUD-004075,AST-06785,GCP,Networking,False,None,True,True,High,1,False,False,2.4
CLOUD-004076,AST-06786,AWS,Storage,False,No Network ACL,False,False,Medium,3,False,True,6.5
CLOUD-004077,AST-06787,Azure,Storage,False,None,True,True,Low,3,False,False,1.1
CLOUD-004078,AST-06788,Azure,Networking,False,Overly Permissive IAM Policy,True,False,Medium,0,False,True,3.5
CLOUD-004079,AST-06791,GCP,Serverless,False,None,True,True,Low,3,False,False,0.6
CLOUD-004080,AST-06793,Azure,Storage,True,None,True,True,Low,3,False,False,3.3
CLOUD-004081,AST-06794,AWS,Serverless,False,None,True,False,Low,2,False,True,1.8
CLOUD-004082,AST-06795,AWS,Database,True,None,True,False,Low,6,False,True,5.2
CLOUD-004083,AST-06796,GCP,Analytics,False,No Network ACL,True,True,High,1,False,True,3.7
CLOUD-004084,AST-06797,AWS,Serverless,False,Unrotated Access Keys,False,True,Low,0,False,True,3.7
CLOUD-004085,AST-06799,AWS,Networking,False,None,True,True,Medium,0,False,False,1.2
CLOUD-004086,AST-06800,AWS,Networking,False,None,True,False,Low,0,False,True,1.2
CLOUD-004087,AST-06801,Azure,Serverless,False,None,False,True,Medium,3,False,True,3.5
CLOUD-004088,AST-06805,GCP,Compute,False,None,True,True,Medium,2,False,False,1.9
CLOUD-004089,AST-06806,AWS,Container,False,Unrotated Access Keys,True,True,Low,1,False,True,1.8
CLOUD-004090,AST-06807,Azure,Storage,False,None,True,True,High,1,True,False,3.9
CLOUD-004091,AST-06808,GCP,DevOps,False,Default VPC,True,False,Low,3,False,True,3.9
CLOUD-004092,AST-06810,AWS,Serverless,False,None,True,False,High,0,False,True,2.5
CLOUD-004093,AST-06812,AWS,Networking,False,None,True,False,High,0,False,True,2.7
CLOUD-004094,AST-06815,GCP,DevOps,False,None,True,True,Low,2,True,False,1.9
CLOUD-004095,AST-06818,GCP,Analytics,False,None,True,True,Medium,3,False,False,1.2
CLOUD-004096,AST-06821,Azure,Serverless,False,None,True,False,Medium,2,False,True,2.8
CLOUD-004097,AST-06822,AWS,Database,False,None,False,True,Medium,0,True,True,3.6
CLOUD-004098,AST-06823,Azure,DevOps,True,Public RDS Instance,True,False,Medium,8,False,True,8.7
CLOUD-004099,AST-06825,Azure,Analytics,False,Default VPC,False,False,Low,1,False,True,4.7
CLOUD-004100,AST-06827,Azure,Analytics,False,None,True,False,High,2,False,True,3.4
CLOUD-004101,AST-06828,GCP,Serverless,False,None,True,True,Low,0,False,False,0
CLOUD-004102,AST-06829,GCP,Database,False,None,True,False,Low,0,True,True,2.6
CLOUD-004103,AST-06830,GCP,Analytics,False,None,True,True,Medium,3,False,False,2.1
CLOUD-004104,AST-06832,AWS,Serverless,False,Open Security Group,True,True,High,2,False,True,4.0
CLOUD-004105,AST-06834,Azure,DevOps,False,None,False,True,Medium,2,False,True,2.4
CLOUD-004106,AST-06835,GCP,Compute,False,No Versioning on Bucket,False,False,High,3,False,True,7.0
CLOUD-004107,AST-06837,AWS,Analytics,False,None,True,True,Low,3,False,False,0.2
CLOUD-004108,AST-06840,Azure,Analytics,False,None,True,False,Medium,0,True,True,3.7
CLOUD-004109,AST-06841,GCP,Database,False,Unrotated Access Keys,True,True,Low,0,False,True,2.5
CLOUD-004110,AST-06849,GCP,Identity,True,None,True,False,Medium,1,False,True,5.5
CLOUD-004111,AST-06850,GCP,Compute,False,Default VPC,True,True,Medium,2,False,True,3.0
CLOUD-004112,AST-06851,AWS,DevOps,False,Public RDS Instance,True,True,High,1,False,True,4.0
CLOUD-004113,AST-06853,Azure,Serverless,True,None,True,True,High,3,False,False,5.3
CLOUD-004114,AST-06854,AWS,Serverless,False,None,False,True,High,3,False,True,4.5
CLOUD-004115,AST-06856,Azure,Compute,False,None,False,True,Medium,0,False,True,2.3
CLOUD-004116,AST-06863,Azure,ML,False,No MFA on Root Account,True,True,Low,2,False,True,2.1
CLOUD-004117,AST-06869,AWS,ML,False,Unencrypted Volume,False,True,High,2,False,True,5.8
CLOUD-004118,AST-06870,AWS,Storage,False,None,True,True,Low,3,False,False,0.7
CLOUD-004119,AST-06871,AWS,Container,False,Public S3 Bucket,True,True,Low,1,True,True,3.5
CLOUD-004120,AST-06872,Azure,ML,False,Cross-Account Access,True,False,High,2,False,True,5.3
CLOUD-004121,AST-06874,AWS,Compute,True,Unencrypted Volume,False,True,High,4,False,True,9.2
CLOUD-004122,AST-06876,Azure,Identity,False,None,True,True,Low,0,False,False,0.2
CLOUD-004123,AST-06877,Azure,Database,True,Unencrypted Volume,True,True,Low,4,False,True,5.9
CLOUD-004124,AST-06878,AWS,Analytics,False,Missing WAF,True,True,Low,1,False,True,2.7
CLOUD-004125,AST-06879,Azure,Serverless,False,Overly Permissive IAM Policy,False,False,Low,1,False,True,5.0
CLOUD-004126,AST-06880,AWS,Storage,False,None,True,True,High,2,False,False,2.7
CLOUD-004127,AST-06882,Azure,Database,False,None,False,False,High,3,False,True,5.4
CLOUD-004128,AST-06884,GCP,Container,False,None,True,True,Low,2,False,False,0.2
CLOUD-004129,AST-06885,Azure,Networking,False,Open Security Group,False,True,High,0,False,True,5.0
CLOUD-004130,AST-06886,GCP,DevOps,False,Unencrypted Volume,True,True,Low,1,False,True,2.6
CLOUD-004131,AST-06888,Azure,ML,False,None,True,True,Low,3,False,False,0.2
CLOUD-004132,AST-06889,GCP,Database,False,Exposed API Key,True,True,Medium,3,False,True,3.1
CLOUD-004133,AST-06891,GCP,Analytics,False,None,True,True,Low,0,False,False,0
CLOUD-004134,AST-06892,AWS,Storage,True,Public RDS Instance,True,True,High,5,False,True,8.4
CLOUD-004135,AST-06893,AWS,DevOps,False,None,True,True,High,2,False,False,2.7
CLOUD-004136,AST-06894,AWS,Analytics,False,None,True,True,Medium,1,False,False,1.7
CLOUD-004137,AST-06895,GCP,Serverless,True,None,True,False,Low,3,False,True,4.8
CLOUD-004138,AST-06897,GCP,Storage,False,None,True,True,High,0,False,False,2.1
CLOUD-004139,AST-06898,GCP,Identity,False,None,True,False,High,1,False,True,3.6
CLOUD-004140,AST-06899,AWS,Container,False,None,True,True,Low,2,True,False,2.2
CLOUD-004141,AST-06901,Azure,Storage,False,No Network ACL,False,True,Medium,2,False,True,4.5
CLOUD-004142,AST-06902,Azure,DevOps,False,Cross-Account Access,True,True,Low,1,False,True,2.4
CLOUD-004143,AST-06903,Azure,Analytics,False,None,True,True,Low,2,False,False,0.2
CLOUD-004144,AST-06905,AWS,Container,False,None,True,True,Medium,3,True,False,3.3
CLOUD-004145,AST-06906,GCP,Analytics,False,No Network ACL,True,True,Medium,3,False,True,3.1
CLOUD-004146,AST-06907,AWS,Networking,False,None,True,True,Medium,3,False,False,1.5
CLOUD-004147,AST-06908,Azure,DevOps,False,None,False,False,Low,1,False,True,2.6
CLOUD-004148,AST-06910,Azure,Identity,False,None,False,True,Medium,1,False,True,2.6
CLOUD-004149,AST-06911,AWS,Analytics,False,None,True,True,High,1,False,False,1.9
CLOUD-004150,AST-06913,GCP,Serverless,False,None,True,True,Medium,0,False,False,1.4
CLOUD-004151,AST-06915,AWS,Networking,True,Unrotated Access Keys,False,True,Medium,7,False,True,9.2
CLOUD-004152,AST-06916,AWS,Analytics,False,None,True,True,High,0,False,False,1.7
CLOUD-004153,AST-06918,AWS,Container,False,None,True,True,Medium,2,False,False,1.8
CLOUD-004154,AST-06920,AWS,Networking,True,None,True,True,Medium,8,False,False,6.0
CLOUD-004155,AST-06921,Azure,Networking,True,None,True,True,High,2,False,False,5.3
CLOUD-004156,AST-06922,Azure,Container,False,None,True,True,Medium,0,False,False,0.9
CLOUD-004157,AST-06923,Azure,Identity,False,None,True,True,High,1,False,False,2.6
CLOUD-004158,AST-06926,Azure,ML,False,None,True,True,High,3,False,False,2.2
CLOUD-004159,AST-06929,GCP,Serverless,True,Overly Permissive IAM Policy,False,False,High,0,False,True,9.3
CLOUD-004160,AST-06932,AWS,Networking,False,None,True,True,Low,0,False,False,0
CLOUD-004161,AST-06934,AWS,DevOps,False,None,True,True,Medium,2,True,False,3.0
CLOUD-004162,AST-06935,AWS,ML,False,None,False,False,High,1,False,True,4.4
CLOUD-004163,AST-06936,GCP,Storage,True,Public S3 Bucket,True,False,High,7,True,True,10
CLOUD-004164,AST-06939,Azure,Analytics,False,No MFA on Root Account,True,True,Low,2,False,True,2.0
CLOUD-004165,AST-06941,GCP,Container,False,None,False,True,Low,0,False,True,1.1
CLOUD-004166,AST-06942,Azure,Analytics,False,None,True,True,High,0,False,False,2.3
CLOUD-004167,AST-06943,Azure,Database,True,None,True,False,Medium,9,False,True,6.6
CLOUD-004168,AST-06944,AWS,ML,True,None,True,True,Medium,1,False,False,4.5
CLOUD-004169,AST-06945,AWS,Networking,False,Public RDS Instance,True,True,High,3,False,True,5.1
CLOUD-004170,AST-06946,Azure,DevOps,False,None,True,True,Low,0,True,False,2.0
CLOUD-004171,AST-06948,AWS,Analytics,False,None,False,False,High,1,False,True,4.4
CLOUD-004172,AST-06949,AWS,ML,False,None,True,True,Medium,0,False,False,0.9
CLOUD-004173,AST-06950,Azure,Analytics,True,Public S3 Bucket,True,True,High,5,False,True,8.1
CLOUD-004174,AST-06951,GCP,Identity,False,No Network ACL,True,True,Low,3,False,True,2.4
CLOUD-004175,AST-06953,AWS,Analytics,False,Logging Disabled,True,False,Low,1,False,True,3.5
CLOUD-004176,AST-06955,GCP,Container,False,None,True,False,High,0,False,True,3.4
CLOUD-004177,AST-06960,GCP,Analytics,False,None,True,True,High,2,False,False,2.0
CLOUD-004178,AST-06962,Azure,Storage,False,Unrotated Access Keys,True,True,Low,3,True,True,3.6
CLOUD-004179,AST-06965,GCP,Serverless,True,Open Security Group,False,True,Medium,5,False,True,8.4
CLOUD-004180,AST-06966,Azure,Storage,False,None,True,True,High,2,False,False,2.9
CLOUD-004181,AST-06968,AWS,Serverless,False,Missing WAF,False,True,High,2,False,True,5.8
CLOUD-004182,AST-06969,GCP,Container,False,None,True,True,Medium,1,False,False,0.9
CLOUD-004183,AST-06974,GCP,Storage,True,Unencrypted Volume,True,True,High,6,False,True,8.3
CLOUD-004184,AST-06976,Azure,Identity,False,None,True,True,Medium,1,False,False,1.2
CLOUD-004185,AST-06977,Azure,Analytics,False,None,True,True,High,0,False,False,2.3
CLOUD-004186,AST-06980,Azure,Identity,True,None,True,True,Medium,2,False,False,4.2
CLOUD-004187,AST-06981,GCP,Storage,True,None,False,False,Low,10,False,True,7.3
CLOUD-004188,AST-06983,GCP,Analytics,False,None,True,True,Medium,1,False,False,1.1
CLOUD-004189,AST-06985,AWS,DevOps,True,Default VPC,True,True,Low,5,False,True,5.6
CLOUD-004190,AST-06986,Azure,Networking,False,None,False,True,Low,0,False,True,1.3
CLOUD-004191,AST-06987,GCP,DevOps,False,None,True,False,Medium,2,False,True,2.1
CLOUD-004192,AST-06989,GCP,Networking,False,None,False,True,Low,0,False,True,2.0
CLOUD-004193,AST-06991,GCP,Compute,False,None,True,True,High,3,False,False,2.3
CLOUD-004194,AST-06992,GCP,Networking,False,None,True,True,Low,2,False,False,0.2
CLOUD-004195,AST-06994,GCP,Container,False,None,True,False,Low,2,False,True,1.2
CLOUD-004196,AST-06996,Azure,Storage,False,None,True,True,Medium,1,False,False,1.1
CLOUD-004197,AST-06998,GCP,Database,False,None,False,True,Low,2,True,True,3.6
CLOUD-004198,AST-07000,Azure,Networking,False,None,True,True,Low,1,False,False,0.3
CLOUD-004199,AST-07004,Azure,Container,False,Unrotated Access Keys,True,False,Medium,1,False,True,4.0
CLOUD-004200,AST-07005,Azure,Container,True,None,True,True,Medium,6,False,False,5.0
CLOUD-004201,AST-07006,AWS,Storage,False,None,True,True,Low,3,False,False,0.9
CLOUD-004202,AST-07007,GCP,DevOps,True,None,True,True,High,2,False,False,5.0
CLOUD-004203,AST-07008,AWS,Analytics,False,None,True,True,Low,0,False,False,0.2
CLOUD-004204,AST-07009,AWS,Serverless,False,None,True,True,High,0,False,False,1.7
CLOUD-004205,AST-07011,GCP,Compute,False,None,False,True,Medium,1,False,True,2.3
CLOUD-004206,AST-07012,GCP,Storage,False,None,True,True,High,1,True,False,4.1
CLOUD-004207,AST-07013,AWS,Networking,True,Public RDS Instance,True,False,Medium,10,False,True,9.2
CLOUD-004208,AST-07019,AWS,Container,False,Unencrypted Volume,False,False,Medium,1,False,True,5.6
CLOUD-004209,AST-07020,Azure,Database,False,Exposed API Key,True,True,Medium,1,False,True,3.2
CLOUD-004210,AST-07022,AWS,Compute,False,None,True,False,Low,3,False,True,1.4
CLOUD-004211,AST-07025,AWS,Compute,False,None,False,True,Low,2,False,True,1.6
CLOUD-004212,AST-07026,Azure,Container,False,None,True,True,Medium,1,False,False,0.9
CLOUD-004213,AST-07028,Azure,Identity,False,None,True,True,High,1,False,False,2.6
CLOUD-004214,AST-07029,AWS,Identity,False,Overly Permissive IAM Policy,True,True,High,3,False,True,4.8
CLOUD-004215,AST-07031,GCP,Container,False,Exposed API Key,False,True,Medium,1,False,True,4.5
CLOUD-004216,AST-07033,AWS,Container,False,None,True,False,Low,3,False,True,1.3
CLOUD-004217,AST-07034,Azure,Database,True,None,False,True,Low,7,False,True,6.0
CLOUD-004218,AST-07035,Azure,Compute,False,None,True,True,Medium,3,False,False,1.8
CLOUD-004219,AST-07037,GCP,Analytics,True,Missing WAF,False,True,Low,2,False,True,6.6
CLOUD-004220,AST-07039,GCP,Analytics,False,No MFA on Root Account,True,False,Medium,0,False,True,4.3
CLOUD-004221,AST-07040,GCP,ML,False,Public S3 Bucket,True,True,Low,3,False,True,2.2
CLOUD-004222,AST-07042,GCP,Compute,False,None,True,True,Medium,0,False,False,0.8
CLOUD-004223,AST-07043,AWS,Storage,False,None,False,True,Medium,1,False,True,3.1
CLOUD-004224,AST-07044,GCP,Identity,False,None,True,True,Medium,3,False,False,1.8
CLOUD-004225,AST-07045,GCP,Database,False,Unencrypted Volume,True,True,Low,3,True,True,3.9
CLOUD-004226,AST-07046,AWS,Analytics,False,None,True,True,Low,0,False,False,0.5
CLOUD-004227,AST-07047,Azure,Container,False,None,True,True,High,2,False,False,2.1
CLOUD-004228,AST-07053,Azure,Database,False,None,True,True,Low,1,True,False,1.7
CLOUD-004229,AST-07055,AWS,Identity,False,No Versioning on Bucket,True,False,Low,2,False,True,3.6
CLOUD-004230,AST-07058,AWS,Compute,False,None,True,True,High,3,False,False,2.4
CLOUD-004231,AST-07060,Azure,Compute,False,None,True,True,High,0,False,False,2.3
CLOUD-004232,AST-07063,AWS,DevOps,False,Open Security Group,True,False,Medium,2,False,True,4.6
CLOUD-004233,AST-07066,Azure,Compute,False,None,True,True,High,2,False,False,2.0
CLOUD-004234,AST-07068,Azure,Compute,False,None,False,True,High,3,False,True,4.3
CLOUD-004235,AST-07069,Azure,Compute,False,None,True,True,High,2,False,False,2.4
CLOUD-004236,AST-07072,AWS,Database,False,None,True,False,Medium,1,False,True,2.1
CLOUD-004237,AST-07076,AWS,Serverless,False,None,False,False,High,1,True,True,6.5
CLOUD-004238,AST-07077,Azure,Storage,False,Missing WAF,False,True,Low,3,False,True,4.0
CLOUD-004239,AST-07078,Azure,DevOps,False,None,True,False,High,3,False,True,3.7
CLOUD-004240,AST-07079,AWS,DevOps,False,Unencrypted Volume,True,True,High,2,False,True,4.9
CLOUD-004241,AST-07080,GCP,Compute,False,None,True,True,Medium,1,False,False,1.1
CLOUD-004242,AST-07081,AWS,Identity,False,No Versioning on Bucket,True,False,Low,0,False,True,2.7
CLOUD-004243,AST-07082,GCP,Storage,False,Unrotated Access Keys,True,True,Low,2,False,True,2.3
CLOUD-004244,AST-07083,AWS,Networking,False,None,True,True,Low,2,False,False,0.2
CLOUD-004245,AST-07084,Azure,Storage,False,None,True,False,Low,3,False,True,1.2
CLOUD-004246,AST-07086,AWS,Networking,False,None,False,True,Low,2,False,True,2.2
CLOUD-004247,AST-07088,AWS,Compute,False,Cross-Account Access,True,True,Low,0,False,True,2.4
CLOUD-004248,AST-07092,GCP,DevOps,True,None,False,True,Medium,8,False,True,7.0
CLOUD-004249,AST-07094,AWS,Analytics,False,Logging Disabled,True,False,Medium,3,False,True,4.7
CLOUD-004250,AST-07096,GCP,Compute,False,Exposed API Key,False,True,High,2,False,True,6.0
CLOUD-004251,AST-07102,GCP,Serverless,True,Unrotated Access Keys,True,True,High,6,False,True,8.0
CLOUD-004252,AST-07104,GCP,Networking,False,None,True,True,Low,2,False,False,0.5
CLOUD-004253,AST-07105,GCP,Storage,False,None,True,True,High,0,False,False,2.2
CLOUD-004254,AST-07107,Azure,Storage,True,None,True,False,Low,7,False,True,4.9
CLOUD-004255,AST-07108,AWS,Storage,True,None,False,True,High,5,False,True,7.6
CLOUD-004256,AST-07109,GCP,Container,False,Overly Permissive IAM Policy,True,True,Low,0,False,True,2.1
CLOUD-004257,AST-07110,Azure,Compute,False,None,True,False,Low,0,False,True,1.5
CLOUD-004258,AST-07111,Azure,Database,False,None,True,False,High,3,False,True,3.6
CLOUD-004259,AST-07114,GCP,Storage,True,No MFA on Root Account,True,True,High,1,False,True,7.5
CLOUD-004260,AST-07115,AWS,Compute,False,None,True,True,High,0,False,False,2.1
CLOUD-004261,AST-07117,Azure,Storage,True,Open Security Group,True,True,Medium,4,False,True,7.2
CLOUD-004262,AST-07118,GCP,Storage,False,No Network ACL,True,True,Low,3,False,True,2.2
CLOUD-004263,AST-07120,GCP,Container,False,None,True,True,High,1,False,False,2.2
CLOUD-004264,AST-07121,Azure,Networking,False,None,True,True,Low,1,False,False,0
CLOUD-004265,AST-07122,GCP,Networking,False,None,True,False,Medium,2,False,True,2.1
CLOUD-004266,AST-07124,AWS,Storage,False,None,True,True,Medium,0,False,False,0.9
CLOUD-004267,AST-07125,GCP,DevOps,False,None,True,True,Low,3,False,False,0.6
CLOUD-004268,AST-07126,Azure,ML,False,None,True,False,Low,2,False,True,1.2
CLOUD-004269,AST-07128,AWS,Networking,False,None,True,True,Low,2,True,False,2.0
CLOUD-004270,AST-07129,Azure,DevOps,False,No Network ACL,False,True,Medium,3,False,True,5.6
CLOUD-004271,AST-07131,Azure,Storage,False,None,True,True,Medium,2,False,False,1.4
CLOUD-004272,AST-07134,AWS,Networking,False,Cross-Account Access,False,True,Medium,2,False,True,4.5
CLOUD-004273,AST-07135,GCP,Serverless,False,None,True,False,High,2,False,True,3.4
CLOUD-004274,AST-07137,Azure,Database,True,None,True,True,Medium,2,False,False,4.1
CLOUD-004275,AST-07138,GCP,Networking,False,Unrotated Access Keys,True,True,Low,1,False,True,2.2
CLOUD-004276,AST-07141,AWS,Analytics,False,None,False,False,Low,0,False,True,2.8
CLOUD-004277,AST-07142,AWS,Serverless,False,None,False,True,High,3,False,True,4.2
CLOUD-004278,AST-07143,AWS,ML,False,None,True,True,Low,2,True,False,2.3
CLOUD-004279,AST-07144,Azure,Storage,False,None,True,True,Medium,2,False,False,1.8
CLOUD-004280,AST-07146,Azure,ML,False,None,True,True,Low,1,False,False,0.4
CLOUD-004281,AST-07147,Azure,Analytics,True,None,True,True,Low,10,False,False,4.7
CLOUD-004282,AST-07148,AWS,DevOps,False,Default VPC,True,False,Medium,3,False,True,4.9
CLOUD-004283,AST-07149,AWS,Networking,False,None,True,False,High,0,False,True,2.9
CLOUD-004284,AST-07150,Azure,Analytics,False,None,True,True,High,1,False,False,2.1
CLOUD-004285,AST-07152,Azure,Analytics,False,Public RDS Instance,True,True,High,0,False,True,3.8
CLOUD-004286,AST-07154,AWS,Database,False,None,True,True,Medium,0,False,False,0.7
CLOUD-004287,AST-07155,AWS,Container,False,Open Security Group,False,True,High,1,False,True,5.3
CLOUD-004288,AST-07157,AWS,DevOps,False,No Network ACL,True,True,Low,0,False,True,1.6
CLOUD-004289,AST-07158,Azure,Database,False,Cross-Account Access,True,True,Low,3,False,True,2.1
CLOUD-004290,AST-07159,GCP,Identity,False,None,True,False,High,0,False,True,2.8
CLOUD-004291,AST-07160,Azure,ML,False,None,True,True,Medium,0,True,False,2.9
CLOUD-004292,AST-07161,AWS,DevOps,False,None,True,True,High,3,False,False,2.4
CLOUD-004293,AST-07163,Azure,Networking,False,Open Security Group,True,True,Medium,0,True,True,4.6
CLOUD-004294,AST-07164,Azure,Compute,False,None,False,False,Low,0,True,True,4.0
CLOUD-004295,AST-07166,GCP,Container,False,None,True,True,Low,3,False,False,0.4
CLOUD-004296,AST-07167,Azure,Storage,False,None,False,True,Medium,1,False,True,3.0
CLOUD-004297,AST-07170,GCP,Compute,False,None,True,True,High,3,False,False,3.1
CLOUD-004298,AST-07171,AWS,Networking,False,None,True,False,High,3,False,True,3.6
CLOUD-004299,AST-07173,Azure,Serverless,True,None,True,False,Medium,9,False,True,6.4
CLOUD-004300,AST-07174,Azure,Serverless,False,None,False,True,High,3,False,True,4.3
CLOUD-004301,AST-07176,Azure,Database,False,No Network ACL,True,True,High,1,False,True,3.9
CLOUD-004302,AST-07177,AWS,Container,True,Default VPC,False,True,Medium,10,False,True,9.6
CLOUD-004303,AST-07178,AWS,Storage,False,None,True,True,Low,2,False,False,0.7
CLOUD-004304,AST-07179,AWS,Container,False,Public S3 Bucket,False,True,High,2,False,True,5.6
CLOUD-004305,AST-07183,AWS,DevOps,False,Cross-Account Access,True,True,Low,3,False,True,2.4
CLOUD-004306,AST-07184,GCP,DevOps,False,Unencrypted Volume,True,True,Low,0,False,True,1.6
CLOUD-004307,AST-07186,GCP,DevOps,False,No Versioning on Bucket,False,False,Low,3,False,True,5.0
CLOUD-004308,AST-07189,GCP,Analytics,False,None,True,True,Low,1,False,False,0
CLOUD-004309,AST-07191,AWS,ML,False,None,False,False,Medium,0,False,True,3.3
CLOUD-004310,AST-07192,Azure,Compute,False,Logging Disabled,True,True,Medium,1,False,True,2.8
CLOUD-004311,AST-07194,AWS,Storage,False,None,False,True,High,2,False,True,3.6
CLOUD-004312,AST-07196,Azure,Analytics,True,None,True,True,Medium,0,False,False,3.7
CLOUD-004313,AST-07197,Azure,Storage,False,None,True,False,High,3,False,True,4.0
CLOUD-004314,AST-07199,AWS,Storage,False,None,True,True,Medium,1,False,False,1.1
CLOUD-004315,AST-07200,Azure,Networking,False,No Versioning on Bucket,True,True,Low,3,False,True,2.4
CLOUD-004316,AST-07201,AWS,Serverless,False,None,True,True,High,2,False,False,2.1
CLOUD-004317,AST-07203,GCP,Serverless,False,Logging Disabled,False,True,Low,2,False,True,3.5
CLOUD-004318,AST-07205,AWS,Serverless,False,None,True,True,High,3,False,False,3.0
CLOUD-004319,AST-07206,AWS,ML,False,None,False,True,Low,1,False,True,1.8
CLOUD-004320,AST-07208,GCP,Identity,False,None,True,False,High,0,False,True,3.2
CLOUD-004321,AST-07209,Azure,Compute,False,None,True,True,Medium,3,False,False,1.6
CLOUD-004322,AST-07210,Azure,Database,True,None,True,True,Medium,7,False,False,5.0
CLOUD-004323,AST-07211,AWS,DevOps,False,None,True,True,High,2,False,False,2.7
CLOUD-004324,AST-07212,GCP,Storage,True,None,True,True,Low,8,False,False,4.2
CLOUD-004325,AST-07215,Azure,Compute,False,None,False,False,High,3,False,True,5.2
CLOUD-004326,AST-07216,AWS,Identity,False,None,True,True,Low,2,False,False,0.2
CLOUD-004327,AST-07217,GCP,Compute,False,None,False,True,Low,2,False,True,1.9
CLOUD-004328,AST-07218,AWS,Serverless,True,Cross-Account Access,True,True,Medium,0,False,True,5.9
CLOUD-004329,AST-07221,Azure,Networking,False,None,True,True,High,1,False,False,2.1
CLOUD-004330,AST-07222,Azure,Container,False,None,False,True,Medium,1,True,True,4.4
CLOUD-004331,AST-07223,GCP,Serverless,False,None,True,True,High,2,False,False,2.2
CLOUD-004332,AST-07224,GCP,Analytics,False,None,True,False,Low,2,False,True,1.6
CLOUD-004333,AST-07225,GCP,Networking,False,None,True,True,High,3,False,False,2.6
CLOUD-004334,AST-07226,Azure,Networking,True,None,True,True,Low,1,False,False,2.8
CLOUD-004335,AST-07228,AWS,Container,False,None,True,True,Low,1,False,False,0.2
CLOUD-004336,AST-07230,AWS,Database,False,Default VPC,False,False,Low,1,False,True,4.4
CLOUD-004337,AST-07231,AWS,Identity,False,Public RDS Instance,True,False,Low,2,False,True,3.8
CLOUD-004338,AST-07233,AWS,Networking,False,None,False,True,Medium,1,False,True,3.0
CLOUD-004339,AST-07236,AWS,Identity,False,None,False,True,Low,2,False,True,2.2
CLOUD-004340,AST-07237,GCP,Serverless,False,Public RDS Instance,True,False,Medium,0,False,True,3.7
CLOUD-004341,AST-07238,Azure,Database,False,None,True,False,Low,0,False,True,0.8
CLOUD-004342,AST-07239,Azure,DevOps,False,None,True,True,Low,3,False,False,1.0
CLOUD-004343,AST-07241,Azure,DevOps,False,Unrotated Access Keys,False,True,Low,1,False,True,3.2
CLOUD-004344,AST-07242,Azure,Container,False,No Versioning on Bucket,True,True,High,3,True,True,5.6
CLOUD-004345,AST-07244,Azure,Compute,False,No Versioning on Bucket,True,True,Medium,0,False,True,2.8
CLOUD-004346,AST-07245,AWS,Compute,False,Logging Disabled,False,False,Low,3,False,True,4.7
CLOUD-004347,AST-07246,AWS,Identity,False,None,True,True,Low,0,False,False,0
CLOUD-004348,AST-07249,Azure,Networking,False,Overly Permissive IAM Policy,True,True,Low,2,False,True,2.5
CLOUD-004349,AST-07250,AWS,ML,False,None,True,True,Low,0,True,False,1.1
CLOUD-004350,AST-07255,Azure,Compute,False,None,False,True,High,3,False,True,4.2
CLOUD-004351,AST-07256,AWS,Container,False,None,True,False,High,1,False,True,2.8
CLOUD-004352,AST-07257,AWS,Serverless,False,None,True,True,Medium,1,False,False,1.1
CLOUD-004353,AST-07259,GCP,Database,False,None,True,False,High,0,False,True,3.1
CLOUD-004354,AST-07260,GCP,ML,False,Open Security Group,True,True,Low,3,False,True,2.7
CLOUD-004355,AST-07261,AWS,Database,True,Public S3 Bucket,False,True,Medium,9,False,True,9.1
CLOUD-004356,AST-07263,AWS,Identity,False,Unencrypted Volume,True,False,High,1,False,True,5.2
CLOUD-004357,AST-07264,GCP,Database,False,Logging Disabled,True,True,Medium,1,False,True,3.5
CLOUD-004358,AST-07265,AWS,Compute,False,None,True,False,Medium,0,False,True,1.7
CLOUD-004359,AST-07267,GCP,Identity,False,None,True,True,High,2,False,False,2.4
CLOUD-004360,AST-07268,GCP,Storage,False,Unencrypted Volume,True,True,High,3,False,True,4.7
CLOUD-004361,AST-07269,AWS,DevOps,False,None,False,True,Low,0,False,True,1.3
CLOUD-004362,AST-07270,Azure,Container,False,No Network ACL,True,True,High,3,False,True,4.1
CLOUD-004363,AST-07271,GCP,DevOps,False,None,True,True,High,3,False,False,2.8
CLOUD-004364,AST-07272,AWS,Container,True,Logging Disabled,True,True,Low,5,False,True,6.4
CLOUD-004365,AST-07273,Azure,Analytics,False,No MFA on Root Account,True,True,Low,3,False,True,2.2
CLOUD-004366,AST-07274,AWS,ML,False,None,True,True,Medium,3,False,False,2.0
CLOUD-004367,AST-07276,GCP,Container,True,None,True,True,Medium,3,False,False,4.2
CLOUD-004368,AST-07277,GCP,Identity,False,Open Security Group,False,False,High,2,False,True,6.4
CLOUD-004369,AST-07278,GCP,Compute,False,Missing WAF,True,False,High,2,False,True,5.1
CLOUD-004370,AST-07279,Azure,Serverless,False,None,True,True,High,2,False,False,2.6
CLOUD-004371,AST-07282,Azure,Compute,False,Logging Disabled,True,True,Medium,0,False,True,2.6
CLOUD-004372,AST-07284,Azure,Networking,False,None,True,True,Medium,2,False,False,1.1
CLOUD-004373,AST-07285,Azure,Serverless,False,Exposed API Key,True,True,High,1,False,True,4.4
CLOUD-004374,AST-07286,GCP,DevOps,False,None,True,False,High,0,False,True,2.9
CLOUD-004375,AST-07287,GCP,ML,False,None,True,True,Medium,1,False,False,0.9
CLOUD-004376,AST-07288,AWS,Networking,False,Unencrypted Volume,True,False,Medium,3,False,True,5.0
CLOUD-004377,AST-07289,Azure,Container,False,None,True,True,Medium,2,False,False,1.7
CLOUD-004378,AST-07290,AWS,Serverless,False,None,True,True,Low,1,False,False,0
CLOUD-004379,AST-07291,Azure,Database,False,None,True,True,Medium,0,False,False,1.2
CLOUD-004380,AST-07292,AWS,Analytics,False,None,True,False,High,1,False,True,2.7
CLOUD-004381,AST-07294,Azure,Analytics,True,None,True,True,Low,5,False,False,3.6
CLOUD-004382,AST-07295,AWS,DevOps,False,None,True,True,High,2,False,False,2.5
CLOUD-004383,AST-07296,Azure,Serverless,False,None,False,True,Low,2,False,True,1.4
CLOUD-004384,AST-07299,GCP,ML,False,None,True,False,Low,1,False,True,1.5
CLOUD-004385,AST-07302,GCP,Compute,True,None,True,True,Medium,0,False,False,3.7
CLOUD-004386,AST-07303,GCP,Container,False,Overly Permissive IAM Policy,True,True,High,2,False,True,4.8
CLOUD-004387,AST-07304,AWS,Container,False,None,False,True,High,3,False,True,3.9
CLOUD-004388,AST-07305,AWS,Serverless,True,None,False,True,High,10,False,True,8.4
CLOUD-004389,AST-07306,Azure,ML,False,No Versioning on Bucket,True,True,Medium,0,False,True,3.5
CLOUD-004390,AST-07308,AWS,DevOps,False,None,True,True,High,3,False,False,3.0
CLOUD-004391,AST-07311,GCP,Database,False,No Network ACL,True,True,High,2,False,True,4.7
CLOUD-004392,AST-07314,GCP,Analytics,True,None,True,True,High,4,True,False,7.0
CLOUD-004393,AST-07315,GCP,Networking,False,Cross-Account Access,True,True,Medium,1,False,True,3.0
CLOUD-004394,AST-07318,AWS,Analytics,False,Logging Disabled,True,True,Low,0,False,True,2.2
CLOUD-004395,AST-07319,GCP,Analytics,False,None,True,False,High,1,False,True,2.8
CLOUD-004396,AST-07320,AWS,Serverless,False,None,True,True,High,3,False,False,2.8
CLOUD-004397,AST-07321,GCP,Database,True,None,False,False,High,10,False,True,9.4
CLOUD-004398,AST-07322,GCP,Storage,False,Logging Disabled,True,True,High,0,False,True,4.3
CLOUD-004399,AST-07324,AWS,DevOps,True,None,True,False,Low,8,False,True,5.7
CLOUD-004400,AST-07326,Azure,Analytics,False,None,True,True,Medium,2,False,False,1.2
CLOUD-004401,AST-07327,GCP,ML,False,None,True,False,Medium,0,False,True,2.2
CLOUD-004402,AST-07329,GCP,Compute,True,None,True,True,Medium,5,False,False,4.7
CLOUD-004403,AST-07331,Azure,Networking,False,Public S3 Bucket,True,True,Medium,3,False,True,3.6
CLOUD-004404,AST-07333,AWS,Database,False,None,False,True,Medium,3,False,True,3.2
CLOUD-004405,AST-07334,GCP,DevOps,True,None,False,True,High,7,False,True,7.4
CLOUD-004406,AST-07336,GCP,Database,False,Open Security Group,True,True,High,2,False,True,3.9
CLOUD-004407,AST-07337,GCP,Networking,False,None,True,True,High,2,False,False,2.2
CLOUD-004408,AST-07340,GCP,Identity,False,None,False,True,Low,0,False,True,1.2
CLOUD-004409,AST-07341,GCP,Database,True,None,False,False,High,2,False,True,8.3
CLOUD-004410,AST-07343,Azure,DevOps,False,None,False,True,High,2,False,True,4.2
CLOUD-004411,AST-07345,AWS,Storage,False,None,True,True,Medium,1,False,False,1.6
CLOUD-004412,AST-07347,GCP,Identity,False,None,True,True,Medium,1,False,False,0.9
CLOUD-004413,AST-07348,AWS,DevOps,False,None,True,True,High,2,False,False,2.4
CLOUD-004414,AST-07353,GCP,Container,False,Public RDS Instance,True,True,High,2,False,True,4.4
CLOUD-004415,AST-07355,GCP,Analytics,False,Default VPC,True,False,Medium,1,False,True,4.0
CLOUD-004416,AST-07356,GCP,Database,False,None,False,True,Low,2,False,True,2.0
CLOUD-004417,AST-07357,Azure,Storage,False,Public RDS Instance,True,False,High,0,False,True,5.1
CLOUD-004418,AST-07359,AWS,Compute,False,Overly Permissive IAM Policy,False,False,Low,0,False,True,4.1
CLOUD-004419,AST-07360,Azure,Container,True,None,False,True,Low,4,True,True,6.5
CLOUD-004420,AST-07361,AWS,Networking,False,None,True,True,Medium,3,False,False,2.0
CLOUD-004421,AST-07363,Azure,Database,False,Unencrypted Volume,False,True,Low,2,False,True,3.9
CLOUD-004422,AST-07367,Azure,ML,False,None,False,True,High,1,False,True,3.5
CLOUD-004423,AST-07368,GCP,Database,False,Public S3 Bucket,True,True,Low,2,False,True,2.3
CLOUD-004424,AST-07369,GCP,Container,False,None,True,True,Medium,0,False,False,0.9
CLOUD-004425,AST-07370,GCP,Compute,False,Logging Disabled,True,True,High,2,True,True,6.4
CLOUD-004426,AST-07371,AWS,Container,False,None,True,True,Low,2,False,False,0.5
CLOUD-004427,AST-07373,GCP,ML,False,Public S3 Bucket,True,False,Medium,3,False,True,4.5
CLOUD-004428,AST-07374,AWS,Container,False,None,True,True,High,2,False,False,2.4
CLOUD-004429,AST-07375,GCP,Database,False,None,True,True,Low,2,False,False,0
CLOUD-004430,AST-07376,AWS,Identity,False,None,True,True,Medium,3,False,False,1.2
CLOUD-004431,AST-07378,AWS,Compute,False,None,True,True,Low,1,False,False,0.2
CLOUD-004432,AST-07382,GCP,Compute,False,Unrotated Access Keys,True,True,Low,0,False,True,2.5
CLOUD-004433,AST-07383,GCP,DevOps,False,None,False,False,Low,1,False,True,2.9
CLOUD-004434,AST-07384,AWS,Serverless,False,None,True,True,Medium,0,False,False,1.0
CLOUD-004435,AST-07385,GCP,Serverless,False,Exposed API Key,True,True,Low,0,False,True,2.1
CLOUD-004436,AST-07388,AWS,Storage,False,None,True,True,Low,0,False,False,0
CLOUD-004437,AST-07390,AWS,Compute,False,Missing WAF,True,True,Low,2,False,True,2.1
CLOUD-004438,AST-07391,Azure,Networking,False,None,True,True,Low,2,False,False,0.3
CLOUD-004439,AST-07392,GCP,ML,False,None,False,True,Medium,0,False,True,2.2
CLOUD-004440,AST-07393,GCP,DevOps,False,None,True,True,High,0,False,False,1.9
CLOUD-004441,AST-07394,GCP,Identity,False,None,True,True,Low,3,False,False,0.5
CLOUD-004442,AST-07395,GCP,Compute,True,No Network ACL,True,False,Low,4,False,True,6.3
CLOUD-004443,AST-07397,AWS,Storage,False,None,True,True,Medium,0,False,False,1.4
CLOUD-004444,AST-07399,AWS,DevOps,True,None,True,True,Low,3,False,False,3.8
CLOUD-004445,AST-07401,Azure,Container,False,Default VPC,True,True,Low,3,False,True,2.3
CLOUD-004446,AST-07402,AWS,Identity,False,Open Security Group,True,True,Medium,3,False,True,3.2
CLOUD-004447,AST-07403,Azure,Identity,False,None,True,True,Medium,1,False,False,1.2
CLOUD-004448,AST-07404,Azure,Networking,False,None,True,True,Low,3,False,False,0.1
CLOUD-004449,AST-07408,Azure,Identity,False,None,False,True,High,3,False,True,4.0
CLOUD-004450,AST-07410,Azure,Container,False,Public RDS Instance,True,False,Medium,2,False,True,4.7
CLOUD-004451,AST-07417,Azure,Serverless,False,Unrotated Access Keys,True,True,Low,0,True,True,3.8
CLOUD-004452,AST-07420,AWS,Analytics,False,None,True,True,High,2,False,False,1.9
CLOUD-004453,AST-07421,AWS,DevOps,False,None,True,True,High,3,False,False,2.9
CLOUD-004454,AST-07422,Azure,DevOps,False,Logging Disabled,False,True,High,3,False,True,5.9
CLOUD-004455,AST-07423,AWS,ML,False,None,True,False,High,1,False,True,3.3
CLOUD-004456,AST-07424,GCP,DevOps,False,None,False,True,Medium,3,False,True,3.0
CLOUD-004457,AST-07425,AWS,Analytics,False,Exposed API Key,False,True,Low,3,False,True,4.4
CLOUD-004458,AST-07426,Azure,DevOps,False,Public S3 Bucket,True,False,Medium,2,True,True,5.9
CLOUD-004459,AST-07430,Azure,Identity,True,Public RDS Instance,False,True,High,4,False,True,9.5
CLOUD-004460,AST-07432,Azure,Storage,True,None,True,True,Low,8,False,False,5.0
CLOUD-004461,AST-07434,AWS,Analytics,False,None,True,True,Medium,2,False,False,1.4
CLOUD-004462,AST-07438,Azure,ML,False,Missing WAF,True,True,Medium,3,False,True,3.3
CLOUD-004463,AST-07439,AWS,DevOps,False,None,True,True,High,0,False,False,2.2
CLOUD-004464,AST-07440,Azure,Database,False,None,False,True,High,0,False,True,3.7
CLOUD-004465,AST-07442,Azure,Networking,True,None,False,True,High,9,False,True,8.4
CLOUD-004466,AST-07443,Azure,Container,False,None,False,True,High,3,False,True,4.2
CLOUD-004467,AST-07444,AWS,Container,False,Logging Disabled,True,True,High,0,False,True,4.4
CLOUD-004468,AST-07445,AWS,Compute,False,None,True,True,Low,0,False,False,0.2
CLOUD-004469,AST-07446,Azure,DevOps,False,No Versioning on Bucket,True,True,High,2,False,True,4.5
CLOUD-004470,AST-07447,AWS,Compute,False,Overly Permissive IAM Policy,False,True,Low,2,False,True,3.9
CLOUD-004471,AST-07449,AWS,Serverless,False,None,True,True,Medium,2,False,False,1.1
CLOUD-004472,AST-07451,AWS,Database,False,None,False,False,High,2,False,True,5.3
CLOUD-004473,AST-07453,GCP,Compute,False,None,True,True,Low,0,False,False,0.2
CLOUD-004474,AST-07454,GCP,DevOps,False,None,True,True,High,2,False,False,2.3
CLOUD-004475,AST-07455,Azure,Identity,True,None,True,True,Medium,9,False,False,6.1
CLOUD-004476,AST-07456,AWS,Compute,False,None,True,True,Medium,2,False,False,1.0
CLOUD-004477,AST-07457,Azure,Storage,False,None,True,True,High,3,False,False,2.4
CLOUD-004478,AST-07458,Azure,Networking,False,None,True,False,Low,0,False,True,0.9
CLOUD-004479,AST-07460,GCP,DevOps,False,Unrotated Access Keys,True,False,High,0,True,True,6.9
CLOUD-004480,AST-07463,Azure,Container,True,None,True,True,Low,0,False,False,3.4
CLOUD-004481,AST-07466,AWS,Analytics,False,None,True,True,High,1,False,False,1.8
CLOUD-004482,AST-07467,Azure,Serverless,True,None,True,True,High,8,False,False,6.2
CLOUD-004483,AST-07469,AWS,Networking,False,No Versioning on Bucket,False,True,Medium,3,False,True,5.2
CLOUD-004484,AST-07470,Azure,Database,True,None,False,True,Medium,1,False,True,5.7
CLOUD-004485,AST-07471,GCP,Serverless,True,Exposed API Key,True,False,High,2,False,True,8.2
CLOUD-004486,AST-07473,Azure,ML,False,None,True,False,Medium,3,False,True,2.8
CLOUD-004487,AST-07475,GCP,Container,False,None,False,True,High,3,False,True,3.9
CLOUD-004488,AST-07478,Azure,Compute,False,Default VPC,False,True,Low,3,False,True,3.6
CLOUD-004489,AST-07479,GCP,Container,False,Overly Permissive IAM Policy,False,True,Low,0,False,True,3.2
CLOUD-004490,AST-07480,AWS,Container,False,None,False,True,High,1,False,True,3.2
CLOUD-004491,AST-07482,Azure,Container,True,None,True,True,High,10,False,False,7.1
CLOUD-004492,AST-07484,Azure,DevOps,False,None,False,True,Low,2,False,True,2.2
CLOUD-004493,AST-07487,GCP,Serverless,False,None,True,True,High,1,False,False,1.7
CLOUD-004494,AST-07488,GCP,DevOps,False,Overly Permissive IAM Policy,True,True,High,1,False,True,4.2
CLOUD-004495,AST-07489,Azure,Container,False,None,True,True,Medium,3,False,False,1.5
CLOUD-004496,AST-07490,Azure,ML,False,None,True,True,Low,1,False,False,0.4
CLOUD-004497,AST-07494,GCP,Storage,False,None,True,True,High,3,False,False,2.2
CLOUD-004498,AST-07495,AWS,Identity,False,None,True,True,Low,0,False,False,0
CLOUD-004499,AST-07496,GCP,ML,False,None,True,False,Low,3,True,True,3.0
CLOUD-004500,AST-07497,GCP,Serverless,True,None,True,True,Medium,2,False,False,4.1
CLOUD-004501,AST-07498,GCP,ML,False,None,True,False,Low,1,False,True,0.9
CLOUD-004502,AST-07499,Azure,Container,False,None,True,True,Low,0,False,False,0.4
CLOUD-004503,AST-07502,AWS,ML,False,No Network ACL,True,False,High,2,False,True,5.2
CLOUD-004504,AST-07503,Azure,Compute,True,None,True,False,Low,10,False,True,6.4
CLOUD-004505,AST-07504,Azure,Container,False,None,False,True,Low,3,True,True,3.7
CLOUD-004506,AST-07505,Azure,Networking,False,None,False,True,Medium,3,False,True,2.8
CLOUD-004507,AST-07506,Azure,Networking,True,None,True,True,Medium,0,False,False,3.9
CLOUD-004508,AST-07509,GCP,Storage,False,Default VPC,True,True,High,3,False,True,4.3
CLOUD-004509,AST-07510,GCP,Networking,False,None,True,True,Medium,3,False,False,1.6
CLOUD-004510,AST-07514,AWS,Storage,False,None,False,True,Medium,2,False,True,3.1
CLOUD-004511,AST-07515,GCP,Database,False,None,True,True,High,0,False,False,1.9
CLOUD-004512,AST-07518,Azure,Identity,False,None,False,True,Medium,1,False,True,3.1
CLOUD-004513,AST-07522,AWS,Analytics,False,No Network ACL,True,True,High,0,False,True,3.6
CLOUD-004514,AST-07523,Azure,Networking,False,None,True,True,Low,2,False,False,0.5
CLOUD-004515,AST-07529,AWS,Container,False,None,True,True,Medium,3,False,False,1.6
CLOUD-004516,AST-07530,Azure,Networking,False,No Versioning on Bucket,True,True,Low,0,False,True,2.2
CLOUD-004517,AST-07532,AWS,Compute,False,None,False,True,Medium,1,False,True,2.6
CLOUD-004518,AST-07533,Azure,Storage,False,None,True,True,Low,0,False,False,0
CLOUD-004519,AST-07535,GCP,Compute,False,Default VPC,True,True,Medium,1,False,True,3.1
CLOUD-004520,AST-07537,AWS,Networking,False,None,True,True,Medium,3,False,False,1.2
CLOUD-004521,AST-07538,GCP,Container,False,None,True,True,Low,2,False,False,0.9
CLOUD-004522,AST-07539,Azure,Identity,False,None,True,False,Low,3,False,True,1.8
CLOUD-004523,AST-07540,Azure,Container,False,None,True,False,Low,2,True,True,2.5
CLOUD-004524,AST-07542,Azure,Analytics,False,None,True,True,Low,0,False,False,0.5
CLOUD-004525,AST-07544,GCP,Analytics,False,None,True,True,Low,0,False,False,0
CLOUD-004526,AST-07546,AWS,Container,False,None,True,False,Medium,2,False,True,2.1
CLOUD-004527,AST-07548,AWS,Serverless,False,None,True,True,Low,0,False,False,0
CLOUD-004528,AST-07550,Azure,Storage,False,None,True,True,Medium,3,False,False,1.8
CLOUD-004529,AST-07551,GCP,Identity,True,Missing WAF,True,True,High,4,True,True,9.5
CLOUD-004530,AST-07553,AWS,Storage,False,None,True,True,Low,2,False,False,0.3
CLOUD-004531,AST-07554,GCP,Analytics,False,None,True,False,Medium,2,False,True,2.0
CLOUD-004532,AST-07557,Azure,Compute,False,None,True,True,High,0,False,False,1.8
CLOUD-004533,AST-07566,GCP,DevOps,False,None,True,True,High,0,False,False,1.5
CLOUD-004534,AST-07568,AWS,Serverless,False,None,False,True,Medium,0,False,True,2.4
CLOUD-004535,AST-07569,GCP,Analytics,True,None,True,True,Low,6,False,False,3.8
CLOUD-004536,AST-07570,GCP,Networking,False,None,True,True,Low,3,False,False,0.5
CLOUD-004537,AST-07572,GCP,Storage,False,None,False,True,High,2,False,True,3.5
CLOUD-004538,AST-07577,GCP,Networking,True,None,True,True,Medium,10,False,False,6.5
CLOUD-004539,AST-07580,AWS,Container,False,None,True,True,Medium,1,False,False,1.0
CLOUD-004540,AST-07581,AWS,Networking,False,Overly Permissive IAM Policy,True,True,Low,1,False,True,1.8
CLOUD-004541,AST-07582,AWS,Networking,True,No MFA on Root Account,False,False,High,1,False,True,9.9
CLOUD-004542,AST-07585,Azure,Identity,False,None,True,True,Low,3,False,False,1.1
CLOUD-004543,AST-07586,AWS,Compute,False,None,True,True,Low,0,False,False,0
CLOUD-004544,AST-07587,Azure,ML,False,None,True,False,High,2,False,True,3.3
CLOUD-004545,AST-07588,Azure,Analytics,False,None,True,True,High,3,False,False,3.1
CLOUD-004546,AST-07590,Azure,Serverless,False,None,True,False,High,2,False,True,3.6
CLOUD-004547,AST-07591,Azure,DevOps,False,None,True,True,Low,2,False,False,0.9
CLOUD-004548,AST-07593,Azure,Analytics,False,None,True,False,Medium,2,False,True,2.0
CLOUD-004549,AST-07594,GCP,Serverless,False,None,True,True,High,0,False,False,2.1
CLOUD-004550,AST-07595,AWS,Identity,False,None,False,True,High,0,False,True,3.2
CLOUD-004551,AST-07597,AWS,DevOps,False,Default VPC,True,False,High,0,False,True,4.7
CLOUD-004552,AST-07600,AWS,DevOps,False,None,True,True,Low,0,False,False,0.1
CLOUD-004553,AST-07601,GCP,ML,False,Public S3 Bucket,True,False,High,3,False,True,5.7
CLOUD-004554,AST-07602,GCP,Networking,False,None,False,True,High,3,False,True,4.0
CLOUD-004555,AST-07603,Azure,Networking,False,None,True,False,Medium,1,False,True,2.3
CLOUD-004556,AST-07605,Azure,Identity,False,No MFA on Root Account,True,False,Medium,2,False,True,4.0
CLOUD-004557,AST-07606,Azure,ML,False,None,False,True,Medium,1,False,True,2.7
CLOUD-004558,AST-07607,AWS,ML,False,None,True,False,High,1,True,True,4.3
CLOUD-004559,AST-07611,GCP,Serverless,False,None,True,True,Medium,3,False,False,1.6
CLOUD-004560,AST-07617,AWS,Analytics,False,None,True,True,Medium,3,False,False,1.8
CLOUD-004561,AST-07619,GCP,ML,False,None,True,True,High,3,False,False,3.1
CLOUD-004562,AST-07620,AWS,Identity,False,None,True,False,Low,3,False,True,1.5
CLOUD-004563,AST-07621,GCP,Identity,False,Missing WAF,True,True,Low,0,False,True,2.2
CLOUD-004564,AST-07622,GCP,Serverless,False,None,True,True,High,0,False,False,2.0
CLOUD-004565,AST-07624,AWS,Container,False,None,True,True,Low,2,False,False,0
CLOUD-004566,AST-07626,Azure,Identity,False,Public RDS Instance,True,True,Low,1,False,True,1.9
CLOUD-004567,AST-07627,Azure,Compute,False,None,True,True,Medium,3,False,False,1.5
CLOUD-004568,AST-07631,GCP,DevOps,False,None,False,False,Medium,0,False,True,3.4
CLOUD-004569,AST-07632,GCP,Serverless,True,None,False,False,Low,10,False,True,7.4
CLOUD-004570,AST-07633,Azure,Analytics,False,None,True,True,Low,0,False,False,0
CLOUD-004571,AST-07637,Azure,Storage,False,No Versioning on Bucket,True,False,Medium,1,False,True,3.9
CLOUD-004572,AST-07638,GCP,Compute,False,None,False,False,High,1,False,True,4.9
CLOUD-004573,AST-07639,Azure,Analytics,True,No MFA on Root Account,True,True,Medium,8,False,True,7.3
CLOUD-004574,AST-07640,Azure,Networking,False,Cross-Account Access,False,True,High,2,False,True,5.7
CLOUD-004575,AST-07642,Azure,Networking,False,None,True,True,High,2,False,False,2.4
CLOUD-004576,AST-07646,GCP,Database,False,None,False,False,Low,3,False,True,3.4
CLOUD-004577,AST-07647,Azure,Identity,False,None,True,True,Medium,2,False,False,1.4
CLOUD-004578,AST-07649,Azure,Networking,False,None,True,False,Low,1,False,True,1.0
CLOUD-004579,AST-07652,Azure,Identity,False,None,True,True,Medium,2,True,False,2.9
CLOUD-004580,AST-07653,Azure,Networking,False,Logging Disabled,True,True,Low,2,False,True,2.3
CLOUD-004581,AST-07654,Azure,Analytics,False,None,True,True,High,1,False,False,1.7
CLOUD-004582,AST-07655,Azure,Database,True,None,True,False,Low,7,False,True,5.6
CLOUD-004583,AST-07656,Azure,Analytics,False,Missing WAF,True,True,High,0,False,True,4.4
CLOUD-004584,AST-07657,AWS,Compute,False,Unrotated Access Keys,False,True,Medium,0,False,True,4.7
CLOUD-004585,AST-07658,AWS,DevOps,False,None,True,True,High,2,False,False,2.6
CLOUD-004586,AST-07659,AWS,Serverless,False,Overly Permissive IAM Policy,True,True,Low,1,False,True,1.8
CLOUD-004587,AST-07661,Azure,Networking,False,None,True,True,Medium,1,False,False,1.0
CLOUD-004588,AST-07662,AWS,Serverless,False,None,True,False,High,0,False,True,3.0
CLOUD-004589,AST-07663,Azure,Serverless,False,None,True,True,Medium,1,False,False,0.9
CLOUD-004590,AST-07664,GCP,Container,False,None,False,False,High,3,False,True,5.3
CLOUD-004591,AST-07665,AWS,Analytics,False,None,True,True,High,0,False,False,2.5
CLOUD-004592,AST-07666,GCP,DevOps,False,None,True,True,Low,1,False,False,0.1
CLOUD-004593,AST-07668,Azure,Container,False,Cross-Account Access,True,True,Medium,3,False,True,3.3
CLOUD-004594,AST-07672,Azure,Compute,False,None,True,True,Medium,3,False,False,1.2
CLOUD-004595,AST-07677,Azure,Serverless,False,None,True,False,Low,0,False,True,1.3
CLOUD-004596,AST-07679,Azure,Serverless,False,None,True,True,High,3,False,False,3.1
CLOUD-004597,AST-07680,AWS,ML,True,None,True,True,Low,8,True,False,6.2
CLOUD-004598,AST-07685,GCP,Networking,False,None,True,True,High,3,False,False,2.8
CLOUD-004599,AST-07686,Azure,Container,False,None,True,True,Medium,0,False,False,0.9
CLOUD-004600,AST-07687,AWS,Serverless,True,Open Security Group,True,True,Medium,7,False,True,7.6
CLOUD-004601,AST-07688,GCP,Container,False,None,True,True,High,3,False,False,2.3
CLOUD-004602,AST-07689,GCP,Compute,False,None,True,False,High,2,False,True,3.3
CLOUD-004603,AST-07693,AWS,DevOps,False,None,True,True,High,0,False,False,1.7
CLOUD-004604,AST-07694,Azure,Serverless,False,None,True,True,High,2,False,False,2.8
CLOUD-004605,AST-07695,GCP,Analytics,False,None,True,True,Low,1,False,False,0.1
CLOUD-004606,AST-07696,AWS,ML,False,None,True,True,High,0,False,False,2.3
CLOUD-004607,AST-07698,GCP,Container,True,None,True,True,High,5,True,False,7.4
CLOUD-004608,AST-07699,AWS,DevOps,False,None,True,True,Low,3,False,False,0.2
CLOUD-004609,AST-07700,AWS,ML,False,None,True,True,High,3,False,False,3.0
CLOUD-004610,AST-07702,GCP,DevOps,False,Open Security Group,True,True,Medium,1,False,True,2.9
CLOUD-004611,AST-07704,Azure,Analytics,False,None,True,True,High,1,False,False,2.2
CLOUD-004612,AST-07706,GCP,Serverless,False,Public S3 Bucket,False,True,Medium,0,False,True,4.0
CLOUD-004613,AST-07709,GCP,Container,False,None,True,True,High,3,False,False,2.7
CLOUD-004614,AST-07710,GCP,Database,False,None,True,False,Low,2,True,True,2.9
CLOUD-004615,AST-07713,Azure,Compute,False,None,False,False,High,2,False,True,5.4
CLOUD-004616,AST-07714,GCP,Networking,True,None,False,True,Low,5,False,True,5.6
CLOUD-004617,AST-07715,Azure,Analytics,False,None,True,True,Low,2,False,False,0.2
CLOUD-004618,AST-07720,Azure,Database,True,No Network ACL,True,True,Low,2,False,True,5.8
CLOUD-004619,AST-07721,GCP,Storage,False,Logging Disabled,False,True,Medium,3,False,True,5.6
CLOUD-004620,AST-07722,GCP,Networking,False,Public RDS Instance,True,True,High,3,True,True,5.8
CLOUD-004621,AST-07724,Azure,Compute,False,No MFA on Root Account,True,False,Medium,0,False,True,4.1
CLOUD-004622,AST-07725,AWS,ML,False,None,True,True,Low,3,False,False,1.0
CLOUD-004623,AST-07726,Azure,Identity,False,No MFA on Root Account,True,True,Medium,3,False,True,3.7
CLOUD-004624,AST-07727,GCP,Storage,False,Overly Permissive IAM Policy,True,True,Medium,2,False,True,3.2
CLOUD-004625,AST-07728,AWS,Container,False,Open Security Group,True,True,High,3,True,True,5.8
CLOUD-004626,AST-07730,AWS,ML,False,Unrotated Access Keys,True,True,Medium,0,False,True,3.4
CLOUD-004627,AST-07731,Azure,Identity,False,None,False,False,Medium,3,False,True,4.3
CLOUD-004628,AST-07734,AWS,Container,False,None,True,False,Medium,1,True,True,3.9
CLOUD-004629,AST-07735,Azure,Identity,False,Public S3 Bucket,True,False,High,3,False,True,5.2
CLOUD-004630,AST-07736,AWS,Identity,False,None,True,False,Low,3,True,True,3.6
CLOUD-004631,AST-07737,GCP,ML,True,None,True,True,Low,4,True,False,5.7
CLOUD-004632,AST-07738,AWS,Networking,False,None,True,True,High,1,False,False,2.3
CLOUD-004633,AST-07739,AWS,Serverless,False,None,True,True,High,0,False,False,1.5
CLOUD-004634,AST-07740,Azure,DevOps,False,Unrotated Access Keys,False,True,Medium,3,False,True,5.4
CLOUD-004635,AST-07741,GCP,Serverless,False,None,False,False,Medium,3,True,True,5.8
CLOUD-004636,AST-07746,AWS,Storage,True,None,True,True,Medium,0,False,False,3.6
CLOUD-004637,AST-07747,GCP,Serverless,False,None,True,True,Medium,2,False,False,1.8
CLOUD-004638,AST-07749,Azure,Analytics,False,Open Security Group,True,True,High,2,False,True,4.0
CLOUD-004639,AST-07753,Azure,Analytics,False,None,True,True,High,1,False,False,1.9
CLOUD-004640,AST-07754,GCP,Serverless,False,Logging Disabled,True,True,High,1,False,True,4.7
CLOUD-004641,AST-07757,Azure,Analytics,False,None,False,True,High,1,False,True,3.9
CLOUD-004642,AST-07760,Azure,Container,False,None,True,True,Medium,2,True,False,3.0
CLOUD-004643,AST-07761,AWS,Serverless,False,Open Security Group,True,True,High,1,True,True,5.3
CLOUD-004644,AST-07762,Azure,Database,False,None,False,True,High,3,False,True,4.0
CLOUD-004645,AST-07765,GCP,Serverless,False,None,True,True,Medium,1,False,False,1.0
CLOUD-004646,AST-07766,AWS,Compute,False,None,True,False,Low,2,False,True,1.3
CLOUD-004647,AST-07767,GCP,Compute,False,None,True,True,Low,0,True,False,1.8
CLOUD-004648,AST-07768,AWS,Database,False,None,True,False,Low,3,False,True,1.3
CLOUD-004649,AST-07770,AWS,Analytics,True,None,True,True,Low,5,False,False,3.8
CLOUD-004650,AST-07771,GCP,Analytics,False,None,True,False,Medium,0,False,True,1.7
CLOUD-004651,AST-07774,AWS,Serverless,False,None,True,True,Medium,1,False,False,1.2
CLOUD-004652,AST-07777,AWS,Storage,False,None,False,True,Medium,1,False,True,3.2
CLOUD-004653,AST-07778,GCP,Networking,False,None,True,True,High,1,False,False,2.0
CLOUD-004654,AST-07780,GCP,Identity,False,None,True,True,Medium,1,False,False,1.0
CLOUD-004655,AST-07782,Azure,Analytics,False,Missing WAF,True,True,Medium,1,False,True,3.3
CLOUD-004656,AST-07783,GCP,Compute,False,None,False,True,Low,0,False,True,1.3
CLOUD-004657,AST-07785,AWS,Serverless,True,Open Security Group,True,False,High,5,False,True,9.2
CLOUD-004658,AST-07786,AWS,Serverless,False,None,True,True,High,2,False,False,2.7
CLOUD-004659,AST-07787,AWS,Analytics,False,None,True,False,Low,2,False,True,1.3
CLOUD-004660,AST-07788,GCP,Serverless,True,None,True,True,Low,4,False,False,3.5
CLOUD-004661,AST-07790,Azure,Compute,False,None,True,True,Low,1,False,False,0.2
CLOUD-004662,AST-07791,Azure,Identity,False,None,True,True,Medium,0,False,False,0.7
CLOUD-004663,AST-07793,Azure,Container,False,Unrotated Access Keys,True,True,High,2,True,True,5.4
CLOUD-004664,AST-07798,GCP,Compute,False,None,False,False,Medium,3,False,True,4.0
CLOUD-004665,AST-07801,Azure,Identity,False,None,False,False,Low,3,False,True,3.1
CLOUD-004666,AST-07804,Azure,Storage,False,No Versioning on Bucket,True,True,High,3,False,True,4.2
CLOUD-004667,AST-07805,Azure,ML,True,None,True,True,High,3,False,False,5.5
CLOUD-004668,AST-07806,GCP,Compute,False,Exposed API Key,False,True,Medium,0,True,True,5.7
CLOUD-004669,AST-07809,GCP,Serverless,False,Unrotated Access Keys,True,False,Low,3,False,True,3.2
CLOUD-004670,AST-07810,AWS,Serverless,False,None,True,True,Low,2,False,False,0.8
CLOUD-004671,AST-07812,GCP,ML,False,Public RDS Instance,True,False,Medium,2,True,True,6.1
CLOUD-004672,AST-07815,AWS,Identity,False,None,False,True,Medium,3,False,True,3.1
CLOUD-004673,AST-07816,Azure,Identity,False,None,True,True,High,2,False,False,2.5
CLOUD-004674,AST-07818,AWS,Networking,False,None,True,False,High,1,False,True,3.5
CLOUD-004675,AST-07822,AWS,Container,False,None,True,True,Low,3,False,False,0.2
CLOUD-004676,AST-07823,Azure,Networking,False,Unencrypted Volume,True,True,Low,3,True,True,3.6
CLOUD-004677,AST-07825,Azure,Compute,False,None,False,True,Low,3,True,True,3.2
CLOUD-004678,AST-07826,AWS,Container,False,None,True,True,High,2,False,False,2.3
CLOUD-004679,AST-07827,GCP,DevOps,False,None,True,False,Medium,0,False,True,1.7
CLOUD-004680,AST-07829,Azure,Serverless,True,Unrotated Access Keys,True,True,Medium,7,False,True,7.5
CLOUD-004681,AST-07831,AWS,Identity,False,No Network ACL,True,True,Medium,0,True,True,4.3
CLOUD-004682,AST-07835,Azure,Serverless,True,Unencrypted Volume,True,True,High,3,False,True,7.5
CLOUD-004683,AST-07838,AWS,Storage,False,Unencrypted Volume,True,True,Medium,0,False,True,3.1
CLOUD-004684,AST-07839,Azure,DevOps,False,None,True,True,Medium,3,False,False,1.9
CLOUD-004685,AST-07844,AWS,Networking,False,None,True,True,Medium,3,False,False,1.9
CLOUD-004686,AST-07845,GCP,Identity,False,None,True,False,Medium,1,False,True,2.6
CLOUD-004687,AST-07846,GCP,DevOps,False,None,True,True,Low,0,False,False,0
CLOUD-004688,AST-07849,AWS,Serverless,False,None,True,True,Medium,2,False,False,1.8
CLOUD-004689,AST-07850,Azure,Serverless,False,None,False,True,Medium,3,False,True,3.3
CLOUD-004690,AST-07851,AWS,Identity,True,None,True,True,Medium,4,False,False,5.2
CLOUD-004691,AST-07853,AWS,DevOps,False,Overly Permissive IAM Policy,False,True,Low,1,False,True,3.3
CLOUD-004692,AST-07854,Azure,Networking,True,None,True,True,High,2,False,False,5.4
CLOUD-004693,AST-07855,Azure,Identity,True,None,True,True,High,6,False,False,6.5
CLOUD-004694,AST-07856,AWS,Serverless,False,None,True,False,High,0,False,True,3.2
CLOUD-004695,AST-07858,GCP,Database,False,None,True,True,Low,0,False,False,0.2
CLOUD-004696,AST-07859,GCP,DevOps,False,None,True,False,Low,1,False,True,1.0
CLOUD-004697,AST-07860,Azure,Container,False,Public RDS Instance,False,True,High,2,True,True,7.3
CLOUD-004698,AST-07861,Azure,Analytics,False,None,True,True,Medium,0,False,False,1.3
CLOUD-004699,AST-07862,AWS,Networking,False,None,True,True,Medium,2,False,False,1.2
CLOUD-004700,AST-07865,GCP,Database,False,None,True,False,Low,3,True,True,3.0
CLOUD-004701,AST-07866,AWS,ML,False,None,False,False,Low,0,False,True,2.8
CLOUD-004702,AST-07869,GCP,DevOps,False,No Versioning on Bucket,False,True,Medium,0,True,True,5.7
CLOUD-004703,AST-07870,Azure,Networking,False,None,False,True,Medium,3,False,True,2.7
CLOUD-004704,AST-07872,Azure,Analytics,False,None,True,True,High,3,False,False,3.0
CLOUD-004705,AST-07874,AWS,Identity,False,None,False,True,High,3,False,True,3.9
CLOUD-004706,AST-07876,GCP,ML,False,None,True,True,Medium,2,False,False,1.4
CLOUD-004707,AST-07878,AWS,Compute,True,None,True,False,High,8,True,True,9.0
CLOUD-004708,AST-07880,Azure,Networking,True,Overly Permissive IAM Policy,True,True,High,9,False,True,8.9
CLOUD-004709,AST-07883,AWS,Serverless,True,None,False,True,Medium,10,False,True,7.6
CLOUD-004710,AST-07885,AWS,ML,True,None,True,False,Low,7,False,True,5.2
CLOUD-004711,AST-07887,AWS,Storage,True,Unencrypted Volume,False,True,Medium,9,False,True,9.4
CLOUD-004712,AST-07890,GCP,Networking,False,None,True,False,Low,3,False,True,1.3
CLOUD-004713,AST-07891,AWS,ML,False,Unencrypted Volume,False,False,Low,0,False,True,4.7
CLOUD-004714,AST-07895,AWS,Database,False,No Versioning on Bucket,False,True,High,2,False,True,5.4
CLOUD-004715,AST-07896,GCP,Serverless,False,None,True,True,Medium,2,False,False,0.9
CLOUD-004716,AST-07898,GCP,Database,False,Unencrypted Volume,True,True,Medium,1,False,True,2.8
CLOUD-004717,AST-07899,GCP,Analytics,False,None,True,True,Low,2,False,False,0.8
CLOUD-004718,AST-07900,AWS,Compute,True,None,True,True,High,7,False,False,6.0
CLOUD-004719,AST-07901,GCP,Networking,False,None,True,False,High,1,False,True,3.7
CLOUD-004720,AST-07903,Azure,Container,False,None,True,False,High,0,False,True,2.6
CLOUD-004721,AST-07905,AWS,DevOps,False,Exposed API Key,True,True,Low,1,False,True,2.4
CLOUD-004722,AST-07906,GCP,Serverless,False,None,True,False,Medium,1,False,True,2.1
CLOUD-004723,AST-07907,Azure,Database,False,None,True,True,Medium,1,False,False,1.2
CLOUD-004724,AST-07910,Azure,Identity,True,None,True,True,Medium,9,False,False,5.8
CLOUD-004725,AST-07912,GCP,DevOps,False,None,False,True,Low,3,False,True,2.4
CLOUD-004726,AST-07914,GCP,Analytics,False,None,True,True,High,3,False,False,2.2
CLOUD-004727,AST-07916,Azure,Database,True,None,False,False,Medium,3,False,True,6.6
CLOUD-004728,AST-07917,AWS,DevOps,False,None,False,False,High,0,False,True,4.8
CLOUD-004729,AST-07919,Azure,Storage,False,None,True,True,High,0,False,False,2.0
CLOUD-004730,AST-07920,Azure,Database,False,None,False,True,Medium,1,False,True,2.9
CLOUD-004731,AST-07922,Azure,Compute,False,None,True,True,Medium,2,False,False,1.7
CLOUD-004732,AST-07923,AWS,Database,False,None,True,True,High,0,False,False,2.4
CLOUD-004733,AST-07926,Azure,Database,False,Public S3 Bucket,True,True,Medium,3,True,True,5.2
CLOUD-004734,AST-07927,AWS,Identity,False,None,False,True,High,2,False,True,4.0
CLOUD-004735,AST-07929,GCP,Database,False,Public S3 Bucket,True,False,High,3,False,True,6.0
CLOUD-004736,AST-07930,Azure,Networking,False,No Versioning on Bucket,True,True,Low,1,False,True,1.9
CLOUD-004737,AST-07933,AWS,Serverless,False,None,True,False,High,1,True,True,4.6
CLOUD-004738,AST-07934,AWS,Storage,False,None,True,True,Low,3,False,False,1.1
CLOUD-004739,AST-07935,GCP,ML,False,None,True,False,Medium,2,False,True,2.8
CLOUD-004740,AST-07936,GCP,DevOps,False,Public S3 Bucket,True,True,Medium,0,True,True,4.1
CLOUD-004741,AST-07937,Azure,DevOps,True,None,True,False,High,10,False,True,8.0
CLOUD-004742,AST-07939,Azure,Compute,False,None,True,True,High,1,False,False,2.5
CLOUD-004743,AST-07941,AWS,Networking,False,None,True,True,Low,2,True,False,2.0
CLOUD-004744,AST-07942,AWS,Analytics,True,None,True,False,Low,1,False,True,4.3
CLOUD-004745,AST-07943,AWS,Compute,True,Missing WAF,True,True,Low,5,False,True,5.6
CLOUD-004746,AST-07944,GCP,Compute,False,None,True,True,High,0,False,False,1.7
CLOUD-004747,AST-07945,AWS,Analytics,False,None,True,True,Low,1,False,False,0
CLOUD-004748,AST-07946,Azure,Serverless,False,Public S3 Bucket,True,True,High,2,False,True,4.3
CLOUD-004749,AST-07947,AWS,Analytics,False,None,True,True,Medium,2,False,False,1.2
CLOUD-004750,AST-07948,Azure,Analytics,False,None,True,True,Low,1,False,False,0.1
CLOUD-004751,AST-07949,Azure,Identity,False,None,True,False,High,1,False,True,3.6
CLOUD-004752,AST-07950,GCP,DevOps,False,None,True,True,High,2,False,False,2.7
CLOUD-004753,AST-07952,GCP,ML,True,None,True,True,High,3,False,False,5.9
CLOUD-004754,AST-07953,GCP,ML,False,Logging Disabled,True,True,Medium,2,False,True,3.3
CLOUD-004755,AST-07955,GCP,Container,False,Logging Disabled,True,False,Medium,2,False,True,4.1
CLOUD-004756,AST-07956,Azure,Storage,False,None,True,True,Medium,0,False,False,0.8
CLOUD-004757,AST-07957,AWS,Storage,False,None,True,True,Medium,3,True,False,3.0
CLOUD-004758,AST-07958,GCP,Networking,True,None,True,True,Low,1,False,False,3.7
CLOUD-004759,AST-07959,GCP,Networking,True,Cross-Account Access,True,True,Low,0,False,True,5.4
CLOUD-004760,AST-07960,GCP,Networking,False,Unrotated Access Keys,True,False,Low,3,False,True,3.2
CLOUD-004761,AST-07963,AWS,Analytics,False,None,False,True,High,0,False,True,3.3
CLOUD-004762,AST-07965,AWS,Serverless,False,Missing WAF,True,False,High,3,False,True,6.1
CLOUD-004763,AST-07966,GCP,Analytics,False,None,True,False,Medium,0,False,True,1.7
CLOUD-004764,AST-07968,AWS,Storage,False,None,True,True,High,0,False,False,2.5
CLOUD-004765,AST-07969,GCP,Database,False,None,True,True,Low,1,False,False,0.4
CLOUD-004766,AST-07970,GCP,Serverless,False,None,True,True,High,1,False,False,1.9
CLOUD-004767,AST-07971,GCP,Compute,False,None,True,True,High,0,False,False,2.2
CLOUD-004768,AST-07972,GCP,Analytics,False,None,True,True,Low,3,False,False,0.8
CLOUD-004769,AST-07973,GCP,Serverless,False,None,True,False,Low,3,False,True,1.8
CLOUD-004770,AST-07975,Azure,Database,False,None,True,True,Medium,1,False,False,1.3
CLOUD-004771,AST-07976,Azure,DevOps,False,None,False,True,High,2,False,True,3.7
CLOUD-004772,AST-07982,Azure,Compute,False,None,False,False,High,2,False,True,5.0
CLOUD-004773,AST-07986,Azure,Analytics,False,None,True,False,High,0,False,True,3.4
CLOUD-004774,AST-07987,Azure,Container,False,Unencrypted Volume,True,False,Low,1,False,True,3.3
CLOUD-004775,AST-07989,GCP,Container,False,No MFA on Root Account,True,True,High,2,False,True,4.4
CLOUD-004776,AST-07991,GCP,Networking,False,Unencrypted Volume,True,True,Medium,0,False,True,2.9
CLOUD-004777,AST-07993,Azure,Compute,False,None,True,True,Medium,3,False,False,1.3
CLOUD-004778,AST-07995,Azure,Analytics,False,None,True,True,Medium,2,False,False,1.4
CLOUD-004779,AST-07996,GCP,Compute,False,None,True,True,Low,1,False,False,0.3
CLOUD-004780,AST-07997,Azure,DevOps,False,Logging Disabled,True,True,Medium,0,False,True,3.3
CLOUD-004781,AST-07998,GCP,Serverless,True,None,False,True,Low,2,False,True,4.7
CLOUD-004782,AST-07999,Azure,Compute,False,No Versioning on Bucket,True,False,Medium,0,False,True,3.8
CLOUD-004783,AST-08001,GCP,Networking,False,Exposed API Key,True,True,High,1,False,True,4.1
CLOUD-004784,AST-08002,GCP,ML,False,None,True,True,High,1,True,False,3.9
CLOUD-004785,AST-08004,GCP,Database,False,None,False,False,High,1,False,True,4.5
CLOUD-004786,AST-08005,AWS,Database,False,Overly Permissive IAM Policy,False,True,Low,3,False,True,4.3
CLOUD-004787,AST-08006,AWS,Compute,False,None,True,False,High,3,False,True,3.4
CLOUD-004788,AST-08008,AWS,Compute,False,None,False,True,Medium,0,False,True,2.1
CLOUD-004789,AST-08009,AWS,Identity,False,None,True,True,Medium,2,True,False,2.9
CLOUD-004790,AST-08011,AWS,Analytics,False,None,False,True,High,0,False,True,3.9
CLOUD-004791,AST-08013,GCP,ML,False,None,True,True,Low,1,False,False,0.2
CLOUD-004792,AST-08015,GCP,Database,False,None,True,True,Medium,1,False,False,1.1
CLOUD-004793,AST-08016,AWS,Analytics,False,None,True,True,Medium,1,False,False,1.4
CLOUD-004794,AST-08017,AWS,Compute,False,Overly Permissive IAM Policy,False,True,Medium,3,False,True,5.0
CLOUD-004795,AST-08018,AWS,Serverless,False,None,True,True,Medium,1,False,False,1.7
CLOUD-004796,AST-08019,GCP,Identity,False,Logging Disabled,True,False,High,1,False,True,5.6
CLOUD-004797,AST-08020,Azure,Database,True,None,True,True,High,9,False,False,7.3
CLOUD-004798,AST-08021,AWS,ML,False,None,True,True,High,0,False,False,1.6
CLOUD-004799,AST-08023,Azure,Analytics,False,None,True,True,Medium,2,True,False,2.6
CLOUD-004800,AST-08024,GCP,ML,False,None,True,True,Medium,1,False,False,1.6
CLOUD-004801,AST-08025,AWS,DevOps,False,None,True,False,Medium,2,False,True,2.7
CLOUD-004802,AST-08027,Azure,Networking,False,None,True,True,Medium,1,False,False,1.4
CLOUD-004803,AST-08029,AWS,Networking,True,No Versioning on Bucket,True,True,Low,6,False,True,6.3
CLOUD-004804,AST-08030,AWS,DevOps,False,Overly Permissive IAM Policy,True,True,Medium,2,False,True,3.0
CLOUD-004805,AST-08034,AWS,ML,False,No MFA on Root Account,False,False,Low,0,False,True,4.1
CLOUD-004806,AST-08035,GCP,Container,False,None,True,True,Medium,2,False,False,1.6
CLOUD-004807,AST-08036,GCP,Networking,False,No Versioning on Bucket,True,True,High,0,False,True,3.5
CLOUD-004808,AST-08039,GCP,Storage,False,None,True,True,High,0,False,False,2.4
CLOUD-004809,AST-08041,GCP,Container,False,No Network ACL,True,False,Low,0,False,True,3.0
CLOUD-004810,AST-08042,AWS,Analytics,True,None,True,True,Medium,3,False,False,5.1
CLOUD-004811,AST-08045,GCP,Serverless,False,Default VPC,True,True,Medium,1,False,True,3.2
CLOUD-004812,AST-08046,Azure,Serverless,False,None,True,True,Medium,1,False,False,1.3
CLOUD-004813,AST-08048,Azure,Storage,False,None,True,True,Low,1,False,False,0.0
CLOUD-004814,AST-08049,GCP,Serverless,False,Unencrypted Volume,True,True,High,1,False,True,3.8
CLOUD-004815,AST-08050,GCP,Identity,False,None,False,True,Low,0,False,True,1.7
CLOUD-004816,AST-08052,GCP,ML,True,None,True,True,Medium,9,False,False,5.7
CLOUD-004817,AST-08054,GCP,Analytics,False,None,True,False,High,0,False,True,2.8
CLOUD-004818,AST-08057,Azure,Storage,False,None,True,True,Medium,0,False,False,1.4
CLOUD-004819,AST-08058,GCP,Serverless,False,None,True,True,Medium,0,False,False,1.1
CLOUD-004820,AST-08062,Azure,Storage,True,Unrotated Access Keys,True,False,Medium,0,False,True,6.8
CLOUD-004821,AST-08063,Azure,Analytics,True,None,True,True,Low,7,True,False,6.3
CLOUD-004822,AST-08064,Azure,Serverless,True,None,True,True,Low,4,False,False,3.9
CLOUD-004823,AST-08066,AWS,Serverless,False,Public S3 Bucket,True,True,Medium,1,False,True,3.2
CLOUD-004824,AST-08067,GCP,Container,False,None,True,True,Medium,3,False,False,1.3
CLOUD-004825,AST-08068,GCP,Analytics,False,None,True,True,High,3,False,False,2.9
CLOUD-004826,AST-08069,AWS,Database,False,Default VPC,False,True,Medium,1,False,True,4.9
CLOUD-004827,AST-08070,AWS,Analytics,False,None,True,True,High,1,False,False,2.5
CLOUD-004828,AST-08073,AWS,Database,False,Default VPC,True,True,Low,0,True,True,3.4
CLOUD-004829,AST-08074,GCP,Networking,False,None,True,True,Medium,0,False,False,0.6
CLOUD-004830,AST-08077,GCP,Compute,False,Public S3 Bucket,True,False,Medium,3,False,True,4.7
CLOUD-004831,AST-08079,Azure,Identity,False,None,True,False,Low,1,False,True,1.7
CLOUD-004832,AST-08083,GCP,Analytics,False,None,True,True,Low,1,False,False,0
CLOUD-004833,AST-08085,GCP,Compute,False,None,True,True,High,1,False,False,2.6
CLOUD-004834,AST-08088,GCP,ML,True,None,True,True,High,8,False,False,6.4
CLOUD-004835,AST-08091,GCP,Identity,True,None,True,True,Low,10,False,False,4.9
CLOUD-004836,AST-08092,Azure,Networking,False,Logging Disabled,True,True,Low,3,False,True,2.3
CLOUD-004837,AST-08093,AWS,Database,True,None,True,False,Low,10,False,True,6.3
CLOUD-004838,AST-08094,AWS,Container,False,Logging Disabled,False,True,Medium,3,False,True,5.0
CLOUD-004839,AST-08095,GCP,DevOps,False,None,True,False,Medium,0,False,True,2.1
CLOUD-004840,AST-08098,Azure,DevOps,False,None,True,False,Low,0,False,True,0.7
CLOUD-004841,AST-08099,GCP,Identity,True,None,True,True,Medium,9,False,False,5.4
CLOUD-004842,AST-08101,GCP,Serverless,True,None,True,True,High,2,False,False,5.3
CLOUD-004843,AST-08102,GCP,Serverless,False,None,True,True,High,2,False,False,2.8
CLOUD-004844,AST-08103,GCP,Networking,False,Exposed API Key,True,True,Low,2,False,True,2.1
CLOUD-004845,AST-08104,AWS,Identity,False,None,True,True,Low,1,False,False,0.5
CLOUD-004846,AST-08106,AWS,ML,False,None,True,True,High,2,False,False,2.7
CLOUD-004847,AST-08107,AWS,Storage,False,None,True,True,Low,0,False,False,0
CLOUD-004848,AST-08111,GCP,DevOps,False,None,True,False,Low,1,False,True,1.3
CLOUD-004849,AST-08112,AWS,ML,False,Logging Disabled,False,True,Medium,2,False,True,4.5
CLOUD-004850,AST-08114,Azure,Identity,False,None,True,False,High,1,False,True,2.7
CLOUD-004851,AST-08116,GCP,Container,False,Unrotated Access Keys,True,True,Medium,0,False,True,3.2
CLOUD-004852,AST-08117,Azure,DevOps,False,None,True,False,High,1,False,True,2.8
CLOUD-004853,AST-08118,GCP,ML,False,None,True,True,High,3,False,False,3.0
CLOUD-004854,AST-08119,Azure,DevOps,False,Unrotated Access Keys,True,True,Medium,1,False,True,3.5
CLOUD-004855,AST-08122,AWS,DevOps,True,None,True,True,Low,1,False,False,3.5
CLOUD-004856,AST-08124,Azure,ML,False,No MFA on Root Account,False,True,High,3,False,True,5.9
CLOUD-004857,AST-08125,GCP,Networking,False,Logging Disabled,True,True,High,3,False,True,4.6
CLOUD-004858,AST-08126,AWS,Analytics,False,None,True,True,Low,1,False,False,0.5
CLOUD-004859,AST-08127,Azure,DevOps,False,None,False,False,High,3,False,True,5.1
CLOUD-004860,AST-08128,Azure,Networking,False,None,True,True,Low,1,False,False,0.0
CLOUD-004861,AST-08130,Azure,DevOps,False,None,True,True,High,0,False,False,1.7
CLOUD-004862,AST-08131,GCP,DevOps,False,Overly Permissive IAM Policy,True,True,Medium,3,False,True,4.1
CLOUD-004863,AST-08132,GCP,Container,False,None,True,True,Medium,3,False,False,1.7
CLOUD-004864,AST-08133,GCP,DevOps,False,None,True,False,High,2,False,True,3.0
CLOUD-004865,AST-08134,AWS,DevOps,False,Public RDS Instance,True,True,Low,1,False,True,2.5
CLOUD-004866,AST-08135,AWS,Compute,False,Default VPC,True,True,Low,1,False,True,2.4
CLOUD-004867,AST-08137,Azure,Compute,False,Unencrypted Volume,True,True,Low,0,False,True,1.9
CLOUD-004868,AST-08138,Azure,ML,False,None,True,True,Medium,1,False,False,1.4
CLOUD-004869,AST-08140,GCP,Container,False,None,True,True,High,0,False,False,1.7
CLOUD-004870,AST-08141,Azure,DevOps,False,None,True,True,Medium,1,False,False,1.6
CLOUD-004871,AST-08142,AWS,ML,False,None,False,True,Medium,3,False,True,2.6
CLOUD-004872,AST-08143,Azure,Identity,False,Logging Disabled,True,True,High,1,False,True,3.8
CLOUD-004873,AST-08147,Azure,Identity,False,Missing WAF,True,True,High,3,False,True,5.1
CLOUD-004874,AST-08150,AWS,Networking,False,None,True,True,Low,2,False,False,0
CLOUD-004875,AST-08152,AWS,Serverless,True,None,True,True,Medium,3,False,False,4.7
CLOUD-004876,AST-08153,GCP,ML,True,Missing WAF,False,True,Low,6,False,True,7.7
CLOUD-004877,AST-08154,GCP,Analytics,True,None,True,True,Medium,7,True,False,7.0
CLOUD-004878,AST-08157,Azure,Serverless,False,None,True,True,Medium,1,False,False,0.8
CLOUD-004879,AST-08158,Azure,Identity,False,Public S3 Bucket,True,False,Medium,2,True,True,5.9
CLOUD-004880,AST-08160,AWS,DevOps,False,Exposed API Key,True,True,Medium,2,False,True,3.2
CLOUD-004881,AST-08161,GCP,Serverless,False,None,True,True,Medium,3,False,False,1.4
CLOUD-004882,AST-08162,AWS,Storage,False,None,True,True,Low,2,False,False,0.5
CLOUD-004883,AST-08163,Azure,DevOps,True,None,True,True,High,8,False,False,7.1
CLOUD-004884,AST-08164,Azure,DevOps,False,Public RDS Instance,True,False,Medium,1,False,True,4.2
CLOUD-004885,AST-08165,Azure,Identity,False,None,True,True,Low,3,False,False,0.8
CLOUD-004886,AST-08167,AWS,Compute,False,Overly Permissive IAM Policy,True,True,Low,3,False,True,2.6
CLOUD-004887,AST-08170,GCP,Serverless,False,None,True,True,Low,2,False,False,0
CLOUD-004888,AST-08171,AWS,Analytics,False,None,True,True,High,2,False,False,2.8
CLOUD-004889,AST-08173,AWS,Storage,False,Cross-Account Access,True,True,Low,2,False,True,2.3
CLOUD-004890,AST-08174,GCP,DevOps,True,None,False,True,Medium,2,False,True,5.9
CLOUD-004891,AST-08176,GCP,Database,False,None,True,True,Medium,2,True,False,3.2
CLOUD-004892,AST-08177,Azure,Container,False,None,True,True,Low,1,False,False,0.4
CLOUD-004893,AST-08179,AWS,DevOps,False,None,False,True,Low,3,False,True,2.2
CLOUD-004894,AST-08181,GCP,Serverless,False,None,True,True,High,0,True,False,3.3
CLOUD-004895,AST-08182,Azure,Analytics,False,None,True,True,Medium,3,False,False,1.9
CLOUD-004896,AST-08183,GCP,Container,False,None,True,True,Medium,0,True,False,2.1
CLOUD-004897,AST-08184,GCP,Compute,False,None,True,True,Low,2,False,False,0.4
CLOUD-004898,AST-08185,GCP,DevOps,False,Public RDS Instance,True,True,Medium,3,False,True,3.5
CLOUD-004899,AST-08187,Azure,Serverless,False,None,True,False,Medium,2,False,True,2.2
CLOUD-004900,AST-08188,GCP,Database,True,None,True,True,High,1,False,False,5.0
CLOUD-004901,AST-08189,AWS,Serverless,False,Overly Permissive IAM Policy,True,True,Medium,0,False,True,3.2
CLOUD-004902,AST-08190,Azure,Analytics,False,None,True,False,Medium,1,False,True,1.7
CLOUD-004903,AST-08191,GCP,Identity,False,None,True,True,Medium,0,False,False,0.6
CLOUD-004904,AST-08192,AWS,Storage,False,Open Security Group,True,True,Medium,3,False,True,3.6
CLOUD-004905,AST-08193,Azure,Analytics,False,None,False,True,Medium,0,False,True,2.9
CLOUD-004906,AST-08194,GCP,Compute,True,None,True,True,Low,8,False,False,4.8
CLOUD-004907,AST-08195,AWS,Database,False,None,True,True,High,1,False,False,2.3
CLOUD-004908,AST-08196,GCP,Networking,False,Open Security Group,True,False,Medium,2,False,True,4.0
CLOUD-004909,AST-08197,Azure,ML,False,None,True,True,Medium,2,False,False,1.9
CLOUD-004910,AST-08198,Azure,Storage,False,Cross-Account Access,True,False,Medium,1,False,True,4.4
CLOUD-004911,AST-08200,AWS,Storage,True,Public RDS Instance,True,True,Low,5,True,True,7.9
CLOUD-004912,AST-08201,AWS,DevOps,False,None,True,True,Low,1,False,False,0
CLOUD-004913,AST-08205,AWS,Compute,True,Unrotated Access Keys,True,True,Low,1,False,True,5.4
CLOUD-004914,AST-08206,AWS,Analytics,False,Cross-Account Access,True,True,Medium,2,False,True,2.9
CLOUD-004915,AST-08207,Azure,Storage,False,None,True,True,Medium,1,False,False,1.1
CLOUD-004916,AST-08211,Azure,Identity,False,None,True,True,Medium,2,False,False,1.4
CLOUD-004917,AST-08214,GCP,Storage,True,None,True,True,Low,4,False,False,4.2
CLOUD-004918,AST-08216,Azure,Analytics,False,No Network ACL,False,True,Low,1,False,True,3.8
CLOUD-004919,AST-08217,GCP,DevOps,False,None,True,True,High,1,False,False,2.3
CLOUD-004920,AST-08218,AWS,Database,True,None,True,True,High,5,False,False,6.1
CLOUD-004921,AST-08219,Azure,Serverless,False,None,False,True,Medium,2,False,True,3.2
CLOUD-004922,AST-08222,Azure,Container,False,No MFA on Root Account,False,True,Medium,1,False,True,5.0
CLOUD-004923,AST-08224,GCP,Analytics,False,None,True,True,Medium,0,False,False,1.1
CLOUD-004924,AST-08225,GCP,Analytics,False,Public RDS Instance,True,False,Low,2,False,True,3.1
CLOUD-004925,AST-08227,GCP,Container,False,Exposed API Key,True,True,Medium,3,False,True,3.1
CLOUD-004926,AST-08228,Azure,Storage,False,None,True,True,High,2,False,False,2.0
CLOUD-004927,AST-08230,AWS,DevOps,False,None,True,True,Low,0,False,False,0.4
CLOUD-004928,AST-08231,GCP,Storage,False,None,False,True,High,0,False,True,3.7
CLOUD-004929,AST-08232,GCP,Networking,False,None,True,True,Low,3,True,False,2.2
CLOUD-004930,AST-08234,Azure,Database,False,Exposed API Key,True,False,Low,1,False,True,3.6
CLOUD-004931,AST-08236,Azure,Container,False,Default VPC,True,True,High,2,False,True,4.3
CLOUD-004932,AST-08239,Azure,DevOps,False,Overly Permissive IAM Policy,True,True,Medium,2,False,True,3.2
CLOUD-004933,AST-08241,Azure,Database,False,Logging Disabled,False,True,Medium,0,False,True,4.6
CLOUD-004934,AST-08242,GCP,Serverless,True,None,True,True,Medium,5,True,False,6.2
CLOUD-004935,AST-08244,Azure,Identity,False,None,True,False,High,2,False,True,3.1
CLOUD-004936,AST-08245,GCP,Serverless,False,None,True,True,Low,1,False,False,0.1
CLOUD-004937,AST-08246,Azure,Container,False,None,False,False,Low,0,False,True,2.2
CLOUD-004938,AST-08247,Azure,Storage,False,None,True,False,Medium,3,False,True,3.0
CLOUD-004939,AST-08249,AWS,Container,False,None,True,True,Low,3,False,False,0.6
CLOUD-004940,AST-08251,AWS,Serverless,False,None,False,False,Low,2,False,True,3.4
CLOUD-004941,AST-08253,GCP,Compute,False,None,True,True,Low,3,False,False,0.2
CLOUD-004942,AST-08255,GCP,Networking,False,None,True,False,Low,1,False,True,1.5
CLOUD-004943,AST-08256,AWS,ML,True,Unencrypted Volume,True,True,Medium,0,False,True,6.2
CLOUD-004944,AST-08257,GCP,Storage,True,None,True,True,Medium,2,False,False,4.8
CLOUD-004945,AST-08260,AWS,Database,False,No Network ACL,True,False,Medium,0,True,True,5.8
CLOUD-004946,AST-08262,Azure,Database,True,None,False,True,High,5,False,True,7.4
CLOUD-004947,AST-08263,GCP,Serverless,False,None,True,True,High,2,False,False,2.2
CLOUD-004948,AST-08264,Azure,DevOps,True,Overly Permissive IAM Policy,True,True,High,9,False,True,8.8
CLOUD-004949,AST-08266,AWS,Compute,False,Public S3 Bucket,True,True,High,2,False,True,4.5
CLOUD-004950,AST-08267,Azure,ML,False,None,True,False,High,1,False,True,3.1
CLOUD-004951,AST-08269,Azure,Networking,False,None,True,True,Low,0,False,False,0
CLOUD-004952,AST-08270,AWS,Networking,False,None,True,True,High,3,False,False,2.8
CLOUD-004953,AST-08274,GCP,Analytics,True,None,True,True,Low,0,False,False,2.9
CLOUD-004954,AST-08276,GCP,Identity,False,None,True,True,Low,0,False,False,0.4
CLOUD-004955,AST-08277,Azure,Networking,False,Logging Disabled,True,True,Medium,0,False,True,3.4
CLOUD-004956,AST-08278,AWS,ML,False,None,True,False,Medium,2,False,True,2.2
CLOUD-004957,AST-08280,AWS,Identity,False,None,False,True,Low,3,False,True,2.5
CLOUD-004958,AST-08282,GCP,Storage,False,Default VPC,False,False,High,3,False,True,6.8
CLOUD-004959,AST-08283,Azure,Database,False,None,True,False,Low,1,False,True,1.0
CLOUD-004960,AST-08284,AWS,Storage,False,None,True,False,Low,3,False,True,1.3
CLOUD-004961,AST-08287,AWS,Identity,False,None,True,False,High,2,True,True,4.4
CLOUD-004962,AST-08289,AWS,Networking,False,None,True,True,Low,3,False,False,0.2
CLOUD-004963,AST-08291,AWS,Storage,False,None,False,True,Low,3,False,True,2.3
CLOUD-004964,AST-08293,AWS,DevOps,False,None,True,False,Medium,1,False,True,2.6
CLOUD-004965,AST-08294,Azure,Analytics,False,None,True,True,Low,3,True,False,1.7
CLOUD-004966,AST-08295,GCP,Serverless,True,None,True,True,High,10,False,False,7.3
CLOUD-004967,AST-08296,AWS,Networking,False,None,True,True,Low,3,False,False,0.7
CLOUD-004968,AST-08297,GCP,Identity,False,None,True,True,Medium,0,False,False,1.2
CLOUD-004969,AST-08298,AWS,Storage,False,Cross-Account Access,False,True,Low,2,False,True,4.4
CLOUD-004970,AST-08300,AWS,Database,False,None,True,False,High,3,False,True,3.7
CLOUD-004971,AST-08301,Azure,Networking,False,No MFA on Root Account,False,False,Medium,3,False,True,5.7
CLOUD-004972,AST-08303,GCP,Networking,False,None,False,False,Low,3,False,True,3.3
CLOUD-004973,AST-08309,GCP,ML,False,Default VPC,True,True,Low,0,False,True,2.5
CLOUD-004974,AST-08310,GCP,Compute,False,None,True,True,Medium,2,False,False,1.3
CLOUD-004975,AST-08311,AWS,Identity,False,Missing WAF,True,True,Low,0,False,True,2.1
CLOUD-004976,AST-08315,GCP,Database,True,None,True,False,Low,8,False,True,5.7
CLOUD-004977,AST-08316,Azure,ML,True,None,True,True,High,2,False,False,5.2
CLOUD-004978,AST-08317,Azure,Storage,False,No Network ACL,True,False,Low,1,False,True,3.6
CLOUD-004979,AST-08319,AWS,Identity,False,None,True,False,Low,1,False,True,0.9
CLOUD-004980,AST-08320,GCP,DevOps,False,None,False,True,High,3,False,True,3.7
CLOUD-004981,AST-08321,AWS,Container,False,Unencrypted Volume,False,True,High,2,False,True,5.8
CLOUD-004982,AST-08323,AWS,Container,False,No MFA on Root Account,True,False,Medium,2,False,True,4.2
CLOUD-004983,AST-08324,Azure,DevOps,False,None,True,True,Medium,0,False,False,0.6
CLOUD-004984,AST-08325,AWS,Identity,False,None,True,False,Medium,1,False,True,1.8
CLOUD-004985,AST-08326,AWS,Database,True,None,False,False,High,4,True,True,9.6
CLOUD-004986,AST-08331,GCP,ML,False,None,False,False,High,1,False,True,4.6
CLOUD-004987,AST-08332,Azure,ML,False,Open Security Group,True,True,Low,1,False,True,2.3
CLOUD-004988,AST-08333,Azure,Identity,False,Open Security Group,True,True,High,0,False,True,4.0
CLOUD-004989,AST-08335,AWS,Compute,False,Public S3 Bucket,True,True,High,1,False,True,4.6
CLOUD-004990,AST-08336,Azure,Compute,False,None,True,True,Medium,0,False,False,0.8
CLOUD-004991,AST-08337,Azure,Storage,False,None,True,True,Medium,1,False,False,0.7
CLOUD-004992,AST-08339,Azure,Container,True,None,True,True,Medium,5,False,False,5.2
CLOUD-004993,AST-08340,AWS,Networking,False,None,True,True,Low,1,True,False,2.1
CLOUD-004994,AST-08341,AWS,Identity,False,Logging Disabled,True,True,High,1,False,True,4.5
CLOUD-004995,AST-08343,Azure,Serverless,False,Open Security Group,True,True,Low,3,False,True,2.5
CLOUD-004996,AST-08344,AWS,DevOps,False,None,True,True,Medium,3,False,False,2.0
CLOUD-004997,AST-08346,AWS,Container,False,None,False,True,High,2,False,True,3.5
CLOUD-004998,AST-08347,Azure,Networking,False,None,True,True,High,3,False,False,2.3
CLOUD-004999,AST-08348,AWS,Storage,True,None,True,True,Low,8,True,False,6.1
CLOUD-005000,AST-08350,GCP,Analytics,True,None,True,True,High,6,False,False,5.8
CLOUD-005001,AST-08351,GCP,Database,False,Open Security Group,True,True,High,0,False,True,4.0
CLOUD-005002,AST-08354,AWS,ML,False,None,False,True,High,3,True,True,5.8
CLOUD-005003,AST-08357,AWS,Identity,False,None,True,False,Medium,3,False,True,2.6
CLOUD-005004,AST-08358,GCP,Identity,False,None,True,True,High,3,False,False,2.5
CLOUD-005005,AST-08361,GCP,ML,True,None,True,True,Medium,9,False,False,6.2
CLOUD-005006,AST-08363,Azure,Compute,False,Missing WAF,True,True,High,2,False,True,4.5
CLOUD-005007,AST-08366,AWS,DevOps,False,None,False,True,Low,2,False,True,2.1
CLOUD-005008,AST-08368,AWS,DevOps,False,None,False,False,Medium,1,False,True,3.3
CLOUD-005009,AST-08369,Azure,Serverless,False,None,True,True,Medium,1,False,False,1.0
CLOUD-005010,AST-08371,AWS,Database,False,None,True,False,Low,1,False,True,1.0
CLOUD-005011,AST-08372,AWS,Identity,False,None,True,True,Medium,0,False,False,1.3
CLOUD-005012,AST-08373,AWS,DevOps,False,None,True,False,High,1,False,True,3.3
CLOUD-005013,AST-08375,AWS,ML,False,None,True,True,Medium,1,False,False,1.1
CLOUD-005014,AST-08376,AWS,Container,False,No MFA on Root Account,True,True,High,2,False,True,4.4
CLOUD-005015,AST-08377,AWS,Container,False,No Network ACL,True,True,Low,3,False,True,2.5
CLOUD-005016,AST-08378,GCP,ML,False,None,True,True,Medium,0,False,False,1.4
CLOUD-005017,AST-08384,Azure,DevOps,False,None,True,True,Medium,2,False,False,1.3
CLOUD-005018,AST-08385,GCP,Container,False,None,True,True,Medium,2,False,False,1.7
CLOUD-005019,AST-08386,Azure,ML,True,Cross-Account Access,True,True,High,5,False,True,7.9
CLOUD-005020,AST-08388,AWS,DevOps,False,None,False,True,Low,2,False,True,2.3
CLOUD-005021,AST-08389,GCP,Networking,False,None,True,True,Low,3,False,False,0.1
CLOUD-005022,AST-08391,GCP,Analytics,False,Open Security Group,True,True,High,2,False,True,4.6
CLOUD-005023,AST-08392,Azure,Compute,False,Public RDS Instance,True,True,Low,2,False,True,2.0
CLOUD-005024,AST-08395,Azure,Storage,False,None,True,True,Medium,0,False,False,1.1
CLOUD-005025,AST-08396,AWS,Container,True,None,True,True,Medium,3,True,False,6.4
CLOUD-005026,AST-08397,GCP,Analytics,False,None,False,True,Low,1,False,True,2.2
CLOUD-005027,AST-08399,AWS,Storage,False,None,True,True,Medium,3,True,False,3.4
CLOUD-005028,AST-08400,GCP,DevOps,False,None,True,True,Low,1,False,False,0.5
CLOUD-005029,AST-08401,Azure,Storage,False,Overly Permissive IAM Policy,True,False,Low,0,False,True,3.0
CLOUD-005030,AST-08409,GCP,Analytics,False,None,True,True,Low,2,False,False,0.0
CLOUD-005031,AST-08410,GCP,Database,False,None,False,True,Low,3,False,True,1.7
CLOUD-005032,AST-08411,Azure,Container,True,None,True,False,High,8,False,True,8.0
CLOUD-005033,AST-08412,AWS,Container,False,Cross-Account Access,True,True,Medium,3,False,True,3.7
CLOUD-005034,AST-08413,AWS,Storage,False,None,True,True,Medium,2,False,False,1.1
CLOUD-005035,AST-08414,Azure,Identity,False,Open Security Group,True,True,Low,0,False,True,1.8
CLOUD-005036,AST-08416,AWS,Container,False,None,False,True,Medium,3,False,True,3.2
CLOUD-005037,AST-08417,AWS,Identity,True,None,False,False,Medium,5,False,True,7.4
CLOUD-005038,AST-08418,AWS,Identity,False,Logging Disabled,True,False,Low,3,False,True,3.6
CLOUD-005039,AST-08419,AWS,Compute,False,Cross-Account Access,True,False,High,3,False,True,5.3
CLOUD-005040,AST-08421,GCP,Networking,False,None,True,True,Medium,3,False,False,1.6
CLOUD-005041,AST-08423,AWS,Analytics,True,Public RDS Instance,True,False,Low,1,False,True,6.4
CLOUD-005042,AST-08425,AWS,ML,False,None,False,True,Low,2,False,True,1.9
CLOUD-005043,AST-08426,AWS,Container,False,None,True,True,Low,2,False,False,0.8
CLOUD-005044,AST-08427,GCP,Networking,False,Overly Permissive IAM Policy,False,True,Medium,1,True,True,6.4
CLOUD-005045,AST-08428,GCP,Analytics,False,No Versioning on Bucket,True,True,Low,1,True,True,4.0
CLOUD-005046,AST-08431,Azure,Analytics,True,Exposed API Key,True,True,Medium,7,False,True,7.7
CLOUD-005047,AST-08433,AWS,Container,True,None,True,True,Low,7,True,False,5.6
CLOUD-005048,AST-08435,AWS,Networking,False,None,True,True,Low,1,False,False,0.2
CLOUD-005049,AST-08438,Azure,ML,False,None,True,True,Low,3,False,False,0.9
CLOUD-005050,AST-08439,AWS,Database,False,None,True,True,Medium,3,True,False,2.7
CLOUD-005051,AST-08440,Azure,Storage,False,None,True,True,High,2,False,False,1.9
CLOUD-005052,AST-08441,AWS,Networking,False,None,False,True,High,0,False,True,3.3
CLOUD-005053,AST-08446,AWS,Identity,False,None,True,True,Medium,2,False,False,1.2
CLOUD-005054,AST-08447,Azure,Database,False,None,True,False,High,0,False,True,3.5
CLOUD-005055,AST-08449,AWS,DevOps,False,No MFA on Root Account,False,True,High,0,False,True,5.2
CLOUD-005056,AST-08450,Azure,Identity,True,None,True,True,High,4,False,False,5.3
CLOUD-005057,AST-08452,AWS,Container,False,Overly Permissive IAM Policy,True,False,High,1,False,True,5.5
CLOUD-005058,AST-08454,GCP,Container,True,None,False,True,High,8,False,True,8.0
CLOUD-005059,AST-08457,AWS,Analytics,False,None,False,False,Medium,3,False,True,4.4
CLOUD-005060,AST-08458,AWS,Compute,True,None,False,True,High,5,False,True,7.0
CLOUD-005061,AST-08460,GCP,Database,False,None,True,True,Medium,3,False,False,1.6
CLOUD-005062,AST-08461,AWS,Identity,False,Public RDS Instance,True,False,Low,3,False,True,3.7
CLOUD-005063,AST-08463,Azure,ML,False,None,True,True,High,1,False,False,2.3
CLOUD-005064,AST-08466,AWS,Database,False,None,True,True,Medium,0,True,False,2.6
CLOUD-005065,AST-08473,Azure,Analytics,False,None,False,False,Low,0,False,True,2.6
CLOUD-005066,AST-08475,AWS,DevOps,False,None,True,False,Low,1,False,True,1.3
CLOUD-005067,AST-08476,Azure,Storage,False,None,True,True,Low,2,False,False,0.9
CLOUD-005068,AST-08477,AWS,Identity,True,None,True,True,Low,2,False,False,3.0
CLOUD-005069,AST-08479,GCP,Database,True,Unrotated Access Keys,True,True,High,6,False,True,8.0
CLOUD-005070,AST-08481,GCP,Database,False,None,True,True,Medium,0,False,False,0.9
CLOUD-005071,AST-08482,Azure,Storage,False,None,False,True,High,2,False,True,4.2
CLOUD-005072,AST-08483,AWS,Database,False,None,True,False,Low,0,False,True,1.5
CLOUD-005073,AST-08485,GCP,Container,False,None,True,True,Medium,1,False,False,1.7
CLOUD-005074,AST-08486,GCP,ML,False,None,False,True,Low,1,False,True,1.3
CLOUD-005075,AST-08488,Azure,Storage,False,None,False,True,High,1,False,True,3.2
CLOUD-005076,AST-08490,GCP,ML,False,None,True,True,Medium,0,False,False,1.5
CLOUD-005077,AST-08492,GCP,Container,False,None,True,True,Medium,3,False,False,1.8
CLOUD-005078,AST-08493,AWS,Database,True,None,False,True,Medium,9,False,True,6.8
CLOUD-005079,AST-08496,AWS,ML,False,None,True,True,High,0,False,False,1.7
CLOUD-005080,AST-08498,Azure,Container,False,None,True,True,Low,0,False,False,0.5
CLOUD-005081,AST-08499,Azure,ML,False,None,False,True,Low,1,False,True,2.2
CLOUD-005082,AST-08503,Azure,Database,False,No MFA on Root Account,True,True,Medium,3,False,True,3.2
CLOUD-005083,AST-08504,Azure,Storage,False,None,True,True,High,0,False,False,1.6
CLOUD-005084,AST-08507,AWS,DevOps,True,None,True,True,Medium,5,False,False,5.0
CLOUD-005085,AST-08508,Azure,Identity,True,None,True,False,High,5,False,True,7.1
CLOUD-005086,AST-08510,Azure,Container,False,None,True,True,Medium,0,True,False,2.4
CLOUD-005087,AST-08513,Azure,Identity,False,None,True,True,Medium,1,False,False,1.4
CLOUD-005088,AST-08514,Azure,Analytics,True,Public RDS Instance,True,True,Medium,10,False,True,7.9
CLOUD-005089,AST-08515,AWS,Storage,True,Default VPC,True,True,Low,5,False,True,5.8
CLOUD-005090,AST-08516,AWS,Analytics,True,No Network ACL,True,True,High,6,False,True,8.2
CLOUD-005091,AST-08517,AWS,Container,False,No MFA on Root Account,True,True,Low,0,False,True,1.7
CLOUD-005092,AST-08521,Azure,Container,False,None,True,False,High,0,False,True,2.7
CLOUD-005093,AST-08523,Azure,Networking,False,None,True,True,High,0,False,False,2.0
CLOUD-005094,AST-08526,GCP,Serverless,False,Exposed API Key,True,False,Low,1,False,True,3.1
CLOUD-005095,AST-08529,Azure,Serverless,False,None,False,True,Low,2,False,True,1.8
CLOUD-005096,AST-08530,AWS,Compute,False,None,False,False,Medium,2,False,True,4.0
CLOUD-005097,AST-08532,Azure,ML,False,None,True,True,Medium,0,False,False,0.8
CLOUD-005098,AST-08535,AWS,Database,False,None,True,True,Medium,3,False,False,1.7
CLOUD-005099,AST-08536,Azure,Serverless,False,None,True,False,High,1,False,True,3.3
CLOUD-005100,AST-08537,AWS,Analytics,False,Public RDS Instance,True,True,Medium,3,False,True,4.0
CLOUD-005101,AST-08544,AWS,DevOps,False,None,True,True,Medium,3,False,False,1.6
CLOUD-005102,AST-08545,AWS,Storage,False,None,True,True,High,2,False,False,2.8
CLOUD-005103,AST-08547,Azure,Storage,False,None,True,True,Low,2,False,False,0
CLOUD-005104,AST-08549,GCP,Identity,False,None,False,True,High,2,False,True,3.5
CLOUD-005105,AST-08551,Azure,Compute,False,None,False,True,Low,2,False,True,2.0
CLOUD-005106,AST-08552,AWS,Identity,False,None,False,True,Low,1,False,True,1.8
CLOUD-005107,AST-08555,AWS,Compute,False,None,True,True,High,0,False,False,2.4
CLOUD-005108,AST-08557,Azure,Container,False,None,True,True,Low,1,False,False,0.1
CLOUD-005109,AST-08558,AWS,DevOps,False,None,False,False,High,3,False,True,5.0
CLOUD-005110,AST-08559,AWS,Identity,True,None,True,True,Low,10,False,False,4.7
CLOUD-005111,AST-08562,AWS,Analytics,False,None,True,True,Medium,0,False,False,1.2
CLOUD-005112,AST-08563,Azure,Networking,False,Logging Disabled,True,True,High,2,True,True,6.1
CLOUD-005113,AST-08565,AWS,Storage,False,Open Security Group,True,True,Low,1,False,True,2.5
CLOUD-005114,AST-08566,AWS,Storage,False,Overly Permissive IAM Policy,True,True,Medium,0,False,True,3.0
CLOUD-005115,AST-08567,AWS,ML,False,None,True,True,Medium,2,False,False,1.7
CLOUD-005116,AST-08573,GCP,ML,False,None,True,True,Medium,3,False,False,1.1
CLOUD-005117,AST-08575,AWS,Serverless,False,None,True,True,High,0,False,False,1.9
CLOUD-005118,AST-08577,AWS,Identity,False,None,False,True,Low,2,True,True,3.4
CLOUD-005119,AST-08579,AWS,Database,False,Default VPC,True,True,Medium,1,False,True,3.1
CLOUD-005120,AST-08581,AWS,Storage,False,None,True,False,Medium,2,False,True,2.4
CLOUD-005121,AST-08583,Azure,Networking,True,None,True,False,Medium,4,False,True,6.1
CLOUD-005122,AST-08585,Azure,Serverless,False,None,True,True,Low,3,False,False,0.2
CLOUD-005123,AST-08586,Azure,ML,True,None,True,False,Medium,5,False,True,6.1
CLOUD-005124,AST-08587,Azure,ML,False,None,False,True,High,0,False,True,3.3
CLOUD-005125,AST-08589,Azure,ML,False,None,True,True,Medium,2,False,False,1.4
CLOUD-005126,AST-08590,AWS,Container,False,None,True,True,Low,2,False,False,0.4
CLOUD-005127,AST-08591,AWS,Serverless,False,None,True,False,Low,3,True,True,3.4
CLOUD-005128,AST-08594,GCP,Analytics,False,No Versioning on Bucket,True,False,Medium,0,False,True,4.3
CLOUD-005129,AST-08596,Azure,Networking,False,None,True,False,Low,1,False,True,1.0
CLOUD-005130,AST-08597,AWS,Identity,False,Logging Disabled,True,False,High,0,False,True,4.6
CLOUD-005131,AST-08598,AWS,Networking,False,None,True,False,Medium,1,False,True,2.4
CLOUD-005132,AST-08599,AWS,Serverless,False,None,True,True,Medium,2,False,False,1.3
CLOUD-005133,AST-08603,GCP,Database,False,None,True,False,High,3,False,True,3.3
CLOUD-005134,AST-08604,Azure,Compute,False,None,False,True,Medium,1,False,True,2.3
CLOUD-005135,AST-08605,GCP,Serverless,False,None,True,True,Low,2,False,False,0.8
CLOUD-005136,AST-08606,AWS,Serverless,True,None,True,True,Medium,10,False,False,6.2
CLOUD-005137,AST-08607,AWS,Compute,False,None,False,True,Low,3,False,True,2.1
CLOUD-005138,AST-08609,Azure,Container,False,Public S3 Bucket,True,True,Medium,1,True,True,5.2
CLOUD-005139,AST-08610,GCP,Container,False,None,True,True,Medium,0,False,False,1.0
CLOUD-005140,AST-08612,Azure,Serverless,False,Unrotated Access Keys,False,True,High,1,False,True,5.7
CLOUD-005141,AST-08613,AWS,Serverless,False,None,False,True,High,0,False,True,3.7
CLOUD-005142,AST-08615,GCP,Identity,True,None,True,True,High,0,False,False,5.0
CLOUD-005143,AST-08616,Azure,Analytics,True,None,True,True,Medium,9,False,False,5.5
CLOUD-005144,AST-08619,Azure,Compute,False,Exposed API Key,True,True,Low,3,False,True,3.0
CLOUD-005145,AST-08620,Azure,DevOps,False,None,True,True,Low,0,False,False,0
CLOUD-005146,AST-08623,Azure,Database,True,None,False,False,High,8,False,True,9.2
CLOUD-005147,AST-08625,AWS,Networking,False,None,False,True,Low,1,False,True,1.5
CLOUD-005148,AST-08629,GCP,Storage,False,None,False,True,Low,0,False,True,1.5
CLOUD-005149,AST-08630,Azure,Storage,False,None,True,True,Low,0,False,False,0.1
CLOUD-005150,AST-08632,AWS,Serverless,False,No Versioning on Bucket,True,False,Medium,1,False,True,4.5
CLOUD-005151,AST-08633,AWS,Database,False,None,True,True,Medium,0,False,False,1.0
CLOUD-005152,AST-08634,GCP,Compute,False,None,True,True,High,1,False,False,2.3
CLOUD-005153,AST-08635,GCP,Serverless,False,None,True,True,High,2,False,False,2.8
CLOUD-005154,AST-08639,Azure,Compute,False,None,True,False,High,2,False,True,3.5
CLOUD-005155,AST-08642,GCP,Compute,False,None,True,True,Medium,2,False,False,1.1
CLOUD-005156,AST-08643,AWS,Storage,True,None,True,False,High,5,False,True,7.4
CLOUD-005157,AST-08644,GCP,Serverless,False,None,True,True,High,2,True,False,3.6
CLOUD-005158,AST-08645,AWS,Serverless,False,Overly Permissive IAM Policy,True,True,Medium,1,False,True,3.1
CLOUD-005159,AST-08646,GCP,Analytics,False,None,True,True,High,2,False,False,2.1
CLOUD-005160,AST-08648,AWS,Storage,False,None,True,True,High,0,False,False,1.8
CLOUD-005161,AST-08651,AWS,Identity,False,None,True,True,Low,1,False,False,0
CLOUD-005162,AST-08652,AWS,Analytics,False,None,False,True,High,0,False,True,3.4
CLOUD-005163,AST-08656,AWS,ML,False,No MFA on Root Account,True,True,Low,0,False,True,1.7
CLOUD-005164,AST-08660,Azure,Serverless,True,Overly Permissive IAM Policy,True,True,Medium,9,False,True,7.7
CLOUD-005165,AST-08662,GCP,Analytics,False,None,True,True,Medium,1,False,False,1.0
CLOUD-005166,AST-08664,GCP,ML,False,None,True,True,High,2,False,False,2.3
CLOUD-005167,AST-08667,Azure,Compute,True,Default VPC,True,True,Medium,4,False,True,6.5
CLOUD-005168,AST-08668,AWS,Networking,False,None,False,True,Medium,1,False,True,2.8
CLOUD-005169,AST-08669,GCP,Compute,False,Unrotated Access Keys,False,True,High,0,False,True,5.0
CLOUD-005170,AST-08671,GCP,Container,True,Default VPC,True,False,Low,10,True,True,9.7
CLOUD-005171,AST-08672,Azure,DevOps,False,None,True,True,Low,2,False,False,0.6
CLOUD-005172,AST-08674,AWS,Container,False,None,True,True,Low,1,False,False,0.1
CLOUD-005173,AST-08679,GCP,Container,False,None,False,False,Low,3,False,True,3.0
CLOUD-005174,AST-08680,GCP,Database,False,No Network ACL,True,True,High,3,True,True,5.7
CLOUD-005175,AST-08681,GCP,Compute,False,None,True,True,High,3,False,False,2.2
CLOUD-005176,AST-08682,GCP,Serverless,False,None,True,True,Low,1,False,False,0
CLOUD-005177,AST-08683,Azure,DevOps,False,None,True,True,Medium,2,False,False,1.0
CLOUD-005178,AST-08685,GCP,Networking,False,No MFA on Root Account,True,True,Low,1,False,True,2.1
CLOUD-005179,AST-08686,Azure,DevOps,False,Unrotated Access Keys,True,True,High,1,False,True,4.6
CLOUD-005180,AST-08689,Azure,Identity,False,No MFA on Root Account,True,True,Medium,2,False,True,3.4
CLOUD-005181,AST-08690,Azure,Compute,False,Unrotated Access Keys,True,False,Low,1,True,True,4.6
CLOUD-005182,AST-08691,GCP,Database,False,None,True,True,High,2,False,False,2.2
CLOUD-005183,AST-08692,AWS,Container,False,Public S3 Bucket,True,False,High,1,True,True,6.5
CLOUD-005184,AST-08693,Azure,Compute,False,None,True,True,Low,3,False,False,0.7
CLOUD-005185,AST-08694,AWS,DevOps,False,None,True,True,Low,0,False,False,0
CLOUD-005186,AST-08695,AWS,Serverless,False,None,True,False,Medium,0,False,True,1.8
CLOUD-005187,AST-08696,AWS,Storage,False,None,True,True,Low,2,False,False,0
CLOUD-005188,AST-08697,GCP,Container,False,None,True,True,High,1,False,False,2.2
CLOUD-005189,AST-08698,AWS,Storage,False,None,False,True,Low,2,False,True,1.4
CLOUD-005190,AST-08699,Azure,Database,False,None,True,True,Low,3,True,False,1.9
CLOUD-005191,AST-08700,GCP,Container,False,None,True,True,Medium,3,False,False,1.5
CLOUD-005192,AST-08701,Azure,Storage,False,None,True,True,Medium,3,False,False,1.7
CLOUD-005193,AST-08702,Azure,Serverless,False,None,True,False,High,0,False,True,3.3
CLOUD-005194,AST-08703,GCP,DevOps,False,None,True,True,High,2,False,False,1.9
CLOUD-005195,AST-08704,GCP,DevOps,False,None,True,True,High,3,False,False,2.1
CLOUD-005196,AST-08705,AWS,Compute,False,Public RDS Instance,True,True,Low,3,False,True,2.4
CLOUD-005197,AST-08708,GCP,Analytics,False,Unrotated Access Keys,False,True,Medium,0,False,True,4.0
CLOUD-005198,AST-08709,AWS,Compute,False,None,True,True,Medium,1,False,False,1.4
CLOUD-005199,AST-08710,AWS,Identity,False,None,False,True,High,0,False,True,3.5
CLOUD-005200,AST-08711,Azure,Analytics,False,None,False,True,High,2,False,True,4.0
CLOUD-005201,AST-08712,GCP,Identity,False,No Network ACL,True,True,Low,0,False,True,1.6
CLOUD-005202,AST-08714,Azure,DevOps,False,None,True,True,Medium,0,False,False,1.3
CLOUD-005203,AST-08715,GCP,Database,False,None,False,False,High,3,True,True,6.8
CLOUD-005204,AST-08716,Azure,Database,False,None,True,False,Medium,1,False,True,2.4
CLOUD-005205,AST-08717,AWS,Database,False,None,True,False,Medium,1,False,True,2.4
CLOUD-005206,AST-08718,GCP,Storage,False,Open Security Group,False,True,Medium,1,True,True,6.6
CLOUD-005207,AST-08719,GCP,DevOps,False,None,True,True,High,0,False,False,2.0
CLOUD-005208,AST-08720,GCP,Compute,False,No MFA on Root Account,True,True,Medium,0,False,True,3.5
CLOUD-005209,AST-08721,GCP,Database,False,Default VPC,True,True,High,1,False,True,4.2
CLOUD-005210,AST-08723,AWS,ML,True,Missing WAF,True,True,Medium,6,False,True,7.2
CLOUD-005211,AST-08724,Azure,Identity,False,None,True,True,Medium,0,False,False,0.8
CLOUD-005212,AST-08726,AWS,DevOps,False,None,True,True,High,2,False,False,2.2
CLOUD-005213,AST-08727,Azure,DevOps,False,None,False,False,Low,3,False,True,3.2
CLOUD-005214,AST-08728,Azure,Serverless,False,None,True,True,Medium,1,False,False,1.5
CLOUD-005215,AST-08729,GCP,ML,False,None,True,True,Medium,3,False,False,1.7
CLOUD-005216,AST-08732,Azure,Networking,False,None,False,True,Low,0,False,True,1.6
CLOUD-005217,AST-08734,Azure,Database,False,None,False,True,Low,1,False,True,1.3
CLOUD-005218,AST-08735,Azure,Database,False,None,True,False,Medium,0,False,True,1.7
CLOUD-005219,AST-08736,Azure,Serverless,False,No Network ACL,False,True,Medium,2,True,True,6.5
CLOUD-005220,AST-08737,GCP,Identity,False,None,False,True,High,1,False,True,3.3
CLOUD-005221,AST-08740,AWS,Identity,True,None,True,True,High,9,False,False,6.9
CLOUD-005222,AST-08742,Azure,Identity,True,None,True,True,High,1,False,False,4.8
CLOUD-005223,AST-08744,GCP,DevOps,False,Unencrypted Volume,True,True,High,1,True,True,5.5
CLOUD-005224,AST-08745,AWS,Identity,False,None,True,True,High,2,False,False,2.6
CLOUD-005225,AST-08748,AWS,Networking,True,Exposed API Key,True,True,High,1,False,True,6.9
CLOUD-005226,AST-08751,AWS,DevOps,False,None,True,False,High,1,False,True,3.3
CLOUD-005227,AST-08752,Azure,DevOps,False,None,True,True,High,0,False,False,2.3
CLOUD-005228,AST-08753,Azure,Serverless,False,None,True,True,Medium,2,False,False,1.2
CLOUD-005229,AST-08754,Azure,DevOps,False,Missing WAF,True,True,Medium,0,False,True,2.8
CLOUD-005230,AST-08756,Azure,DevOps,True,None,True,True,High,7,False,False,6.4
CLOUD-005231,AST-08757,AWS,Identity,False,None,True,False,High,0,False,True,3.2
CLOUD-005232,AST-08758,AWS,Storage,True,None,True,False,High,4,True,True,8.0
CLOUD-005233,AST-08760,GCP,Analytics,False,Open Security Group,True,False,Medium,2,False,True,4.5
CLOUD-005234,AST-08761,Azure,Networking,False,None,True,True,Low,0,False,False,0.4
CLOUD-005235,AST-08765,Azure,DevOps,False,None,True,True,Low,3,False,False,1.1
CLOUD-005236,AST-08767,AWS,Container,True,None,True,True,High,6,False,False,6.7
CLOUD-005237,AST-08772,Azure,ML,False,None,True,True,Low,0,False,False,0.1
CLOUD-005238,AST-08777,AWS,Container,False,None,True,True,Low,0,False,False,0
CLOUD-005239,AST-08778,Azure,ML,False,None,True,True,Low,1,False,False,0.2
CLOUD-005240,AST-08781,AWS,Analytics,False,None,False,True,High,1,False,True,3.3
CLOUD-005241,AST-08782,GCP,Analytics,False,None,True,True,High,3,True,False,4.2
CLOUD-005242,AST-08784,GCP,Container,False,None,True,True,Low,2,False,False,0
CLOUD-005243,AST-08787,AWS,Networking,False,Cross-Account Access,True,False,High,2,False,True,5.0
CLOUD-005244,AST-08788,GCP,Storage,False,No MFA on Root Account,True,False,Medium,0,True,True,5.1
CLOUD-005245,AST-08789,Azure,ML,False,None,True,False,High,1,False,True,3.3
CLOUD-005246,AST-08790,GCP,Serverless,False,None,True,True,Low,3,True,False,2.0
CLOUD-005247,AST-08791,GCP,Compute,False,None,True,False,Low,1,False,True,1.4
CLOUD-005248,AST-08796,Azure,Database,False,None,True,True,Low,0,False,False,0.4
CLOUD-005249,AST-08798,GCP,Storage,False,None,True,True,High,3,True,False,3.9
CLOUD-005250,AST-08799,AWS,Database,False,None,True,True,Medium,2,False,False,1.6
CLOUD-005251,AST-08803,GCP,Serverless,False,Default VPC,True,True,High,1,False,True,4.4
CLOUD-005252,AST-08804,GCP,Database,False,Logging Disabled,False,True,Medium,0,False,True,4.2
CLOUD-005253,AST-08805,Azure,Networking,False,None,True,True,Medium,1,False,False,1.0
CLOUD-005254,AST-08806,Azure,Compute,True,None,True,True,Low,5,False,False,4.3
CLOUD-005255,AST-08807,AWS,DevOps,False,None,True,True,Low,1,False,False,0
CLOUD-005256,AST-08809,AWS,Networking,False,No Network ACL,True,True,High,1,False,True,4.2
CLOUD-005257,AST-08812,AWS,Compute,False,None,True,False,Medium,1,False,True,2.1
CLOUD-005258,AST-08813,AWS,Compute,False,None,True,True,High,0,False,False,2.2
CLOUD-005259,AST-08814,AWS,Storage,True,None,True,True,Low,3,False,False,3.8
CLOUD-005260,AST-08815,GCP,Identity,True,Open Security Group,False,True,Medium,9,False,True,9.3
CLOUD-005261,AST-08817,GCP,DevOps,False,None,True,True,Low,0,False,False,0
CLOUD-005262,AST-08818,AWS,ML,False,None,True,True,High,2,True,False,3.7
CLOUD-005263,AST-08819,Azure,Database,False,None,True,False,High,2,False,True,3.6
CLOUD-005264,AST-08820,GCP,Compute,False,None,True,True,Low,3,False,False,1.0
CLOUD-005265,AST-08826,GCP,Container,False,None,False,True,Medium,0,False,True,2.0
CLOUD-005266,AST-08827,AWS,Identity,False,No Versioning on Bucket,False,True,Low,0,False,True,3.2
CLOUD-005267,AST-08829,AWS,Analytics,True,Overly Permissive IAM Policy,True,True,Low,0,False,True,4.9
CLOUD-005268,AST-08830,Azure,Analytics,False,Public RDS Instance,True,True,Low,0,False,True,2.3
CLOUD-005269,AST-08832,AWS,Analytics,False,No Versioning on Bucket,True,True,Low,3,False,True,2.3
CLOUD-005270,AST-08833,GCP,Analytics,False,None,True,True,Medium,1,False,False,0.9
CLOUD-005271,AST-08834,GCP,Identity,False,None,True,True,High,0,False,False,1.7
CLOUD-005272,AST-08835,AWS,DevOps,False,No Versioning on Bucket,True,True,High,3,False,True,4.9
CLOUD-005273,AST-08836,GCP,Storage,True,None,True,True,Medium,1,False,False,4.5
CLOUD-005274,AST-08837,GCP,Identity,False,None,True,True,Medium,3,False,False,1.2
CLOUD-005275,AST-08840,GCP,Storage,False,Open Security Group,True,True,Medium,2,True,True,4.8
CLOUD-005276,AST-08842,GCP,DevOps,False,No MFA on Root Account,True,True,Medium,3,False,True,4.0
CLOUD-005277,AST-08844,AWS,ML,False,Open Security Group,False,True,Low,2,False,True,3.6
CLOUD-005278,AST-08845,AWS,Container,True,None,True,False,Low,4,False,True,4.6
CLOUD-005279,AST-08847,AWS,Identity,False,None,True,True,Medium,2,False,False,1.3
CLOUD-005280,AST-08848,GCP,Compute,True,None,True,False,Medium,2,False,True,5.0
CLOUD-005281,AST-08850,Azure,Storage,True,None,True,False,High,6,False,True,6.9
CLOUD-005282,AST-08851,Azure,Analytics,False,Overly Permissive IAM Policy,False,False,Medium,2,False,True,6.3
CLOUD-005283,AST-08853,GCP,ML,False,Public S3 Bucket,True,True,Low,1,False,True,2.6
CLOUD-005284,AST-08854,Azure,Serverless,False,None,True,True,Low,1,False,False,0.6
CLOUD-005285,AST-08856,GCP,Serverless,False,None,True,False,Medium,0,False,True,2.2
CLOUD-005286,AST-08857,AWS,Database,False,Missing WAF,True,True,High,2,True,True,5.8
CLOUD-005287,AST-08859,Azure,Storage,False,None,True,False,Low,2,False,True,1.6
CLOUD-005288,AST-08860,AWS,DevOps,False,Open Security Group,True,True,High,0,True,True,5.2
CLOUD-005289,AST-08862,Azure,Storage,False,Public RDS Instance,False,True,Low,3,False,True,3.9
CLOUD-005290,AST-08865,GCP,Storage,True,Default VPC,True,True,High,2,False,True,7.8
CLOUD-005291,AST-08867,GCP,Storage,True,None,True,False,Medium,1,False,True,4.7
CLOUD-005292,AST-08870,Azure,Storage,False,None,False,True,Medium,3,False,True,3.4
CLOUD-005293,AST-08871,Azure,Identity,True,None,True,True,Low,5,False,False,3.6
CLOUD-005294,AST-08872,Azure,ML,True,No Versioning on Bucket,True,True,High,1,False,True,6.8
CLOUD-005295,AST-08875,Azure,Networking,False,None,True,True,High,0,False,False,1.6
CLOUD-005296,AST-08877,Azure,Identity,False,Cross-Account Access,True,False,Low,0,False,True,3.1
CLOUD-005297,AST-08878,Azure,Identity,False,None,True,True,Medium,2,True,False,2.4
CLOUD-005298,AST-08879,GCP,Networking,False,None,False,False,High,2,False,True,5.0
CLOUD-005299,AST-08880,Azure,Compute,False,No Network ACL,True,True,Low,2,False,True,2.5
CLOUD-005300,AST-08881,GCP,Container,False,None,True,False,High,0,False,True,3.4
CLOUD-005301,AST-08883,Azure,Storage,False,None,True,True,High,1,False,False,2.2
CLOUD-005302,AST-08885,AWS,Container,False,None,True,True,High,2,False,False,2.5
CLOUD-005303,AST-08887,GCP,Compute,False,None,True,True,Low,3,False,False,0.3
CLOUD-005304,AST-08893,AWS,Container,False,None,True,True,Medium,3,False,False,1.9
CLOUD-005305,AST-08894,AWS,Identity,False,None,True,True,Low,2,False,False,0.7
CLOUD-005306,AST-08895,Azure,DevOps,False,None,True,True,High,1,False,False,2.1
CLOUD-005307,AST-08897,GCP,Identity,True,Public S3 Bucket,True,True,Low,2,False,True,5.6
CLOUD-005308,AST-08899,Azure,Analytics,False,None,False,True,Low,1,False,True,1.3
CLOUD-005309,AST-08900,Azure,Serverless,False,Logging Disabled,False,True,Medium,1,True,True,6.0
CLOUD-005310,AST-08901,GCP,Storage,False,Default VPC,True,True,Low,1,False,True,2.1
CLOUD-005311,AST-08902,GCP,Compute,False,None,True,True,Medium,3,False,False,1.7
CLOUD-005312,AST-08903,GCP,Database,False,Missing WAF,True,False,Medium,1,False,True,4.0
CLOUD-005313,AST-08904,Azure,Analytics,False,None,True,False,High,2,False,True,3.0
CLOUD-005314,AST-08906,AWS,Networking,False,None,True,True,Medium,1,False,False,1.5
CLOUD-005315,AST-08908,AWS,Analytics,False,None,True,True,High,0,False,False,1.8
CLOUD-005316,AST-08909,GCP,Serverless,False,None,True,True,High,3,False,False,2.3
CLOUD-005317,AST-08910,Azure,Identity,False,None,True,True,Medium,2,True,False,2.6
CLOUD-005318,AST-08912,GCP,Analytics,True,None,True,True,Low,8,False,False,4.2
CLOUD-005319,AST-08915,GCP,Container,False,No Versioning on Bucket,True,True,High,0,False,True,3.8
CLOUD-005320,AST-08916,GCP,Compute,False,None,True,True,High,0,False,False,2.0
CLOUD-005321,AST-08917,GCP,Compute,False,None,True,True,Medium,1,False,False,1.1
CLOUD-005322,AST-08918,Azure,Analytics,False,None,False,False,Medium,3,False,True,4.4
CLOUD-005323,AST-08921,GCP,Compute,False,Cross-Account Access,True,True,High,1,False,True,4.5
CLOUD-005324,AST-08922,AWS,Compute,False,None,True,False,High,1,False,True,2.9
CLOUD-005325,AST-08923,AWS,Analytics,False,None,True,True,Low,3,False,False,0.1
CLOUD-005326,AST-08924,GCP,ML,False,None,True,True,Medium,0,False,False,1.3
CLOUD-005327,AST-08925,GCP,Container,False,None,True,False,High,1,False,True,3.1
CLOUD-005328,AST-08926,AWS,Database,True,None,False,False,Low,1,False,True,5.4
CLOUD-005329,AST-08927,GCP,Analytics,False,None,False,True,Low,0,False,True,1.4
CLOUD-005330,AST-08928,GCP,Identity,False,None,True,True,Low,2,True,False,1.8
CLOUD-005331,AST-08929,Azure,Container,False,Logging Disabled,True,True,Medium,3,False,True,3.7
CLOUD-005332,AST-08930,GCP,Storage,True,None,True,False,Medium,1,False,True,4.7
CLOUD-005333,AST-08931,GCP,Identity,False,None,True,True,High,1,False,False,1.8
CLOUD-005334,AST-08932,GCP,Networking,False,None,True,True,Low,1,False,False,0
CLOUD-005335,AST-08933,GCP,ML,False,None,True,True,Low,3,False,False,0.5
CLOUD-005336,AST-08934,AWS,Compute,False,Cross-Account Access,False,True,Low,2,False,True,3.5
CLOUD-005337,AST-08935,Azure,Compute,False,None,False,True,High,0,False,True,3.1
CLOUD-005338,AST-08937,Azure,Networking,False,Cross-Account Access,True,True,Medium,1,False,True,3.6
CLOUD-005339,AST-08938,AWS,Database,False,Cross-Account Access,True,True,Medium,2,False,True,3.5
CLOUD-005340,AST-08940,Azure,Container,True,Exposed API Key,True,True,Low,0,False,True,5.3
CLOUD-005341,AST-08946,GCP,DevOps,False,None,False,False,High,3,False,True,5.3
CLOUD-005342,AST-08947,Azure,Serverless,False,None,True,True,Low,3,False,False,0.5
CLOUD-005343,AST-08948,AWS,Compute,False,None,True,False,High,1,False,True,2.7
CLOUD-005344,AST-08949,AWS,ML,False,None,True,True,High,3,False,False,2.7
CLOUD-005345,AST-08953,AWS,Compute,False,Public RDS Instance,True,False,Low,1,False,True,3.0
CLOUD-005346,AST-08954,AWS,Analytics,False,None,False,False,High,2,False,True,5.3
CLOUD-005347,AST-08955,Azure,Identity,False,None,False,False,High,0,False,True,4.6
CLOUD-005348,AST-08956,Azure,DevOps,False,None,False,True,Low,0,False,True,1.6
CLOUD-005349,AST-08959,AWS,Identity,False,None,True,True,Low,3,False,False,0.4
CLOUD-005350,AST-08961,Azure,Database,False,None,True,True,Medium,2,False,False,1.8
CLOUD-005351,AST-08963,AWS,Storage,False,No Versioning on Bucket,True,True,High,3,False,True,4.3
CLOUD-005352,AST-08965,AWS,Identity,False,None,False,True,Medium,0,False,True,2.1
CLOUD-005353,AST-08967,Azure,ML,False,None,True,True,Medium,0,False,False,0.9
CLOUD-005354,AST-08968,Azure,Database,True,Default VPC,True,False,Low,8,True,True,9.4
CLOUD-005355,AST-08969,Azure,DevOps,False,None,True,False,Medium,2,False,True,2.1
CLOUD-005356,AST-08971,GCP,Storage,True,None,True,False,Medium,3,True,True,6.9
CLOUD-005357,AST-08972,Azure,Database,False,Cross-Account Access,True,False,High,1,False,True,5.1
CLOUD-005358,AST-08974,AWS,DevOps,False,No MFA on Root Account,True,True,Medium,3,False,True,3.7
CLOUD-005359,AST-08975,AWS,DevOps,False,Open Security Group,True,True,Low,1,False,True,1.7
CLOUD-005360,AST-08976,GCP,ML,False,Public RDS Instance,True,True,High,1,False,True,4.3
CLOUD-005361,AST-08977,AWS,DevOps,False,None,False,False,Medium,3,False,True,4.5
CLOUD-005362,AST-08978,GCP,Storage,False,None,False,True,High,3,False,True,3.7
CLOUD-005363,AST-08979,Azure,Analytics,False,None,True,True,Low,2,False,False,0.8
CLOUD-005364,AST-08980,Azure,Compute,True,None,True,True,High,3,True,False,6.7
CLOUD-005365,AST-08981,Azure,Storage,False,None,False,True,High,2,False,True,4.2
CLOUD-005366,AST-08982,GCP,DevOps,False,None,False,True,Medium,0,False,True,2.1
CLOUD-005367,AST-08983,Azure,DevOps,False,Logging Disabled,False,True,High,3,False,True,5.8
CLOUD-005368,AST-08984,Azure,Container,True,None,True,True,High,6,False,False,5.8
CLOUD-005369,AST-08985,GCP,Networking,False,None,True,True,Low,3,False,False,0.3
CLOUD-005370,AST-08986,AWS,Container,False,None,True,True,High,1,True,False,3.2
CLOUD-005371,AST-08987,GCP,DevOps,False,Public RDS Instance,True,False,Low,3,False,True,3.1
CLOUD-005372,AST-08990,GCP,Serverless,True,None,True,True,Low,4,False,False,3.7
CLOUD-005373,AST-08994,AWS,Storage,False,None,False,True,Low,0,True,True,2.7
CLOUD-005374,AST-08995,AWS,Analytics,False,None,True,True,High,3,False,False,2.9
CLOUD-005375,AST-08997,GCP,Storage,True,None,True,True,Medium,3,False,False,5.1
CLOUD-005376,AST-08998,GCP,Serverless,True,None,True,True,Medium,4,False,False,4.8
CLOUD-005377,AST-09000,Azure,Storage,True,None,True,True,Medium,4,False,False,4.9
CLOUD-005378,AST-09001,GCP,ML,False,None,True,False,Low,2,False,True,1.4
CLOUD-005379,AST-09002,Azure,Serverless,False,Open Security Group,True,True,Medium,3,True,True,5.5
CLOUD-005380,AST-09003,Azure,ML,False,None,False,True,Low,1,True,True,3.4
CLOUD-005381,AST-09004,Azure,Identity,True,None,False,False,Low,7,True,True,8.3
CLOUD-005382,AST-09005,GCP,DevOps,False,None,True,False,Medium,1,False,True,2.6
CLOUD-005383,AST-09006,AWS,Serverless,False,None,True,False,Low,0,False,True,1.0
CLOUD-005384,AST-09007,AWS,Serverless,False,Unrotated Access Keys,True,False,Low,2,False,True,3.1
CLOUD-005385,AST-09008,Azure,DevOps,False,Open Security Group,True,True,Low,3,True,True,4.2
CLOUD-005386,AST-09010,Azure,DevOps,True,None,False,True,Low,0,False,True,4.1
CLOUD-005387,AST-09012,GCP,ML,False,None,True,False,Medium,1,False,True,2.6
CLOUD-005388,AST-09013,AWS,Storage,False,None,True,True,Low,2,False,False,0.4
CLOUD-005389,AST-09014,AWS,Analytics,False,None,True,True,Medium,0,False,False,1.4
CLOUD-005390,AST-09015,Azure,Storage,False,Unencrypted Volume,True,True,Medium,0,False,True,2.9
CLOUD-005391,AST-09016,GCP,Networking,False,None,True,True,High,2,False,False,2.1
CLOUD-005392,AST-09019,Azure,Identity,False,None,True,True,Low,2,False,False,0.8
CLOUD-005393,AST-09020,AWS,DevOps,False,None,True,True,Low,3,True,False,1.9
CLOUD-005394,AST-09022,Azure,Analytics,False,None,False,True,Medium,2,False,True,3.1
CLOUD-005395,AST-09023,Azure,DevOps,False,None,True,False,Low,2,False,True,1.7
CLOUD-005396,AST-09025,AWS,ML,False,None,True,True,Low,3,False,False,0.6
CLOUD-005397,AST-09026,Azure,Database,False,Overly Permissive IAM Policy,True,False,Low,3,False,True,3.8
CLOUD-005398,AST-09028,GCP,Networking,False,None,True,True,High,0,False,False,1.8
CLOUD-005399,AST-09033,Azure,Serverless,False,None,False,True,Medium,2,False,True,3.0
CLOUD-005400,AST-09035,GCP,Serverless,False,None,True,True,Low,3,False,False,0.7
CLOUD-005401,AST-09037,GCP,Serverless,False,Logging Disabled,True,True,Low,3,False,True,2.9
CLOUD-005402,AST-09039,AWS,Container,False,None,True,False,Low,2,False,True,1.2
CLOUD-005403,AST-09043,GCP,Analytics,False,Default VPC,True,False,Medium,2,False,True,4.2
CLOUD-005404,AST-09044,Azure,DevOps,True,None,True,True,Low,0,False,False,2.6
CLOUD-005405,AST-09045,GCP,DevOps,False,None,True,True,High,1,False,False,2.1
CLOUD-005406,AST-09046,GCP,Compute,False,None,True,True,Medium,3,True,False,3.2
CLOUD-005407,AST-09048,GCP,Serverless,False,No Versioning on Bucket,True,True,High,1,False,True,3.8
CLOUD-005408,AST-09049,Azure,DevOps,False,None,False,True,High,1,False,True,3.9
CLOUD-005409,AST-09052,Azure,DevOps,False,None,True,False,High,0,False,True,2.7
CLOUD-005410,AST-09055,GCP,ML,False,None,True,True,Low,0,False,False,0
CLOUD-005411,AST-09056,GCP,Container,False,None,True,True,Low,1,False,False,0.2
CLOUD-005412,AST-09059,AWS,ML,True,None,True,True,High,7,False,False,6.4
CLOUD-005413,AST-09060,Azure,Analytics,False,None,True,True,Low,2,False,False,0.4
CLOUD-005414,AST-09062,Azure,Serverless,False,Overly Permissive IAM Policy,True,True,Medium,2,False,True,3.6
CLOUD-005415,AST-09064,Azure,Storage,False,None,True,False,Medium,2,False,True,2.6
CLOUD-005416,AST-09065,GCP,Serverless,True,None,True,False,Medium,0,True,True,6.2
CLOUD-005417,AST-09067,Azure,Networking,True,None,False,True,Low,0,False,True,4.6
CLOUD-005418,AST-09069,AWS,Storage,False,None,True,True,Medium,0,False,False,1.2
CLOUD-005419,AST-09073,GCP,Database,True,None,True,False,Low,8,False,True,5.9
CLOUD-005420,AST-09074,GCP,Storage,False,None,True,False,Low,2,False,True,1.8
CLOUD-005421,AST-09075,GCP,Analytics,True,Open Security Group,True,False,Low,8,False,True,7.5
CLOUD-005422,AST-09076,Azure,DevOps,False,None,True,True,High,0,False,False,2.1
CLOUD-005423,AST-09077,AWS,Storage,False,None,True,True,Low,0,False,False,0.2
CLOUD-005424,AST-09080,GCP,Networking,False,None,True,False,Low,0,False,True,1.4
CLOUD-005425,AST-09081,Azure,Storage,False,None,True,False,Medium,1,False,True,1.9
CLOUD-005426,AST-09086,GCP,Database,False,Overly Permissive IAM Policy,True,True,Low,1,False,True,2.4
CLOUD-005427,AST-09087,Azure,Database,False,None,True,True,Medium,3,False,False,1.2
CLOUD-005428,AST-09089,Azure,Storage,False,None,False,True,Low,3,True,True,3.3
CLOUD-005429,AST-09090,AWS,ML,False,None,True,False,High,2,False,True,3.4
CLOUD-005430,AST-09092,AWS,Serverless,True,None,False,True,Low,4,True,True,6.4
CLOUD-005431,AST-09093,AWS,Database,False,Exposed API Key,False,True,Low,0,False,True,3.1
CLOUD-005432,AST-09094,GCP,Identity,False,None,True,True,Low,0,False,False,0
CLOUD-005433,AST-09095,Azure,Compute,False,Unrotated Access Keys,True,True,Low,1,False,True,2.5
CLOUD-005434,AST-09096,GCP,ML,False,None,True,True,High,1,False,False,1.7
CLOUD-005435,AST-09097,GCP,Serverless,True,None,False,True,Low,1,False,True,5.0
CLOUD-005436,AST-09098,Azure,Database,False,Default VPC,True,True,Low,0,False,True,1.7
CLOUD-005437,AST-09100,AWS,Database,False,None,True,False,Low,0,False,True,0.8
CLOUD-005438,AST-09102,Azure,Analytics,False,None,True,True,High,0,False,False,1.6
CLOUD-005439,AST-09103,GCP,ML,False,None,True,True,Medium,2,False,False,1.0
CLOUD-005440,AST-09105,GCP,Networking,True,None,False,True,High,6,True,True,8.7
CLOUD-005441,AST-09106,GCP,Analytics,False,None,True,True,High,3,False,False,2.2
CLOUD-005442,AST-09110,AWS,Analytics,False,Logging Disabled,False,False,High,0,False,True,6.1
CLOUD-005443,AST-09112,Azure,DevOps,False,Logging Disabled,True,False,High,0,True,True,6.7
CLOUD-005444,AST-09114,GCP,Identity,False,Exposed API Key,True,True,Low,2,False,True,2.7
CLOUD-005445,AST-09115,GCP,Identity,False,None,True,False,Low,0,False,True,0.9
CLOUD-005446,AST-09118,Azure,Networking,False,None,False,True,Medium,1,False,True,2.7
CLOUD-005447,AST-09120,AWS,Storage,False,Exposed API Key,True,True,High,0,False,True,4.1
CLOUD-005448,AST-09121,Azure,Serverless,False,None,True,True,High,1,False,False,2.6
CLOUD-005449,AST-09122,AWS,Identity,False,No MFA on Root Account,True,True,High,1,False,True,4.6
CLOUD-005450,AST-09123,Azure,Serverless,False,None,True,False,Medium,2,False,True,2.1
CLOUD-005451,AST-09128,AWS,Networking,False,Cross-Account Access,False,True,Low,3,False,True,3.8
CLOUD-005452,AST-09131,AWS,Analytics,False,Unrotated Access Keys,True,True,Low,3,False,True,3.0
CLOUD-005453,AST-09133,AWS,Identity,False,Logging Disabled,True,True,Medium,2,True,True,4.8
CLOUD-005454,AST-09134,Azure,DevOps,False,None,True,True,High,0,False,False,2.0
CLOUD-005455,AST-09135,AWS,Database,False,None,True,True,Low,1,False,False,0.3
CLOUD-005456,AST-09136,AWS,Compute,False,Cross-Account Access,True,False,Medium,1,False,True,4.7
CLOUD-005457,AST-09137,GCP,DevOps,False,Unrotated Access Keys,True,True,Medium,1,False,True,3.3
CLOUD-005458,AST-09139,Azure,DevOps,False,No Network ACL,True,True,High,3,False,True,4.5
CLOUD-005459,AST-09140,AWS,Storage,False,None,True,True,Medium,0,False,False,0.8
CLOUD-005460,AST-09141,GCP,DevOps,False,None,True,True,Low,1,False,False,0.6
CLOUD-005461,AST-09142,Azure,Database,False,None,True,True,High,3,False,False,2.9
CLOUD-005462,AST-09144,Azure,Analytics,False,None,True,False,High,2,True,True,5.0
CLOUD-005463,AST-09145,GCP,DevOps,False,None,True,True,Medium,0,True,False,2.9
CLOUD-005464,AST-09146,Azure,ML,False,None,True,True,Low,3,True,False,1.8
CLOUD-005465,AST-09150,AWS,Database,False,None,True,False,Low,2,False,True,0.9
CLOUD-005466,AST-09152,AWS,Serverless,False,Default VPC,True,True,High,0,False,True,4.2
CLOUD-005467,AST-09153,GCP,Database,False,None,True,False,High,0,False,True,2.9
CLOUD-005468,AST-09154,GCP,Database,False,No MFA on Root Account,True,False,Medium,1,True,True,5.7
CLOUD-005469,AST-09155,AWS,Container,False,No Versioning on Bucket,True,False,High,0,False,True,4.5
CLOUD-005470,AST-09156,Azure,Compute,False,Missing WAF,True,False,Low,0,False,True,2.7
CLOUD-005471,AST-09157,GCP,Compute,False,Default VPC,True,True,Low,2,False,True,2.8
CLOUD-005472,AST-09159,AWS,ML,False,None,True,False,Medium,3,False,True,3.0
CLOUD-005473,AST-09160,GCP,Serverless,False,Unencrypted Volume,True,False,High,1,False,True,5.4
CLOUD-005474,AST-09161,GCP,Serverless,False,None,True,False,High,2,False,True,3.4
CLOUD-005475,AST-09162,Azure,Storage,False,None,True,True,Low,1,False,False,0.4
CLOUD-005476,AST-09165,Azure,Container,True,None,False,True,High,4,False,True,7.5
CLOUD-005477,AST-09166,Azure,Storage,False,Public S3 Bucket,False,True,Medium,0,False,True,4.9
CLOUD-005478,AST-09168,AWS,Storage,False,None,False,False,Medium,0,True,True,4.7
CLOUD-005479,AST-09169,AWS,Storage,False,None,True,True,Medium,3,False,False,1.6
CLOUD-005480,AST-09170,GCP,Container,False,None,True,True,High,3,False,False,2.2
CLOUD-005481,AST-09171,Azure,DevOps,False,Public S3 Bucket,True,True,Low,0,False,True,2.1
CLOUD-005482,AST-09172,Azure,ML,False,None,False,True,Low,1,False,True,1.2
CLOUD-005483,AST-09175,Azure,Container,True,None,False,False,Low,7,False,True,6.4
CLOUD-005484,AST-09176,GCP,Serverless,True,Cross-Account Access,True,True,Low,0,False,True,4.5
CLOUD-005485,AST-09177,GCP,Analytics,False,None,True,True,Medium,1,False,False,1.4
CLOUD-005486,AST-09178,GCP,Compute,False,None,True,True,High,3,False,False,3.1
CLOUD-005487,AST-09180,Azure,Serverless,False,None,True,True,Medium,1,False,False,0.9
CLOUD-005488,AST-09181,GCP,DevOps,False,None,True,False,High,1,False,True,3.7
CLOUD-005489,AST-09182,GCP,Compute,False,None,False,True,Medium,2,False,True,2.7
CLOUD-005490,AST-09185,AWS,Database,False,Unrotated Access Keys,True,True,Low,2,False,True,2.6
CLOUD-005491,AST-09189,Azure,Database,False,None,True,True,High,2,False,False,2.3
CLOUD-005492,AST-09191,Azure,Storage,False,Unrotated Access Keys,True,False,Medium,1,False,True,4.5
CLOUD-005493,AST-09192,AWS,Compute,False,None,True,True,Medium,1,False,False,1.6
CLOUD-005494,AST-09193,Azure,Analytics,False,None,True,True,Medium,1,False,False,1.3
CLOUD-005495,AST-09194,Azure,Storage,False,None,True,True,High,0,False,False,1.7
CLOUD-005496,AST-09196,GCP,ML,False,None,False,True,Low,0,False,True,1.4
CLOUD-005497,AST-09197,Azure,Compute,False,None,True,True,Medium,1,False,False,1.7
CLOUD-005498,AST-09198,AWS,Analytics,False,Default VPC,False,True,Medium,2,False,True,5.1
CLOUD-005499,AST-09201,GCP,Identity,False,None,False,True,Medium,0,False,True,2.8
CLOUD-005500,AST-09204,Azure,Identity,False,None,True,True,High,2,False,False,2.8
CLOUD-005501,AST-09205,AWS,ML,False,None,True,True,Medium,3,True,False,3.3
CLOUD-005502,AST-09207,GCP,Analytics,False,None,False,True,Medium,2,False,True,2.5
CLOUD-005503,AST-09208,AWS,Identity,True,None,False,True,Medium,3,False,True,5.8
CLOUD-005504,AST-09209,GCP,DevOps,False,None,True,False,High,0,False,True,3.4
CLOUD-005505,AST-09211,GCP,ML,False,None,True,False,High,2,False,True,3.1
CLOUD-005506,AST-09214,GCP,DevOps,True,None,True,False,Low,6,False,True,4.9
CLOUD-005507,AST-09215,Azure,Container,False,Cross-Account Access,True,True,High,1,False,True,3.9
CLOUD-005508,AST-09216,AWS,Networking,False,None,True,True,Medium,1,False,False,1.5
CLOUD-005509,AST-09218,AWS,Serverless,False,Public S3 Bucket,False,True,High,1,False,True,5.5
CLOUD-005510,AST-09220,Azure,Serverless,False,None,True,True,Medium,1,True,False,2.8
CLOUD-005511,AST-09222,GCP,DevOps,False,None,True,True,Medium,3,False,False,1.2
CLOUD-005512,AST-09224,AWS,DevOps,True,None,True,True,Medium,1,False,False,3.8
CLOUD-005513,AST-09227,Azure,Serverless,True,Missing WAF,False,True,Medium,5,True,True,10
CLOUD-005514,AST-09228,AWS,Container,False,Missing WAF,True,False,High,3,False,True,5.2
CLOUD-005515,AST-09229,AWS,Networking,False,No Versioning on Bucket,False,True,Low,0,False,True,3.9
CLOUD-005516,AST-09230,GCP,Container,True,No MFA on Root Account,True,False,High,10,False,True,9.8
CLOUD-005517,AST-09232,AWS,DevOps,True,None,False,False,High,0,False,True,7.1
CLOUD-005518,AST-09233,GCP,Container,False,Open Security Group,True,True,High,2,False,True,4.5
CLOUD-005519,AST-09235,Azure,ML,False,None,True,True,Low,2,False,False,0.6
CLOUD-005520,AST-09237,AWS,Identity,False,None,False,True,Medium,1,False,True,2.5
CLOUD-005521,AST-09238,AWS,Serverless,False,Unrotated Access Keys,True,True,High,2,False,True,3.9
CLOUD-005522,AST-09240,AWS,Analytics,False,None,False,True,High,2,False,True,4.2
CLOUD-005523,AST-09241,Azure,Container,False,None,True,True,Low,1,False,False,0.4
CLOUD-005524,AST-09242,GCP,Serverless,False,None,True,False,Low,2,False,True,1.6
CLOUD-005525,AST-09244,GCP,Container,False,Missing WAF,True,False,Medium,2,False,True,4.0
CLOUD-005526,AST-09246,GCP,Identity,False,Open Security Group,True,True,Low,1,False,True,1.9
CLOUD-005527,AST-09247,Azure,Analytics,False,None,True,True,Medium,3,False,False,1.3
CLOUD-005528,AST-09249,GCP,Serverless,False,None,True,True,High,2,False,False,2.5
CLOUD-005529,AST-09250,AWS,Identity,False,None,True,True,High,1,False,False,2.5
CLOUD-005530,AST-09251,Azure,Storage,False,Default VPC,False,True,Low,3,False,True,4.2
CLOUD-005531,AST-09253,GCP,Analytics,False,None,True,True,Low,2,False,False,0.6
CLOUD-005532,AST-09255,Azure,Identity,False,None,True,True,Low,2,False,False,0.7
CLOUD-005533,AST-09258,AWS,Networking,False,None,False,True,High,2,False,True,4.1
CLOUD-005534,AST-09261,Azure,Storage,True,None,True,True,Low,9,True,False,6.8
CLOUD-005535,AST-09262,AWS,DevOps,False,None,True,False,Low,3,False,True,1.7
CLOUD-005536,AST-09263,GCP,Networking,False,None,True,True,Medium,3,False,False,1.3
CLOUD-005537,AST-09266,Azure,DevOps,False,None,True,True,Low,3,True,False,1.8
CLOUD-005538,AST-09269,GCP,ML,False,None,True,True,Medium,1,False,False,1.0
CLOUD-005539,AST-09273,Azure,Database,False,None,True,True,Low,0,False,False,0.1
CLOUD-005540,AST-09274,GCP,Networking,False,Public RDS Instance,True,True,Medium,2,False,True,3.7
CLOUD-005541,AST-09275,GCP,Container,False,None,True,False,Medium,2,False,True,2.1
CLOUD-005542,AST-09276,AWS,ML,False,None,True,True,Medium,1,False,False,0.8
CLOUD-005543,AST-09277,AWS,Networking,False,None,True,True,High,2,False,False,2.0
CLOUD-005544,AST-09278,Azure,Compute,False,Unrotated Access Keys,True,True,Medium,0,False,True,3.0
CLOUD-005545,AST-09279,AWS,Storage,False,None,True,True,Low,0,False,False,0
CLOUD-005546,AST-09280,GCP,Networking,False,None,True,True,Medium,2,True,False,3.3
CLOUD-005547,AST-09282,Azure,ML,True,Unrotated Access Keys,False,True,Medium,10,False,True,9.8
CLOUD-005548,AST-09285,Azure,Serverless,True,None,True,True,High,10,False,False,7.5
CLOUD-005549,AST-09286,Azure,Database,False,No MFA on Root Account,True,False,Low,0,False,True,2.8
CLOUD-005550,AST-09290,Azure,Analytics,False,None,True,False,High,1,False,True,3.0
CLOUD-005551,AST-09291,AWS,Container,False,None,False,True,Medium,0,False,True,2.4
CLOUD-005552,AST-09292,Azure,Storage,False,No Network ACL,True,True,Low,2,False,True,2.6
CLOUD-005553,AST-09293,GCP,ML,True,None,True,True,Low,6,False,False,4.2
CLOUD-005554,AST-09295,Azure,Analytics,False,None,True,True,High,0,True,False,4.0
CLOUD-005555,AST-09296,GCP,Storage,False,No Network ACL,True,True,High,1,False,True,4.1
CLOUD-005556,AST-09298,GCP,Analytics,False,None,True,True,Medium,1,False,False,0.9
CLOUD-005557,AST-09299,GCP,Networking,False,None,True,True,Medium,3,False,False,1.5
CLOUD-005558,AST-09302,GCP,Serverless,False,None,True,False,High,2,False,True,3.6
CLOUD-005559,AST-09303,Azure,Identity,True,None,True,True,Low,3,False,False,3.6
CLOUD-005560,AST-09304,GCP,Networking,False,None,True,True,Medium,2,False,False,1.6
CLOUD-005561,AST-09305,GCP,Compute,False,Public RDS Instance,True,True,Medium,0,False,True,3.3
CLOUD-005562,AST-09307,AWS,Analytics,False,Missing WAF,True,False,Low,1,False,True,2.9
CLOUD-005563,AST-09308,GCP,Identity,False,None,True,False,High,2,False,True,3.4
CLOUD-005564,AST-09309,Azure,Container,False,None,True,True,Low,1,False,False,0.2
CLOUD-005565,AST-09310,GCP,Database,False,None,True,False,Low,2,False,True,1.1
CLOUD-005566,AST-09311,Azure,Networking,False,None,True,True,High,3,False,False,2.8
CLOUD-005567,AST-09312,AWS,Container,False,None,True,True,High,0,False,False,1.7
CLOUD-005568,AST-09315,GCP,Container,True,No Network ACL,True,True,Medium,3,False,True,6.4
CLOUD-005569,AST-09316,Azure,Container,True,Unrotated Access Keys,True,True,Medium,0,True,True,7.2
CLOUD-005570,AST-09317,AWS,Identity,True,None,False,True,Low,4,False,True,5.0
CLOUD-005571,AST-09321,AWS,DevOps,False,Public RDS Instance,False,True,High,3,False,True,6.4
CLOUD-005572,AST-09322,AWS,ML,False,None,True,True,High,1,False,False,2.5
CLOUD-005573,AST-09324,Azure,Networking,False,None,False,True,Medium,3,False,True,3.6
CLOUD-005574,AST-09325,GCP,Database,False,None,True,False,Low,0,False,True,1.4
CLOUD-005575,AST-09327,GCP,ML,False,None,False,True,Low,0,False,True,1.1
CLOUD-005576,AST-09328,GCP,Compute,False,None,True,True,Low,1,False,False,0
CLOUD-005577,AST-09329,AWS,Container,False,None,True,True,Low,1,False,False,0.1
CLOUD-005578,AST-09333,AWS,Serverless,False,Unencrypted Volume,True,True,Low,1,False,True,1.9
CLOUD-005579,AST-09334,AWS,Analytics,False,None,True,False,Low,1,False,True,0.9
CLOUD-005580,AST-09335,AWS,Compute,False,None,True,True,Low,0,False,False,0
CLOUD-005581,AST-09336,AWS,Networking,False,None,True,True,High,0,False,False,2.1
CLOUD-005582,AST-09337,AWS,Identity,False,None,True,True,Low,3,False,False,0.6
CLOUD-005583,AST-09338,Azure,Storage,False,None,True,True,Medium,1,False,False,0.8
CLOUD-005584,AST-09339,Azure,Container,False,None,True,True,Low,3,False,False,0.1
CLOUD-005585,AST-09340,Azure,Database,True,None,True,True,High,8,True,False,7.7
CLOUD-005586,AST-09341,AWS,Analytics,False,None,True,False,Low,0,True,True,2.7
CLOUD-005587,AST-09342,GCP,Compute,False,Logging Disabled,True,True,Medium,3,False,True,3.2
CLOUD-005588,AST-09343,GCP,ML,True,None,True,True,High,2,False,False,5.5
CLOUD-005589,AST-09344,GCP,Compute,False,None,True,False,Low,1,False,True,1.5
CLOUD-005590,AST-09346,Azure,Database,False,None,True,True,Low,3,False,False,0.9
CLOUD-005591,AST-09347,AWS,Container,False,None,True,False,High,1,False,True,3.5
CLOUD-005592,AST-09349,Azure,Identity,False,None,False,True,Medium,1,False,True,2.9
CLOUD-005593,AST-09353,Azure,Compute,False,No Network ACL,True,False,Medium,0,False,True,4.2
CLOUD-005594,AST-09355,AWS,Analytics,False,None,True,True,Medium,1,False,False,1.3
CLOUD-005595,AST-09356,GCP,Container,False,Exposed API Key,True,True,Medium,1,False,True,3.0
CLOUD-005596,AST-09357,AWS,Networking,False,None,True,True,Low,0,False,False,0
CLOUD-005597,AST-09358,Azure,ML,True,None,True,False,Low,9,False,True,6.0
CLOUD-005598,AST-09360,GCP,Identity,False,None,True,True,Medium,0,False,False,1.2
CLOUD-005599,AST-09361,Azure,Compute,False,Default VPC,True,True,High,3,False,True,4.3
CLOUD-005600,AST-09362,Azure,Container,False,None,True,False,Medium,3,False,True,3.0
CLOUD-005601,AST-09363,AWS,DevOps,False,None,True,True,Low,1,False,False,0.5
CLOUD-005602,AST-09364,Azure,Identity,True,None,True,True,High,4,False,False,5.8
CLOUD-005603,AST-09366,AWS,Identity,True,Missing WAF,True,False,Low,9,True,True,9.8
CLOUD-005604,AST-09367,Azure,DevOps,False,None,True,True,High,1,False,False,2.0
CLOUD-005605,AST-09369,GCP,ML,False,None,True,False,Low,3,True,True,2.7
CLOUD-005606,AST-09371,AWS,DevOps,False,None,True,False,High,0,False,True,2.9
CLOUD-005607,AST-09373,Azure,ML,True,None,True,True,High,4,False,False,5.4
CLOUD-005608,AST-09375,Azure,ML,False,Missing WAF,True,True,High,1,False,True,3.8
CLOUD-005609,AST-09376,Azure,DevOps,False,None,True,True,High,1,False,False,1.7
CLOUD-005610,AST-09378,GCP,Networking,False,Default VPC,True,False,Low,1,False,True,2.7
CLOUD-005611,AST-09379,GCP,Networking,True,None,True,False,Medium,8,True,True,8.5
CLOUD-005612,AST-09380,AWS,Networking,False,None,True,True,High,1,False,False,1.8
CLOUD-005613,AST-09381,AWS,Compute,False,No Network ACL,False,True,Medium,2,False,True,5.0
CLOUD-005614,AST-09382,AWS,Compute,False,Public S3 Bucket,True,True,Medium,2,False,True,3.3
CLOUD-005615,AST-09383,AWS,Networking,False,None,True,False,High,1,True,True,5.0
CLOUD-005616,AST-09384,AWS,Container,True,Overly Permissive IAM Policy,True,False,High,4,False,True,8.6
CLOUD-005617,AST-09386,GCP,DevOps,False,None,True,True,Medium,3,False,False,2.0
CLOUD-005618,AST-09388,Azure,Analytics,True,None,True,False,Low,10,False,True,6.5
CLOUD-005619,AST-09389,Azure,ML,False,None,True,True,Low,3,False,False,0.8
CLOUD-005620,AST-09392,Azure,ML,False,None,True,False,Medium,2,False,True,2.4
CLOUD-005621,AST-09394,AWS,ML,False,None,True,False,Medium,2,False,True,2.5
CLOUD-005622,AST-09395,Azure,ML,False,None,True,False,Low,0,False,True,0.9
CLOUD-005623,AST-09396,AWS,Identity,False,None,True,False,Medium,1,False,True,2.4
CLOUD-005624,AST-09398,AWS,ML,False,None,True,True,Low,1,False,False,0.0
CLOUD-005625,AST-09402,AWS,Container,False,Cross-Account Access,True,True,Medium,0,False,True,2.6
CLOUD-005626,AST-09403,AWS,Identity,False,None,False,False,Medium,3,False,True,4.3
CLOUD-005627,AST-09406,AWS,Database,False,None,True,True,Low,0,False,False,0
CLOUD-005628,AST-09407,GCP,Compute,False,Unrotated Access Keys,True,False,Medium,2,False,True,4.4
CLOUD-005629,AST-09408,GCP,Database,False,None,False,True,High,0,False,True,3.6
CLOUD-005630,AST-09410,GCP,Serverless,False,None,True,True,High,3,False,False,2.2
CLOUD-005631,AST-09411,AWS,DevOps,False,Open Security Group,True,True,Low,2,False,True,2.1
CLOUD-005632,AST-09412,AWS,Analytics,False,None,True,False,Medium,3,False,True,2.7
CLOUD-005633,AST-09414,Azure,Compute,False,None,True,False,Low,2,False,True,1.7
CLOUD-005634,AST-09415,Azure,DevOps,False,None,True,True,Medium,0,False,False,1.4
CLOUD-005635,AST-09418,Azure,Identity,False,None,True,True,Medium,3,False,False,1.2
CLOUD-005636,AST-09419,Azure,Database,False,Overly Permissive IAM Policy,False,True,High,3,False,True,5.6
CLOUD-005637,AST-09420,Azure,ML,False,None,True,True,High,2,False,False,1.9
CLOUD-005638,AST-09421,GCP,Compute,False,None,True,False,Low,1,False,True,1.2
CLOUD-005639,AST-09423,AWS,Database,False,Overly Permissive IAM Policy,True,True,Medium,3,False,True,3.2
CLOUD-005640,AST-09424,Azure,Compute,False,None,True,True,Low,3,False,False,0.7
CLOUD-005641,AST-09425,AWS,Container,False,Open Security Group,True,True,Low,2,False,True,2.8
CLOUD-005642,AST-09426,GCP,Identity,False,None,True,True,High,0,False,False,2.2
CLOUD-005643,AST-09427,AWS,Compute,False,None,True,False,Medium,0,False,True,1.6
CLOUD-005644,AST-09429,GCP,Container,False,Cross-Account Access,True,True,Medium,3,False,True,3.9
CLOUD-005645,AST-09433,GCP,Networking,False,None,True,False,Low,3,False,True,1.8
CLOUD-005646,AST-09434,GCP,Serverless,False,No MFA on Root Account,True,True,Low,1,False,True,1.8
CLOUD-005647,AST-09436,GCP,Identity,False,None,False,True,Low,0,False,True,1.2
CLOUD-005648,AST-09437,GCP,Compute,False,None,True,False,Medium,1,False,True,2.4
CLOUD-005649,AST-09438,Azure,Identity,False,Public S3 Bucket,True,True,Medium,2,False,True,3.7
CLOUD-005650,AST-09440,AWS,Storage,False,Unencrypted Volume,True,False,High,2,False,True,5.2
CLOUD-005651,AST-09442,AWS,Networking,False,None,True,False,Medium,1,False,True,2.7
CLOUD-005652,AST-09443,Azure,Database,False,None,False,False,High,3,False,True,4.8
CLOUD-005653,AST-09445,AWS,ML,False,Unrotated Access Keys,False,True,Low,2,False,True,4.0
CLOUD-005654,AST-09446,Azure,DevOps,False,None,True,True,Medium,2,False,False,1.4
CLOUD-005655,AST-09447,AWS,Database,False,None,False,True,Low,2,False,True,2.0
CLOUD-005656,AST-09450,Azure,Identity,False,None,True,True,Medium,1,False,False,1.5
CLOUD-005657,AST-09452,GCP,Identity,False,None,True,False,Medium,0,False,True,2.3
CLOUD-005658,AST-09454,Azure,Serverless,True,Overly Permissive IAM Policy,True,True,Low,5,False,True,6.3
CLOUD-005659,AST-09456,Azure,Database,False,Logging Disabled,False,True,High,0,False,True,5.6
CLOUD-005660,AST-09458,Azure,Storage,True,None,True,True,High,6,False,False,5.8
CLOUD-005661,AST-09462,GCP,Storage,False,None,True,True,High,3,False,False,2.8
CLOUD-005662,AST-09464,Azure,Container,False,None,True,False,Medium,0,False,True,1.6
CLOUD-005663,AST-09466,Azure,Analytics,True,None,True,False,Medium,7,False,True,6.4
CLOUD-005664,AST-09469,Azure,Networking,False,Unrotated Access Keys,True,True,Medium,1,False,True,3.4
CLOUD-005665,AST-09471,GCP,DevOps,False,None,False,False,High,2,True,True,6.6
CLOUD-005666,AST-09472,GCP,ML,False,None,True,True,High,2,False,False,2.0
CLOUD-005667,AST-09473,GCP,Networking,False,None,True,True,Low,0,False,False,0.3
CLOUD-005668,AST-09475,AWS,Storage,False,Exposed API Key,True,False,High,2,False,True,5.4
CLOUD-005669,AST-09479,GCP,Identity,False,Missing WAF,True,False,High,2,True,True,6.5
CLOUD-005670,AST-09480,AWS,ML,False,Unrotated Access Keys,True,True,Low,3,False,True,3.0
CLOUD-005671,AST-09481,AWS,Container,False,None,True,False,Medium,3,False,True,2.3
CLOUD-005672,AST-09485,Azure,Database,True,None,True,True,Low,7,False,False,4.6
CLOUD-005673,AST-09486,GCP,Networking,False,None,True,True,Medium,1,False,False,0.8
CLOUD-005674,AST-09489,Azure,Compute,False,None,True,True,High,1,False,False,2.3
CLOUD-005675,AST-09492,Azure,Serverless,False,None,True,True,High,1,True,False,4.1
CLOUD-005676,AST-09493,GCP,Database,False,None,True,True,Medium,3,False,False,1.3
CLOUD-005677,AST-09495,AWS,Networking,False,None,True,True,Medium,3,False,False,1.3
CLOUD-005678,AST-09496,Azure,Compute,False,Cross-Account Access,True,True,High,1,False,True,3.9
CLOUD-005679,AST-09500,AWS,Serverless,False,Overly Permissive IAM Policy,True,True,Low,3,False,True,2.6
CLOUD-005680,AST-09501,Azure,Serverless,False,Missing WAF,True,True,Medium,2,False,True,3.1
CLOUD-005681,AST-09503,GCP,Analytics,False,None,True,False,High,0,False,True,3.0
CLOUD-005682,AST-09507,GCP,Compute,True,Missing WAF,True,True,Low,3,False,True,5.2
CLOUD-005683,AST-09508,GCP,Analytics,False,Unrotated Access Keys,True,False,High,3,True,True,7.1
CLOUD-005684,AST-09510,AWS,Analytics,True,Cross-Account Access,True,True,Low,4,False,True,6.2
CLOUD-005685,AST-09512,Azure,Database,False,None,False,True,High,1,False,True,3.3
CLOUD-005686,AST-09513,GCP,Serverless,True,Exposed API Key,False,True,High,9,False,True,10
CLOUD-005687,AST-09514,AWS,Serverless,False,None,True,True,Low,2,False,False,0.7
CLOUD-005688,AST-09517,AWS,Identity,False,None,True,True,High,2,False,False,2.9
CLOUD-005689,AST-09520,GCP,Compute,False,None,True,True,Low,3,False,False,0.6
CLOUD-005690,AST-09521,AWS,Identity,False,None,True,False,High,0,False,True,3.0
CLOUD-005691,AST-09522,Azure,DevOps,False,No Network ACL,True,True,Medium,0,False,True,3.2
CLOUD-005692,AST-09523,GCP,Database,True,None,True,True,High,5,False,False,6.1
CLOUD-005693,AST-09524,AWS,Identity,False,None,True,True,Medium,2,False,False,1.7
CLOUD-005694,AST-09526,Azure,ML,False,None,False,True,Medium,0,False,True,2.5
CLOUD-005695,AST-09528,AWS,Database,False,None,False,False,High,0,False,True,4.7
CLOUD-005696,AST-09529,AWS,Database,False,None,True,False,Medium,1,False,True,1.8
CLOUD-005697,AST-09531,AWS,Container,False,None,True,True,High,1,False,False,2.1
CLOUD-005698,AST-09532,Azure,Storage,False,Public S3 Bucket,True,True,Medium,2,False,True,3.8
CLOUD-005699,AST-09533,GCP,DevOps,False,None,False,True,Medium,3,False,True,3.2
CLOUD-005700,AST-09534,AWS,Identity,False,Unrotated Access Keys,True,True,Low,3,False,True,2.4
CLOUD-005701,AST-09536,Azure,DevOps,False,None,True,True,High,3,False,False,2.4
CLOUD-005702,AST-09537,AWS,Database,False,Open Security Group,True,True,Low,3,False,True,2.9
CLOUD-005703,AST-09538,GCP,Networking,False,None,True,False,Medium,0,False,True,2.3
CLOUD-005704,AST-09539,GCP,Container,False,Public S3 Bucket,True,False,Medium,0,True,True,5.5
CLOUD-005705,AST-09540,AWS,Networking,False,Missing WAF,True,True,Medium,1,False,True,3.5
CLOUD-005706,AST-09544,Azure,Networking,False,Open Security Group,True,True,High,0,False,True,3.9
CLOUD-005707,AST-09546,GCP,Networking,False,None,True,True,Low,0,False,False,0
CLOUD-005708,AST-09548,Azure,ML,False,Exposed API Key,False,True,Medium,2,False,True,4.8
CLOUD-005709,AST-09550,Azure,Compute,False,None,True,True,Low,0,False,False,0.1
CLOUD-005710,AST-09555,AWS,Serverless,False,None,True,False,Medium,2,False,True,2.4
CLOUD-005711,AST-09556,Azure,Database,False,None,True,True,High,2,False,False,1.9
CLOUD-005712,AST-09558,AWS,Serverless,False,None,True,False,Low,0,True,True,2.2
CLOUD-005713,AST-09562,AWS,Identity,False,None,True,True,High,2,True,False,4.0
CLOUD-005714,AST-09563,AWS,Compute,False,Open Security Group,True,True,High,1,False,True,4.5
CLOUD-005715,AST-09567,GCP,Networking,True,No Network ACL,True,True,Low,7,False,True,6.1
CLOUD-005716,AST-09568,AWS,ML,True,None,True,True,High,2,False,False,5.0
CLOUD-005717,AST-09569,Azure,Storage,False,None,True,False,High,0,False,True,2.9
CLOUD-005718,AST-09570,Azure,Identity,False,None,True,True,Low,3,False,False,1.0
CLOUD-005719,AST-09572,GCP,DevOps,True,None,True,False,Low,3,False,True,5.0
CLOUD-005720,AST-09573,Azure,Storage,False,None,True,True,Medium,0,False,False,1.0
CLOUD-005721,AST-09574,GCP,Networking,False,No Versioning on Bucket,True,True,Low,2,True,True,3.5
CLOUD-005722,AST-09576,GCP,DevOps,True,None,True,False,High,6,True,True,8.5
CLOUD-005723,AST-09578,AWS,Container,False,Overly Permissive IAM Policy,False,True,Medium,3,False,True,5.0
CLOUD-005724,AST-09579,GCP,Database,False,Overly Permissive IAM Policy,True,False,Medium,3,False,True,4.7
CLOUD-005725,AST-09580,AWS,ML,False,None,True,True,Medium,2,False,False,1.3
CLOUD-005726,AST-09581,AWS,Compute,True,None,True,True,Medium,1,False,False,4.5
CLOUD-005727,AST-09582,AWS,Database,False,No MFA on Root Account,True,True,Medium,3,False,True,3.7
CLOUD-005728,AST-09583,AWS,Serverless,False,None,False,True,Medium,3,False,True,3.2
CLOUD-005729,AST-09584,AWS,Database,False,No Versioning on Bucket,True,True,Low,0,False,True,1.8
CLOUD-005730,AST-09586,Azure,Analytics,False,None,True,False,Low,2,False,True,1.4
CLOUD-005731,AST-09589,AWS,Database,False,None,True,True,High,2,False,False,2.0
CLOUD-005732,AST-09591,GCP,Compute,False,None,True,False,Low,3,False,True,1.5
CLOUD-005733,AST-09593,Azure,Networking,False,Unencrypted Volume,True,True,Low,3,False,True,2.8
CLOUD-005734,AST-09594,Azure,DevOps,False,None,True,True,Medium,3,False,False,1.5
CLOUD-005735,AST-09596,GCP,ML,True,None,False,True,High,8,False,True,8.5
CLOUD-005736,AST-09598,AWS,Analytics,False,Public RDS Instance,False,True,High,2,False,True,5.8
CLOUD-005737,AST-09600,GCP,Storage,False,Missing WAF,True,False,High,1,True,True,7.0
CLOUD-005738,AST-09601,Azure,Container,True,No Versioning on Bucket,True,True,High,6,False,True,7.9
CLOUD-005739,AST-09602,AWS,Identity,False,None,True,False,Low,0,False,True,1.5
CLOUD-005740,AST-09607,Azure,DevOps,True,None,True,True,High,2,False,False,5.7
CLOUD-005741,AST-09608,AWS,Identity,False,None,False,True,Low,0,False,True,1.2
CLOUD-005742,AST-09609,Azure,Serverless,False,Open Security Group,True,True,Medium,2,False,True,3.5
CLOUD-005743,AST-09610,GCP,Serverless,True,Open Security Group,False,True,Medium,0,False,True,7.3
CLOUD-005744,AST-09611,AWS,Storage,False,None,True,True,Medium,2,False,False,1.3
CLOUD-005745,AST-09613,GCP,Analytics,True,None,True,False,Medium,9,False,True,6.5
CLOUD-005746,AST-09614,AWS,Identity,False,None,False,True,High,2,False,True,3.9
CLOUD-005747,AST-09616,AWS,Identity,False,None,True,False,Low,2,False,True,1.2
CLOUD-005748,AST-09617,GCP,Storage,False,No Versioning on Bucket,True,True,Medium,0,False,True,2.9
CLOUD-005749,AST-09622,AWS,Serverless,False,None,True,True,Medium,0,False,False,0.9
CLOUD-005750,AST-09623,AWS,Networking,False,None,True,False,Low,0,False,True,1.0
CLOUD-005751,AST-09624,GCP,Container,False,None,True,True,High,0,False,False,2.2
CLOUD-005752,AST-09625,GCP,Networking,False,None,True,False,Low,2,False,True,1.8
CLOUD-005753,AST-09626,AWS,Serverless,False,Default VPC,True,True,High,2,False,True,3.9
CLOUD-005754,AST-09628,GCP,Storage,False,None,True,False,High,1,False,True,3.0
CLOUD-005755,AST-09629,AWS,Compute,False,None,False,True,Low,2,False,True,1.8
CLOUD-005756,AST-09632,AWS,ML,True,None,False,False,Medium,0,False,True,6.9
CLOUD-005757,AST-09633,Azure,Analytics,False,Overly Permissive IAM Policy,True,True,High,1,False,True,4.0
CLOUD-005758,AST-09634,Azure,Serverless,False,None,True,True,Low,1,False,False,0.6
CLOUD-005759,AST-09637,Azure,ML,False,None,False,False,Low,3,False,True,3.4
CLOUD-005760,AST-09639,AWS,Container,True,None,True,True,Medium,9,False,False,5.3
CLOUD-005761,AST-09640,GCP,DevOps,False,Unencrypted Volume,False,True,Low,3,False,True,3.7
CLOUD-005762,AST-09641,Azure,Identity,True,None,True,True,Medium,1,True,False,6.1
CLOUD-005763,AST-09642,Azure,ML,False,None,True,False,Low,2,False,True,1.1
CLOUD-005764,AST-09644,Azure,Database,True,None,True,False,Medium,9,True,True,8.2
CLOUD-005765,AST-09645,Azure,Serverless,True,Default VPC,False,False,High,0,False,True,9.7
CLOUD-005766,AST-09647,Azure,Container,False,None,True,True,High,0,False,False,1.8
CLOUD-005767,AST-09649,AWS,Networking,False,None,False,False,High,2,False,True,4.9
CLOUD-005768,AST-09651,AWS,Networking,False,None,True,True,High,3,False,False,2.6
CLOUD-005769,AST-09652,AWS,ML,False,Cross-Account Access,True,True,Low,2,False,True,2.4
CLOUD-005770,AST-09654,AWS,Container,False,No Versioning on Bucket,True,True,High,3,False,True,4.7
CLOUD-005771,AST-09655,GCP,DevOps,True,None,True,True,Medium,4,True,False,6.4
CLOUD-005772,AST-09657,Azure,Analytics,False,Default VPC,True,True,Medium,2,False,True,3.4
CLOUD-005773,AST-09658,AWS,Compute,False,None,True,True,High,0,False,False,1.6
CLOUD-005774,AST-09659,Azure,Storage,False,Public S3 Bucket,True,True,Low,2,False,True,2.5
CLOUD-005775,AST-09660,Azure,Database,False,None,True,False,Medium,3,False,True,2.2
CLOUD-005776,AST-09662,AWS,Identity,False,Public S3 Bucket,True,False,High,1,True,True,7.0
CLOUD-005777,AST-09663,AWS,ML,False,None,True,True,Medium,2,False,False,0.9
CLOUD-005778,AST-09665,AWS,Serverless,False,None,True,True,High,1,False,False,2.3
CLOUD-005779,AST-09666,GCP,ML,False,None,True,True,Low,2,False,False,0.7
CLOUD-005780,AST-09669,AWS,Storage,False,Unrotated Access Keys,True,True,Medium,1,False,True,3.2
CLOUD-005781,AST-09670,Azure,Identity,False,None,True,False,High,1,False,True,3.3
CLOUD-005782,AST-09678,Azure,Networking,True,None,True,True,Low,2,False,False,3.6
CLOUD-005783,AST-09679,Azure,Serverless,False,None,False,True,Medium,3,False,True,3.1
CLOUD-005784,AST-09680,AWS,Networking,False,Missing WAF,True,True,Low,0,False,True,1.7
CLOUD-005785,AST-09681,Azure,Storage,False,None,False,True,Medium,3,False,True,3.4
CLOUD-005786,AST-09682,Azure,Analytics,False,No MFA on Root Account,True,True,Low,2,False,True,2.5
CLOUD-005787,AST-09685,AWS,Database,False,None,True,True,Medium,0,False,False,0.5
CLOUD-005788,AST-09686,GCP,Container,False,None,True,True,High,0,True,False,3.0
CLOUD-005789,AST-09688,Azure,Identity,False,None,True,True,Low,3,False,False,1.0
CLOUD-005790,AST-09689,GCP,Analytics,False,None,True,True,Medium,0,False,False,1.5
CLOUD-005791,AST-09690,Azure,Analytics,True,None,True,True,High,9,False,False,7.1
CLOUD-005792,AST-09693,AWS,Analytics,True,None,True,False,High,6,False,True,6.7
CLOUD-005793,AST-09694,Azure,Storage,False,Unrotated Access Keys,True,False,Low,2,False,True,3.4
CLOUD-005794,AST-09695,Azure,Serverless,False,Public RDS Instance,True,True,High,1,False,True,4.1
CLOUD-005795,AST-09696,GCP,Networking,False,None,True,True,Low,0,False,False,0
CLOUD-005796,AST-09700,Azure,Networking,False,No MFA on Root Account,True,False,High,1,False,True,5.1
CLOUD-005797,AST-09706,AWS,Serverless,False,None,True,True,Medium,3,True,False,3.5
CLOUD-005798,AST-09707,Azure,Identity,True,None,True,True,High,7,True,False,7.5
CLOUD-005799,AST-09708,Azure,Database,False,None,False,False,High,0,False,True,4.0
CLOUD-005800,AST-09709,GCP,Networking,False,No Versioning on Bucket,True,True,Low,2,False,True,2.3
CLOUD-005801,AST-09710,Azure,Database,False,None,True,False,Low,3,False,True,2.1
CLOUD-005802,AST-09711,GCP,Serverless,True,Overly Permissive IAM Policy,False,True,Medium,7,True,True,10.0
CLOUD-005803,AST-09713,GCP,Compute,False,Open Security Group,True,True,Medium,3,False,True,3.8
CLOUD-005804,AST-09714,AWS,Identity,False,None,False,True,Medium,3,False,True,3.5
CLOUD-005805,AST-09715,AWS,ML,False,Default VPC,False,True,High,3,False,True,6.2
CLOUD-005806,AST-09716,Azure,Networking,False,None,True,True,High,2,False,False,2.3
CLOUD-005807,AST-09719,Azure,Identity,False,Public S3 Bucket,True,True,High,0,False,True,3.8
CLOUD-005808,AST-09720,AWS,Serverless,False,None,True,False,High,3,False,True,3.6
CLOUD-005809,AST-09722,Azure,ML,True,None,True,True,Low,5,False,False,4.4
CLOUD-005810,AST-09723,GCP,Storage,False,None,True,False,High,2,False,True,3.6
CLOUD-005811,AST-09724,GCP,Networking,False,None,False,True,High,2,False,True,4.2
CLOUD-005812,AST-09725,Azure,Serverless,False,No Versioning on Bucket,True,True,High,1,False,True,4.4
CLOUD-005813,AST-09726,AWS,DevOps,False,None,True,True,High,3,False,False,2.6
CLOUD-005814,AST-09727,AWS,Database,False,None,True,True,Low,2,False,False,0
CLOUD-005815,AST-09730,AWS,Networking,False,None,True,True,Medium,2,False,False,1.5
CLOUD-005816,AST-09732,AWS,Compute,False,Cross-Account Access,True,True,Medium,0,False,True,3.4
CLOUD-005817,AST-09733,AWS,Analytics,False,Public RDS Instance,True,True,Low,1,False,True,2.0
CLOUD-005818,AST-09735,Azure,Networking,False,None,True,True,Low,1,True,False,2.1
CLOUD-005819,AST-09738,GCP,Container,False,None,True,False,Medium,2,False,True,2.1
CLOUD-005820,AST-09739,Azure,Compute,False,None,True,True,Medium,2,True,False,3.1
CLOUD-005821,AST-09741,AWS,Container,False,None,False,False,High,0,False,True,4.6
CLOUD-005822,AST-09743,AWS,ML,False,None,True,False,High,3,False,True,3.2
CLOUD-005823,AST-09744,Azure,Networking,True,None,True,True,Medium,7,False,False,5.1
CLOUD-005824,AST-09745,AWS,DevOps,False,None,False,True,Low,1,False,True,2.1
CLOUD-005825,AST-09748,Azure,Identity,True,None,False,True,Medium,0,False,True,5.1
CLOUD-005826,AST-09750,Azure,Serverless,False,None,False,False,High,3,False,True,4.7
CLOUD-005827,AST-09751,AWS,DevOps,False,No MFA on Root Account,True,True,Low,3,False,True,3.0
CLOUD-005828,AST-09753,AWS,Analytics,False,None,True,False,High,0,False,True,3.1
CLOUD-005829,AST-09754,AWS,Database,False,None,True,True,Medium,1,False,False,1.7
CLOUD-005830,AST-09755,Azure,Serverless,False,Unrotated Access Keys,True,True,Low,2,False,True,2.5
CLOUD-005831,AST-09756,Azure,DevOps,False,Overly Permissive IAM Policy,True,False,High,2,False,True,4.9
CLOUD-005832,AST-09757,Azure,Storage,False,None,True,True,High,2,False,False,2.7
CLOUD-005833,AST-09761,AWS,Database,False,None,True,False,Medium,2,False,True,2.0
CLOUD-005834,AST-09762,GCP,Container,True,None,True,False,Low,4,False,True,5.1
CLOUD-005835,AST-09765,AWS,Compute,False,None,False,True,High,3,False,True,4.6
CLOUD-005836,AST-09767,GCP,Compute,False,None,True,False,Medium,3,True,True,3.9
CLOUD-005837,AST-09768,Azure,Analytics,False,None,True,False,High,3,False,True,3.4
CLOUD-005838,AST-09769,GCP,Storage,False,None,True,True,High,3,False,False,2.4
CLOUD-005839,AST-09770,Azure,Networking,False,Default VPC,True,True,Low,0,False,True,1.6
CLOUD-005840,AST-09774,Azure,ML,False,Unrotated Access Keys,True,True,Low,1,False,True,2.1
CLOUD-005841,AST-09777,AWS,Identity,False,None,True,False,High,1,False,True,2.9
CLOUD-005842,AST-09779,GCP,Storage,False,None,True,False,Low,0,True,True,2.2
CLOUD-005843,AST-09783,Azure,Database,False,No Versioning on Bucket,True,True,High,1,False,True,4.0
CLOUD-005844,AST-09784,Azure,Networking,False,Unrotated Access Keys,False,True,High,3,False,True,6.1
CLOUD-005845,AST-09785,AWS,Compute,False,Open Security Group,True,True,Medium,1,False,True,2.8
CLOUD-005846,AST-09786,Azure,Storage,False,Overly Permissive IAM Policy,True,True,Low,1,False,True,1.7
CLOUD-005847,AST-09787,GCP,Database,False,None,True,True,Medium,3,True,False,2.9
CLOUD-005848,AST-09789,GCP,Storage,False,None,True,True,Medium,2,True,False,3.0
CLOUD-005849,AST-09790,Azure,ML,False,None,True,False,Medium,0,True,True,3.5
CLOUD-005850,AST-09792,Azure,Identity,False,Public RDS Instance,True,True,Low,0,False,True,1.7
CLOUD-005851,AST-09794,AWS,Database,False,None,True,True,Medium,0,False,False,1.3
CLOUD-005852,AST-09796,Azure,Storage,False,None,True,True,Medium,1,False,False,1.1
CLOUD-005853,AST-09798,AWS,Storage,False,Open Security Group,True,True,Low,0,False,True,1.7
CLOUD-005854,AST-09799,GCP,Compute,False,Unencrypted Volume,True,True,Low,2,True,True,3.7
CLOUD-005855,AST-09801,Azure,DevOps,False,None,True,False,Medium,2,False,True,2.7
CLOUD-005856,AST-09802,GCP,Identity,False,No MFA on Root Account,False,True,High,2,False,True,6.1
CLOUD-005857,AST-09804,GCP,Analytics,False,None,True,True,Low,1,True,False,1.4
CLOUD-005858,AST-09805,GCP,ML,False,None,True,True,Low,3,False,False,0.7
CLOUD-005859,AST-09806,AWS,Serverless,False,None,True,True,High,2,False,False,1.9
CLOUD-005860,AST-09807,GCP,Networking,False,None,True,True,Medium,2,False,False,1.7
CLOUD-005861,AST-09808,Azure,Storage,False,None,True,False,High,2,False,True,3.7
CLOUD-005862,AST-09809,GCP,Networking,False,None,True,False,Low,1,False,True,1.2
CLOUD-005863,AST-09810,GCP,Identity,False,None,True,False,Medium,2,False,True,2.4
CLOUD-005864,AST-09811,AWS,Compute,False,Default VPC,False,True,Medium,2,False,True,5.1
CLOUD-005865,AST-09813,GCP,DevOps,False,None,False,True,Medium,3,False,True,2.8
CLOUD-005866,AST-09816,AWS,Analytics,False,None,True,True,Medium,0,False,False,1.0
CLOUD-005867,AST-09818,AWS,Container,False,None,True,True,High,0,False,False,2.0
CLOUD-005868,AST-09820,GCP,ML,False,None,True,True,Low,1,False,False,0.4
CLOUD-005869,AST-09823,Azure,Storage,False,Missing WAF,True,True,Medium,3,False,True,3.5
CLOUD-005870,AST-09824,GCP,ML,False,None,True,True,Low,2,False,False,0.1
CLOUD-005871,AST-09825,Azure,Identity,True,None,False,True,High,10,False,True,8.6
CLOUD-005872,AST-09826,AWS,ML,False,None,True,False,Medium,0,False,True,1.6
CLOUD-005873,AST-09830,AWS,Compute,True,Unrotated Access Keys,True,False,Low,9,False,True,7.9
CLOUD-005874,AST-09831,GCP,Database,False,None,True,False,Low,0,False,True,1.4
CLOUD-005875,AST-09832,GCP,Database,False,None,True,True,Medium,3,False,False,1.2
CLOUD-005876,AST-09834,Azure,Identity,False,None,True,True,High,2,False,False,2.5
CLOUD-005877,AST-09835,GCP,Container,False,Missing WAF,True,False,Medium,0,False,True,3.7
CLOUD-005878,AST-09837,GCP,Analytics,False,Logging Disabled,False,True,High,0,False,True,5.1
CLOUD-005879,AST-09838,AWS,Serverless,True,None,True,False,Low,4,False,True,5.2
CLOUD-005880,AST-09839,GCP,Container,False,Missing WAF,True,True,Medium,3,False,True,3.4
CLOUD-005881,AST-09840,AWS,Database,False,None,True,True,Low,3,False,False,0.4
CLOUD-005882,AST-09843,Azure,Database,False,Public RDS Instance,True,True,Medium,1,False,True,3.4
CLOUD-005883,AST-09844,GCP,Database,False,None,True,False,Low,1,False,True,1.2
CLOUD-005884,AST-09845,GCP,Networking,False,None,True,False,High,3,False,True,3.6
CLOUD-005885,AST-09850,AWS,ML,False,Unencrypted Volume,True,True,High,3,False,True,4.8
CLOUD-005886,AST-09852,GCP,Networking,True,No MFA on Root Account,True,True,Medium,10,False,True,8.1
CLOUD-005887,AST-09854,Azure,Compute,False,None,True,True,Low,1,True,False,1.5
CLOUD-005888,AST-09855,Azure,Networking,False,None,False,True,Low,2,False,True,1.5
CLOUD-005889,AST-09858,AWS,Networking,False,None,True,True,Low,2,False,False,0.8
CLOUD-005890,AST-09860,GCP,Serverless,False,None,True,True,Medium,2,False,False,1.2
CLOUD-005891,AST-09862,GCP,ML,False,Unrotated Access Keys,True,True,High,1,False,True,3.9
CLOUD-005892,AST-09863,Azure,Database,False,None,True,True,Medium,0,True,False,2.0
CLOUD-005893,AST-09865,GCP,Compute,False,None,True,True,Medium,0,False,False,1.5
CLOUD-005894,AST-09866,Azure,Storage,False,None,True,True,Medium,3,False,False,1.2
CLOUD-005895,AST-09868,AWS,Container,True,None,False,True,High,9,False,True,8.0
CLOUD-005896,AST-09869,GCP,Container,False,None,False,True,High,0,False,True,3.1
CLOUD-005897,AST-09870,AWS,Analytics,False,None,True,True,High,1,False,False,1.9
CLOUD-005898,AST-09871,GCP,Compute,False,None,True,True,Medium,3,False,False,1.4
CLOUD-005899,AST-09872,Azure,DevOps,True,None,True,False,High,2,False,True,6.0
CLOUD-005900,AST-09873,GCP,DevOps,True,None,True,True,Medium,4,False,False,4.8
CLOUD-005901,AST-09874,GCP,Database,False,None,False,True,Medium,0,False,True,2.9
CLOUD-005902,AST-09875,Azure,Compute,False,Unencrypted Volume,True,True,Medium,0,True,True,4.8
CLOUD-005903,AST-09876,GCP,Container,False,None,True,True,High,3,False,False,2.4
CLOUD-005904,AST-09877,GCP,Analytics,False,Exposed API Key,True,False,Low,0,False,True,3.1
CLOUD-005905,AST-09879,Azure,Database,False,None,True,True,High,3,False,False,2.1
CLOUD-005906,AST-09885,GCP,Identity,False,None,True,False,Medium,0,False,True,1.8
CLOUD-005907,AST-09886,AWS,DevOps,False,None,True,True,Low,2,False,False,0.1
CLOUD-005908,AST-09887,Azure,Networking,True,Unrotated Access Keys,True,True,Low,2,False,True,5.7
CLOUD-005909,AST-09888,GCP,Storage,True,Unrotated Access Keys,True,True,Medium,10,False,True,8.2
CLOUD-005910,AST-09890,Azure,Storage,False,None,True,True,Low,2,False,False,0.9
CLOUD-005911,AST-09891,GCP,Compute,False,Logging Disabled,True,True,Low,3,False,True,2.4
CLOUD-005912,AST-09892,GCP,Storage,False,None,False,True,High,1,False,True,3.4
CLOUD-005913,AST-09893,AWS,Analytics,False,None,True,True,Low,3,False,False,1.0
CLOUD-005914,AST-09895,AWS,ML,False,None,True,False,Low,2,True,True,2.9
CLOUD-005915,AST-09896,AWS,Database,True,None,True,False,Medium,10,False,True,6.9
CLOUD-005916,AST-09900,AWS,Compute,False,None,True,True,Low,0,False,False,0
CLOUD-005917,AST-09903,AWS,Serverless,False,Public RDS Instance,True,True,Low,2,False,True,2.0
CLOUD-005918,AST-09904,Azure,Storage,False,Logging Disabled,False,True,Medium,1,False,True,4.3
CLOUD-005919,AST-09905,GCP,Database,False,None,True,True,Low,0,False,False,0.2
CLOUD-005920,AST-09906,AWS,Networking,False,Exposed API Key,True,True,Medium,1,False,True,2.8
CLOUD-005921,AST-09907,GCP,Identity,False,Public RDS Instance,False,True,Medium,1,False,True,4.8
CLOUD-005922,AST-09908,Azure,DevOps,False,None,True,False,Low,1,False,True,1.3
CLOUD-005923,AST-09909,GCP,Analytics,False,None,True,False,Low,2,True,True,2.5
CLOUD-005924,AST-09910,GCP,Container,True,None,True,True,Medium,10,False,False,6.2
CLOUD-005925,AST-09913,AWS,Storage,True,No Network ACL,True,True,Low,2,False,True,5.4
CLOUD-005926,AST-09914,GCP,Storage,False,None,True,True,Medium,0,False,False,0.8
CLOUD-005927,AST-09915,AWS,Identity,True,None,True,False,Medium,7,False,True,6.0
CLOUD-005928,AST-09917,Azure,Compute,False,None,True,True,Medium,2,True,False,2.8
CLOUD-005929,AST-09918,Azure,Compute,False,No MFA on Root Account,True,False,High,2,False,True,5.5
CLOUD-005930,AST-09921,AWS,Compute,False,Exposed API Key,False,True,High,2,False,True,6.3
CLOUD-005931,AST-09923,GCP,Database,False,None,True,False,High,0,False,True,3.1
CLOUD-005932,AST-09927,AWS,Database,False,Unrotated Access Keys,True,True,High,0,False,True,4.3
CLOUD-005933,AST-09928,AWS,Serverless,False,None,True,True,High,0,False,False,2.0
CLOUD-005934,AST-09930,Azure,ML,False,None,True,True,Low,2,False,False,0.1
CLOUD-005935,AST-09931,Azure,DevOps,True,None,True,True,Low,2,False,False,2.9
CLOUD-005936,AST-09932,AWS,Identity,True,None,True,True,Low,6,False,False,3.8
CLOUD-005937,AST-09933,AWS,ML,True,None,True,True,Low,9,False,False,4.7
CLOUD-005938,AST-09934,GCP,Identity,True,Public RDS Instance,True,True,High,0,False,True,7.3
CLOUD-005939,AST-09936,AWS,DevOps,False,None,True,False,High,2,False,True,3.7
CLOUD-005940,AST-09938,AWS,Database,False,None,False,True,High,1,True,True,5.6
CLOUD-005941,AST-09939,AWS,Analytics,False,None,True,True,High,2,False,False,2.2
CLOUD-005942,AST-09942,GCP,Networking,False,None,True,True,Medium,0,True,False,2.1
CLOUD-005943,AST-09943,Azure,Compute,False,None,True,True,High,0,False,False,2.0
CLOUD-005944,AST-09944,GCP,DevOps,False,None,True,True,Low,1,False,False,0
CLOUD-005945,AST-09946,Azure,Networking,False,Open Security Group,True,True,Low,2,False,True,2.6
CLOUD-005946,AST-09947,GCP,Database,True,Unencrypted Volume,True,True,Low,6,False,True,5.9
CLOUD-005947,AST-09948,GCP,Storage,False,Public S3 Bucket,False,True,Medium,2,False,True,5.1
CLOUD-005948,AST-09949,GCP,ML,False,None,True,True,Medium,2,True,False,2.8
CLOUD-005949,AST-09952,GCP,Container,False,None,False,False,High,0,False,True,4.9
CLOUD-005950,AST-09954,Azure,Serverless,False,None,True,False,Medium,0,False,True,2.5
CLOUD-005951,AST-09957,AWS,Storage,False,None,False,True,Low,0,False,True,1.8
CLOUD-005952,AST-09958,GCP,Analytics,True,None,True,False,Low,4,False,True,4.8
CLOUD-005953,AST-09960,Azure,Identity,True,None,False,False,High,1,False,True,7.8
CLOUD-005954,AST-09961,Azure,Storage,False,None,True,True,Low,0,True,False,1.5
CLOUD-005955,AST-09962,AWS,Analytics,False,None,True,True,High,1,False,False,2.6
CLOUD-005956,AST-09964,GCP,Container,False,None,True,True,Medium,2,False,False,1.6
CLOUD-005957,AST-09965,GCP,Storage,False,Logging Disabled,True,True,Low,1,False,True,2.4
CLOUD-005958,AST-09967,Azure,Serverless,False,None,True,True,Medium,1,False,False,0.9
CLOUD-005959,AST-09968,AWS,ML,False,None,False,True,Medium,2,False,True,3.1
CLOUD-005960,AST-09969,GCP,Container,False,None,True,True,High,3,False,False,2.7
CLOUD-005961,AST-09970,AWS,Database,False,None,True,False,Medium,1,False,True,1.9
CLOUD-005962,AST-09973,Azure,Networking,False,None,True,False,Medium,1,False,True,2.4
CLOUD-005963,AST-09976,GCP,Identity,False,None,True,False,High,1,False,True,3.2
CLOUD-005964,AST-09977,AWS,Identity,False,Default VPC,True,False,Low,1,False,True,2.9
CLOUD-005965,AST-09978,GCP,Container,True,None,True,True,Low,10,False,False,5.4
CLOUD-005966,AST-09983,AWS,Networking,False,Default VPC,True,True,Medium,2,False,True,3.9
CLOUD-005967,AST-09984,AWS,Database,False,None,True,True,Low,0,False,False,0
CLOUD-005968,AST-09985,GCP,Identity,False,None,True,False,Low,1,False,True,1.1
CLOUD-005969,AST-09987,GCP,ML,False,Logging Disabled,True,True,High,3,False,True,5.1
CLOUD-005970,AST-09988,Azure,Database,False,Default VPC,True,True,High,0,False,True,4.0
CLOUD-005971,AST-09989,GCP,ML,False,None,True,False,High,1,False,True,2.8
CLOUD-005972,AST-09991,GCP,Compute,True,Overly Permissive IAM Policy,True,True,Medium,6,False,True,7.0
CLOUD-005973,AST-09992,GCP,DevOps,True,None,True,True,High,6,False,False,6.6
CLOUD-005974,AST-09994,AWS,Networking,False,None,True,True,Medium,2,False,False,1.2
CLOUD-005975,AST-09995,Azure,Container,False,None,False,True,Medium,0,False,True,2.2
CLOUD-005976,AST-09996,GCP,ML,False,Public S3 Bucket,True,False,High,2,False,True,5.9
CLOUD-005977,AST-10000,AWS,Compute,False,None,False,True,High,1,False,True,3.7
