telemetry_id,asset_id,timestamp,malware_detected,suspicious_process_count,endpoint_alert_count,ransomware_indicator,malicious_file_count,blocked_connection_count,isolation_triggered,detection_confidence,endpoint_security_score
EDR-000001,AST-00001,2026-08-17 10:58:14,False,6,14,False,0,6,False,0.27,7.4
EDR-000002,AST-00002,2026-08-20 01:58:14,False,1,10,False,0,36,False,0.49,8.8
EDR-000003,AST-00003,2026-08-28 23:58:14,False,2,8,False,0,2,False,0.18,9.2
EDR-000004,AST-00004,2026-08-19 20:58:14,False,2,18,False,0,34,False,0.57,8.0
EDR-000005,AST-00005,2026-08-08 15:58:14,False,9,6,False,0,29,False,0.14,7.3
EDR-000006,AST-00006,2026-09-02 08:58:14,False,1,2,False,0,48,False,0.48,9.7
EDR-000007,AST-00007,2026-08-14 10:58:14,False,0,3,False,0,22,False,0.3,9.9
EDR-000008,AST-00008,2026-09-04 06:58:14,False,6,6,False,0,47,False,0.7,8.3
EDR-000009,AST-00009,2026-09-02 17:58:14,False,3,8,False,0,6,False,0.32,8.8
EDR-000010,AST-00010,2026-09-03 13:58:14,False,5,10,False,0,45,False,0.63,8.2
EDR-000011,AST-00011,2026-08-18 01:58:14,False,10,7,False,0,36,False,0.68,7.1
EDR-000012,AST-00012,2026-09-04 01:58:14,False,6,20,False,0,7,False,0.26,6.9
EDR-000013,AST-00013,2026-08-19 16:58:14,False,3,7,False,0,40,False,0.68,9.0
EDR-000014,AST-00014,2026-08-17 13:58:14,False,8,14,False,0,0,False,0.51,7.3
EDR-000015,AST-00015,2026-08-13 16:58:14,False,8,12,False,0,29,False,0.41,7.1
EDR-000016,AST-00016,2026-08-10 13:58:14,False,8,11,False,0,11,False,0.56,7.3
EDR-000017,AST-00017,2026-08-20 08:58:14,False,8,6,False,0,5,False,0.64,7.9
EDR-000018,AST-00018,2026-08-08 00:58:14,False,0,0,False,0,11,False,0.77,10
EDR-000019,AST-00019,2026-08-31 13:58:14,False,7,2,False,0,28,False,0.6,8.2
EDR-000020,AST-00020,2026-08-09 04:58:14,False,6,5,False,0,41,False,0.77,8.5
EDR-000021,AST-00021,2026-08-24 03:58:14,False,5,4,False,0,46,False,0.41,8.8
EDR-000022,AST-00022,2026-08-25 06:58:14,False,8,7,False,0,44,False,0.11,7.4
EDR-000023,AST-00023,2026-08-17 23:58:14,False,4,5,False,0,45,False,0.73,8.9
EDR-000024,AST-00024,2026-08-21 12:58:14,False,7,4,False,0,45,False,0.13,8.1
EDR-000025,AST-00025,2026-08-08 11:58:14,False,3,5,True,0,6,False,0.16,6.3
EDR-000026,AST-00026,2026-08-29 06:58:14,False,0,8,False,0,47,False,0.14,9.5
EDR-000027,AST-00027,2026-08-14 00:58:14,True,0,0,False,1,48,False,0.67,7.8
EDR-000028,AST-00028,2026-08-15 11:58:14,False,1,18,False,0,35,False,0.78,8.4
EDR-000029,AST-00029,2026-08-17 13:58:14,True,5,20,False,3,36,True,0.67,4.9
EDR-000030,AST-00030,2026-08-30 20:58:14,False,0,7,False,0,34,False,0.57,9.7
EDR-000031,AST-00031,2026-08-11 09:58:14,False,6,19,False,0,49,False,0.78,6.9
EDR-000032,AST-00032,2026-08-19 05:58:14,False,3,16,False,0,17,False,0.21,7.5
EDR-000033,AST-00033,2026-09-03 12:58:14,False,1,6,False,0,42,False,0.66,9.4
EDR-000034,AST-00034,2026-08-16 06:58:14,False,8,18,False,0,19,False,0.45,7.0
EDR-000035,AST-00035,2026-08-27 22:58:14,False,2,13,False,0,31,False,0.2,7.9
EDR-000036,AST-00036,2026-08-19 01:58:14,False,6,14,False,0,21,False,0.76,6.9
EDR-000037,AST-00037,2026-08-20 06:58:14,False,8,10,False,0,39,False,0.43,7.0
EDR-000038,AST-00038,2026-08-12 05:58:14,False,3,12,False,0,6,False,0.23,7.7
EDR-000039,AST-00039,2026-08-07 15:58:14,False,5,9,False,0,35,False,0.31,8.2
EDR-000040,AST-00040,2026-08-16 02:58:14,False,4,18,False,0,7,False,0.72,7.9
EDR-000041,AST-00041,2026-08-12 14:58:14,False,2,5,False,0,7,False,0.79,8.7
EDR-000042,AST-00042,2026-08-09 19:58:14,False,1,17,False,0,50,False,0.8,7.7
EDR-000043,AST-00043,2026-09-02 18:58:14,False,7,6,False,0,4,False,0.5,8.1
EDR-000044,AST-00044,2026-08-13 16:58:14,False,5,4,False,0,46,False,0.38,8.5
EDR-000045,AST-00045,2026-08-15 07:58:14,False,1,5,False,0,47,False,0.24,9.1
EDR-000046,AST-00046,2026-08-09 01:58:14,False,8,14,False,0,15,False,0.49,7.0
EDR-000047,AST-00047,2026-08-30 06:58:14,False,6,2,False,0,14,False,0.76,8.9
EDR-000048,AST-00048,2026-08-12 04:58:14,False,0,15,False,0,36,False,0.21,8.9
EDR-000049,AST-00049,2026-09-04 13:58:14,False,3,1,False,0,41,False,0.19,9.1
EDR-000050,AST-00050,2026-08-29 10:58:14,False,5,7,False,0,14,False,0.15,8.3
EDR-000051,AST-00051,2026-08-07 06:58:14,False,3,7,False,0,33,False,0.28,8.4
EDR-000052,AST-00052,2026-08-26 05:58:14,False,2,6,False,0,27,False,0.43,8.8
EDR-000053,AST-00053,2026-08-19 01:58:14,False,4,4,False,0,10,False,0.44,9.2
EDR-000054,AST-00054,2026-08-10 20:58:14,False,10,13,False,0,8,False,0.54,6.3
EDR-000055,AST-00055,2026-08-28 10:58:14,False,6,11,False,0,12,False,0.49,7.3
EDR-000056,AST-00056,2026-08-08 08:58:14,True,3,19,False,0,41,False,0.99,5.8
EDR-000057,AST-00057,2026-09-02 08:58:14,True,1,1,False,2,26,False,0.85,7.6
EDR-000058,AST-00058,2026-08-26 17:58:14,True,3,1,False,1,16,False,0.8,7.1
EDR-000059,AST-00059,2026-08-18 00:58:14,False,4,10,False,0,46,False,0.56,8.4
EDR-000060,AST-00060,2026-08-30 11:58:14,False,8,9,False,0,3,False,0.65,7.6
EDR-000061,AST-00061,2026-08-06 16:58:14,False,10,19,False,0,13,False,0.24,5.7
EDR-000062,AST-00062,2026-09-04 04:58:14,False,1,9,False,0,48,False,0.67,9.1
EDR-000063,AST-00063,2026-09-02 21:58:14,False,5,8,False,0,3,False,0.24,8.5
EDR-000064,AST-00064,2026-08-15 19:58:14,False,2,0,False,0,44,False,0.59,9.2
EDR-000065,AST-00065,2026-09-03 10:58:14,False,0,8,False,0,38,False,0.1,9.6
EDR-000066,AST-00066,2026-08-26 13:58:14,False,3,9,False,0,38,False,0.66,8.8
EDR-000067,AST-00067,2026-08-28 21:58:14,False,2,1,False,0,23,False,0.49,9.6
EDR-000068,AST-00068,2026-08-26 05:58:14,False,2,0,False,0,9,False,0.19,9.9
EDR-000069,AST-00069,2026-08-16 18:58:14,False,6,14,False,0,3,False,0.62,7.2
EDR-000070,AST-00070,2026-08-19 15:58:14,False,3,0,False,0,6,False,0.21,9.2
EDR-000071,AST-00071,2026-08-27 16:58:14,False,3,8,False,0,23,False,0.75,8.8
EDR-000072,AST-00072,2026-08-19 18:58:14,False,0,5,False,0,12,False,0.77,9.7
EDR-000073,AST-00073,2026-08-20 11:58:14,False,2,15,False,0,44,False,0.47,8.3
EDR-000074,AST-00074,2026-08-19 05:58:14,False,5,5,True,0,34,False,0.31,5.2
EDR-000075,AST-00075,2026-08-05 21:58:14,False,1,4,False,0,30,False,0.53,8.9
EDR-000076,AST-00076,2026-08-19 06:58:14,False,2,10,False,0,30,False,0.25,9.0
EDR-000077,AST-00077,2026-08-30 06:58:14,True,10,16,False,0,31,True,0.82,4.8
EDR-000078,AST-00078,2026-08-20 20:58:14,False,6,0,False,0,5,False,0.63,8.7
EDR-000079,AST-00079,2026-08-31 15:58:14,False,4,17,False,0,22,False,0.53,7.9
EDR-000080,AST-00080,2026-08-27 08:58:14,False,8,2,False,0,17,False,0.48,8.2
EDR-000081,AST-00081,2026-08-10 21:58:14,False,0,20,False,0,33,False,0.1,8.1
EDR-000082,AST-00082,2026-09-03 05:58:14,False,1,4,False,0,29,False,0.45,8.9
EDR-000083,AST-00083,2026-08-15 22:58:14,False,2,6,False,0,9,False,0.79,8.8
EDR-000084,AST-00084,2026-08-22 01:58:14,False,2,11,False,0,7,False,0.46,8.4
EDR-000085,AST-00085,2026-08-31 07:58:14,False,7,17,False,0,45,False,0.38,6.6
EDR-000086,AST-00086,2026-08-19 10:58:14,False,5,13,False,0,48,False,0.26,7.8
EDR-000087,AST-00087,2026-08-22 09:58:14,False,5,5,False,0,21,False,0.2,8.4
EDR-000088,AST-00088,2026-08-24 15:58:14,True,1,9,False,1,9,True,0.61,7.4
EDR-000089,AST-00089,2026-08-11 11:58:14,False,5,18,False,0,18,False,0.68,6.8
EDR-000090,AST-00090,2026-08-06 17:58:14,False,8,7,False,0,31,False,0.41,7.8
EDR-000091,AST-00091,2026-09-03 06:58:14,False,2,7,False,0,35,False,0.37,8.4
EDR-000092,AST-00092,2026-08-23 13:58:14,False,10,9,False,0,35,False,0.48,7.1
EDR-000093,AST-00093,2026-08-28 19:58:14,False,9,3,False,0,42,False,0.42,8.2
EDR-000094,AST-00094,2026-08-15 03:58:14,False,8,17,False,0,22,False,0.23,6.9
EDR-000095,AST-00095,2026-08-31 19:58:14,False,7,8,False,0,26,False,0.56,8.2
EDR-000096,AST-00096,2026-08-29 20:58:14,False,4,8,False,0,39,False,0.57,8.7
EDR-000097,AST-00097,2026-08-29 11:58:14,False,5,4,False,0,12,False,0.56,9.0
EDR-000098,AST-00098,2026-09-03 11:58:14,False,9,8,False,0,38,False,0.41,7.6
EDR-000099,AST-00099,2026-09-01 08:58:14,False,3,20,False,0,28,False,0.27,7.5
EDR-000100,AST-00100,2026-08-25 15:58:14,False,3,5,False,0,49,False,0.56,8.6
EDR-000101,AST-00101,2026-08-21 13:58:14,False,0,19,False,0,31,False,0.28,8.2
EDR-000102,AST-00102,2026-08-21 19:58:14,False,1,1,False,0,35,False,0.27,9.8
EDR-000103,AST-00103,2026-08-06 07:58:14,False,0,11,False,0,33,False,0.27,8.8
EDR-000104,AST-00104,2026-08-30 00:58:14,False,3,16,False,0,15,False,0.46,8.2
EDR-000105,AST-00105,2026-08-21 12:58:14,False,7,2,True,0,32,False,0.31,5.9
EDR-000106,AST-00106,2026-08-30 20:58:14,False,6,14,False,0,37,False,0.74,7.5
EDR-000107,AST-00107,2026-08-24 21:58:14,False,7,9,False,0,2,False,0.35,7.9
EDR-000108,AST-00108,2026-08-27 10:58:14,False,10,7,False,0,9,False,0.6,7.1
EDR-000109,AST-00109,2026-08-20 23:58:14,False,2,18,False,0,35,False,0.46,7.9
EDR-000110,AST-00110,2026-08-14 22:58:14,False,3,14,False,0,44,False,0.64,7.6
EDR-000111,AST-00111,2026-08-22 07:58:14,False,2,9,False,0,10,False,0.68,9.0
EDR-000112,AST-00112,2026-08-24 14:58:14,False,10,14,False,0,42,False,0.19,6.4
EDR-000113,AST-00113,2026-09-02 15:58:14,False,2,12,False,0,26,False,0.67,8.7
EDR-000114,AST-00114,2026-08-14 20:58:14,False,3,7,False,0,28,False,0.7,8.2
EDR-000115,AST-00115,2026-08-19 15:58:14,False,7,16,False,0,24,False,0.11,7.0
EDR-000116,AST-00116,2026-08-26 07:58:14,False,2,20,True,0,9,False,0.48,4.9
EDR-000117,AST-00117,2026-08-18 04:58:14,False,3,1,False,0,30,False,0.53,9.7
EDR-000118,AST-00118,2026-08-25 04:58:14,False,1,13,False,0,20,False,0.4,8.7
EDR-000119,AST-00119,2026-09-02 15:58:14,True,8,2,False,2,29,True,0.99,6.6
EDR-000120,AST-00120,2026-08-28 12:58:14,False,2,5,False,0,32,False,0.39,8.8
EDR-000121,AST-00121,2026-08-09 07:58:14,False,0,19,False,0,41,False,0.22,8.3
EDR-000122,AST-00122,2026-08-16 02:58:14,False,10,5,False,0,12,False,0.49,7.8
EDR-000123,AST-00123,2026-08-31 12:58:14,False,0,0,False,0,35,False,0.45,9.6
EDR-000124,AST-00124,2026-09-02 01:58:14,False,3,4,False,0,31,False,0.52,8.8
EDR-000125,AST-00125,2026-08-23 18:58:14,False,0,7,False,0,41,False,0.52,9.2
EDR-000126,AST-00126,2026-08-13 09:58:14,False,10,2,False,0,9,False,0.29,8.2
EDR-000127,AST-00127,2026-08-27 08:58:14,False,7,16,False,0,9,False,0.28,7.1
EDR-000128,AST-00128,2026-08-21 03:58:14,False,3,14,False,0,34,False,0.61,8.2
EDR-000129,AST-00129,2026-08-18 03:58:14,False,3,6,False,0,10,False,0.77,8.3
EDR-000130,AST-00130,2026-08-17 16:58:14,False,0,13,False,0,16,False,0.66,9.0
EDR-000131,AST-00131,2026-09-02 13:58:14,False,3,18,False,0,32,False,0.58,7.1
EDR-000132,AST-00132,2026-08-28 14:58:14,False,0,4,False,0,13,False,0.62,9.9
EDR-000133,AST-00133,2026-08-16 16:58:14,False,9,16,False,0,19,False,0.49,6.2
EDR-000134,AST-00134,2026-08-22 00:58:14,False,9,15,False,0,39,False,0.49,6.9
EDR-000135,AST-00135,2026-08-13 01:58:14,False,4,18,False,0,3,False,0.52,7.5
EDR-000136,AST-00136,2026-08-17 15:58:14,False,4,11,False,0,29,False,0.3,8.0
EDR-000137,AST-00137,2026-09-04 06:58:14,False,2,15,False,0,21,False,0.2,7.9
EDR-000138,AST-00138,2026-08-06 14:58:14,False,8,12,False,0,12,False,0.54,7.0
EDR-000139,AST-00139,2026-08-12 16:58:14,False,10,11,False,0,11,False,0.39,7.0
EDR-000140,AST-00140,2026-08-12 20:58:14,False,5,4,False,0,35,False,0.28,8.2
EDR-000141,AST-00141,2026-08-20 02:58:14,False,10,2,False,0,32,False,0.17,7.8
EDR-000142,AST-00142,2026-09-04 13:58:14,False,9,14,False,0,14,False,0.1,7.2
EDR-000143,AST-00143,2026-08-14 09:58:14,False,10,18,False,0,4,False,0.7,5.9
EDR-000144,AST-00144,2026-09-01 20:58:14,False,10,5,False,0,0,False,0.3,7.1
EDR-000145,AST-00145,2026-08-07 08:58:14,False,9,3,False,0,29,False,0.45,7.6
EDR-000146,AST-00146,2026-08-20 14:58:14,False,3,4,False,0,1,False,0.71,9.4
EDR-000147,AST-00147,2026-09-02 04:58:14,False,3,7,False,0,30,False,0.39,8.6
EDR-000148,AST-00148,2026-08-19 17:58:14,False,1,12,False,0,43,False,0.42,9.1
EDR-000149,AST-00149,2026-08-12 21:58:14,False,7,14,False,0,47,False,0.16,6.9
EDR-000150,AST-00150,2026-08-12 14:58:14,False,0,5,False,0,0,False,0.15,9.5
EDR-000151,AST-00151,2026-08-15 13:58:14,False,4,10,False,0,2,False,0.1,8.1
EDR-000152,AST-00152,2026-08-25 07:58:14,False,0,6,False,0,31,False,0.39,9.6
EDR-000153,AST-00153,2026-08-22 11:58:14,False,0,5,False,0,33,False,0.1,9.9
EDR-000154,AST-00154,2026-08-15 02:58:14,False,0,12,False,0,5,False,0.29,9.0
EDR-000155,AST-00155,2026-08-29 08:58:14,True,6,13,False,3,36,False,0.75,5.3
EDR-000156,AST-00156,2026-08-22 11:58:14,False,2,14,False,0,42,False,0.71,8.2
EDR-000157,AST-00157,2026-08-16 21:58:14,False,4,12,False,0,8,False,0.38,8.0
EDR-000158,AST-00158,2026-08-14 06:58:14,False,4,6,False,0,21,False,0.28,8.5
EDR-000159,AST-00159,2026-08-15 04:58:14,False,8,3,False,0,45,False,0.34,8.2
EDR-000160,AST-00160,2026-08-21 04:58:14,False,0,18,False,0,36,False,0.21,8.6
EDR-000161,AST-00161,2026-08-27 12:58:14,False,10,9,False,0,35,False,0.72,7.1
EDR-000162,AST-00162,2026-08-21 00:58:14,False,10,6,False,0,16,False,0.41,7.0
EDR-000163,AST-00163,2026-08-31 00:58:14,False,0,4,False,0,35,False,0.39,9.2
EDR-000164,AST-00164,2026-08-29 21:58:14,False,1,15,False,0,13,False,0.21,7.8
EDR-000165,AST-00165,2026-08-18 09:58:14,False,2,2,False,0,14,False,0.12,9.3
EDR-000166,AST-00166,2026-08-18 17:58:14,False,9,13,False,0,7,False,0.54,6.8
EDR-000167,AST-00167,2026-08-11 16:58:14,False,10,18,False,0,35,False,0.66,6.0
EDR-000168,AST-00168,2026-08-28 20:58:14,False,10,5,False,0,5,False,0.33,7.2
EDR-000169,AST-00169,2026-08-13 22:58:14,False,6,19,False,0,22,False,0.46,6.6
EDR-000170,AST-00170,2026-08-18 20:58:14,False,1,0,False,0,31,False,0.64,9.5
EDR-000171,AST-00171,2026-08-20 07:58:14,False,7,15,False,0,12,False,0.24,7.2
EDR-000172,AST-00172,2026-08-21 22:58:14,False,10,16,False,0,26,False,0.1,6.6
EDR-000173,AST-00173,2026-08-11 15:58:14,False,4,5,False,0,19,False,0.46,8.5
EDR-000174,AST-00174,2026-08-31 11:58:14,False,3,14,False,0,13,False,0.57,7.7
EDR-000175,AST-00175,2026-08-09 12:58:14,False,9,6,True,0,37,False,0.17,5.1
EDR-000176,AST-00176,2026-08-22 07:58:14,False,6,17,False,0,4,False,0.21,6.7
EDR-000177,AST-00177,2026-08-23 00:58:14,False,5,6,False,0,49,False,0.3,8.7
EDR-000178,AST-00178,2026-08-24 17:58:14,False,4,17,False,0,8,False,0.3,7.6
EDR-000179,AST-00179,2026-08-26 17:58:14,False,3,6,False,0,4,False,0.44,8.7
EDR-000180,AST-00180,2026-08-22 12:58:14,False,0,0,False,0,35,False,0.39,9.8
EDR-000181,AST-00181,2026-08-06 09:58:14,False,2,19,False,0,46,False,0.69,7.3
EDR-000182,AST-00182,2026-08-07 21:58:14,False,1,18,False,0,8,False,0.5,8.2
EDR-000183,AST-00183,2026-08-06 15:58:14,False,5,17,False,0,46,False,0.24,7.0
EDR-000184,AST-00184,2026-08-08 00:58:14,False,1,18,False,0,27,False,0.5,7.5
EDR-000185,AST-00185,2026-08-06 06:58:14,False,6,20,False,0,3,False,0.8,7.1
EDR-000186,AST-00186,2026-08-11 10:58:14,True,6,7,False,1,21,True,0.74,6.1
EDR-000187,AST-00187,2026-08-11 06:58:14,False,10,6,False,0,4,False,0.38,7.4
EDR-000188,AST-00188,2026-09-03 10:58:14,False,10,5,False,0,32,False,0.58,7.2
EDR-000189,AST-00189,2026-09-01 21:58:14,False,9,10,False,0,22,False,0.53,7.4
EDR-000190,AST-00190,2026-08-28 14:58:14,False,9,3,False,0,12,False,0.67,8.2
EDR-000191,AST-00191,2026-08-15 08:58:14,False,6,4,False,0,26,False,0.75,8.8
EDR-000192,AST-00192,2026-08-29 15:58:14,False,0,19,False,0,5,False,0.71,8.2
EDR-000193,AST-00193,2026-08-05 20:58:14,False,1,4,False,0,50,False,0.63,9.1
EDR-000194,AST-00194,2026-08-24 18:58:14,False,2,5,False,0,18,False,0.35,9.1
EDR-000195,AST-00195,2026-08-15 19:58:14,False,2,11,False,0,33,False,0.26,8.2
EDR-000196,AST-00196,2026-09-04 11:58:14,False,8,3,False,0,8,False,0.15,8.4
EDR-000197,AST-00197,2026-09-01 00:58:14,False,3,15,False,0,13,False,0.21,7.5
EDR-000198,AST-00198,2026-09-02 08:58:14,False,9,2,False,0,50,False,0.55,8.4
EDR-000199,AST-00199,2026-08-15 20:58:14,False,3,15,False,0,21,False,0.33,8.1
EDR-000200,AST-00200,2026-08-13 13:58:14,False,4,17,False,0,46,False,0.22,7.2
EDR-000201,AST-00201,2026-09-04 08:58:14,False,1,8,False,0,15,False,0.56,9.3
EDR-000202,AST-00202,2026-08-31 09:58:14,False,3,13,False,0,14,False,0.44,8.1
EDR-000203,AST-00203,2026-08-12 11:58:14,False,7,4,False,0,13,False,0.8,8.7
EDR-000204,AST-00204,2026-09-04 12:58:14,True,4,2,False,1,9,False,0.85,7.3
EDR-000205,AST-00205,2026-08-29 11:58:14,False,4,18,False,0,16,False,0.17,7.5
EDR-000206,AST-00206,2026-08-30 09:58:14,False,7,10,False,0,7,False,0.15,7.8
EDR-000207,AST-00207,2026-08-19 03:58:14,False,1,5,False,0,8,False,0.13,9.0
EDR-000208,AST-00208,2026-08-20 11:58:14,False,0,20,False,0,42,False,0.29,8.0
EDR-000209,AST-00209,2026-08-20 16:58:14,False,10,19,False,0,42,False,0.29,6.3
EDR-000210,AST-00210,2026-09-02 02:58:14,False,0,6,False,0,29,False,0.42,9.8
EDR-000211,AST-00211,2026-08-25 22:58:14,False,5,9,False,0,10,False,0.46,8.0
EDR-000212,AST-00212,2026-08-11 21:58:14,False,1,3,False,0,9,False,0.29,9.9
EDR-000213,AST-00213,2026-08-24 07:58:14,False,0,10,False,0,23,False,0.12,8.9
EDR-000214,AST-00214,2026-08-07 03:58:14,False,3,14,False,0,49,False,0.46,7.6
EDR-000215,AST-00215,2026-08-06 23:58:14,False,10,5,False,0,35,False,0.7,7.3
EDR-000216,AST-00216,2026-08-21 16:58:14,False,9,4,False,0,1,False,0.39,8.0
EDR-000217,AST-00217,2026-08-12 16:58:14,False,3,5,False,0,39,False,0.61,9.1
EDR-000218,AST-00218,2026-09-01 23:58:14,False,9,3,False,0,44,False,0.62,8.0
EDR-000219,AST-00219,2026-08-10 15:58:14,True,9,11,False,3,41,True,0.85,4.9
EDR-000220,AST-00220,2026-08-22 23:58:14,False,8,3,False,0,10,False,0.32,8.2
EDR-000221,AST-00221,2026-09-01 22:58:14,True,6,12,False,1,23,True,0.89,5.6
EDR-000222,AST-00222,2026-08-25 05:58:14,False,10,9,False,0,42,False,0.1,7.3
EDR-000223,AST-00223,2026-08-11 09:58:14,False,0,19,False,0,12,False,0.54,7.7
EDR-000224,AST-00224,2026-08-26 06:58:14,False,0,0,False,0,49,False,0.29,9.6
EDR-000225,AST-00225,2026-08-30 10:58:14,False,3,17,False,0,27,False,0.25,7.9
EDR-000226,AST-00226,2026-08-07 19:58:14,True,6,10,False,3,40,False,0.64,5.8
EDR-000227,AST-00227,2026-08-30 10:58:14,False,8,7,False,0,2,False,0.26,7.5
EDR-000228,AST-00228,2026-08-07 16:58:14,False,1,8,False,0,29,False,0.47,9.4
EDR-000229,AST-00229,2026-08-17 06:58:14,False,6,12,False,0,31,False,0.66,8.0
EDR-000230,AST-00230,2026-08-14 15:58:14,False,9,8,False,0,33,False,0.7,7.6
EDR-000231,AST-00231,2026-08-24 04:58:14,False,5,19,False,0,2,False,0.39,7.5
EDR-000232,AST-00232,2026-08-16 12:58:14,False,0,3,False,0,11,False,0.39,10
EDR-000233,AST-00233,2026-08-21 09:58:14,False,8,4,False,0,26,False,0.16,8.4
EDR-000234,AST-00234,2026-08-29 10:58:14,False,9,14,False,0,5,False,0.73,6.7
EDR-000235,AST-00235,2026-08-06 02:58:14,False,8,12,False,0,40,False,0.47,7.0
EDR-000236,AST-00236,2026-08-15 00:58:14,False,4,19,False,0,46,False,0.36,6.8
EDR-000237,AST-00237,2026-08-29 23:58:14,False,2,17,False,0,6,False,0.43,8.3
EDR-000238,AST-00238,2026-08-31 06:58:14,False,7,20,False,0,18,False,0.25,6.4
EDR-000239,AST-00239,2026-08-19 05:58:14,False,5,2,False,0,3,False,0.78,9.2
EDR-000240,AST-00240,2026-09-02 15:58:14,False,5,20,False,0,0,False,0.29,6.9
EDR-000241,AST-00241,2026-08-11 09:58:14,False,6,4,False,0,38,False,0.38,8.0
EDR-000242,AST-00242,2026-08-20 08:58:14,False,2,8,False,0,42,False,0.53,9.1
EDR-000243,AST-00243,2026-08-09 10:58:14,False,4,12,False,0,32,False,0.65,8.3
EDR-000244,AST-00244,2026-08-25 18:58:14,False,10,10,False,0,10,False,0.21,7.2
EDR-000245,AST-00245,2026-08-23 09:58:14,False,0,10,False,0,13,False,0.59,8.5
EDR-000246,AST-00246,2026-08-09 01:58:14,False,9,12,False,0,4,False,0.64,7.2
EDR-000247,AST-00247,2026-08-23 16:58:14,False,1,13,False,0,26,False,0.32,8.4
EDR-000248,AST-00248,2026-08-25 03:58:14,False,9,9,False,0,29,False,0.45,6.8
EDR-000249,AST-00249,2026-08-13 06:58:14,False,10,17,False,0,49,False,0.51,6.6
EDR-000250,AST-00250,2026-08-05 17:58:14,False,6,10,False,0,7,False,0.75,8.1
EDR-000251,AST-00251,2026-08-20 10:58:14,False,10,12,False,0,29,False,0.58,7.1
EDR-000252,AST-00252,2026-09-02 01:58:14,False,10,16,False,0,18,False,0.47,6.0
EDR-000253,AST-00253,2026-08-10 19:58:14,False,4,0,False,0,35,False,0.15,9.5
EDR-000254,AST-00254,2026-08-31 15:58:14,False,4,11,False,0,37,False,0.45,8.6
EDR-000255,AST-00255,2026-08-10 12:58:14,False,6,1,False,0,28,False,0.79,8.6
EDR-000256,AST-00256,2026-08-12 17:58:14,False,9,12,False,0,0,False,0.76,7.3
EDR-000257,AST-00257,2026-08-13 05:58:14,False,2,5,False,0,3,False,0.63,8.9
EDR-000258,AST-00258,2026-08-26 03:58:14,False,3,8,False,0,38,False,0.59,8.2
EDR-000259,AST-00259,2026-08-19 12:58:14,False,10,2,False,0,24,False,0.1,7.5
EDR-000260,AST-00260,2026-08-15 05:58:14,False,1,17,False,0,13,False,0.39,7.7
EDR-000261,AST-00261,2026-08-30 08:58:14,False,4,0,False,0,8,False,0.27,9.2
EDR-000262,AST-00262,2026-08-22 06:58:14,False,3,12,False,0,12,False,0.26,8.6
EDR-000263,AST-00263,2026-08-14 19:58:14,False,2,20,False,0,25,False,0.14,7.2
EDR-000264,AST-00264,2026-08-14 19:58:14,False,3,5,False,0,36,False,0.51,8.4
EDR-000265,AST-00265,2026-08-08 03:58:14,False,3,18,False,0,17,False,0.77,7.4
EDR-000266,AST-00266,2026-09-02 12:58:14,False,8,9,False,0,11,False,0.63,7.7
EDR-000267,AST-00267,2026-08-22 20:58:14,False,6,17,False,0,30,False,0.5,7.6
EDR-000268,AST-00268,2026-08-07 10:58:14,False,4,3,False,0,46,False,0.6,9.1
EDR-000269,AST-00269,2026-08-18 14:58:14,False,3,3,False,0,32,False,0.42,9.6
EDR-000270,AST-00270,2026-08-16 11:58:14,False,2,11,False,0,42,False,0.28,8.7
EDR-000271,AST-00271,2026-08-25 16:58:14,False,4,3,False,0,6,False,0.62,8.9
EDR-000272,AST-00272,2026-08-21 03:58:14,False,3,5,False,0,12,False,0.41,8.4
EDR-000273,AST-00273,2026-08-18 08:58:14,False,3,15,False,0,11,False,0.54,7.5
EDR-000274,AST-00274,2026-08-31 15:58:14,False,7,16,False,0,10,False,0.15,7.3
EDR-000275,AST-00275,2026-08-23 10:58:14,False,1,20,False,0,44,False,0.73,7.8
EDR-000276,AST-00276,2026-08-07 11:58:14,False,3,13,False,0,1,False,0.48,8.6
EDR-000277,AST-00277,2026-09-01 21:58:14,False,3,6,True,0,46,False,0.38,6.2
EDR-000278,AST-00278,2026-09-04 12:58:14,True,2,0,False,0,16,True,0.7,7.5
EDR-000279,AST-00279,2026-08-06 17:58:14,False,1,4,False,0,35,False,0.6,9.0
EDR-000280,AST-00280,2026-08-29 09:58:14,False,7,13,False,0,48,False,0.61,7.5
EDR-000281,AST-00281,2026-08-10 14:58:14,False,9,12,False,0,25,False,0.68,7.0
EDR-000282,AST-00282,2026-08-23 10:58:14,False,5,11,False,0,15,False,0.13,7.8
EDR-000283,AST-00283,2026-08-14 19:58:14,False,8,14,False,0,13,False,0.63,6.8
EDR-000284,AST-00284,2026-08-26 23:58:14,False,0,1,False,0,31,False,0.27,10
EDR-000285,AST-00285,2026-08-16 08:58:14,False,0,10,False,0,11,False,0.56,9.1
EDR-000286,AST-00286,2026-08-20 06:58:14,False,8,6,False,0,8,False,0.28,7.8
EDR-000287,AST-00287,2026-08-25 10:58:14,False,10,14,False,0,20,False,0.2,6.7
EDR-000288,AST-00288,2026-09-03 23:58:14,False,5,6,False,0,7,False,0.52,8.3
EDR-000289,AST-00289,2026-08-12 20:58:14,False,4,13,False,0,48,False,0.53,7.8
EDR-000290,AST-00290,2026-08-20 21:58:14,False,6,13,False,0,14,False,0.58,7.5
EDR-000291,AST-00291,2026-08-26 15:58:14,True,10,16,False,1,30,True,0.62,4.5
EDR-000292,AST-00292,2026-08-27 02:58:14,False,10,15,False,0,33,False,0.39,6.4
EDR-000293,AST-00293,2026-08-17 08:58:14,False,8,5,False,0,35,False,0.38,7.5
EDR-000294,AST-00294,2026-08-16 22:58:14,False,1,1,False,0,21,False,0.27,10
EDR-000295,AST-00295,2026-08-24 04:58:14,False,4,17,False,0,39,False,0.36,7.9
EDR-000296,AST-00296,2026-08-08 22:58:14,False,4,17,False,0,9,False,0.59,7.5
EDR-000297,AST-00297,2026-08-25 20:58:14,False,1,2,False,0,45,False,0.49,9.5
EDR-000298,AST-00298,2026-09-03 17:58:14,False,6,15,False,0,9,False,0.65,7.1
EDR-000299,AST-00299,2026-08-17 10:58:14,False,2,19,False,0,25,False,0.38,8.1
EDR-000300,AST-00300,2026-08-10 01:58:14,False,9,18,False,0,19,False,0.6,6.5
EDR-000301,AST-00301,2026-08-14 10:58:14,False,1,1,False,0,8,False,0.55,9.3
EDR-000302,AST-00302,2026-08-11 11:58:14,False,3,16,False,0,31,False,0.59,7.3
EDR-000303,AST-00303,2026-08-06 10:58:14,False,8,1,False,0,36,False,0.34,8.8
EDR-000304,AST-00304,2026-08-31 17:58:14,False,9,8,False,0,2,False,0.77,7.7
EDR-000305,AST-00305,2026-08-17 00:58:14,False,8,14,False,0,25,False,0.15,7.3
EDR-000306,AST-00306,2026-08-07 18:58:14,False,0,3,False,0,8,False,0.69,9.4
EDR-000307,AST-00307,2026-09-02 19:58:14,False,5,3,False,0,34,False,0.58,9.1
EDR-000308,AST-00308,2026-08-20 21:58:14,False,7,0,False,0,37,False,0.52,9.0
EDR-000309,AST-00309,2026-08-23 03:58:14,False,0,17,False,0,14,False,0.41,7.8
EDR-000310,AST-00310,2026-08-09 11:58:14,False,2,3,False,0,24,False,0.15,8.9
EDR-000311,AST-00311,2026-08-16 07:58:14,False,0,1,False,0,3,False,0.11,9.8
EDR-000312,AST-00312,2026-08-31 11:58:14,False,0,7,False,0,8,False,0.64,9.1
EDR-000313,AST-00313,2026-08-24 14:58:14,False,0,11,False,0,19,False,0.74,8.8
EDR-000314,AST-00314,2026-08-24 13:58:14,True,7,18,False,1,34,True,0.95,4.5
EDR-000315,AST-00315,2026-08-29 07:58:14,False,1,4,False,0,18,False,0.24,9.4
EDR-000316,AST-00316,2026-08-10 07:58:14,True,3,12,False,1,22,False,0.78,6.4
EDR-000317,AST-00317,2026-09-01 01:58:14,False,2,17,False,0,4,False,0.26,8.4
EDR-000318,AST-00318,2026-09-02 22:58:14,True,5,4,False,1,29,True,0.65,6.2
EDR-000319,AST-00319,2026-08-22 02:58:14,False,7,16,False,0,50,False,0.47,6.7
EDR-000320,AST-00320,2026-08-06 22:58:14,False,8,17,False,0,41,False,0.66,6.6
EDR-000321,AST-00321,2026-08-25 23:58:14,False,1,17,False,0,4,False,0.74,8.5
EDR-000322,AST-00322,2026-08-31 12:58:14,False,4,20,False,0,12,False,0.31,6.9
EDR-000323,AST-00323,2026-08-22 06:58:14,False,4,7,False,0,47,False,0.48,8.0
EDR-000324,AST-00324,2026-08-28 12:58:14,False,4,20,False,0,48,False,0.19,7.7
EDR-000325,AST-00325,2026-08-17 22:58:14,False,9,5,False,0,42,False,0.56,7.8
EDR-000326,AST-00326,2026-08-31 07:58:14,False,4,13,False,0,15,False,0.3,8.4
EDR-000327,AST-00327,2026-08-07 15:58:14,False,1,17,False,0,6,False,0.13,8.6
EDR-000328,AST-00328,2026-09-02 09:58:14,False,1,6,False,0,28,False,0.6,8.9
EDR-000329,AST-00329,2026-08-16 02:58:14,False,4,10,False,0,33,False,0.72,8.6
EDR-000330,AST-00330,2026-08-24 12:58:14,False,1,11,False,0,18,False,0.64,8.4
EDR-000331,AST-00331,2026-09-02 13:58:14,False,3,0,False,0,21,False,0.52,9.4
EDR-000332,AST-00332,2026-08-12 23:58:14,False,10,1,False,0,43,False,0.47,8.3
EDR-000333,AST-00333,2026-08-31 06:58:14,False,6,10,False,0,47,False,0.15,7.9
EDR-000334,AST-00334,2026-08-22 17:58:14,False,5,20,False,0,37,False,0.17,7.5
EDR-000335,AST-00335,2026-08-31 19:58:14,False,9,10,False,0,16,False,0.32,7.3
EDR-000336,AST-00336,2026-08-17 02:58:14,False,3,16,False,0,11,False,0.41,7.3
EDR-000337,AST-00337,2026-08-06 15:58:14,False,5,5,False,0,43,False,0.49,8.8
EDR-000338,AST-00338,2026-08-07 23:58:14,True,5,1,False,0,49,True,0.85,6.5
EDR-000339,AST-00339,2026-09-02 22:58:14,False,1,0,False,0,30,False,0.8,10
EDR-000340,AST-00340,2026-08-22 19:58:14,False,3,19,False,0,8,False,0.5,7.6
EDR-000341,AST-00341,2026-08-16 12:58:14,False,7,0,False,0,26,False,0.44,8.8
EDR-000342,AST-00342,2026-08-27 14:58:14,False,1,13,False,0,40,False,0.2,8.4
EDR-000343,AST-00343,2026-08-20 08:58:14,False,6,17,False,0,36,False,0.43,7.1
EDR-000344,AST-00344,2026-08-30 04:58:14,False,6,18,True,0,48,False,0.12,4.0
EDR-000345,AST-00345,2026-08-12 22:58:14,False,0,14,False,0,18,False,0.11,8.6
EDR-000346,AST-00346,2026-08-16 06:58:14,False,3,5,False,0,24,False,0.5,9.3
EDR-000347,AST-00347,2026-08-14 18:58:14,False,8,3,False,0,12,False,0.3,8.5
EDR-000348,AST-00348,2026-08-07 03:58:14,False,10,1,False,0,1,False,0.72,7.9
EDR-000349,AST-00349,2026-08-15 01:58:14,False,10,19,False,0,15,False,0.52,5.7
EDR-000350,AST-00350,2026-08-25 10:58:14,True,4,10,False,0,27,True,0.89,6.6
EDR-000351,AST-00351,2026-08-09 08:58:14,False,1,0,False,0,11,False,0.63,10
EDR-000352,AST-00352,2026-08-31 08:58:14,False,2,16,False,0,16,False,0.16,7.8
EDR-000353,AST-00353,2026-08-31 21:58:14,True,0,9,False,2,50,True,0.77,7.5
EDR-000354,AST-00354,2026-09-02 00:58:14,False,9,15,False,0,30,False,0.38,6.8
EDR-000355,AST-00355,2026-08-10 04:58:14,False,5,19,False,0,48,False,0.15,6.6
EDR-000356,AST-00356,2026-08-09 20:58:14,False,3,2,False,0,47,False,0.13,9.3
EDR-000357,AST-00357,2026-08-09 12:58:14,False,6,1,False,0,23,False,0.23,8.9
EDR-000358,AST-00358,2026-08-14 18:58:14,False,6,12,False,0,0,False,0.29,7.5
EDR-000359,AST-00359,2026-08-10 08:58:14,False,7,9,False,0,0,False,0.61,7.6
EDR-000360,AST-00360,2026-08-06 12:58:14,False,5,19,False,0,28,False,0.66,6.9
EDR-000361,AST-00361,2026-08-22 09:58:14,False,10,0,False,0,47,False,0.47,8.3
EDR-000362,AST-00362,2026-08-17 17:58:14,False,3,13,False,0,49,False,0.64,7.9
EDR-000363,AST-00363,2026-08-26 22:58:14,False,5,9,False,0,16,False,0.28,8.0
EDR-000364,AST-00364,2026-08-21 01:58:14,False,1,9,False,0,18,False,0.26,8.7
EDR-000365,AST-00365,2026-08-16 12:58:14,False,4,19,False,0,50,False,0.53,7.2
EDR-000366,AST-00366,2026-08-08 17:58:14,True,0,18,False,3,42,True,0.99,5.8
EDR-000367,AST-00367,2026-08-06 11:58:14,False,8,8,False,0,16,False,0.63,7.4
EDR-000368,AST-00368,2026-08-27 09:58:14,False,2,5,False,0,49,False,0.56,9.6
EDR-000369,AST-00369,2026-08-08 08:58:14,False,8,17,False,0,17,False,0.47,7.1
EDR-000370,AST-00370,2026-08-09 20:58:14,False,5,7,False,0,34,False,0.34,8.2
EDR-000371,AST-00371,2026-08-26 17:58:14,False,9,2,False,0,30,False,0.26,8.4
EDR-000372,AST-00372,2026-08-12 20:58:14,False,1,15,False,0,5,False,0.26,8.1
EDR-000373,AST-00373,2026-08-10 19:58:14,False,6,13,False,0,42,False,0.37,7.7
EDR-000374,AST-00374,2026-08-23 18:58:14,False,9,9,False,0,24,False,0.41,7.6
EDR-000375,AST-00375,2026-08-12 01:58:14,False,0,4,False,0,10,False,0.11,9.8
EDR-000376,AST-00376,2026-08-22 14:58:14,False,6,12,False,0,14,False,0.64,7.9
EDR-000377,AST-00377,2026-08-30 08:58:14,False,4,6,False,0,46,False,0.44,8.5
EDR-000378,AST-00378,2026-08-24 04:58:14,False,2,2,False,0,8,False,0.7,9.8
EDR-000379,AST-00379,2026-08-21 05:58:14,False,5,7,False,0,29,False,0.78,7.8
EDR-000380,AST-00380,2026-08-14 15:58:14,False,9,2,False,0,48,False,0.33,7.7
EDR-000381,AST-00381,2026-08-29 19:58:14,False,8,12,False,0,38,False,0.68,7.2
EDR-000382,AST-00382,2026-08-10 12:58:14,False,3,6,False,0,38,False,0.66,8.6
EDR-000383,AST-00383,2026-08-14 13:58:14,False,10,18,False,0,14,False,0.54,5.8
EDR-000384,AST-00384,2026-08-07 03:58:14,False,7,9,False,0,23,False,0.35,7.8
EDR-000385,AST-00385,2026-08-16 08:58:14,False,7,1,False,0,25,False,0.24,8.8
EDR-000386,AST-00386,2026-08-26 16:58:14,False,10,5,False,0,43,False,0.17,7.3
EDR-000387,AST-00387,2026-08-11 16:58:14,False,0,11,False,0,14,False,0.29,9.3
EDR-000388,AST-00388,2026-08-31 09:58:14,False,6,17,False,0,40,False,0.58,7.0
EDR-000389,AST-00389,2026-09-01 04:58:14,False,1,10,False,0,4,False,0.65,8.6
EDR-000390,AST-00390,2026-08-11 23:58:14,False,5,3,False,0,7,False,0.22,9.0
EDR-000391,AST-00391,2026-08-28 15:58:14,False,0,13,False,0,26,False,0.24,8.5
EDR-000392,AST-00392,2026-08-09 12:58:14,False,6,15,False,0,9,False,0.29,7.3
EDR-000393,AST-00393,2026-09-02 19:58:14,False,3,1,False,0,29,False,0.1,9.8
EDR-000394,AST-00394,2026-08-29 12:58:14,False,3,6,False,0,15,False,0.18,9.1
EDR-000395,AST-00395,2026-08-23 03:58:14,False,3,19,False,0,41,False,0.59,7.6
EDR-000396,AST-00396,2026-08-18 03:58:14,False,6,6,False,0,46,False,0.3,8.1
EDR-000397,AST-00397,2026-08-07 01:58:14,True,9,0,False,0,10,True,0.67,6.2
EDR-000398,AST-00398,2026-08-14 01:58:14,False,8,19,False,0,35,False,0.52,6.3
EDR-000399,AST-00399,2026-09-03 00:58:14,False,7,5,False,0,15,False,0.73,8.4
EDR-000400,AST-00400,2026-08-08 12:58:14,True,4,18,False,3,39,True,0.98,5.2
EDR-000401,AST-00401,2026-08-14 18:58:14,False,7,16,False,0,21,False,0.28,7.0
EDR-000402,AST-00402,2026-08-14 00:58:14,False,1,7,False,0,30,False,0.26,9.3
EDR-000403,AST-00403,2026-09-01 21:58:14,False,10,18,False,0,42,False,0.5,6.0
EDR-000404,AST-00404,2026-09-02 01:58:14,False,3,5,False,0,32,False,0.22,8.7
EDR-000405,AST-00405,2026-08-27 17:58:14,False,4,20,False,0,45,False,0.29,7.2
EDR-000406,AST-00406,2026-09-03 23:58:14,False,9,3,True,0,42,False,0.15,5.1
EDR-000407,AST-00407,2026-08-21 09:58:14,False,5,4,False,0,16,False,0.5,8.6
EDR-000408,AST-00408,2026-08-29 03:58:14,False,3,13,False,0,46,False,0.57,8.6
EDR-000409,AST-00409,2026-08-20 06:58:14,False,9,12,False,0,43,False,0.75,7.2
EDR-000410,AST-00410,2026-08-10 21:58:14,False,9,5,False,0,45,False,0.17,7.5
EDR-000411,AST-00411,2026-08-08 01:58:14,False,7,2,False,0,16,False,0.68,8.2
EDR-000412,AST-00412,2026-08-28 23:58:14,False,3,5,False,0,47,False,0.24,9.3
EDR-000413,AST-00413,2026-08-23 03:58:14,False,9,9,False,0,1,False,0.13,7.7
EDR-000414,AST-00414,2026-08-15 22:58:14,False,0,13,False,0,48,False,0.24,8.7
EDR-000415,AST-00415,2026-08-14 23:58:14,False,2,13,False,0,32,False,0.33,8.0
EDR-000416,AST-00416,2026-08-10 07:58:14,False,10,14,False,0,50,False,0.1,6.4
EDR-000417,AST-00417,2026-09-02 04:58:14,False,6,17,False,0,16,False,0.67,7.5
EDR-000418,AST-00418,2026-08-23 05:58:14,False,9,7,False,0,23,False,0.54,7.0
EDR-000419,AST-00419,2026-08-14 11:58:14,False,9,17,False,0,50,False,0.29,7.0
EDR-000420,AST-00420,2026-08-24 10:58:14,False,1,6,False,0,38,False,0.6,9.1
EDR-000421,AST-00421,2026-08-14 17:58:14,False,3,11,False,0,21,False,0.26,7.9
EDR-000422,AST-00422,2026-09-01 13:58:14,False,5,16,False,0,18,False,0.44,7.8
EDR-000423,AST-00423,2026-08-17 21:58:14,False,1,10,False,0,22,False,0.54,8.9
EDR-000424,AST-00424,2026-08-15 08:58:14,False,1,15,True,0,25,False,0.62,5.1
EDR-000425,AST-00425,2026-08-25 02:58:14,False,5,6,False,0,21,False,0.13,8.5
EDR-000426,AST-00426,2026-08-07 13:58:14,False,1,19,False,0,46,False,0.56,7.8
EDR-000427,AST-00427,2026-09-02 05:58:14,False,2,17,False,0,8,False,0.77,8.3
EDR-000428,AST-00428,2026-08-12 18:58:14,False,6,15,False,0,17,False,0.25,7.5
EDR-000429,AST-00429,2026-09-04 14:58:14,False,6,3,False,0,13,False,0.3,8.2
EDR-000430,AST-00430,2026-08-19 21:58:14,False,8,6,False,0,46,False,0.15,8.1
EDR-000431,AST-00431,2026-08-16 15:58:14,False,8,17,False,0,15,False,0.48,6.7
EDR-000432,AST-00432,2026-08-06 10:58:14,False,4,2,False,0,36,False,0.59,9.2
EDR-000433,AST-00433,2026-08-06 21:58:14,False,4,18,False,0,39,False,0.38,6.9
EDR-000434,AST-00434,2026-08-30 15:58:14,False,3,4,False,0,29,False,0.66,9.2
EDR-000435,AST-00435,2026-08-23 06:58:14,False,5,19,False,0,37,False,0.74,6.6
EDR-000436,AST-00436,2026-08-13 20:58:14,False,9,6,False,0,2,False,0.56,7.9
EDR-000437,AST-00437,2026-08-31 20:58:14,False,6,0,False,0,45,False,0.46,9.2
EDR-000438,AST-00438,2026-08-19 09:58:14,False,7,13,False,0,13,False,0.5,7.0
EDR-000439,AST-00439,2026-09-02 10:58:14,False,5,0,False,0,13,False,0.23,9.1
EDR-000440,AST-00440,2026-08-07 23:58:14,False,8,12,False,0,38,False,0.71,7.7
EDR-000441,AST-00441,2026-08-19 21:58:14,False,3,11,False,0,27,False,0.5,7.8
EDR-000442,AST-00442,2026-08-07 01:58:14,False,6,16,False,0,43,False,0.57,7.3
EDR-000443,AST-00443,2026-08-21 03:58:14,True,3,20,False,0,39,True,0.63,5.3
EDR-000444,AST-00444,2026-08-18 17:58:14,False,9,15,False,0,47,False,0.19,7.1
EDR-000445,AST-00445,2026-08-11 18:58:14,False,3,4,False,0,48,False,0.51,9.4
EDR-000446,AST-00446,2026-08-19 22:58:14,False,5,7,False,0,8,False,0.63,8.4
EDR-000447,AST-00447,2026-08-27 05:58:14,False,7,20,False,0,41,False,0.21,6.6
EDR-000448,AST-00448,2026-08-31 09:58:14,False,1,20,False,0,3,False,0.37,8.0
EDR-000449,AST-00449,2026-08-16 10:58:14,False,2,0,False,0,28,False,0.12,9.7
EDR-000450,AST-00450,2026-08-07 01:58:14,False,8,13,False,0,8,False,0.7,7.0
EDR-000451,AST-00451,2026-08-14 05:58:14,False,4,12,False,0,21,False,0.48,8.4
EDR-000452,AST-00452,2026-08-10 19:58:14,False,1,9,False,0,4,False,0.21,9.4
EDR-000453,AST-00453,2026-09-04 06:58:14,False,4,0,False,0,5,False,0.1,9.1
EDR-000454,AST-00454,2026-08-24 05:58:14,False,2,11,False,0,37,False,0.59,8.4
EDR-000455,AST-00455,2026-08-13 03:58:14,False,5,7,False,0,6,False,0.52,8.3
EDR-000456,AST-00456,2026-08-30 01:58:14,False,6,16,False,0,48,False,0.52,7.0
EDR-000457,AST-00457,2026-08-26 22:58:14,False,5,1,False,0,4,False,0.26,8.4
EDR-000458,AST-00458,2026-08-23 23:58:14,False,5,0,False,0,47,False,0.36,8.8
EDR-000459,AST-00459,2026-08-22 03:58:14,False,8,5,False,0,41,False,0.76,8.1
EDR-000460,AST-00460,2026-08-16 10:58:14,False,0,17,False,0,16,False,0.42,8.2
EDR-000461,AST-00461,2026-09-03 01:58:14,False,5,1,False,0,26,False,0.46,9.0
EDR-000462,AST-00462,2026-08-25 16:58:14,False,2,7,False,0,27,False,0.29,8.9
EDR-000463,AST-00463,2026-08-17 06:58:14,False,0,19,False,0,29,False,0.49,8.0
EDR-000464,AST-00464,2026-09-01 12:58:14,False,5,9,False,0,7,False,0.12,8.1
EDR-000465,AST-00465,2026-08-16 00:58:14,False,3,2,False,0,36,False,0.59,8.8
EDR-000466,AST-00466,2026-08-08 02:58:14,False,5,4,False,0,37,False,0.78,8.4
EDR-000467,AST-00467,2026-09-01 09:58:14,False,6,2,False,0,38,False,0.2,8.8
EDR-000468,AST-00468,2026-08-09 08:58:14,False,7,18,False,0,27,False,0.46,6.8
EDR-000469,AST-00469,2026-08-15 20:58:14,False,2,13,False,0,26,False,0.67,8.5
EDR-000470,AST-00470,2026-08-30 21:58:14,False,0,3,False,0,35,False,0.56,10
EDR-000471,AST-00471,2026-08-05 17:58:14,False,10,12,False,0,48,False,0.68,7.1
EDR-000472,AST-00472,2026-08-15 06:58:14,False,2,1,False,0,5,False,0.32,9.6
EDR-000473,AST-00473,2026-08-11 17:58:14,False,7,17,False,0,3,False,0.4,6.8
EDR-000474,AST-00474,2026-08-29 06:58:14,False,1,9,False,0,0,False,0.13,8.9
EDR-000475,AST-00475,2026-08-20 20:58:14,False,3,14,False,0,17,False,0.65,7.7
EDR-000476,AST-00476,2026-08-23 11:58:14,False,8,8,False,0,19,False,0.55,7.3
EDR-000477,AST-00477,2026-08-22 18:58:14,False,6,5,False,0,31,False,0.24,8.4
EDR-000478,AST-00478,2026-08-25 02:58:14,False,2,7,False,0,9,False,0.32,8.4
EDR-000479,AST-00479,2026-08-27 22:58:14,False,6,10,False,0,1,False,0.64,7.8
EDR-000480,AST-00480,2026-08-14 10:58:14,False,6,15,False,0,37,False,0.14,7.8
EDR-000481,AST-00481,2026-08-21 00:58:14,False,2,7,False,0,31,False,0.3,8.9
EDR-000482,AST-00482,2026-08-15 11:58:14,False,6,5,True,0,26,False,0.57,5.3
EDR-000483,AST-00483,2026-08-25 17:58:14,False,3,15,False,0,7,False,0.47,8.1
EDR-000484,AST-00484,2026-08-15 16:58:14,False,4,13,False,0,19,False,0.38,8.3
EDR-000485,AST-00485,2026-08-13 03:58:14,False,3,5,False,0,7,False,0.36,8.9
EDR-000486,AST-00486,2026-09-01 17:58:14,False,1,0,False,0,45,False,0.31,9.6
EDR-000487,AST-00487,2026-08-20 15:58:14,False,8,7,False,0,4,False,0.2,7.2
EDR-000488,AST-00488,2026-09-01 07:58:14,False,6,5,False,0,6,False,0.56,8.4
EDR-000489,AST-00489,2026-08-13 00:58:14,False,1,9,False,0,45,False,0.21,8.8
EDR-000490,AST-00490,2026-08-09 11:58:14,False,10,14,False,0,36,False,0.57,6.8
EDR-000491,AST-00491,2026-08-31 20:58:14,False,3,13,False,0,30,False,0.17,8.0
EDR-000492,AST-00492,2026-09-04 14:58:14,False,4,10,False,0,30,False,0.37,8.2
EDR-000493,AST-00493,2026-08-30 09:58:14,False,10,14,False,0,13,False,0.17,6.1
EDR-000494,AST-00494,2026-08-13 23:58:14,False,7,19,False,0,31,False,0.67,6.5
EDR-000495,AST-00495,2026-08-12 20:58:14,False,5,20,False,0,42,False,0.45,7.2
EDR-000496,AST-00496,2026-09-01 15:58:14,False,10,16,False,0,43,False,0.43,6.9
EDR-000497,AST-00497,2026-08-18 07:58:14,False,7,7,False,0,33,False,0.63,8.1
EDR-000498,AST-00498,2026-08-11 03:58:14,False,3,13,False,0,0,False,0.39,7.7
EDR-000499,AST-00499,2026-08-12 17:58:14,False,9,9,False,0,12,False,0.63,7.2
EDR-000500,AST-00500,2026-08-07 20:58:14,False,4,11,False,0,24,False,0.37,8.4
EDR-000501,AST-00501,2026-08-18 06:58:14,False,2,16,True,0,8,False,0.51,5.1
EDR-000502,AST-00502,2026-08-15 01:58:14,False,6,19,False,0,40,False,0.76,7.4
EDR-000503,AST-00503,2026-08-31 03:58:14,False,2,13,True,0,40,False,0.52,5.0
EDR-000504,AST-00504,2026-08-27 08:58:14,False,3,15,False,0,5,False,0.73,7.8
EDR-000505,AST-00505,2026-08-21 08:58:14,False,1,19,False,0,41,False,0.77,7.7
EDR-000506,AST-00506,2026-08-28 08:58:14,True,5,15,False,3,19,True,0.97,5.6
EDR-000507,AST-00507,2026-09-02 00:58:14,False,7,19,False,0,29,False,0.39,7.1
EDR-000508,AST-00508,2026-08-19 17:58:14,False,4,3,False,0,17,False,0.25,9.3
EDR-000509,AST-00509,2026-08-06 03:58:14,False,10,14,False,0,33,False,0.23,6.7
EDR-000510,AST-00510,2026-08-17 19:58:14,False,6,18,False,0,11,False,0.25,6.7
EDR-000511,AST-00511,2026-08-27 09:58:14,False,8,5,False,0,21,False,0.72,8.2
EDR-000512,AST-00512,2026-08-26 23:58:14,False,1,18,False,0,28,False,0.54,7.9
EDR-000513,AST-00513,2026-08-22 03:58:14,False,9,13,False,0,3,False,0.8,7.3
EDR-000514,AST-00514,2026-08-09 17:58:14,False,2,12,False,0,18,False,0.38,8.4
EDR-000515,AST-00515,2026-08-13 23:58:14,False,7,16,False,0,19,False,0.45,7.2
EDR-000516,AST-00516,2026-08-18 18:58:14,True,1,16,False,3,29,True,0.75,6.2
EDR-000517,AST-00517,2026-08-13 05:58:14,False,5,15,False,0,4,False,0.45,7.0
EDR-000518,AST-00518,2026-08-29 18:58:14,False,8,6,False,0,15,False,0.23,7.3
EDR-000519,AST-00519,2026-08-22 13:58:14,False,6,0,False,0,5,False,0.35,8.7
EDR-000520,AST-00520,2026-08-28 22:58:14,False,5,13,False,0,38,False,0.6,7.5
EDR-000521,AST-00521,2026-08-20 14:58:14,False,1,0,False,0,50,False,0.23,9.4
EDR-000522,AST-00522,2026-08-27 09:58:14,False,8,10,False,0,36,False,0.15,7.5
EDR-000523,AST-00523,2026-08-10 15:58:14,False,6,6,False,0,23,False,0.73,8.5
EDR-000524,AST-00524,2026-08-19 17:58:14,False,10,4,False,0,24,False,0.66,7.5
EDR-000525,AST-00525,2026-08-24 03:58:14,False,5,12,False,0,41,False,0.28,8.2
EDR-000526,AST-00526,2026-08-19 13:58:14,False,10,2,False,0,50,False,0.21,7.4
EDR-000527,AST-00527,2026-08-16 18:58:14,False,8,8,False,0,49,False,0.4,7.7
EDR-000528,AST-00528,2026-08-26 01:58:14,False,1,8,False,0,4,False,0.47,9.3
EDR-000529,AST-00529,2026-08-27 03:58:14,False,6,4,False,0,27,False,0.34,8.8
EDR-000530,AST-00530,2026-09-04 14:58:14,False,9,19,False,0,34,False,0.77,6.2
EDR-000531,AST-00531,2026-09-02 05:58:14,False,1,14,False,0,46,False,0.79,7.9
EDR-000532,AST-00532,2026-08-27 21:58:14,False,9,13,False,0,49,False,0.59,6.5
EDR-000533,AST-00533,2026-08-19 14:58:14,False,1,0,False,0,47,False,0.32,9.6
EDR-000534,AST-00534,2026-08-16 20:58:14,False,10,4,False,0,30,False,0.74,7.3
EDR-000535,AST-00535,2026-08-26 13:58:14,False,6,5,False,0,18,False,0.12,8.5
EDR-000536,AST-00536,2026-08-16 19:58:14,False,2,7,False,0,37,False,0.39,9.1
EDR-000537,AST-00537,2026-09-02 13:58:14,False,9,2,False,0,23,False,0.39,8.2
EDR-000538,AST-00538,2026-08-27 00:58:14,False,2,13,False,0,16,False,0.76,8.5
EDR-000539,AST-00539,2026-08-12 14:58:14,False,10,7,False,0,45,False,0.54,7.4
EDR-000540,AST-00540,2026-08-13 23:58:14,False,7,14,False,0,47,False,0.3,7.0
EDR-000541,AST-00541,2026-08-22 21:58:14,False,6,1,False,0,38,False,0.66,8.9
EDR-000542,AST-00542,2026-08-20 19:58:14,False,2,18,False,0,5,False,0.45,7.4
EDR-000543,AST-00543,2026-08-14 17:58:14,False,1,18,False,0,11,False,0.61,7.9
EDR-000544,AST-00544,2026-08-08 12:58:14,False,0,5,False,0,6,False,0.32,9.9
EDR-000545,AST-00545,2026-08-14 01:58:14,False,10,9,False,0,33,False,0.7,6.8
EDR-000546,AST-00546,2026-08-22 16:58:14,False,10,14,False,0,5,False,0.79,6.5
EDR-000547,AST-00547,2026-09-01 06:58:14,False,2,2,False,0,38,False,0.36,8.9
EDR-000548,AST-00548,2026-08-08 08:58:14,False,2,19,False,0,0,False,0.43,7.9
EDR-000549,AST-00549,2026-08-07 13:58:14,False,6,10,False,0,23,False,0.58,8.1
EDR-000550,AST-00550,2026-08-31 11:58:14,False,9,7,False,0,4,False,0.44,7.9
EDR-000551,AST-00551,2026-08-09 20:58:14,False,2,17,False,0,39,False,0.14,7.6
EDR-000552,AST-00552,2026-08-30 07:58:14,False,5,13,False,0,36,False,0.37,7.4
EDR-000553,AST-00553,2026-08-26 08:58:14,False,10,12,False,0,49,False,0.69,7.2
EDR-000554,AST-00554,2026-08-09 05:58:14,False,4,5,False,0,25,False,0.62,8.6
EDR-000555,AST-00555,2026-08-09 19:58:14,False,7,10,False,0,41,False,0.36,7.9
EDR-000556,AST-00556,2026-09-02 06:58:14,False,6,10,False,0,41,False,0.6,7.6
EDR-000557,AST-00557,2026-08-10 06:58:14,False,2,12,False,0,36,False,0.77,8.9
EDR-000558,AST-00558,2026-08-23 00:58:14,False,6,6,False,0,10,False,0.75,8.1
EDR-000559,AST-00559,2026-08-25 18:58:14,False,10,15,False,0,30,False,0.46,6.4
EDR-000560,AST-00560,2026-08-06 19:58:14,False,3,0,False,0,27,False,0.2,9.7
EDR-000561,AST-00561,2026-08-10 01:58:14,False,1,13,False,0,42,False,0.31,8.7
EDR-000562,AST-00562,2026-08-12 16:58:14,False,1,1,False,0,24,False,0.56,9.8
EDR-000563,AST-00563,2026-08-14 11:58:14,False,3,5,False,0,25,False,0.2,8.7
EDR-000564,AST-00564,2026-08-17 13:58:14,False,7,16,False,0,50,False,0.23,6.9
EDR-000565,AST-00565,2026-08-21 09:58:14,False,3,0,False,0,23,False,0.12,9.8
EDR-000566,AST-00566,2026-08-09 17:58:14,False,9,14,False,0,4,False,0.25,6.9
EDR-000567,AST-00567,2026-09-03 03:58:14,False,0,2,False,0,50,False,0.34,10
EDR-000568,AST-00568,2026-08-16 12:58:14,False,4,19,False,0,16,False,0.74,7.6
EDR-000569,AST-00569,2026-08-20 18:58:14,False,9,8,False,0,8,False,0.5,7.5
EDR-000570,AST-00570,2026-08-31 02:58:14,False,6,14,False,0,0,False,0.35,7.7
EDR-000571,AST-00571,2026-08-26 17:58:14,False,3,10,False,0,41,False,0.38,8.8
EDR-000572,AST-00572,2026-08-20 07:58:14,False,7,13,False,0,28,False,0.26,7.0
EDR-000573,AST-00573,2026-08-28 10:58:14,False,10,14,False,0,16,False,0.39,6.8
EDR-000574,AST-00574,2026-08-28 19:58:14,False,5,1,False,0,10,False,0.67,9.2
EDR-000575,AST-00575,2026-08-18 04:58:14,False,5,6,False,0,7,False,0.42,8.2
EDR-000576,AST-00576,2026-08-07 21:58:14,False,4,15,False,0,27,False,0.49,7.8
EDR-000577,AST-00577,2026-08-13 01:58:14,False,9,10,False,0,27,False,0.53,7.0
EDR-000578,AST-00578,2026-08-31 04:58:14,False,0,1,False,0,3,False,0.75,9.9
EDR-000579,AST-00579,2026-09-04 07:58:14,False,6,20,False,0,21,False,0.7,6.8
EDR-000580,AST-00580,2026-08-21 17:58:14,False,8,4,False,0,25,False,0.66,7.9
EDR-000581,AST-00581,2026-08-21 22:58:14,False,6,0,False,0,47,False,0.19,8.4
EDR-000582,AST-00582,2026-08-14 18:58:14,False,6,16,False,0,0,False,0.51,7.4
EDR-000583,AST-00583,2026-08-19 22:58:14,False,8,3,False,0,14,False,0.26,8.5
EDR-000584,AST-00584,2026-08-26 04:58:14,False,2,2,False,0,1,False,0.62,9.8
EDR-000585,AST-00585,2026-09-03 15:58:14,False,9,12,False,0,36,False,0.65,6.5
EDR-000586,AST-00586,2026-09-03 06:58:14,False,5,8,False,0,3,False,0.12,8.3
EDR-000587,AST-00587,2026-08-21 01:58:14,False,4,18,False,0,48,False,0.26,7.0
EDR-000588,AST-00588,2026-08-07 13:58:14,False,10,8,False,0,34,False,0.73,7.6
EDR-000589,AST-00589,2026-09-02 06:58:14,False,3,2,False,0,15,False,0.26,9.4
EDR-000590,AST-00590,2026-08-11 12:58:14,False,8,18,False,0,11,False,0.44,7.0
EDR-000591,AST-00591,2026-08-08 12:58:14,False,4,2,False,0,23,False,0.68,9.1
EDR-000592,AST-00592,2026-08-06 02:58:14,False,8,0,False,0,39,False,0.13,8.3
EDR-000593,AST-00593,2026-08-14 22:58:14,False,10,5,False,0,50,False,0.51,7.7
EDR-000594,AST-00594,2026-08-05 17:58:14,False,6,9,False,0,47,False,0.24,8.4
EDR-000595,AST-00595,2026-08-09 07:58:14,False,8,10,False,0,7,False,0.79,7.8
EDR-000596,AST-00596,2026-08-08 15:58:14,False,8,2,False,0,36,False,0.53,8.1
EDR-000597,AST-00597,2026-08-22 20:58:14,False,7,11,False,0,31,False,0.78,7.4
EDR-000598,AST-00598,2026-08-19 09:58:14,True,5,1,False,1,33,False,0.86,6.6
EDR-000599,AST-00599,2026-08-27 06:58:14,True,5,18,False,2,9,True,0.76,5.6
EDR-000600,AST-00600,2026-08-27 15:58:14,False,5,5,False,0,17,False,0.1,8.0
EDR-000601,AST-00601,2026-08-30 09:58:14,False,10,0,False,0,0,False,0.46,7.9
EDR-000602,AST-00602,2026-08-10 16:58:14,False,6,15,False,0,37,False,0.19,7.0
EDR-000603,AST-00603,2026-08-18 21:58:14,False,10,8,False,0,47,False,0.18,7.6
EDR-000604,AST-00604,2026-08-07 15:58:14,False,9,7,False,0,8,False,0.34,7.9
EDR-000605,AST-00605,2026-08-24 17:58:14,False,3,0,False,0,9,False,0.37,9.1
EDR-000606,AST-00606,2026-08-19 08:58:14,False,2,19,False,0,1,False,0.65,7.6
EDR-000607,AST-00607,2026-08-25 21:58:14,False,3,1,False,0,0,False,0.72,8.9
EDR-000608,AST-00608,2026-08-19 19:58:14,False,3,0,False,0,23,False,0.39,8.9
EDR-000609,AST-00609,2026-09-03 15:58:14,False,4,7,False,0,47,False,0.46,8.2
EDR-000610,AST-00610,2026-08-23 00:58:14,False,0,4,False,0,10,False,0.58,9.8
EDR-000611,AST-00611,2026-08-20 10:58:14,False,6,18,False,0,10,False,0.16,7.4
EDR-000612,AST-00612,2026-08-12 01:58:14,False,4,13,False,0,14,False,0.52,7.8
EDR-000613,AST-00613,2026-08-09 02:58:14,False,9,8,False,0,30,False,0.36,7.1
EDR-000614,AST-00614,2026-09-02 06:58:14,False,7,20,False,0,15,False,0.64,6.6
EDR-000615,AST-00615,2026-08-23 12:58:14,False,8,13,False,0,39,False,0.19,7.2
EDR-000616,AST-00616,2026-09-03 20:58:14,False,5,10,False,0,30,False,0.8,7.6
EDR-000617,AST-00617,2026-08-30 21:58:14,False,3,8,False,0,8,False,0.13,8.6
EDR-000618,AST-00618,2026-08-28 04:58:14,False,4,14,False,0,44,False,0.18,7.4
EDR-000619,AST-00619,2026-08-31 15:58:14,False,0,4,False,0,19,False,0.39,9.7
EDR-000620,AST-00620,2026-09-03 23:58:14,False,9,9,False,0,38,False,0.57,7.3
EDR-000621,AST-00621,2026-09-03 05:58:14,False,4,7,False,0,2,False,0.33,8.5
EDR-000622,AST-00622,2026-08-07 21:58:14,False,7,16,False,0,38,False,0.57,7.2
EDR-000623,AST-00623,2026-08-07 18:58:14,False,8,10,False,0,9,False,0.16,7.2
EDR-000624,AST-00624,2026-08-29 08:58:14,False,0,2,False,0,16,False,0.45,10
EDR-000625,AST-00625,2026-08-11 04:58:14,False,6,7,False,0,5,False,0.31,8.2
EDR-000626,AST-00626,2026-08-19 00:58:14,False,5,12,False,0,36,False,0.17,7.3
EDR-000627,AST-00627,2026-08-25 12:58:14,False,9,3,False,0,17,False,0.36,7.8
EDR-000628,AST-00628,2026-08-15 12:58:14,False,3,16,False,0,46,False,0.48,7.7
EDR-000629,AST-00629,2026-08-07 14:58:14,False,6,0,False,0,25,False,0.3,8.4
EDR-000630,AST-00630,2026-08-17 12:58:14,False,6,4,False,0,5,False,0.23,8.9
EDR-000631,AST-00631,2026-08-23 00:58:14,False,8,14,False,0,36,False,0.57,6.8
EDR-000632,AST-00632,2026-08-31 10:58:14,False,9,12,False,0,27,False,0.35,7.3
EDR-000633,AST-00633,2026-09-04 13:58:14,False,8,18,False,0,18,False,0.43,6.3
EDR-000634,AST-00634,2026-08-16 13:58:14,False,8,11,False,0,11,False,0.2,7.5
EDR-000635,AST-00635,2026-08-15 01:58:14,False,9,12,False,0,18,False,0.73,6.7
EDR-000636,AST-00636,2026-08-18 12:58:14,False,6,19,False,0,7,False,0.3,6.9
EDR-000637,AST-00637,2026-08-20 10:58:14,False,6,12,False,0,11,False,0.67,7.8
EDR-000638,AST-00638,2026-09-03 23:58:14,False,6,19,False,0,39,False,0.12,6.8
EDR-000639,AST-00639,2026-08-25 08:58:14,False,7,3,False,0,18,False,0.49,8.3
EDR-000640,AST-00640,2026-08-21 03:58:14,True,3,8,False,3,13,True,0.61,6.9
EDR-000641,AST-00641,2026-08-31 12:58:14,False,9,3,False,0,39,False,0.64,7.7
EDR-000642,AST-00642,2026-08-31 17:58:14,False,10,1,False,0,9,False,0.24,7.5
EDR-000643,AST-00643,2026-09-04 14:58:14,False,4,13,False,0,40,False,0.18,7.6
EDR-000644,AST-00644,2026-08-24 13:58:14,False,0,4,False,0,4,False,0.68,9.6
EDR-000645,AST-00645,2026-09-03 04:58:14,False,10,17,False,0,45,False,0.25,6.7
EDR-000646,AST-00646,2026-08-28 05:58:14,False,2,11,False,0,14,False,0.62,8.7
EDR-000647,AST-00647,2026-08-11 10:58:14,False,1,6,False,0,36,False,0.4,9.4
EDR-000648,AST-00648,2026-08-13 23:58:14,False,10,6,False,0,47,False,0.57,7.5
EDR-000649,AST-00649,2026-08-26 23:58:14,False,9,18,False,0,41,False,0.42,6.3
EDR-000650,AST-00650,2026-08-06 05:58:14,False,0,11,False,0,10,False,0.67,9.3
EDR-000651,AST-00651,2026-08-10 08:58:14,False,8,15,False,0,35,False,0.59,6.9
EDR-000652,AST-00652,2026-08-12 13:58:14,False,6,7,False,0,15,False,0.53,8.4
EDR-000653,AST-00653,2026-08-09 19:58:14,False,7,16,False,0,42,False,0.54,6.9
EDR-000654,AST-00654,2026-08-30 00:58:14,False,1,20,False,0,18,False,0.24,7.7
EDR-000655,AST-00655,2026-08-26 04:58:14,False,5,5,False,0,24,False,0.29,8.9
EDR-000656,AST-00656,2026-08-12 23:58:14,False,5,5,False,0,47,False,0.49,9.0
EDR-000657,AST-00657,2026-08-24 16:58:14,False,5,5,False,0,42,False,0.5,8.4
EDR-000658,AST-00658,2026-09-02 21:58:14,False,2,3,False,0,34,False,0.78,9.4
EDR-000659,AST-00659,2026-08-08 01:58:14,False,3,1,False,0,38,False,0.2,9.6
EDR-000660,AST-00660,2026-08-16 09:58:14,False,7,16,False,0,38,False,0.51,7.0
EDR-000661,AST-00661,2026-08-10 17:58:14,False,10,2,False,0,36,False,0.25,8.0
EDR-000662,AST-00662,2026-08-17 00:58:14,False,4,16,False,0,37,False,0.79,7.7
EDR-000663,AST-00663,2026-08-28 21:58:14,False,4,5,False,0,21,False,0.67,8.7
EDR-000664,AST-00664,2026-08-30 01:58:14,False,9,10,False,0,1,False,0.45,6.7
EDR-000665,AST-00665,2026-08-15 10:58:14,False,9,5,False,0,4,False,0.21,8.0
EDR-000666,AST-00666,2026-08-31 23:58:14,False,6,9,False,0,14,False,0.18,8.3
EDR-000667,AST-00667,2026-08-15 18:58:14,False,1,17,False,0,37,False,0.69,7.8
EDR-000668,AST-00668,2026-08-20 22:58:14,False,0,4,False,0,49,False,0.29,9.6
EDR-000669,AST-00669,2026-08-26 21:58:14,False,3,18,False,0,4,False,0.54,7.5
EDR-000670,AST-00670,2026-09-04 09:58:14,False,5,17,False,0,42,False,0.31,7.2
EDR-000671,AST-00671,2026-08-30 00:58:14,True,1,18,True,2,11,False,0.91,3.3
EDR-000672,AST-00672,2026-09-01 11:58:14,False,2,17,True,0,27,False,0.5,5.3
EDR-000673,AST-00673,2026-08-07 13:58:14,False,4,9,False,0,15,False,0.65,8.7
EDR-000674,AST-00674,2026-08-08 17:58:14,False,2,4,False,0,24,False,0.25,9.5
EDR-000675,AST-00675,2026-08-25 03:58:14,False,10,11,False,0,50,False,0.68,7.1
EDR-000676,AST-00676,2026-08-31 21:58:14,True,8,4,False,1,12,True,0.9,6.1
EDR-000677,AST-00677,2026-08-22 05:58:14,False,4,12,False,0,27,False,0.62,8.3
EDR-000678,AST-00678,2026-09-03 17:58:14,False,5,6,False,0,26,False,0.28,8.7
EDR-000679,AST-00679,2026-08-16 09:58:14,False,2,18,False,0,44,False,0.43,7.8
EDR-000680,AST-00680,2026-08-22 09:58:14,False,4,6,False,0,42,False,0.31,8.2
EDR-000681,AST-00681,2026-09-03 17:58:14,False,10,15,False,0,5,False,0.68,6.7
EDR-000682,AST-00682,2026-08-20 21:58:14,False,0,13,False,0,47,False,0.13,8.5
EDR-000683,AST-00683,2026-08-25 18:58:14,False,2,8,False,0,30,False,0.52,8.7
EDR-000684,AST-00684,2026-08-06 07:58:14,False,5,17,False,0,12,False,0.62,7.6
EDR-000685,AST-00685,2026-08-23 11:58:14,False,3,3,False,0,15,False,0.48,9.4
EDR-000686,AST-00686,2026-08-28 22:58:14,False,0,0,False,0,39,False,0.21,9.7
EDR-000687,AST-00687,2026-09-02 16:58:14,False,8,8,False,0,16,False,0.72,8.1
EDR-000688,AST-00688,2026-08-19 09:58:14,False,6,2,False,0,7,False,0.35,8.6
EDR-000689,AST-00689,2026-09-02 18:58:14,False,8,10,False,0,35,False,0.35,7.3
EDR-000690,AST-00690,2026-08-21 05:58:14,False,6,1,False,0,19,False,0.11,9.0
EDR-000691,AST-00691,2026-08-06 14:58:14,False,10,18,False,0,25,False,0.7,6.5
EDR-000692,AST-00692,2026-08-21 06:58:14,False,2,8,False,0,20,False,0.56,8.7
EDR-000693,AST-00693,2026-08-08 18:58:14,False,1,20,False,0,36,False,0.29,7.5
EDR-000694,AST-00694,2026-08-28 04:58:14,False,5,15,False,0,8,False,0.52,7.0
EDR-000695,AST-00695,2026-08-10 10:58:14,False,3,17,False,0,5,False,0.77,7.4
EDR-000696,AST-00696,2026-08-09 02:58:14,False,10,19,False,0,47,False,0.47,5.8
EDR-000697,AST-00697,2026-08-29 19:58:14,False,7,11,False,0,45,False,0.15,7.9
EDR-000698,AST-00698,2026-08-23 20:58:14,False,9,13,True,0,15,False,0.53,4.0
EDR-000699,AST-00699,2026-08-15 11:58:14,False,6,1,False,0,15,False,0.39,8.5
EDR-000700,AST-00700,2026-08-24 04:58:14,False,2,11,False,0,21,False,0.47,8.6
EDR-000701,AST-00701,2026-09-01 01:58:14,False,3,18,False,0,3,False,0.19,7.9
EDR-000702,AST-00702,2026-08-26 01:58:14,False,2,20,False,0,7,False,0.5,7.2
EDR-000703,AST-00703,2026-08-16 12:58:14,False,7,10,False,0,8,False,0.21,7.4
EDR-000704,AST-00704,2026-08-24 03:58:14,False,1,7,False,0,19,False,0.45,9.3
EDR-000705,AST-00705,2026-08-19 20:58:14,False,0,1,False,0,50,False,0.7,9.4
EDR-000706,AST-00706,2026-08-22 03:58:14,False,10,17,False,0,39,False,0.11,6.1
EDR-000707,AST-00707,2026-08-17 00:58:14,False,0,8,False,0,4,False,0.19,9.5
EDR-000708,AST-00708,2026-08-22 22:58:14,False,8,20,False,0,41,False,0.25,6.5
EDR-000709,AST-00709,2026-08-22 15:58:14,False,9,1,False,0,18,False,0.16,7.9
EDR-000710,AST-00710,2026-08-26 11:58:14,False,7,4,False,0,43,False,0.56,8.4
EDR-000711,AST-00711,2026-09-02 20:58:14,False,0,5,False,0,17,False,0.35,9.6
EDR-000712,AST-00712,2026-08-18 05:58:14,False,8,14,False,0,33,False,0.72,7.1
EDR-000713,AST-00713,2026-08-09 21:58:14,True,3,0,False,3,16,True,0.86,7.2
EDR-000714,AST-00714,2026-08-25 02:58:14,False,8,3,False,0,3,False,0.22,7.9
EDR-000715,AST-00715,2026-08-07 10:58:14,False,1,7,False,0,10,False,0.78,9.2
EDR-000716,AST-00716,2026-08-17 06:58:14,False,6,14,True,0,21,False,0.15,4.1
EDR-000717,AST-00717,2026-08-27 18:58:14,False,8,0,False,0,2,False,0.46,8.6
EDR-000718,AST-00718,2026-08-21 21:58:14,False,1,17,False,0,11,False,0.21,7.6
EDR-000719,AST-00719,2026-08-24 09:58:14,False,8,12,False,0,29,False,0.69,6.8
EDR-000720,AST-00720,2026-08-14 12:58:14,False,5,15,False,0,38,False,0.37,7.6
EDR-000721,AST-00721,2026-08-29 02:58:14,False,4,3,False,0,45,False,0.18,9.3
EDR-000722,AST-00722,2026-08-16 17:58:14,False,0,18,False,0,21,False,0.34,8.1
EDR-000723,AST-00723,2026-08-30 13:58:14,False,3,15,False,0,40,False,0.12,8.2
EDR-000724,AST-00724,2026-08-27 16:58:14,False,1,12,False,0,37,False,0.42,8.5
EDR-000725,AST-00725,2026-08-09 04:58:14,False,8,16,False,0,16,False,0.76,7.0
EDR-000726,AST-00726,2026-08-26 00:58:14,False,5,12,False,0,35,False,0.48,7.7
EDR-000727,AST-00727,2026-08-16 20:58:14,False,8,13,False,0,43,False,0.24,6.7
EDR-000728,AST-00728,2026-08-15 02:58:14,False,3,1,False,0,5,False,0.71,9.6
EDR-000729,AST-00729,2026-08-18 19:58:14,False,0,13,False,0,13,False,0.33,8.2
EDR-000730,AST-00730,2026-08-06 18:58:14,False,10,19,False,0,40,False,0.22,6.4
EDR-000731,AST-00731,2026-08-09 19:58:14,False,7,1,False,0,16,False,0.12,8.6
EDR-000732,AST-00732,2026-08-27 14:58:14,False,9,20,False,0,47,False,0.41,5.9
EDR-000733,AST-00733,2026-09-02 06:58:14,False,7,10,False,0,40,False,0.52,7.3
EDR-000734,AST-00734,2026-09-02 21:58:14,True,8,15,False,1,41,False,0.67,5.1
EDR-000735,AST-00735,2026-08-19 04:58:14,False,9,7,False,0,50,False,0.58,7.7
EDR-000736,AST-00736,2026-08-26 20:58:14,False,1,0,False,0,46,False,0.63,9.8
EDR-000737,AST-00737,2026-08-10 09:58:14,False,4,17,False,0,27,False,0.34,7.4
EDR-000738,AST-00738,2026-08-10 08:58:14,False,0,13,False,0,27,False,0.65,9.2
EDR-000739,AST-00739,2026-08-25 15:58:14,False,5,0,False,0,0,False,0.64,9.1
EDR-000740,AST-00740,2026-08-08 19:58:14,False,5,9,False,0,50,False,0.42,8.2
EDR-000741,AST-00741,2026-08-08 11:58:14,False,5,15,False,0,41,False,0.15,7.8
EDR-000742,AST-00742,2026-08-10 18:58:14,False,6,6,False,0,47,False,0.39,7.8
EDR-000743,AST-00743,2026-08-15 22:58:14,False,6,19,False,0,36,False,0.44,6.9
EDR-000744,AST-00744,2026-08-25 07:58:14,False,1,11,False,0,24,False,0.7,8.8
EDR-000745,AST-00745,2026-08-17 04:58:14,False,1,7,False,0,5,False,0.36,9.1
EDR-000746,AST-00746,2026-08-19 16:58:14,False,1,17,False,0,21,False,0.73,8.6
EDR-000747,AST-00747,2026-08-18 09:58:14,False,8,9,True,0,41,False,0.13,4.6
EDR-000748,AST-00748,2026-09-02 18:58:14,False,3,0,False,0,4,False,0.26,9.6
EDR-000749,AST-00749,2026-08-06 13:58:14,False,0,13,False,0,2,False,0.17,9.1
EDR-000750,AST-00750,2026-08-06 21:58:14,False,1,15,False,0,30,False,0.74,8.4
EDR-000751,AST-00751,2026-08-09 18:58:14,False,8,12,False,0,34,False,0.16,7.0
EDR-000752,AST-00752,2026-08-29 08:58:14,False,7,19,False,0,34,False,0.32,6.3
EDR-000753,AST-00753,2026-08-11 05:58:14,False,8,3,False,0,13,False,0.15,8.6
EDR-000754,AST-00754,2026-08-18 07:58:14,False,0,20,False,0,17,False,0.54,7.8
EDR-000755,AST-00755,2026-08-29 23:58:14,False,7,12,False,0,32,False,0.37,7.2
EDR-000756,AST-00756,2026-08-10 04:58:14,False,4,0,False,0,7,False,0.61,9.2
EDR-000757,AST-00757,2026-08-29 20:58:14,False,8,13,False,0,0,False,0.47,7.5
EDR-000758,AST-00758,2026-08-22 15:58:14,False,10,1,False,0,30,False,0.64,7.7
EDR-000759,AST-00759,2026-08-18 10:58:14,False,7,13,False,0,24,False,0.45,7.6
EDR-000760,AST-00760,2026-08-17 15:58:14,False,0,0,False,0,2,False,0.39,10
EDR-000761,AST-00761,2026-08-27 00:58:14,False,5,14,False,0,3,False,0.53,8.0
EDR-000762,AST-00762,2026-08-28 21:58:14,False,10,19,False,0,7,False,0.16,5.9
EDR-000763,AST-00763,2026-09-02 17:58:14,False,2,11,False,0,38,False,0.19,8.7
EDR-000764,AST-00764,2026-08-07 18:58:14,False,0,19,False,0,0,False,0.4,8.3
EDR-000765,AST-00765,2026-08-15 08:58:14,False,1,14,False,0,24,False,0.34,8.5
EDR-000766,AST-00766,2026-08-15 13:58:14,False,3,18,False,0,2,False,0.12,7.8
EDR-000767,AST-00767,2026-08-25 13:58:14,False,8,13,False,0,44,False,0.1,6.6
EDR-000768,AST-00768,2026-08-07 11:58:14,False,10,1,False,0,24,False,0.36,8.2
EDR-000769,AST-00769,2026-08-25 17:58:14,False,5,5,False,0,17,False,0.42,8.9
EDR-000770,AST-00770,2026-08-21 21:58:14,False,2,4,False,0,45,False,0.7,9.0
EDR-000771,AST-00771,2026-08-25 20:58:14,False,5,3,False,0,43,False,0.36,8.8
EDR-000772,AST-00772,2026-08-29 04:58:14,False,6,4,False,0,37,False,0.48,7.9
EDR-000773,AST-00773,2026-08-21 16:58:14,False,10,9,False,0,44,False,0.31,6.6
EDR-000774,AST-00774,2026-08-23 10:58:14,False,0,7,False,0,13,False,0.72,9.7
EDR-000775,AST-00775,2026-08-20 22:58:14,False,4,3,False,0,17,False,0.29,9.3
EDR-000776,AST-00776,2026-08-15 06:58:14,False,9,20,False,0,18,False,0.46,6.1
EDR-000777,AST-00777,2026-08-26 16:58:14,False,9,6,False,0,45,False,0.54,8.1
EDR-000778,AST-00778,2026-08-08 08:58:14,False,6,14,False,0,45,False,0.36,6.9
EDR-000779,AST-00779,2026-08-21 18:58:14,False,1,20,False,0,34,False,0.59,8.0
EDR-000780,AST-00780,2026-08-13 05:58:14,False,10,4,False,0,20,False,0.55,7.8
EDR-000781,AST-00781,2026-08-29 06:58:14,False,1,9,False,0,22,False,0.73,8.5
EDR-000782,AST-00782,2026-08-25 11:58:14,False,6,15,False,0,2,False,0.53,7.0
EDR-000783,AST-00783,2026-09-04 05:58:14,False,1,4,False,0,18,False,0.11,8.9
EDR-000784,AST-00784,2026-08-27 11:58:14,False,7,18,False,0,0,False,0.19,6.6
EDR-000785,AST-00785,2026-08-16 00:58:14,False,3,5,False,0,45,False,0.13,9.2
EDR-000786,AST-00786,2026-08-11 13:58:14,False,8,18,False,0,15,False,0.52,6.3
EDR-000787,AST-00787,2026-08-06 19:58:14,False,10,14,False,0,4,False,0.6,6.1
EDR-000788,AST-00788,2026-08-08 10:58:14,False,10,0,False,0,9,False,0.25,7.7
EDR-000789,AST-00789,2026-09-03 22:58:14,False,10,3,False,0,3,False,0.46,7.8
EDR-000790,AST-00790,2026-08-20 11:58:14,False,3,12,False,0,22,False,0.77,8.7
EDR-000791,AST-00791,2026-08-16 20:58:14,False,4,8,False,0,42,False,0.78,8.8
EDR-000792,AST-00792,2026-08-25 09:58:14,False,9,10,False,0,44,False,0.4,7.2
EDR-000793,AST-00793,2026-08-14 05:58:14,False,1,20,False,0,40,False,0.36,7.5
EDR-000794,AST-00794,2026-08-16 14:58:14,False,0,20,False,0,6,False,0.61,8.5
EDR-000795,AST-00795,2026-08-18 00:58:14,True,7,17,False,2,30,True,0.87,5.2
EDR-000796,AST-00796,2026-08-31 17:58:14,False,5,16,False,0,46,False,0.51,7.6
EDR-000797,AST-00797,2026-08-08 03:58:14,False,0,4,False,0,0,False,0.51,10
EDR-000798,AST-00798,2026-09-04 01:58:14,False,0,20,False,0,30,False,0.67,8.2
EDR-000799,AST-00799,2026-08-12 15:58:14,False,2,13,False,0,11,False,0.67,7.8
EDR-000800,AST-00800,2026-08-29 03:58:14,False,2,18,False,0,16,False,0.47,7.8
EDR-000801,AST-00801,2026-08-09 01:58:14,False,0,12,False,0,17,False,0.78,9.1
EDR-000802,AST-00802,2026-08-13 02:58:14,False,8,7,False,0,8,False,0.47,8.1
EDR-000803,AST-00803,2026-08-16 01:58:14,False,6,6,False,0,6,False,0.6,8.3
EDR-000804,AST-00804,2026-08-07 03:58:14,False,0,17,False,0,42,False,0.55,8.7
EDR-000805,AST-00805,2026-08-28 04:58:14,True,8,4,False,0,6,True,0.73,6.1
EDR-000806,AST-00806,2026-08-19 18:58:14,False,0,2,False,0,31,False,0.46,10
EDR-000807,AST-00807,2026-08-12 13:58:14,False,5,13,False,0,43,False,0.61,7.6
EDR-000808,AST-00808,2026-08-20 10:58:14,False,8,17,False,0,46,False,0.37,6.8
EDR-000809,AST-00809,2026-08-18 10:58:14,False,7,18,False,0,7,False,0.17,7.0
EDR-000810,AST-00810,2026-08-06 11:58:14,True,1,0,False,0,28,False,0.76,7.8
EDR-000811,AST-00811,2026-08-17 16:58:14,False,3,15,False,0,50,False,0.58,8.2
EDR-000812,AST-00812,2026-08-07 15:58:14,False,3,11,False,0,4,False,0.74,7.9
EDR-000813,AST-00813,2026-08-19 05:58:14,False,10,20,False,0,18,False,0.54,6.4
EDR-000814,AST-00814,2026-08-26 13:58:14,False,1,19,False,0,10,False,0.71,7.4
EDR-000815,AST-00815,2026-08-29 10:58:14,False,1,8,False,0,11,False,0.11,8.9
EDR-000816,AST-00816,2026-08-29 10:58:14,False,10,11,False,0,49,False,0.12,6.7
EDR-000817,AST-00817,2026-08-27 00:58:14,False,6,19,False,0,9,False,0.58,6.9
EDR-000818,AST-00818,2026-08-27 16:58:14,False,9,18,False,0,4,False,0.5,6.5
EDR-000819,AST-00819,2026-08-24 01:58:14,False,8,3,False,0,35,False,0.67,8.6
EDR-000820,AST-00820,2026-09-03 16:58:14,False,7,9,False,0,2,False,0.51,7.3
EDR-000821,AST-00821,2026-08-28 12:58:14,False,4,5,False,0,42,False,0.42,8.9
EDR-000822,AST-00822,2026-08-10 12:58:14,False,4,16,False,0,47,False,0.14,7.6
EDR-000823,AST-00823,2026-09-01 21:58:14,False,9,10,False,0,28,False,0.42,7.6
EDR-000824,AST-00824,2026-09-04 02:58:14,False,3,20,False,0,35,False,0.52,7.5
EDR-000825,AST-00825,2026-08-24 07:58:14,False,9,8,False,0,45,False,0.32,7.3
EDR-000826,AST-00826,2026-08-17 04:58:14,False,9,15,False,0,22,False,0.3,6.3
EDR-000827,AST-00827,2026-08-23 03:58:14,False,6,11,False,0,47,False,0.52,7.3
EDR-000828,AST-00828,2026-08-19 19:58:14,False,6,18,False,0,12,False,0.19,7.0
EDR-000829,AST-00829,2026-08-09 09:58:14,False,9,0,False,0,14,False,0.36,8.7
EDR-000830,AST-00830,2026-08-13 08:58:14,False,2,10,False,0,21,False,0.59,8.6
EDR-000831,AST-00831,2026-08-07 09:58:14,False,7,20,False,0,26,False,0.61,6.4
EDR-000832,AST-00832,2026-08-30 23:58:14,False,6,8,False,0,4,False,0.46,8.2
EDR-000833,AST-00833,2026-08-26 07:58:14,False,3,5,False,0,38,False,0.14,8.8
EDR-000834,AST-00834,2026-08-30 17:58:14,False,1,19,False,0,31,False,0.65,8.0
EDR-000835,AST-00835,2026-08-31 18:58:14,False,3,11,False,0,21,False,0.6,8.3
EDR-000836,AST-00836,2026-08-28 11:58:14,False,8,10,False,0,9,False,0.11,7.8
EDR-000837,AST-00837,2026-08-23 01:58:14,False,3,6,False,0,40,False,0.28,8.4
EDR-000838,AST-00838,2026-08-23 22:58:14,False,10,3,False,0,34,False,0.72,7.3
EDR-000839,AST-00839,2026-08-21 10:58:14,False,10,14,False,0,20,False,0.63,6.5
EDR-000840,AST-00840,2026-09-04 16:58:14,False,1,2,False,0,29,False,0.3,9.2
EDR-000841,AST-00841,2026-08-10 06:58:14,False,8,2,False,0,10,False,0.39,8.3
EDR-000842,AST-00842,2026-08-10 23:58:14,False,1,1,False,0,46,False,0.24,9.7
EDR-000843,AST-00843,2026-08-14 11:58:14,False,9,0,False,0,13,False,0.17,8.1
EDR-000844,AST-00844,2026-08-27 22:58:14,False,8,17,False,0,39,False,0.65,6.7
EDR-000845,AST-00845,2026-08-27 01:58:14,False,0,15,False,0,37,False,0.43,8.1
EDR-000846,AST-00846,2026-08-12 06:58:14,False,7,12,False,0,16,False,0.46,7.8
EDR-000847,AST-00847,2026-08-21 07:58:14,False,0,6,False,0,6,False,0.7,9.4
EDR-000848,AST-00848,2026-08-11 09:58:14,False,8,16,False,0,33,False,0.11,7.1
EDR-000849,AST-00849,2026-08-15 02:58:14,False,0,11,False,0,22,False,0.38,8.6
EDR-000850,AST-00850,2026-08-30 10:58:14,False,7,16,False,0,46,False,0.78,7.2
EDR-000851,AST-00851,2026-08-15 18:58:14,False,3,15,False,0,37,False,0.69,8.2
EDR-000852,AST-00852,2026-08-20 20:58:14,False,8,20,False,0,15,False,0.44,6.0
EDR-000853,AST-00853,2026-08-14 18:58:14,False,8,20,False,0,43,False,0.44,6.1
EDR-000854,AST-00854,2026-08-31 14:58:14,False,6,13,False,0,37,False,0.13,7.7
EDR-000855,AST-00855,2026-08-19 19:58:14,True,10,7,False,0,2,False,0.63,5.2
EDR-000856,AST-00856,2026-08-30 08:58:14,True,1,12,False,1,1,False,0.76,6.6
EDR-000857,AST-00857,2026-09-03 18:58:14,False,7,17,False,0,39,False,0.11,7.0
EDR-000858,AST-00858,2026-08-11 07:58:14,False,7,15,False,0,17,False,0.71,7.5
EDR-000859,AST-00859,2026-09-02 03:58:14,False,2,12,False,0,26,False,0.1,8.1
EDR-000860,AST-00860,2026-08-30 02:58:14,False,0,7,False,0,49,False,0.67,9.4
EDR-000861,AST-00861,2026-08-07 23:58:14,False,3,0,False,0,26,False,0.67,9.9
EDR-000862,AST-00862,2026-08-25 14:58:14,False,7,14,False,0,35,False,0.3,7.1
EDR-000863,AST-00863,2026-08-20 02:58:14,False,9,4,False,0,44,False,0.19,7.4
EDR-000864,AST-00864,2026-08-06 10:58:14,False,3,12,False,0,18,False,0.24,7.7
EDR-000865,AST-00865,2026-09-04 12:58:14,False,3,6,False,0,45,False,0.36,8.4
EDR-000866,AST-00866,2026-08-24 07:58:14,False,0,9,False,0,27,False,0.4,9.1
EDR-000867,AST-00867,2026-08-21 10:58:14,True,4,0,False,2,42,True,0.74,6.8
EDR-000868,AST-00868,2026-08-15 02:58:14,False,10,19,False,0,1,False,0.73,6.2
EDR-000869,AST-00869,2026-08-20 04:58:14,False,2,0,False,0,47,False,0.41,9.6
EDR-000870,AST-00870,2026-08-16 09:58:14,False,10,11,False,0,36,False,0.23,7.2
EDR-000871,AST-00871,2026-08-12 10:58:14,False,10,5,False,0,26,False,0.25,7.4
EDR-000872,AST-00872,2026-08-11 18:58:14,False,9,8,False,0,48,False,0.17,7.2
EDR-000873,AST-00873,2026-08-25 17:58:14,False,4,18,False,0,11,False,0.18,7.5
EDR-000874,AST-00874,2026-08-26 04:58:14,False,2,3,False,0,49,False,0.73,9.2
EDR-000875,AST-00875,2026-08-30 13:58:14,False,1,14,False,0,21,False,0.26,8.5
EDR-000876,AST-00876,2026-08-31 23:58:14,False,9,19,False,0,7,False,0.24,6.7
EDR-000877,AST-00877,2026-08-24 05:58:14,False,1,20,False,0,21,False,0.26,7.5
EDR-000878,AST-00878,2026-08-06 09:58:14,False,1,17,False,0,5,False,0.11,8.1
EDR-000879,AST-00879,2026-08-17 05:58:14,False,7,16,True,0,22,False,0.22,3.7
EDR-000880,AST-00880,2026-09-03 00:58:14,False,6,10,False,0,48,False,0.59,7.7
EDR-000881,AST-00881,2026-09-02 14:58:14,False,7,12,False,0,44,False,0.15,7.6
EDR-000882,AST-00882,2026-08-27 02:58:14,False,5,13,False,0,31,False,0.28,7.8
EDR-000883,AST-00883,2026-08-30 01:58:14,False,3,7,False,0,21,False,0.18,9.1
EDR-000884,AST-00884,2026-08-30 12:58:14,False,7,8,False,0,11,False,0.5,8.2
EDR-000885,AST-00885,2026-08-12 08:58:14,False,2,0,False,0,12,False,0.55,9.9
EDR-000886,AST-00886,2026-08-08 15:58:14,False,6,14,False,0,0,False,0.63,7.5
EDR-000887,AST-00887,2026-08-07 13:58:14,False,9,12,False,0,40,False,0.18,7.3
EDR-000888,AST-00888,2026-09-01 00:58:14,True,9,18,False,0,32,False,0.9,4.7
EDR-000889,AST-00889,2026-08-25 22:58:14,False,3,13,False,0,31,False,0.37,8.6
EDR-000890,AST-00890,2026-08-19 00:58:14,False,2,15,False,0,7,False,0.37,7.8
EDR-000891,AST-00891,2026-08-24 23:58:14,False,9,19,False,0,17,False,0.77,6.1
EDR-000892,AST-00892,2026-08-21 09:58:14,False,8,15,False,0,24,False,0.26,7.2
EDR-000893,AST-00893,2026-08-09 16:58:14,False,7,10,False,0,33,False,0.59,7.7
EDR-000894,AST-00894,2026-08-15 06:58:14,False,9,12,False,0,39,False,0.6,7.2
EDR-000895,AST-00895,2026-08-08 13:58:14,False,6,1,False,0,19,False,0.68,8.6
EDR-000896,AST-00896,2026-08-13 21:58:14,False,0,12,False,0,19,False,0.17,8.3
EDR-000897,AST-00897,2026-08-27 09:58:14,False,5,18,False,0,19,False,0.39,6.8
EDR-000898,AST-00898,2026-08-29 08:58:14,False,1,19,False,0,21,False,0.42,7.9
EDR-000899,AST-00899,2026-08-09 11:58:14,False,7,6,False,0,34,False,0.11,8.1
EDR-000900,AST-00900,2026-08-14 16:58:14,False,2,10,False,0,35,False,0.78,8.2
EDR-000901,AST-00901,2026-08-07 16:58:14,False,8,9,True,0,30,False,0.38,4.7
EDR-000902,AST-00902,2026-08-27 06:58:14,False,8,20,False,0,17,False,0.51,6.4
EDR-000903,AST-00903,2026-08-22 02:58:14,False,7,9,False,0,40,False,0.74,8.1
EDR-000904,AST-00904,2026-08-07 03:58:14,False,2,10,False,0,35,False,0.74,8.8
EDR-000905,AST-00905,2026-08-31 06:58:14,False,2,9,False,0,37,False,0.49,8.4
EDR-000906,AST-00906,2026-08-06 04:58:14,False,1,16,False,0,1,False,0.3,8.1
EDR-000907,AST-00907,2026-08-10 13:58:14,False,4,16,False,0,48,False,0.1,7.6
EDR-000908,AST-00908,2026-08-11 16:58:14,False,5,19,False,0,20,False,0.74,7.4
EDR-000909,AST-00909,2026-08-08 12:58:14,False,10,1,False,0,16,False,0.68,7.7
EDR-000910,AST-00910,2026-08-11 19:58:14,False,1,16,False,0,31,False,0.65,8.1
EDR-000911,AST-00911,2026-08-26 02:58:14,False,2,11,False,0,38,False,0.72,8.8
EDR-000912,AST-00912,2026-08-26 08:58:14,False,3,1,False,0,48,False,0.38,8.9
EDR-000913,AST-00913,2026-08-13 08:58:14,False,10,1,False,0,16,False,0.76,7.5
EDR-000914,AST-00914,2026-08-29 02:58:14,False,0,7,False,0,50,False,0.19,9.7
EDR-000915,AST-00915,2026-08-13 22:58:14,True,7,9,False,2,35,False,0.61,5.4
EDR-000916,AST-00916,2026-08-25 23:58:14,False,4,18,False,0,26,False,0.19,7.3
EDR-000917,AST-00917,2026-08-31 03:58:14,False,5,12,False,0,29,False,0.27,8.0
EDR-000918,AST-00918,2026-08-19 11:58:14,False,2,10,False,0,16,False,0.57,9.1
EDR-000919,AST-00919,2026-08-14 20:58:14,False,3,9,False,0,27,False,0.7,8.4
EDR-000920,AST-00920,2026-08-18 01:58:14,False,5,14,False,0,47,False,0.68,7.8
EDR-000921,AST-00921,2026-08-30 15:58:14,False,0,2,False,0,24,False,0.71,9.7
EDR-000922,AST-00922,2026-08-08 00:58:14,True,5,6,False,3,49,False,0.77,6.2
EDR-000923,AST-00923,2026-08-23 12:58:14,False,2,14,False,0,49,False,0.32,8.6
EDR-000924,AST-00924,2026-08-29 12:58:14,False,10,8,False,0,38,False,0.6,7.1
EDR-000925,AST-00925,2026-08-18 04:58:14,False,10,16,False,0,14,False,0.31,6.0
EDR-000926,AST-00926,2026-08-22 07:58:14,False,3,0,False,0,10,False,0.3,9.6
EDR-000927,AST-00927,2026-09-01 20:58:14,False,6,12,False,0,8,False,0.27,8.1
EDR-000928,AST-00928,2026-08-09 10:58:14,False,9,5,False,0,50,False,0.72,7.7
EDR-000929,AST-00929,2026-08-18 18:58:14,False,1,9,False,0,49,False,0.39,9.2
EDR-000930,AST-00930,2026-08-25 20:58:14,False,2,7,False,0,13,False,0.69,8.6
EDR-000931,AST-00931,2026-08-24 00:58:14,True,3,5,False,1,30,True,0.87,6.4
EDR-000932,AST-00932,2026-09-04 15:58:14,False,9,5,False,0,1,False,0.72,8.1
EDR-000933,AST-00933,2026-09-04 13:58:14,False,4,0,False,0,31,False,0.4,9.0
EDR-000934,AST-00934,2026-08-11 04:58:14,False,1,18,False,0,11,False,0.56,7.5
EDR-000935,AST-00935,2026-08-12 14:58:14,False,0,19,False,0,18,False,0.47,8.5
EDR-000936,AST-00936,2026-09-03 04:58:14,False,1,7,False,0,36,False,0.69,8.7
EDR-000937,AST-00937,2026-08-12 03:58:14,False,7,6,False,0,21,False,0.18,7.7
EDR-000938,AST-00938,2026-08-05 23:58:14,False,3,14,False,0,5,False,0.33,8.2
EDR-000939,AST-00939,2026-08-21 21:58:14,False,7,1,False,0,20,False,0.64,9.0
EDR-000940,AST-00940,2026-08-15 06:58:14,False,0,20,False,0,33,False,0.44,8.2
EDR-000941,AST-00941,2026-08-16 21:58:14,False,10,6,False,0,26,False,0.61,7.1
EDR-000942,AST-00942,2026-09-01 05:58:14,False,2,20,False,0,38,False,0.28,7.7
EDR-000943,AST-00943,2026-08-17 01:58:14,False,10,15,False,0,1,False,0.55,6.8
EDR-000944,AST-00944,2026-08-20 22:58:14,True,6,7,False,0,42,True,0.63,6.5
EDR-000945,AST-00945,2026-08-14 12:58:14,False,10,9,False,0,5,False,0.24,6.7
EDR-000946,AST-00946,2026-08-26 04:58:14,False,4,2,False,0,17,False,0.48,8.5
EDR-000947,AST-00947,2026-08-29 05:58:14,False,7,7,False,0,19,False,0.32,8.3
EDR-000948,AST-00948,2026-08-27 06:58:14,False,0,7,False,0,24,False,0.12,8.9
EDR-000949,AST-00949,2026-08-27 13:58:14,False,7,2,False,0,19,False,0.46,8.6
EDR-000950,AST-00950,2026-08-15 09:58:14,False,3,4,False,0,18,False,0.62,9.3
EDR-000951,AST-00951,2026-08-20 02:58:14,False,6,6,False,0,19,False,0.68,8.6
EDR-000952,AST-00952,2026-08-11 08:58:14,False,6,13,False,0,17,False,0.47,7.7
EDR-000953,AST-00953,2026-08-27 20:58:14,False,6,12,False,0,5,False,0.67,7.6
EDR-000954,AST-00954,2026-08-29 10:58:14,False,8,11,False,0,28,False,0.55,7.4
EDR-000955,AST-00955,2026-08-09 00:58:14,False,5,4,False,0,41,False,0.22,8.8
EDR-000956,AST-00956,2026-08-25 08:58:14,False,8,6,False,0,43,False,0.55,8.1
EDR-000957,AST-00957,2026-08-14 20:58:14,False,9,5,False,0,30,False,0.7,7.9
EDR-000958,AST-00958,2026-08-07 03:58:14,False,8,5,False,0,36,False,0.38,7.7
EDR-000959,AST-00959,2026-08-08 18:58:14,False,5,18,False,0,34,False,0.38,7.2
EDR-000960,AST-00960,2026-08-31 04:58:14,True,0,11,False,0,2,True,0.9,7.2
EDR-000961,AST-00961,2026-08-24 08:58:14,False,10,10,False,0,47,False,0.57,7.4
EDR-000962,AST-00962,2026-09-04 08:58:14,False,8,8,False,0,33,False,0.63,8.0
EDR-000963,AST-00963,2026-08-18 10:58:14,False,7,0,False,0,1,False,0.45,8.7
EDR-000964,AST-00964,2026-08-28 01:58:14,False,3,7,False,0,20,False,0.53,8.6
EDR-000965,AST-00965,2026-08-14 10:58:14,False,6,10,False,0,28,False,0.69,7.4
EDR-000966,AST-00966,2026-08-30 04:58:14,False,0,8,False,0,15,False,0.41,9.3
EDR-000967,AST-00967,2026-08-17 02:58:14,False,5,13,False,0,22,False,0.54,7.9
EDR-000968,AST-00968,2026-08-27 21:58:14,False,0,14,False,0,45,False,0.28,8.2
EDR-000969,AST-00969,2026-08-29 10:58:14,False,3,19,False,0,42,False,0.23,7.4
EDR-000970,AST-00970,2026-08-27 17:58:14,True,5,7,False,2,38,True,0.6,6.5
EDR-000971,AST-00971,2026-08-15 03:58:14,False,8,7,False,0,45,False,0.57,8.2
EDR-000972,AST-00972,2026-08-28 08:58:14,False,8,6,False,0,10,False,0.48,7.8
EDR-000973,AST-00973,2026-08-09 02:58:14,False,6,12,False,0,19,False,0.66,7.6
EDR-000974,AST-00974,2026-08-28 03:58:14,False,1,5,False,0,41,False,0.41,9.4
EDR-000975,AST-00975,2026-08-27 05:58:14,False,5,16,False,0,39,False,0.75,7.4
EDR-000976,AST-00976,2026-08-28 19:58:14,True,4,5,False,2,17,True,0.79,7.2
EDR-000977,AST-00977,2026-08-08 10:58:14,False,9,11,False,0,16,False,0.43,7.1
EDR-000978,AST-00978,2026-08-16 08:58:14,False,1,1,False,0,49,False,0.71,10.0
EDR-000979,AST-00979,2026-08-09 11:58:14,False,2,9,False,0,12,False,0.38,9.1
EDR-000980,AST-00980,2026-08-13 22:58:14,False,4,17,False,0,43,False,0.38,7.1
EDR-000981,AST-00981,2026-08-13 09:58:14,False,8,15,False,0,20,False,0.69,6.7
EDR-000982,AST-00982,2026-09-03 09:58:14,False,8,4,False,0,3,False,0.46,8.2
EDR-000983,AST-00983,2026-08-09 00:58:14,False,9,13,False,0,23,False,0.24,7.3
EDR-000984,AST-00984,2026-08-19 19:58:14,False,2,9,False,0,42,False,0.2,8.6
EDR-000985,AST-00985,2026-08-10 17:58:14,True,7,0,False,3,31,False,0.91,6.9
EDR-000986,AST-00986,2026-08-23 17:58:14,True,10,4,False,2,8,True,0.91,5.5
EDR-000987,AST-00987,2026-08-17 15:58:14,False,10,13,False,0,46,False,0.47,6.6
EDR-000988,AST-00988,2026-09-03 06:58:14,False,2,0,False,0,17,False,0.58,9.2
EDR-000989,AST-00989,2026-08-09 01:58:14,False,8,17,False,0,8,False,0.14,6.5
EDR-000990,AST-00990,2026-08-29 23:58:14,False,4,9,True,0,18,False,0.76,5.3
EDR-000991,AST-00991,2026-08-12 07:58:14,False,6,16,False,0,43,False,0.38,7.4
EDR-000992,AST-00992,2026-08-19 17:58:14,False,3,9,False,0,11,False,0.15,8.2
EDR-000993,AST-00993,2026-08-15 15:58:14,True,2,8,False,3,23,False,0.87,7.3
EDR-000994,AST-00994,2026-08-24 02:58:14,False,3,14,False,0,14,False,0.8,7.5
EDR-000995,AST-00995,2026-08-30 00:58:14,False,4,14,False,0,33,False,0.66,8.0
EDR-000996,AST-00996,2026-08-24 17:58:14,False,10,0,False,0,32,False,0.38,8.2
EDR-000997,AST-00997,2026-09-04 09:58:14,False,1,7,False,0,29,False,0.72,9.5
EDR-000998,AST-00998,2026-08-24 06:58:14,False,1,4,False,0,9,False,0.65,8.9
EDR-000999,AST-00999,2026-08-28 08:58:14,False,4,7,False,0,0,False,0.77,8.5
EDR-001000,AST-01000,2026-08-11 06:58:14,False,7,7,False,0,25,False,0.35,7.9
EDR-001001,AST-01001,2026-08-31 07:58:14,False,2,8,False,0,21,False,0.78,8.8
EDR-001002,AST-01002,2026-08-27 17:58:14,False,3,20,False,0,48,False,0.22,6.9
EDR-001003,AST-01003,2026-08-09 07:58:14,False,1,11,False,0,42,False,0.75,8.5
EDR-001004,AST-01004,2026-08-26 03:58:14,False,10,2,False,0,9,False,0.53,7.8
EDR-001005,AST-01005,2026-08-07 12:58:14,False,9,3,False,0,2,False,0.26,8.4
EDR-001006,AST-01006,2026-08-30 02:58:14,False,0,5,False,0,50,False,0.55,10.0
EDR-001007,AST-01007,2026-08-31 23:58:14,False,2,0,False,0,0,False,0.51,9.2
EDR-001008,AST-01008,2026-08-16 07:58:14,False,10,4,False,0,0,False,0.35,7.7
EDR-001009,AST-01009,2026-08-22 22:58:14,False,1,10,True,0,49,False,0.26,5.3
EDR-001010,AST-01010,2026-09-01 09:58:14,False,4,1,False,0,0,False,0.35,9.4
EDR-001011,AST-01011,2026-08-29 15:58:14,False,6,4,True,0,20,False,0.42,4.9
EDR-001012,AST-01012,2026-08-08 21:58:14,True,10,4,False,0,30,True,0.82,5.8
EDR-001013,AST-01013,2026-08-23 14:58:14,False,0,14,False,0,15,False,0.24,9.0
EDR-001014,AST-01014,2026-08-12 08:58:14,False,3,6,False,0,15,False,0.43,8.4
EDR-001015,AST-01015,2026-08-09 21:58:14,False,7,10,False,0,26,False,0.32,7.6
EDR-001016,AST-01016,2026-08-27 22:58:14,False,5,10,False,0,41,False,0.32,8.3
EDR-001017,AST-01017,2026-08-18 16:58:14,False,5,16,False,0,50,False,0.7,7.4
EDR-001018,AST-01018,2026-08-20 17:58:14,False,10,8,False,0,1,False,0.29,7.2
EDR-001019,AST-01019,2026-09-01 17:58:14,False,9,0,False,0,24,False,0.59,8.4
EDR-001020,AST-01020,2026-08-09 04:58:14,False,6,15,False,0,50,False,0.39,7.7
EDR-001021,AST-01021,2026-08-29 18:58:14,True,6,20,False,1,10,True,0.72,4.8
EDR-001022,AST-01022,2026-08-07 01:58:14,False,9,18,False,0,14,False,0.79,6.5
EDR-001023,AST-01023,2026-08-22 06:58:14,False,0,14,False,0,25,False,0.28,9.1
EDR-001024,AST-01024,2026-08-07 09:58:14,False,9,14,False,0,38,False,0.2,6.9
EDR-001025,AST-01025,2026-08-17 12:58:14,False,6,13,False,0,37,False,0.25,7.1
EDR-001026,AST-01026,2026-09-04 08:58:14,False,5,14,False,0,46,False,0.55,8.1
EDR-001027,AST-01027,2026-08-22 11:58:14,False,2,5,False,0,49,False,0.21,9.1
EDR-001028,AST-01028,2026-08-29 02:58:14,False,0,19,False,0,26,False,0.58,8.2
EDR-001029,AST-01029,2026-08-15 04:58:14,False,9,1,False,0,23,False,0.59,8.6
EDR-001030,AST-01030,2026-08-21 09:58:14,False,10,14,False,0,40,False,0.17,7.0
EDR-001031,AST-01031,2026-08-16 10:58:14,False,3,17,False,0,47,False,0.23,8.2
EDR-001032,AST-01032,2026-08-21 08:58:14,False,4,13,False,0,19,False,0.15,7.6
EDR-001033,AST-01033,2026-08-30 01:58:14,False,8,13,False,0,19,False,0.65,7.5
EDR-001034,AST-01034,2026-08-21 21:58:14,False,8,7,False,0,44,False,0.22,8.2
EDR-001035,AST-01035,2026-08-22 00:58:14,False,10,4,False,0,14,False,0.47,7.6
EDR-001036,AST-01036,2026-08-14 02:58:14,False,7,5,False,0,41,False,0.38,7.7
EDR-001037,AST-01037,2026-08-31 20:58:14,False,1,14,False,0,17,False,0.53,8.0
EDR-001038,AST-01038,2026-08-12 05:58:14,False,3,3,False,0,20,False,0.72,9.4
EDR-001039,AST-01039,2026-09-03 18:58:14,False,9,7,False,0,40,False,0.59,7.6
EDR-001040,AST-01040,2026-08-20 10:58:14,False,8,2,False,0,38,False,0.74,8.4
EDR-001041,AST-01041,2026-08-10 15:58:14,False,0,5,False,0,16,False,0.2,9.7
EDR-001042,AST-01042,2026-08-08 00:58:14,False,2,16,False,0,22,False,0.44,8.1
EDR-001043,AST-01043,2026-08-13 04:58:14,False,5,2,False,0,9,False,0.27,8.7
EDR-001044,AST-01044,2026-08-05 19:58:14,False,5,2,False,0,16,False,0.39,8.7
EDR-001045,AST-01045,2026-08-24 19:58:14,False,6,7,False,0,6,False,0.3,8.0
EDR-001046,AST-01046,2026-08-20 04:58:14,False,4,9,False,0,12,False,0.54,8.0
EDR-001047,AST-01047,2026-09-04 16:58:14,True,7,10,False,2,34,True,0.8,6.0
EDR-001048,AST-01048,2026-08-07 08:58:14,False,6,10,False,0,13,False,0.77,7.7
EDR-001049,AST-01049,2026-09-04 14:58:14,False,9,6,False,0,6,False,0.8,7.1
EDR-001050,AST-01050,2026-08-06 05:58:14,False,5,10,False,0,46,False,0.31,7.9
EDR-001051,AST-01051,2026-08-13 01:58:14,False,1,10,False,0,3,False,0.57,9.3
EDR-001052,AST-01052,2026-08-14 15:58:14,False,9,19,False,0,13,False,0.52,6.6
EDR-001053,AST-01053,2026-09-04 01:58:14,False,10,12,False,0,1,False,0.64,6.8
EDR-001054,AST-01054,2026-08-22 15:58:14,False,6,8,False,0,17,False,0.23,8.0
EDR-001055,AST-01055,2026-09-03 21:58:14,False,8,13,False,0,42,False,0.56,7.0
EDR-001056,AST-01056,2026-09-03 20:58:14,False,8,9,False,0,10,False,0.63,7.1
EDR-001057,AST-01057,2026-08-22 13:58:14,False,4,15,False,0,8,False,0.23,7.9
EDR-001058,AST-01058,2026-08-09 09:58:14,False,6,8,False,0,26,False,0.3,7.8
EDR-001059,AST-01059,2026-08-24 00:58:14,False,0,4,False,0,31,False,0.61,9.7
EDR-001060,AST-01060,2026-08-06 04:58:14,False,3,18,False,0,38,False,0.19,7.8
EDR-001061,AST-01061,2026-08-24 15:58:14,False,1,4,False,0,19,False,0.73,9.8
EDR-001062,AST-01062,2026-08-23 02:58:14,False,8,1,False,0,35,False,0.54,8.5
EDR-001063,AST-01063,2026-08-27 15:58:14,False,10,4,False,0,45,False,0.49,7.7
EDR-001064,AST-01064,2026-08-26 14:58:14,False,2,7,False,0,45,False,0.78,8.9
EDR-001065,AST-01065,2026-08-17 04:58:14,False,1,11,False,0,38,False,0.43,8.5
EDR-001066,AST-01066,2026-08-30 16:58:14,True,6,10,False,0,14,True,0.85,6.1
EDR-001067,AST-01067,2026-09-04 03:58:14,False,8,19,False,0,50,False,0.35,6.7
EDR-001068,AST-01068,2026-08-16 00:58:14,False,5,0,False,0,42,False,0.31,9.3
EDR-001069,AST-01069,2026-09-01 10:58:14,False,8,6,False,0,6,False,0.69,8.2
EDR-001070,AST-01070,2026-08-08 09:58:14,False,10,20,False,0,13,False,0.25,5.9
EDR-001071,AST-01071,2026-09-03 00:58:14,False,1,16,False,0,22,False,0.14,7.9
EDR-001072,AST-01072,2026-09-03 14:58:14,False,1,1,False,0,21,False,0.46,9.4
EDR-001073,AST-01073,2026-08-20 18:58:14,False,3,2,False,0,7,False,0.78,9.5
EDR-001074,AST-01074,2026-08-25 01:58:14,False,7,7,False,0,34,False,0.74,7.9
EDR-001075,AST-01075,2026-08-24 08:58:14,False,7,15,False,0,20,False,0.4,7.0
EDR-001076,AST-01076,2026-08-12 05:58:14,False,6,7,False,0,38,False,0.15,7.7
EDR-001077,AST-01077,2026-08-21 13:58:14,False,6,14,False,0,3,False,0.37,7.1
EDR-001078,AST-01078,2026-08-23 00:58:14,False,5,0,False,0,32,False,0.66,8.8
EDR-001079,AST-01079,2026-08-26 18:58:14,False,7,3,False,0,45,False,0.59,8.6
EDR-001080,AST-01080,2026-08-08 04:58:14,False,6,2,False,0,34,False,0.17,8.4
EDR-001081,AST-01081,2026-08-07 05:58:14,False,1,16,False,0,15,False,0.68,7.8
EDR-001082,AST-01082,2026-08-25 16:58:14,False,6,4,False,0,43,False,0.52,8.5
EDR-001083,AST-01083,2026-08-25 22:58:14,False,1,6,False,0,25,False,0.34,9.3
EDR-001084,AST-01084,2026-08-25 01:58:14,True,7,12,False,0,38,True,0.79,5.9
EDR-001085,AST-01085,2026-08-10 18:58:14,False,2,0,False,0,43,False,0.64,9.9
EDR-001086,AST-01086,2026-09-03 12:58:14,False,3,12,False,0,45,False,0.15,8.2
EDR-001087,AST-01087,2026-08-30 20:58:14,False,6,13,False,0,38,False,0.2,7.8
EDR-001088,AST-01088,2026-08-22 01:58:14,False,2,5,False,0,18,False,0.79,8.9
EDR-001089,AST-01089,2026-08-15 07:58:14,False,7,15,False,0,33,False,0.56,7.3
EDR-001090,AST-01090,2026-08-06 12:58:14,False,2,6,False,0,15,False,0.2,9.1
EDR-001091,AST-01091,2026-08-07 11:58:14,False,1,11,False,0,40,False,0.34,8.8
EDR-001092,AST-01092,2026-08-13 11:58:14,False,6,5,False,0,27,False,0.8,8.7
EDR-001093,AST-01093,2026-08-24 03:58:14,False,9,0,False,0,10,False,0.21,8.6
EDR-001094,AST-01094,2026-08-21 03:58:14,False,3,8,False,0,28,False,0.47,9.1
EDR-001095,AST-01095,2026-08-08 21:58:14,False,0,4,False,0,27,False,0.71,9.9
EDR-001096,AST-01096,2026-08-07 21:58:14,False,9,10,False,0,4,False,0.5,7.0
EDR-001097,AST-01097,2026-08-11 02:58:14,False,9,10,False,0,0,False,0.76,7.6
EDR-001098,AST-01098,2026-08-12 02:58:14,False,0,19,False,0,22,False,0.37,7.9
EDR-001099,AST-01099,2026-08-28 12:58:14,False,9,1,False,0,28,False,0.65,7.9
EDR-001100,AST-01100,2026-08-06 00:58:14,False,10,5,False,0,2,False,0.16,7.9
EDR-001101,AST-01101,2026-08-09 02:58:14,True,10,14,False,1,37,False,0.69,4.9
EDR-001102,AST-01102,2026-08-11 15:58:14,False,7,2,False,0,9,False,0.37,8.8
EDR-001103,AST-01103,2026-08-12 01:58:14,False,10,14,False,0,2,False,0.31,6.6
EDR-001104,AST-01104,2026-08-19 15:58:14,False,6,4,False,0,40,False,0.25,8.4
EDR-001105,AST-01105,2026-08-13 04:58:14,False,5,9,False,0,40,False,0.11,8.4
EDR-001106,AST-01106,2026-09-04 04:58:14,False,4,2,False,0,32,False,0.53,8.9
EDR-001107,AST-01107,2026-08-25 18:58:14,False,3,1,False,0,13,False,0.12,9.8
EDR-001108,AST-01108,2026-09-01 20:58:14,False,1,16,False,0,40,False,0.4,8.0
EDR-001109,AST-01109,2026-08-22 17:58:14,False,9,10,False,0,15,False,0.62,7.4
EDR-001110,AST-01110,2026-08-12 20:58:14,False,5,18,False,0,26,False,0.24,7.0
EDR-001111,AST-01111,2026-08-06 20:58:14,False,1,14,False,0,49,False,0.38,8.6
EDR-001112,AST-01112,2026-08-06 23:58:14,False,0,10,False,0,39,False,0.34,9.5
EDR-001113,AST-01113,2026-08-30 20:58:14,False,4,9,False,0,4,False,0.14,8.4
EDR-001114,AST-01114,2026-08-15 03:58:14,False,0,15,False,0,2,False,0.39,8.6
EDR-001115,AST-01115,2026-09-01 23:58:14,False,4,14,False,0,45,False,0.33,7.5
EDR-001116,AST-01116,2026-08-17 09:58:14,False,10,8,False,0,43,False,0.58,7.0
EDR-001117,AST-01117,2026-08-06 02:58:14,False,7,4,False,0,28,False,0.26,8.2
EDR-001118,AST-01118,2026-08-06 02:58:14,False,7,17,False,0,46,False,0.69,7.4
EDR-001119,AST-01119,2026-08-11 01:58:14,False,5,9,False,0,45,False,0.7,8.5
EDR-001120,AST-01120,2026-08-26 16:58:14,False,3,8,False,0,19,False,0.53,8.8
EDR-001121,AST-01121,2026-09-03 12:58:14,False,9,3,False,0,6,False,0.15,7.7
EDR-001122,AST-01122,2026-09-02 14:58:14,False,4,12,False,0,45,False,0.54,7.7
EDR-001123,AST-01123,2026-08-27 20:58:14,False,5,14,False,0,19,False,0.33,7.4
EDR-001124,AST-01124,2026-08-18 12:58:14,False,1,2,False,0,43,False,0.69,10
EDR-001125,AST-01125,2026-08-26 22:58:14,False,3,19,False,0,16,False,0.75,7.1
EDR-001126,AST-01126,2026-08-24 14:58:14,False,2,12,False,0,45,False,0.6,8.0
EDR-001127,AST-01127,2026-08-24 00:58:14,False,0,9,False,0,39,False,0.41,9.5
EDR-001128,AST-01128,2026-08-19 19:58:14,False,0,7,False,0,3,False,0.15,9.4
EDR-001129,AST-01129,2026-08-20 23:58:14,False,10,17,False,0,43,False,0.28,5.9
EDR-001130,AST-01130,2026-08-18 17:58:14,False,6,13,False,0,13,False,0.16,7.2
EDR-001131,AST-01131,2026-08-29 10:58:14,False,8,4,False,0,32,False,0.54,7.8
EDR-001132,AST-01132,2026-08-14 19:58:14,False,2,8,False,0,49,False,0.77,8.9
EDR-001133,AST-01133,2026-08-25 06:58:14,False,6,10,False,0,39,False,0.47,7.3
EDR-001134,AST-01134,2026-08-24 04:58:14,False,2,3,False,0,22,False,0.28,9.2
EDR-001135,AST-01135,2026-08-21 22:58:14,True,9,20,False,3,47,False,0.72,3.9
EDR-001136,AST-01136,2026-08-13 00:58:14,False,8,0,False,0,16,False,0.33,8.3
EDR-001137,AST-01137,2026-08-25 18:58:14,False,2,14,False,0,16,False,0.59,7.8
EDR-001138,AST-01138,2026-08-07 20:58:14,False,3,18,False,0,13,False,0.69,7.9
EDR-001139,AST-01139,2026-08-22 15:58:14,False,10,15,False,0,23,False,0.44,6.6
EDR-001140,AST-01140,2026-08-13 06:58:14,False,3,5,False,0,7,False,0.54,8.9
EDR-001141,AST-01141,2026-08-30 05:58:14,False,5,12,False,0,41,False,0.31,7.5
EDR-001142,AST-01142,2026-08-14 14:58:14,False,5,1,False,0,32,False,0.2,8.9
EDR-001143,AST-01143,2026-08-21 16:58:14,False,8,19,False,0,38,False,0.61,6.3
EDR-001144,AST-01144,2026-08-23 23:58:14,False,4,17,False,0,28,False,0.62,7.1
EDR-001145,AST-01145,2026-08-11 23:58:14,False,4,20,False,0,4,False,0.76,6.9
EDR-001146,AST-01146,2026-08-28 09:58:14,False,1,17,False,0,2,False,0.56,8.2
EDR-001147,AST-01147,2026-09-04 07:58:14,False,0,3,False,0,21,False,0.67,9.6
EDR-001148,AST-01148,2026-08-22 18:58:14,False,2,4,False,0,11,False,0.14,9.1
EDR-001149,AST-01149,2026-08-11 16:58:14,False,4,12,False,0,2,False,0.38,8.0
EDR-001150,AST-01150,2026-08-29 05:58:14,False,0,7,False,0,42,False,0.59,8.9
EDR-001151,AST-01151,2026-09-01 13:58:14,False,1,11,False,0,0,False,0.78,9.1
EDR-001152,AST-01152,2026-08-22 21:58:14,False,0,12,False,0,50,False,0.71,8.5
EDR-001153,AST-01153,2026-09-03 15:58:14,False,0,18,False,0,21,False,0.53,8.2
EDR-001154,AST-01154,2026-08-11 03:58:14,False,5,5,False,0,3,False,0.3,9.0
EDR-001155,AST-01155,2026-08-21 05:58:14,False,7,2,False,0,28,False,0.36,8.2
EDR-001156,AST-01156,2026-08-21 09:58:14,False,1,16,False,0,12,False,0.48,8.5
EDR-001157,AST-01157,2026-08-22 17:58:14,False,9,12,False,0,19,False,0.72,7.0
EDR-001158,AST-01158,2026-08-06 15:58:14,False,10,18,False,0,40,False,0.25,5.9
EDR-001159,AST-01159,2026-08-11 21:58:14,False,5,19,False,0,26,False,0.19,6.7
EDR-001160,AST-01160,2026-09-01 07:58:14,False,10,15,False,0,25,False,0.2,6.6
EDR-001161,AST-01161,2026-08-10 14:58:14,False,1,1,False,0,16,False,0.36,9.2
EDR-001162,AST-01162,2026-08-09 00:58:14,False,1,7,False,0,21,False,0.39,9.3
EDR-001163,AST-01163,2026-08-12 01:58:14,False,5,7,False,0,48,False,0.22,8.6
EDR-001164,AST-01164,2026-08-24 03:58:14,False,4,7,False,0,36,False,0.36,8.2
EDR-001165,AST-01165,2026-09-04 00:58:14,False,9,10,False,0,2,False,0.68,7.2
EDR-001166,AST-01166,2026-08-16 08:58:14,False,10,15,False,0,5,False,0.32,6.9
EDR-001167,AST-01167,2026-08-06 00:58:14,False,10,1,False,0,25,False,0.48,7.9
EDR-001168,AST-01168,2026-08-28 03:58:14,False,10,5,False,0,0,False,0.43,7.0
EDR-001169,AST-01169,2026-08-23 06:58:14,False,8,3,True,0,26,False,0.61,4.8
EDR-001170,AST-01170,2026-08-08 19:58:14,False,3,19,False,0,12,False,0.56,7.5
EDR-001171,AST-01171,2026-08-11 12:58:14,False,2,12,False,0,44,False,0.6,8.3
EDR-001172,AST-01172,2026-08-10 00:58:14,False,0,9,False,0,43,False,0.17,8.9
EDR-001173,AST-01173,2026-08-12 23:58:14,False,3,16,False,0,14,False,0.33,8.3
EDR-001174,AST-01174,2026-08-09 13:58:14,False,8,5,False,0,30,False,0.52,8.2
EDR-001175,AST-01175,2026-08-24 12:58:14,False,2,15,False,0,19,False,0.24,8.5
EDR-001176,AST-01176,2026-08-25 09:58:14,False,3,9,False,0,12,False,0.74,8.1
EDR-001177,AST-01177,2026-09-04 00:58:14,False,0,17,False,0,31,False,0.28,8.2
EDR-001178,AST-01178,2026-08-09 10:58:14,False,8,19,False,0,9,False,0.59,6.3
EDR-001179,AST-01179,2026-08-13 16:58:14,False,5,1,False,0,42,False,0.69,9.4
EDR-001180,AST-01180,2026-08-14 21:58:14,False,7,11,False,0,24,False,0.18,7.1
EDR-001181,AST-01181,2026-08-12 05:58:14,False,8,6,False,0,25,False,0.6,7.8
EDR-001182,AST-01182,2026-09-02 03:58:14,False,2,9,False,0,10,False,0.38,8.8
EDR-001183,AST-01183,2026-08-17 14:58:14,True,0,1,False,1,46,True,0.78,7.8
EDR-001184,AST-01184,2026-08-06 02:58:14,False,8,7,False,0,12,False,0.67,7.8
EDR-001185,AST-01185,2026-08-24 03:58:14,False,5,17,False,0,44,False,0.18,6.9
EDR-001186,AST-01186,2026-08-07 04:58:14,False,4,12,False,0,25,False,0.27,8.4
EDR-001187,AST-01187,2026-08-17 19:58:14,False,1,4,False,0,32,False,0.69,9.5
EDR-001188,AST-01188,2026-08-11 02:58:14,False,2,9,False,0,22,False,0.3,8.4
EDR-001189,AST-01189,2026-08-25 15:58:14,False,5,14,False,0,33,False,0.24,7.2
EDR-001190,AST-01190,2026-08-28 08:58:14,False,6,0,False,0,15,False,0.77,8.7
EDR-001191,AST-01191,2026-09-04 07:58:14,False,3,20,False,0,33,False,0.68,7.0
EDR-001192,AST-01192,2026-08-25 12:58:14,False,0,0,False,0,11,False,0.18,9.7
EDR-001193,AST-01193,2026-08-08 09:58:14,False,3,18,False,0,14,False,0.31,7.6
EDR-001194,AST-01194,2026-09-04 07:58:14,False,6,3,False,0,12,False,0.13,8.8
EDR-001195,AST-01195,2026-08-23 22:58:14,False,7,15,False,0,43,False,0.64,7.0
EDR-001196,AST-01196,2026-08-20 06:58:14,False,7,14,False,0,31,False,0.71,7.1
EDR-001197,AST-01197,2026-08-20 06:58:14,False,4,5,False,0,13,False,0.1,8.9
EDR-001198,AST-01198,2026-08-23 18:58:14,False,0,11,False,0,6,False,0.61,8.8
EDR-001199,AST-01199,2026-08-31 17:58:14,False,2,19,False,0,2,False,0.53,8.1
EDR-001200,AST-01200,2026-08-27 15:58:14,False,9,17,False,0,20,False,0.38,6.2
EDR-001201,AST-01201,2026-08-09 03:58:14,True,0,20,False,0,42,False,0.91,6.0
EDR-001202,AST-01202,2026-09-02 21:58:14,False,5,4,False,0,30,False,0.22,8.2
EDR-001203,AST-01203,2026-08-07 07:58:14,False,9,0,False,0,23,False,0.35,8.2
EDR-001204,AST-01204,2026-09-04 01:58:14,False,5,5,False,0,45,False,0.61,8.4
EDR-001205,AST-01205,2026-08-08 14:58:14,False,7,2,False,0,2,False,0.66,8.9
EDR-001206,AST-01206,2026-08-30 05:58:14,False,10,9,False,0,39,False,0.17,6.9
EDR-001207,AST-01207,2026-08-26 01:58:14,False,6,20,False,0,15,False,0.42,6.6
EDR-001208,AST-01208,2026-08-27 02:58:14,False,5,11,False,0,0,False,0.38,8.0
EDR-001209,AST-01209,2026-08-16 14:58:14,False,9,15,False,0,43,False,0.39,6.7
EDR-001210,AST-01210,2026-09-02 15:58:14,False,2,5,False,0,10,False,0.73,9.5
EDR-001211,AST-01211,2026-08-20 04:58:14,True,9,20,False,0,45,True,0.99,4.0
EDR-001212,AST-01212,2026-08-13 08:58:14,False,7,13,False,0,15,False,0.74,7.2
EDR-001213,AST-01213,2026-08-06 15:58:14,False,3,0,False,0,4,False,0.31,9.1
EDR-001214,AST-01214,2026-08-12 16:58:14,False,5,20,False,0,43,False,0.21,6.7
EDR-001215,AST-01215,2026-08-27 07:58:14,False,6,7,False,0,4,False,0.16,8.6
EDR-001216,AST-01216,2026-08-31 14:58:14,False,1,16,False,0,6,False,0.36,8.2
EDR-001217,AST-01217,2026-08-31 17:58:14,False,10,10,False,0,34,False,0.24,7.0
EDR-001218,AST-01218,2026-08-05 21:58:14,False,6,0,False,0,48,False,0.67,8.4
EDR-001219,AST-01219,2026-08-14 02:58:14,False,8,5,False,0,32,False,0.55,7.4
EDR-001220,AST-01220,2026-08-06 00:58:14,False,2,6,False,0,20,False,0.11,8.8
EDR-001221,AST-01221,2026-08-20 11:58:14,False,4,8,False,0,34,False,0.57,8.5
EDR-001222,AST-01222,2026-08-17 11:58:14,False,6,2,False,0,38,False,0.48,8.7
EDR-001223,AST-01223,2026-08-13 09:58:14,False,6,8,False,0,19,False,0.35,7.5
EDR-001224,AST-01224,2026-09-01 22:58:14,False,1,5,False,0,1,False,0.64,9.7
EDR-001225,AST-01225,2026-08-09 08:58:14,False,2,15,False,0,10,False,0.57,8.4
EDR-001226,AST-01226,2026-08-26 15:58:14,False,4,18,False,0,38,False,0.13,7.7
EDR-001227,AST-01227,2026-08-20 10:58:14,False,9,16,False,0,14,False,0.64,6.9
EDR-001228,AST-01228,2026-08-17 13:58:14,False,1,14,False,0,42,False,0.29,8.9
EDR-001229,AST-01229,2026-08-27 08:58:14,False,4,14,False,0,24,False,0.78,7.3
EDR-001230,AST-01230,2026-08-07 01:58:14,False,8,0,False,0,24,False,0.73,8.5
EDR-001231,AST-01231,2026-08-29 23:58:14,False,4,4,False,0,38,False,0.66,8.6
EDR-001232,AST-01232,2026-08-16 02:58:14,False,10,18,False,0,0,False,0.54,6.0
EDR-001233,AST-01233,2026-08-20 12:58:14,False,1,10,False,0,46,False,0.46,9.2
EDR-001234,AST-01234,2026-08-10 01:58:14,True,9,3,False,2,10,False,0.82,6.4
EDR-001235,AST-01235,2026-08-16 06:58:14,False,3,8,False,0,42,False,0.23,8.1
EDR-001236,AST-01236,2026-08-18 23:58:14,False,10,7,False,0,32,False,0.6,7.8
EDR-001237,AST-01237,2026-08-23 13:58:14,False,5,19,False,0,14,False,0.28,7.1
EDR-001238,AST-01238,2026-08-09 23:58:14,False,9,4,False,0,21,False,0.53,8.1
EDR-001239,AST-01239,2026-08-08 01:58:14,False,1,19,False,0,6,False,0.49,8.1
EDR-001240,AST-01240,2026-09-02 16:58:14,False,6,4,True,0,24,False,0.41,5.1
EDR-001241,AST-01241,2026-08-22 23:58:14,False,10,19,False,0,27,False,0.62,5.6
EDR-001242,AST-01242,2026-08-08 03:58:14,False,10,13,False,0,24,False,0.76,7.2
EDR-001243,AST-01243,2026-08-14 02:58:14,False,9,5,False,0,36,False,0.68,8.0
EDR-001244,AST-01244,2026-08-08 08:58:14,False,8,13,False,0,9,False,0.25,7.5
EDR-001245,AST-01245,2026-08-09 22:58:14,False,1,16,False,0,23,False,0.12,8.5
EDR-001246,AST-01246,2026-08-19 00:58:14,False,6,2,False,0,19,False,0.58,8.9
EDR-001247,AST-01247,2026-08-15 20:58:14,False,7,18,False,0,31,False,0.3,6.4
EDR-001248,AST-01248,2026-08-09 15:58:14,False,9,15,False,0,33,False,0.65,6.3
EDR-001249,AST-01249,2026-09-04 05:58:14,False,2,11,False,0,5,False,0.35,8.3
EDR-001250,AST-01250,2026-08-09 02:58:14,False,3,3,False,0,44,False,0.45,9.0
EDR-001251,AST-01251,2026-08-30 11:58:14,False,2,3,False,0,2,False,0.43,9.3
EDR-001252,AST-01252,2026-08-26 12:58:14,False,8,14,False,0,19,False,0.76,6.8
EDR-001253,AST-01253,2026-08-11 15:58:14,False,2,2,False,0,34,False,0.5,9.7
EDR-001254,AST-01254,2026-08-25 00:58:14,False,9,16,False,0,17,False,0.62,6.3
EDR-001255,AST-01255,2026-08-17 06:58:14,False,8,10,False,0,3,False,0.44,7.9
EDR-001256,AST-01256,2026-08-08 09:58:14,True,3,15,False,2,23,False,0.96,5.5
EDR-001257,AST-01257,2026-08-29 22:58:14,False,6,4,False,0,14,False,0.2,8.9
EDR-001258,AST-01258,2026-08-05 18:58:14,False,5,20,False,0,4,False,0.23,6.7
EDR-001259,AST-01259,2026-08-10 08:58:14,False,1,2,False,0,37,False,0.63,9.8
EDR-001260,AST-01260,2026-08-21 21:58:14,False,2,19,False,0,34,False,0.52,8.1
EDR-001261,AST-01261,2026-08-27 04:58:14,False,3,3,False,0,41,False,0.24,9.5
EDR-001262,AST-01262,2026-08-05 18:58:14,False,7,2,False,0,37,False,0.29,8.4
EDR-001263,AST-01263,2026-08-06 19:58:14,False,5,14,False,0,12,False,0.6,7.1
EDR-001264,AST-01264,2026-09-04 04:58:14,False,7,20,False,0,8,False,0.77,6.8
EDR-001265,AST-01265,2026-08-09 06:58:14,False,1,7,False,0,47,False,0.43,8.8
EDR-001266,AST-01266,2026-08-20 10:58:14,False,6,1,False,0,38,False,0.72,8.7
EDR-001267,AST-01267,2026-08-17 22:58:14,False,0,20,False,0,6,False,0.17,7.8
EDR-001268,AST-01268,2026-08-29 21:58:14,False,7,0,False,0,40,False,0.52,8.3
EDR-001269,AST-01269,2026-08-07 18:58:14,False,2,15,False,0,32,False,0.31,7.7
EDR-001270,AST-01270,2026-08-13 23:58:14,False,10,7,False,0,29,False,0.12,7.3
EDR-001271,AST-01271,2026-09-03 05:58:14,False,6,17,False,0,50,False,0.58,7.3
EDR-001272,AST-01272,2026-08-22 08:58:14,False,3,17,False,0,24,False,0.24,7.2
EDR-001273,AST-01273,2026-08-08 21:58:14,False,5,17,False,0,12,False,0.41,7.3
EDR-001274,AST-01274,2026-08-16 23:58:14,False,2,4,False,0,19,False,0.37,9.6
EDR-001275,AST-01275,2026-08-24 12:58:14,False,10,15,False,0,1,False,0.66,6.2
EDR-001276,AST-01276,2026-08-12 17:58:14,False,0,9,False,0,6,False,0.28,8.8
EDR-001277,AST-01277,2026-08-24 12:58:14,False,9,2,False,0,24,False,0.67,8.2
EDR-001278,AST-01278,2026-08-24 05:58:14,False,10,16,False,0,34,False,0.79,6.1
EDR-001279,AST-01279,2026-08-19 21:58:14,False,2,4,False,0,35,False,0.66,9.6
EDR-001280,AST-01280,2026-08-31 19:58:14,False,0,7,True,0,23,False,0.16,5.8
EDR-001281,AST-01281,2026-08-12 19:58:14,False,7,15,False,0,2,False,0.43,7.3
EDR-001282,AST-01282,2026-08-27 19:58:14,False,10,14,False,0,42,False,0.6,6.1
EDR-001283,AST-01283,2026-08-26 18:58:14,False,8,14,False,0,39,False,0.68,7.1
EDR-001284,AST-01284,2026-08-06 03:58:14,False,1,1,False,0,14,False,0.76,10.0
EDR-001285,AST-01285,2026-08-10 18:58:14,False,9,0,False,0,20,False,0.16,7.7
EDR-001286,AST-01286,2026-08-25 13:58:14,False,8,1,False,0,48,False,0.74,8.1
EDR-001287,AST-01287,2026-08-31 01:58:14,False,0,20,False,0,22,False,0.58,8.4
EDR-001288,AST-01288,2026-08-30 14:58:14,False,0,1,False,0,32,False,0.15,9.9
EDR-001289,AST-01289,2026-08-25 06:58:14,False,4,10,False,0,29,False,0.7,8.7
EDR-001290,AST-01290,2026-08-11 12:58:14,False,6,19,True,0,10,False,0.42,3.8
EDR-001291,AST-01291,2026-08-14 07:58:14,False,6,13,False,0,5,False,0.51,7.5
EDR-001292,AST-01292,2026-08-20 21:58:14,False,1,17,False,0,2,False,0.12,7.8
EDR-001293,AST-01293,2026-08-25 11:58:14,False,0,18,False,0,42,False,0.33,7.7
EDR-001294,AST-01294,2026-08-13 16:58:14,False,10,18,False,0,16,False,0.1,5.7
EDR-001295,AST-01295,2026-08-15 21:58:14,False,0,1,False,0,11,False,0.58,9.5
EDR-001296,AST-01296,2026-08-11 07:58:14,True,0,0,False,2,30,False,0.63,8.3
EDR-001297,AST-01297,2026-09-03 05:58:14,False,10,8,False,0,22,False,0.56,7.7
EDR-001298,AST-01298,2026-08-24 02:58:14,False,6,20,False,0,13,False,0.26,6.9
EDR-001299,AST-01299,2026-08-19 16:58:14,False,4,6,False,0,40,False,0.19,8.5
EDR-001300,AST-01300,2026-08-08 05:58:14,False,4,14,False,0,17,False,0.77,8.2
EDR-001301,AST-01301,2026-08-11 17:58:14,False,10,13,False,0,10,False,0.72,6.8
EDR-001302,AST-01302,2026-08-31 23:58:14,False,3,19,False,0,24,False,0.18,7.1
EDR-001303,AST-01303,2026-08-06 17:58:14,False,0,1,True,0,33,False,0.42,6.8
EDR-001304,AST-01304,2026-08-06 01:58:14,False,3,20,False,0,36,False,0.68,7.7
EDR-001305,AST-01305,2026-08-15 20:58:14,False,0,9,False,0,23,False,0.15,8.8
EDR-001306,AST-01306,2026-08-12 02:58:14,False,7,11,False,0,50,False,0.55,7.1
EDR-001307,AST-01307,2026-08-26 14:58:14,False,6,3,False,0,50,False,0.5,8.2
EDR-001308,AST-01308,2026-08-14 20:58:14,False,9,8,False,0,7,False,0.13,7.3
EDR-001309,AST-01309,2026-08-16 01:58:14,False,6,5,False,0,39,False,0.45,8.4
EDR-001310,AST-01310,2026-08-18 17:58:14,False,8,11,False,0,13,False,0.39,7.6
EDR-001311,AST-01311,2026-08-29 15:58:14,False,1,5,False,0,20,False,0.14,9.5
EDR-001312,AST-01312,2026-09-03 13:58:14,False,9,14,False,0,10,False,0.39,7.0
EDR-001313,AST-01313,2026-08-11 05:58:14,False,5,8,False,0,34,False,0.49,8.0
EDR-001314,AST-01314,2026-08-21 22:58:14,False,8,6,False,0,22,False,0.56,8.1
EDR-001315,AST-01315,2026-08-12 09:58:14,False,4,20,False,0,43,False,0.75,7.3
EDR-001316,AST-01316,2026-08-15 22:58:14,False,3,17,False,0,11,False,0.77,7.3
EDR-001317,AST-01317,2026-08-27 06:58:14,False,6,1,False,0,37,False,0.75,8.9
EDR-001318,AST-01318,2026-09-03 20:58:14,False,7,0,False,0,8,False,0.61,8.9
EDR-001319,AST-01319,2026-08-08 19:58:14,False,3,5,False,0,28,False,0.73,8.6
EDR-001320,AST-01320,2026-08-18 11:58:14,False,4,15,False,0,41,False,0.19,7.3
EDR-001321,AST-01321,2026-08-24 22:58:14,False,9,2,False,0,39,False,0.33,8.1
EDR-001322,AST-01322,2026-08-27 23:58:14,False,10,14,False,0,40,False,0.41,6.6
EDR-001323,AST-01323,2026-09-01 10:58:14,False,9,2,False,0,14,False,0.23,8.0
EDR-001324,AST-01324,2026-08-22 08:58:14,True,7,7,False,2,39,True,0.81,5.9
EDR-001325,AST-01325,2026-08-07 21:58:14,False,4,17,False,0,32,False,0.16,7.2
EDR-001326,AST-01326,2026-08-20 04:58:14,False,0,0,False,0,36,False,0.57,10
EDR-001327,AST-01327,2026-08-06 22:58:14,False,0,7,False,0,32,False,0.29,9.5
EDR-001328,AST-01328,2026-08-26 18:58:14,False,5,3,False,0,2,False,0.75,8.2
EDR-001329,AST-01329,2026-08-22 08:58:14,False,4,11,False,0,2,False,0.6,7.9
EDR-001330,AST-01330,2026-08-15 20:58:14,True,7,12,False,1,35,True,0.61,5.2
EDR-001331,AST-01331,2026-08-09 04:58:14,False,3,8,False,0,47,False,0.15,8.4
EDR-001332,AST-01332,2026-08-16 19:58:14,False,5,17,False,0,1,False,0.27,7.2
EDR-001333,AST-01333,2026-08-24 16:58:14,False,7,4,False,0,38,False,0.27,7.9
EDR-001334,AST-01334,2026-08-16 13:58:14,False,6,8,False,0,8,False,0.79,7.7
EDR-001335,AST-01335,2026-08-14 07:58:14,False,2,11,False,0,13,False,0.53,8.5
EDR-001336,AST-01336,2026-09-04 15:58:14,False,0,11,False,0,25,False,0.48,8.7
EDR-001337,AST-01337,2026-08-14 13:58:14,False,7,11,False,0,13,False,0.73,7.2
EDR-001338,AST-01338,2026-08-14 12:58:14,False,9,10,False,0,0,False,0.76,7.6
EDR-001339,AST-01339,2026-08-27 02:58:14,False,10,20,False,0,46,False,0.3,6.0
EDR-001340,AST-01340,2026-08-26 18:58:14,False,3,20,False,0,24,False,0.31,7.4
EDR-001341,AST-01341,2026-08-27 15:58:14,False,9,1,False,0,30,False,0.22,8.2
EDR-001342,AST-01342,2026-08-31 13:58:14,False,2,18,False,0,11,False,0.18,7.8
EDR-001343,AST-01343,2026-08-16 01:58:14,False,8,11,False,0,7,False,0.23,7.2
EDR-001344,AST-01344,2026-08-10 02:58:14,False,1,8,False,0,45,False,0.46,9.2
EDR-001345,AST-01345,2026-08-22 22:58:14,False,9,20,False,0,18,False,0.58,6.0
EDR-001346,AST-01346,2026-08-25 17:58:14,False,3,10,False,0,31,False,0.15,8.6
EDR-001347,AST-01347,2026-08-23 01:58:14,False,1,19,False,0,23,False,0.47,8.1
EDR-001348,AST-01348,2026-09-02 16:58:14,False,5,6,False,0,10,False,0.49,8.9
EDR-001349,AST-01349,2026-08-07 23:58:14,False,8,20,False,0,32,False,0.62,6.7
EDR-001350,AST-01350,2026-08-19 00:58:14,False,7,7,False,0,46,False,0.75,7.6
EDR-001351,AST-01351,2026-08-15 13:58:14,False,0,9,False,0,47,False,0.4,9.4
EDR-001352,AST-01352,2026-08-19 21:58:14,False,1,4,False,0,43,False,0.17,9.4
EDR-001353,AST-01353,2026-08-21 07:58:14,False,6,3,False,0,8,False,0.13,8.6
EDR-001354,AST-01354,2026-08-22 16:58:14,False,0,20,False,0,12,False,0.16,7.5
EDR-001355,AST-01355,2026-08-27 23:58:14,False,8,6,False,0,1,False,0.8,8.2
EDR-001356,AST-01356,2026-08-11 01:58:14,False,9,10,False,0,29,False,0.33,7.4
EDR-001357,AST-01357,2026-08-06 03:58:14,False,3,2,False,0,15,False,0.27,9.2
EDR-001358,AST-01358,2026-09-02 12:58:14,False,5,5,False,0,26,False,0.79,8.8
EDR-001359,AST-01359,2026-08-23 16:58:14,False,3,13,False,0,5,False,0.32,7.7
EDR-001360,AST-01360,2026-08-22 19:58:14,True,8,7,False,1,16,True,0.87,5.9
EDR-001361,AST-01361,2026-09-03 01:58:14,False,7,14,False,0,13,False,0.46,7.1
EDR-001362,AST-01362,2026-08-09 10:58:14,False,2,3,False,0,21,False,0.62,8.9
EDR-001363,AST-01363,2026-08-26 11:58:14,False,2,7,False,0,33,False,0.23,8.8
EDR-001364,AST-01364,2026-08-24 02:58:14,False,9,6,False,0,13,False,0.64,7.9
EDR-001365,AST-01365,2026-08-22 03:58:14,False,10,15,False,0,23,False,0.6,6.2
EDR-001366,AST-01366,2026-08-21 21:58:14,False,5,6,False,0,42,False,0.21,8.7
EDR-001367,AST-01367,2026-08-06 02:58:14,False,1,16,False,0,30,False,0.63,8.4
EDR-001368,AST-01368,2026-08-20 15:58:14,False,0,4,True,0,42,False,0.32,6.2
EDR-001369,AST-01369,2026-08-06 20:58:14,False,0,4,False,0,15,False,0.1,9.7
EDR-001370,AST-01370,2026-08-10 00:58:14,False,0,20,False,0,46,False,0.11,7.8
EDR-001371,AST-01371,2026-09-02 14:58:14,False,4,19,False,0,1,False,0.51,7.6
EDR-001372,AST-01372,2026-08-29 02:58:14,False,10,3,False,0,47,False,0.34,7.7
EDR-001373,AST-01373,2026-08-11 20:58:14,False,10,11,False,0,25,False,0.25,6.8
EDR-001374,AST-01374,2026-08-24 09:58:14,False,9,2,False,0,16,False,0.49,7.9
EDR-001375,AST-01375,2026-09-04 04:58:14,False,4,15,False,0,3,False,0.32,8.0
EDR-001376,AST-01376,2026-09-04 03:58:14,False,2,2,False,0,23,False,0.67,9.3
EDR-001377,AST-01377,2026-08-30 14:58:14,True,5,5,False,0,20,True,0.87,6.0
EDR-001378,AST-01378,2026-08-26 05:58:14,False,7,13,False,0,17,False,0.65,7.3
EDR-001379,AST-01379,2026-08-23 10:58:14,False,8,20,False,0,41,False,0.33,6.3
EDR-001380,AST-01380,2026-08-12 18:58:14,False,4,7,False,0,10,False,0.33,8.9
EDR-001381,AST-01381,2026-08-11 21:58:14,False,3,16,False,0,18,False,0.79,7.8
EDR-001382,AST-01382,2026-09-03 06:58:14,False,9,17,False,0,13,False,0.17,6.0
EDR-001383,AST-01383,2026-08-21 06:58:14,False,6,10,False,0,17,False,0.39,8.2
EDR-001384,AST-01384,2026-08-31 10:58:14,False,1,6,False,0,48,False,0.63,8.8
EDR-001385,AST-01385,2026-08-14 23:58:14,False,8,19,False,0,34,False,0.53,6.4
EDR-001386,AST-01386,2026-08-28 11:58:14,False,4,18,False,0,42,False,0.37,7.7
EDR-001387,AST-01387,2026-08-24 17:58:14,False,4,12,False,0,47,False,0.54,8.2
EDR-001388,AST-01388,2026-08-15 00:58:14,False,0,6,False,0,30,False,0.67,9.3
EDR-001389,AST-01389,2026-08-14 19:58:14,False,8,3,False,0,17,False,0.24,7.7
EDR-001390,AST-01390,2026-08-06 16:58:14,False,2,4,False,0,8,False,0.51,9.2
EDR-001391,AST-01391,2026-08-09 19:58:14,False,6,7,False,0,32,False,0.17,8.1
EDR-001392,AST-01392,2026-08-28 04:58:14,False,7,0,False,0,2,False,0.33,8.5
EDR-001393,AST-01393,2026-08-23 02:58:14,False,5,4,False,0,20,False,0.12,8.5
EDR-001394,AST-01394,2026-09-01 04:58:14,False,6,10,False,0,5,False,0.62,7.9
EDR-001395,AST-01395,2026-08-24 11:58:14,False,5,14,False,0,29,False,0.17,7.6
EDR-001396,AST-01396,2026-08-17 10:58:14,False,9,5,False,0,19,False,0.38,8.2
EDR-001397,AST-01397,2026-08-26 22:58:14,False,8,4,False,0,1,False,0.42,7.8
EDR-001398,AST-01398,2026-08-20 04:58:14,False,3,17,False,0,49,False,0.72,7.5
EDR-001399,AST-01399,2026-08-30 20:58:14,False,10,2,False,0,16,False,0.78,7.7
EDR-001400,AST-01400,2026-08-23 23:58:14,False,10,5,False,0,11,False,0.62,7.2
EDR-001401,AST-01401,2026-08-30 08:58:14,False,4,20,False,0,35,False,0.44,7.1
EDR-001402,AST-01402,2026-08-25 00:58:14,False,5,12,False,0,37,False,0.71,7.9
EDR-001403,AST-01403,2026-08-11 23:58:14,False,9,3,False,0,48,False,0.55,8.1
EDR-001404,AST-01404,2026-08-22 06:58:14,False,3,3,False,0,14,False,0.33,9.5
EDR-001405,AST-01405,2026-08-23 09:58:14,False,3,17,False,0,3,False,0.19,7.9
EDR-001406,AST-01406,2026-08-25 20:58:14,False,0,11,False,0,30,False,0.56,9.3
EDR-001407,AST-01407,2026-08-20 22:58:14,False,7,1,False,0,49,False,0.61,8.4
EDR-001408,AST-01408,2026-08-07 19:58:14,False,10,5,False,0,21,False,0.6,7.1
EDR-001409,AST-01409,2026-08-22 06:58:14,False,2,16,False,0,14,False,0.53,8.4
EDR-001410,AST-01410,2026-08-26 01:58:14,False,4,3,False,0,26,False,0.64,8.9
EDR-001411,AST-01411,2026-08-29 03:58:14,False,4,1,False,0,43,False,0.23,9.5
EDR-001412,AST-01412,2026-09-04 09:58:14,False,5,6,False,0,30,False,0.51,8.3
EDR-001413,AST-01413,2026-08-13 14:58:14,False,8,19,False,0,33,False,0.26,6.7
EDR-001414,AST-01414,2026-08-27 07:58:14,False,1,18,False,0,4,False,0.75,8.4
EDR-001415,AST-01415,2026-08-24 07:58:14,True,5,10,False,0,21,True,0.8,6.0
EDR-001416,AST-01416,2026-08-29 02:58:14,False,5,13,False,0,15,False,0.22,7.4
EDR-001417,AST-01417,2026-08-25 03:58:14,False,6,18,False,0,12,False,0.47,7.1
EDR-001418,AST-01418,2026-08-27 16:58:14,False,0,7,False,0,12,False,0.71,9.6
EDR-001419,AST-01419,2026-08-06 15:58:14,False,6,11,False,0,49,False,0.63,7.8
EDR-001420,AST-01420,2026-08-16 16:58:14,False,1,12,False,0,42,False,0.16,8.2
EDR-001421,AST-01421,2026-09-04 14:58:14,False,6,11,False,0,15,False,0.54,8.0
EDR-001422,AST-01422,2026-09-03 21:58:14,False,6,0,False,0,8,False,0.52,9.1
EDR-001423,AST-01423,2026-08-31 08:58:14,False,1,1,False,0,32,False,0.41,9.8
EDR-001424,AST-01424,2026-08-26 00:58:14,False,0,3,False,0,17,False,0.29,9.4
EDR-001425,AST-01425,2026-08-31 18:58:14,False,7,2,False,0,27,False,0.37,8.3
EDR-001426,AST-01426,2026-08-08 05:58:14,False,9,17,False,0,7,False,0.26,6.6
EDR-001427,AST-01427,2026-08-06 21:58:14,False,5,10,False,0,7,False,0.19,8.1
EDR-001428,AST-01428,2026-08-26 15:58:14,False,6,5,False,0,50,False,0.37,8.5
EDR-001429,AST-01429,2026-08-25 07:58:14,False,2,18,False,0,38,False,0.6,8.0
EDR-001430,AST-01430,2026-08-24 20:58:14,False,10,8,False,0,12,False,0.53,7.4
EDR-001431,AST-01431,2026-08-31 06:58:14,False,4,0,False,0,5,False,0.21,9.0
EDR-001432,AST-01432,2026-08-24 17:58:14,False,5,7,False,0,28,False,0.25,8.2
EDR-001433,AST-01433,2026-09-04 12:58:14,True,3,2,False,0,11,False,0.96,7.4
EDR-001434,AST-01434,2026-08-27 03:58:14,False,4,8,False,0,25,False,0.3,8.7
EDR-001435,AST-01435,2026-08-28 13:58:14,False,0,14,False,0,39,False,0.48,8.5
EDR-001436,AST-01436,2026-09-01 22:58:14,True,5,19,False,1,27,True,0.82,4.8
EDR-001437,AST-01437,2026-09-04 04:58:14,False,9,10,False,0,42,False,0.63,7.2
EDR-001438,AST-01438,2026-08-16 08:58:14,False,3,9,False,0,19,False,0.45,8.5
EDR-001439,AST-01439,2026-08-30 12:58:14,False,10,11,False,0,19,False,0.79,7.2
EDR-001440,AST-01440,2026-08-07 17:58:14,False,7,18,False,0,5,False,0.37,7.2
EDR-001441,AST-01441,2026-08-24 01:58:14,False,1,10,False,0,27,False,0.27,9.1
EDR-001442,AST-01442,2026-08-07 11:58:14,False,4,18,False,0,6,False,0.39,7.6
EDR-001443,AST-01443,2026-08-25 23:58:14,False,5,11,False,0,11,False,0.38,8.3
EDR-001444,AST-01444,2026-08-21 01:58:14,False,9,17,False,0,38,False,0.53,6.6
EDR-001445,AST-01445,2026-08-21 23:58:14,False,1,4,False,0,25,False,0.15,9.7
EDR-001446,AST-01446,2026-08-28 12:58:14,False,10,7,False,0,46,False,0.41,7.3
EDR-001447,AST-01447,2026-08-29 08:58:14,False,1,0,False,0,46,False,0.21,9.6
EDR-001448,AST-01448,2026-08-25 23:58:14,False,4,10,False,0,2,False,0.19,8.4
EDR-001449,AST-01449,2026-08-25 03:58:14,False,1,6,False,0,22,False,0.36,9.2
EDR-001450,AST-01450,2026-08-10 16:58:14,False,8,12,False,0,46,False,0.73,7.2
EDR-001451,AST-01451,2026-08-21 22:58:14,False,3,6,False,0,45,False,0.52,8.6
EDR-001452,AST-01452,2026-08-11 15:58:14,False,10,7,False,0,5,False,0.24,6.8
EDR-001453,AST-01453,2026-08-06 16:58:14,False,1,4,False,0,3,False,0.68,9.6
EDR-001454,AST-01454,2026-08-21 09:58:14,False,2,8,False,0,43,False,0.75,8.5
EDR-001455,AST-01455,2026-08-14 00:58:14,False,7,1,False,0,40,False,0.33,8.3
EDR-001456,AST-01456,2026-08-19 07:58:14,False,10,6,False,0,0,False,0.33,7.4
EDR-001457,AST-01457,2026-08-27 07:58:14,False,10,5,False,0,33,False,0.11,7.5
EDR-001458,AST-01458,2026-08-09 21:58:14,False,8,17,False,0,6,False,0.64,6.5
EDR-001459,AST-01459,2026-08-17 21:58:14,False,5,8,False,0,7,False,0.64,7.7
EDR-001460,AST-01460,2026-08-26 05:58:14,False,2,16,False,0,2,False,0.45,8.0
EDR-001461,AST-01461,2026-09-03 20:58:14,False,8,3,False,0,32,False,0.47,8.0
EDR-001462,AST-01462,2026-08-31 12:58:14,False,2,17,True,0,20,False,0.76,5.0
EDR-001463,AST-01463,2026-08-08 09:58:14,False,1,10,False,0,40,False,0.37,9.0
EDR-001464,AST-01464,2026-08-12 22:58:14,False,2,12,False,0,15,False,0.15,8.8
EDR-001465,AST-01465,2026-09-03 20:58:14,False,4,2,False,0,14,False,0.66,8.8
EDR-001466,AST-01466,2026-09-02 05:58:14,False,6,8,False,0,10,False,0.55,8.3
EDR-001467,AST-01467,2026-08-31 03:58:14,False,5,18,False,0,31,False,0.46,7.1
EDR-001468,AST-01468,2026-08-29 09:58:14,False,5,17,False,0,0,False,0.56,7.5
EDR-001469,AST-01469,2026-08-24 18:58:14,False,8,20,False,0,44,False,0.31,6.8
EDR-001470,AST-01470,2026-08-22 16:58:14,False,0,2,False,0,13,False,0.68,10
EDR-001471,AST-01471,2026-08-31 06:58:14,False,9,13,False,0,14,False,0.21,6.8
EDR-001472,AST-01472,2026-08-23 06:58:14,False,6,17,False,0,20,False,0.4,7.0
EDR-001473,AST-01473,2026-08-11 13:58:14,False,8,13,False,0,7,False,0.75,6.7
EDR-001474,AST-01474,2026-08-06 04:58:14,False,0,1,False,0,26,False,0.69,9.5
EDR-001475,AST-01475,2026-08-22 21:58:14,False,4,4,False,0,8,False,0.28,8.6
EDR-001476,AST-01476,2026-08-21 16:58:14,False,2,16,False,0,46,False,0.22,7.8
EDR-001477,AST-01477,2026-08-20 10:58:14,False,4,15,False,0,49,False,0.35,7.8
EDR-001478,AST-01478,2026-09-02 08:58:14,False,5,9,False,0,26,False,0.69,7.9
EDR-001479,AST-01479,2026-08-26 19:58:14,False,2,18,False,0,1,False,0.17,7.5
EDR-001480,AST-01480,2026-08-26 19:58:14,False,6,6,False,0,43,False,0.18,8.5
EDR-001481,AST-01481,2026-08-06 17:58:14,False,7,12,False,0,2,False,0.62,7.6
EDR-001482,AST-01482,2026-08-06 07:58:14,False,1,6,False,0,9,False,0.36,9.5
EDR-001483,AST-01483,2026-08-30 13:58:14,False,10,18,False,0,21,False,0.31,5.8
EDR-001484,AST-01484,2026-08-17 06:58:14,False,4,10,False,0,14,False,0.52,7.7
EDR-001485,AST-01485,2026-09-03 04:58:14,False,6,4,False,0,25,False,0.35,8.5
EDR-001486,AST-01486,2026-08-19 00:58:14,False,2,17,False,0,0,False,0.32,7.6
EDR-001487,AST-01487,2026-09-03 19:58:14,False,1,5,False,0,33,False,0.71,9.3
EDR-001488,AST-01488,2026-08-10 12:58:14,False,2,18,False,0,43,False,0.44,8.1
EDR-001489,AST-01489,2026-08-28 13:58:14,False,1,13,False,0,41,False,0.17,8.7
EDR-001490,AST-01490,2026-08-31 01:58:14,False,0,1,False,0,28,False,0.11,9.4
EDR-001491,AST-01491,2026-08-09 17:58:14,False,5,13,False,0,26,False,0.37,7.9
EDR-001492,AST-01492,2026-08-13 21:58:14,False,9,3,False,0,42,False,0.35,7.7
EDR-001493,AST-01493,2026-08-11 18:58:14,False,1,5,False,0,14,False,0.43,9.7
EDR-001494,AST-01494,2026-08-29 01:58:14,False,1,16,False,0,16,False,0.62,8.5
EDR-001495,AST-01495,2026-08-31 19:58:14,False,5,12,False,0,4,False,0.24,7.8
EDR-001496,AST-01496,2026-08-24 07:58:14,False,9,16,False,0,50,False,0.21,6.2
EDR-001497,AST-01497,2026-08-17 20:58:14,False,0,3,False,0,37,False,0.66,9.3
EDR-001498,AST-01498,2026-08-18 14:58:14,False,10,1,False,0,3,False,0.62,7.5
EDR-001499,AST-01499,2026-08-11 03:58:14,False,10,9,False,0,17,False,0.74,7.4
EDR-001500,AST-01500,2026-08-25 22:58:14,False,1,14,False,0,22,False,0.11,8.8
EDR-001501,AST-01501,2026-08-07 03:58:14,False,7,4,False,0,26,False,0.43,8.6
EDR-001502,AST-01502,2026-08-30 00:58:14,False,1,1,False,0,14,False,0.36,10
EDR-001503,AST-01503,2026-08-29 16:58:14,True,5,17,False,2,37,False,0.82,5.0
EDR-001504,AST-01504,2026-08-25 06:58:14,False,10,4,False,0,21,False,0.1,8.0
EDR-001505,AST-01505,2026-08-09 06:58:14,False,8,1,False,0,30,False,0.44,8.0
EDR-001506,AST-01506,2026-08-12 03:58:14,False,8,19,False,0,3,False,0.77,7.0
EDR-001507,AST-01507,2026-08-18 06:58:14,False,7,12,False,0,2,False,0.66,7.0
EDR-001508,AST-01508,2026-08-09 23:58:14,False,1,20,False,0,25,False,0.4,7.9
EDR-001509,AST-01509,2026-08-25 10:58:14,False,9,5,False,0,19,False,0.2,7.4
EDR-001510,AST-01510,2026-08-09 11:58:14,False,3,6,True,0,40,False,0.16,5.5
EDR-001511,AST-01511,2026-08-08 05:58:14,False,10,10,False,0,26,False,0.76,7.2
EDR-001512,AST-01512,2026-09-01 20:58:14,False,2,7,False,0,6,False,0.27,9.1
EDR-001513,AST-01513,2026-08-13 02:58:14,False,3,7,False,0,34,False,0.79,8.7
EDR-001514,AST-01514,2026-08-09 15:58:14,False,0,9,False,0,5,False,0.19,9.4
EDR-001515,AST-01515,2026-08-26 09:58:14,False,3,18,False,0,37,False,0.65,7.3
EDR-001516,AST-01516,2026-08-21 17:58:14,True,5,4,False,1,24,True,0.85,6.3
EDR-001517,AST-01517,2026-08-14 05:58:14,False,2,3,False,0,24,False,0.41,8.8
EDR-001518,AST-01518,2026-08-16 14:58:14,False,4,2,False,0,17,False,0.62,8.6
EDR-001519,AST-01519,2026-08-23 05:58:14,False,4,14,False,0,39,False,0.39,7.4
EDR-001520,AST-01520,2026-08-26 15:58:14,False,4,12,False,0,9,False,0.57,8.4
EDR-001521,AST-01521,2026-08-08 17:58:14,False,10,13,False,0,19,False,0.25,6.4
EDR-001522,AST-01522,2026-08-20 00:58:14,False,0,2,False,0,0,False,0.7,9.8
EDR-001523,AST-01523,2026-08-08 00:58:14,False,1,14,True,0,3,False,0.78,5.7
EDR-001524,AST-01524,2026-08-25 01:58:14,False,4,18,False,0,40,False,0.36,7.0
EDR-001525,AST-01525,2026-08-09 22:58:14,False,0,0,False,0,33,False,0.25,10
EDR-001526,AST-01526,2026-08-08 04:58:14,False,3,5,False,0,48,False,0.54,9.2
EDR-001527,AST-01527,2026-08-24 11:58:14,False,4,14,False,0,1,False,0.53,8.1
EDR-001528,AST-01528,2026-08-21 11:58:14,False,8,17,False,0,32,False,0.73,6.8
EDR-001529,AST-01529,2026-08-31 07:58:14,False,1,6,False,0,31,False,0.17,8.7
EDR-001530,AST-01530,2026-08-13 08:58:14,False,2,12,False,0,15,False,0.34,8.6
EDR-001531,AST-01531,2026-09-01 18:58:14,False,8,11,False,0,5,False,0.18,6.8
EDR-001532,AST-01532,2026-08-19 12:58:14,False,2,19,False,0,40,False,0.29,7.6
EDR-001533,AST-01533,2026-08-13 16:58:14,False,4,13,False,0,19,False,0.12,8.1
EDR-001534,AST-01534,2026-09-01 20:58:14,False,6,15,False,0,16,False,0.44,7.2
EDR-001535,AST-01535,2026-08-06 16:58:14,False,8,2,False,0,38,False,0.4,8.3
EDR-001536,AST-01536,2026-08-24 15:58:14,False,2,19,False,0,1,False,0.61,7.6
EDR-001537,AST-01537,2026-08-26 20:58:14,False,4,12,False,0,21,False,0.53,8.0
EDR-001538,AST-01538,2026-08-24 17:58:14,False,7,4,False,0,8,False,0.29,7.8
EDR-001539,AST-01539,2026-08-12 08:58:14,False,1,14,False,0,30,False,0.5,8.9
EDR-001540,AST-01540,2026-08-06 02:58:14,False,3,8,False,0,20,False,0.64,8.3
EDR-001541,AST-01541,2026-08-29 08:58:14,False,5,7,False,0,34,False,0.14,7.8
EDR-001542,AST-01542,2026-08-15 10:58:14,True,4,5,False,1,37,True,0.7,6.7
EDR-001543,AST-01543,2026-08-19 06:58:14,False,9,3,False,0,8,False,0.16,8.4
EDR-001544,AST-01544,2026-08-25 20:58:14,False,2,2,False,0,28,False,0.79,8.9
EDR-001545,AST-01545,2026-08-26 15:58:14,False,4,1,False,0,2,False,0.18,8.8
EDR-001546,AST-01546,2026-08-07 14:58:14,False,2,16,False,0,29,False,0.44,8.5
EDR-001547,AST-01547,2026-08-26 21:58:14,False,5,5,False,0,5,False,0.76,8.1
EDR-001548,AST-01548,2026-08-29 02:58:14,False,9,20,False,0,31,False,0.66,6.3
EDR-001549,AST-01549,2026-08-21 08:58:14,False,3,20,False,0,50,False,0.11,7.1
EDR-001550,AST-01550,2026-08-06 08:58:14,False,4,1,False,0,25,False,0.8,9.2
EDR-001551,AST-01551,2026-08-18 13:58:14,False,2,12,False,0,26,False,0.73,8.2
EDR-001552,AST-01552,2026-08-26 16:58:14,False,8,14,False,0,43,False,0.38,7.1
EDR-001553,AST-01553,2026-08-19 06:58:14,False,4,2,False,0,39,False,0.24,9.2
EDR-001554,AST-01554,2026-08-16 02:58:14,False,9,16,False,0,31,False,0.67,6.6
EDR-001555,AST-01555,2026-08-29 13:58:14,False,8,4,False,0,20,False,0.46,7.8
EDR-001556,AST-01556,2026-08-08 12:58:14,False,1,3,False,0,29,False,0.26,9.3
EDR-001557,AST-01557,2026-08-06 11:58:14,False,5,0,False,0,16,False,0.36,8.9
EDR-001558,AST-01558,2026-08-22 12:58:14,False,0,14,False,0,21,False,0.78,8.5
EDR-001559,AST-01559,2026-08-31 10:58:14,False,4,16,False,0,21,False,0.68,8.0
EDR-001560,AST-01560,2026-08-19 17:58:14,False,1,8,False,0,13,False,0.43,9.2
EDR-001561,AST-01561,2026-08-27 00:58:14,False,2,14,False,0,40,False,0.55,8.2
EDR-001562,AST-01562,2026-08-27 06:58:14,False,1,10,False,0,19,False,0.16,9.0
EDR-001563,AST-01563,2026-08-08 22:58:14,False,4,11,False,0,18,False,0.55,7.9
EDR-001564,AST-01564,2026-09-02 01:58:14,False,5,19,False,0,50,False,0.2,7.6
EDR-001565,AST-01565,2026-08-13 11:58:14,False,4,17,False,0,43,False,0.58,7.8
EDR-001566,AST-01566,2026-08-23 10:58:14,False,9,14,False,0,31,False,0.12,6.9
EDR-001567,AST-01567,2026-08-20 15:58:14,False,1,14,False,0,26,False,0.31,8.1
EDR-001568,AST-01568,2026-08-14 10:58:14,False,8,19,False,0,33,False,0.67,6.1
EDR-001569,AST-01569,2026-08-23 23:58:14,False,8,7,False,0,5,False,0.8,7.9
EDR-001570,AST-01570,2026-08-28 10:58:14,False,2,14,False,0,48,False,0.46,8.2
EDR-001571,AST-01571,2026-08-18 08:58:14,False,1,0,False,0,39,False,0.55,10
EDR-001572,AST-01572,2026-08-08 14:58:14,False,4,7,False,0,37,False,0.42,8.3
EDR-001573,AST-01573,2026-08-31 06:58:14,False,1,19,False,0,3,False,0.62,7.8
EDR-001574,AST-01574,2026-08-06 09:58:14,False,10,16,False,0,40,False,0.6,6.5
EDR-001575,AST-01575,2026-09-02 00:58:14,False,6,11,False,0,24,False,0.79,7.5
EDR-001576,AST-01576,2026-08-27 11:58:14,False,7,20,False,0,41,False,0.22,6.3
EDR-001577,AST-01577,2026-08-28 05:58:14,False,7,14,False,0,31,False,0.33,6.8
EDR-001578,AST-01578,2026-08-13 14:58:14,False,4,0,False,0,22,False,0.71,9.7
EDR-001579,AST-01579,2026-08-27 08:58:14,True,7,19,False,2,37,False,0.75,4.8
EDR-001580,AST-01580,2026-08-11 17:58:14,False,4,12,False,0,2,False,0.11,8.0
EDR-001581,AST-01581,2026-08-15 11:58:14,True,7,6,False,0,2,True,0.66,6.2
EDR-001582,AST-01582,2026-08-29 11:58:14,False,2,10,False,0,32,False,0.54,9.0
EDR-001583,AST-01583,2026-08-30 23:58:14,False,7,20,False,0,48,False,0.3,6.3
EDR-001584,AST-01584,2026-08-31 13:58:14,False,4,20,False,0,2,False,0.62,7.4
EDR-001585,AST-01585,2026-08-28 12:58:14,False,3,8,False,0,43,False,0.77,8.4
EDR-001586,AST-01586,2026-08-07 13:58:14,False,0,17,False,0,43,False,0.21,7.8
EDR-001587,AST-01587,2026-08-26 01:58:14,False,1,17,False,0,7,False,0.48,8.5
EDR-001588,AST-01588,2026-08-21 18:58:14,False,4,15,False,0,45,False,0.38,7.9
EDR-001589,AST-01589,2026-08-21 07:58:14,False,0,1,False,0,30,False,0.63,9.9
EDR-001590,AST-01590,2026-08-18 03:58:14,False,7,10,False,0,33,False,0.25,7.1
EDR-001591,AST-01591,2026-08-15 14:58:14,False,4,3,False,0,13,False,0.42,9.3
EDR-001592,AST-01592,2026-08-30 13:58:14,False,8,11,False,0,10,False,0.32,7.5
EDR-001593,AST-01593,2026-08-07 17:58:14,False,3,5,False,0,17,False,0.54,8.7
EDR-001594,AST-01594,2026-08-23 20:58:14,False,0,7,False,0,7,False,0.66,9.4
EDR-001595,AST-01595,2026-08-26 07:58:14,False,0,16,False,0,0,False,0.27,8.0
EDR-001596,AST-01596,2026-08-07 17:58:14,False,9,15,False,0,23,False,0.57,6.5
EDR-001597,AST-01597,2026-08-22 23:58:14,False,5,5,False,0,11,False,0.51,9.0
EDR-001598,AST-01598,2026-08-29 12:58:14,False,1,5,False,0,27,False,0.42,9.1
EDR-001599,AST-01599,2026-08-28 22:58:14,False,8,20,False,0,41,False,0.57,6.8
EDR-001600,AST-01600,2026-09-02 23:58:14,False,5,4,False,0,11,False,0.4,8.1
EDR-001601,AST-01601,2026-08-30 15:58:14,False,5,17,False,0,45,False,0.77,7.4
EDR-001602,AST-01602,2026-08-12 02:58:14,False,10,13,False,0,39,False,0.47,6.9
EDR-001603,AST-01603,2026-08-05 21:58:14,True,2,7,False,3,47,False,0.67,6.9
EDR-001604,AST-01604,2026-09-02 20:58:14,False,9,12,False,0,27,False,0.17,6.7
EDR-001605,AST-01605,2026-09-02 17:58:14,False,3,5,False,0,16,False,0.36,8.4
EDR-001606,AST-01606,2026-08-09 01:58:14,False,4,8,False,0,41,False,0.59,7.9
EDR-001607,AST-01607,2026-08-08 03:58:14,False,8,12,False,0,18,False,0.14,7.0
EDR-001608,AST-01608,2026-08-25 16:58:14,False,1,16,False,0,30,False,0.42,8.3
EDR-001609,AST-01609,2026-08-13 03:58:14,False,5,10,False,0,16,False,0.22,7.7
EDR-001610,AST-01610,2026-08-26 09:58:14,False,7,16,False,0,37,False,0.24,6.6
EDR-001611,AST-01611,2026-08-26 16:58:14,False,3,10,False,0,32,False,0.7,8.4
EDR-001612,AST-01612,2026-08-08 03:58:14,False,7,14,False,0,44,False,0.5,6.9
EDR-001613,AST-01613,2026-08-30 09:58:14,True,3,7,False,3,2,False,0.97,7.2
EDR-001614,AST-01614,2026-08-07 07:58:14,False,3,3,False,0,49,False,0.45,9.3
EDR-001615,AST-01615,2026-08-25 11:58:14,False,8,15,False,0,32,False,0.49,6.8
EDR-001616,AST-01616,2026-08-08 02:58:14,False,8,3,False,0,24,False,0.21,7.9
EDR-001617,AST-01617,2026-08-10 09:58:14,False,4,3,False,0,45,False,0.21,8.8
EDR-001618,AST-01618,2026-08-20 03:58:14,False,6,12,False,0,17,False,0.53,7.4
EDR-001619,AST-01619,2026-08-19 00:58:14,False,4,6,False,0,15,False,0.54,8.8
EDR-001620,AST-01620,2026-08-21 05:58:14,False,5,4,False,0,44,False,0.38,8.7
EDR-001621,AST-01621,2026-08-11 01:58:14,False,10,17,False,0,31,False,0.7,5.9
EDR-001622,AST-01622,2026-08-30 03:58:14,True,1,16,False,0,19,True,0.84,6.0
EDR-001623,AST-01623,2026-08-15 14:58:14,False,8,1,False,0,50,False,0.35,8.1
EDR-001624,AST-01624,2026-08-17 01:58:14,True,2,15,False,0,1,True,0.97,6.5
EDR-001625,AST-01625,2026-08-09 20:58:14,False,4,11,False,0,48,False,0.35,8.0
EDR-001626,AST-01626,2026-08-24 20:58:14,False,4,11,False,0,36,False,0.72,8.4
EDR-001627,AST-01627,2026-09-01 15:58:14,False,0,0,False,0,46,False,0.8,10
EDR-001628,AST-01628,2026-08-26 22:58:14,False,9,14,False,0,14,False,0.6,6.8
EDR-001629,AST-01629,2026-09-04 07:58:14,False,0,16,False,0,32,False,0.2,8.7
EDR-001630,AST-01630,2026-09-03 19:58:14,False,8,6,False,0,50,False,0.7,8.3
EDR-001631,AST-01631,2026-08-12 01:58:14,False,2,1,False,0,41,False,0.58,9.8
EDR-001632,AST-01632,2026-08-11 15:58:14,False,2,17,False,0,22,False,0.55,8.2
EDR-001633,AST-01633,2026-08-17 14:58:14,False,8,8,False,0,17,False,0.34,7.9
EDR-001634,AST-01634,2026-08-22 20:58:14,False,4,7,False,0,46,False,0.2,8.5
EDR-001635,AST-01635,2026-08-21 13:58:14,False,8,0,False,0,24,False,0.71,8.4
EDR-001636,AST-01636,2026-08-22 10:58:14,False,9,4,False,0,29,False,0.28,7.3
EDR-001637,AST-01637,2026-08-23 15:58:14,False,7,9,False,0,30,False,0.47,7.7
EDR-001638,AST-01638,2026-08-26 14:58:14,False,1,3,False,0,21,False,0.77,9.5
EDR-001639,AST-01639,2026-08-27 12:58:14,False,9,19,False,0,24,False,0.57,6.3
EDR-001640,AST-01640,2026-08-10 03:58:14,False,1,16,False,0,9,False,0.1,7.8
EDR-001641,AST-01641,2026-08-22 17:58:14,True,6,12,False,2,25,False,0.6,5.6
EDR-001642,AST-01642,2026-08-10 16:58:14,False,0,4,False,0,3,False,0.13,10.0
EDR-001643,AST-01643,2026-08-28 14:58:14,False,0,17,False,0,11,False,0.56,8.1
EDR-001644,AST-01644,2026-08-11 23:58:14,False,6,6,False,0,0,False,0.48,8.1
EDR-001645,AST-01645,2026-08-23 20:58:14,False,8,20,False,0,40,False,0.27,6.8
EDR-001646,AST-01646,2026-08-07 11:58:14,False,7,18,False,0,35,False,0.2,7.2
EDR-001647,AST-01647,2026-08-30 07:58:14,False,10,6,False,0,3,False,0.3,7.6
EDR-001648,AST-01648,2026-08-19 21:58:14,False,0,2,False,0,8,False,0.51,10
EDR-001649,AST-01649,2026-08-24 09:58:14,False,4,3,False,0,7,False,0.44,8.8
EDR-001650,AST-01650,2026-08-26 11:58:14,False,10,16,False,0,18,False,0.26,6.8
EDR-001651,AST-01651,2026-08-09 10:58:14,False,7,17,False,0,0,False,0.59,7.2
EDR-001652,AST-01652,2026-09-02 07:58:14,False,2,11,False,0,9,False,0.7,8.5
EDR-001653,AST-01653,2026-08-17 14:58:14,False,4,11,False,0,25,False,0.15,7.8
EDR-001654,AST-01654,2026-08-26 22:58:14,False,9,1,False,0,15,False,0.79,8.4
EDR-001655,AST-01655,2026-08-29 06:58:14,False,2,17,False,0,46,False,0.56,7.6
EDR-001656,AST-01656,2026-09-01 14:58:14,False,3,19,False,0,2,False,0.52,7.5
EDR-001657,AST-01657,2026-08-19 15:58:14,False,5,9,False,0,26,False,0.41,8.1
EDR-001658,AST-01658,2026-08-27 12:58:14,False,8,12,False,0,0,False,0.29,6.9
EDR-001659,AST-01659,2026-08-09 19:58:14,False,5,12,False,0,34,False,0.76,8.1
EDR-001660,AST-01660,2026-08-31 09:58:14,False,2,1,False,0,40,False,0.57,10.0
EDR-001661,AST-01661,2026-08-15 21:58:14,False,8,3,False,0,13,False,0.63,7.7
EDR-001662,AST-01662,2026-08-17 22:58:14,False,6,4,False,0,15,False,0.21,8.2
EDR-001663,AST-01663,2026-08-30 09:58:14,False,0,9,False,0,13,False,0.57,8.7
EDR-001664,AST-01664,2026-08-13 04:58:14,False,4,4,False,0,43,False,0.74,9.1
EDR-001665,AST-01665,2026-08-26 18:58:14,False,7,14,False,0,47,False,0.42,6.9
EDR-001666,AST-01666,2026-08-27 18:58:14,False,10,7,False,0,34,False,0.27,7.5
EDR-001667,AST-01667,2026-08-13 21:58:14,False,8,18,False,0,16,False,0.11,6.7
EDR-001668,AST-01668,2026-08-28 10:58:14,False,8,15,False,0,42,False,0.3,6.6
EDR-001669,AST-01669,2026-08-06 10:58:14,False,3,13,False,0,27,False,0.44,7.9
EDR-001670,AST-01670,2026-08-26 02:58:14,False,4,9,False,0,2,False,0.11,8.1
EDR-001671,AST-01671,2026-08-29 18:58:14,True,3,5,False,0,11,True,0.83,7.2
EDR-001672,AST-01672,2026-08-20 23:58:14,False,7,7,False,0,5,False,0.79,7.8
EDR-001673,AST-01673,2026-08-11 07:58:14,False,2,1,False,0,31,False,0.72,9.8
EDR-001674,AST-01674,2026-08-09 15:58:14,False,2,17,False,0,49,False,0.32,7.8
EDR-001675,AST-01675,2026-08-18 00:58:14,False,5,17,False,0,42,False,0.21,6.8
EDR-001676,AST-01676,2026-08-09 03:58:14,False,6,3,False,0,20,False,0.11,8.2
EDR-001677,AST-01677,2026-08-22 05:58:14,False,8,16,False,0,45,False,0.23,6.5
EDR-001678,AST-01678,2026-09-03 10:58:14,False,1,3,False,0,5,False,0.5,9.1
EDR-001679,AST-01679,2026-08-11 22:58:14,False,2,14,False,0,46,False,0.46,8.2
EDR-001680,AST-01680,2026-08-29 13:58:14,True,10,16,False,2,37,True,0.7,4.8
EDR-001681,AST-01681,2026-08-28 17:58:14,True,5,16,False,1,45,False,0.88,5.4
EDR-001682,AST-01682,2026-08-13 15:58:14,True,10,4,False,1,18,True,0.74,5.4
EDR-001683,AST-01683,2026-08-29 23:58:14,False,7,7,False,0,0,False,0.33,8.2
EDR-001684,AST-01684,2026-08-13 12:58:14,False,10,13,False,0,6,False,0.18,6.9
EDR-001685,AST-01685,2026-09-02 18:58:14,True,2,11,False,1,28,False,0.76,6.6
EDR-001686,AST-01686,2026-08-22 02:58:14,True,7,17,False,3,22,True,0.77,5.3
EDR-001687,AST-01687,2026-08-21 15:58:14,False,5,8,False,0,34,False,0.3,8.4
EDR-001688,AST-01688,2026-08-28 12:58:14,False,9,18,False,0,28,False,0.62,6.9
EDR-001689,AST-01689,2026-08-25 14:58:14,False,9,11,False,0,41,False,0.24,6.8
EDR-001690,AST-01690,2026-08-24 07:58:14,False,6,16,False,0,46,False,0.35,7.5
EDR-001691,AST-01691,2026-09-03 10:58:14,False,9,15,False,0,33,False,0.38,6.7
EDR-001692,AST-01692,2026-08-12 05:58:14,False,7,8,False,0,31,False,0.37,7.9
EDR-001693,AST-01693,2026-08-16 19:58:14,False,4,0,False,0,20,False,0.34,9.4
EDR-001694,AST-01694,2026-08-23 04:58:14,True,6,19,False,3,25,True,0.79,5.1
EDR-001695,AST-01695,2026-09-04 08:58:14,False,4,7,False,0,0,False,0.19,9.0
EDR-001696,AST-01696,2026-08-26 06:58:14,False,1,19,False,0,28,False,0.5,8.1
EDR-001697,AST-01697,2026-09-03 19:58:14,False,6,18,False,0,14,False,0.51,6.6
EDR-001698,AST-01698,2026-08-22 23:58:14,False,6,20,False,0,40,False,0.47,6.8
EDR-001699,AST-01699,2026-08-31 16:58:14,False,2,10,False,0,11,False,0.24,8.4
EDR-001700,AST-01700,2026-08-08 20:58:14,False,4,15,False,0,31,False,0.2,8.2
EDR-001701,AST-01701,2026-08-08 01:58:14,False,9,8,False,0,34,False,0.15,7.9
EDR-001702,AST-01702,2026-08-14 01:58:14,False,2,6,False,0,49,False,0.41,8.7
EDR-001703,AST-01703,2026-08-25 22:58:14,False,5,19,False,0,41,False,0.12,6.9
EDR-001704,AST-01704,2026-08-28 00:58:14,False,4,4,False,0,45,False,0.2,8.4
EDR-001705,AST-01705,2026-08-09 18:58:14,False,10,13,False,0,3,False,0.44,6.7
EDR-001706,AST-01706,2026-08-25 09:58:14,False,2,18,False,0,34,False,0.41,8.2
EDR-001707,AST-01707,2026-08-20 14:58:14,False,8,17,False,0,42,False,0.71,7.2
EDR-001708,AST-01708,2026-08-10 16:58:14,False,2,13,False,0,21,False,0.5,7.9
EDR-001709,AST-01709,2026-08-14 03:58:14,False,5,13,False,0,4,False,0.44,8.1
EDR-001710,AST-01710,2026-08-31 00:58:14,False,2,7,False,0,23,False,0.34,8.5
EDR-001711,AST-01711,2026-08-29 07:58:14,False,1,17,False,0,48,False,0.13,8.0
EDR-001712,AST-01712,2026-08-28 21:58:14,False,3,2,False,0,19,False,0.74,8.9
EDR-001713,AST-01713,2026-09-03 19:58:14,False,8,8,False,0,17,False,0.35,7.8
EDR-001714,AST-01714,2026-08-30 09:58:14,True,1,16,False,0,35,False,0.85,5.8
EDR-001715,AST-01715,2026-08-19 16:58:14,False,0,15,False,0,8,False,0.3,8.4
EDR-001716,AST-01716,2026-08-27 11:58:14,False,10,14,False,0,9,False,0.67,6.4
EDR-001717,AST-01717,2026-08-26 18:58:14,False,10,1,False,0,24,False,0.16,8.0
EDR-001718,AST-01718,2026-08-10 19:58:14,False,5,1,False,0,39,False,0.37,8.5
EDR-001719,AST-01719,2026-08-18 01:58:14,False,1,3,False,0,28,False,0.24,9.0
EDR-001720,AST-01720,2026-08-14 03:58:14,False,9,14,False,0,26,False,0.11,6.9
EDR-001721,AST-01721,2026-08-27 09:58:14,False,3,11,False,0,25,False,0.62,8.6
EDR-001722,AST-01722,2026-08-14 16:58:14,True,5,15,False,2,12,True,0.94,5.1
EDR-001723,AST-01723,2026-08-24 22:58:14,False,10,0,False,0,22,False,0.5,7.7
EDR-001724,AST-01724,2026-09-03 13:58:14,False,7,15,False,0,18,False,0.15,6.7
EDR-001725,AST-01725,2026-08-05 20:58:14,False,1,4,False,0,24,False,0.16,9.2
EDR-001726,AST-01726,2026-08-31 17:58:14,False,9,2,False,0,15,False,0.51,8.3
EDR-001727,AST-01727,2026-09-03 14:58:14,False,4,11,False,0,38,False,0.52,8.0
EDR-001728,AST-01728,2026-08-09 10:58:14,False,1,12,False,0,31,False,0.16,8.8
EDR-001729,AST-01729,2026-09-03 05:58:14,False,3,3,False,0,49,False,0.13,9.3
EDR-001730,AST-01730,2026-08-21 14:58:14,False,0,5,False,0,40,False,0.62,9.9
EDR-001731,AST-01731,2026-09-01 16:58:14,True,3,1,False,3,38,True,1.0,7.4
EDR-001732,AST-01732,2026-08-12 22:58:14,False,0,11,False,0,47,False,0.33,8.5
EDR-001733,AST-01733,2026-08-15 08:58:14,False,8,16,False,0,23,False,0.4,7.0
EDR-001734,AST-01734,2026-08-10 15:58:14,True,8,12,False,0,5,True,1.0,5.1
EDR-001735,AST-01735,2026-08-14 00:58:14,False,10,6,False,0,3,False,0.29,7.6
EDR-001736,AST-01736,2026-08-16 23:58:14,False,8,10,False,0,11,False,0.13,7.4
EDR-001737,AST-01737,2026-08-28 11:58:14,False,10,10,False,0,0,False,0.31,6.5
EDR-001738,AST-01738,2026-09-03 13:58:14,True,4,6,False,1,8,True,0.69,7.0
EDR-001739,AST-01739,2026-08-15 17:58:14,False,1,15,False,0,4,False,0.77,8.2
EDR-001740,AST-01740,2026-08-12 18:58:14,False,3,11,False,0,26,False,0.78,8.0
EDR-001741,AST-01741,2026-08-16 22:58:14,False,9,12,False,0,41,False,0.59,7.0
EDR-001742,AST-01742,2026-08-17 16:58:14,False,8,9,False,0,40,False,0.59,7.1
EDR-001743,AST-01743,2026-08-10 11:58:14,False,3,20,False,0,14,False,0.13,7.4
EDR-001744,AST-01744,2026-08-08 16:58:14,False,1,6,False,0,24,False,0.32,9.3
EDR-001745,AST-01745,2026-08-11 20:58:14,False,6,6,False,0,8,False,0.58,8.2
EDR-001746,AST-01746,2026-08-28 01:58:14,False,4,0,False,0,14,False,0.66,9.5
EDR-001747,AST-01747,2026-08-15 12:58:14,False,10,13,False,0,35,False,0.36,6.7
EDR-001748,AST-01748,2026-08-21 02:58:14,False,7,7,False,0,12,False,0.38,8.0
EDR-001749,AST-01749,2026-08-16 18:58:14,False,7,2,False,0,5,False,0.7,8.3
EDR-001750,AST-01750,2026-08-11 01:58:14,False,1,6,False,0,29,False,0.71,9.1
EDR-001751,AST-01751,2026-08-06 09:58:14,False,5,10,False,0,37,False,0.27,8.2
EDR-001752,AST-01752,2026-09-02 17:58:14,False,3,10,False,0,48,False,0.73,8.5
EDR-001753,AST-01753,2026-08-15 17:58:14,False,3,2,False,0,12,False,0.47,9.2
EDR-001754,AST-01754,2026-08-19 13:58:14,False,9,12,False,0,23,False,0.17,6.8
EDR-001755,AST-01755,2026-08-25 08:58:14,False,10,9,False,0,40,False,0.27,6.8
EDR-001756,AST-01756,2026-08-19 04:58:14,False,4,10,False,0,23,False,0.25,8.5
EDR-001757,AST-01757,2026-08-29 15:58:14,False,7,17,False,0,17,False,0.62,7.0
EDR-001758,AST-01758,2026-08-17 09:58:14,False,9,16,False,0,0,False,0.23,7.1
EDR-001759,AST-01759,2026-08-17 13:58:14,False,9,16,False,0,40,False,0.56,6.7
EDR-001760,AST-01760,2026-08-12 12:58:14,False,6,18,False,0,11,False,0.55,7.2
EDR-001761,AST-01761,2026-08-23 14:58:14,False,4,8,False,0,13,False,0.78,8.5
EDR-001762,AST-01762,2026-08-30 14:58:14,False,9,19,False,0,9,False,0.58,6.2
EDR-001763,AST-01763,2026-08-31 22:58:14,False,7,6,False,0,21,False,0.3,7.6
EDR-001764,AST-01764,2026-08-23 03:58:14,False,4,4,False,0,32,False,0.72,8.6
EDR-001765,AST-01765,2026-09-04 14:58:14,False,9,4,False,0,19,False,0.65,8.2
EDR-001766,AST-01766,2026-08-10 05:58:14,False,4,2,False,0,5,False,0.34,9.0
EDR-001767,AST-01767,2026-08-22 21:58:14,False,4,16,False,0,27,False,0.61,7.9
EDR-001768,AST-01768,2026-08-28 18:58:14,False,0,4,False,0,43,False,0.56,9.5
EDR-001769,AST-01769,2026-08-08 01:58:14,False,3,11,False,0,6,False,0.23,8.3
EDR-001770,AST-01770,2026-08-30 23:58:14,False,9,8,False,0,46,False,0.16,7.0
EDR-001771,AST-01771,2026-09-01 06:58:14,False,8,14,False,0,11,False,0.7,6.9
EDR-001772,AST-01772,2026-08-08 03:58:14,False,6,18,False,0,21,False,0.6,7.0
EDR-001773,AST-01773,2026-08-18 21:58:14,False,5,10,False,0,42,False,0.29,8.4
EDR-001774,AST-01774,2026-08-17 16:58:14,False,6,14,False,0,16,False,0.2,6.9
EDR-001775,AST-01775,2026-08-18 02:58:14,False,6,19,False,0,34,False,0.13,7.3
EDR-001776,AST-01776,2026-08-09 13:58:14,False,5,14,False,0,16,False,0.27,7.2
EDR-001777,AST-01777,2026-08-24 18:58:14,False,3,4,False,0,23,False,0.17,8.9
EDR-001778,AST-01778,2026-08-25 01:58:14,False,0,18,False,0,23,False,0.15,8.2
EDR-001779,AST-01779,2026-08-27 15:58:14,False,10,5,False,0,9,False,0.16,7.3
EDR-001780,AST-01780,2026-08-23 03:58:14,False,0,18,False,0,16,False,0.66,8.6
EDR-001781,AST-01781,2026-08-16 05:58:14,True,6,18,False,2,1,False,0.69,5.3
EDR-001782,AST-01782,2026-08-11 05:58:14,False,5,7,False,0,34,False,0.14,7.9
EDR-001783,AST-01783,2026-08-10 05:58:14,False,2,12,False,0,15,False,0.48,8.6
EDR-001784,AST-01784,2026-08-12 09:58:14,False,3,15,False,0,15,False,0.37,8.4
EDR-001785,AST-01785,2026-08-26 07:58:14,False,10,18,False,0,28,False,0.61,6.3
EDR-001786,AST-01786,2026-08-12 11:58:14,False,10,11,False,0,42,False,0.17,6.4
EDR-001787,AST-01787,2026-08-29 02:58:14,False,1,2,False,0,34,False,0.69,9.5
EDR-001788,AST-01788,2026-08-31 17:58:14,False,7,16,False,0,23,False,0.8,7.0
EDR-001789,AST-01789,2026-08-13 03:58:14,False,7,12,False,0,49,False,0.56,7.8
EDR-001790,AST-01790,2026-08-07 21:58:14,False,10,11,False,0,29,False,0.36,7.1
EDR-001791,AST-01791,2026-08-27 21:58:14,False,1,17,False,0,21,False,0.27,8.4
EDR-001792,AST-01792,2026-08-15 19:58:14,False,2,18,False,0,47,False,0.47,7.4
EDR-001793,AST-01793,2026-08-29 11:58:14,False,0,12,False,0,33,False,0.37,9.2
EDR-001794,AST-01794,2026-08-14 13:58:14,False,2,1,False,0,48,False,0.5,9.2
EDR-001795,AST-01795,2026-08-31 22:58:14,False,10,3,False,0,5,False,0.6,7.6
EDR-001796,AST-01796,2026-08-18 12:58:14,False,5,6,False,0,19,False,0.65,8.3
EDR-001797,AST-01797,2026-08-24 07:58:14,False,7,16,False,0,13,False,0.44,7.0
EDR-001798,AST-01798,2026-08-17 18:58:14,False,3,19,False,0,46,False,0.3,7.7
EDR-001799,AST-01799,2026-08-07 20:58:14,False,8,4,False,0,41,False,0.26,7.6
EDR-001800,AST-01800,2026-08-07 14:58:14,False,10,20,False,0,47,False,0.17,6.4
EDR-001801,AST-01801,2026-08-12 20:58:14,False,10,6,False,0,5,False,0.77,7.0
EDR-001802,AST-01802,2026-08-12 01:58:14,False,10,10,False,0,6,False,0.22,7.4
EDR-001803,AST-01803,2026-08-31 00:58:14,False,6,1,False,0,30,False,0.55,8.7
EDR-001804,AST-01804,2026-08-25 16:58:14,False,2,20,False,0,12,False,0.56,7.9
EDR-001805,AST-01805,2026-08-18 06:58:14,False,10,3,False,0,43,False,0.75,8.1
EDR-001806,AST-01806,2026-08-06 22:58:14,False,8,8,False,0,16,False,0.24,7.7
EDR-001807,AST-01807,2026-08-20 17:58:14,False,4,4,True,0,11,False,0.76,5.4
EDR-001808,AST-01808,2026-08-24 13:58:14,False,10,0,False,0,7,False,0.14,7.6
EDR-001809,AST-01809,2026-09-04 11:58:14,False,6,2,False,0,42,False,0.62,8.2
EDR-001810,AST-01810,2026-08-26 22:58:14,False,8,2,False,0,30,False,0.72,8.6
EDR-001811,AST-01811,2026-08-07 16:58:14,False,5,8,False,0,0,False,0.42,8.5
EDR-001812,AST-01812,2026-09-03 07:58:14,False,2,13,False,0,18,False,0.41,8.5
EDR-001813,AST-01813,2026-08-30 14:58:14,False,10,20,False,0,42,False,0.72,6.4
EDR-001814,AST-01814,2026-08-07 03:58:14,False,4,4,False,0,27,False,0.34,8.5
EDR-001815,AST-01815,2026-08-14 05:58:14,False,10,3,False,0,5,False,0.58,7.7
EDR-001816,AST-01816,2026-09-03 11:58:14,True,2,10,False,3,8,True,0.61,7.1
EDR-001817,AST-01817,2026-08-16 10:58:14,False,10,17,False,0,32,False,0.44,6.6
EDR-001818,AST-01818,2026-08-24 05:58:14,False,8,15,False,0,23,False,0.22,6.7
EDR-001819,AST-01819,2026-08-15 02:58:14,False,5,15,False,0,24,False,0.67,7.8
EDR-001820,AST-01820,2026-08-23 04:58:14,False,1,18,False,0,47,False,0.47,7.6
EDR-001821,AST-01821,2026-08-08 23:58:14,False,1,8,False,0,3,False,0.53,8.9
EDR-001822,AST-01822,2026-08-28 21:58:14,False,9,19,False,0,2,False,0.7,6.2
EDR-001823,AST-01823,2026-08-06 03:58:14,False,7,11,False,0,16,False,0.23,7.4
EDR-001824,AST-01824,2026-09-04 03:58:14,False,7,8,False,0,50,False,0.7,7.9
EDR-001825,AST-01825,2026-08-06 01:58:14,False,6,2,False,0,8,False,0.61,8.3
EDR-001826,AST-01826,2026-09-01 06:58:14,False,8,9,False,0,49,False,0.27,7.3
EDR-001827,AST-01827,2026-09-02 19:58:14,False,4,11,False,0,33,False,0.19,7.6
EDR-001828,AST-01828,2026-08-22 09:58:14,False,5,4,False,0,26,False,0.74,9.0
EDR-001829,AST-01829,2026-08-28 22:58:14,False,9,3,False,0,42,False,0.71,8.3
EDR-001830,AST-01830,2026-08-16 19:58:14,False,3,10,False,0,24,False,0.68,8.2
EDR-001831,AST-01831,2026-08-28 01:58:14,False,10,4,False,0,31,False,0.76,8.0
EDR-001832,AST-01832,2026-08-24 13:58:14,False,7,20,False,0,16,False,0.13,6.1
EDR-001833,AST-01833,2026-08-27 22:58:14,False,8,3,False,0,9,False,0.52,7.6
EDR-001834,AST-01834,2026-08-15 07:58:14,False,2,18,False,0,19,False,0.35,8.2
EDR-001835,AST-01835,2026-08-30 09:58:14,False,10,16,False,0,5,False,0.76,6.0
EDR-001836,AST-01836,2026-08-10 17:58:14,False,6,15,False,0,5,False,0.74,7.8
EDR-001837,AST-01837,2026-08-07 13:58:14,False,1,20,False,0,27,False,0.61,7.8
EDR-001838,AST-01838,2026-08-17 05:58:14,False,8,6,False,0,34,False,0.29,7.9
EDR-001839,AST-01839,2026-08-27 09:58:14,False,10,4,False,0,16,False,0.37,7.7
EDR-001840,AST-01840,2026-08-22 08:58:14,False,1,9,True,0,48,False,0.13,6.0
EDR-001841,AST-01841,2026-08-19 14:58:14,False,1,6,False,0,48,False,0.73,9.4
EDR-001842,AST-01842,2026-08-25 01:58:14,False,3,18,False,0,4,False,0.76,7.5
EDR-001843,AST-01843,2026-08-11 09:58:14,False,2,11,False,0,31,False,0.24,8.3
EDR-001844,AST-01844,2026-08-22 08:58:14,False,8,16,False,0,33,False,0.65,6.4
EDR-001845,AST-01845,2026-08-15 02:58:14,False,10,6,False,0,3,False,0.31,7.2
EDR-001846,AST-01846,2026-08-13 01:58:14,False,0,7,False,0,22,False,0.59,8.9
EDR-001847,AST-01847,2026-08-21 05:58:14,False,4,9,False,0,40,False,0.41,8.4
EDR-001848,AST-01848,2026-08-18 14:58:14,False,9,19,False,0,22,False,0.31,6.3
EDR-001849,AST-01849,2026-09-03 09:58:14,False,10,20,False,0,42,False,0.2,5.9
EDR-001850,AST-01850,2026-08-19 23:58:14,False,1,8,False,0,49,False,0.13,9.0
EDR-001851,AST-01851,2026-08-13 08:58:14,False,9,19,False,0,30,False,0.21,6.5
EDR-001852,AST-01852,2026-08-16 23:58:14,False,8,18,False,0,42,False,0.48,6.3
EDR-001853,AST-01853,2026-08-31 17:58:14,False,5,14,False,0,9,False,0.42,7.9
EDR-001854,AST-01854,2026-08-16 02:58:14,False,7,12,False,0,43,False,0.7,7.7
EDR-001855,AST-01855,2026-08-12 22:58:14,True,10,2,False,2,50,True,0.76,6.2
EDR-001856,AST-01856,2026-08-27 11:58:14,False,6,18,False,0,25,False,0.6,6.6
EDR-001857,AST-01857,2026-08-15 13:58:14,False,4,7,False,0,11,False,0.74,8.1
EDR-001858,AST-01858,2026-08-06 20:58:14,False,8,9,False,0,7,False,0.46,7.9
EDR-001859,AST-01859,2026-08-06 13:58:14,False,10,7,False,0,4,False,0.52,7.3
EDR-001860,AST-01860,2026-08-31 21:58:14,False,0,7,False,0,1,False,0.6,9.2
EDR-001861,AST-01861,2026-08-24 13:58:14,False,6,11,False,0,7,False,0.48,7.7
EDR-001862,AST-01862,2026-08-07 13:58:14,False,0,13,False,0,43,False,0.76,8.7
EDR-001863,AST-01863,2026-08-26 02:58:14,False,6,0,False,0,28,False,0.57,9.1
EDR-001864,AST-01864,2026-08-14 07:58:14,False,5,10,False,0,21,False,0.33,7.6
EDR-001865,AST-01865,2026-08-08 08:58:14,False,5,4,False,0,7,False,0.22,8.6
EDR-001866,AST-01866,2026-09-01 23:58:14,False,7,5,False,0,50,False,0.44,7.8
EDR-001867,AST-01867,2026-08-27 00:58:14,False,1,9,False,0,23,False,0.16,8.6
EDR-001868,AST-01868,2026-08-08 04:58:14,False,7,16,False,0,17,False,0.45,6.8
EDR-001869,AST-01869,2026-09-01 09:58:14,False,3,8,False,0,3,False,0.78,8.3
EDR-001870,AST-01870,2026-08-14 00:58:14,False,10,16,False,0,20,False,0.35,6.5
EDR-001871,AST-01871,2026-08-24 21:58:14,False,2,15,False,0,18,False,0.79,7.7
EDR-001872,AST-01872,2026-08-28 22:58:14,False,10,6,False,0,1,False,0.25,7.7
EDR-001873,AST-01873,2026-08-14 07:58:14,True,9,12,False,0,41,False,0.61,5.3
EDR-001874,AST-01874,2026-09-04 11:58:14,True,6,4,False,1,35,True,0.66,6.5
EDR-001875,AST-01875,2026-08-07 08:58:14,False,2,20,False,0,35,False,0.27,7.7
EDR-001876,AST-01876,2026-08-18 03:58:14,False,6,19,False,0,7,False,0.78,7.2
EDR-001877,AST-01877,2026-08-14 21:58:14,False,2,16,False,0,33,False,0.18,7.9
EDR-001878,AST-01878,2026-08-09 13:58:14,False,0,12,False,0,14,False,0.65,9.1
EDR-001879,AST-01879,2026-09-01 08:58:14,False,10,2,False,0,30,False,0.53,7.3
EDR-001880,AST-01880,2026-09-03 01:58:14,False,8,19,False,0,33,False,0.17,6.9
EDR-001881,AST-01881,2026-08-25 04:58:14,False,6,20,False,0,0,False,0.6,6.8
EDR-001882,AST-01882,2026-08-26 13:58:14,False,9,1,False,0,22,False,0.25,8.3
EDR-001883,AST-01883,2026-08-18 22:58:14,False,0,14,False,0,44,False,0.1,8.8
EDR-001884,AST-01884,2026-08-05 18:58:14,False,9,0,False,0,8,False,0.59,8.7
EDR-001885,AST-01885,2026-08-08 12:58:14,False,10,16,False,0,29,False,0.13,6.4
EDR-001886,AST-01886,2026-08-27 18:58:14,False,3,0,False,0,34,False,0.69,9.7
EDR-001887,AST-01887,2026-08-20 08:58:14,False,3,11,False,0,38,False,0.78,8.8
EDR-001888,AST-01888,2026-08-23 12:58:14,False,10,8,False,0,50,False,0.42,7.0
EDR-001889,AST-01889,2026-08-22 02:58:14,False,4,0,False,0,8,False,0.15,9.2
EDR-001890,AST-01890,2026-08-17 18:58:14,False,1,20,False,0,21,False,0.68,7.7
EDR-001891,AST-01891,2026-08-29 02:58:14,False,4,2,False,0,12,False,0.36,9.1
EDR-001892,AST-01892,2026-08-16 08:58:14,False,6,0,False,0,37,False,0.53,9.0
EDR-001893,AST-01893,2026-08-26 14:58:14,False,8,18,False,0,47,False,0.63,6.6
EDR-001894,AST-01894,2026-08-24 20:58:14,False,7,15,False,0,18,False,0.47,7.3
EDR-001895,AST-01895,2026-08-15 22:58:14,False,6,10,False,0,44,False,0.5,8.2
EDR-001896,AST-01896,2026-08-08 16:58:14,False,0,9,False,0,5,False,0.11,9.1
EDR-001897,AST-01897,2026-08-09 08:58:14,False,6,19,False,0,23,False,0.39,6.9
EDR-001898,AST-01898,2026-09-02 09:58:14,True,5,20,True,2,4,False,0.97,1.8
EDR-001899,AST-01899,2026-08-28 19:58:14,False,10,16,False,0,14,False,0.7,6.0
EDR-001900,AST-01900,2026-08-21 22:58:14,False,9,15,False,0,43,False,0.21,6.8
EDR-001901,AST-01901,2026-08-07 13:58:14,False,0,15,False,0,36,False,0.23,9.0
EDR-001902,AST-01902,2026-08-19 23:58:14,False,2,16,False,0,41,False,0.7,8.2
EDR-001903,AST-01903,2026-08-25 10:58:14,False,4,7,False,0,29,False,0.43,8.1
EDR-001904,AST-01904,2026-08-11 15:58:14,False,9,19,False,0,35,False,0.47,6.2
EDR-001905,AST-01905,2026-08-15 20:58:14,False,2,8,False,0,31,False,0.19,8.6
EDR-001906,AST-01906,2026-08-11 07:58:14,False,9,0,False,0,25,False,0.71,8.5
EDR-001907,AST-01907,2026-08-11 21:58:14,False,8,10,False,0,0,False,0.14,7.7
EDR-001908,AST-01908,2026-08-25 12:58:14,False,5,0,False,0,33,False,0.56,9.5
EDR-001909,AST-01909,2026-08-28 20:58:14,False,4,3,False,0,45,False,0.32,8.6
EDR-001910,AST-01910,2026-08-21 04:58:14,False,2,7,False,0,36,False,0.31,8.7
EDR-001911,AST-01911,2026-09-01 21:58:14,False,7,15,False,0,22,False,0.67,6.8
EDR-001912,AST-01912,2026-08-17 07:58:14,False,1,12,False,0,45,False,0.26,8.2
EDR-001913,AST-01913,2026-09-01 17:58:14,False,3,20,False,0,37,False,0.75,7.9
EDR-001914,AST-01914,2026-08-12 17:58:14,False,10,0,False,0,35,False,0.17,8.2
EDR-001915,AST-01915,2026-08-29 09:58:14,False,9,12,False,0,24,False,0.72,7.4
EDR-001916,AST-01916,2026-08-28 08:58:14,False,5,14,False,0,47,False,0.55,7.7
EDR-001917,AST-01917,2026-08-16 04:58:14,False,2,10,False,0,21,False,0.57,8.3
EDR-001918,AST-01918,2026-08-27 23:58:14,False,6,16,False,0,41,False,0.33,6.7
EDR-001919,AST-01919,2026-08-06 02:58:14,False,5,17,False,0,42,False,0.59,7.4
EDR-001920,AST-01920,2026-08-05 20:58:14,False,7,4,False,0,24,False,0.32,7.8
EDR-001921,AST-01921,2026-08-14 05:58:14,False,10,10,False,0,41,False,0.74,6.7
EDR-001922,AST-01922,2026-08-14 17:58:14,True,0,6,False,1,44,False,0.66,7.2
EDR-001923,AST-01923,2026-08-11 05:58:14,False,6,9,False,0,26,False,0.41,7.8
EDR-001924,AST-01924,2026-08-07 03:58:14,False,5,8,False,0,21,False,0.59,7.9
EDR-001925,AST-01925,2026-08-28 15:58:14,False,0,9,False,0,9,False,0.63,8.8
EDR-001926,AST-01926,2026-08-25 18:58:14,False,4,10,False,0,46,False,0.42,8.3
EDR-001927,AST-01927,2026-09-03 05:58:14,False,5,5,False,0,38,False,0.31,8.7
EDR-001928,AST-01928,2026-08-26 08:58:14,False,1,11,False,0,18,False,0.59,8.9
EDR-001929,AST-01929,2026-08-21 10:58:14,False,2,6,False,0,31,False,0.46,9.0
EDR-001930,AST-01930,2026-08-13 01:58:14,False,1,5,False,0,28,False,0.41,9.1
EDR-001931,AST-01931,2026-08-23 00:58:14,False,4,6,False,0,3,False,0.69,8.2
EDR-001932,AST-01932,2026-08-17 15:58:14,False,1,13,False,0,2,False,0.72,8.7
EDR-001933,AST-01933,2026-08-12 11:58:14,False,5,9,False,0,12,False,0.56,7.6
EDR-001934,AST-01934,2026-09-01 06:58:14,False,1,15,False,0,39,False,0.73,8.8
EDR-001935,AST-01935,2026-08-16 14:58:14,True,6,12,False,2,42,True,0.83,5.4
EDR-001936,AST-01936,2026-08-10 22:58:14,False,10,14,False,0,18,False,0.57,6.4
EDR-001937,AST-01937,2026-08-26 21:58:14,False,8,19,False,0,32,False,0.22,6.5
EDR-001938,AST-01938,2026-08-07 09:58:14,False,6,18,False,0,39,False,0.74,7.0
EDR-001939,AST-01939,2026-08-11 15:58:14,False,1,18,False,0,38,False,0.61,8.5
EDR-001940,AST-01940,2026-08-19 09:58:14,True,8,17,False,0,17,True,0.64,4.9
EDR-001941,AST-01941,2026-08-10 05:58:14,False,0,17,False,0,24,False,0.77,8.4
EDR-001942,AST-01942,2026-08-18 22:58:14,False,2,8,False,0,16,False,0.17,8.6
EDR-001943,AST-01943,2026-08-28 17:58:14,False,3,14,False,0,38,False,0.64,7.6
EDR-001944,AST-01944,2026-08-14 12:58:14,False,4,1,False,0,48,False,0.27,9.4
EDR-001945,AST-01945,2026-08-08 08:58:14,False,10,14,False,0,30,False,0.15,6.5
EDR-001946,AST-01946,2026-08-12 10:58:14,False,4,4,False,0,50,False,0.24,8.7
EDR-001947,AST-01947,2026-08-30 13:58:14,False,10,11,False,0,5,False,0.64,6.9
EDR-001948,AST-01948,2026-08-27 01:58:14,False,7,11,False,0,37,False,0.3,7.8
EDR-001949,AST-01949,2026-08-14 07:58:14,False,5,5,False,0,33,False,0.71,8.7
EDR-001950,AST-01950,2026-08-17 18:58:14,False,3,3,False,0,1,False,0.2,9.4
EDR-001951,AST-01951,2026-08-11 16:58:14,False,0,7,False,0,23,False,0.71,9.5
EDR-001952,AST-01952,2026-08-20 12:58:14,False,1,0,False,0,7,False,0.54,9.9
EDR-001953,AST-01953,2026-08-17 00:58:14,False,7,20,False,0,19,False,0.13,6.6
EDR-001954,AST-01954,2026-08-16 19:58:14,False,6,12,False,0,6,False,0.55,7.5
EDR-001955,AST-01955,2026-08-14 00:58:14,False,10,13,False,0,2,False,0.51,6.9
EDR-001956,AST-01956,2026-08-29 14:58:14,False,9,4,False,0,24,False,0.2,7.7
EDR-001957,AST-01957,2026-08-21 00:58:14,False,2,7,False,0,17,False,0.71,8.8
EDR-001958,AST-01958,2026-08-13 10:58:14,False,2,11,False,0,13,False,0.25,8.5
EDR-001959,AST-01959,2026-08-21 04:58:14,False,7,7,False,0,34,False,0.31,8.1
EDR-001960,AST-01960,2026-08-20 09:58:14,False,9,1,False,0,29,False,0.14,7.9
EDR-001961,AST-01961,2026-08-21 21:58:14,False,10,2,False,0,26,False,0.29,7.3
EDR-001962,AST-01962,2026-08-19 22:58:14,False,0,16,False,0,12,False,0.79,8.9
EDR-001963,AST-01963,2026-08-21 19:58:14,False,6,1,False,0,14,False,0.24,8.4
EDR-001964,AST-01964,2026-08-16 19:58:14,False,7,14,False,0,9,False,0.53,7.1
EDR-001965,AST-01965,2026-08-20 17:58:14,False,9,17,False,0,40,False,0.21,6.7
EDR-001966,AST-01966,2026-08-21 06:58:14,False,8,12,False,0,0,False,0.76,7.5
EDR-001967,AST-01967,2026-08-30 10:58:14,False,7,11,False,0,46,False,0.44,7.5
EDR-001968,AST-01968,2026-08-20 04:58:14,False,4,6,False,0,6,False,0.3,8.5
EDR-001969,AST-01969,2026-08-20 00:58:14,True,2,4,False,1,31,False,0.87,7.6
EDR-001970,AST-01970,2026-08-06 10:58:14,False,2,9,False,0,48,False,0.45,9.1
EDR-001971,AST-01971,2026-08-12 04:58:14,False,10,16,False,0,12,False,0.39,6.4
EDR-001972,AST-01972,2026-08-10 22:58:14,False,3,17,False,0,14,False,0.24,8.1
EDR-001973,AST-01973,2026-08-23 16:58:14,False,2,5,False,0,12,False,0.28,9.5
EDR-001974,AST-01974,2026-08-20 07:58:14,False,6,15,False,0,30,False,0.37,7.4
EDR-001975,AST-01975,2026-09-04 04:58:14,False,0,3,False,0,7,False,0.64,9.3
EDR-001976,AST-01976,2026-09-02 17:58:14,False,5,3,False,0,26,False,0.32,8.4
EDR-001977,AST-01977,2026-08-22 06:58:14,False,3,18,True,0,4,False,0.15,4.8
EDR-001978,AST-01978,2026-09-04 12:58:14,False,2,12,False,0,32,False,0.73,8.0
EDR-001979,AST-01979,2026-08-29 08:58:14,False,1,15,False,0,15,False,0.78,8.1
EDR-001980,AST-01980,2026-08-09 09:58:14,True,8,1,False,3,36,True,0.94,6.1
EDR-001981,AST-01981,2026-09-03 19:58:14,False,10,20,False,0,5,False,0.35,5.6
EDR-001982,AST-01982,2026-09-03 00:58:14,False,2,7,False,0,35,False,0.63,8.4
EDR-001983,AST-01983,2026-08-10 04:58:14,False,0,3,False,0,17,False,0.31,9.8
EDR-001984,AST-01984,2026-08-16 05:58:14,False,5,10,False,0,40,False,0.25,8.1
EDR-001985,AST-01985,2026-08-09 10:58:14,False,8,2,False,0,33,False,0.59,8.2
EDR-001986,AST-01986,2026-08-10 07:58:14,False,8,12,False,0,47,False,0.73,7.2
EDR-001987,AST-01987,2026-08-10 21:58:14,False,8,18,False,0,28,False,0.36,6.6
EDR-001988,AST-01988,2026-08-15 09:58:14,False,8,17,False,0,18,False,0.12,6.6
EDR-001989,AST-01989,2026-08-29 00:58:14,False,10,0,False,0,1,False,0.62,7.8
EDR-001990,AST-01990,2026-08-21 07:58:14,False,0,11,False,0,0,False,0.75,8.7
EDR-001991,AST-01991,2026-08-27 09:58:14,False,8,7,True,0,36,False,0.61,5.0
EDR-001992,AST-01992,2026-08-29 11:58:14,False,5,17,False,0,28,False,0.76,7.5
EDR-001993,AST-01993,2026-08-18 03:58:14,False,5,9,False,0,6,False,0.69,8.2
EDR-001994,AST-01994,2026-09-02 19:58:14,False,5,6,False,0,25,False,0.47,8.5
EDR-001995,AST-01995,2026-08-14 10:58:14,False,9,10,False,0,20,False,0.49,7.1
EDR-001996,AST-01996,2026-08-24 15:58:14,False,6,6,False,0,40,False,0.26,7.7
EDR-001997,AST-01997,2026-08-16 16:58:14,False,1,13,False,0,36,False,0.54,8.4
EDR-001998,AST-01998,2026-09-04 06:58:14,False,6,7,True,0,18,False,0.39,5.2
EDR-001999,AST-01999,2026-08-09 11:58:14,False,6,7,False,0,34,False,0.53,7.8
EDR-002000,AST-02000,2026-08-08 23:58:14,False,1,12,True,0,0,False,0.76,5.6
EDR-002001,AST-02001,2026-08-19 08:58:14,False,2,3,False,0,14,False,0.15,8.9
EDR-002002,AST-02002,2026-08-31 04:58:14,False,5,15,False,0,4,False,0.61,7.2
EDR-002003,AST-02003,2026-08-16 16:58:14,False,5,14,False,0,23,False,0.74,7.7
EDR-002004,AST-02004,2026-08-11 15:58:14,False,9,20,False,0,6,False,0.37,5.9
EDR-002005,AST-02005,2026-09-01 11:58:14,False,2,15,False,0,44,False,0.53,8.0
EDR-002006,AST-02006,2026-09-03 12:58:14,False,7,12,False,0,35,False,0.78,7.7
EDR-002007,AST-02007,2026-08-16 18:58:14,False,7,20,False,0,7,False,0.4,6.1
EDR-002008,AST-02008,2026-08-30 04:58:14,True,0,12,False,0,31,True,0.89,7.0
EDR-002009,AST-02009,2026-08-14 15:58:14,False,1,20,False,0,2,False,0.37,7.7
EDR-002010,AST-02010,2026-08-25 02:58:14,False,0,1,False,0,47,False,0.69,10
EDR-002011,AST-02011,2026-08-25 07:58:14,False,3,7,False,0,7,False,0.58,8.3
EDR-002012,AST-02012,2026-08-19 23:58:14,False,5,16,False,0,27,False,0.18,7.1
EDR-002013,AST-02013,2026-08-13 11:58:14,False,9,14,False,0,9,False,0.78,6.8
EDR-002014,AST-02014,2026-09-04 01:58:14,False,10,12,False,0,6,False,0.37,6.8
EDR-002015,AST-02015,2026-08-14 06:58:14,False,8,12,False,0,46,False,0.41,7.7
EDR-002016,AST-02016,2026-08-09 19:58:14,False,7,12,False,0,21,False,0.12,7.9
EDR-002017,AST-02017,2026-08-09 14:58:14,False,10,3,False,0,3,False,0.72,7.9
EDR-002018,AST-02018,2026-08-26 07:58:14,False,7,13,False,0,12,False,0.63,6.9
EDR-002019,AST-02019,2026-09-04 14:58:14,False,0,1,False,0,17,False,0.57,9.9
EDR-002020,AST-02020,2026-08-25 13:58:14,False,3,15,False,0,22,False,0.51,8.2
EDR-002021,AST-02021,2026-08-22 16:58:14,False,7,19,False,0,30,False,0.13,6.5
EDR-002022,AST-02022,2026-08-20 23:58:14,False,10,12,False,0,4,False,0.34,7.0
EDR-002023,AST-02023,2026-08-16 11:58:14,False,4,8,False,0,24,False,0.66,8.4
EDR-002024,AST-02024,2026-08-27 07:58:14,False,2,5,False,0,23,False,0.57,8.7
EDR-002025,AST-02025,2026-08-14 13:58:14,False,0,6,False,0,14,False,0.4,9.9
EDR-002026,AST-02026,2026-08-10 22:58:14,False,1,20,False,0,33,False,0.36,7.4
EDR-002027,AST-02027,2026-08-27 11:58:14,False,1,13,False,0,33,False,0.29,8.2
EDR-002028,AST-02028,2026-08-23 16:58:14,False,9,2,False,0,20,False,0.77,8.0
EDR-002029,AST-02029,2026-08-26 14:58:14,False,5,13,False,0,34,False,0.71,7.5
EDR-002030,AST-02030,2026-08-18 08:58:14,False,0,20,False,0,12,False,0.15,8.0
EDR-002031,AST-02031,2026-08-30 02:58:14,False,8,12,False,0,21,False,0.58,7.6
EDR-002032,AST-02032,2026-09-02 09:58:14,False,7,6,False,0,39,False,0.14,8.2
EDR-002033,AST-02033,2026-08-09 12:58:14,False,0,10,True,0,6,False,0.24,6.4
EDR-002034,AST-02034,2026-08-18 00:58:14,False,7,18,False,0,44,False,0.43,6.8
EDR-002035,AST-02035,2026-08-30 01:58:14,False,8,0,False,0,47,False,0.38,8.9
EDR-002036,AST-02036,2026-09-01 11:58:14,False,2,19,True,0,23,False,0.8,4.4
EDR-002037,AST-02037,2026-08-29 20:58:14,False,3,20,False,0,20,False,0.19,7.0
EDR-002038,AST-02038,2026-08-23 18:58:14,False,9,5,False,0,35,False,0.73,7.5
EDR-002039,AST-02039,2026-09-02 21:58:14,False,4,2,False,0,21,False,0.78,9.3
EDR-002040,AST-02040,2026-08-29 19:58:14,False,4,8,False,0,21,False,0.36,8.5
EDR-002041,AST-02041,2026-08-31 23:58:14,False,6,6,False,0,12,False,0.38,8.6
EDR-002042,AST-02042,2026-08-25 11:58:14,False,1,19,False,0,43,False,0.31,8.4
EDR-002043,AST-02043,2026-08-23 14:58:14,False,1,4,False,0,12,False,0.38,9.8
EDR-002044,AST-02044,2026-09-01 15:58:14,False,4,6,False,0,2,False,0.68,8.4
EDR-002045,AST-02045,2026-08-19 08:58:14,False,10,16,False,0,49,False,0.65,6.1
EDR-002046,AST-02046,2026-08-27 08:58:14,False,1,16,False,0,21,False,0.76,7.9
EDR-002047,AST-02047,2026-08-26 16:58:14,False,6,14,False,0,26,False,0.55,7.2
EDR-002048,AST-02048,2026-08-06 00:58:14,False,9,4,False,0,34,False,0.25,7.4
EDR-002049,AST-02049,2026-08-21 03:58:14,False,8,9,False,0,47,False,0.67,7.9
EDR-002050,AST-02050,2026-09-02 18:58:14,False,9,0,False,0,24,False,0.35,8.6
EDR-002051,AST-02051,2026-08-13 15:58:14,False,10,17,False,0,3,False,0.65,6.7
EDR-002052,AST-02052,2026-08-11 05:58:14,True,0,13,False,3,22,True,0.65,6.5
EDR-002053,AST-02053,2026-08-23 20:58:14,False,4,17,False,0,30,False,0.67,7.3
EDR-002054,AST-02054,2026-08-08 07:58:14,True,9,16,False,3,8,False,0.6,4.3
EDR-002055,AST-02055,2026-09-01 14:58:14,False,7,19,False,0,44,False,0.79,6.4
EDR-002056,AST-02056,2026-08-14 19:58:14,False,8,16,False,0,41,False,0.2,7.0
EDR-002057,AST-02057,2026-08-21 06:58:14,False,10,17,False,0,32,False,0.35,6.6
EDR-002058,AST-02058,2026-08-07 13:58:14,True,5,20,False,1,27,True,0.93,5.3
EDR-002059,AST-02059,2026-08-24 10:58:14,False,8,12,False,0,6,False,0.33,7.1
EDR-002060,AST-02060,2026-08-12 09:58:14,False,2,0,False,0,6,False,0.12,9.7
EDR-002061,AST-02061,2026-08-24 18:58:14,False,4,17,False,0,21,False,0.58,7.1
EDR-002062,AST-02062,2026-08-13 04:58:14,False,4,17,False,0,49,False,0.18,8.0
EDR-002063,AST-02063,2026-08-30 19:58:14,False,6,0,False,0,46,False,0.26,8.6
EDR-002064,AST-02064,2026-08-31 12:58:14,False,8,7,False,0,21,False,0.52,7.8
EDR-002065,AST-02065,2026-08-23 13:58:14,False,10,20,False,0,43,False,0.17,5.9
EDR-002066,AST-02066,2026-09-04 06:58:14,False,4,18,False,0,49,False,0.15,7.2
EDR-002067,AST-02067,2026-08-15 00:58:14,False,3,9,False,0,47,False,0.7,8.7
EDR-002068,AST-02068,2026-08-26 18:58:14,False,2,5,False,0,14,False,0.3,9.6
EDR-002069,AST-02069,2026-09-01 02:58:14,False,4,19,False,0,35,False,0.67,7.5
EDR-002070,AST-02070,2026-08-15 14:58:14,False,3,5,False,0,36,False,0.66,8.6
EDR-002071,AST-02071,2026-08-21 06:58:14,False,5,5,False,0,46,False,0.78,8.5
EDR-002072,AST-02072,2026-08-10 13:58:14,False,1,6,False,0,47,False,0.53,9.2
EDR-002073,AST-02073,2026-08-29 18:58:14,False,0,0,False,0,22,False,0.64,9.6
EDR-002074,AST-02074,2026-08-19 15:58:14,False,0,12,False,0,44,False,0.39,8.7
EDR-002075,AST-02075,2026-08-11 22:58:14,False,8,5,False,0,42,False,0.6,8.2
EDR-002076,AST-02076,2026-08-28 12:58:14,True,5,13,False,3,40,True,0.85,5.9
EDR-002077,AST-02077,2026-08-24 22:58:14,False,7,9,False,0,9,False,0.7,7.8
EDR-002078,AST-02078,2026-08-06 18:58:14,False,8,12,True,0,48,False,0.3,3.8
EDR-002079,AST-02079,2026-09-03 08:58:14,False,10,12,False,0,6,False,0.47,7.1
EDR-002080,AST-02080,2026-08-29 01:58:14,False,2,6,False,0,19,False,0.58,8.7
EDR-002081,AST-02081,2026-08-17 14:58:14,False,2,13,False,0,0,False,0.62,8.0
EDR-002082,AST-02082,2026-08-15 06:58:14,False,10,15,False,0,8,False,0.25,6.1
EDR-002083,AST-02083,2026-08-15 11:58:14,False,8,4,False,0,35,False,0.75,7.7
EDR-002084,AST-02084,2026-08-21 13:58:14,True,10,19,False,0,18,True,0.81,3.9
EDR-002085,AST-02085,2026-08-21 08:58:14,False,4,2,False,0,42,False,0.12,9.5
EDR-002086,AST-02086,2026-08-29 13:58:14,False,2,18,False,0,18,False,0.23,8.0
EDR-002087,AST-02087,2026-08-07 03:58:14,False,5,20,False,0,36,False,0.16,7.5
EDR-002088,AST-02088,2026-08-09 16:58:14,False,6,2,False,0,24,False,0.42,8.9
EDR-002089,AST-02089,2026-08-21 02:58:14,False,7,1,False,0,24,False,0.2,8.7
EDR-002090,AST-02090,2026-08-08 02:58:14,False,10,3,False,0,3,False,0.35,8.1
EDR-002091,AST-02091,2026-08-29 14:58:14,False,6,9,False,0,16,False,0.58,7.5
EDR-002092,AST-02092,2026-08-16 00:58:14,False,2,13,False,0,38,False,0.8,8.2
EDR-002093,AST-02093,2026-08-12 21:58:14,False,5,10,False,0,34,False,0.52,7.6
EDR-002094,AST-02094,2026-09-03 10:58:14,False,4,8,False,0,15,False,0.15,8.3
EDR-002095,AST-02095,2026-08-16 08:58:14,False,3,15,False,0,45,False,0.62,7.9
EDR-002096,AST-02096,2026-08-11 10:58:14,False,6,10,False,0,21,False,0.42,7.6
EDR-002097,AST-02097,2026-08-31 08:58:14,False,9,17,False,0,37,False,0.43,6.5
EDR-002098,AST-02098,2026-08-18 12:58:14,False,5,11,True,0,47,False,0.67,4.9
EDR-002099,AST-02099,2026-08-08 10:58:14,False,10,5,False,0,38,False,0.15,7.5
EDR-002100,AST-02100,2026-08-15 04:58:14,False,4,3,False,0,29,False,0.12,8.9
EDR-002101,AST-02101,2026-08-30 23:58:14,False,3,0,False,0,22,False,0.16,9.5
EDR-002102,AST-02102,2026-08-15 18:58:14,False,0,12,False,0,23,False,0.24,8.6
EDR-002103,AST-02103,2026-08-26 18:58:14,False,0,12,False,0,31,False,0.79,9.0
EDR-002104,AST-02104,2026-08-06 07:58:14,False,10,19,False,0,44,False,0.44,6.1
EDR-002105,AST-02105,2026-08-31 00:58:14,False,1,9,False,0,21,False,0.38,9.0
EDR-002106,AST-02106,2026-08-10 03:58:14,True,3,11,False,2,8,False,0.91,6.1
EDR-002107,AST-02107,2026-08-09 02:58:14,False,9,18,False,0,12,False,0.76,6.4
EDR-002108,AST-02108,2026-08-22 20:58:14,False,1,12,False,0,12,False,0.78,8.9
EDR-002109,AST-02109,2026-08-15 08:58:14,False,5,3,False,0,21,False,0.45,8.8
EDR-002110,AST-02110,2026-09-04 12:58:14,False,0,4,False,0,30,False,0.68,9.3
EDR-002111,AST-02111,2026-08-06 23:58:14,False,2,15,False,0,38,False,0.49,8.0
EDR-002112,AST-02112,2026-08-30 18:58:14,True,1,11,True,0,39,False,0.76,3.8
EDR-002113,AST-02113,2026-08-30 20:58:14,False,8,20,False,0,22,False,0.76,6.2
EDR-002114,AST-02114,2026-08-08 05:58:14,True,9,5,False,2,22,False,0.61,5.5
EDR-002115,AST-02115,2026-08-27 05:58:14,False,2,0,False,0,33,False,0.57,9.9
EDR-002116,AST-02116,2026-08-18 22:58:14,False,10,15,False,0,32,False,0.66,6.9
EDR-002117,AST-02117,2026-08-17 09:58:14,False,2,14,False,0,6,False,0.53,8.3
EDR-002118,AST-02118,2026-08-28 18:58:14,False,4,7,False,0,1,False,0.55,8.6
EDR-002119,AST-02119,2026-08-11 21:58:14,False,2,17,False,0,42,False,0.77,8.1
EDR-002120,AST-02120,2026-08-29 10:58:14,False,8,20,False,0,15,False,0.24,6.5
EDR-002121,AST-02121,2026-08-19 06:58:14,False,4,11,False,0,45,False,0.53,8.1
EDR-002122,AST-02122,2026-08-23 12:58:14,True,0,0,False,1,16,True,0.61,8.1
EDR-002123,AST-02123,2026-08-24 01:58:14,False,5,9,False,0,39,False,0.64,7.8
EDR-002124,AST-02124,2026-08-27 15:58:14,False,4,18,False,0,48,False,0.7,7.1
EDR-002125,AST-02125,2026-08-20 12:58:14,False,1,16,False,0,26,False,0.28,8.4
EDR-002126,AST-02126,2026-08-17 12:58:14,False,5,2,False,0,45,False,0.73,9.1
EDR-002127,AST-02127,2026-08-31 13:58:14,False,1,8,False,0,10,False,0.35,8.6
EDR-002128,AST-02128,2026-08-18 09:58:14,False,7,1,False,0,16,False,0.57,8.4
EDR-002129,AST-02129,2026-08-09 06:58:14,False,4,13,False,0,28,False,0.38,7.8
EDR-002130,AST-02130,2026-08-08 02:58:14,False,10,4,False,0,33,False,0.39,7.9
EDR-002131,AST-02131,2026-09-01 20:58:14,False,6,9,False,0,19,False,0.75,7.9
EDR-002132,AST-02132,2026-08-15 22:58:14,False,4,2,False,0,0,False,0.65,9.2
EDR-002133,AST-02133,2026-08-07 12:58:14,True,2,6,False,1,8,True,0.79,6.9
EDR-002134,AST-02134,2026-08-23 05:58:14,False,9,1,False,0,36,False,0.68,7.9
EDR-002135,AST-02135,2026-08-29 17:58:14,False,2,7,False,0,23,False,0.37,9.2
EDR-002136,AST-02136,2026-08-21 13:58:14,False,5,1,False,0,6,False,0.14,8.8
EDR-002137,AST-02137,2026-08-19 20:58:14,False,4,1,False,0,2,False,0.72,9.4
EDR-002138,AST-02138,2026-09-04 06:58:14,False,2,5,False,0,5,False,0.47,9.1
EDR-002139,AST-02139,2026-08-24 22:58:14,False,10,1,False,0,25,False,0.41,8.0
EDR-002140,AST-02140,2026-08-30 01:58:14,False,8,2,False,0,50,False,0.47,7.8
EDR-002141,AST-02141,2026-08-17 14:58:14,False,2,12,False,0,9,False,0.23,8.3
EDR-002142,AST-02142,2026-08-17 01:58:14,False,6,5,False,0,4,False,0.16,8.7
EDR-002143,AST-02143,2026-08-19 07:58:14,False,10,18,False,0,4,False,0.15,5.9
EDR-002144,AST-02144,2026-08-23 14:58:14,True,7,3,False,3,22,True,0.69,5.9
EDR-002145,AST-02145,2026-08-28 15:58:14,False,7,14,False,0,35,False,0.65,7.6
EDR-002146,AST-02146,2026-09-01 21:58:14,False,4,17,False,0,25,False,0.78,7.7
EDR-002147,AST-02147,2026-08-07 23:58:14,False,1,10,False,0,32,False,0.55,9.3
EDR-002148,AST-02148,2026-08-29 06:58:14,False,0,17,False,0,27,False,0.31,8.5
EDR-002149,AST-02149,2026-08-13 05:58:14,False,7,2,False,0,37,False,0.49,8.1
EDR-002150,AST-02150,2026-09-02 09:58:14,False,7,18,False,0,27,False,0.57,6.7
EDR-002151,AST-02151,2026-08-24 02:58:14,False,8,6,False,0,26,False,0.44,8.2
EDR-002152,AST-02152,2026-08-25 10:58:14,False,3,4,False,0,30,False,0.49,9.1
EDR-002153,AST-02153,2026-08-08 02:58:14,False,5,20,False,0,37,False,0.52,6.9
EDR-002154,AST-02154,2026-08-11 07:58:14,False,5,9,False,0,8,False,0.34,8.2
EDR-002155,AST-02155,2026-08-13 22:58:14,False,0,7,False,0,8,False,0.65,9.2
EDR-002156,AST-02156,2026-08-23 05:58:14,False,10,13,False,0,14,False,0.35,6.8
EDR-002157,AST-02157,2026-08-21 12:58:14,False,0,10,False,0,16,False,0.48,8.6
EDR-002158,AST-02158,2026-08-28 03:58:14,False,7,12,False,0,26,False,0.4,7.4
EDR-002159,AST-02159,2026-09-03 19:58:14,False,6,17,False,0,28,False,0.25,6.7
EDR-002160,AST-02160,2026-08-08 10:58:14,False,3,13,False,0,4,False,0.37,7.9
EDR-002161,AST-02161,2026-08-16 11:58:14,False,4,4,False,0,21,False,0.37,8.9
EDR-002162,AST-02162,2026-08-15 21:58:14,False,2,3,False,0,23,False,0.24,8.8
EDR-002163,AST-02163,2026-08-18 03:58:14,False,10,11,False,0,41,False,0.48,6.5
EDR-002164,AST-02164,2026-08-29 03:58:14,False,1,13,False,0,46,False,0.6,8.6
EDR-002165,AST-02165,2026-08-20 14:58:14,False,4,3,False,0,37,False,0.46,8.8
EDR-002166,AST-02166,2026-09-02 20:58:14,False,8,19,False,0,3,False,0.67,6.7
EDR-002167,AST-02167,2026-08-07 19:58:14,False,3,18,False,0,14,False,0.5,7.5
EDR-002168,AST-02168,2026-08-14 21:58:14,False,10,20,False,0,32,False,0.48,5.8
EDR-002169,AST-02169,2026-08-11 08:58:14,True,10,12,False,1,20,True,0.82,4.8
EDR-002170,AST-02170,2026-08-20 01:58:14,False,2,4,False,0,33,False,0.28,9.0
EDR-002171,AST-02171,2026-08-07 07:58:14,True,3,0,False,3,42,True,0.76,7.4
EDR-002172,AST-02172,2026-08-09 11:58:14,False,5,0,False,0,33,False,0.58,9.5
EDR-002173,AST-02173,2026-08-12 01:58:14,False,8,14,False,0,1,False,0.26,7.0
EDR-002174,AST-02174,2026-08-19 11:58:14,False,10,4,False,0,43,False,0.35,8.0
EDR-002175,AST-02175,2026-08-18 17:58:14,False,10,1,False,0,28,False,0.61,8.2
EDR-002176,AST-02176,2026-08-16 02:58:14,False,1,12,False,0,43,False,0.14,8.4
EDR-002177,AST-02177,2026-08-16 09:58:14,False,1,2,False,0,23,False,0.22,9.7
EDR-002178,AST-02178,2026-08-07 20:58:14,False,3,9,True,0,19,False,0.51,5.4
EDR-002179,AST-02179,2026-08-09 06:58:14,False,8,12,False,0,13,False,0.63,7.5
EDR-002180,AST-02180,2026-08-11 21:58:14,False,9,9,False,0,30,False,0.37,7.0
EDR-002181,AST-02181,2026-08-30 04:58:14,True,0,1,False,3,15,False,0.6,7.8
EDR-002182,AST-02182,2026-08-17 04:58:14,False,9,9,False,0,50,False,0.48,7.8
EDR-002183,AST-02183,2026-08-27 04:58:14,False,9,8,False,0,24,False,0.51,7.1
EDR-002184,AST-02184,2026-08-14 02:58:14,False,1,8,False,0,27,False,0.23,9.0
EDR-002185,AST-02185,2026-08-07 20:58:14,False,9,17,False,0,24,False,0.69,6.9
EDR-002186,AST-02186,2026-08-13 02:58:14,False,8,17,False,0,11,False,0.16,6.3
EDR-002187,AST-02187,2026-08-11 10:58:14,False,10,15,False,0,30,False,0.25,6.3
EDR-002188,AST-02188,2026-08-22 03:58:14,False,6,0,False,0,50,False,0.66,8.8
EDR-002189,AST-02189,2026-08-20 19:58:14,True,2,19,False,3,20,True,0.74,5.7
EDR-002190,AST-02190,2026-08-28 07:58:14,False,3,2,False,0,16,False,0.54,9.1
EDR-002191,AST-02191,2026-09-01 03:58:14,False,10,2,False,0,0,False,0.66,8.0
EDR-002192,AST-02192,2026-08-29 20:58:14,False,6,11,False,0,35,False,0.74,8.1
EDR-002193,AST-02193,2026-08-25 17:58:14,False,4,5,False,0,44,False,0.72,9.0
EDR-002194,AST-02194,2026-08-31 10:58:14,False,1,8,False,0,49,False,0.65,9.4
EDR-002195,AST-02195,2026-08-17 05:58:14,False,10,8,False,0,0,False,0.29,7.7
EDR-002196,AST-02196,2026-08-15 23:58:14,False,8,7,False,0,6,False,0.18,8.2
EDR-002197,AST-02197,2026-08-29 05:58:14,False,1,1,False,0,27,False,0.37,9.5
EDR-002198,AST-02198,2026-08-29 20:58:14,False,1,20,False,0,39,False,0.58,7.4
EDR-002199,AST-02199,2026-08-13 06:58:14,True,3,15,False,0,0,False,0.66,6.2
EDR-002200,AST-02200,2026-09-03 16:58:14,False,0,5,False,0,32,False,0.63,9.3
EDR-002201,AST-02201,2026-08-15 08:58:14,False,3,12,False,0,27,False,0.15,8.1
EDR-002202,AST-02202,2026-08-07 20:58:14,False,3,15,False,0,19,False,0.6,7.7
EDR-002203,AST-02203,2026-08-21 17:58:14,False,10,2,False,0,43,False,0.69,8.0
EDR-002204,AST-02204,2026-08-18 22:58:14,False,0,18,False,0,22,False,0.63,8.3
EDR-002205,AST-02205,2026-08-26 01:58:14,False,0,12,False,0,28,False,0.55,8.7
EDR-002206,AST-02206,2026-08-12 02:58:14,False,1,1,False,0,4,False,0.33,9.9
EDR-002207,AST-02207,2026-09-01 13:58:14,False,1,18,False,0,22,False,0.65,7.9
EDR-002208,AST-02208,2026-08-07 06:58:14,False,5,18,False,0,41,False,0.36,7.1
EDR-002209,AST-02209,2026-08-16 00:58:14,False,0,19,False,0,48,False,0.43,7.7
EDR-002210,AST-02210,2026-08-28 14:58:14,False,6,10,False,0,19,False,0.22,8.0
EDR-002211,AST-02211,2026-08-23 10:58:14,False,4,11,False,0,3,False,0.32,7.8
EDR-002212,AST-02212,2026-08-17 12:58:14,False,2,18,False,0,38,False,0.51,8.1
EDR-002213,AST-02213,2026-08-18 11:58:14,False,6,5,False,0,4,False,0.71,8.5
EDR-002214,AST-02214,2026-08-26 06:58:14,False,10,4,False,0,11,False,0.2,7.2
EDR-002215,AST-02215,2026-08-25 09:58:14,True,4,17,False,0,46,False,0.8,6.0
EDR-002216,AST-02216,2026-09-02 02:58:14,False,2,1,False,0,33,False,0.33,9.3
EDR-002217,AST-02217,2026-08-26 10:58:14,False,6,3,False,0,20,False,0.16,8.7
EDR-002218,AST-02218,2026-08-15 21:58:14,False,3,15,False,0,9,False,0.63,8.1
EDR-002219,AST-02219,2026-08-30 16:58:14,False,8,11,False,0,44,False,0.29,7.5
EDR-002220,AST-02220,2026-08-06 07:58:14,False,9,6,False,0,17,False,0.3,7.4
EDR-002221,AST-02221,2026-08-30 17:58:14,False,7,13,False,0,21,False,0.67,7.2
EDR-002222,AST-02222,2026-08-14 01:58:14,False,10,13,False,0,30,False,0.79,6.6
EDR-002223,AST-02223,2026-08-21 18:58:14,False,6,3,False,0,44,False,0.52,8.9
EDR-002224,AST-02224,2026-08-19 10:58:14,False,10,7,False,0,27,False,0.75,7.2
EDR-002225,AST-02225,2026-08-31 06:58:14,False,9,1,False,0,7,False,0.2,8.2
EDR-002226,AST-02226,2026-08-21 17:58:14,False,8,9,False,0,10,False,0.25,7.9
EDR-002227,AST-02227,2026-08-27 23:58:14,False,7,2,False,0,31,False,0.37,8.6
EDR-002228,AST-02228,2026-08-13 06:58:14,False,8,10,False,0,39,False,0.23,7.1
EDR-002229,AST-02229,2026-08-28 06:58:14,False,2,10,False,0,38,False,0.39,8.4
EDR-002230,AST-02230,2026-08-20 11:58:14,False,3,11,False,0,33,False,0.41,8.6
EDR-002231,AST-02231,2026-09-01 18:58:14,False,1,0,False,0,15,False,0.58,10
EDR-002232,AST-02232,2026-08-14 05:58:14,False,9,12,False,0,21,False,0.11,6.7
EDR-002233,AST-02233,2026-08-08 18:58:14,False,3,2,False,0,35,False,0.2,9.2
EDR-002234,AST-02234,2026-09-02 09:58:14,False,6,5,False,0,4,False,0.73,8.4
EDR-002235,AST-02235,2026-08-16 17:58:14,False,0,5,False,0,19,False,0.14,9.4
EDR-002236,AST-02236,2026-08-20 12:58:14,False,5,11,False,0,44,False,0.17,7.7
EDR-002237,AST-02237,2026-08-06 02:58:14,False,7,6,False,0,35,False,0.48,7.5
EDR-002238,AST-02238,2026-08-23 19:58:14,False,8,8,False,0,47,False,0.58,7.6
EDR-002239,AST-02239,2026-08-18 13:58:14,False,0,7,False,0,45,False,0.45,9.1
EDR-002240,AST-02240,2026-08-23 23:58:14,False,9,4,False,0,28,False,0.74,7.6
EDR-002241,AST-02241,2026-08-24 00:58:14,False,7,1,False,0,6,False,0.26,8.6
EDR-002242,AST-02242,2026-08-21 03:58:14,False,1,14,False,0,2,False,0.36,8.6
EDR-002243,AST-02243,2026-08-08 10:58:14,False,8,17,True,0,28,False,0.63,3.7
EDR-002244,AST-02244,2026-08-25 02:58:14,False,9,18,False,0,37,False,0.25,6.6
EDR-002245,AST-02245,2026-08-30 07:58:14,False,1,4,False,0,7,False,0.2,9.3
EDR-002246,AST-02246,2026-08-28 08:58:14,False,2,8,False,0,14,False,0.42,8.3
EDR-002247,AST-02247,2026-08-07 16:58:14,False,6,15,False,0,43,False,0.43,6.9
EDR-002248,AST-02248,2026-08-12 08:58:14,False,4,1,False,0,34,False,0.71,8.7
EDR-002249,AST-02249,2026-08-16 04:58:14,False,4,14,False,0,41,False,0.39,7.9
EDR-002250,AST-02250,2026-08-26 07:58:14,False,9,2,False,0,42,False,0.65,8.1
EDR-002251,AST-02251,2026-09-02 12:58:14,False,8,20,False,0,12,False,0.69,6.3
EDR-002252,AST-02252,2026-08-30 12:58:14,False,2,10,False,0,3,False,0.15,8.5
EDR-002253,AST-02253,2026-08-17 16:58:14,False,4,14,False,0,26,False,0.15,7.5
EDR-002254,AST-02254,2026-08-10 11:58:14,False,4,15,False,0,35,False,0.57,7.3
EDR-002255,AST-02255,2026-08-08 21:58:14,False,10,0,False,0,50,False,0.74,8.1
EDR-002256,AST-02256,2026-08-18 11:58:14,False,4,0,False,0,7,False,0.44,9.5
EDR-002257,AST-02257,2026-08-30 18:58:14,False,8,19,False,0,11,False,0.64,6.2
EDR-002258,AST-02258,2026-08-22 00:58:14,False,3,19,False,0,29,False,0.78,7.9
EDR-002259,AST-02259,2026-08-22 14:58:14,False,10,9,False,0,21,False,0.69,7.5
EDR-002260,AST-02260,2026-08-16 05:58:14,False,7,3,False,0,38,False,0.34,8.5
EDR-002261,AST-02261,2026-08-27 06:58:14,True,3,16,False,3,10,True,0.84,6.2
EDR-002262,AST-02262,2026-08-13 18:58:14,False,4,15,False,0,24,False,0.78,8.0
EDR-002263,AST-02263,2026-08-07 04:58:14,False,3,17,False,0,15,False,0.49,8.2
EDR-002264,AST-02264,2026-08-09 20:58:14,False,6,13,False,0,43,False,0.15,7.3
EDR-002265,AST-02265,2026-08-25 01:58:14,False,3,3,False,0,18,False,0.7,8.9
EDR-002266,AST-02266,2026-09-03 03:58:14,False,2,2,False,0,19,False,0.44,9.0
EDR-002267,AST-02267,2026-08-10 20:58:14,False,8,8,False,0,38,False,0.49,7.7
EDR-002268,AST-02268,2026-08-12 13:58:14,False,1,6,False,0,37,False,0.36,9.5
EDR-002269,AST-02269,2026-08-06 22:58:14,False,8,1,False,0,4,False,0.27,7.9
EDR-002270,AST-02270,2026-08-15 15:58:14,False,2,7,False,0,11,False,0.78,8.7
EDR-002271,AST-02271,2026-08-21 23:58:14,False,8,18,False,0,40,False,0.76,6.9
EDR-002272,AST-02272,2026-08-19 07:58:14,True,3,17,False,1,34,False,0.74,5.7
EDR-002273,AST-02273,2026-08-06 18:58:14,False,0,15,False,0,12,False,0.14,8.3
EDR-002274,AST-02274,2026-08-27 01:58:14,False,8,17,False,0,13,False,0.75,6.8
EDR-002275,AST-02275,2026-09-03 17:58:14,False,2,0,False,0,13,False,0.16,9.8
EDR-002276,AST-02276,2026-08-11 16:58:14,False,0,19,False,0,8,False,0.37,8.4
EDR-002277,AST-02277,2026-08-08 21:58:14,False,9,11,False,0,7,False,0.17,6.8
EDR-002278,AST-02278,2026-08-24 14:58:14,False,5,1,False,0,10,False,0.53,8.6
EDR-002279,AST-02279,2026-08-27 22:58:14,False,3,3,False,0,28,False,0.31,9.3
EDR-002280,AST-02280,2026-08-31 10:58:14,False,8,18,False,0,33,False,0.41,6.3
EDR-002281,AST-02281,2026-08-28 04:58:14,False,3,5,False,0,3,False,0.24,9.2
EDR-002282,AST-02282,2026-08-30 02:58:14,False,2,20,False,0,22,False,0.15,7.5
EDR-002283,AST-02283,2026-08-06 14:58:14,False,6,6,False,0,11,False,0.19,7.9
EDR-002284,AST-02284,2026-08-07 03:58:14,False,1,9,False,0,39,False,0.64,8.7
EDR-002285,AST-02285,2026-08-11 06:58:14,False,4,0,False,0,35,False,0.11,8.9
EDR-002286,AST-02286,2026-08-28 16:58:14,False,10,5,False,0,30,False,0.11,7.8
EDR-002287,AST-02287,2026-08-31 17:58:14,False,7,20,False,0,1,False,0.4,6.7
EDR-002288,AST-02288,2026-08-25 07:58:14,True,3,2,False,2,1,True,0.64,7.5
EDR-002289,AST-02289,2026-08-18 17:58:14,False,2,17,False,0,35,False,0.58,7.6
EDR-002290,AST-02290,2026-08-28 00:58:14,False,6,11,False,0,36,False,0.73,7.6
EDR-002291,AST-02291,2026-08-08 14:58:14,False,8,16,False,0,37,False,0.18,7.0
EDR-002292,AST-02292,2026-09-03 00:58:14,False,2,5,False,0,23,False,0.18,8.7
EDR-002293,AST-02293,2026-08-29 12:58:14,False,2,15,True,0,0,False,0.22,4.6
EDR-002294,AST-02294,2026-08-08 12:58:14,False,1,16,False,0,23,False,0.14,8.6
EDR-002295,AST-02295,2026-08-06 11:58:14,False,6,4,False,0,40,False,0.35,8.6
EDR-002296,AST-02296,2026-08-20 09:58:14,True,5,16,False,1,38,False,0.78,5.7
EDR-002297,AST-02297,2026-09-04 12:58:14,False,10,14,False,0,49,False,0.34,6.1
EDR-002298,AST-02298,2026-08-14 05:58:14,False,3,3,False,0,27,False,0.42,8.9
EDR-002299,AST-02299,2026-08-24 12:58:14,False,9,20,False,0,36,False,0.24,6.4
EDR-002300,AST-02300,2026-08-09 01:58:14,False,9,1,False,0,49,False,0.75,7.9
EDR-002301,AST-02301,2026-08-18 08:58:14,False,0,2,False,0,1,False,0.5,9.8
EDR-002302,AST-02302,2026-08-12 03:58:14,False,4,5,False,0,15,False,0.46,9.1
EDR-002303,AST-02303,2026-08-10 17:58:14,False,0,3,False,0,46,False,0.76,9.4
EDR-002304,AST-02304,2026-08-17 23:58:14,False,3,5,False,0,43,False,0.54,8.5
EDR-002305,AST-02305,2026-08-27 04:58:14,False,3,5,False,0,44,False,0.71,9.3
EDR-002306,AST-02306,2026-08-20 08:58:14,False,7,18,False,0,7,False,0.4,6.3
EDR-002307,AST-02307,2026-08-11 14:58:14,False,0,17,False,0,12,False,0.68,8.4
EDR-002308,AST-02308,2026-08-21 13:58:14,False,8,12,False,0,9,False,0.61,7.2
EDR-002309,AST-02309,2026-08-27 22:58:14,False,7,2,False,0,9,False,0.29,8.9
EDR-002310,AST-02310,2026-08-27 05:58:14,False,3,17,False,0,21,False,0.18,7.5
EDR-002311,AST-02311,2026-08-30 22:58:14,False,3,2,False,0,38,False,0.74,9.4
EDR-002312,AST-02312,2026-08-08 21:58:14,False,5,8,False,0,44,False,0.15,8.3
EDR-002313,AST-02313,2026-09-02 11:58:14,False,6,3,False,0,14,False,0.64,8.8
EDR-002314,AST-02314,2026-08-15 18:58:14,False,4,9,False,0,3,False,0.22,8.6
EDR-002315,AST-02315,2026-08-24 17:58:14,False,6,12,False,0,47,False,0.36,7.1
EDR-002316,AST-02316,2026-09-02 16:58:14,False,7,11,False,0,22,False,0.41,7.6
EDR-002317,AST-02317,2026-09-02 22:58:14,False,1,20,False,0,43,False,0.76,7.8
EDR-002318,AST-02318,2026-08-15 09:58:14,True,5,8,False,0,17,False,0.88,6.1
EDR-002319,AST-02319,2026-08-07 17:58:14,False,8,18,False,0,40,False,0.35,6.3
EDR-002320,AST-02320,2026-08-10 01:58:14,False,5,18,False,0,14,False,0.68,7.6
EDR-002321,AST-02321,2026-08-13 13:58:14,False,5,7,False,0,44,False,0.62,8.1
EDR-002322,AST-02322,2026-08-30 15:58:14,False,9,13,False,0,4,False,0.66,7.1
EDR-002323,AST-02323,2026-08-20 03:58:14,False,4,14,False,0,42,False,0.14,7.8
EDR-002324,AST-02324,2026-08-11 02:58:14,False,8,4,False,0,50,False,0.28,7.7
EDR-002325,AST-02325,2026-08-28 00:58:14,False,3,14,False,0,25,False,0.23,8.2
EDR-002326,AST-02326,2026-08-15 23:58:14,False,2,20,False,0,33,False,0.37,8.0
EDR-002327,AST-02327,2026-08-12 16:58:14,False,3,9,False,0,26,False,0.2,8.6
EDR-002328,AST-02328,2026-08-28 08:58:14,False,6,19,False,0,25,False,0.63,7.3
EDR-002329,AST-02329,2026-08-22 20:58:14,False,4,3,False,0,3,False,0.75,8.7
EDR-002330,AST-02330,2026-08-10 15:58:14,False,6,11,False,0,40,False,0.36,8.0
EDR-002331,AST-02331,2026-08-09 12:58:14,False,10,14,False,0,48,False,0.65,6.4
EDR-002332,AST-02332,2026-08-07 01:58:14,False,6,3,False,0,5,False,0.27,8.7
EDR-002333,AST-02333,2026-08-07 19:58:14,False,8,9,False,0,21,False,0.53,7.0
EDR-002334,AST-02334,2026-08-29 08:58:14,False,8,1,False,0,40,False,0.54,7.9
EDR-002335,AST-02335,2026-08-20 18:58:14,False,6,7,False,0,28,False,0.69,8.3
EDR-002336,AST-02336,2026-09-04 16:58:14,False,0,18,False,0,40,False,0.72,7.9
EDR-002337,AST-02337,2026-08-18 13:58:14,False,1,4,False,0,40,False,0.58,9.7
EDR-002338,AST-02338,2026-08-09 12:58:14,False,10,11,False,0,18,False,0.33,6.5
EDR-002339,AST-02339,2026-08-19 17:58:14,False,10,12,False,0,32,False,0.64,6.4
EDR-002340,AST-02340,2026-08-18 02:58:14,False,10,17,False,0,15,False,0.73,6.0
EDR-002341,AST-02341,2026-08-15 09:58:14,False,0,4,False,0,35,False,0.66,9.5
EDR-002342,AST-02342,2026-08-15 17:58:14,False,6,1,False,0,29,False,0.53,8.8
EDR-002343,AST-02343,2026-08-06 19:58:14,False,3,16,True,0,1,False,0.69,5.1
EDR-002344,AST-02344,2026-08-22 23:58:14,False,7,2,False,0,10,False,0.61,8.6
EDR-002345,AST-02345,2026-08-09 00:58:14,False,6,11,False,0,6,False,0.17,7.5
EDR-002346,AST-02346,2026-08-25 09:58:14,False,9,8,False,0,24,False,0.54,7.1
EDR-002347,AST-02347,2026-08-19 21:58:14,False,5,7,False,0,8,False,0.54,8.0
EDR-002348,AST-02348,2026-08-24 23:58:14,False,9,6,False,0,24,False,0.34,7.5
EDR-002349,AST-02349,2026-08-27 08:58:14,False,8,19,False,0,43,False,0.43,6.2
EDR-002350,AST-02350,2026-09-04 14:58:14,False,4,17,False,0,3,False,0.3,7.0
EDR-002351,AST-02351,2026-08-08 03:58:14,False,8,16,False,0,27,False,0.62,6.7
EDR-002352,AST-02352,2026-08-18 15:58:14,False,8,9,False,0,26,False,0.43,7.1
EDR-002353,AST-02353,2026-08-22 00:58:14,False,4,8,False,0,17,False,0.13,8.2
EDR-002354,AST-02354,2026-08-29 22:58:14,False,10,20,False,0,13,False,0.48,6.1
EDR-002355,AST-02355,2026-08-10 22:58:14,False,8,19,False,0,7,False,0.16,6.6
EDR-002356,AST-02356,2026-08-15 13:58:14,False,6,14,False,0,11,False,0.21,7.6
EDR-002357,AST-02357,2026-08-21 02:58:14,False,5,6,False,0,23,False,0.56,7.9
EDR-002358,AST-02358,2026-08-28 14:58:14,False,7,9,False,0,13,False,0.39,7.8
EDR-002359,AST-02359,2026-08-15 16:58:14,False,6,1,False,0,0,False,0.7,8.5
EDR-002360,AST-02360,2026-08-30 16:58:14,False,0,4,False,0,50,False,0.49,9.2
EDR-002361,AST-02361,2026-08-13 07:58:14,False,6,0,False,0,42,False,0.52,8.8
EDR-002362,AST-02362,2026-08-27 15:58:14,False,10,11,False,0,19,False,0.22,7.4
EDR-002363,AST-02363,2026-08-31 05:58:14,False,5,8,True,0,15,False,0.37,4.8
EDR-002364,AST-02364,2026-08-11 19:58:14,False,10,12,False,0,50,False,0.29,6.4
EDR-002365,AST-02365,2026-08-08 08:58:14,False,8,4,False,0,3,False,0.7,8.1
EDR-002366,AST-02366,2026-08-15 16:58:14,False,1,2,False,0,48,False,0.56,9.2
EDR-002367,AST-02367,2026-08-10 16:58:14,False,2,1,False,0,34,False,0.7,9.7
EDR-002368,AST-02368,2026-08-13 13:58:14,False,7,16,False,0,32,False,0.36,6.6
EDR-002369,AST-02369,2026-08-13 01:58:14,False,10,9,False,0,2,False,0.48,7.5
EDR-002370,AST-02370,2026-09-01 01:58:14,False,2,9,False,0,13,False,0.63,9.0
EDR-002371,AST-02371,2026-08-20 15:58:14,False,3,19,False,0,3,False,0.71,7.4
EDR-002372,AST-02372,2026-08-05 20:58:14,False,8,11,True,0,12,False,0.47,4.7
EDR-002373,AST-02373,2026-08-11 02:58:14,False,3,18,False,0,2,False,0.21,7.5
EDR-002374,AST-02374,2026-08-21 16:58:14,False,4,0,False,0,11,False,0.57,9.3
EDR-002375,AST-02375,2026-09-03 20:58:14,False,3,10,False,0,32,False,0.74,8.3
EDR-002376,AST-02376,2026-08-08 23:58:14,False,9,2,False,0,5,False,0.31,8.3
EDR-002377,AST-02377,2026-08-13 00:58:14,False,7,7,False,0,39,False,0.58,8.1
EDR-002378,AST-02378,2026-08-29 09:58:14,False,1,6,False,0,48,False,0.44,9.1
EDR-002379,AST-02379,2026-08-17 08:58:14,False,8,13,False,0,2,False,0.77,6.6
EDR-002380,AST-02380,2026-08-17 19:58:14,False,6,19,False,0,16,False,0.51,7.0
EDR-002381,AST-02381,2026-08-19 23:58:14,False,9,20,False,0,13,False,0.71,6.3
EDR-002382,AST-02382,2026-09-02 12:58:14,False,10,13,False,0,34,False,0.41,7.1
EDR-002383,AST-02383,2026-08-09 20:58:14,True,1,10,False,0,3,True,0.69,7.3
EDR-002384,AST-02384,2026-08-17 02:58:14,False,7,19,False,0,9,False,0.72,6.6
EDR-002385,AST-02385,2026-09-03 15:58:14,False,0,2,False,0,39,False,0.67,9.9
EDR-002386,AST-02386,2026-08-10 06:58:14,False,6,3,False,0,21,False,0.61,8.8
EDR-002387,AST-02387,2026-08-17 15:58:14,False,3,4,False,0,24,False,0.15,9.1
EDR-002388,AST-02388,2026-08-25 22:58:14,False,8,0,False,0,20,False,0.6,8.7
EDR-002389,AST-02389,2026-08-14 18:58:14,False,0,1,False,0,11,False,0.71,9.6
EDR-002390,AST-02390,2026-08-11 14:58:14,False,1,17,False,0,42,False,0.41,8.2
EDR-002391,AST-02391,2026-08-05 20:58:14,False,0,13,False,0,16,False,0.19,8.5
EDR-002392,AST-02392,2026-08-19 03:58:14,False,5,19,False,0,30,False,0.21,7.1
EDR-002393,AST-02393,2026-08-14 20:58:14,False,9,2,False,0,49,False,0.76,8.3
EDR-002394,AST-02394,2026-08-23 23:58:14,False,5,19,False,0,36,False,0.48,7.2
EDR-002395,AST-02395,2026-08-28 04:58:14,False,4,12,False,0,48,False,0.14,7.7
EDR-002396,AST-02396,2026-08-22 08:58:14,False,10,5,False,0,31,False,0.75,7.1
EDR-002397,AST-02397,2026-09-02 08:58:14,False,0,8,False,0,16,False,0.41,9.3
EDR-002398,AST-02398,2026-08-07 18:58:14,False,0,14,False,0,9,False,0.52,8.8
EDR-002399,AST-02399,2026-08-25 21:58:14,False,10,20,False,0,17,False,0.75,6.5
EDR-002400,AST-02400,2026-08-13 01:58:14,False,2,10,False,0,50,False,0.66,9.0
EDR-002401,AST-02401,2026-08-24 00:58:14,False,8,15,False,0,6,False,0.76,6.5
EDR-002402,AST-02402,2026-08-09 10:58:14,False,5,5,False,0,33,False,0.58,8.8
EDR-002403,AST-02403,2026-08-06 05:58:14,False,0,17,False,0,39,False,0.78,8.7
EDR-002404,AST-02404,2026-08-19 09:58:14,False,7,20,False,0,32,False,0.76,6.1
EDR-002405,AST-02405,2026-08-12 14:58:14,False,3,15,False,0,37,False,0.74,8.2
EDR-002406,AST-02406,2026-08-09 11:58:14,False,4,1,False,0,17,False,0.27,8.8
EDR-002407,AST-02407,2026-08-17 22:58:14,False,0,16,False,0,17,False,0.32,8.8
EDR-002408,AST-02408,2026-08-10 21:58:14,False,9,20,False,0,35,False,0.67,6.5
EDR-002409,AST-02409,2026-09-03 09:58:14,False,9,17,False,0,7,False,0.41,6.4
EDR-002410,AST-02410,2026-08-22 06:58:14,False,5,18,False,0,21,False,0.11,6.9
EDR-002411,AST-02411,2026-08-11 12:58:14,False,3,20,False,0,44,False,0.4,7.1
EDR-002412,AST-02412,2026-08-24 11:58:14,False,5,16,False,0,12,False,0.36,7.4
EDR-002413,AST-02413,2026-08-26 08:58:14,False,5,17,False,0,20,False,0.32,7.1
EDR-002414,AST-02414,2026-09-02 12:58:14,False,8,0,False,0,24,False,0.77,8.4
EDR-002415,AST-02415,2026-08-27 00:58:14,False,1,8,False,0,16,False,0.55,9.5
EDR-002416,AST-02416,2026-08-14 21:58:14,False,6,3,False,0,5,False,0.71,8.8
EDR-002417,AST-02417,2026-08-24 08:58:14,False,3,2,False,0,49,False,0.79,8.7
EDR-002418,AST-02418,2026-08-09 22:58:14,False,0,17,False,0,34,False,0.39,8.7
EDR-002419,AST-02419,2026-09-04 09:58:14,False,8,20,False,0,47,False,0.78,6.6
EDR-002420,AST-02420,2026-08-14 00:58:14,False,2,18,False,0,1,False,0.5,8.0
EDR-002421,AST-02421,2026-09-04 00:58:14,True,7,16,False,2,18,True,0.91,4.6
EDR-002422,AST-02422,2026-08-17 01:58:14,False,3,17,False,0,1,False,0.18,7.7
EDR-002423,AST-02423,2026-08-08 12:58:14,False,10,1,False,0,37,False,0.44,7.6
EDR-002424,AST-02424,2026-08-23 09:58:14,False,6,10,False,0,24,False,0.52,8.0
EDR-002425,AST-02425,2026-08-26 10:58:14,False,7,17,False,0,40,False,0.33,7.2
EDR-002426,AST-02426,2026-08-09 16:58:14,False,4,8,False,0,11,False,0.6,8.6
EDR-002427,AST-02427,2026-08-12 12:58:14,False,2,2,False,0,45,False,0.25,9.6
EDR-002428,AST-02428,2026-08-12 06:58:14,False,7,11,False,0,46,False,0.67,7.4
EDR-002429,AST-02429,2026-08-08 00:58:14,True,0,7,False,1,49,True,0.62,7.5
EDR-002430,AST-02430,2026-08-30 14:58:14,False,8,7,False,0,26,False,0.25,7.8
EDR-002431,AST-02431,2026-08-14 09:58:14,True,3,13,False,2,10,True,0.69,6.3
EDR-002432,AST-02432,2026-08-20 22:58:14,False,9,6,False,0,33,False,0.73,7.8
EDR-002433,AST-02433,2026-08-16 17:58:14,False,8,4,False,0,5,False,0.17,8.1
EDR-002434,AST-02434,2026-08-12 19:58:14,False,6,8,False,0,48,False,0.33,8.3
EDR-002435,AST-02435,2026-08-20 16:58:14,False,5,1,False,0,0,False,0.11,9.3
EDR-002436,AST-02436,2026-08-09 08:58:14,False,0,19,False,0,29,False,0.55,8.5
EDR-002437,AST-02437,2026-09-04 01:58:14,False,7,20,False,0,3,False,0.44,6.5
EDR-002438,AST-02438,2026-08-27 22:58:14,False,4,3,False,0,2,False,0.35,9.0
EDR-002439,AST-02439,2026-08-18 16:58:14,False,1,1,False,0,9,False,0.3,9.4
EDR-002440,AST-02440,2026-09-03 14:58:14,False,7,6,False,0,40,False,0.28,8.0
EDR-002441,AST-02441,2026-08-17 07:58:14,False,10,17,False,0,37,False,0.65,6.0
EDR-002442,AST-02442,2026-08-26 18:58:14,False,4,7,False,0,11,False,0.17,8.0
EDR-002443,AST-02443,2026-08-11 09:58:14,False,3,13,True,0,19,False,0.37,5.0
EDR-002444,AST-02444,2026-08-26 06:58:14,False,6,6,False,0,21,False,0.16,8.1
EDR-002445,AST-02445,2026-08-13 15:58:14,False,4,15,False,0,17,False,0.63,8.2
EDR-002446,AST-02446,2026-09-03 17:58:14,False,2,9,False,0,7,False,0.35,8.5
EDR-002447,AST-02447,2026-08-17 14:58:14,False,8,16,False,0,44,False,0.66,7.1
EDR-002448,AST-02448,2026-08-16 18:58:14,False,2,1,False,0,16,False,0.53,9.6
EDR-002449,AST-02449,2026-08-27 11:58:14,False,5,15,False,0,2,False,0.28,7.9
EDR-002450,AST-02450,2026-08-06 19:58:14,False,9,5,False,0,46,False,0.17,7.7
EDR-002451,AST-02451,2026-09-01 23:58:14,True,2,15,False,0,30,True,0.83,6.5
EDR-002452,AST-02452,2026-08-23 07:58:14,False,5,6,False,0,31,False,0.73,8.1
EDR-002453,AST-02453,2026-08-22 14:58:14,False,7,17,False,0,14,False,0.38,7.0
EDR-002454,AST-02454,2026-08-29 00:58:14,False,3,20,False,0,34,False,0.78,7.8
EDR-002455,AST-02455,2026-08-16 23:58:14,False,3,17,False,0,14,False,0.34,8.1
EDR-002456,AST-02456,2026-08-09 00:58:14,False,8,6,False,0,2,False,0.62,8.2
EDR-002457,AST-02457,2026-08-20 08:58:14,False,5,7,False,0,30,False,0.23,7.9
EDR-002458,AST-02458,2026-08-24 10:58:14,False,10,6,False,0,2,False,0.32,7.7
EDR-002459,AST-02459,2026-08-18 19:58:14,False,8,9,False,0,30,False,0.7,7.6
EDR-002460,AST-02460,2026-08-24 17:58:14,False,7,3,False,0,19,False,0.73,7.9
EDR-002461,AST-02461,2026-08-13 07:58:14,False,7,6,False,0,15,False,0.56,8.2
EDR-002462,AST-02462,2026-08-29 01:58:14,False,1,18,False,0,40,False,0.77,8.3
EDR-002463,AST-02463,2026-08-28 18:58:14,False,3,17,False,0,19,False,0.5,7.8
EDR-002464,AST-02464,2026-08-24 03:58:14,False,2,16,False,0,44,False,0.7,7.6
EDR-002465,AST-02465,2026-08-21 02:58:14,False,0,14,False,0,2,False,0.42,8.4
EDR-002466,AST-02466,2026-08-26 08:58:14,False,9,1,False,0,26,False,0.4,8.1
EDR-002467,AST-02467,2026-08-06 20:58:14,True,4,2,False,1,11,False,0.88,6.9
EDR-002468,AST-02468,2026-08-18 12:58:14,False,2,16,False,0,23,False,0.66,7.9
EDR-002469,AST-02469,2026-08-10 16:58:14,False,4,9,False,0,4,False,0.74,8.0
EDR-002470,AST-02470,2026-08-12 05:58:14,False,7,11,False,0,36,False,0.8,7.5
EDR-002471,AST-02471,2026-08-08 03:58:14,False,6,15,False,0,25,False,0.6,6.9
EDR-002472,AST-02472,2026-09-04 15:58:14,False,7,20,False,0,27,False,0.38,6.6
EDR-002473,AST-02473,2026-08-15 05:58:14,True,6,10,False,0,18,False,0.68,5.4
EDR-002474,AST-02474,2026-08-23 07:58:14,False,2,9,False,0,42,False,0.76,8.8
EDR-002475,AST-02475,2026-08-05 22:58:14,False,8,15,False,0,25,False,0.78,7.3
EDR-002476,AST-02476,2026-08-15 05:58:14,False,6,5,False,0,48,False,0.47,8.0
EDR-002477,AST-02477,2026-08-10 17:58:14,False,7,6,False,0,43,False,0.63,7.9
EDR-002478,AST-02478,2026-08-24 04:58:14,False,3,6,False,0,46,False,0.78,8.4
EDR-002479,AST-02479,2026-08-21 07:58:14,False,8,19,False,0,24,False,0.55,6.1
EDR-002480,AST-02480,2026-08-29 00:58:14,False,8,3,False,0,18,False,0.49,8.0
EDR-002481,AST-02481,2026-08-23 17:58:14,False,1,6,False,0,5,False,0.12,8.7
EDR-002482,AST-02482,2026-08-22 23:58:14,False,9,20,False,0,1,False,0.44,6.1
EDR-002483,AST-02483,2026-09-02 17:58:14,False,10,15,False,0,36,False,0.35,6.6
EDR-002484,AST-02484,2026-09-02 18:58:14,False,10,12,False,0,12,False,0.35,6.5
EDR-002485,AST-02485,2026-08-13 04:58:14,False,8,15,False,0,0,False,0.15,6.8
EDR-002486,AST-02486,2026-08-18 02:58:14,False,8,13,False,0,46,False,0.64,7.4
EDR-002487,AST-02487,2026-08-09 18:58:14,False,5,5,False,0,46,False,0.5,9.0
EDR-002488,AST-02488,2026-08-11 14:58:14,False,3,9,False,0,5,False,0.16,8.5
EDR-002489,AST-02489,2026-08-26 22:58:14,True,2,16,False,3,45,True,0.73,6.4
EDR-002490,AST-02490,2026-08-17 01:58:14,False,5,3,False,0,47,False,0.15,8.4
EDR-002491,AST-02491,2026-09-02 16:58:14,False,8,10,False,0,43,False,0.43,7.1
EDR-002492,AST-02492,2026-08-17 11:58:14,False,8,3,False,0,17,False,0.73,8.2
EDR-002493,AST-02493,2026-08-09 03:58:14,False,1,15,False,0,31,False,0.63,8.3
EDR-002494,AST-02494,2026-08-27 11:58:14,False,4,17,False,0,34,False,0.1,7.4
EDR-002495,AST-02495,2026-08-29 06:58:14,False,2,2,False,0,29,False,0.71,9.7
EDR-002496,AST-02496,2026-08-08 16:58:14,False,0,6,False,0,20,False,0.21,9.4
EDR-002497,AST-02497,2026-08-27 12:58:14,False,6,16,False,0,9,False,0.26,7.6
EDR-002498,AST-02498,2026-08-31 12:58:14,False,8,4,False,0,41,False,0.43,7.8
EDR-002499,AST-02499,2026-08-23 17:58:14,False,4,14,False,0,40,False,0.24,8.1
EDR-002500,AST-02500,2026-08-06 08:58:14,False,0,17,False,0,22,False,0.39,8.0
EDR-002501,AST-02501,2026-08-28 02:58:14,False,5,9,False,0,43,False,0.68,8.5
EDR-002502,AST-02502,2026-08-12 02:58:14,False,2,12,False,0,22,False,0.28,8.5
EDR-002503,AST-02503,2026-08-23 04:58:14,True,0,14,False,1,4,True,0.98,7.1
EDR-002504,AST-02504,2026-08-11 06:58:14,False,8,8,False,0,10,False,0.75,8.0
EDR-002505,AST-02505,2026-08-25 18:58:14,True,10,13,False,1,44,False,0.93,4.8
EDR-002506,AST-02506,2026-09-03 06:58:14,False,7,4,False,0,41,False,0.22,8.0
EDR-002507,AST-02507,2026-08-16 09:58:14,True,4,0,True,0,1,False,0.73,4.0
EDR-002508,AST-02508,2026-08-16 07:58:14,False,2,6,False,0,28,False,0.66,8.6
EDR-002509,AST-02509,2026-08-16 20:58:14,False,0,15,False,0,35,False,0.56,8.0
EDR-002510,AST-02510,2026-08-17 17:58:14,False,5,3,False,0,36,False,0.61,8.8
EDR-002511,AST-02511,2026-08-27 04:58:14,False,3,10,False,0,7,False,0.3,8.4
EDR-002512,AST-02512,2026-08-22 12:58:14,False,2,20,False,0,26,False,0.51,7.8
EDR-002513,AST-02513,2026-09-02 02:58:14,False,1,19,True,0,8,False,0.26,4.5
EDR-002514,AST-02514,2026-08-23 21:58:14,False,0,11,False,0,38,False,0.43,8.8
EDR-002515,AST-02515,2026-08-14 07:58:14,False,6,12,False,0,22,False,0.43,7.5
EDR-002516,AST-02516,2026-08-14 10:58:14,False,1,2,False,0,14,False,0.64,9.9
EDR-002517,AST-02517,2026-08-15 02:58:14,False,8,17,False,0,26,False,0.31,6.8
EDR-002518,AST-02518,2026-08-17 11:58:14,False,1,19,False,0,8,False,0.33,7.7
EDR-002519,AST-02519,2026-08-10 23:58:14,False,10,0,False,0,36,False,0.2,8.2
EDR-002520,AST-02520,2026-08-14 22:58:14,True,4,16,False,0,39,True,0.79,5.8
EDR-002521,AST-02521,2026-08-08 07:58:14,False,6,15,False,0,6,False,0.18,7.4
EDR-002522,AST-02522,2026-08-24 20:58:14,False,10,19,False,0,47,False,0.68,5.9
EDR-002523,AST-02523,2026-09-04 02:58:14,False,10,6,False,0,50,False,0.42,7.2
EDR-002524,AST-02524,2026-08-18 19:58:14,False,9,19,False,0,47,False,0.64,6.1
EDR-002525,AST-02525,2026-08-28 03:58:14,False,9,14,False,0,36,False,0.34,7.1
EDR-002526,AST-02526,2026-08-12 08:58:14,False,3,12,False,0,21,False,0.33,7.8
EDR-002527,AST-02527,2026-08-22 14:58:14,False,7,0,False,0,25,False,0.11,8.3
EDR-002528,AST-02528,2026-08-29 07:58:14,False,7,11,False,0,2,False,0.21,7.8
EDR-002529,AST-02529,2026-08-07 17:58:14,False,3,2,False,0,7,False,0.17,8.9
EDR-002530,AST-02530,2026-08-31 17:58:14,True,8,3,False,0,42,True,0.89,5.8
EDR-002531,AST-02531,2026-08-26 02:58:14,False,4,20,False,0,40,False,0.52,6.7
EDR-002532,AST-02532,2026-08-15 02:58:14,False,5,18,False,0,35,False,0.76,7.7
EDR-002533,AST-02533,2026-08-15 22:58:14,False,7,10,False,0,23,False,0.35,7.4
EDR-002534,AST-02534,2026-08-31 09:58:14,False,0,9,False,0,35,False,0.11,9.5
EDR-002535,AST-02535,2026-09-03 22:58:14,False,8,13,False,0,29,False,0.43,7.4
EDR-002536,AST-02536,2026-08-10 01:58:14,False,5,3,False,0,0,False,0.6,9.1
EDR-002537,AST-02537,2026-08-20 18:58:14,False,5,10,False,0,21,False,0.6,7.5
EDR-002538,AST-02538,2026-08-16 21:58:14,False,9,1,False,0,3,False,0.15,7.8
EDR-002539,AST-02539,2026-08-30 21:58:14,False,5,11,False,0,27,False,0.24,7.9
EDR-002540,AST-02540,2026-08-16 07:58:14,False,2,11,False,0,7,False,0.45,8.4
EDR-002541,AST-02541,2026-08-18 21:58:14,False,2,1,False,0,1,False,0.73,9.2
EDR-002542,AST-02542,2026-08-24 13:58:14,False,9,12,False,0,9,False,0.79,7.3
EDR-002543,AST-02543,2026-08-13 02:58:14,False,1,6,False,0,25,False,0.31,9.4
EDR-002544,AST-02544,2026-08-22 19:58:14,False,4,19,False,0,38,False,0.66,7.0
EDR-002545,AST-02545,2026-08-16 08:58:14,False,6,1,False,0,26,False,0.32,8.4
EDR-002546,AST-02546,2026-08-07 14:58:14,False,9,10,False,0,19,False,0.75,7.4
EDR-002547,AST-02547,2026-08-14 07:58:14,True,0,20,False,3,14,True,0.75,6.0
EDR-002548,AST-02548,2026-08-11 23:58:14,False,1,10,False,0,38,False,0.41,8.6
EDR-002549,AST-02549,2026-08-19 10:58:14,False,10,5,False,0,41,False,0.54,7.4
EDR-002550,AST-02550,2026-08-11 22:58:14,True,7,14,False,2,45,True,0.76,4.9
EDR-002551,AST-02551,2026-08-17 10:58:14,False,6,17,False,0,26,False,0.28,6.6
EDR-002552,AST-02552,2026-08-21 04:58:14,False,4,1,False,0,13,False,0.42,9.0
EDR-002553,AST-02553,2026-08-18 22:58:14,False,4,18,False,0,29,False,0.67,7.6
EDR-002554,AST-02554,2026-08-22 18:58:14,False,1,18,False,0,42,False,0.31,8.2
EDR-002555,AST-02555,2026-08-16 02:58:14,False,5,15,False,0,46,False,0.35,7.6
EDR-002556,AST-02556,2026-08-29 10:58:14,False,4,13,False,0,7,False,0.74,7.8
EDR-002557,AST-02557,2026-08-18 04:58:14,False,3,1,False,0,37,False,0.79,9.4
EDR-002558,AST-02558,2026-09-02 19:58:14,False,6,10,False,0,37,False,0.64,7.4
EDR-002559,AST-02559,2026-08-18 03:58:14,False,8,3,False,0,20,False,0.79,8.5
EDR-002560,AST-02560,2026-08-12 07:58:14,False,8,12,False,0,19,False,0.27,7.2
EDR-002561,AST-02561,2026-08-24 18:58:14,False,7,2,False,0,37,False,0.24,8.2
EDR-002562,AST-02562,2026-09-01 11:58:14,False,7,6,False,0,20,False,0.77,8.2
EDR-002563,AST-02563,2026-08-19 10:58:14,True,4,10,False,3,18,True,0.9,6.5
EDR-002564,AST-02564,2026-08-26 09:58:14,False,7,18,False,0,17,False,0.32,7.2
EDR-002565,AST-02565,2026-08-18 11:58:14,False,9,8,False,0,48,False,0.24,7.2
EDR-002566,AST-02566,2026-08-15 11:58:14,True,10,12,False,2,28,False,0.76,4.5
EDR-002567,AST-02567,2026-08-20 19:58:14,False,10,16,False,0,13,False,0.23,6.2
EDR-002568,AST-02568,2026-08-27 14:58:14,False,10,10,False,0,20,False,0.61,7.5
EDR-002569,AST-02569,2026-08-14 23:58:14,False,1,15,False,0,10,False,0.67,8.4
EDR-002570,AST-02570,2026-08-22 03:58:14,False,9,5,False,0,0,False,0.61,7.4
EDR-002571,AST-02571,2026-08-07 03:58:14,False,0,18,False,0,13,False,0.44,8.0
EDR-002572,AST-02572,2026-09-01 10:58:14,False,6,20,False,0,45,False,0.17,6.4
EDR-002573,AST-02573,2026-08-15 07:58:14,False,6,15,False,0,7,False,0.57,6.9
EDR-002574,AST-02574,2026-08-14 14:58:14,False,0,11,False,0,47,False,0.77,9.3
EDR-002575,AST-02575,2026-08-12 00:58:14,False,8,1,False,0,25,False,0.23,8.5
EDR-002576,AST-02576,2026-08-10 09:58:14,False,4,14,False,0,13,False,0.72,8.0
EDR-002577,AST-02577,2026-08-24 00:58:14,False,9,5,False,0,47,False,0.31,7.2
EDR-002578,AST-02578,2026-08-24 00:58:14,False,8,10,False,0,47,False,0.7,7.5
EDR-002579,AST-02579,2026-09-03 09:58:14,False,3,18,False,0,14,False,0.17,7.4
EDR-002580,AST-02580,2026-08-15 19:58:14,False,10,16,False,0,29,False,0.14,6.5
EDR-002581,AST-02581,2026-08-22 10:58:14,False,0,11,False,0,27,False,0.2,8.6
EDR-002582,AST-02582,2026-08-21 07:58:14,False,2,10,False,0,0,False,0.45,9.0
EDR-002583,AST-02583,2026-08-08 20:58:14,False,2,18,False,0,10,False,0.76,8.0
EDR-002584,AST-02584,2026-08-29 07:58:14,False,6,13,False,0,42,False,0.77,7.6
EDR-002585,AST-02585,2026-08-28 19:58:14,False,8,6,False,0,25,False,0.19,8.0
EDR-002586,AST-02586,2026-08-29 13:58:14,False,2,0,False,0,0,False,0.57,9.1
EDR-002587,AST-02587,2026-09-02 07:58:14,False,4,8,False,0,23,False,0.52,8.0
EDR-002588,AST-02588,2026-08-13 17:58:14,False,6,19,False,0,33,False,0.61,6.7
EDR-002589,AST-02589,2026-08-16 11:58:14,False,8,5,False,0,37,False,0.56,8.2
EDR-002590,AST-02590,2026-08-16 03:58:14,False,7,15,False,0,28,False,0.64,7.3
EDR-002591,AST-02591,2026-09-03 00:58:14,False,3,18,False,0,23,False,0.4,7.5
EDR-002592,AST-02592,2026-08-06 22:58:14,False,3,1,False,0,22,False,0.16,9.0
EDR-002593,AST-02593,2026-08-20 18:58:14,False,7,4,False,0,20,False,0.53,8.5
EDR-002594,AST-02594,2026-08-22 01:58:14,False,1,9,False,0,26,False,0.13,9.3
EDR-002595,AST-02595,2026-08-06 04:58:14,False,6,19,False,0,4,False,0.35,6.7
EDR-002596,AST-02596,2026-08-19 19:58:14,False,3,19,False,0,35,False,0.42,7.4
EDR-002597,AST-02597,2026-09-02 08:58:14,False,7,19,False,0,34,False,0.26,6.9
EDR-002598,AST-02598,2026-08-20 10:58:14,False,0,4,False,0,1,False,0.44,10
EDR-002599,AST-02599,2026-09-03 03:58:14,False,6,18,False,0,41,False,0.78,7.0
EDR-002600,AST-02600,2026-08-25 14:58:14,False,8,2,False,0,17,False,0.41,7.8
EDR-002601,AST-02601,2026-08-15 19:58:14,False,4,7,False,0,22,False,0.64,8.2
EDR-002602,AST-02602,2026-08-14 16:58:14,False,3,6,False,0,27,False,0.44,8.8
EDR-002603,AST-02603,2026-08-07 22:58:14,False,8,13,False,0,26,False,0.22,7.1
EDR-002604,AST-02604,2026-08-21 23:58:14,False,3,9,False,0,31,False,0.71,8.9
EDR-002605,AST-02605,2026-08-14 01:58:14,False,7,6,False,0,41,False,0.72,7.8
EDR-002606,AST-02606,2026-08-20 05:58:14,False,2,2,False,0,19,False,0.42,9.3
EDR-002607,AST-02607,2026-08-20 18:58:14,False,0,2,True,0,18,False,0.47,6.5
EDR-002608,AST-02608,2026-09-03 13:58:14,False,5,10,False,0,15,False,0.72,8.1
EDR-002609,AST-02609,2026-08-19 16:58:14,False,3,20,False,0,3,False,0.66,7.5
EDR-002610,AST-02610,2026-08-25 22:58:14,False,8,1,False,0,17,False,0.76,8.4
EDR-002611,AST-02611,2026-08-06 09:58:14,False,1,19,False,0,42,False,0.55,7.8
EDR-002612,AST-02612,2026-08-21 01:58:14,False,7,17,False,0,14,False,0.21,6.6
EDR-002613,AST-02613,2026-08-24 22:58:14,False,3,11,False,0,13,False,0.47,7.9
EDR-002614,AST-02614,2026-08-08 23:58:14,False,7,15,False,0,5,False,0.76,7.5
EDR-002615,AST-02615,2026-09-03 19:58:14,False,6,11,False,0,7,False,0.73,7.6
EDR-002616,AST-02616,2026-09-03 00:58:14,False,8,6,False,0,47,False,0.33,7.6
EDR-002617,AST-02617,2026-08-26 19:58:14,False,5,1,False,0,16,False,0.15,9.2
EDR-002618,AST-02618,2026-08-25 05:58:14,False,6,1,False,0,48,False,0.79,8.6
EDR-002619,AST-02619,2026-08-18 03:58:14,False,5,16,False,0,30,False,0.79,7.2
EDR-002620,AST-02620,2026-08-11 00:58:14,False,8,16,False,0,13,False,0.7,7.1
EDR-002621,AST-02621,2026-08-09 02:58:14,False,5,14,False,0,39,False,0.5,7.2
EDR-002622,AST-02622,2026-08-15 17:58:14,False,9,11,False,0,40,False,0.54,7.5
EDR-002623,AST-02623,2026-08-14 18:58:14,False,6,4,False,0,35,False,0.51,8.4
EDR-002624,AST-02624,2026-08-25 10:58:14,False,3,3,False,0,11,False,0.23,9.4
EDR-002625,AST-02625,2026-08-05 20:58:14,False,3,4,False,0,41,False,0.59,9.0
EDR-002626,AST-02626,2026-08-10 05:58:14,False,7,17,False,0,13,False,0.37,7.0
EDR-002627,AST-02627,2026-08-31 11:58:14,False,1,17,False,0,13,False,0.78,7.9
EDR-002628,AST-02628,2026-09-02 10:58:14,False,4,5,False,0,4,False,0.33,8.8
EDR-002629,AST-02629,2026-08-14 11:58:14,False,1,9,False,0,40,False,0.2,8.8
EDR-002630,AST-02630,2026-08-29 05:58:14,False,3,14,False,0,1,False,0.72,8.5
EDR-002631,AST-02631,2026-08-28 03:58:14,False,4,6,False,0,11,False,0.68,8.5
EDR-002632,AST-02632,2026-08-18 02:58:14,False,10,4,False,0,24,False,0.7,7.6
EDR-002633,AST-02633,2026-08-07 07:58:14,False,5,12,False,0,25,False,0.46,7.5
EDR-002634,AST-02634,2026-08-15 15:58:14,False,3,2,False,0,41,False,0.6,8.8
EDR-002635,AST-02635,2026-08-28 10:58:14,False,4,6,False,0,19,False,0.26,8.8
EDR-002636,AST-02636,2026-08-08 06:58:14,False,8,12,False,0,36,False,0.21,7.4
EDR-002637,AST-02637,2026-08-24 15:58:14,False,5,18,False,0,47,False,0.39,7.0
EDR-002638,AST-02638,2026-08-09 04:58:14,False,8,20,False,0,21,False,0.38,6.1
EDR-002639,AST-02639,2026-08-11 21:58:14,False,10,18,False,0,42,False,0.47,6.3
EDR-002640,AST-02640,2026-08-30 05:58:14,False,0,12,False,0,43,False,0.3,9.2
EDR-002641,AST-02641,2026-08-30 19:58:14,False,1,14,False,0,25,False,0.57,8.7
EDR-002642,AST-02642,2026-08-22 09:58:14,False,4,6,False,0,34,False,0.61,9.0
EDR-002643,AST-02643,2026-08-20 04:58:14,False,5,12,False,0,11,False,0.55,7.7
EDR-002644,AST-02644,2026-08-07 21:58:14,False,9,6,False,0,1,False,0.36,7.3
EDR-002645,AST-02645,2026-09-01 00:58:14,False,9,4,False,0,39,False,0.35,8.1
EDR-002646,AST-02646,2026-08-13 03:58:14,False,9,18,False,0,1,False,0.35,6.4
EDR-002647,AST-02647,2026-08-16 19:58:14,False,5,19,False,0,21,False,0.8,7.2
EDR-002648,AST-02648,2026-08-21 05:58:14,False,4,1,False,0,43,False,0.15,9.3
EDR-002649,AST-02649,2026-08-11 07:58:14,False,2,18,False,0,42,False,0.22,7.4
EDR-002650,AST-02650,2026-08-23 05:58:14,False,0,1,False,0,36,False,0.24,9.5
EDR-002651,AST-02651,2026-08-25 20:58:14,False,9,16,False,0,26,False,0.38,7.0
EDR-002652,AST-02652,2026-08-13 11:58:14,False,7,19,False,0,46,False,0.11,6.9
EDR-002653,AST-02653,2026-08-17 20:58:14,True,4,15,False,2,50,True,0.88,5.7
EDR-002654,AST-02654,2026-08-14 12:58:14,False,5,19,False,0,22,False,0.13,7.0
EDR-002655,AST-02655,2026-08-20 18:58:14,False,6,14,False,0,8,False,0.36,7.1
EDR-002656,AST-02656,2026-08-31 19:58:14,False,6,13,False,0,8,False,0.57,7.0
EDR-002657,AST-02657,2026-08-11 05:58:14,False,8,13,False,0,50,False,0.72,6.8
EDR-002658,AST-02658,2026-09-03 18:58:14,False,7,1,False,0,42,False,0.78,8.3
EDR-002659,AST-02659,2026-08-11 11:58:14,False,5,8,False,0,29,False,0.35,8.4
EDR-002660,AST-02660,2026-08-11 23:58:14,False,1,9,False,0,25,False,0.74,9.1
EDR-002661,AST-02661,2026-08-21 00:58:14,False,7,8,False,0,15,False,0.46,8.2
EDR-002662,AST-02662,2026-09-02 21:58:14,False,4,16,False,0,2,False,0.43,7.6
EDR-002663,AST-02663,2026-08-31 16:58:14,False,3,11,False,0,22,False,0.4,8.4
EDR-002664,AST-02664,2026-08-10 19:58:14,True,1,12,False,1,29,False,0.82,7.0
EDR-002665,AST-02665,2026-09-02 00:58:14,False,9,8,False,0,40,False,0.15,7.8
EDR-002666,AST-02666,2026-09-04 03:58:14,False,10,7,False,0,7,False,0.26,7.2
EDR-002667,AST-02667,2026-08-30 18:58:14,False,7,11,False,0,13,False,0.37,7.4
EDR-002668,AST-02668,2026-08-06 21:58:14,False,0,14,False,0,31,False,0.35,8.7
EDR-002669,AST-02669,2026-08-24 16:58:14,False,4,14,False,0,14,False,0.54,7.9
EDR-002670,AST-02670,2026-08-19 01:58:14,False,8,15,False,0,39,False,0.64,7.4
EDR-002671,AST-02671,2026-08-19 00:58:14,False,8,16,False,0,38,False,0.22,6.6
EDR-002672,AST-02672,2026-09-01 07:58:14,False,9,17,False,0,48,False,0.38,6.5
EDR-002673,AST-02673,2026-08-26 17:58:14,False,5,14,False,0,49,False,0.33,8.0
EDR-002674,AST-02674,2026-08-15 23:58:14,False,9,13,False,0,50,False,0.69,7.2
EDR-002675,AST-02675,2026-08-14 06:58:14,False,0,4,False,0,2,False,0.62,10
EDR-002676,AST-02676,2026-08-06 06:58:14,False,6,6,False,0,37,False,0.5,8.1
EDR-002677,AST-02677,2026-08-12 03:58:14,False,0,2,False,0,22,False,0.43,9.3
EDR-002678,AST-02678,2026-08-14 10:58:14,False,7,3,False,0,20,False,0.73,7.8
EDR-002679,AST-02679,2026-08-29 16:58:14,False,8,14,False,0,49,False,0.44,6.6
EDR-002680,AST-02680,2026-09-01 05:58:14,False,6,14,False,0,39,False,0.41,7.2
EDR-002681,AST-02681,2026-08-27 14:58:14,True,6,20,False,0,46,True,0.92,4.3
EDR-002682,AST-02682,2026-08-15 21:58:14,False,0,15,False,0,19,False,0.18,8.3
EDR-002683,AST-02683,2026-08-05 20:58:14,False,0,6,False,0,17,False,0.8,9.2
EDR-002684,AST-02684,2026-09-02 18:58:14,False,4,10,False,0,39,False,0.3,8.4
EDR-002685,AST-02685,2026-08-20 19:58:14,False,2,9,False,0,44,False,0.74,8.7
EDR-002686,AST-02686,2026-08-26 09:58:14,False,2,4,False,0,27,False,0.46,8.8
EDR-002687,AST-02687,2026-08-17 17:58:14,False,0,8,False,0,2,False,0.2,9.5
EDR-002688,AST-02688,2026-08-11 07:58:14,False,5,5,False,0,5,False,0.66,8.1
EDR-002689,AST-02689,2026-09-04 05:58:14,False,8,11,False,0,49,False,0.62,6.8
EDR-002690,AST-02690,2026-08-29 10:58:14,False,5,6,False,0,43,False,0.64,8.3
EDR-002691,AST-02691,2026-08-24 02:58:14,True,6,11,True,1,30,False,0.63,2.6
EDR-002692,AST-02692,2026-08-11 23:58:14,True,4,3,False,0,48,False,0.93,6.5
EDR-002693,AST-02693,2026-08-09 01:58:14,False,9,15,False,0,11,False,0.52,7.1
EDR-002694,AST-02694,2026-08-30 11:58:14,False,10,14,False,0,8,False,0.32,6.6
EDR-002695,AST-02695,2026-08-27 18:58:14,False,2,1,False,0,41,False,0.25,9.9
EDR-002696,AST-02696,2026-08-15 21:58:14,False,7,5,False,0,15,False,0.22,8.1
EDR-002697,AST-02697,2026-08-10 10:58:14,False,3,19,False,0,10,False,0.44,7.3
EDR-002698,AST-02698,2026-08-30 08:58:14,False,4,19,False,0,23,False,0.79,7.6
EDR-002699,AST-02699,2026-09-03 06:58:14,False,8,10,False,0,6,False,0.45,7.0
EDR-002700,AST-02700,2026-08-22 06:58:14,False,8,12,False,0,14,False,0.37,7.7
EDR-002701,AST-02701,2026-08-17 17:58:14,False,6,2,False,0,8,False,0.31,8.3
EDR-002702,AST-02702,2026-08-17 03:58:14,False,1,10,False,0,37,False,0.43,8.5
EDR-002703,AST-02703,2026-08-18 15:58:14,False,0,1,False,0,3,False,0.13,10
EDR-002704,AST-02704,2026-09-02 22:58:14,False,3,10,False,0,24,False,0.52,8.6
EDR-002705,AST-02705,2026-08-09 08:58:14,False,8,5,True,0,48,False,0.43,5.4
EDR-002706,AST-02706,2026-08-25 19:58:14,False,1,17,False,0,27,False,0.78,7.8
EDR-002707,AST-02707,2026-08-19 22:58:14,False,0,16,False,0,41,False,0.6,8.2
EDR-002708,AST-02708,2026-08-20 16:58:14,False,9,15,False,0,8,False,0.2,7.1
EDR-002709,AST-02709,2026-08-06 02:58:14,False,10,8,False,0,5,False,0.11,7.2
EDR-002710,AST-02710,2026-08-09 12:58:14,False,0,18,False,0,9,False,0.5,8.2
EDR-002711,AST-02711,2026-09-02 02:58:14,False,6,8,False,0,31,False,0.42,7.8
EDR-002712,AST-02712,2026-08-30 05:58:14,True,3,3,False,0,36,True,0.78,6.7
EDR-002713,AST-02713,2026-08-12 12:58:14,False,8,1,False,0,35,False,0.2,8.3
EDR-002714,AST-02714,2026-08-18 19:58:14,False,3,14,False,0,3,False,0.65,8.5
EDR-002715,AST-02715,2026-08-13 22:58:14,False,5,1,False,0,44,False,0.39,9.2
EDR-002716,AST-02716,2026-08-08 13:58:14,False,8,6,False,0,6,False,0.65,8.2
EDR-002717,AST-02717,2026-08-06 16:58:14,False,7,13,False,0,35,False,0.66,7.4
EDR-002718,AST-02718,2026-08-22 20:58:14,False,4,20,False,0,8,False,0.24,7.5
EDR-002719,AST-02719,2026-08-30 04:58:14,False,0,17,False,0,33,False,0.43,8.4
EDR-002720,AST-02720,2026-08-11 01:58:14,False,1,3,False,0,39,False,0.41,9.2
EDR-002721,AST-02721,2026-08-25 16:58:14,False,7,17,False,0,5,False,0.12,7.2
EDR-002722,AST-02722,2026-08-17 18:58:14,True,6,10,False,0,38,True,0.73,6.3
EDR-002723,AST-02723,2026-08-22 22:58:14,False,3,1,False,0,45,False,0.35,9.4
EDR-002724,AST-02724,2026-08-07 21:58:14,False,10,6,False,0,14,False,0.6,7.9
EDR-002725,AST-02725,2026-08-23 09:58:14,False,4,4,False,0,39,False,0.49,8.4
EDR-002726,AST-02726,2026-08-19 13:58:14,False,5,5,False,0,26,False,0.75,8.7
EDR-002727,AST-02727,2026-08-28 08:58:14,True,8,19,False,0,22,False,0.91,4.0
EDR-002728,AST-02728,2026-08-11 03:58:14,False,10,5,False,0,15,False,0.17,7.3
EDR-002729,AST-02729,2026-08-19 14:58:14,False,6,11,False,0,3,False,0.72,8.1
EDR-002730,AST-02730,2026-08-13 06:58:14,False,6,12,False,0,36,False,0.27,7.6
EDR-002731,AST-02731,2026-08-24 01:58:14,False,6,15,False,0,17,False,0.36,7.4
EDR-002732,AST-02732,2026-08-13 16:58:14,False,6,10,False,0,20,False,0.77,7.4
EDR-002733,AST-02733,2026-08-25 21:58:14,False,8,18,False,0,2,False,0.31,7.1
EDR-002734,AST-02734,2026-08-28 23:58:14,False,10,18,False,0,21,False,0.38,6.7
EDR-002735,AST-02735,2026-08-12 00:58:14,False,7,16,False,0,36,False,0.15,6.9
EDR-002736,AST-02736,2026-08-11 17:58:14,False,0,8,False,0,47,False,0.33,9.5
EDR-002737,AST-02737,2026-08-08 10:58:14,False,5,11,False,0,28,False,0.27,8.0
EDR-002738,AST-02738,2026-08-09 22:58:14,False,1,12,False,0,14,False,0.17,8.9
EDR-002739,AST-02739,2026-08-15 00:58:14,False,6,15,False,0,25,False,0.48,7.7
EDR-002740,AST-02740,2026-08-09 08:58:14,False,6,4,False,0,29,False,0.56,8.7
EDR-002741,AST-02741,2026-08-22 06:58:14,False,4,6,False,0,17,False,0.24,8.7
EDR-002742,AST-02742,2026-09-02 01:58:14,False,0,19,False,0,26,False,0.28,7.8
EDR-002743,AST-02743,2026-08-25 00:58:14,False,10,12,False,0,48,False,0.53,7.2
EDR-002744,AST-02744,2026-08-09 10:58:14,False,1,5,False,0,24,False,0.4,9.1
EDR-002745,AST-02745,2026-08-21 08:58:14,False,0,12,False,0,33,False,0.68,8.6
EDR-002746,AST-02746,2026-08-29 07:58:14,False,5,16,False,0,31,False,0.15,7.1
EDR-002747,AST-02747,2026-08-20 16:58:14,False,2,5,False,0,7,False,0.43,9.1
EDR-002748,AST-02748,2026-08-29 15:58:14,False,9,7,False,0,40,False,0.42,7.3
EDR-002749,AST-02749,2026-08-27 12:58:14,False,6,8,False,0,10,False,0.39,8.4
EDR-002750,AST-02750,2026-08-13 14:58:14,False,9,2,False,0,39,False,0.48,8.2
EDR-002751,AST-02751,2026-08-15 12:58:14,False,5,19,False,0,3,False,0.42,7.3
EDR-002752,AST-02752,2026-08-30 19:58:14,False,5,8,False,0,10,False,0.45,7.8
EDR-002753,AST-02753,2026-08-30 22:58:14,False,8,6,False,0,39,False,0.12,7.6
EDR-002754,AST-02754,2026-08-29 23:58:14,False,9,5,False,0,15,False,0.54,7.2
EDR-002755,AST-02755,2026-08-20 16:58:14,False,7,16,False,0,15,False,0.1,7.4
EDR-002756,AST-02756,2026-08-09 03:58:14,False,6,9,False,0,11,False,0.2,8.1
EDR-002757,AST-02757,2026-08-06 20:58:14,False,5,11,False,0,21,False,0.27,7.5
EDR-002758,AST-02758,2026-08-30 00:58:14,False,2,4,False,0,20,False,0.23,9.6
EDR-002759,AST-02759,2026-08-07 12:58:14,False,5,14,False,0,35,False,0.16,8.0
EDR-002760,AST-02760,2026-08-18 06:58:14,False,8,2,False,0,15,False,0.72,8.0
EDR-002761,AST-02761,2026-08-11 08:58:14,False,0,5,False,0,4,False,0.37,9.6
EDR-002762,AST-02762,2026-08-05 17:58:14,False,3,6,False,0,19,False,0.35,8.5
EDR-002763,AST-02763,2026-08-12 19:58:14,False,0,10,False,0,41,False,0.58,8.7
EDR-002764,AST-02764,2026-08-17 15:58:14,False,2,10,False,0,47,False,0.37,8.7
EDR-002765,AST-02765,2026-08-20 04:58:14,False,8,3,False,0,32,False,0.61,8.4
EDR-002766,AST-02766,2026-08-16 17:58:14,False,4,0,False,0,9,False,0.61,9.0
EDR-002767,AST-02767,2026-09-02 03:58:14,False,4,10,False,0,21,False,0.23,8.5
EDR-002768,AST-02768,2026-09-01 07:58:14,False,10,15,False,0,43,False,0.24,6.0
EDR-002769,AST-02769,2026-08-29 19:58:14,False,5,3,False,0,24,False,0.74,8.8
EDR-002770,AST-02770,2026-08-13 10:58:14,False,1,2,False,0,45,False,0.47,9.9
EDR-002771,AST-02771,2026-08-06 04:58:14,True,6,0,False,1,2,False,0.85,6.9
EDR-002772,AST-02772,2026-09-04 05:58:14,False,9,8,False,0,6,False,0.42,7.7
EDR-002773,AST-02773,2026-08-22 04:58:14,False,10,11,False,0,34,False,0.36,6.8
EDR-002774,AST-02774,2026-08-08 16:58:14,False,8,10,False,0,0,False,0.34,7.8
EDR-002775,AST-02775,2026-08-06 03:58:14,False,8,1,False,0,13,False,0.68,7.9
EDR-002776,AST-02776,2026-08-21 03:58:14,False,0,6,False,0,16,False,0.51,9.6
EDR-002777,AST-02777,2026-08-17 20:58:14,False,9,20,True,0,18,False,0.48,3.2
EDR-002778,AST-02778,2026-08-30 13:58:14,False,3,14,False,0,25,False,0.48,8.2
EDR-002779,AST-02779,2026-08-17 01:58:14,False,3,8,False,0,20,False,0.5,8.2
EDR-002780,AST-02780,2026-08-12 19:58:14,False,3,8,False,0,10,False,0.43,9.1
EDR-002781,AST-02781,2026-08-26 17:58:14,False,5,20,False,0,19,False,0.32,6.6
EDR-002782,AST-02782,2026-08-12 08:58:14,False,1,11,False,0,15,False,0.79,9.2
EDR-002783,AST-02783,2026-08-16 04:58:14,False,10,14,False,0,44,False,0.78,6.6
EDR-002784,AST-02784,2026-08-10 10:58:14,False,1,20,False,0,47,False,0.15,7.8
EDR-002785,AST-02785,2026-08-24 17:58:14,False,0,16,False,0,42,False,0.1,8.3
EDR-002786,AST-02786,2026-09-02 18:58:14,False,5,8,False,0,34,False,0.27,8.4
EDR-002787,AST-02787,2026-08-24 10:58:14,False,9,3,False,0,35,False,0.66,7.6
EDR-002788,AST-02788,2026-08-22 10:58:14,False,9,16,False,0,16,False,0.38,7.0
EDR-002789,AST-02789,2026-08-07 16:58:14,False,2,10,False,0,49,False,0.46,8.7
EDR-002790,AST-02790,2026-08-28 11:58:14,False,2,19,False,0,50,False,0.25,7.5
EDR-002791,AST-02791,2026-08-30 23:58:14,False,8,7,False,0,6,False,0.79,8.0
EDR-002792,AST-02792,2026-08-12 05:58:14,True,7,2,False,3,48,False,0.92,6.3
EDR-002793,AST-02793,2026-08-20 07:58:14,False,9,20,False,0,43,False,0.24,6.0
EDR-002794,AST-02794,2026-09-02 09:58:14,False,7,2,False,0,38,False,0.5,8.8
EDR-002795,AST-02795,2026-08-23 06:58:14,True,0,7,False,0,11,True,0.6,6.9
EDR-002796,AST-02796,2026-08-13 22:58:14,False,3,11,False,0,40,False,0.74,8.1
EDR-002797,AST-02797,2026-08-25 09:58:14,False,6,8,False,0,23,False,0.78,8.0
EDR-002798,AST-02798,2026-08-28 11:58:14,False,6,9,False,0,9,False,0.68,7.6
EDR-002799,AST-02799,2026-08-28 22:58:14,False,6,19,False,0,43,False,0.23,6.6
EDR-002800,AST-02800,2026-08-27 01:58:14,False,6,12,True,0,47,False,0.72,4.5
EDR-002801,AST-02801,2026-08-10 09:58:14,False,10,2,False,0,9,False,0.21,8.3
EDR-002802,AST-02802,2026-08-29 17:58:14,False,10,7,False,0,45,False,0.31,7.4
EDR-002803,AST-02803,2026-08-25 16:58:14,False,10,0,False,0,28,False,0.62,7.7
EDR-002804,AST-02804,2026-08-18 21:58:14,False,7,18,False,0,12,False,0.76,6.3
EDR-002805,AST-02805,2026-08-29 10:58:14,False,4,19,False,0,21,False,0.33,6.9
EDR-002806,AST-02806,2026-08-27 03:58:14,False,10,12,False,0,5,False,0.39,7.3
EDR-002807,AST-02807,2026-08-08 16:58:14,False,1,16,False,0,4,False,0.29,8.7
EDR-002808,AST-02808,2026-08-16 06:58:14,False,0,12,False,0,2,False,0.18,8.6
EDR-002809,AST-02809,2026-08-27 16:58:14,False,2,6,False,0,43,False,0.28,9.5
EDR-002810,AST-02810,2026-08-15 16:58:14,False,7,11,False,0,25,False,0.49,7.2
EDR-002811,AST-02811,2026-08-15 19:58:14,False,2,12,False,0,19,False,0.36,8.7
EDR-002812,AST-02812,2026-08-09 07:58:14,True,8,0,False,2,22,False,0.85,6.1
EDR-002813,AST-02813,2026-09-03 11:58:14,True,8,7,False,0,16,True,0.75,6.1
EDR-002814,AST-02814,2026-08-31 08:58:14,False,9,14,False,0,6,False,0.16,7.3
EDR-002815,AST-02815,2026-08-12 03:58:14,False,9,7,False,0,33,False,0.46,7.3
EDR-002816,AST-02816,2026-08-06 11:58:14,False,3,13,False,0,10,False,0.35,8.5
EDR-002817,AST-02817,2026-09-03 23:58:14,False,10,5,False,0,36,False,0.72,7.6
EDR-002818,AST-02818,2026-08-13 17:58:14,False,8,0,False,0,9,False,0.47,8.9
EDR-002819,AST-02819,2026-08-11 00:58:14,False,10,8,False,0,20,False,0.44,6.7
EDR-002820,AST-02820,2026-08-21 16:58:14,False,2,16,False,0,46,False,0.21,7.5
EDR-002821,AST-02821,2026-09-01 22:58:14,False,8,0,False,0,6,False,0.61,8.1
EDR-002822,AST-02822,2026-08-29 14:58:14,False,9,2,False,0,31,False,0.55,7.9
EDR-002823,AST-02823,2026-08-26 07:58:14,False,6,15,False,0,26,False,0.74,7.1
EDR-002824,AST-02824,2026-08-22 07:58:14,True,10,3,False,1,41,False,0.79,6.2
EDR-002825,AST-02825,2026-08-20 19:58:14,False,5,15,False,0,41,False,0.69,7.8
EDR-002826,AST-02826,2026-08-09 14:58:14,False,2,0,False,0,24,False,0.19,9.6
EDR-002827,AST-02827,2026-08-12 19:58:14,False,3,10,False,0,37,False,0.12,8.3
EDR-002828,AST-02828,2026-08-21 16:58:14,False,8,0,False,0,44,False,0.54,8.0
EDR-002829,AST-02829,2026-08-31 05:58:14,False,4,17,False,0,39,False,0.66,7.2
EDR-002830,AST-02830,2026-08-08 20:58:14,False,0,6,False,0,18,False,0.3,9.4
EDR-002831,AST-02831,2026-08-13 18:58:14,False,4,19,False,0,19,False,0.72,7.2
EDR-002832,AST-02832,2026-08-24 03:58:14,False,9,5,False,0,7,False,0.71,7.3
EDR-002833,AST-02833,2026-09-04 14:58:14,False,7,8,False,0,39,False,0.77,7.3
EDR-002834,AST-02834,2026-08-15 04:58:14,False,9,2,True,0,1,False,0.41,4.9
EDR-002835,AST-02835,2026-08-25 14:58:14,False,0,2,False,0,6,False,0.79,9.9
EDR-002836,AST-02836,2026-08-16 19:58:14,False,8,17,False,0,39,False,0.38,7.1
EDR-002837,AST-02837,2026-08-13 03:58:14,True,3,17,False,3,32,False,0.65,6.2
EDR-002838,AST-02838,2026-08-31 14:58:14,False,1,6,False,0,44,False,0.46,9.1
EDR-002839,AST-02839,2026-08-24 10:58:14,False,6,3,False,0,1,False,0.18,8.8
EDR-002840,AST-02840,2026-08-18 20:58:14,False,10,15,False,0,40,False,0.42,6.1
EDR-002841,AST-02841,2026-08-13 20:58:14,False,4,13,False,0,13,False,0.66,8.0
EDR-002842,AST-02842,2026-08-09 07:58:14,False,6,16,False,0,38,False,0.68,6.9
EDR-002843,AST-02843,2026-08-11 11:58:14,False,6,13,False,0,22,False,0.2,7.2
EDR-002844,AST-02844,2026-08-27 03:58:14,False,9,20,False,0,46,False,0.38,6.2
EDR-002845,AST-02845,2026-08-11 07:58:14,False,7,19,False,0,32,False,0.43,6.9
EDR-002846,AST-02846,2026-09-04 12:58:14,False,8,15,False,0,45,False,0.49,7.2
EDR-002847,AST-02847,2026-08-22 21:58:14,False,3,18,False,0,17,False,0.55,7.9
EDR-002848,AST-02848,2026-08-22 08:58:14,False,4,19,False,0,16,False,0.41,7.6
EDR-002849,AST-02849,2026-08-17 04:58:14,False,9,20,False,0,45,False,0.49,6.1
EDR-002850,AST-02850,2026-08-11 00:58:14,False,8,10,False,0,1,False,0.21,7.7
EDR-002851,AST-02851,2026-08-17 04:58:14,False,7,8,False,0,23,False,0.27,8.3
EDR-002852,AST-02852,2026-08-19 08:58:14,False,0,8,False,0,2,False,0.74,9.7
EDR-002853,AST-02853,2026-08-10 14:58:14,False,3,9,False,0,6,False,0.63,8.0
EDR-002854,AST-02854,2026-08-20 15:58:14,False,7,19,False,0,41,False,0.24,7.2
EDR-002855,AST-02855,2026-08-31 21:58:14,False,3,2,False,0,21,False,0.67,9.2
EDR-002856,AST-02856,2026-08-07 04:58:14,False,0,7,False,0,31,False,0.46,9.5
EDR-002857,AST-02857,2026-08-18 20:58:14,False,1,0,False,0,14,False,0.12,9.6
EDR-002858,AST-02858,2026-08-15 20:58:14,False,10,16,False,0,40,False,0.71,5.9
EDR-002859,AST-02859,2026-08-13 17:58:14,False,3,18,False,0,42,False,0.8,7.6
EDR-002860,AST-02860,2026-08-16 15:58:14,False,6,4,False,0,31,False,0.17,8.4
EDR-002861,AST-02861,2026-08-15 00:58:14,False,9,16,False,0,13,False,0.64,7.0
EDR-002862,AST-02862,2026-08-28 16:58:14,False,4,1,False,0,38,False,0.12,9.4
EDR-002863,AST-02863,2026-08-25 19:58:14,True,2,13,False,1,22,True,0.65,6.4
EDR-002864,AST-02864,2026-08-18 05:58:14,False,8,10,False,0,37,False,0.5,7.2
EDR-002865,AST-02865,2026-08-30 16:58:14,False,10,7,False,0,15,False,0.78,7.2
EDR-002866,AST-02866,2026-08-28 08:58:14,False,10,0,False,0,48,False,0.7,8.3
EDR-002867,AST-02867,2026-08-16 23:58:14,False,7,13,False,0,50,False,0.26,7.3
EDR-002868,AST-02868,2026-08-27 06:58:14,False,6,16,False,0,7,False,0.3,6.7
EDR-002869,AST-02869,2026-08-26 20:58:14,False,1,6,False,0,21,False,0.43,9.3
EDR-002870,AST-02870,2026-08-18 13:58:14,False,9,9,False,0,15,False,0.75,7.6
EDR-002871,AST-02871,2026-08-22 07:58:14,False,10,8,False,0,1,False,0.35,7.0
EDR-002872,AST-02872,2026-08-08 18:58:14,False,4,17,False,0,26,False,0.64,7.1
EDR-002873,AST-02873,2026-08-20 21:58:14,False,3,20,False,0,16,False,0.28,7.3
EDR-002874,AST-02874,2026-08-10 03:58:14,False,2,9,False,0,10,False,0.77,8.9
EDR-002875,AST-02875,2026-08-22 10:58:14,False,5,15,False,0,36,False,0.35,7.0
EDR-002876,AST-02876,2026-08-06 04:58:14,False,4,15,False,0,22,False,0.38,8.1
EDR-002877,AST-02877,2026-08-15 19:58:14,False,9,8,False,0,35,False,0.27,7.1
EDR-002878,AST-02878,2026-08-27 12:58:14,False,4,2,False,0,10,False,0.46,8.9
EDR-002879,AST-02879,2026-08-24 07:58:14,False,5,19,False,0,49,False,0.42,7.1
EDR-002880,AST-02880,2026-08-25 18:58:14,False,5,13,False,0,50,False,0.11,7.9
EDR-002881,AST-02881,2026-08-18 20:58:14,False,5,4,False,0,29,False,0.15,8.4
EDR-002882,AST-02882,2026-08-27 06:58:14,False,0,18,False,0,28,False,0.38,8.6
EDR-002883,AST-02883,2026-08-18 18:58:14,False,9,2,False,0,46,False,0.22,7.5
EDR-002884,AST-02884,2026-08-21 08:58:14,False,7,18,False,0,8,False,0.54,7.1
EDR-002885,AST-02885,2026-08-11 04:58:14,False,9,13,False,0,37,False,0.58,7.3
EDR-002886,AST-02886,2026-08-11 01:58:14,False,5,16,False,0,5,False,0.19,7.2
EDR-002887,AST-02887,2026-08-13 03:58:14,False,10,10,False,0,15,False,0.11,7.2
EDR-002888,AST-02888,2026-08-06 06:58:14,False,3,2,False,0,46,False,0.72,8.7
EDR-002889,AST-02889,2026-09-04 07:58:14,False,8,3,False,0,45,False,0.22,8.1
EDR-002890,AST-02890,2026-08-22 00:58:14,False,10,7,False,0,14,False,0.74,7.4
EDR-002891,AST-02891,2026-08-19 08:58:14,False,8,17,False,0,41,False,0.56,6.4
EDR-002892,AST-02892,2026-08-30 22:58:14,False,2,16,False,0,46,False,0.15,7.7
EDR-002893,AST-02893,2026-08-18 03:58:14,False,1,19,False,0,14,False,0.78,8.4
EDR-002894,AST-02894,2026-08-18 18:58:14,False,5,14,False,0,28,False,0.63,7.8
EDR-002895,AST-02895,2026-09-04 05:58:14,False,2,9,False,0,23,False,0.47,8.6
EDR-002896,AST-02896,2026-08-17 06:58:14,False,9,14,False,0,9,False,0.68,7.0
EDR-002897,AST-02897,2026-08-24 08:58:14,False,4,1,False,0,21,False,0.76,9.5
EDR-002898,AST-02898,2026-09-03 18:58:14,False,7,17,False,0,13,False,0.74,6.6
EDR-002899,AST-02899,2026-08-11 08:58:14,False,5,20,False,0,27,False,0.15,7.3
EDR-002900,AST-02900,2026-08-11 14:58:14,False,0,13,False,0,41,False,0.14,9.2
EDR-002901,AST-02901,2026-08-15 04:58:14,False,4,2,False,0,25,False,0.45,8.8
EDR-002902,AST-02902,2026-08-12 19:58:14,False,10,5,True,0,30,False,0.59,4.2
EDR-002903,AST-02903,2026-08-09 03:58:14,False,2,16,False,0,13,False,0.18,7.6
EDR-002904,AST-02904,2026-08-15 17:58:14,False,0,4,False,0,21,False,0.2,9.5
EDR-002905,AST-02905,2026-08-31 22:58:14,False,0,3,False,0,7,False,0.47,10
EDR-002906,AST-02906,2026-08-10 01:58:14,False,10,1,False,0,8,False,0.74,8.2
EDR-002907,AST-02907,2026-08-20 03:58:14,False,2,11,False,0,11,False,0.6,8.9
EDR-002908,AST-02908,2026-09-04 13:58:14,False,7,9,False,0,15,False,0.74,8.0
EDR-002909,AST-02909,2026-08-08 03:58:14,False,1,15,False,0,37,False,0.26,8.6
EDR-002910,AST-02910,2026-08-30 16:58:14,False,8,11,False,0,45,False,0.53,7.5
EDR-002911,AST-02911,2026-08-20 04:58:14,False,7,16,False,0,17,False,0.41,6.8
EDR-002912,AST-02912,2026-08-13 02:58:14,False,1,17,False,0,8,False,0.18,8.5
EDR-002913,AST-02913,2026-08-08 14:58:14,False,8,18,False,0,41,False,0.1,6.3
EDR-002914,AST-02914,2026-08-16 16:58:14,False,3,2,False,0,33,False,0.54,9.5
EDR-002915,AST-02915,2026-08-11 04:58:14,False,1,16,False,0,8,False,0.15,7.7
EDR-002916,AST-02916,2026-08-26 15:58:14,False,6,19,False,0,49,False,0.57,6.9
EDR-002917,AST-02917,2026-08-27 06:58:14,False,3,8,False,0,5,False,0.23,8.9
EDR-002918,AST-02918,2026-08-25 04:58:14,False,5,3,False,0,40,False,0.75,8.2
EDR-002919,AST-02919,2026-08-26 21:58:14,False,6,20,False,0,4,False,0.56,7.3
EDR-002920,AST-02920,2026-08-13 09:58:14,False,10,10,False,0,7,False,0.63,7.2
EDR-002921,AST-02921,2026-08-31 05:58:14,False,0,0,False,0,43,False,0.4,10
EDR-002922,AST-02922,2026-08-24 13:58:14,False,2,9,False,0,10,False,0.59,9.2
EDR-002923,AST-02923,2026-08-30 17:58:14,False,7,11,False,0,41,False,0.1,7.3
EDR-002924,AST-02924,2026-08-10 21:58:14,False,4,19,False,0,47,False,0.18,6.9
EDR-002925,AST-02925,2026-08-27 20:58:14,False,10,20,False,0,18,False,0.72,6.0
EDR-002926,AST-02926,2026-08-10 05:58:14,False,1,11,False,0,29,False,0.43,8.8
EDR-002927,AST-02927,2026-08-19 20:58:14,False,7,16,False,0,20,False,0.38,7.2
EDR-002928,AST-02928,2026-08-15 17:58:14,False,3,14,False,0,19,False,0.64,8.0
EDR-002929,AST-02929,2026-08-19 20:58:14,False,6,3,False,0,25,False,0.13,8.8
EDR-002930,AST-02930,2026-08-27 10:58:14,False,10,10,False,0,29,False,0.79,7.2
EDR-002931,AST-02931,2026-08-18 06:58:14,False,4,14,False,0,44,False,0.64,7.3
EDR-002932,AST-02932,2026-09-02 04:58:14,False,10,11,False,0,49,False,0.36,6.8
EDR-002933,AST-02933,2026-08-12 16:58:14,False,7,20,False,0,44,False,0.72,6.6
EDR-002934,AST-02934,2026-08-11 03:58:14,False,7,4,False,0,19,False,0.12,7.8
EDR-002935,AST-02935,2026-08-12 09:58:14,False,1,1,True,0,4,False,0.43,6.3
EDR-002936,AST-02936,2026-08-26 14:58:14,False,9,2,False,0,36,False,0.72,8.3
EDR-002937,AST-02937,2026-08-28 16:58:14,False,1,11,False,0,30,False,0.64,8.3
EDR-002938,AST-02938,2026-08-26 17:58:14,False,7,3,False,0,33,False,0.37,8.5
EDR-002939,AST-02939,2026-08-18 17:58:14,False,1,11,False,0,43,False,0.57,8.9
EDR-002940,AST-02940,2026-08-21 08:58:14,False,10,11,False,0,48,False,0.78,6.9
EDR-002941,AST-02941,2026-08-31 08:58:14,False,9,2,True,0,27,False,0.19,4.8
EDR-002942,AST-02942,2026-08-15 01:58:14,False,1,15,False,0,21,False,0.34,8.5
EDR-002943,AST-02943,2026-08-24 15:58:14,True,3,15,False,3,10,False,0.74,6.4
EDR-002944,AST-02944,2026-08-07 01:58:14,False,1,10,False,0,31,False,0.64,8.6
EDR-002945,AST-02945,2026-09-03 07:58:14,False,7,15,False,0,3,False,0.2,6.6
EDR-002946,AST-02946,2026-09-01 19:58:14,False,1,3,False,0,22,False,0.58,9.3
EDR-002947,AST-02947,2026-09-04 01:58:14,False,9,12,True,0,22,False,0.7,4.0
EDR-002948,AST-02948,2026-08-20 01:58:14,True,3,17,False,0,23,True,0.9,5.3
EDR-002949,AST-02949,2026-09-02 23:58:14,False,9,2,True,0,22,False,0.75,5.4
EDR-002950,AST-02950,2026-08-29 06:58:14,False,10,16,False,0,6,False,0.55,6.8
EDR-002951,AST-02951,2026-08-11 04:58:14,False,9,10,False,0,14,False,0.44,7.5
EDR-002952,AST-02952,2026-08-21 20:58:14,False,2,15,False,0,37,False,0.28,7.9
EDR-002953,AST-02953,2026-08-25 00:58:14,False,0,14,False,0,24,False,0.47,8.4
EDR-002954,AST-02954,2026-08-25 10:58:14,False,4,14,False,0,0,False,0.17,8.1
EDR-002955,AST-02955,2026-09-02 08:58:14,False,0,12,False,0,49,False,0.58,9.0
EDR-002956,AST-02956,2026-08-19 09:58:14,False,9,2,False,0,11,False,0.66,8.2
EDR-002957,AST-02957,2026-09-04 09:58:14,False,9,18,True,0,50,False,0.76,3.1
EDR-002958,AST-02958,2026-08-07 06:58:14,False,9,7,False,0,41,False,0.47,8.0
EDR-002959,AST-02959,2026-08-14 11:58:14,False,10,10,False,0,5,False,0.59,6.6
EDR-002960,AST-02960,2026-08-13 10:58:14,False,9,8,False,0,9,False,0.41,7.2
EDR-002961,AST-02961,2026-08-28 13:58:14,False,2,13,False,0,48,False,0.36,8.8
EDR-002962,AST-02962,2026-08-29 01:58:14,False,1,17,False,0,23,False,0.6,8.6
EDR-002963,AST-02963,2026-08-26 08:58:14,False,9,14,False,0,26,False,0.13,6.4
EDR-002964,AST-02964,2026-08-27 16:58:14,False,9,13,False,0,35,False,0.62,6.5
EDR-002965,AST-02965,2026-08-30 18:58:14,False,8,2,False,0,14,False,0.61,8.1
EDR-002966,AST-02966,2026-08-07 04:58:14,False,4,11,False,0,4,False,0.17,8.2
EDR-002967,AST-02967,2026-08-29 13:58:14,False,0,19,False,0,26,False,0.12,7.9
EDR-002968,AST-02968,2026-08-13 11:58:14,False,8,3,False,0,42,False,0.52,8.2
EDR-002969,AST-02969,2026-08-26 16:58:14,False,4,13,False,0,19,False,0.39,8.3
EDR-002970,AST-02970,2026-08-21 10:58:14,False,7,20,False,0,8,False,0.53,6.1
EDR-002971,AST-02971,2026-08-19 02:58:14,False,8,14,False,0,6,False,0.53,6.7
EDR-002972,AST-02972,2026-09-04 15:58:14,False,2,5,False,0,36,False,0.55,9.1
EDR-002973,AST-02973,2026-08-05 18:58:14,False,2,5,False,0,25,False,0.35,8.6
EDR-002974,AST-02974,2026-08-20 08:58:14,True,5,13,False,2,31,False,0.87,5.4
EDR-002975,AST-02975,2026-08-09 06:58:14,False,1,10,False,0,19,False,0.44,9.1
EDR-002976,AST-02976,2026-08-25 19:58:14,False,3,15,False,0,33,False,0.49,8.1
EDR-002977,AST-02977,2026-08-25 09:58:14,False,10,12,False,0,27,False,0.25,6.8
EDR-002978,AST-02978,2026-08-08 11:58:14,False,10,19,False,0,10,False,0.15,6.2
EDR-002979,AST-02979,2026-08-17 18:58:14,False,2,3,False,0,14,False,0.61,9.7
EDR-002980,AST-02980,2026-08-28 03:58:14,False,8,1,False,0,10,False,0.43,8.2
EDR-002981,AST-02981,2026-08-19 08:58:14,False,9,1,False,0,45,False,0.46,7.8
EDR-002982,AST-02982,2026-08-25 00:58:14,False,1,11,False,0,34,False,0.4,8.5
EDR-002983,AST-02983,2026-08-16 14:58:14,False,8,17,False,0,35,False,0.62,6.9
EDR-002984,AST-02984,2026-08-15 12:58:14,False,4,18,False,0,0,False,0.39,7.3
EDR-002985,AST-02985,2026-08-23 12:58:14,False,9,14,True,0,49,False,0.73,3.7
EDR-002986,AST-02986,2026-08-16 23:58:14,False,9,16,False,0,39,False,0.29,6.8
EDR-002987,AST-02987,2026-08-29 10:58:14,False,2,7,False,0,37,False,0.21,8.9
EDR-002988,AST-02988,2026-08-31 07:58:14,False,3,16,False,0,25,False,0.55,7.7
EDR-002989,AST-02989,2026-08-08 08:58:14,False,10,7,False,0,22,False,0.44,7.3
EDR-002990,AST-02990,2026-08-28 13:58:14,False,9,0,False,0,12,False,0.75,8.4
EDR-002991,AST-02991,2026-08-29 17:58:14,False,9,0,False,0,2,False,0.35,8.7
EDR-002992,AST-02992,2026-08-21 04:58:14,False,10,3,False,0,45,False,0.18,7.7
EDR-002993,AST-02993,2026-09-01 01:58:14,False,2,19,False,0,27,False,0.36,8.2
EDR-002994,AST-02994,2026-08-20 13:58:14,False,7,19,False,0,40,False,0.45,6.8
EDR-002995,AST-02995,2026-08-22 19:58:14,False,1,9,False,0,44,False,0.42,9.0
EDR-002996,AST-02996,2026-08-12 15:58:14,False,7,6,False,0,34,False,0.17,7.7
EDR-002997,AST-02997,2026-08-06 08:58:14,False,9,0,False,0,26,False,0.73,8.1
EDR-002998,AST-02998,2026-08-18 04:58:14,False,3,10,False,0,21,False,0.55,8.4
EDR-002999,AST-02999,2026-08-08 00:58:14,False,9,17,False,0,48,False,0.67,6.4
EDR-003000,AST-03000,2026-08-06 22:58:14,False,2,1,False,0,21,False,0.24,9.0
EDR-003001,AST-03001,2026-08-10 20:58:14,False,7,6,False,0,23,False,0.67,7.8
EDR-003002,AST-03002,2026-08-18 08:58:14,False,6,20,False,0,21,False,0.49,6.9
EDR-003003,AST-03003,2026-08-30 12:58:14,False,10,16,False,0,21,False,0.14,6.9
EDR-003004,AST-03004,2026-08-12 14:58:14,False,3,12,False,0,50,False,0.68,8.2
EDR-003005,AST-03005,2026-08-08 13:58:14,True,4,15,False,1,37,False,0.69,6.0
EDR-003006,AST-03006,2026-08-11 06:58:14,False,5,3,False,0,23,False,0.16,8.4
EDR-003007,AST-03007,2026-08-19 17:58:14,False,8,18,False,0,33,False,0.47,6.9
EDR-003008,AST-03008,2026-08-26 09:58:14,False,5,4,False,0,8,False,0.24,8.5
EDR-003009,AST-03009,2026-08-30 23:58:14,False,8,4,False,0,16,False,0.41,7.6
EDR-003010,AST-03010,2026-08-24 10:58:14,False,9,20,False,0,12,False,0.47,6.5
EDR-003011,AST-03011,2026-08-30 19:58:14,False,6,15,False,0,14,False,0.23,7.1
EDR-003012,AST-03012,2026-09-03 15:58:14,False,10,20,False,0,10,False,0.57,5.7
EDR-003013,AST-03013,2026-08-20 07:58:14,False,0,14,False,0,19,False,0.4,8.7
EDR-003014,AST-03014,2026-08-21 16:58:14,False,8,17,False,0,4,False,0.36,7.1
EDR-003015,AST-03015,2026-08-24 01:58:14,False,9,1,False,0,24,False,0.51,8.2
EDR-003016,AST-03016,2026-08-22 23:58:14,False,0,16,False,0,5,False,0.58,8.0
EDR-003017,AST-03017,2026-08-21 16:58:14,False,2,3,False,0,35,False,0.58,9.4
EDR-003018,AST-03018,2026-08-30 06:58:14,False,3,13,False,0,43,False,0.28,7.9
EDR-003019,AST-03019,2026-08-16 11:58:14,False,4,19,False,0,2,False,0.77,7.4
EDR-003020,AST-03020,2026-08-13 00:58:14,False,10,7,False,0,27,False,0.22,7.2
EDR-003021,AST-03021,2026-08-16 15:58:14,False,1,13,False,0,7,False,0.49,8.7
EDR-003022,AST-03022,2026-08-08 17:58:14,False,0,18,False,0,36,False,0.21,8.6
EDR-003023,AST-03023,2026-08-14 18:58:14,False,3,6,False,0,44,False,0.65,8.6
EDR-003024,AST-03024,2026-08-21 23:58:14,False,1,17,False,0,39,False,0.23,8.5
EDR-003025,AST-03025,2026-09-01 15:58:14,False,5,7,False,0,8,False,0.79,8.5
EDR-003026,AST-03026,2026-09-01 22:58:14,False,5,19,False,0,40,False,0.44,6.9
EDR-003027,AST-03027,2026-08-20 06:58:14,False,7,15,False,0,44,False,0.1,7.6
EDR-003028,AST-03028,2026-08-29 19:58:14,False,3,5,False,0,11,False,0.43,8.8
EDR-003029,AST-03029,2026-09-01 06:58:14,False,8,14,False,0,21,False,0.51,6.8
EDR-003030,AST-03030,2026-08-31 10:58:14,False,3,7,False,0,15,False,0.22,8.9
EDR-003031,AST-03031,2026-08-28 15:58:14,False,9,18,False,0,30,False,0.54,6.3
EDR-003032,AST-03032,2026-08-15 20:58:14,False,0,16,False,0,27,False,0.44,8.1
EDR-003033,AST-03033,2026-08-11 20:58:14,False,3,7,False,0,33,False,0.62,8.7
EDR-003034,AST-03034,2026-08-30 09:58:14,False,8,19,False,0,6,False,0.27,6.8
EDR-003035,AST-03035,2026-08-16 06:58:14,False,6,15,False,0,49,False,0.27,7.4
EDR-003036,AST-03036,2026-08-15 18:58:14,False,0,9,False,0,1,False,0.46,9.3
EDR-003037,AST-03037,2026-09-04 02:58:14,False,7,5,False,0,16,False,0.32,8.2
EDR-003038,AST-03038,2026-09-01 20:58:14,False,0,18,False,0,9,False,0.26,8.3
EDR-003039,AST-03039,2026-08-24 09:58:14,False,5,17,False,0,45,False,0.4,7.1
EDR-003040,AST-03040,2026-08-26 15:58:14,False,9,16,False,0,50,False,0.54,6.7
EDR-003041,AST-03041,2026-08-26 10:58:14,False,5,20,False,0,18,False,0.2,7.2
EDR-003042,AST-03042,2026-08-21 16:58:14,False,5,20,False,0,7,False,0.53,7.0
EDR-003043,AST-03043,2026-08-21 15:58:14,False,8,4,False,0,5,False,0.8,7.7
EDR-003044,AST-03044,2026-08-26 18:58:14,False,0,8,False,0,13,False,0.15,9.4
EDR-003045,AST-03045,2026-08-07 20:58:14,False,9,13,False,0,38,False,0.15,7.0
EDR-003046,AST-03046,2026-08-06 21:58:14,False,1,9,False,0,21,False,0.3,8.7
EDR-003047,AST-03047,2026-08-27 04:58:14,False,6,3,False,0,38,False,0.69,8.1
EDR-003048,AST-03048,2026-08-10 20:58:14,False,0,4,False,0,36,False,0.34,9.6
EDR-003049,AST-03049,2026-08-19 01:58:14,False,5,17,False,0,7,False,0.61,6.9
EDR-003050,AST-03050,2026-08-26 23:58:14,False,3,20,True,0,29,False,0.63,4.8
EDR-003051,AST-03051,2026-08-06 19:58:14,False,2,0,False,0,20,False,0.12,9.9
EDR-003052,AST-03052,2026-08-18 07:58:14,False,7,12,False,0,0,False,0.75,7.8
EDR-003053,AST-03053,2026-08-07 04:58:14,False,6,19,False,0,14,False,0.72,7.3
EDR-003054,AST-03054,2026-08-18 07:58:14,False,6,17,False,0,48,False,0.79,6.8
EDR-003055,AST-03055,2026-08-31 16:58:14,False,4,13,False,0,10,False,0.15,7.4
EDR-003056,AST-03056,2026-08-07 13:58:14,True,8,3,False,3,46,False,0.88,6.3
EDR-003057,AST-03057,2026-08-17 11:58:14,False,3,12,False,0,14,False,0.78,8.4
EDR-003058,AST-03058,2026-08-12 09:58:14,False,4,20,False,0,31,False,0.24,7.2
EDR-003059,AST-03059,2026-08-12 21:58:14,False,1,10,False,0,24,False,0.7,8.5
EDR-003060,AST-03060,2026-08-20 13:58:14,False,1,18,False,0,39,False,0.29,7.8
EDR-003061,AST-03061,2026-08-19 01:58:14,False,3,14,False,0,3,False,0.67,7.8
EDR-003062,AST-03062,2026-08-14 03:58:14,False,9,20,False,0,6,False,0.62,6.5
EDR-003063,AST-03063,2026-09-03 14:58:14,False,3,16,False,0,25,False,0.2,8.2
EDR-003064,AST-03064,2026-08-27 15:58:14,False,9,3,False,0,16,False,0.36,7.5
EDR-003065,AST-03065,2026-08-24 11:58:14,False,6,4,False,0,44,False,0.5,8.9
EDR-003066,AST-03066,2026-08-24 06:58:14,False,9,20,False,0,1,False,0.75,6.4
EDR-003067,AST-03067,2026-08-22 13:58:14,False,2,16,False,0,12,False,0.45,7.8
EDR-003068,AST-03068,2026-09-03 16:58:14,True,10,17,False,3,45,True,0.76,3.8
EDR-003069,AST-03069,2026-08-09 12:58:14,False,5,15,False,0,15,False,0.51,7.7
EDR-003070,AST-03070,2026-08-17 13:58:14,False,3,14,False,0,18,False,0.77,8.1
EDR-003071,AST-03071,2026-09-03 02:58:14,False,8,9,False,0,22,False,0.25,7.9
EDR-003072,AST-03072,2026-08-30 11:58:14,False,1,12,False,0,31,False,0.26,8.7
EDR-003073,AST-03073,2026-08-27 18:58:14,False,9,16,False,0,30,False,0.19,6.2
EDR-003074,AST-03074,2026-08-30 16:58:14,False,1,3,True,0,33,False,0.16,6.2
EDR-003075,AST-03075,2026-08-09 16:58:14,False,6,19,False,0,35,False,0.42,7.0
EDR-003076,AST-03076,2026-08-10 18:58:14,False,1,4,False,0,50,False,0.44,9.6
EDR-003077,AST-03077,2026-09-01 02:58:14,False,9,5,False,0,26,False,0.57,7.9
EDR-003078,AST-03078,2026-08-18 14:58:14,False,0,20,False,0,8,False,0.48,7.7
EDR-003079,AST-03079,2026-08-18 18:58:14,False,2,9,False,0,48,False,0.69,8.5
EDR-003080,AST-03080,2026-09-01 12:58:14,False,10,13,False,0,47,False,0.19,7.1
EDR-003081,AST-03081,2026-08-29 01:58:14,False,1,11,False,0,50,False,0.26,8.3
EDR-003082,AST-03082,2026-08-19 08:58:14,False,5,16,True,0,4,False,0.29,4.5
EDR-003083,AST-03083,2026-08-09 02:58:14,False,9,10,False,0,10,False,0.31,7.0
EDR-003084,AST-03084,2026-09-01 19:58:14,False,9,4,False,0,32,False,0.45,8.3
EDR-003085,AST-03085,2026-08-29 05:58:14,False,2,2,False,0,40,False,0.64,9.2
EDR-003086,AST-03086,2026-08-13 00:58:14,False,1,4,False,0,47,False,0.55,9.9
EDR-003087,AST-03087,2026-08-28 17:58:14,False,10,6,False,0,45,False,0.51,7.9
EDR-003088,AST-03088,2026-09-01 00:58:14,False,3,5,False,0,6,False,0.72,8.8
EDR-003089,AST-03089,2026-08-23 00:58:14,True,8,7,False,1,21,True,0.68,5.9
EDR-003090,AST-03090,2026-08-07 21:58:14,False,2,5,False,0,46,False,0.46,8.6
EDR-003091,AST-03091,2026-08-29 22:58:14,False,4,16,False,0,39,False,0.7,7.2
EDR-003092,AST-03092,2026-08-25 21:58:14,False,3,19,False,0,8,False,0.57,7.2
EDR-003093,AST-03093,2026-08-09 08:58:14,False,6,9,False,0,6,False,0.72,7.8
EDR-003094,AST-03094,2026-08-08 12:58:14,False,10,20,False,0,46,False,0.78,6.3
EDR-003095,AST-03095,2026-08-18 12:58:14,False,2,7,False,0,14,False,0.14,9.2
EDR-003096,AST-03096,2026-08-08 21:58:14,False,10,16,False,0,29,False,0.6,6.1
EDR-003097,AST-03097,2026-08-25 20:58:14,False,8,4,False,0,9,False,0.75,7.8
EDR-003098,AST-03098,2026-08-11 22:58:14,True,6,2,False,2,15,False,0.94,7.1
EDR-003099,AST-03099,2026-08-09 07:58:14,False,9,19,False,0,23,False,0.55,6.6
EDR-003100,AST-03100,2026-09-01 17:58:14,False,5,1,False,0,0,False,0.35,8.8
EDR-003101,AST-03101,2026-08-09 06:58:14,False,7,19,False,0,47,False,0.18,6.3
EDR-003102,AST-03102,2026-08-23 02:58:14,False,0,2,False,0,28,False,0.7,10
EDR-003103,AST-03103,2026-08-16 20:58:14,True,3,3,False,1,6,False,0.75,7.4
EDR-003104,AST-03104,2026-08-27 02:58:14,False,9,10,False,0,41,False,0.62,7.4
EDR-003105,AST-03105,2026-08-30 18:58:14,False,7,4,False,0,16,False,0.68,8.0
EDR-003106,AST-03106,2026-08-07 15:58:14,False,6,14,False,0,42,False,0.4,7.5
EDR-003107,AST-03107,2026-08-18 02:58:14,False,10,1,False,0,5,False,0.17,7.7
EDR-003108,AST-03108,2026-08-08 06:58:14,False,0,16,False,0,49,False,0.39,8.8
EDR-003109,AST-03109,2026-08-21 08:58:14,False,6,6,False,0,2,False,0.45,7.7
EDR-003110,AST-03110,2026-08-16 19:58:14,False,4,8,False,0,8,False,0.35,8.6
EDR-003111,AST-03111,2026-08-08 02:58:14,False,10,2,False,0,45,False,0.34,7.4
EDR-003112,AST-03112,2026-08-27 19:58:14,False,10,18,False,0,9,False,0.44,5.9
EDR-003113,AST-03113,2026-08-18 12:58:14,False,9,10,False,0,1,False,0.12,7.4
EDR-003114,AST-03114,2026-08-18 06:58:14,False,8,1,False,0,26,False,0.28,8.8
EDR-003115,AST-03115,2026-08-24 05:58:14,False,2,10,False,0,50,False,0.51,8.9
EDR-003116,AST-03116,2026-08-25 05:58:14,True,0,9,False,0,37,False,0.69,7.1
EDR-003117,AST-03117,2026-08-24 04:58:14,False,7,6,False,0,31,False,0.77,8.3
EDR-003118,AST-03118,2026-08-26 04:58:14,False,1,1,False,0,29,False,0.76,9.7
EDR-003119,AST-03119,2026-08-26 02:58:14,False,2,9,False,0,30,False,0.33,9.0
EDR-003120,AST-03120,2026-08-22 20:58:14,False,9,5,False,0,50,False,0.64,8.1
EDR-003121,AST-03121,2026-08-08 19:58:14,False,8,16,False,0,21,False,0.71,7.0
EDR-003122,AST-03122,2026-08-21 22:58:14,False,7,11,False,0,2,False,0.61,7.7
EDR-003123,AST-03123,2026-08-31 13:58:14,False,9,5,False,0,24,False,0.49,7.7
EDR-003124,AST-03124,2026-08-21 00:58:14,False,10,12,False,0,17,False,0.47,6.9
EDR-003125,AST-03125,2026-08-08 14:58:14,False,2,9,False,0,28,False,0.21,9.2
EDR-003126,AST-03126,2026-09-04 08:58:14,False,2,19,False,0,18,False,0.7,7.9
EDR-003127,AST-03127,2026-08-31 00:58:14,False,5,17,False,0,10,False,0.25,7.4
EDR-003128,AST-03128,2026-08-16 05:58:14,False,3,15,False,0,44,False,0.57,7.8
EDR-003129,AST-03129,2026-08-21 15:58:14,False,4,7,False,0,49,False,0.76,8.1
EDR-003130,AST-03130,2026-08-19 07:58:14,False,2,13,False,0,5,False,0.25,7.9
EDR-003131,AST-03131,2026-08-30 23:58:14,False,1,5,False,0,50,False,0.77,9.8
EDR-003132,AST-03132,2026-09-04 02:58:14,False,9,14,False,0,26,False,0.28,7.0
EDR-003133,AST-03133,2026-08-08 00:58:14,False,0,4,False,0,24,False,0.23,9.8
EDR-003134,AST-03134,2026-08-22 11:58:14,False,4,13,False,0,50,False,0.22,7.9
EDR-003135,AST-03135,2026-08-22 10:58:14,False,7,19,False,0,23,False,0.22,6.9
EDR-003136,AST-03136,2026-08-12 08:58:14,False,7,16,True,0,50,False,0.57,3.7
EDR-003137,AST-03137,2026-08-09 07:58:14,False,6,8,False,0,49,False,0.2,8.4
EDR-003138,AST-03138,2026-08-09 00:58:14,False,0,12,False,0,28,False,0.53,8.3
EDR-003139,AST-03139,2026-09-04 03:58:14,True,10,2,False,1,36,True,0.79,5.6
EDR-003140,AST-03140,2026-08-25 06:58:14,False,9,3,False,0,1,False,0.56,8.1
EDR-003141,AST-03141,2026-09-02 17:58:14,False,4,18,False,0,5,False,0.5,7.2
EDR-003142,AST-03142,2026-08-30 11:58:14,False,0,16,False,0,5,False,0.36,8.6
EDR-003143,AST-03143,2026-08-18 07:58:14,False,8,10,False,0,41,False,0.12,6.9
EDR-003144,AST-03144,2026-08-09 20:58:14,False,1,2,False,0,2,False,0.4,10
EDR-003145,AST-03145,2026-08-19 01:58:14,False,4,17,False,0,45,False,0.72,7.4
EDR-003146,AST-03146,2026-08-13 18:58:14,False,7,7,False,0,27,False,0.72,8.3
EDR-003147,AST-03147,2026-08-24 11:58:14,False,2,19,False,0,39,False,0.78,8.0
EDR-003148,AST-03148,2026-08-10 07:58:14,False,3,10,False,0,18,False,0.15,8.4
EDR-003149,AST-03149,2026-08-19 15:58:14,False,4,14,False,0,28,False,0.47,7.7
EDR-003150,AST-03150,2026-08-05 19:58:14,False,1,8,False,0,42,False,0.11,8.7
EDR-003151,AST-03151,2026-09-01 10:58:14,False,4,17,False,0,0,False,0.11,7.5
EDR-003152,AST-03152,2026-08-08 10:58:14,False,10,19,False,0,33,False,0.65,6.5
EDR-003153,AST-03153,2026-08-11 11:58:14,False,8,11,False,0,12,False,0.23,7.7
EDR-003154,AST-03154,2026-08-08 08:58:14,False,6,5,False,0,43,False,0.22,8.6
EDR-003155,AST-03155,2026-08-29 18:58:14,False,3,11,False,0,38,False,0.13,8.7
EDR-003156,AST-03156,2026-08-12 20:58:14,False,2,16,False,0,27,False,0.21,7.7
EDR-003157,AST-03157,2026-08-08 14:58:14,False,9,20,False,0,35,False,0.43,6.7
EDR-003158,AST-03158,2026-08-10 11:58:14,False,0,4,False,0,45,False,0.69,9.5
EDR-003159,AST-03159,2026-08-26 06:58:14,False,4,1,False,0,41,False,0.18,8.8
EDR-003160,AST-03160,2026-08-31 12:58:14,False,3,3,False,0,29,False,0.54,9.3
EDR-003161,AST-03161,2026-08-31 22:58:14,False,7,2,False,0,21,False,0.78,8.2
EDR-003162,AST-03162,2026-08-29 09:58:14,False,6,1,False,0,25,False,0.74,8.9
EDR-003163,AST-03163,2026-08-22 11:58:14,False,7,3,False,0,19,False,0.79,8.0
EDR-003164,AST-03164,2026-08-16 00:58:14,False,3,1,False,0,47,False,0.41,8.9
EDR-003165,AST-03165,2026-08-26 08:58:14,True,2,6,False,1,27,True,0.89,6.7
EDR-003166,AST-03166,2026-08-30 10:58:14,False,9,8,False,0,45,False,0.41,7.3
EDR-003167,AST-03167,2026-08-20 06:58:14,False,5,17,False,0,22,False,0.49,6.8
EDR-003168,AST-03168,2026-08-15 18:58:14,False,7,12,True,0,42,False,0.55,4.0
EDR-003169,AST-03169,2026-08-27 04:58:14,False,4,10,False,0,29,False,0.7,8.3
EDR-003170,AST-03170,2026-08-30 18:58:14,True,7,0,False,3,38,False,0.93,6.4
EDR-003171,AST-03171,2026-08-07 13:58:14,False,8,13,False,0,14,False,0.64,7.1
EDR-003172,AST-03172,2026-09-03 04:58:14,False,10,15,False,0,3,False,0.77,6.4
EDR-003173,AST-03173,2026-08-11 14:58:14,False,8,1,False,0,3,False,0.7,8.6
EDR-003174,AST-03174,2026-08-09 00:58:14,False,2,9,False,0,12,False,0.63,8.3
EDR-003175,AST-03175,2026-08-31 18:58:14,False,5,9,False,0,14,False,0.53,8.3
EDR-003176,AST-03176,2026-08-13 18:58:14,False,1,10,False,0,0,False,0.65,8.7
EDR-003177,AST-03177,2026-08-17 15:58:14,False,6,1,False,0,8,False,0.34,8.2
EDR-003178,AST-03178,2026-08-12 21:58:14,False,6,7,False,0,16,False,0.78,7.9
EDR-003179,AST-03179,2026-08-17 21:58:14,False,3,12,False,0,31,False,0.33,7.8
EDR-003180,AST-03180,2026-08-29 19:58:14,False,0,4,False,0,22,False,0.16,9.2
EDR-003181,AST-03181,2026-08-08 04:58:14,False,7,19,False,0,40,False,0.73,6.4
EDR-003182,AST-03182,2026-08-28 00:58:14,False,4,9,False,0,21,False,0.28,8.8
EDR-003183,AST-03183,2026-08-22 05:58:14,False,9,3,False,0,49,False,0.56,8.2
EDR-003184,AST-03184,2026-08-27 01:58:14,False,7,2,False,0,16,False,0.52,8.5
EDR-003185,AST-03185,2026-08-09 15:58:14,False,10,12,False,0,16,False,0.45,6.6
EDR-003186,AST-03186,2026-08-18 23:58:14,False,0,3,False,0,25,False,0.21,9.9
EDR-003187,AST-03187,2026-08-20 00:58:14,False,4,4,False,0,32,False,0.52,8.4
EDR-003188,AST-03188,2026-08-26 04:58:14,False,9,8,False,0,25,False,0.16,7.1
EDR-003189,AST-03189,2026-08-19 18:58:14,False,8,9,False,0,11,False,0.66,7.1
EDR-003190,AST-03190,2026-09-03 09:58:14,False,2,4,False,0,20,False,0.36,8.7
EDR-003191,AST-03191,2026-08-12 12:58:14,False,8,14,False,0,44,False,0.58,7.3
EDR-003192,AST-03192,2026-08-17 15:58:14,False,4,5,False,0,43,False,0.43,8.9
EDR-003193,AST-03193,2026-08-24 22:58:14,False,8,9,False,0,10,False,0.36,7.5
EDR-003194,AST-03194,2026-08-23 15:58:14,False,2,20,False,0,42,False,0.13,7.9
EDR-003195,AST-03195,2026-08-14 06:58:14,False,5,13,False,0,30,False,0.46,7.6
EDR-003196,AST-03196,2026-08-18 14:58:14,True,5,6,False,1,5,True,0.72,6.3
EDR-003197,AST-03197,2026-08-27 17:58:14,False,6,9,False,0,1,False,0.69,8.0
EDR-003198,AST-03198,2026-08-29 02:58:14,False,3,3,False,0,43,False,0.22,9.4
EDR-003199,AST-03199,2026-08-19 09:58:14,False,6,5,True,0,34,False,0.31,5.7
EDR-003200,AST-03200,2026-08-27 12:58:14,False,4,2,False,0,20,False,0.61,9.3
EDR-003201,AST-03201,2026-09-03 23:58:14,False,4,12,False,0,3,False,0.23,7.6
EDR-003202,AST-03202,2026-08-10 18:58:14,False,0,4,False,0,35,False,0.5,9.6
EDR-003203,AST-03203,2026-08-06 08:58:14,False,10,4,False,0,15,False,0.47,7.3
EDR-003204,AST-03204,2026-08-12 06:58:14,False,2,0,False,0,19,False,0.4,9.8
EDR-003205,AST-03205,2026-08-27 10:58:14,False,4,18,False,0,21,False,0.21,7.2
EDR-003206,AST-03206,2026-08-24 06:58:14,False,1,0,False,0,9,False,0.35,9.9
EDR-003207,AST-03207,2026-08-19 22:58:14,False,5,9,False,0,10,False,0.69,8.2
EDR-003208,AST-03208,2026-08-18 17:58:14,False,2,6,False,0,44,False,0.11,8.6
EDR-003209,AST-03209,2026-08-10 10:58:14,False,1,19,False,0,9,False,0.29,8.0
EDR-003210,AST-03210,2026-08-18 05:58:14,False,5,8,False,0,13,False,0.65,8.2
EDR-003211,AST-03211,2026-09-02 09:58:14,False,6,18,False,0,37,False,0.3,6.7
EDR-003212,AST-03212,2026-08-11 13:58:14,False,1,12,False,0,36,False,0.37,8.5
EDR-003213,AST-03213,2026-08-13 17:58:14,False,7,2,False,0,24,False,0.18,8.1
EDR-003214,AST-03214,2026-08-26 00:58:14,False,5,8,False,0,20,False,0.19,7.9
EDR-003215,AST-03215,2026-08-30 23:58:14,False,1,11,False,0,45,False,0.77,8.5
EDR-003216,AST-03216,2026-09-03 07:58:14,True,9,17,False,2,29,True,0.9,4.1
EDR-003217,AST-03217,2026-08-15 15:58:14,False,7,9,False,0,47,False,0.7,7.4
EDR-003218,AST-03218,2026-08-20 02:58:14,False,4,4,False,0,27,False,0.34,8.9
EDR-003219,AST-03219,2026-08-08 01:58:14,True,0,6,False,3,2,True,0.85,7.4
EDR-003220,AST-03220,2026-08-22 19:58:14,False,2,13,False,0,8,False,0.23,8.6
EDR-003221,AST-03221,2026-08-21 17:58:14,False,4,11,False,0,14,False,0.45,8.4
EDR-003222,AST-03222,2026-09-02 15:58:14,False,1,10,False,0,14,False,0.34,8.7
EDR-003223,AST-03223,2026-08-10 21:58:14,False,5,5,False,0,27,False,0.2,8.4
EDR-003224,AST-03224,2026-08-22 10:58:14,False,2,5,False,0,12,False,0.46,8.7
EDR-003225,AST-03225,2026-08-07 22:58:14,False,1,17,False,0,39,False,0.17,7.9
EDR-003226,AST-03226,2026-08-13 07:58:14,False,0,16,False,0,36,False,0.32,8.1
EDR-003227,AST-03227,2026-08-28 17:58:14,False,8,10,False,0,10,False,0.76,7.0
EDR-003228,AST-03228,2026-08-22 09:58:14,False,7,15,False,0,30,False,0.27,7.4
EDR-003229,AST-03229,2026-08-06 04:58:14,False,4,19,False,0,12,False,0.35,7.3
EDR-003230,AST-03230,2026-08-08 16:58:14,False,5,17,False,0,43,False,0.21,7.5
EDR-003231,AST-03231,2026-08-23 21:58:14,False,7,3,False,0,46,False,0.59,8.4
EDR-003232,AST-03232,2026-08-08 10:58:14,False,1,11,False,0,31,False,0.2,8.9
EDR-003233,AST-03233,2026-08-20 20:58:14,False,9,4,False,0,41,False,0.3,7.6
EDR-003234,AST-03234,2026-08-16 16:58:14,False,8,1,False,0,48,False,0.72,7.8
EDR-003235,AST-03235,2026-08-20 23:58:14,False,3,15,False,0,16,False,0.44,8.2
EDR-003236,AST-03236,2026-08-17 05:58:14,False,7,6,False,0,43,False,0.67,8.3
EDR-003237,AST-03237,2026-08-08 11:58:14,False,6,1,False,0,45,False,0.33,8.8
EDR-003238,AST-03238,2026-08-27 08:58:14,False,1,2,False,0,49,False,0.74,9.8
EDR-003239,AST-03239,2026-08-19 16:58:14,False,1,16,False,0,16,False,0.41,8.4
EDR-003240,AST-03240,2026-09-04 09:58:14,False,2,10,False,0,0,False,0.69,8.7
EDR-003241,AST-03241,2026-08-22 13:58:14,False,3,4,False,0,20,False,0.6,8.8
EDR-003242,AST-03242,2026-08-19 01:58:14,False,1,14,False,0,19,False,0.31,8.6
EDR-003243,AST-03243,2026-08-11 15:58:14,False,3,15,False,0,13,False,0.38,8.0
EDR-003244,AST-03244,2026-08-08 08:58:14,False,10,17,False,0,45,False,0.29,5.9
EDR-003245,AST-03245,2026-08-10 21:58:14,False,9,4,False,0,48,False,0.39,8.2
EDR-003246,AST-03246,2026-08-20 22:58:14,False,4,10,False,0,18,False,0.24,8.2
EDR-003247,AST-03247,2026-08-14 22:58:14,False,4,18,False,0,23,False,0.36,7.1
EDR-003248,AST-03248,2026-08-24 08:58:14,False,9,7,False,0,9,False,0.54,7.8
EDR-003249,AST-03249,2026-08-15 09:58:14,False,6,1,False,0,14,False,0.19,8.7
EDR-003250,AST-03250,2026-08-20 10:58:14,False,9,17,False,0,33,False,0.24,6.4
EDR-003251,AST-03251,2026-08-09 11:58:14,False,2,18,False,0,49,False,0.11,8.3
EDR-003252,AST-03252,2026-08-28 22:58:14,False,10,5,False,0,44,False,0.26,7.7
EDR-003253,AST-03253,2026-09-03 00:58:14,False,10,11,False,0,33,False,0.12,6.8
EDR-003254,AST-03254,2026-08-31 09:58:14,False,2,13,False,0,30,False,0.24,8.4
EDR-003255,AST-03255,2026-08-16 09:58:14,False,3,4,False,0,35,False,0.71,9.4
EDR-003256,AST-03256,2026-08-23 17:58:14,False,9,18,False,0,35,False,0.6,6.0
EDR-003257,AST-03257,2026-09-02 15:58:14,False,7,15,False,0,26,False,0.2,7.3
EDR-003258,AST-03258,2026-08-28 12:58:14,False,0,7,False,0,11,False,0.18,9.6
EDR-003259,AST-03259,2026-08-14 12:58:14,False,8,7,False,0,9,False,0.33,7.9
EDR-003260,AST-03260,2026-08-30 04:58:14,False,3,2,False,0,20,False,0.55,9.6
EDR-003261,AST-03261,2026-08-21 14:58:14,False,0,11,False,0,50,False,0.41,8.6
EDR-003262,AST-03262,2026-08-13 14:58:14,False,9,5,False,0,15,False,0.18,7.4
EDR-003263,AST-03263,2026-08-21 13:58:14,False,10,18,False,0,14,False,0.14,6.5
EDR-003264,AST-03264,2026-09-01 17:58:14,False,10,14,False,0,25,False,0.43,6.4
EDR-003265,AST-03265,2026-08-25 11:58:14,False,7,3,False,0,0,False,0.55,8.1
EDR-003266,AST-03266,2026-08-30 18:58:14,False,10,11,False,0,3,False,0.72,6.5
EDR-003267,AST-03267,2026-08-15 21:58:14,False,3,0,False,0,37,False,0.58,9.6
EDR-003268,AST-03268,2026-08-20 12:58:14,False,6,19,False,0,32,False,0.54,6.7
EDR-003269,AST-03269,2026-08-25 02:58:14,False,3,12,False,0,35,False,0.69,8.5
EDR-003270,AST-03270,2026-08-24 03:58:14,False,3,18,False,0,21,False,0.25,7.2
EDR-003271,AST-03271,2026-08-11 14:58:14,False,4,7,False,0,22,False,0.17,8.3
EDR-003272,AST-03272,2026-08-16 21:58:14,False,5,15,False,0,7,False,0.73,7.2
EDR-003273,AST-03273,2026-08-19 18:58:14,False,0,4,False,0,8,False,0.58,9.8
EDR-003274,AST-03274,2026-08-24 18:58:14,False,6,17,False,0,26,False,0.56,7.6
EDR-003275,AST-03275,2026-08-24 02:58:14,False,8,3,False,0,14,False,0.15,8.4
EDR-003276,AST-03276,2026-08-18 04:58:14,False,10,17,False,0,13,False,0.68,6.1
EDR-003277,AST-03277,2026-09-03 15:58:14,False,0,8,False,0,38,False,0.24,8.9
EDR-003278,AST-03278,2026-08-30 20:58:14,False,9,6,False,0,9,False,0.34,8.0
EDR-003279,AST-03279,2026-09-03 21:58:14,False,7,3,False,0,9,False,0.45,8.0
EDR-003280,AST-03280,2026-08-24 19:58:14,False,3,9,False,0,42,False,0.28,8.6
EDR-003281,AST-03281,2026-08-10 21:58:14,False,2,20,False,0,15,False,0.6,7.4
EDR-003282,AST-03282,2026-08-27 03:58:14,False,0,13,False,0,49,False,0.35,8.9
EDR-003283,AST-03283,2026-08-23 11:58:14,False,6,2,False,0,9,False,0.61,9.0
EDR-003284,AST-03284,2026-08-06 05:58:14,False,7,18,False,0,29,False,0.77,6.7
EDR-003285,AST-03285,2026-08-25 12:58:14,False,0,16,False,0,29,False,0.61,8.2
EDR-003286,AST-03286,2026-09-01 09:58:14,False,1,15,False,0,26,False,0.59,8.5
EDR-003287,AST-03287,2026-09-04 04:58:14,False,7,18,False,0,12,False,0.38,6.5
EDR-003288,AST-03288,2026-08-09 20:58:14,False,9,12,False,0,11,False,0.75,7.1
EDR-003289,AST-03289,2026-08-27 17:58:14,False,7,13,False,0,6,False,0.42,7.4
EDR-003290,AST-03290,2026-08-26 10:58:14,False,2,16,False,0,10,False,0.77,7.6
EDR-003291,AST-03291,2026-08-06 21:58:14,False,9,11,False,0,0,False,0.12,7.1
EDR-003292,AST-03292,2026-08-06 12:58:14,False,9,15,False,0,33,False,0.48,6.5
EDR-003293,AST-03293,2026-08-15 02:58:14,False,4,0,False,0,6,False,0.26,8.8
EDR-003294,AST-03294,2026-08-07 05:58:14,False,10,2,False,0,25,False,0.11,7.4
EDR-003295,AST-03295,2026-08-17 23:58:14,False,6,12,False,0,28,False,0.66,7.5
EDR-003296,AST-03296,2026-08-25 22:58:14,False,8,10,False,0,38,False,0.57,7.8
EDR-003297,AST-03297,2026-08-21 18:58:14,False,10,13,True,0,10,False,0.13,3.6
EDR-003298,AST-03298,2026-09-03 17:58:14,False,8,2,False,0,45,False,0.54,8.3
EDR-003299,AST-03299,2026-08-18 20:58:14,False,3,7,True,0,16,False,0.68,6.1
EDR-003300,AST-03300,2026-08-19 20:58:14,False,8,9,False,0,29,False,0.53,7.4
EDR-003301,AST-03301,2026-08-14 04:58:14,False,1,0,False,0,41,False,0.2,10
EDR-003302,AST-03302,2026-08-12 05:58:14,False,6,3,False,0,44,False,0.76,8.7
EDR-003303,AST-03303,2026-08-28 02:58:14,True,9,9,True,1,18,False,0.76,2.5
EDR-003304,AST-03304,2026-08-18 12:58:14,False,3,10,False,0,14,False,0.76,8.5
EDR-003305,AST-03305,2026-09-02 04:58:14,False,4,8,False,0,2,False,0.67,8.1
EDR-003306,AST-03306,2026-08-08 18:58:14,False,7,20,False,0,50,False,0.22,7.0
EDR-003307,AST-03307,2026-08-26 04:58:14,False,4,4,False,0,50,False,0.4,8.4
EDR-003308,AST-03308,2026-08-30 07:58:14,False,8,7,False,0,41,False,0.1,7.7
EDR-003309,AST-03309,2026-08-07 08:58:14,False,6,2,False,0,25,False,0.36,8.5
EDR-003310,AST-03310,2026-08-10 01:58:14,False,7,8,False,0,17,False,0.38,8.0
EDR-003311,AST-03311,2026-08-21 06:58:14,False,9,0,False,0,24,False,0.62,8.5
EDR-003312,AST-03312,2026-08-20 22:58:14,False,6,17,False,0,25,False,0.14,7.5
EDR-003313,AST-03313,2026-09-04 04:58:14,False,8,2,False,0,30,False,0.3,7.8
EDR-003314,AST-03314,2026-08-18 10:58:14,False,8,13,False,0,20,False,0.27,6.8
EDR-003315,AST-03315,2026-08-26 03:58:14,False,4,10,False,0,4,False,0.36,8.0
EDR-003316,AST-03316,2026-08-19 16:58:14,False,4,5,False,0,21,False,0.11,8.4
EDR-003317,AST-03317,2026-08-21 00:58:14,False,2,20,False,0,41,False,0.54,7.6
EDR-003318,AST-03318,2026-08-10 17:58:14,False,8,7,False,0,7,False,0.75,7.2
EDR-003319,AST-03319,2026-08-21 08:58:14,False,6,12,False,0,49,False,0.24,8.0
EDR-003320,AST-03320,2026-08-28 15:58:14,False,8,15,False,0,29,False,0.41,6.7
EDR-003321,AST-03321,2026-08-09 06:58:14,False,5,19,False,0,48,False,0.68,7.4
EDR-003322,AST-03322,2026-08-14 15:58:14,False,4,18,False,0,18,False,0.58,7.1
EDR-003323,AST-03323,2026-08-22 10:58:14,False,10,13,False,0,10,False,0.36,6.2
EDR-003324,AST-03324,2026-08-08 19:58:14,False,6,4,False,0,12,False,0.64,8.9
EDR-003325,AST-03325,2026-09-01 06:58:14,False,2,20,False,0,3,False,0.73,8.1
EDR-003326,AST-03326,2026-08-09 16:58:14,False,8,9,False,0,39,False,0.37,7.2
EDR-003327,AST-03327,2026-09-03 16:58:14,False,2,17,False,0,13,False,0.46,8.0
EDR-003328,AST-03328,2026-08-13 10:58:14,False,1,12,False,0,47,False,0.39,9.0
EDR-003329,AST-03329,2026-08-09 19:58:14,False,5,3,False,0,41,False,0.56,8.7
EDR-003330,AST-03330,2026-09-03 19:58:14,False,6,17,False,0,2,False,0.25,7.1
EDR-003331,AST-03331,2026-08-16 19:58:14,False,0,10,False,0,30,False,0.5,8.6
EDR-003332,AST-03332,2026-08-09 19:58:14,False,4,13,False,0,19,False,0.37,8.2
EDR-003333,AST-03333,2026-08-16 04:58:14,False,3,0,False,0,25,False,0.26,9.1
EDR-003334,AST-03334,2026-08-17 01:58:14,False,2,12,False,0,26,False,0.66,8.3
EDR-003335,AST-03335,2026-08-30 02:58:14,False,10,17,False,0,5,False,0.18,6.7
EDR-003336,AST-03336,2026-08-29 18:58:14,False,3,5,False,0,2,False,0.38,8.9
EDR-003337,AST-03337,2026-08-28 19:58:14,False,4,17,False,0,8,False,0.12,7.9
EDR-003338,AST-03338,2026-08-19 05:58:14,False,5,4,False,0,41,False,0.48,8.8
EDR-003339,AST-03339,2026-08-13 15:58:14,False,9,10,False,0,44,False,0.42,7.3
EDR-003340,AST-03340,2026-08-30 21:58:14,False,6,19,False,0,21,False,0.65,7.0
EDR-003341,AST-03341,2026-08-13 16:58:14,False,4,1,False,0,24,False,0.1,8.8
EDR-003342,AST-03342,2026-08-29 10:58:14,False,7,2,False,0,12,False,0.36,8.1
EDR-003343,AST-03343,2026-08-11 06:58:14,False,4,5,False,0,23,False,0.45,8.6
EDR-003344,AST-03344,2026-08-25 22:58:14,False,7,7,False,0,22,False,0.29,7.5
EDR-003345,AST-03345,2026-08-21 23:58:14,False,3,11,False,0,36,False,0.69,8.3
EDR-003346,AST-03346,2026-09-01 22:58:14,False,8,19,False,0,29,False,0.28,6.3
EDR-003347,AST-03347,2026-08-22 20:58:14,False,6,12,False,0,41,False,0.35,7.8
EDR-003348,AST-03348,2026-08-14 20:58:14,False,5,17,False,0,42,False,0.5,7.2
EDR-003349,AST-03349,2026-08-11 12:58:14,False,1,4,False,0,26,False,0.49,9.7
EDR-003350,AST-03350,2026-09-01 23:58:14,False,10,12,False,0,31,False,0.35,6.9
EDR-003351,AST-03351,2026-08-14 01:58:14,False,9,0,False,0,11,False,0.64,8.5
EDR-003352,AST-03352,2026-08-17 07:58:14,False,3,5,False,0,7,False,0.74,8.5
EDR-003353,AST-03353,2026-08-21 00:58:14,False,0,8,True,0,8,False,0.18,6.1
EDR-003354,AST-03354,2026-08-24 05:58:14,False,9,20,False,0,30,False,0.48,6.7
EDR-003355,AST-03355,2026-08-19 05:58:14,True,7,12,False,1,27,True,0.99,5.5
EDR-003356,AST-03356,2026-08-25 11:58:14,False,7,3,False,0,39,False,0.16,8.2
EDR-003357,AST-03357,2026-08-21 18:58:14,False,9,3,False,0,28,False,0.4,7.8
EDR-003358,AST-03358,2026-08-17 09:58:14,False,0,11,False,0,10,False,0.5,9.3
EDR-003359,AST-03359,2026-08-09 22:58:14,False,5,11,False,0,15,False,0.32,7.8
EDR-003360,AST-03360,2026-08-16 12:58:14,False,8,2,False,0,3,False,0.27,8.3
EDR-003361,AST-03361,2026-08-13 01:58:14,False,5,6,False,0,23,False,0.78,8.6
EDR-003362,AST-03362,2026-09-03 04:58:14,False,9,1,False,0,16,False,0.39,8.6
EDR-003363,AST-03363,2026-08-11 12:58:14,False,10,12,False,0,20,False,0.64,7.0
EDR-003364,AST-03364,2026-08-06 12:58:14,False,6,4,False,0,48,False,0.25,8.2
EDR-003365,AST-03365,2026-08-18 05:58:14,True,8,12,False,3,5,False,0.6,5.2
EDR-003366,AST-03366,2026-08-22 19:58:14,False,0,11,False,0,9,False,0.17,8.4
EDR-003367,AST-03367,2026-08-08 23:58:14,False,5,15,False,0,17,False,0.15,7.1
EDR-003368,AST-03368,2026-08-11 20:58:14,False,5,16,False,0,17,False,0.16,7.8
EDR-003369,AST-03369,2026-08-19 07:58:14,False,9,8,False,0,18,False,0.12,7.0
EDR-003370,AST-03370,2026-08-28 02:58:14,False,1,1,True,0,36,False,0.36,6.7
EDR-003371,AST-03371,2026-08-12 06:58:14,False,2,2,False,0,15,False,0.25,9.8
EDR-003372,AST-03372,2026-08-12 17:58:14,False,9,16,False,0,30,False,0.72,6.6
EDR-003373,AST-03373,2026-09-01 23:58:14,False,8,2,False,0,36,False,0.47,8.6
EDR-003374,AST-03374,2026-08-24 05:58:14,False,5,10,False,0,24,False,0.5,7.5
EDR-003375,AST-03375,2026-08-13 14:58:14,False,5,3,False,0,36,False,0.45,8.3
EDR-003376,AST-03376,2026-08-23 14:58:14,False,9,16,False,0,22,False,0.3,6.6
EDR-003377,AST-03377,2026-08-28 03:58:14,False,2,12,False,0,23,False,0.18,8.5
EDR-003378,AST-03378,2026-09-01 17:58:14,False,10,7,False,0,33,False,0.73,7.7
EDR-003379,AST-03379,2026-08-15 11:58:14,False,5,20,False,0,38,False,0.44,6.8
EDR-003380,AST-03380,2026-08-08 21:58:14,False,5,7,False,0,12,False,0.64,8.3
EDR-003381,AST-03381,2026-08-31 05:58:14,False,1,9,False,0,5,False,0.24,8.5
EDR-003382,AST-03382,2026-08-24 19:58:14,False,7,6,False,0,33,False,0.45,7.9
EDR-003383,AST-03383,2026-08-31 00:58:14,False,3,2,False,0,25,False,0.72,9.3
EDR-003384,AST-03384,2026-08-28 02:58:14,False,10,15,True,0,28,False,0.68,3.5
EDR-003385,AST-03385,2026-08-14 01:58:14,False,5,14,False,0,43,False,0.57,7.2
EDR-003386,AST-03386,2026-09-04 08:58:14,False,6,8,False,0,33,False,0.39,8.0
EDR-003387,AST-03387,2026-08-29 21:58:14,False,6,0,False,0,1,False,0.77,8.6
EDR-003388,AST-03388,2026-08-28 22:58:14,False,5,19,False,0,0,False,0.71,7.2
EDR-003389,AST-03389,2026-08-31 17:58:14,False,5,15,False,0,47,False,0.39,7.2
EDR-003390,AST-03390,2026-08-06 10:58:14,True,7,18,False,1,18,False,0.67,4.8
EDR-003391,AST-03391,2026-09-03 07:58:14,False,4,1,False,0,8,False,0.22,9.3
EDR-003392,AST-03392,2026-09-03 03:58:14,False,10,2,False,0,39,False,0.28,8.1
EDR-003393,AST-03393,2026-08-13 12:58:14,False,5,18,False,0,49,False,0.68,7.0
EDR-003394,AST-03394,2026-08-12 13:58:14,False,10,13,False,0,24,False,0.19,6.6
EDR-003395,AST-03395,2026-08-19 08:58:14,False,4,11,False,0,12,False,0.75,8.3
EDR-003396,AST-03396,2026-08-18 22:58:14,False,6,9,False,0,35,False,0.77,8.0
EDR-003397,AST-03397,2026-08-26 02:58:14,False,1,8,False,0,42,False,0.22,9.4
EDR-003398,AST-03398,2026-08-29 14:58:14,False,9,17,False,0,24,False,0.53,6.9
EDR-003399,AST-03399,2026-08-07 10:58:14,False,3,2,False,0,30,False,0.64,9.1
EDR-003400,AST-03400,2026-08-14 09:58:14,False,3,4,False,0,50,False,0.55,9.2
EDR-003401,AST-03401,2026-08-28 12:58:14,False,8,14,False,0,40,False,0.74,7.1
EDR-003402,AST-03402,2026-08-24 06:58:14,False,2,5,False,0,44,False,0.41,8.8
EDR-003403,AST-03403,2026-08-23 02:58:14,False,10,17,False,0,33,False,0.72,5.8
EDR-003404,AST-03404,2026-08-17 03:58:14,False,7,12,False,0,45,False,0.45,7.7
EDR-003405,AST-03405,2026-08-30 05:58:14,False,5,19,False,0,32,False,0.69,6.9
EDR-003406,AST-03406,2026-08-10 11:58:14,False,8,0,False,0,39,False,0.71,7.9
EDR-003407,AST-03407,2026-08-16 23:58:14,True,10,0,False,3,36,False,0.8,6.2
EDR-003408,AST-03408,2026-08-25 19:58:14,False,7,0,True,0,25,False,0.65,6.1
EDR-003409,AST-03409,2026-08-23 04:58:14,False,8,2,False,0,0,False,0.37,8.6
EDR-003410,AST-03410,2026-09-01 21:58:14,False,4,18,False,0,37,False,0.7,7.3
EDR-003411,AST-03411,2026-08-26 05:58:14,False,8,9,False,0,37,False,0.57,7.4
EDR-003412,AST-03412,2026-08-21 21:58:14,False,1,10,False,0,16,False,0.11,9.1
EDR-003413,AST-03413,2026-08-09 14:58:14,False,2,19,False,0,0,False,0.57,8.1
EDR-003414,AST-03414,2026-08-16 04:58:14,False,4,6,False,0,13,False,0.71,8.5
EDR-003415,AST-03415,2026-08-24 08:58:14,False,4,2,False,0,22,False,0.31,8.6
EDR-003416,AST-03416,2026-08-14 14:58:14,False,6,9,False,0,10,False,0.73,7.6
EDR-003417,AST-03417,2026-08-24 10:58:14,False,5,2,False,0,14,False,0.71,8.3
EDR-003418,AST-03418,2026-08-27 13:58:14,False,7,19,False,0,37,False,0.13,6.5
EDR-003419,AST-03419,2026-08-17 21:58:14,False,7,5,False,0,30,False,0.16,8.6
EDR-003420,AST-03420,2026-08-05 18:58:14,False,0,13,False,0,17,False,0.45,8.9
EDR-003421,AST-03421,2026-08-31 17:58:14,False,6,19,False,0,49,False,0.72,6.6
EDR-003422,AST-03422,2026-08-31 20:58:14,False,0,10,False,0,26,False,0.2,8.8
EDR-003423,AST-03423,2026-09-03 05:58:14,False,10,16,False,0,13,False,0.69,6.6
EDR-003424,AST-03424,2026-08-13 22:58:14,False,2,16,False,0,33,False,0.66,8.0
EDR-003425,AST-03425,2026-08-24 13:58:14,False,1,1,False,0,37,False,0.53,9.5
EDR-003426,AST-03426,2026-08-24 11:58:14,False,1,9,False,0,18,False,0.54,8.6
EDR-003427,AST-03427,2026-08-06 11:58:14,True,0,16,False,2,16,False,0.77,6.7
EDR-003428,AST-03428,2026-08-20 23:58:14,False,3,12,False,0,43,False,0.74,8.6
EDR-003429,AST-03429,2026-09-01 01:58:14,False,6,16,False,0,11,False,0.78,6.9
EDR-003430,AST-03430,2026-08-26 22:58:14,False,8,12,False,0,45,False,0.46,7.2
EDR-003431,AST-03431,2026-08-27 10:58:14,False,9,16,False,0,8,False,0.63,6.2
EDR-003432,AST-03432,2026-08-16 02:58:14,False,10,11,False,0,41,False,0.47,6.6
EDR-003433,AST-03433,2026-08-12 16:58:14,False,10,1,False,0,36,False,0.77,7.4
EDR-003434,AST-03434,2026-08-22 19:58:14,False,7,6,False,0,34,False,0.28,8.2
EDR-003435,AST-03435,2026-09-02 21:58:14,False,9,7,False,0,11,False,0.29,7.1
EDR-003436,AST-03436,2026-08-20 20:58:14,False,3,7,False,0,20,False,0.68,8.4
EDR-003437,AST-03437,2026-08-23 06:58:14,False,6,3,False,0,38,False,0.14,8.1
EDR-003438,AST-03438,2026-08-16 04:58:14,False,7,1,False,0,19,False,0.69,9.0
EDR-003439,AST-03439,2026-08-07 03:58:14,True,9,8,False,0,44,True,0.83,5.7
EDR-003440,AST-03440,2026-09-02 18:58:14,False,3,10,False,0,1,False,0.72,8.5
EDR-003441,AST-03441,2026-08-29 09:58:14,False,3,11,False,0,50,False,0.16,8.4
EDR-003442,AST-03442,2026-08-23 08:58:14,False,7,15,False,0,14,False,0.28,7.2
EDR-003443,AST-03443,2026-08-26 13:58:14,False,3,0,False,0,22,False,0.34,9.7
EDR-003444,AST-03444,2026-08-09 16:58:14,False,2,13,False,0,3,False,0.39,7.8
EDR-003445,AST-03445,2026-08-31 17:58:14,False,5,11,False,0,14,False,0.66,7.8
EDR-003446,AST-03446,2026-08-28 14:58:14,False,8,20,False,0,44,False,0.68,6.4
EDR-003447,AST-03447,2026-08-08 18:58:14,False,1,20,False,0,26,False,0.62,7.9
EDR-003448,AST-03448,2026-08-11 07:58:14,False,2,6,False,0,43,False,0.68,9.1
EDR-003449,AST-03449,2026-08-29 01:58:14,False,1,17,False,0,28,False,0.24,8.0
EDR-003450,AST-03450,2026-08-25 12:58:14,False,7,5,False,0,16,False,0.21,8.3
EDR-003451,AST-03451,2026-08-08 15:58:14,False,0,11,False,0,2,False,0.46,8.5
EDR-003452,AST-03452,2026-08-27 12:58:14,False,5,18,False,0,4,False,0.11,7.1
EDR-003453,AST-03453,2026-08-29 03:58:14,False,2,7,False,0,30,False,0.48,9.4
EDR-003454,AST-03454,2026-09-01 05:58:14,False,4,5,False,0,26,False,0.24,8.7
EDR-003455,AST-03455,2026-08-09 12:58:14,False,1,3,False,0,16,False,0.5,9.8
EDR-003456,AST-03456,2026-08-25 07:58:14,False,5,9,False,0,30,False,0.76,8.5
EDR-003457,AST-03457,2026-08-22 14:58:14,False,0,1,False,0,14,False,0.44,9.9
EDR-003458,AST-03458,2026-08-09 11:58:14,False,0,18,True,0,16,False,0.24,4.7
EDR-003459,AST-03459,2026-08-09 06:58:14,False,4,6,False,0,19,False,0.71,8.5
EDR-003460,AST-03460,2026-08-21 06:58:14,False,2,2,False,0,34,False,0.52,9.4
EDR-003461,AST-03461,2026-08-06 07:58:14,False,5,4,False,0,37,False,0.23,8.7
EDR-003462,AST-03462,2026-09-02 18:58:14,False,10,11,False,0,6,False,0.38,6.5
EDR-003463,AST-03463,2026-08-29 01:58:14,False,6,14,False,0,5,False,0.25,7.0
EDR-003464,AST-03464,2026-08-08 19:58:14,False,1,3,False,0,9,False,0.56,9.2
EDR-003465,AST-03465,2026-08-24 11:58:14,False,5,1,False,0,29,False,0.42,9.1
EDR-003466,AST-03466,2026-08-28 18:58:14,False,8,7,False,0,11,False,0.79,8.1
EDR-003467,AST-03467,2026-08-24 02:58:14,False,6,19,False,0,20,False,0.11,6.9
EDR-003468,AST-03468,2026-08-13 02:58:14,False,5,9,False,0,3,False,0.61,8.3
EDR-003469,AST-03469,2026-08-20 08:58:14,False,10,6,False,0,37,False,0.58,6.9
EDR-003470,AST-03470,2026-08-06 01:58:14,False,2,6,False,0,6,False,0.21,9.4
EDR-003471,AST-03471,2026-08-22 19:58:14,False,4,17,False,0,43,False,0.51,7.4
EDR-003472,AST-03472,2026-08-26 19:58:14,False,5,16,False,0,39,False,0.12,7.6
EDR-003473,AST-03473,2026-08-30 05:58:14,False,1,17,False,0,16,False,0.21,7.8
EDR-003474,AST-03474,2026-08-12 09:58:14,False,5,5,False,0,15,False,0.6,8.3
EDR-003475,AST-03475,2026-08-21 05:58:14,False,7,8,False,0,26,False,0.25,7.5
EDR-003476,AST-03476,2026-08-19 21:58:14,False,4,18,False,0,17,False,0.3,7.5
EDR-003477,AST-03477,2026-08-11 20:58:14,True,10,17,False,3,40,False,0.94,4.7
EDR-003478,AST-03478,2026-09-01 06:58:14,False,10,20,False,0,50,False,0.41,6.1
EDR-003479,AST-03479,2026-08-07 14:58:14,False,6,10,False,0,4,False,0.71,7.8
EDR-003480,AST-03480,2026-08-22 08:58:14,False,8,1,False,0,26,False,0.74,8.4
EDR-003481,AST-03481,2026-08-31 14:58:14,False,5,1,False,0,33,False,0.52,8.6
EDR-003482,AST-03482,2026-08-15 19:58:14,False,9,3,False,0,12,False,0.35,8.0
EDR-003483,AST-03483,2026-08-26 06:58:14,False,8,16,False,0,14,False,0.27,6.4
EDR-003484,AST-03484,2026-08-13 15:58:14,False,1,17,False,0,28,False,0.33,8.3
EDR-003485,AST-03485,2026-08-29 14:58:14,False,10,0,False,0,12,False,0.51,8.3
EDR-003486,AST-03486,2026-08-15 16:58:14,False,3,19,False,0,30,False,0.22,7.9
EDR-003487,AST-03487,2026-08-20 13:58:14,False,5,3,False,0,16,False,0.59,9.1
EDR-003488,AST-03488,2026-09-01 22:58:14,False,9,18,False,0,29,False,0.55,6.4
EDR-003489,AST-03489,2026-08-07 22:58:14,False,2,5,False,0,21,False,0.33,8.9
EDR-003490,AST-03490,2026-08-29 12:58:14,False,9,15,False,0,13,False,0.37,7.2
EDR-003491,AST-03491,2026-08-29 06:58:14,False,1,9,False,0,44,False,0.25,9.0
EDR-003492,AST-03492,2026-08-15 21:58:14,False,0,8,False,0,25,False,0.76,8.9
EDR-003493,AST-03493,2026-08-23 19:58:14,False,10,19,False,0,41,False,0.34,6.5
EDR-003494,AST-03494,2026-08-10 23:58:14,False,5,11,False,0,25,False,0.6,8.2
EDR-003495,AST-03495,2026-08-14 09:58:14,False,7,1,False,0,49,False,0.52,8.8
EDR-003496,AST-03496,2026-08-16 08:58:14,False,7,7,False,0,35,False,0.37,8.3
EDR-003497,AST-03497,2026-08-06 01:58:14,False,1,3,False,0,3,False,0.38,9.4
EDR-003498,AST-03498,2026-08-12 00:58:14,False,6,11,False,0,50,False,0.17,7.2
EDR-003499,AST-03499,2026-08-07 09:58:14,False,2,15,False,0,23,False,0.22,7.8
EDR-003500,AST-03500,2026-08-09 02:58:14,False,9,16,False,0,8,False,0.57,6.3
EDR-003501,AST-03501,2026-08-17 07:58:14,False,5,14,False,0,6,False,0.26,7.8
EDR-003502,AST-03502,2026-08-31 21:58:14,False,6,6,False,0,45,False,0.69,8.0
EDR-003503,AST-03503,2026-08-07 12:58:14,False,0,15,False,0,6,False,0.52,8.6
EDR-003504,AST-03504,2026-08-28 11:58:14,False,4,5,False,0,49,False,0.28,8.6
EDR-003505,AST-03505,2026-08-11 16:58:14,False,8,5,False,0,32,False,0.65,7.6
EDR-003506,AST-03506,2026-08-12 06:58:14,False,3,12,False,0,28,False,0.43,7.8
EDR-003507,AST-03507,2026-08-17 09:58:14,False,7,5,False,0,35,False,0.17,7.7
EDR-003508,AST-03508,2026-08-09 18:58:14,False,4,1,False,0,50,False,0.33,9.3
EDR-003509,AST-03509,2026-08-29 10:58:14,False,9,15,False,0,28,False,0.57,6.6
EDR-003510,AST-03510,2026-08-07 11:58:14,False,0,3,False,0,26,False,0.24,9.5
EDR-003511,AST-03511,2026-08-24 19:58:14,False,4,19,False,0,28,False,0.65,7.3
EDR-003512,AST-03512,2026-08-21 08:58:14,False,1,11,False,0,18,False,0.62,8.4
EDR-003513,AST-03513,2026-08-07 11:58:14,True,4,7,False,3,33,True,0.74,6.5
EDR-003514,AST-03514,2026-08-14 11:58:14,False,4,13,False,0,13,False,0.24,7.6
EDR-003515,AST-03515,2026-09-01 04:58:14,False,2,9,False,0,27,False,0.19,8.9
EDR-003516,AST-03516,2026-09-03 07:58:14,False,8,20,False,0,12,False,0.69,6.6
EDR-003517,AST-03517,2026-08-14 19:58:14,False,4,2,False,0,3,False,0.63,8.9
EDR-003518,AST-03518,2026-08-12 22:58:14,False,8,2,False,0,42,False,0.62,8.2
EDR-003519,AST-03519,2026-09-02 03:58:14,False,8,3,False,0,25,False,0.14,8.2
EDR-003520,AST-03520,2026-08-20 12:58:14,False,10,3,False,0,15,False,0.5,8.1
EDR-003521,AST-03521,2026-09-01 15:58:14,False,6,12,False,0,41,False,0.21,7.4
EDR-003522,AST-03522,2026-08-16 14:58:14,False,6,2,False,0,46,False,0.76,8.8
EDR-003523,AST-03523,2026-08-08 01:58:14,True,6,12,False,1,49,False,0.79,5.5
EDR-003524,AST-03524,2026-08-14 15:58:14,False,2,11,False,0,36,False,0.38,8.7
EDR-003525,AST-03525,2026-08-29 06:58:14,False,8,6,False,0,12,False,0.77,7.6
EDR-003526,AST-03526,2026-08-10 14:58:14,True,5,12,False,2,43,True,0.93,5.4
EDR-003527,AST-03527,2026-08-22 12:58:14,False,5,2,False,0,23,False,0.24,8.6
EDR-003528,AST-03528,2026-08-30 00:58:14,False,10,8,False,0,21,False,0.21,6.8
EDR-003529,AST-03529,2026-08-28 23:58:14,False,4,9,False,0,25,False,0.65,8.4
EDR-003530,AST-03530,2026-08-12 08:58:14,False,7,5,False,0,8,False,0.29,7.8
EDR-003531,AST-03531,2026-08-15 15:58:14,False,3,14,False,0,16,False,0.12,8.0
EDR-003532,AST-03532,2026-09-02 07:58:14,False,9,8,False,0,14,False,0.49,6.9
EDR-003533,AST-03533,2026-09-03 16:58:14,False,10,19,False,0,20,False,0.51,5.8
EDR-003534,AST-03534,2026-08-10 21:58:14,False,10,19,False,0,28,False,0.27,6.4
EDR-003535,AST-03535,2026-08-21 10:58:14,False,1,2,False,0,39,False,0.61,9.5
EDR-003536,AST-03536,2026-09-04 01:58:14,False,4,12,False,0,10,False,0.75,8.1
EDR-003537,AST-03537,2026-09-02 19:58:14,False,6,1,False,0,38,False,0.26,8.5
EDR-003538,AST-03538,2026-08-22 13:58:14,False,3,3,False,0,9,False,0.28,9.5
EDR-003539,AST-03539,2026-08-12 07:58:14,False,5,12,False,0,25,False,0.22,8.1
EDR-003540,AST-03540,2026-08-25 07:58:14,False,3,2,True,0,4,False,0.67,6.2
EDR-003541,AST-03541,2026-08-17 01:58:14,False,3,19,False,0,0,False,0.25,7.6
EDR-003542,AST-03542,2026-08-30 07:58:14,False,0,10,False,0,23,False,0.18,9.1
EDR-003543,AST-03543,2026-08-30 09:58:14,False,5,13,False,0,39,False,0.45,8.1
EDR-003544,AST-03544,2026-08-19 18:58:14,False,10,18,False,0,4,False,0.4,6.3
EDR-003545,AST-03545,2026-08-28 06:58:14,False,6,4,False,0,6,False,0.6,8.2
EDR-003546,AST-03546,2026-08-17 14:58:14,False,9,19,False,0,2,False,0.61,6.2
EDR-003547,AST-03547,2026-08-27 12:58:14,False,8,1,False,0,20,False,0.29,8.3
EDR-003548,AST-03548,2026-09-02 03:58:14,False,9,5,False,0,34,False,0.67,8.1
EDR-003549,AST-03549,2026-08-30 17:58:14,False,9,10,False,0,24,False,0.42,7.7
EDR-003550,AST-03550,2026-08-15 17:58:14,False,5,6,False,0,17,False,0.5,8.1
EDR-003551,AST-03551,2026-08-25 06:58:14,False,10,17,False,0,40,False,0.45,6.1
EDR-003552,AST-03552,2026-08-19 22:58:14,False,1,3,False,0,38,False,0.33,9.1
EDR-003553,AST-03553,2026-08-26 18:58:14,False,3,9,False,0,26,False,0.74,8.6
EDR-003554,AST-03554,2026-08-08 05:58:14,False,0,14,True,0,15,False,0.65,5.4
EDR-003555,AST-03555,2026-08-07 01:58:14,False,5,19,False,0,1,False,0.45,6.9
EDR-003556,AST-03556,2026-08-07 02:58:14,False,1,14,False,0,18,False,0.72,8.8
EDR-003557,AST-03557,2026-08-22 17:58:14,False,2,5,False,0,18,False,0.73,8.7
EDR-003558,AST-03558,2026-08-24 14:58:14,True,10,2,False,3,25,True,0.81,5.7
EDR-003559,AST-03559,2026-08-18 21:58:14,False,10,5,False,0,35,False,0.39,7.2
EDR-003560,AST-03560,2026-08-25 11:58:14,False,0,10,False,0,7,False,0.56,9.0
EDR-003561,AST-03561,2026-08-21 02:58:14,False,10,7,False,0,3,False,0.56,7.4
EDR-003562,AST-03562,2026-08-07 15:58:14,False,9,15,False,0,13,False,0.16,6.3
EDR-003563,AST-03563,2026-08-07 13:58:14,False,3,12,False,0,22,False,0.46,8.3
EDR-003564,AST-03564,2026-08-16 10:58:14,False,5,3,False,0,4,False,0.71,8.4
EDR-003565,AST-03565,2026-08-26 23:58:14,False,8,11,False,0,29,False,0.18,7.3
EDR-003566,AST-03566,2026-08-07 12:58:14,False,3,17,False,0,40,False,0.61,7.7
EDR-003567,AST-03567,2026-08-07 18:58:14,True,2,5,False,0,13,True,0.71,7.3
EDR-003568,AST-03568,2026-08-15 03:58:14,False,8,15,False,0,42,False,0.15,7.2
EDR-003569,AST-03569,2026-08-27 03:58:14,False,6,3,False,0,36,False,0.69,8.5
EDR-003570,AST-03570,2026-08-23 23:58:14,False,2,3,False,0,35,False,0.44,9.2
EDR-003571,AST-03571,2026-08-13 03:58:14,False,10,15,False,0,0,False,0.44,6.3
EDR-003572,AST-03572,2026-08-22 15:58:14,False,6,16,False,0,8,False,0.55,6.8
EDR-003573,AST-03573,2026-08-20 05:58:14,False,10,6,False,0,37,False,0.78,7.0
EDR-003574,AST-03574,2026-08-27 09:58:14,False,7,9,False,0,42,False,0.65,7.7
EDR-003575,AST-03575,2026-08-21 07:58:14,False,0,13,False,0,25,False,0.62,8.8
EDR-003576,AST-03576,2026-08-22 01:58:14,False,1,11,False,0,31,False,0.13,8.3
EDR-003577,AST-03577,2026-08-24 14:58:14,False,7,7,False,0,4,False,0.73,7.6
EDR-003578,AST-03578,2026-08-12 03:58:14,False,3,16,False,0,29,False,0.68,7.8
EDR-003579,AST-03579,2026-08-19 01:58:14,False,6,19,False,0,14,False,0.65,6.5
EDR-003580,AST-03580,2026-09-01 07:58:14,True,6,14,False,2,50,True,0.6,5.0
EDR-003581,AST-03581,2026-08-10 15:58:14,False,4,13,False,0,30,False,0.19,8.3
EDR-003582,AST-03582,2026-08-06 09:58:14,False,4,9,False,0,1,False,0.21,8.2
EDR-003583,AST-03583,2026-08-10 03:58:14,False,8,8,False,0,16,False,0.34,7.3
EDR-003584,AST-03584,2026-08-15 05:58:14,False,9,16,False,0,3,False,0.23,7.0
EDR-003585,AST-03585,2026-08-31 22:58:14,False,0,20,False,0,22,False,0.66,8.0
EDR-003586,AST-03586,2026-08-28 08:58:14,False,6,8,False,0,6,False,0.44,8.2
EDR-003587,AST-03587,2026-09-01 18:58:14,False,6,12,False,0,33,False,0.48,7.2
EDR-003588,AST-03588,2026-08-28 14:58:14,False,10,2,False,0,25,False,0.34,8.3
EDR-003589,AST-03589,2026-08-31 13:58:14,False,6,7,False,0,3,False,0.36,8.6
EDR-003590,AST-03590,2026-08-20 22:58:14,False,6,18,True,0,41,False,0.52,3.5
EDR-003591,AST-03591,2026-08-28 14:58:14,False,2,1,False,0,24,False,0.5,9.4
EDR-003592,AST-03592,2026-08-13 16:58:14,False,9,3,False,0,40,False,0.61,7.8
EDR-003593,AST-03593,2026-08-08 13:58:14,False,7,6,False,0,37,False,0.57,7.6
EDR-003594,AST-03594,2026-09-02 03:58:14,False,4,13,False,0,38,False,0.35,7.7
EDR-003595,AST-03595,2026-08-29 14:58:14,True,4,12,False,2,27,False,0.93,5.7
EDR-003596,AST-03596,2026-08-07 01:58:14,False,10,2,False,0,10,False,0.43,7.7
EDR-003597,AST-03597,2026-08-17 16:58:14,False,4,1,False,0,35,False,0.41,9.0
EDR-003598,AST-03598,2026-08-21 22:58:14,False,4,10,False,0,25,False,0.48,7.8
EDR-003599,AST-03599,2026-08-24 14:58:14,False,3,0,False,0,31,False,0.74,9.8
EDR-003600,AST-03600,2026-08-25 11:58:14,False,7,2,False,0,24,False,0.41,8.2
EDR-003601,AST-03601,2026-09-02 13:58:14,False,2,2,False,0,0,False,0.24,9.2
EDR-003602,AST-03602,2026-08-18 20:58:14,False,1,16,False,0,30,False,0.41,8.6
EDR-003603,AST-03603,2026-08-10 13:58:14,False,10,18,False,0,13,False,0.32,6.2
EDR-003604,AST-03604,2026-08-21 14:58:14,False,2,19,False,0,40,False,0.61,8.1
EDR-003605,AST-03605,2026-08-14 01:58:14,False,8,16,True,0,40,False,0.31,3.3
EDR-003606,AST-03606,2026-08-11 13:58:14,False,3,14,False,0,45,False,0.24,8.3
EDR-003607,AST-03607,2026-08-09 03:58:14,False,7,20,False,0,22,False,0.74,6.6
EDR-003608,AST-03608,2026-08-18 16:58:14,False,8,11,False,0,19,False,0.58,6.8
EDR-003609,AST-03609,2026-08-21 22:58:14,True,6,10,False,1,19,True,0.75,5.8
EDR-003610,AST-03610,2026-09-03 14:58:14,False,5,15,False,0,46,False,0.21,7.3
EDR-003611,AST-03611,2026-08-30 21:58:14,False,10,5,False,0,25,False,0.35,7.2
EDR-003612,AST-03612,2026-08-18 08:58:14,False,4,6,False,0,32,False,0.57,8.5
EDR-003613,AST-03613,2026-08-29 18:58:14,False,7,12,False,0,5,False,0.65,7.2
EDR-003614,AST-03614,2026-08-06 01:58:14,False,2,20,False,0,12,False,0.19,7.2
EDR-003615,AST-03615,2026-08-18 12:58:14,False,3,3,False,0,47,False,0.35,9.3
EDR-003616,AST-03616,2026-08-25 16:58:14,False,5,9,False,0,4,False,0.75,8.4
EDR-003617,AST-03617,2026-08-24 19:58:14,False,10,17,False,0,33,False,0.76,5.9
EDR-003618,AST-03618,2026-08-20 19:58:14,False,7,1,False,0,33,False,0.31,8.3
EDR-003619,AST-03619,2026-08-23 08:58:14,False,3,0,False,0,26,False,0.8,9.1
EDR-003620,AST-03620,2026-09-01 20:58:14,False,6,8,False,0,9,False,0.52,8.1
EDR-003621,AST-03621,2026-09-02 06:58:14,False,4,9,False,0,48,False,0.61,8.5
EDR-003622,AST-03622,2026-09-03 15:58:14,False,10,5,False,0,25,False,0.7,7.5
EDR-003623,AST-03623,2026-09-02 21:58:14,False,5,9,True,0,44,False,0.29,4.9
EDR-003624,AST-03624,2026-09-04 01:58:14,False,10,14,False,0,15,False,0.59,6.2
EDR-003625,AST-03625,2026-09-03 19:58:14,False,5,18,False,0,47,False,0.71,7.1
EDR-003626,AST-03626,2026-08-24 17:58:14,False,7,15,False,0,48,False,0.44,6.8
EDR-003627,AST-03627,2026-08-26 18:58:14,False,1,10,False,0,13,False,0.78,9.1
EDR-003628,AST-03628,2026-08-25 12:58:14,False,9,3,False,0,1,False,0.3,7.9
EDR-003629,AST-03629,2026-08-27 10:58:14,False,9,20,False,0,7,False,0.75,6.3
EDR-003630,AST-03630,2026-08-14 16:58:14,False,3,4,False,0,5,False,0.29,8.7
EDR-003631,AST-03631,2026-08-28 06:58:14,False,10,0,False,0,20,False,0.23,8.3
EDR-003632,AST-03632,2026-08-06 22:58:14,False,5,6,False,0,30,False,0.13,8.6
EDR-003633,AST-03633,2026-08-24 08:58:14,False,8,8,False,0,19,False,0.21,7.3
EDR-003634,AST-03634,2026-08-08 01:58:14,False,6,1,False,0,14,False,0.25,8.6
EDR-003635,AST-03635,2026-08-15 09:58:14,False,7,7,False,0,6,False,0.21,7.9
EDR-003636,AST-03636,2026-08-26 21:58:14,False,2,7,False,0,16,False,0.32,9.1
EDR-003637,AST-03637,2026-08-14 19:58:14,False,3,3,False,0,45,False,0.75,8.7
EDR-003638,AST-03638,2026-08-15 02:58:14,False,0,19,False,0,19,False,0.21,8.4
EDR-003639,AST-03639,2026-08-30 05:58:14,False,10,7,False,0,48,False,0.63,7.7
EDR-003640,AST-03640,2026-08-08 10:58:14,False,1,17,False,0,31,False,0.36,7.9
EDR-003641,AST-03641,2026-09-01 05:58:14,False,1,8,False,0,22,False,0.61,9.2
EDR-003642,AST-03642,2026-09-03 15:58:14,False,1,9,False,0,28,False,0.72,9.1
EDR-003643,AST-03643,2026-09-04 06:58:14,False,8,12,False,0,13,False,0.43,7.0
EDR-003644,AST-03644,2026-08-06 12:58:14,False,7,12,False,0,44,False,0.61,6.9
EDR-003645,AST-03645,2026-08-16 11:58:14,False,1,3,False,0,49,False,0.47,9.3
EDR-003646,AST-03646,2026-08-21 20:58:14,False,9,18,False,0,24,False,0.15,6.1
EDR-003647,AST-03647,2026-08-06 21:58:14,False,7,10,False,0,41,False,0.78,7.2
EDR-003648,AST-03648,2026-08-31 05:58:14,False,7,14,False,0,43,False,0.39,7.6
EDR-003649,AST-03649,2026-09-01 20:58:14,False,8,12,False,0,41,False,0.74,7.5
EDR-003650,AST-03650,2026-08-18 14:58:14,True,2,20,False,3,47,True,0.62,5.5
EDR-003651,AST-03651,2026-08-08 05:58:14,False,1,19,False,0,16,False,0.8,8.4
EDR-003652,AST-03652,2026-09-02 17:58:14,True,9,12,False,3,6,True,1.0,4.6
EDR-003653,AST-03653,2026-08-18 14:58:14,True,4,10,False,1,30,True,0.98,6.0
EDR-003654,AST-03654,2026-09-03 01:58:14,False,2,16,False,0,13,False,0.28,8.5
EDR-003655,AST-03655,2026-08-28 15:58:14,False,3,7,False,0,6,False,0.14,9.1
EDR-003656,AST-03656,2026-08-09 04:58:14,False,0,7,False,0,28,False,0.65,9.2
EDR-003657,AST-03657,2026-08-30 13:58:14,False,8,6,False,0,16,False,0.47,8.0
EDR-003658,AST-03658,2026-08-30 02:58:14,False,3,2,False,0,0,False,0.71,9.6
EDR-003659,AST-03659,2026-08-30 01:58:14,False,1,9,False,0,43,False,0.39,9.3
EDR-003660,AST-03660,2026-08-24 23:58:14,False,6,20,False,0,7,False,0.52,6.9
EDR-003661,AST-03661,2026-08-09 07:58:14,False,1,9,False,0,40,False,0.38,9.0
EDR-003662,AST-03662,2026-08-10 17:58:14,False,2,17,False,0,37,False,0.32,8.3
EDR-003663,AST-03663,2026-08-27 02:58:14,False,4,6,False,0,32,False,0.19,8.7
EDR-003664,AST-03664,2026-08-29 20:58:14,False,9,0,False,0,0,False,0.78,7.8
EDR-003665,AST-03665,2026-08-08 04:58:14,False,2,9,False,0,47,False,0.18,9.0
EDR-003666,AST-03666,2026-08-14 17:58:14,False,7,7,False,0,26,False,0.7,7.8
EDR-003667,AST-03667,2026-08-09 23:58:14,False,8,6,False,0,34,False,0.5,7.9
EDR-003668,AST-03668,2026-08-30 23:58:14,False,9,17,False,0,5,False,0.65,6.7
EDR-003669,AST-03669,2026-08-19 21:58:14,False,6,20,False,0,30,False,0.76,7.1
EDR-003670,AST-03670,2026-09-01 09:58:14,False,4,5,False,0,50,False,0.55,8.8
EDR-003671,AST-03671,2026-08-30 14:58:14,False,5,1,False,0,20,False,0.64,8.4
EDR-003672,AST-03672,2026-08-10 06:58:14,True,8,10,False,2,30,True,0.79,5.5
EDR-003673,AST-03673,2026-08-07 22:58:14,False,3,16,False,0,35,False,0.34,8.0
EDR-003674,AST-03674,2026-08-08 06:58:14,False,1,16,False,0,48,False,0.62,7.9
EDR-003675,AST-03675,2026-08-31 06:58:14,False,1,7,False,0,10,False,0.27,9.5
EDR-003676,AST-03676,2026-08-30 03:58:14,False,0,14,False,0,1,False,0.18,8.3
EDR-003677,AST-03677,2026-08-27 12:58:14,False,2,4,False,0,20,False,0.56,9.6
EDR-003678,AST-03678,2026-08-20 09:58:14,False,0,8,False,0,4,False,0.1,9.5
EDR-003679,AST-03679,2026-08-25 15:58:14,False,8,10,False,0,43,False,0.61,7.3
EDR-003680,AST-03680,2026-08-18 11:58:14,False,2,17,False,0,25,False,0.12,7.6
EDR-003681,AST-03681,2026-08-29 09:58:14,False,3,2,False,0,5,False,0.5,9.1
EDR-003682,AST-03682,2026-08-20 16:58:14,False,7,19,False,0,0,False,0.57,7.2
EDR-003683,AST-03683,2026-08-08 07:58:14,False,5,4,False,0,25,False,0.67,8.1
EDR-003684,AST-03684,2026-08-20 00:58:14,True,3,13,False,0,42,False,0.73,6.0
EDR-003685,AST-03685,2026-08-12 21:58:14,False,8,5,False,0,20,False,0.15,7.7
EDR-003686,AST-03686,2026-08-07 23:58:14,False,10,7,False,0,46,False,0.29,7.2
EDR-003687,AST-03687,2026-08-23 20:58:14,False,8,0,False,0,9,False,0.21,8.5
EDR-003688,AST-03688,2026-08-20 04:58:14,False,2,17,False,0,43,False,0.73,7.8
EDR-003689,AST-03689,2026-09-03 18:58:14,False,5,1,False,0,0,False,0.1,8.8
EDR-003690,AST-03690,2026-09-02 12:58:14,False,6,15,False,0,23,False,0.79,7.7
EDR-003691,AST-03691,2026-09-01 14:58:14,False,1,1,False,0,22,False,0.68,9.7
EDR-003692,AST-03692,2026-08-10 16:58:14,False,9,1,False,0,18,False,0.13,8.5
EDR-003693,AST-03693,2026-08-08 03:58:14,False,5,3,False,0,38,False,0.3,9.1
EDR-003694,AST-03694,2026-08-15 05:58:14,False,7,5,False,0,34,False,0.29,8.0
EDR-003695,AST-03695,2026-08-18 08:58:14,False,4,19,False,0,30,False,0.59,7.4
EDR-003696,AST-03696,2026-08-14 22:58:14,False,10,10,False,0,18,False,0.44,6.7
EDR-003697,AST-03697,2026-08-23 13:58:14,True,8,12,False,0,11,False,0.96,5.2
EDR-003698,AST-03698,2026-08-20 19:58:14,False,9,3,False,0,26,False,0.2,7.9
EDR-003699,AST-03699,2026-08-15 17:58:14,False,6,19,False,0,19,False,0.66,6.8
EDR-003700,AST-03700,2026-08-22 15:58:14,False,10,2,False,0,3,False,0.6,7.6
EDR-003701,AST-03701,2026-08-13 00:58:14,True,7,12,False,3,28,False,0.84,5.6
EDR-003702,AST-03702,2026-08-05 17:58:14,False,8,20,False,0,33,False,0.36,6.1
EDR-003703,AST-03703,2026-08-24 01:58:14,False,9,16,False,0,32,False,0.45,6.3
EDR-003704,AST-03704,2026-08-22 20:58:14,False,8,3,False,0,13,False,0.38,8.6
EDR-003705,AST-03705,2026-08-19 01:58:14,False,3,9,False,0,13,False,0.24,8.9
EDR-003706,AST-03706,2026-08-09 10:58:14,False,4,19,False,0,0,False,0.6,7.8
EDR-003707,AST-03707,2026-08-06 21:58:14,False,1,12,False,0,2,False,0.37,8.4
EDR-003708,AST-03708,2026-08-18 01:58:14,False,9,19,False,0,50,False,0.12,6.0
EDR-003709,AST-03709,2026-09-03 10:58:14,False,7,2,False,0,30,False,0.25,8.4
EDR-003710,AST-03710,2026-08-18 04:58:14,False,1,3,False,0,31,False,0.28,9.1
EDR-003711,AST-03711,2026-08-09 07:58:14,False,7,13,False,0,33,False,0.11,7.5
EDR-003712,AST-03712,2026-08-26 17:58:14,False,10,0,False,0,7,False,0.39,8.0
EDR-003713,AST-03713,2026-08-07 16:58:14,False,7,19,False,0,2,False,0.62,6.8
EDR-003714,AST-03714,2026-08-29 05:58:14,False,5,11,False,0,47,False,0.64,7.8
EDR-003715,AST-03715,2026-08-12 05:58:14,False,9,7,False,0,28,False,0.25,7.4
EDR-003716,AST-03716,2026-08-31 19:58:14,False,0,10,False,0,40,False,0.62,9.3
EDR-003717,AST-03717,2026-08-30 18:58:14,False,4,3,False,0,39,False,0.77,9.2
EDR-003718,AST-03718,2026-08-08 18:58:14,False,10,20,False,0,2,False,0.32,5.9
EDR-003719,AST-03719,2026-08-29 01:58:14,True,8,1,False,3,30,True,0.61,6.6
EDR-003720,AST-03720,2026-08-19 17:58:14,False,4,3,False,0,11,False,0.75,8.7
EDR-003721,AST-03721,2026-08-07 15:58:14,False,9,13,False,0,50,False,0.67,7.1
EDR-003722,AST-03722,2026-08-31 05:58:14,False,7,12,False,0,27,False,0.17,7.4
EDR-003723,AST-03723,2026-08-17 08:58:14,False,8,18,False,0,27,False,0.38,6.3
EDR-003724,AST-03724,2026-08-23 09:58:14,False,3,2,False,0,44,False,0.28,9.1
EDR-003725,AST-03725,2026-08-10 18:58:14,False,5,16,False,0,37,False,0.77,7.1
EDR-003726,AST-03726,2026-08-07 18:58:14,False,6,14,False,0,2,False,0.39,7.5
EDR-003727,AST-03727,2026-08-17 23:58:14,False,3,0,False,0,41,False,0.75,9.1
EDR-003728,AST-03728,2026-08-30 17:58:14,False,5,17,False,0,18,False,0.64,7.1
EDR-003729,AST-03729,2026-08-25 16:58:14,False,9,2,False,0,22,False,0.66,7.7
EDR-003730,AST-03730,2026-08-25 16:58:14,False,6,19,False,0,46,False,0.33,7.1
EDR-003731,AST-03731,2026-08-21 22:58:14,False,5,5,False,0,34,False,0.26,8.5
EDR-003732,AST-03732,2026-08-13 13:58:14,False,7,15,False,0,8,False,0.58,7.1
EDR-003733,AST-03733,2026-08-28 05:58:14,False,1,9,False,0,24,False,0.21,9.4
EDR-003734,AST-03734,2026-08-15 22:58:14,False,4,14,False,0,11,False,0.13,7.4
EDR-003735,AST-03735,2026-08-26 01:58:14,False,4,20,False,0,8,False,0.39,7.3
EDR-003736,AST-03736,2026-08-29 06:58:14,True,2,12,False,2,40,True,0.97,6.7
EDR-003737,AST-03737,2026-09-01 00:58:14,False,4,15,False,0,11,False,0.76,7.8
EDR-003738,AST-03738,2026-08-12 23:58:14,False,1,0,False,0,16,False,0.58,9.8
EDR-003739,AST-03739,2026-08-17 05:58:14,True,8,1,False,3,40,True,0.98,6.2
EDR-003740,AST-03740,2026-08-25 08:58:14,False,4,4,False,0,16,False,0.75,8.5
EDR-003741,AST-03741,2026-08-28 18:58:14,True,9,16,False,0,40,False,0.79,4.7
EDR-003742,AST-03742,2026-08-28 14:58:14,False,5,14,False,0,9,False,0.6,7.6
EDR-003743,AST-03743,2026-08-30 23:58:14,False,6,9,False,0,4,False,0.2,7.7
EDR-003744,AST-03744,2026-08-16 05:58:14,False,3,15,False,0,28,False,0.26,7.8
EDR-003745,AST-03745,2026-08-06 02:58:14,False,0,9,False,0,1,False,0.53,8.9
EDR-003746,AST-03746,2026-08-23 21:58:14,True,10,0,False,1,24,True,0.86,5.9
EDR-003747,AST-03747,2026-08-11 04:58:14,False,4,17,False,0,35,False,0.63,7.4
EDR-003748,AST-03748,2026-08-18 12:58:14,False,10,15,False,0,37,False,0.51,6.9
EDR-003749,AST-03749,2026-09-03 23:58:14,False,7,8,False,0,24,False,0.36,7.7
EDR-003750,AST-03750,2026-08-22 15:58:14,False,3,3,False,0,14,False,0.77,8.8
EDR-003751,AST-03751,2026-08-14 22:58:14,False,8,14,False,0,36,False,0.75,6.5
EDR-003752,AST-03752,2026-08-11 05:58:14,False,9,9,False,0,24,False,0.12,6.9
EDR-003753,AST-03753,2026-08-30 12:58:14,False,6,2,False,0,27,False,0.61,8.9
EDR-003754,AST-03754,2026-08-15 17:58:14,False,5,10,False,0,8,False,0.1,8.4
EDR-003755,AST-03755,2026-08-10 07:58:14,False,7,14,False,0,0,False,0.16,6.9
EDR-003756,AST-03756,2026-08-28 09:58:14,False,3,1,False,0,24,False,0.16,9.2
EDR-003757,AST-03757,2026-08-26 17:58:14,False,8,7,False,0,2,False,0.54,7.5
EDR-003758,AST-03758,2026-08-23 10:58:14,False,1,7,False,0,19,False,0.43,9.0
EDR-003759,AST-03759,2026-08-26 21:58:14,False,2,10,False,0,4,False,0.22,8.2
EDR-003760,AST-03760,2026-09-02 14:58:14,False,1,2,False,0,50,False,0.17,9.3
EDR-003761,AST-03761,2026-08-08 19:58:14,False,1,11,False,0,38,False,0.21,9.2
EDR-003762,AST-03762,2026-09-01 03:58:14,False,2,7,False,0,9,False,0.71,9.3
EDR-003763,AST-03763,2026-08-22 23:58:14,False,2,4,False,0,36,False,0.43,9.0
EDR-003764,AST-03764,2026-08-18 13:58:14,False,2,8,False,0,25,False,0.65,8.4
EDR-003765,AST-03765,2026-08-18 10:58:14,False,9,18,False,0,39,False,0.35,6.0
EDR-003766,AST-03766,2026-08-06 19:58:14,False,8,19,False,0,8,False,0.46,6.9
EDR-003767,AST-03767,2026-08-16 01:58:14,False,8,11,False,0,29,False,0.54,7.8
EDR-003768,AST-03768,2026-08-05 23:58:14,False,4,12,False,0,40,False,0.56,7.7
EDR-003769,AST-03769,2026-08-22 23:58:14,False,8,19,False,0,43,False,0.34,6.8
EDR-003770,AST-03770,2026-08-20 21:58:14,False,4,6,False,0,46,False,0.44,8.6
EDR-003771,AST-03771,2026-08-07 04:58:14,False,6,0,False,0,13,False,0.39,9.1
EDR-003772,AST-03772,2026-08-24 01:58:14,True,10,13,False,3,17,True,0.78,4.5
EDR-003773,AST-03773,2026-08-28 14:58:14,False,6,3,False,0,48,False,0.22,8.9
EDR-003774,AST-03774,2026-08-26 02:58:14,False,9,2,False,0,0,False,0.27,7.9
EDR-003775,AST-03775,2026-08-14 22:58:14,False,5,16,False,0,0,False,0.69,7.7
EDR-003776,AST-03776,2026-08-21 09:58:14,False,0,8,False,0,33,False,0.57,8.9
EDR-003777,AST-03777,2026-08-28 15:58:14,False,10,13,False,0,44,False,0.17,6.6
EDR-003778,AST-03778,2026-08-31 06:58:14,False,9,18,False,0,37,False,0.72,6.0
EDR-003779,AST-03779,2026-08-30 05:58:14,False,5,3,False,0,12,False,0.33,8.9
EDR-003780,AST-03780,2026-08-26 20:58:14,False,1,14,False,0,31,False,0.78,8.7
EDR-003781,AST-03781,2026-08-07 14:58:14,False,3,6,False,0,42,False,0.29,8.4
EDR-003782,AST-03782,2026-08-18 02:58:14,False,0,10,False,0,27,False,0.29,8.7
EDR-003783,AST-03783,2026-08-07 23:58:14,False,0,8,False,0,25,False,0.19,9.0
EDR-003784,AST-03784,2026-08-07 18:58:14,True,7,17,False,3,39,False,0.65,4.6
EDR-003785,AST-03785,2026-08-29 02:58:14,False,8,19,False,0,38,False,0.74,6.3
EDR-003786,AST-03786,2026-09-03 12:58:14,True,0,14,False,1,13,True,0.83,7.0
EDR-003787,AST-03787,2026-08-31 13:58:14,False,1,2,False,0,12,False,0.34,9.2
EDR-003788,AST-03788,2026-08-22 21:58:14,False,1,13,False,0,41,False,0.32,8.6
EDR-003789,AST-03789,2026-08-31 10:58:14,False,0,15,True,0,4,False,0.55,5.3
EDR-003790,AST-03790,2026-08-18 20:58:14,False,5,5,False,0,39,False,0.11,8.2
EDR-003791,AST-03791,2026-08-31 20:58:14,False,8,12,False,0,22,False,0.76,6.8
EDR-003792,AST-03792,2026-08-13 07:58:14,True,0,18,False,1,40,False,0.81,6.6
EDR-003793,AST-03793,2026-09-04 03:58:14,False,10,11,False,0,1,False,0.66,6.8
EDR-003794,AST-03794,2026-08-29 10:58:14,False,6,13,False,0,38,False,0.35,7.9
EDR-003795,AST-03795,2026-08-27 22:58:14,False,5,10,False,0,46,False,0.73,7.6
EDR-003796,AST-03796,2026-08-26 21:58:14,False,6,17,False,0,40,False,0.53,7.6
EDR-003797,AST-03797,2026-08-18 18:58:14,False,1,11,False,0,48,False,0.4,8.9
EDR-003798,AST-03798,2026-08-16 10:58:14,False,3,1,False,0,9,False,0.23,8.8
EDR-003799,AST-03799,2026-08-17 19:58:14,False,9,3,False,0,50,False,0.73,7.6
EDR-003800,AST-03800,2026-08-24 00:58:14,False,3,11,False,0,32,False,0.4,8.7
EDR-003801,AST-03801,2026-08-16 00:58:14,False,9,19,False,0,7,False,0.31,6.7
EDR-003802,AST-03802,2026-08-10 18:58:14,False,6,19,False,0,13,False,0.19,7.1
EDR-003803,AST-03803,2026-09-02 06:58:14,False,0,19,False,0,41,False,0.54,8.2
EDR-003804,AST-03804,2026-08-20 18:58:14,False,9,3,False,0,14,False,0.51,7.6
EDR-003805,AST-03805,2026-08-09 04:58:14,False,5,15,False,0,28,False,0.76,7.4
EDR-003806,AST-03806,2026-08-14 10:58:14,False,1,15,False,0,25,False,0.57,8.8
EDR-003807,AST-03807,2026-08-30 09:58:14,False,5,10,True,0,31,False,0.68,5.3
EDR-003808,AST-03808,2026-08-12 18:58:14,False,2,12,False,0,1,False,0.77,8.4
EDR-003809,AST-03809,2026-08-30 10:58:14,False,1,2,False,0,50,False,0.59,10.0
EDR-003810,AST-03810,2026-08-27 02:58:14,False,4,9,False,0,5,False,0.73,8.3
EDR-003811,AST-03811,2026-08-15 23:58:14,False,0,8,False,0,48,False,0.62,8.9
EDR-003812,AST-03812,2026-09-03 04:58:14,True,3,14,False,0,25,True,0.63,5.8
EDR-003813,AST-03813,2026-08-19 00:58:14,False,5,10,False,0,11,False,0.74,7.7
EDR-003814,AST-03814,2026-08-18 11:58:14,False,0,16,False,0,48,False,0.63,8.1
EDR-003815,AST-03815,2026-08-14 12:58:14,False,4,17,False,0,41,False,0.19,7.7
EDR-003816,AST-03816,2026-08-30 05:58:14,False,9,10,False,0,5,False,0.3,7.2
EDR-003817,AST-03817,2026-09-03 21:58:14,False,3,14,False,0,29,False,0.78,7.6
EDR-003818,AST-03818,2026-08-10 14:58:14,False,3,4,False,0,26,False,0.18,8.9
EDR-003819,AST-03819,2026-08-30 11:58:14,False,5,17,False,0,15,False,0.67,6.9
EDR-003820,AST-03820,2026-08-07 20:58:14,False,5,0,False,0,28,False,0.27,9.1
EDR-003821,AST-03821,2026-08-24 18:58:14,False,4,15,False,0,50,False,0.56,7.8
EDR-003822,AST-03822,2026-08-26 16:58:14,False,10,13,False,0,32,False,0.64,6.9
EDR-003823,AST-03823,2026-08-15 19:58:14,False,9,5,False,0,0,False,0.67,7.9
EDR-003824,AST-03824,2026-08-05 23:58:14,False,3,16,False,0,12,False,0.17,7.6
EDR-003825,AST-03825,2026-08-27 08:58:14,False,0,20,False,0,18,False,0.43,8.2
EDR-003826,AST-03826,2026-08-31 18:58:14,False,6,5,False,0,27,False,0.7,8.4
EDR-003827,AST-03827,2026-08-16 05:58:14,False,6,17,False,0,34,False,0.72,6.7
EDR-003828,AST-03828,2026-08-24 07:58:14,False,4,16,False,0,15,False,0.45,7.5
EDR-003829,AST-03829,2026-08-08 07:58:14,False,2,15,False,0,0,False,0.69,8.6
EDR-003830,AST-03830,2026-08-14 23:58:14,False,3,7,False,0,49,False,0.37,8.2
EDR-003831,AST-03831,2026-08-12 18:58:14,False,1,9,False,0,34,False,0.37,9.3
EDR-003832,AST-03832,2026-08-24 19:58:14,False,0,14,False,0,24,False,0.12,9.0
EDR-003833,AST-03833,2026-08-08 02:58:14,False,8,18,False,0,15,False,0.32,6.5
EDR-003834,AST-03834,2026-08-17 00:58:14,False,2,4,False,0,33,False,0.26,9.2
EDR-003835,AST-03835,2026-08-08 06:58:14,False,7,0,False,0,39,False,0.48,8.1
EDR-003836,AST-03836,2026-08-08 18:58:14,False,4,11,False,0,9,False,0.52,8.6
EDR-003837,AST-03837,2026-08-18 15:58:14,False,1,16,False,0,27,False,0.13,8.6
EDR-003838,AST-03838,2026-08-31 13:58:14,False,0,17,False,0,43,False,0.64,8.3
EDR-003839,AST-03839,2026-09-04 10:58:14,False,9,10,False,0,31,False,0.71,7.3
EDR-003840,AST-03840,2026-08-29 09:58:14,False,10,20,False,0,36,False,0.61,6.3
EDR-003841,AST-03841,2026-08-05 17:58:14,False,7,3,False,0,23,False,0.67,8.6
EDR-003842,AST-03842,2026-08-21 15:58:14,False,5,13,False,0,4,False,0.59,7.7
EDR-003843,AST-03843,2026-08-06 12:58:14,False,7,2,False,0,16,False,0.77,8.4
EDR-003844,AST-03844,2026-08-11 13:58:14,False,8,7,False,0,6,False,0.5,7.4
EDR-003845,AST-03845,2026-08-21 08:58:14,False,1,16,False,0,32,False,0.32,7.7
EDR-003846,AST-03846,2026-09-02 12:58:14,True,2,8,False,1,15,True,0.7,7.2
EDR-003847,AST-03847,2026-09-03 10:58:14,False,1,0,False,0,40,False,0.72,9.7
EDR-003848,AST-03848,2026-08-15 19:58:14,False,9,5,False,0,42,False,0.29,7.8
EDR-003849,AST-03849,2026-08-29 21:58:14,False,7,7,False,0,50,False,0.29,8.0
EDR-003850,AST-03850,2026-08-14 20:58:14,False,9,4,False,0,19,False,0.28,7.7
EDR-003851,AST-03851,2026-08-31 19:58:14,False,1,18,False,0,34,False,0.36,8.1
EDR-003852,AST-03852,2026-08-13 14:58:14,False,7,19,False,0,39,False,0.62,7.2
EDR-003853,AST-03853,2026-08-09 08:58:14,False,1,19,False,0,24,False,0.53,8.2
EDR-003854,AST-03854,2026-08-13 09:58:14,False,1,12,False,0,13,False,0.64,8.4
EDR-003855,AST-03855,2026-08-20 18:58:14,False,9,12,False,0,23,False,0.39,6.6
EDR-003856,AST-03856,2026-08-22 17:58:14,False,2,16,False,0,17,False,0.75,7.9
EDR-003857,AST-03857,2026-08-08 02:58:14,False,1,8,False,0,16,False,0.75,9.0
EDR-003858,AST-03858,2026-08-13 04:58:14,False,6,15,False,0,0,False,0.22,7.2
EDR-003859,AST-03859,2026-08-19 11:58:14,False,4,7,False,0,41,False,0.74,8.2
EDR-003860,AST-03860,2026-08-30 10:58:14,False,9,2,False,0,28,False,0.17,8.1
EDR-003861,AST-03861,2026-08-13 13:58:14,False,6,17,False,0,0,False,0.4,6.6
EDR-003862,AST-03862,2026-08-14 03:58:14,False,7,2,False,0,30,False,0.52,8.1
EDR-003863,AST-03863,2026-08-06 15:58:14,False,7,13,False,0,18,False,0.79,7.6
EDR-003864,AST-03864,2026-08-05 23:58:14,False,1,15,False,0,9,False,0.38,8.2
EDR-003865,AST-03865,2026-08-20 08:58:14,False,5,18,False,0,9,False,0.65,7.3
EDR-003866,AST-03866,2026-08-17 21:58:14,False,8,10,False,0,33,False,0.44,7.3
EDR-003867,AST-03867,2026-08-09 18:58:14,False,4,14,False,0,14,False,0.5,8.1
EDR-003868,AST-03868,2026-08-25 18:58:14,False,2,0,False,0,6,False,0.58,9.5
EDR-003869,AST-03869,2026-08-26 12:58:14,False,10,14,False,0,46,False,0.77,6.5
EDR-003870,AST-03870,2026-08-22 00:58:14,False,5,5,False,0,11,False,0.17,8.7
EDR-003871,AST-03871,2026-08-06 04:58:14,False,8,6,False,0,3,False,0.66,8.1
EDR-003872,AST-03872,2026-08-26 12:58:14,False,3,5,False,0,2,False,0.51,8.4
EDR-003873,AST-03873,2026-08-14 20:58:14,False,5,16,False,0,21,False,0.7,7.9
EDR-003874,AST-03874,2026-08-18 13:58:14,False,5,5,False,0,34,False,0.7,8.8
EDR-003875,AST-03875,2026-08-26 21:58:14,False,1,10,False,0,23,False,0.6,9.3
EDR-003876,AST-03876,2026-08-09 16:58:14,False,3,15,False,0,46,False,0.61,8.3
EDR-003877,AST-03877,2026-09-04 15:58:14,False,2,20,False,0,11,False,0.26,7.5
EDR-003878,AST-03878,2026-09-01 05:58:14,False,10,8,False,0,2,False,0.2,7.2
EDR-003879,AST-03879,2026-08-25 18:58:14,False,9,3,False,0,31,False,0.63,8.0
EDR-003880,AST-03880,2026-08-10 08:58:14,False,1,1,False,0,44,False,0.59,9.9
EDR-003881,AST-03881,2026-08-30 20:58:14,False,4,15,False,0,13,False,0.5,7.3
EDR-003882,AST-03882,2026-08-15 14:58:14,False,2,7,False,0,30,False,0.14,9.1
EDR-003883,AST-03883,2026-08-11 16:58:14,False,5,8,False,0,15,False,0.2,8.3
EDR-003884,AST-03884,2026-08-08 12:58:14,False,10,17,False,0,42,False,0.13,5.8
EDR-003885,AST-03885,2026-08-20 00:58:14,False,5,5,False,0,8,False,0.24,8.8
EDR-003886,AST-03886,2026-08-29 16:58:14,False,3,6,False,0,28,False,0.13,9.1
EDR-003887,AST-03887,2026-09-01 11:58:14,False,9,17,False,0,49,False,0.2,6.9
EDR-003888,AST-03888,2026-08-25 23:58:14,False,4,1,False,0,45,False,0.42,9.0
EDR-003889,AST-03889,2026-08-24 03:58:14,False,4,14,False,0,10,False,0.13,8.1
EDR-003890,AST-03890,2026-08-16 18:58:14,False,0,8,False,0,31,False,0.16,9.1
EDR-003891,AST-03891,2026-08-21 12:58:14,False,7,2,False,0,40,False,0.58,8.1
EDR-003892,AST-03892,2026-08-17 07:58:14,False,6,19,False,0,46,False,0.33,7.1
EDR-003893,AST-03893,2026-08-25 01:58:14,False,3,9,False,0,50,False,0.54,8.4
EDR-003894,AST-03894,2026-08-28 07:58:14,True,1,17,False,3,31,True,0.68,6.1
EDR-003895,AST-03895,2026-08-17 13:58:14,False,9,4,False,0,41,False,0.11,8.0
EDR-003896,AST-03896,2026-09-01 20:58:14,False,8,5,False,0,34,False,0.3,7.7
EDR-003897,AST-03897,2026-08-26 07:58:14,False,6,15,False,0,26,False,0.17,7.0
EDR-003898,AST-03898,2026-08-22 03:58:14,False,3,10,False,0,36,False,0.76,8.2
EDR-003899,AST-03899,2026-08-08 22:58:14,False,6,5,False,0,50,False,0.32,8.8
EDR-003900,AST-03900,2026-08-16 03:58:14,False,4,14,False,0,2,False,0.46,7.5
EDR-003901,AST-03901,2026-08-18 23:58:14,False,8,12,False,0,4,False,0.23,6.8
EDR-003902,AST-03902,2026-08-28 21:58:14,False,6,15,False,0,15,False,0.28,7.1
EDR-003903,AST-03903,2026-08-19 13:58:14,False,3,10,False,0,25,False,0.17,8.4
EDR-003904,AST-03904,2026-08-29 12:58:14,False,7,15,False,0,47,False,0.53,7.2
EDR-003905,AST-03905,2026-08-09 22:58:14,False,7,12,False,0,9,False,0.33,7.2
EDR-003906,AST-03906,2026-08-10 06:58:14,False,10,14,False,0,0,False,0.28,6.7
EDR-003907,AST-03907,2026-08-08 23:58:14,False,1,7,False,0,44,False,0.28,8.7
EDR-003908,AST-03908,2026-08-20 22:58:14,False,10,20,False,0,44,False,0.65,6.1
EDR-003909,AST-03909,2026-08-11 13:58:14,False,3,0,False,0,41,False,0.21,8.9
EDR-003910,AST-03910,2026-08-07 22:58:14,False,2,5,False,0,42,False,0.12,9.4
EDR-003911,AST-03911,2026-08-08 04:58:14,False,0,8,False,0,39,False,0.28,9.3
EDR-003912,AST-03912,2026-08-29 07:58:14,False,6,17,False,0,33,False,0.46,7.4
EDR-003913,AST-03913,2026-08-19 11:58:14,True,0,13,False,3,46,True,0.62,6.8
EDR-003914,AST-03914,2026-09-02 18:58:14,False,6,14,False,0,42,False,0.73,7.6
EDR-003915,AST-03915,2026-09-03 05:58:14,False,0,13,False,0,45,False,0.42,8.3
EDR-003916,AST-03916,2026-09-03 02:58:14,False,7,3,False,0,1,False,0.52,8.6
EDR-003917,AST-03917,2026-08-23 12:58:14,False,3,11,False,0,21,False,0.3,8.8
EDR-003918,AST-03918,2026-08-27 00:58:14,False,4,1,True,0,33,False,0.37,6.4
EDR-003919,AST-03919,2026-08-25 11:58:14,False,4,16,False,0,47,False,0.18,7.1
EDR-003920,AST-03920,2026-08-28 02:58:14,False,6,15,False,0,12,False,0.43,7.8
EDR-003921,AST-03921,2026-08-08 05:58:14,False,9,2,False,0,21,False,0.16,8.2
EDR-003922,AST-03922,2026-08-16 23:58:14,False,4,19,False,0,17,False,0.34,7.5
EDR-003923,AST-03923,2026-09-03 20:58:14,True,5,14,False,3,50,True,0.84,6.1
EDR-003924,AST-03924,2026-08-20 03:58:14,False,4,8,False,0,8,False,0.21,8.7
EDR-003925,AST-03925,2026-08-09 14:58:14,False,6,17,False,0,0,False,0.62,7.5
EDR-003926,AST-03926,2026-08-22 23:58:14,False,7,9,False,0,40,False,0.44,8.2
EDR-003927,AST-03927,2026-08-17 10:58:14,False,0,6,True,0,25,False,0.6,6.7
EDR-003928,AST-03928,2026-08-20 21:58:14,False,3,2,False,0,44,False,0.35,9.4
EDR-003929,AST-03929,2026-08-17 10:58:14,False,7,4,False,0,6,False,0.48,8.1
EDR-003930,AST-03930,2026-08-25 19:58:14,False,4,8,False,0,13,False,0.35,8.5
EDR-003931,AST-03931,2026-08-16 05:58:14,False,4,5,False,0,32,False,0.5,8.3
EDR-003932,AST-03932,2026-08-31 04:58:14,False,0,6,False,0,13,False,0.8,9.0
EDR-003933,AST-03933,2026-08-22 16:58:14,False,4,18,False,0,34,False,0.58,7.6
EDR-003934,AST-03934,2026-08-18 06:58:14,False,2,20,False,0,15,False,0.13,7.4
EDR-003935,AST-03935,2026-08-28 15:58:14,False,2,19,False,0,1,False,0.44,7.5
EDR-003936,AST-03936,2026-08-10 12:58:14,False,3,9,False,0,0,False,0.27,8.5
EDR-003937,AST-03937,2026-08-26 19:58:14,False,8,10,False,0,19,False,0.62,7.2
EDR-003938,AST-03938,2026-08-29 02:58:14,False,0,12,False,0,7,False,0.8,8.5
EDR-003939,AST-03939,2026-08-18 02:58:14,False,3,18,False,0,44,False,0.37,7.1
EDR-003940,AST-03940,2026-08-24 05:58:14,False,5,4,False,0,40,False,0.38,8.3
EDR-003941,AST-03941,2026-08-24 13:58:14,False,9,9,False,0,45,False,0.17,7.2
EDR-003942,AST-03942,2026-08-28 05:58:14,False,5,6,False,0,32,False,0.51,8.1
EDR-003943,AST-03943,2026-08-31 21:58:14,False,9,11,False,0,49,False,0.47,6.7
EDR-003944,AST-03944,2026-08-10 03:58:14,False,6,2,False,0,49,False,0.6,8.6
EDR-003945,AST-03945,2026-08-18 18:58:14,False,4,2,False,0,50,False,0.55,9.3
EDR-003946,AST-03946,2026-08-30 18:58:14,False,9,4,False,0,7,False,0.65,7.6
EDR-003947,AST-03947,2026-08-07 01:58:14,False,10,3,False,0,22,False,0.76,7.6
EDR-003948,AST-03948,2026-08-18 03:58:14,False,3,13,False,0,48,False,0.28,8.5
EDR-003949,AST-03949,2026-09-01 03:58:14,False,5,3,False,0,28,False,0.14,8.5
EDR-003950,AST-03950,2026-08-06 04:58:14,False,2,7,False,0,5,False,0.39,9.0
EDR-003951,AST-03951,2026-08-08 23:58:14,False,1,11,False,0,12,False,0.61,8.6
EDR-003952,AST-03952,2026-08-22 08:58:14,False,10,7,False,0,24,False,0.24,7.4
EDR-003953,AST-03953,2026-08-06 20:58:14,False,8,16,False,0,1,False,0.66,6.6
EDR-003954,AST-03954,2026-08-11 23:58:14,False,3,3,False,0,43,False,0.24,9.5
EDR-003955,AST-03955,2026-09-03 03:58:14,False,0,6,False,0,6,False,0.65,9.9
EDR-003956,AST-03956,2026-08-19 18:58:14,False,10,2,False,0,16,False,0.36,7.3
EDR-003957,AST-03957,2026-08-07 08:58:14,False,4,7,False,0,29,False,0.12,8.0
EDR-003958,AST-03958,2026-08-15 01:58:14,False,6,8,False,0,19,False,0.14,8.0
EDR-003959,AST-03959,2026-08-19 19:58:14,False,9,14,False,0,23,False,0.54,6.4
EDR-003960,AST-03960,2026-08-15 16:58:14,False,2,9,False,0,26,False,0.65,8.3
EDR-003961,AST-03961,2026-08-06 17:58:14,False,9,19,False,0,12,False,0.58,6.3
EDR-003962,AST-03962,2026-08-25 13:58:14,False,10,9,False,0,26,False,0.13,7.1
EDR-003963,AST-03963,2026-08-31 11:58:14,False,2,6,False,0,30,False,0.63,8.7
EDR-003964,AST-03964,2026-08-12 16:58:14,False,1,16,False,0,42,False,0.29,8.4
EDR-003965,AST-03965,2026-08-18 20:58:14,False,9,11,False,0,15,False,0.73,7.0
EDR-003966,AST-03966,2026-08-31 04:58:14,False,0,8,False,0,49,False,0.64,9.6
EDR-003967,AST-03967,2026-08-07 23:58:14,False,5,16,False,0,48,False,0.41,7.4
EDR-003968,AST-03968,2026-08-14 20:58:14,False,4,17,False,0,20,False,0.24,7.1
EDR-003969,AST-03969,2026-08-26 15:58:14,False,6,9,False,0,31,False,0.4,7.6
EDR-003970,AST-03970,2026-08-21 19:58:14,False,4,13,False,0,41,False,0.12,8.2
EDR-003971,AST-03971,2026-08-30 00:58:14,True,6,17,False,2,10,False,0.66,5.1
EDR-003972,AST-03972,2026-08-15 18:58:14,False,7,13,False,0,2,False,0.75,7.3
EDR-003973,AST-03973,2026-08-12 11:58:14,False,2,9,False,0,43,False,0.28,8.6
EDR-003974,AST-03974,2026-08-30 23:58:14,False,10,13,False,0,31,False,0.4,6.6
EDR-003975,AST-03975,2026-08-22 04:58:14,False,2,6,False,0,18,False,0.23,8.8
EDR-003976,AST-03976,2026-08-14 12:58:14,False,7,5,False,0,33,False,0.24,8.3
EDR-003977,AST-03977,2026-08-19 11:58:14,False,0,2,False,0,30,False,0.26,10
EDR-003978,AST-03978,2026-08-20 14:58:14,False,3,12,False,0,4,False,0.55,8.2
EDR-003979,AST-03979,2026-08-27 01:58:14,False,10,5,False,0,14,False,0.58,7.3
EDR-003980,AST-03980,2026-08-24 04:58:14,False,5,13,False,0,2,False,0.34,8.2
EDR-003981,AST-03981,2026-09-01 09:58:14,False,2,15,False,0,46,False,0.68,7.8
EDR-003982,AST-03982,2026-08-18 23:58:14,False,8,3,False,0,11,False,0.39,8.5
EDR-003983,AST-03983,2026-08-18 13:58:14,False,4,1,False,0,28,False,0.41,8.8
EDR-003984,AST-03984,2026-09-03 01:58:14,False,6,14,False,0,34,False,0.39,7.5
EDR-003985,AST-03985,2026-08-27 16:58:14,False,8,15,False,0,24,False,0.7,6.4
EDR-003986,AST-03986,2026-08-26 01:58:14,False,6,8,False,0,23,False,0.75,8.3
EDR-003987,AST-03987,2026-08-29 11:58:14,False,7,17,False,0,41,False,0.12,7.1
EDR-003988,AST-03988,2026-08-25 01:58:14,False,10,20,False,0,13,False,0.18,5.8
EDR-003989,AST-03989,2026-08-09 09:58:14,False,10,2,False,0,19,False,0.59,7.5
EDR-003990,AST-03990,2026-08-12 08:58:14,False,0,9,False,0,22,False,0.23,9.6
EDR-003991,AST-03991,2026-08-21 17:58:14,False,9,18,False,0,27,False,0.75,6.5
EDR-003992,AST-03992,2026-08-14 11:58:14,True,2,19,False,1,18,False,0.93,6.0
EDR-003993,AST-03993,2026-08-12 11:58:14,False,10,2,False,0,8,False,0.32,7.5
EDR-003994,AST-03994,2026-08-26 21:58:14,False,3,1,False,0,4,False,0.15,9.1
EDR-003995,AST-03995,2026-08-07 11:58:14,False,2,0,False,0,36,False,0.62,9.3
EDR-003996,AST-03996,2026-08-21 23:58:14,False,9,8,False,0,6,False,0.61,6.9
EDR-003997,AST-03997,2026-08-17 03:58:14,False,1,10,False,0,28,False,0.52,8.6
EDR-003998,AST-03998,2026-08-24 05:58:14,False,8,4,False,0,11,False,0.28,8.3
EDR-003999,AST-03999,2026-08-31 02:58:14,False,1,11,False,0,31,False,0.19,8.5
EDR-004000,AST-04000,2026-08-16 07:58:14,False,8,8,False,0,18,False,0.14,8.1
EDR-004001,AST-04001,2026-08-17 13:58:14,False,4,1,False,0,22,False,0.18,9.1
EDR-004002,AST-04002,2026-08-06 20:58:14,False,4,9,False,0,18,False,0.38,7.9
EDR-004003,AST-04003,2026-08-20 13:58:14,False,10,16,False,0,42,False,0.52,6.4
EDR-004004,AST-04004,2026-08-29 06:58:14,False,1,17,False,0,33,False,0.13,8.4
EDR-004005,AST-04005,2026-08-20 08:58:14,False,5,19,False,0,20,False,0.6,6.9
EDR-004006,AST-04006,2026-09-03 05:58:14,False,10,2,False,0,32,False,0.62,7.8
EDR-004007,AST-04007,2026-09-02 12:58:14,False,5,6,False,0,35,False,0.31,8.9
EDR-004008,AST-04008,2026-08-30 16:58:14,False,0,17,False,0,29,False,0.37,8.1
EDR-004009,AST-04009,2026-08-31 23:58:14,False,6,16,False,0,17,False,0.43,7.2
EDR-004010,AST-04010,2026-09-03 14:58:14,False,6,6,False,0,41,False,0.71,8.7
EDR-004011,AST-04011,2026-08-19 14:58:14,False,7,8,False,0,32,False,0.29,7.4
EDR-004012,AST-04012,2026-08-06 19:58:14,False,6,5,False,0,25,False,0.64,8.6
EDR-004013,AST-04013,2026-09-03 05:58:14,False,8,9,False,0,46,False,0.74,7.7
EDR-004014,AST-04014,2026-08-07 18:58:14,False,0,16,False,0,1,False,0.14,8.2
EDR-004015,AST-04015,2026-08-07 15:58:14,False,7,6,False,0,1,False,0.54,7.5
EDR-004016,AST-04016,2026-08-22 02:58:14,False,3,2,False,0,49,False,0.8,9.6
EDR-004017,AST-04017,2026-08-24 23:58:14,False,2,8,False,0,36,False,0.51,9.3
EDR-004018,AST-04018,2026-08-15 16:58:14,False,6,9,False,0,49,False,0.63,7.8
EDR-004019,AST-04019,2026-08-20 14:58:14,False,0,1,False,0,48,False,0.3,9.7
EDR-004020,AST-04020,2026-08-30 20:58:14,False,2,13,False,0,50,False,0.44,8.6
EDR-004021,AST-04021,2026-08-05 22:58:14,False,1,0,False,0,46,False,0.34,9.8
EDR-004022,AST-04022,2026-08-16 16:58:14,False,8,4,False,0,22,False,0.14,7.9
EDR-004023,AST-04023,2026-09-01 15:58:14,False,8,3,False,0,49,False,0.28,8.0
EDR-004024,AST-04024,2026-08-12 05:58:14,False,3,7,False,0,31,False,0.19,8.8
EDR-004025,AST-04025,2026-08-17 17:58:14,False,8,9,False,0,38,False,0.23,7.9
EDR-004026,AST-04026,2026-08-23 17:58:14,False,3,12,False,0,41,False,0.29,8.4
EDR-004027,AST-04027,2026-08-26 22:58:14,False,10,7,False,0,44,False,0.67,7.8
EDR-004028,AST-04028,2026-08-06 09:58:14,False,10,10,False,0,45,False,0.38,7.3
EDR-004029,AST-04029,2026-08-15 22:58:14,False,9,15,False,0,1,False,0.32,6.9
EDR-004030,AST-04030,2026-08-20 01:58:14,False,5,5,False,0,30,False,0.54,8.4
EDR-004031,AST-04031,2026-08-27 12:58:14,False,0,11,False,0,14,False,0.46,8.9
EDR-004032,AST-04032,2026-08-29 05:58:14,False,5,20,False,0,41,False,0.41,7.1
EDR-004033,AST-04033,2026-08-28 19:58:14,False,6,1,False,0,5,False,0.53,8.3
EDR-004034,AST-04034,2026-08-26 06:58:14,False,2,13,False,0,22,False,0.27,8.4
EDR-004035,AST-04035,2026-09-02 17:58:14,False,2,9,False,0,13,False,0.36,8.9
EDR-004036,AST-04036,2026-08-12 20:58:14,False,10,13,False,0,25,False,0.41,6.8
EDR-004037,AST-04037,2026-08-13 13:58:14,False,0,15,False,0,25,False,0.42,8.3
EDR-004038,AST-04038,2026-08-15 08:58:14,False,6,1,False,0,16,False,0.78,8.2
EDR-004039,AST-04039,2026-08-17 12:58:14,False,2,8,False,0,12,False,0.25,8.6
EDR-004040,AST-04040,2026-09-01 00:58:14,False,2,10,False,0,13,False,0.28,8.8
EDR-004041,AST-04041,2026-08-22 06:58:14,False,7,17,False,0,38,False,0.42,6.9
EDR-004042,AST-04042,2026-08-17 08:58:14,False,0,6,False,0,26,False,0.75,9.6
EDR-004043,AST-04043,2026-08-14 01:58:14,False,3,16,False,0,0,False,0.25,8.2
EDR-004044,AST-04044,2026-08-31 01:58:14,False,10,12,False,0,44,False,0.51,7.0
EDR-004045,AST-04045,2026-08-24 17:58:14,False,1,12,False,0,17,False,0.63,8.8
EDR-004046,AST-04046,2026-08-20 08:58:14,False,8,15,False,0,40,False,0.42,6.4
EDR-004047,AST-04047,2026-09-03 22:58:14,False,8,15,False,0,16,False,0.59,6.7
EDR-004048,AST-04048,2026-08-29 22:58:14,False,7,14,False,0,14,False,0.23,7.1
EDR-004049,AST-04049,2026-08-23 01:58:14,False,1,17,False,0,13,False,0.6,7.6
EDR-004050,AST-04050,2026-08-19 22:58:14,True,5,8,False,0,33,True,0.72,6.4
EDR-004051,AST-04051,2026-09-02 07:58:14,False,5,16,False,0,23,False,0.19,7.8
EDR-004052,AST-04052,2026-09-02 13:58:14,False,3,1,False,0,3,False,0.26,9.4
EDR-004053,AST-04053,2026-08-16 09:58:14,False,2,14,False,0,20,False,0.36,8.5
EDR-004054,AST-04054,2026-08-07 17:58:14,False,8,18,False,0,50,False,0.28,6.7
EDR-004055,AST-04055,2026-08-18 06:58:14,False,7,6,False,0,22,False,0.18,8.0
EDR-004056,AST-04056,2026-08-19 22:58:14,False,10,14,False,0,47,False,0.53,7.0
EDR-004057,AST-04057,2026-08-13 07:58:14,False,4,6,False,0,13,False,0.8,8.8
EDR-004058,AST-04058,2026-08-22 02:58:14,False,6,8,False,0,33,False,0.61,7.8
EDR-004059,AST-04059,2026-08-12 02:58:14,False,2,20,False,0,31,False,0.78,7.3
EDR-004060,AST-04060,2026-08-29 15:58:14,False,6,3,False,0,4,False,0.51,8.1
EDR-004061,AST-04061,2026-08-24 06:58:14,False,8,7,False,0,6,False,0.27,7.4
EDR-004062,AST-04062,2026-09-02 09:58:14,False,5,10,False,0,40,False,0.67,8.3
EDR-004063,AST-04063,2026-08-08 16:58:14,False,10,4,False,0,42,False,0.14,7.6
EDR-004064,AST-04064,2026-08-26 06:58:14,False,7,2,False,0,33,False,0.75,8.4
EDR-004065,AST-04065,2026-08-26 19:58:14,False,1,8,False,0,44,False,0.68,9.3
EDR-004066,AST-04066,2026-08-08 07:58:14,False,0,17,False,0,20,False,0.4,8.4
EDR-004067,AST-04067,2026-08-08 07:58:14,False,9,3,False,0,1,False,0.24,8.1
EDR-004068,AST-04068,2026-08-22 12:58:14,True,3,7,False,1,19,False,0.75,6.2
EDR-004069,AST-04069,2026-08-14 16:58:14,False,10,8,False,0,23,False,0.22,7.1
EDR-004070,AST-04070,2026-08-31 11:58:14,False,2,15,False,0,18,False,0.76,8.5
EDR-004071,AST-04071,2026-08-08 09:58:14,False,4,14,False,0,20,False,0.77,7.3
EDR-004072,AST-04072,2026-08-22 23:58:14,False,4,16,False,0,13,False,0.63,7.6
EDR-004073,AST-04073,2026-08-28 16:58:14,False,1,6,False,0,25,False,0.12,9.2
EDR-004074,AST-04074,2026-08-07 18:58:14,False,8,19,False,0,36,False,0.51,6.4
EDR-004075,AST-04075,2026-08-06 10:58:14,False,3,0,False,0,45,False,0.23,9.1
EDR-004076,AST-04076,2026-08-16 04:58:14,False,4,7,False,0,7,False,0.69,8.9
EDR-004077,AST-04077,2026-08-12 18:58:14,False,1,18,False,0,12,False,0.5,8.2
EDR-004078,AST-04078,2026-08-26 10:58:14,False,10,10,False,0,18,False,0.48,7.0
EDR-004079,AST-04079,2026-08-17 06:58:14,False,3,9,False,0,31,False,0.28,8.5
EDR-004080,AST-04080,2026-08-14 20:58:14,False,9,0,False,0,18,False,0.38,7.8
EDR-004081,AST-04081,2026-08-30 18:58:14,False,5,5,False,0,40,False,0.44,8.1
EDR-004082,AST-04082,2026-08-16 18:58:14,False,6,0,False,0,28,False,0.19,8.4
EDR-004083,AST-04083,2026-08-19 17:58:14,False,9,6,False,0,25,False,0.11,7.3
EDR-004084,AST-04084,2026-08-16 03:58:14,False,7,9,False,0,19,False,0.28,8.2
EDR-004085,AST-04085,2026-08-21 09:58:14,True,7,17,False,0,32,True,0.9,5.0
EDR-004086,AST-04086,2026-08-16 16:58:14,False,7,15,False,0,5,False,0.46,7.4
EDR-004087,AST-04087,2026-08-13 16:58:14,False,6,7,False,0,50,False,0.19,8.2
EDR-004088,AST-04088,2026-08-13 07:58:14,False,6,17,False,0,39,False,0.31,7.6
EDR-004089,AST-04089,2026-08-17 17:58:14,False,6,3,False,0,29,False,0.38,8.7
EDR-004090,AST-04090,2026-08-30 13:58:14,False,5,4,False,0,0,False,0.42,8.5
EDR-004091,AST-04091,2026-08-23 06:58:14,False,3,12,False,0,25,False,0.74,8.2
EDR-004092,AST-04092,2026-08-24 07:58:14,False,2,2,False,0,46,False,0.65,9.3
EDR-004093,AST-04093,2026-08-24 19:58:14,False,5,8,False,0,10,False,0.4,8.3
EDR-004094,AST-04094,2026-08-10 06:58:14,False,3,4,False,0,11,False,0.63,8.9
EDR-004095,AST-04095,2026-08-15 20:58:14,False,8,12,False,0,44,False,0.6,7.2
EDR-004096,AST-04096,2026-08-15 16:58:14,False,9,2,False,0,4,False,0.13,7.9
EDR-004097,AST-04097,2026-08-16 00:58:14,False,6,20,False,0,44,False,0.74,7.1
EDR-004098,AST-04098,2026-08-07 23:58:14,False,6,2,False,0,27,False,0.29,8.5
EDR-004099,AST-04099,2026-08-06 22:58:14,False,6,15,False,0,38,False,0.4,7.3
EDR-004100,AST-04100,2026-08-11 17:58:14,False,0,0,False,0,15,False,0.18,9.6
EDR-004101,AST-04101,2026-08-30 14:58:14,False,10,4,False,0,14,False,0.72,7.6
EDR-004102,AST-04102,2026-08-09 20:58:14,True,8,2,False,1,31,False,0.74,6.5
EDR-004103,AST-04103,2026-08-06 20:58:14,False,6,15,False,0,38,False,0.72,7.0
EDR-004104,AST-04104,2026-08-27 17:58:14,False,10,7,False,0,40,False,0.53,7.6
EDR-004105,AST-04105,2026-08-20 18:58:14,False,8,19,False,0,22,False,0.71,6.1
EDR-004106,AST-04106,2026-09-01 12:58:14,False,4,6,False,0,44,False,0.47,8.6
EDR-004107,AST-04107,2026-08-09 16:58:14,False,8,12,False,0,28,False,0.24,7.2
EDR-004108,AST-04108,2026-08-17 06:58:14,False,4,18,False,0,47,False,0.7,7.4
EDR-004109,AST-04109,2026-08-06 02:58:14,False,3,8,False,0,48,False,0.65,8.3
EDR-004110,AST-04110,2026-08-24 17:58:14,False,5,10,False,0,49,False,0.26,8.3
EDR-004111,AST-04111,2026-08-18 23:58:14,False,0,3,False,0,40,False,0.39,9.3
EDR-004112,AST-04112,2026-08-30 12:58:14,False,7,3,False,0,2,False,0.66,8.0
EDR-004113,AST-04113,2026-08-10 14:58:14,False,8,20,False,0,11,False,0.55,6.5
EDR-004114,AST-04114,2026-08-14 02:58:14,False,8,16,True,0,50,False,0.55,3.9
EDR-004115,AST-04115,2026-08-29 16:58:14,False,2,11,False,0,28,False,0.44,8.3
EDR-004116,AST-04116,2026-08-22 01:58:14,False,4,5,False,0,20,False,0.64,8.8
EDR-004117,AST-04117,2026-08-27 12:58:14,False,8,9,False,0,27,False,0.73,7.0
EDR-004118,AST-04118,2026-09-03 07:58:14,False,7,4,False,0,46,False,0.25,7.8
EDR-004119,AST-04119,2026-08-25 08:58:14,False,3,5,False,0,25,False,0.73,9.2
EDR-004120,AST-04120,2026-08-11 14:58:14,False,4,16,False,0,12,False,0.51,8.1
EDR-004121,AST-04121,2026-08-12 06:58:14,False,4,18,False,0,18,False,0.27,7.4
EDR-004122,AST-04122,2026-08-29 22:58:14,False,1,3,False,0,25,False,0.5,9.0
EDR-004123,AST-04123,2026-08-23 10:58:14,False,8,3,False,0,9,False,0.66,7.6
EDR-004124,AST-04124,2026-08-27 08:58:14,False,7,5,False,0,3,False,0.54,7.7
EDR-004125,AST-04125,2026-08-30 08:58:14,False,5,8,False,0,28,False,0.61,8.1
EDR-004126,AST-04126,2026-08-19 14:58:14,True,4,4,False,0,0,True,0.69,6.7
EDR-004127,AST-04127,2026-09-02 00:58:14,False,4,12,False,0,28,False,0.67,8.2
EDR-004128,AST-04128,2026-08-10 01:58:14,False,3,7,False,0,40,False,0.57,8.9
EDR-004129,AST-04129,2026-08-14 05:58:14,False,8,10,False,0,21,False,0.42,7.2
EDR-004130,AST-04130,2026-08-08 11:58:14,False,2,0,False,0,49,False,0.44,9.4
EDR-004131,AST-04131,2026-08-18 21:58:14,False,10,4,False,0,23,False,0.15,7.2
EDR-004132,AST-04132,2026-08-15 20:58:14,False,8,14,False,0,12,False,0.67,6.7
EDR-004133,AST-04133,2026-09-01 13:58:14,False,5,13,False,0,11,False,0.15,7.5
EDR-004134,AST-04134,2026-08-16 05:58:14,True,8,5,False,0,26,True,0.93,6.3
EDR-004135,AST-04135,2026-08-14 13:58:14,False,1,6,False,0,20,False,0.31,9.5
EDR-004136,AST-04136,2026-08-30 13:58:14,False,9,7,False,0,44,False,0.61,7.3
EDR-004137,AST-04137,2026-08-26 14:58:14,False,4,1,False,0,21,False,0.7,9.3
EDR-004138,AST-04138,2026-08-14 11:58:14,True,7,1,False,2,28,True,0.99,6.2
EDR-004139,AST-04139,2026-08-07 19:58:14,False,9,18,False,0,16,False,0.55,6.4
EDR-004140,AST-04140,2026-08-13 19:58:14,False,2,19,False,0,16,False,0.27,7.6
EDR-004141,AST-04141,2026-08-18 20:58:14,False,5,18,False,0,0,False,0.68,7.7
EDR-004142,AST-04142,2026-08-15 20:58:14,False,0,2,False,0,10,False,0.15,9.5
EDR-004143,AST-04143,2026-08-07 08:58:14,False,4,8,False,0,48,False,0.4,8.0
EDR-004144,AST-04144,2026-09-02 02:58:14,False,6,14,False,0,18,False,0.28,7.5
EDR-004145,AST-04145,2026-08-31 20:58:14,False,0,16,False,0,47,False,0.72,8.5
EDR-004146,AST-04146,2026-08-16 08:58:14,False,10,10,False,0,34,False,0.19,7.0
EDR-004147,AST-04147,2026-08-23 08:58:14,False,10,9,False,0,36,False,0.39,7.3
EDR-004148,AST-04148,2026-08-31 20:58:14,False,6,4,False,0,15,False,0.67,8.2
EDR-004149,AST-04149,2026-08-24 01:58:14,False,0,17,False,0,37,False,0.45,8.5
EDR-004150,AST-04150,2026-08-24 21:58:14,False,8,10,False,0,36,False,0.76,7.3
EDR-004151,AST-04151,2026-08-10 04:58:14,False,5,16,False,0,45,False,0.43,7.8
EDR-004152,AST-04152,2026-08-31 05:58:14,False,7,15,False,0,47,False,0.45,7.1
EDR-004153,AST-04153,2026-08-29 11:58:14,False,0,17,False,0,33,False,0.45,8.3
EDR-004154,AST-04154,2026-09-03 22:58:14,False,1,11,False,0,18,False,0.19,8.6
EDR-004155,AST-04155,2026-08-25 03:58:14,False,7,5,False,0,3,False,0.67,8.0
EDR-004156,AST-04156,2026-08-24 05:58:14,False,1,5,False,0,31,False,0.17,9.1
EDR-004157,AST-04157,2026-08-20 00:58:14,False,7,3,False,0,28,False,0.71,8.2
EDR-004158,AST-04158,2026-09-02 20:58:14,False,8,2,False,0,18,False,0.19,8.4
EDR-004159,AST-04159,2026-08-23 15:58:14,False,2,2,False,0,42,False,0.32,8.9
EDR-004160,AST-04160,2026-08-15 13:58:14,False,8,19,False,0,37,False,0.49,6.7
EDR-004161,AST-04161,2026-09-01 00:58:14,False,2,20,False,0,0,False,0.79,7.8
EDR-004162,AST-04162,2026-08-09 01:58:14,False,7,14,False,0,2,False,0.56,7.0
EDR-004163,AST-04163,2026-08-15 19:58:14,False,2,3,False,0,39,False,0.37,9.8
EDR-004164,AST-04164,2026-09-01 19:58:14,False,3,16,False,0,1,False,0.11,7.9
EDR-004165,AST-04165,2026-08-31 17:58:14,False,0,16,False,0,36,False,0.64,8.0
EDR-004166,AST-04166,2026-08-20 12:58:14,False,2,8,False,0,16,False,0.17,8.6
EDR-004167,AST-04167,2026-08-08 08:58:14,False,6,14,False,0,28,False,0.2,7.4
EDR-004168,AST-04168,2026-08-09 21:58:14,False,3,11,False,0,13,False,0.27,8.4
EDR-004169,AST-04169,2026-08-09 17:58:14,False,4,13,False,0,28,False,0.72,7.6
EDR-004170,AST-04170,2026-08-12 13:58:14,False,9,15,False,0,45,False,0.44,6.4
EDR-004171,AST-04171,2026-08-20 14:58:14,False,4,8,False,0,13,False,0.17,8.0
EDR-004172,AST-04172,2026-09-03 15:58:14,False,7,16,False,0,49,False,0.33,7.1
EDR-004173,AST-04173,2026-08-24 13:58:14,False,2,9,False,0,9,False,0.52,8.8
EDR-004174,AST-04174,2026-08-11 23:58:14,True,9,18,False,3,38,False,0.81,4.4
EDR-004175,AST-04175,2026-08-26 10:58:14,False,3,4,False,0,46,False,0.7,8.9
EDR-004176,AST-04176,2026-08-14 10:58:14,False,8,10,False,0,18,False,0.66,7.0
EDR-004177,AST-04177,2026-08-22 03:58:14,False,2,6,False,0,20,False,0.74,9.5
EDR-004178,AST-04178,2026-08-25 06:58:14,False,8,9,False,0,8,False,0.76,8.0
EDR-004179,AST-04179,2026-08-28 14:58:14,False,8,2,False,0,50,False,0.69,8.2
EDR-004180,AST-04180,2026-08-19 16:58:14,False,10,13,False,0,34,False,0.44,6.8
EDR-004181,AST-04181,2026-08-27 11:58:14,False,1,19,False,0,49,False,0.63,8.0
EDR-004182,AST-04182,2026-08-15 22:58:14,False,10,15,False,0,30,False,0.35,6.8
EDR-004183,AST-04183,2026-08-30 22:58:14,False,9,13,False,0,10,False,0.77,7.3
EDR-004184,AST-04184,2026-08-17 19:58:14,False,2,2,False,0,45,False,0.31,9.4
EDR-004185,AST-04185,2026-08-09 12:58:14,False,9,1,False,0,33,False,0.17,8.3
EDR-004186,AST-04186,2026-08-25 23:58:14,False,6,11,False,0,43,False,0.27,7.3
EDR-004187,AST-04187,2026-08-31 01:58:14,False,6,14,False,0,46,False,0.25,7.0
EDR-004188,AST-04188,2026-08-23 08:58:14,False,8,20,False,0,49,False,0.13,5.9
EDR-004189,AST-04189,2026-08-31 13:58:14,False,5,12,False,0,41,False,0.66,8.1
EDR-004190,AST-04190,2026-08-10 06:58:14,False,1,2,False,0,24,False,0.55,9.3
EDR-004191,AST-04191,2026-08-27 19:58:14,False,8,12,False,0,42,False,0.77,7.4
EDR-004192,AST-04192,2026-08-25 07:58:14,False,5,6,False,0,7,False,0.76,8.7
EDR-004193,AST-04193,2026-08-25 03:58:14,False,3,3,False,0,17,False,0.52,9.5
EDR-004194,AST-04194,2026-08-08 12:58:14,False,9,2,False,0,44,False,0.13,7.7
EDR-004195,AST-04195,2026-08-06 02:58:14,False,5,4,False,0,11,False,0.33,8.7
EDR-004196,AST-04196,2026-08-11 14:58:14,False,8,6,False,0,38,False,0.19,7.8
EDR-004197,AST-04197,2026-09-03 15:58:14,False,5,6,False,0,31,False,0.79,8.4
EDR-004198,AST-04198,2026-08-08 05:58:14,False,7,19,False,0,17,False,0.73,6.8
EDR-004199,AST-04199,2026-08-20 10:58:14,False,6,2,False,0,10,False,0.27,9.1
EDR-004200,AST-04200,2026-08-26 10:58:14,False,6,4,False,0,31,False,0.33,8.4
EDR-004201,AST-04201,2026-08-12 03:58:14,False,1,17,False,0,42,False,0.58,8.4
EDR-004202,AST-04202,2026-08-10 22:58:14,True,7,11,False,2,2,True,0.97,5.4
EDR-004203,AST-04203,2026-09-03 01:58:14,False,2,16,False,0,16,False,0.59,7.8
EDR-004204,AST-04204,2026-08-31 09:58:14,False,0,16,False,0,3,False,0.25,8.1
EDR-004205,AST-04205,2026-08-08 20:58:14,False,8,5,False,0,44,False,0.7,8.1
EDR-004206,AST-04206,2026-08-28 07:58:14,False,4,20,False,0,19,False,0.12,7.6
EDR-004207,AST-04207,2026-08-19 12:58:14,False,8,19,True,0,3,False,0.55,3.2
EDR-004208,AST-04208,2026-08-17 00:58:14,False,1,19,False,0,37,False,0.75,7.8
EDR-004209,AST-04209,2026-08-10 11:58:14,False,2,15,False,0,34,False,0.47,7.7
EDR-004210,AST-04210,2026-08-28 23:58:14,False,7,8,False,0,35,False,0.2,7.8
EDR-004211,AST-04211,2026-09-02 19:58:14,False,7,13,False,0,34,False,0.72,6.9
EDR-004212,AST-04212,2026-08-30 13:58:14,False,4,7,False,0,43,False,0.46,8.9
EDR-004213,AST-04213,2026-08-12 02:58:14,False,3,4,False,0,15,False,0.58,9.0
EDR-004214,AST-04214,2026-09-03 12:58:14,False,7,15,False,0,34,False,0.41,6.8
EDR-004215,AST-04215,2026-09-03 11:58:14,False,1,6,False,0,21,False,0.18,9.0
EDR-004216,AST-04216,2026-08-15 11:58:14,False,2,19,True,0,16,False,0.75,4.6
EDR-004217,AST-04217,2026-08-30 06:58:14,False,2,18,False,0,4,False,0.69,7.7
EDR-004218,AST-04218,2026-08-16 15:58:14,True,9,3,False,0,26,False,0.97,5.8
EDR-004219,AST-04219,2026-08-30 03:58:14,False,0,10,False,0,42,False,0.69,9.3
EDR-004220,AST-04220,2026-09-02 18:58:14,False,3,10,False,0,25,False,0.51,8.6
EDR-004221,AST-04221,2026-08-16 19:58:14,False,9,11,False,0,12,False,0.26,6.8
EDR-004222,AST-04222,2026-08-11 07:58:14,False,3,3,False,0,20,False,0.73,8.8
EDR-004223,AST-04223,2026-08-22 04:58:14,False,5,10,False,0,47,False,0.58,7.7
EDR-004224,AST-04224,2026-08-25 09:58:14,False,4,14,False,0,24,False,0.35,7.4
EDR-004225,AST-04225,2026-08-30 01:58:14,False,7,13,False,0,9,False,0.14,6.9
EDR-004226,AST-04226,2026-08-25 16:58:14,False,7,9,False,0,8,False,0.2,7.4
EDR-004227,AST-04227,2026-08-08 14:58:14,False,1,17,False,0,30,False,0.18,8.1
EDR-004228,AST-04228,2026-08-24 15:58:14,False,0,15,False,0,23,False,0.11,8.9
EDR-004229,AST-04229,2026-08-31 16:58:14,False,8,18,False,0,21,False,0.8,6.3
EDR-004230,AST-04230,2026-08-24 03:58:14,False,7,9,False,0,47,False,0.53,7.6
EDR-004231,AST-04231,2026-08-30 14:58:14,False,1,9,False,0,6,False,0.23,8.6
EDR-004232,AST-04232,2026-08-15 23:58:14,False,4,10,False,0,22,False,0.68,8.3
EDR-004233,AST-04233,2026-09-01 19:58:14,True,7,2,False,2,17,True,0.76,6.4
EDR-004234,AST-04234,2026-08-14 05:58:14,True,4,7,False,0,36,True,0.75,6.9
EDR-004235,AST-04235,2026-08-23 23:58:14,False,1,14,True,0,4,False,0.57,4.9
EDR-004236,AST-04236,2026-08-25 21:58:14,False,9,16,False,0,19,False,0.78,6.8
EDR-004237,AST-04237,2026-08-19 16:58:14,False,8,13,False,0,2,False,0.42,6.9
EDR-004238,AST-04238,2026-08-10 11:58:14,False,6,6,False,0,34,False,0.53,8.5
EDR-004239,AST-04239,2026-09-01 02:58:14,False,6,2,False,0,44,False,0.67,8.5
EDR-004240,AST-04240,2026-08-25 17:58:14,False,4,15,False,0,25,False,0.32,8.1
EDR-004241,AST-04241,2026-09-01 23:58:14,False,5,19,False,0,7,False,0.2,7.2
EDR-004242,AST-04242,2026-08-12 20:58:14,False,1,17,False,0,12,False,0.47,8.2
EDR-004243,AST-04243,2026-08-26 18:58:14,False,9,1,False,0,16,False,0.25,8.1
EDR-004244,AST-04244,2026-08-15 16:58:14,False,0,12,False,0,16,False,0.76,9.0
EDR-004245,AST-04245,2026-08-17 19:58:14,False,5,5,False,0,48,False,0.6,8.7
EDR-004246,AST-04246,2026-08-22 00:58:14,False,9,20,False,0,0,False,0.32,6.2
EDR-004247,AST-04247,2026-08-30 16:58:14,False,4,8,False,0,15,False,0.3,8.0
EDR-004248,AST-04248,2026-08-30 20:58:14,False,4,18,False,0,0,False,0.65,7.8
EDR-004249,AST-04249,2026-09-04 00:58:14,False,1,15,False,0,19,False,0.53,8.7
EDR-004250,AST-04250,2026-08-23 02:58:14,False,7,7,False,0,48,False,0.43,8.3
EDR-004251,AST-04251,2026-08-27 01:58:14,False,6,4,False,0,10,False,0.38,8.7
EDR-004252,AST-04252,2026-08-23 10:58:14,True,8,16,False,0,38,True,0.93,5.2
EDR-004253,AST-04253,2026-08-06 08:58:14,False,8,8,False,0,48,False,0.14,8.1
EDR-004254,AST-04254,2026-09-02 07:58:14,False,7,5,False,0,42,False,0.4,7.8
EDR-004255,AST-04255,2026-08-20 00:58:14,False,1,20,False,0,47,False,0.55,8.3
EDR-004256,AST-04256,2026-08-23 02:58:14,False,3,11,False,0,20,False,0.12,7.8
EDR-004257,AST-04257,2026-08-17 12:58:14,True,8,9,False,3,1,False,0.76,5.7
EDR-004258,AST-04258,2026-08-20 20:58:14,False,2,1,False,0,33,False,0.61,9.3
EDR-004259,AST-04259,2026-08-27 01:58:14,False,7,18,False,0,0,False,0.73,7.3
EDR-004260,AST-04260,2026-08-13 01:58:14,False,6,7,False,0,28,False,0.3,7.8
EDR-004261,AST-04261,2026-08-08 00:58:14,False,10,5,False,0,19,False,0.22,7.2
EDR-004262,AST-04262,2026-09-03 11:58:14,False,0,14,False,0,0,False,0.26,8.3
EDR-004263,AST-04263,2026-08-31 23:58:14,False,1,13,False,0,28,False,0.21,8.1
EDR-004264,AST-04264,2026-08-29 03:58:14,False,6,8,False,0,31,False,0.18,7.9
EDR-004265,AST-04265,2026-08-14 15:58:14,False,6,10,False,0,32,False,0.15,7.6
EDR-004266,AST-04266,2026-08-07 02:58:14,False,3,4,False,0,37,False,0.21,8.7
EDR-004267,AST-04267,2026-08-26 09:58:14,False,10,10,False,0,26,False,0.73,6.8
EDR-004268,AST-04268,2026-08-16 17:58:14,False,1,20,False,0,38,False,0.7,8.2
EDR-004269,AST-04269,2026-08-28 10:58:14,False,7,9,False,0,8,False,0.53,7.4
EDR-004270,AST-04270,2026-08-27 07:58:14,False,5,8,False,0,7,False,0.8,8.0
EDR-004271,AST-04271,2026-09-02 03:58:14,False,1,3,False,0,41,False,0.43,9.6
EDR-004272,AST-04272,2026-08-13 03:58:14,True,0,10,False,1,3,True,0.86,7.4
EDR-004273,AST-04273,2026-09-03 00:58:14,False,6,14,False,0,3,False,0.45,7.7
EDR-004274,AST-04274,2026-08-26 09:58:14,False,7,9,False,0,23,False,0.58,7.4
EDR-004275,AST-04275,2026-09-04 03:58:14,False,9,8,False,0,24,False,0.52,7.1
EDR-004276,AST-04276,2026-08-26 08:58:14,False,9,19,False,0,26,False,0.64,6.5
EDR-004277,AST-04277,2026-08-17 21:58:14,False,1,1,False,0,48,False,0.36,9.3
EDR-004278,AST-04278,2026-09-03 07:58:14,False,6,1,False,0,49,False,0.35,8.3
EDR-004279,AST-04279,2026-08-17 14:58:14,False,2,11,False,0,50,False,0.16,8.3
EDR-004280,AST-04280,2026-08-25 15:58:14,False,9,9,False,0,35,False,0.36,7.4
EDR-004281,AST-04281,2026-08-20 16:58:14,False,7,2,False,0,8,False,0.46,8.8
EDR-004282,AST-04282,2026-09-04 10:58:14,False,2,0,False,0,16,False,0.56,9.3
EDR-004283,AST-04283,2026-08-30 02:58:14,False,6,12,False,0,41,False,0.53,7.5
EDR-004284,AST-04284,2026-09-01 22:58:14,False,0,18,False,0,41,False,0.78,8.6
EDR-004285,AST-04285,2026-08-07 16:58:14,False,2,0,False,0,27,False,0.48,9.5
EDR-004286,AST-04286,2026-08-13 02:58:14,False,10,0,False,0,9,False,0.34,7.5
EDR-004287,AST-04287,2026-09-04 16:58:14,False,3,2,False,0,12,False,0.34,9.4
EDR-004288,AST-04288,2026-09-01 01:58:14,False,2,7,False,0,5,False,0.32,9.2
EDR-004289,AST-04289,2026-08-10 16:58:14,False,6,10,False,0,35,False,0.2,7.7
EDR-004290,AST-04290,2026-08-24 13:58:14,True,3,2,False,2,33,True,0.97,7.7
EDR-004291,AST-04291,2026-08-07 15:58:14,False,0,11,False,0,40,False,0.16,9.4
EDR-004292,AST-04292,2026-08-19 13:58:14,False,3,8,False,0,5,False,0.34,9.0
EDR-004293,AST-04293,2026-08-13 16:58:14,False,6,3,False,0,37,False,0.72,8.0
EDR-004294,AST-04294,2026-09-03 01:58:14,False,1,18,False,0,5,False,0.22,8.3
EDR-004295,AST-04295,2026-08-08 00:58:14,False,0,0,False,0,13,False,0.27,10
EDR-004296,AST-04296,2026-08-10 05:58:14,False,8,4,False,0,15,False,0.2,8.0
EDR-004297,AST-04297,2026-08-13 14:58:14,False,0,1,False,0,45,False,0.51,9.8
EDR-004298,AST-04298,2026-08-08 18:58:14,False,1,18,False,0,12,False,0.5,7.5
EDR-004299,AST-04299,2026-08-07 01:58:14,False,4,7,False,0,23,False,0.13,8.0
EDR-004300,AST-04300,2026-08-11 13:58:14,False,6,15,False,0,34,False,0.24,7.6
EDR-004301,AST-04301,2026-08-16 11:58:14,False,4,19,False,0,32,False,0.44,7.0
EDR-004302,AST-04302,2026-08-12 16:58:14,False,0,0,False,0,47,False,0.24,9.6
EDR-004303,AST-04303,2026-08-18 19:58:14,True,4,5,False,2,27,True,0.69,6.5
EDR-004304,AST-04304,2026-08-09 22:58:14,False,3,1,False,0,24,False,0.22,9.7
EDR-004305,AST-04305,2026-08-23 13:58:14,False,6,6,False,0,34,False,0.51,7.7
EDR-004306,AST-04306,2026-08-17 16:58:14,False,1,1,False,0,45,False,0.59,10
EDR-004307,AST-04307,2026-09-01 01:58:14,False,7,13,False,0,31,False,0.68,7.5
EDR-004308,AST-04308,2026-08-10 14:58:14,False,3,3,False,0,12,False,0.54,9.0
EDR-004309,AST-04309,2026-08-10 13:58:14,False,3,7,False,0,29,False,0.49,8.5
EDR-004310,AST-04310,2026-08-15 06:58:14,False,8,11,False,0,26,False,0.27,7.1
EDR-004311,AST-04311,2026-08-25 15:58:14,False,5,6,False,0,6,False,0.45,8.7
EDR-004312,AST-04312,2026-08-17 10:58:14,True,1,0,False,2,48,True,0.6,8.0
EDR-004313,AST-04313,2026-08-08 18:58:14,False,7,10,False,0,50,False,0.72,7.7
EDR-004314,AST-04314,2026-08-22 20:58:14,False,0,0,False,0,0,False,0.43,10
EDR-004315,AST-04315,2026-08-09 02:58:14,False,2,11,False,0,0,False,0.45,8.0
EDR-004316,AST-04316,2026-08-26 01:58:14,False,10,10,False,0,10,False,0.48,6.6
EDR-004317,AST-04317,2026-08-31 00:58:14,False,7,0,False,0,37,False,0.71,8.8
EDR-004318,AST-04318,2026-08-21 21:58:14,False,9,14,False,0,27,False,0.71,6.5
EDR-004319,AST-04319,2026-09-02 19:58:14,False,8,19,False,0,39,False,0.12,6.4
EDR-004320,AST-04320,2026-08-29 17:58:14,False,9,4,False,0,6,False,0.31,7.4
EDR-004321,AST-04321,2026-08-19 17:58:14,False,8,8,False,0,34,False,0.38,7.9
EDR-004322,AST-04322,2026-08-28 20:58:14,False,6,17,True,0,41,False,0.29,4.1
EDR-004323,AST-04323,2026-09-02 23:58:14,False,6,19,False,0,48,False,0.19,6.9
EDR-004324,AST-04324,2026-08-17 02:58:14,False,2,14,False,0,29,False,0.63,8.0
EDR-004325,AST-04325,2026-08-29 19:58:14,False,5,3,False,0,37,False,0.36,8.4
EDR-004326,AST-04326,2026-08-18 10:58:14,False,0,18,False,0,15,False,0.11,8.0
EDR-004327,AST-04327,2026-09-03 08:58:14,False,9,12,False,0,25,False,0.15,7.2
EDR-004328,AST-04328,2026-08-30 15:58:14,False,0,3,False,0,50,False,0.41,9.4
EDR-004329,AST-04329,2026-08-30 15:58:14,False,4,7,False,0,21,False,0.54,8.1
EDR-004330,AST-04330,2026-08-09 20:58:14,False,4,17,False,0,1,False,0.17,7.1
EDR-004331,AST-04331,2026-09-04 06:58:14,False,8,3,False,0,29,False,0.58,7.7
EDR-004332,AST-04332,2026-09-02 19:58:14,False,9,3,False,0,7,False,0.4,8.0
EDR-004333,AST-04333,2026-08-30 07:58:14,False,6,20,False,0,21,False,0.59,6.8
EDR-004334,AST-04334,2026-08-05 19:58:14,False,1,4,False,0,30,False,0.24,9.3
EDR-004335,AST-04335,2026-08-31 18:58:14,False,9,5,False,0,6,False,0.51,7.3
EDR-004336,AST-04336,2026-08-28 23:58:14,False,4,20,False,0,31,False,0.53,7.7
EDR-004337,AST-04337,2026-08-23 13:58:14,False,5,17,False,0,8,False,0.79,7.1
EDR-004338,AST-04338,2026-08-08 16:58:14,False,1,20,False,0,49,False,0.31,7.4
EDR-004339,AST-04339,2026-08-19 14:58:14,False,3,1,False,0,18,False,0.4,8.9
EDR-004340,AST-04340,2026-08-26 15:58:14,False,4,1,False,0,32,False,0.24,9.3
EDR-004341,AST-04341,2026-08-18 19:58:14,False,9,5,False,0,22,False,0.73,7.7
EDR-004342,AST-04342,2026-09-04 10:58:14,False,2,19,False,0,16,False,0.33,7.3
EDR-004343,AST-04343,2026-08-25 11:58:14,False,9,1,False,0,6,False,0.75,8.0
EDR-004344,AST-04344,2026-08-22 12:58:14,False,8,19,False,0,43,False,0.42,7.0
EDR-004345,AST-04345,2026-08-09 16:58:14,False,9,8,False,0,38,False,0.34,7.0
EDR-004346,AST-04346,2026-09-04 13:58:14,False,8,7,False,0,39,False,0.54,7.8
EDR-004347,AST-04347,2026-08-12 15:58:14,True,5,2,False,3,10,True,0.64,6.8
EDR-004348,AST-04348,2026-08-31 16:58:14,False,4,6,False,0,3,False,0.26,8.2
EDR-004349,AST-04349,2026-08-13 07:58:14,False,4,6,False,0,6,False,0.39,8.9
EDR-004350,AST-04350,2026-08-11 11:58:14,False,4,16,False,0,21,False,0.13,7.3
EDR-004351,AST-04351,2026-08-14 05:58:14,False,7,15,False,0,40,False,0.19,7.3
EDR-004352,AST-04352,2026-08-12 07:58:14,False,1,8,False,0,50,False,0.45,9.4
EDR-004353,AST-04353,2026-08-12 17:58:14,False,1,14,False,0,40,False,0.25,8.4
EDR-004354,AST-04354,2026-08-20 07:58:14,False,7,0,False,0,7,False,0.78,8.9
EDR-004355,AST-04355,2026-08-30 19:58:14,False,8,20,False,0,15,False,0.3,6.9
EDR-004356,AST-04356,2026-08-30 09:58:14,False,3,10,False,0,18,False,0.23,8.8
EDR-004357,AST-04357,2026-08-15 04:58:14,False,2,12,False,0,16,False,0.49,8.3
EDR-004358,AST-04358,2026-08-21 04:58:14,False,0,18,False,0,11,False,0.61,8.4
EDR-004359,AST-04359,2026-08-13 20:58:14,False,3,15,False,0,30,False,0.6,7.6
EDR-004360,AST-04360,2026-08-13 01:58:14,False,9,1,False,0,50,False,0.54,7.7
EDR-004361,AST-04361,2026-08-27 13:58:14,False,7,20,False,0,37,False,0.69,7.1
EDR-004362,AST-04362,2026-08-30 16:58:14,False,4,7,False,0,37,False,0.38,8.1
EDR-004363,AST-04363,2026-08-07 10:58:14,True,3,13,False,1,18,True,0.87,5.7
EDR-004364,AST-04364,2026-08-22 17:58:14,False,2,15,False,0,27,False,0.39,8.2
EDR-004365,AST-04365,2026-08-08 02:58:14,False,10,14,False,0,22,False,0.6,6.6
EDR-004366,AST-04366,2026-08-27 23:58:14,False,2,11,False,0,14,False,0.32,8.5
EDR-004367,AST-04367,2026-08-24 13:58:14,False,3,14,False,0,20,False,0.66,7.8
EDR-004368,AST-04368,2026-08-17 11:58:14,False,8,9,False,0,42,False,0.46,7.5
EDR-004369,AST-04369,2026-08-07 07:58:14,False,5,15,False,0,30,False,0.66,7.4
EDR-004370,AST-04370,2026-08-06 09:58:14,False,1,5,False,0,46,False,0.75,9.0
EDR-004371,AST-04371,2026-08-06 00:58:14,False,5,18,False,0,2,False,0.63,6.9
EDR-004372,AST-04372,2026-08-30 00:58:14,False,2,16,False,0,41,False,0.12,8.2
EDR-004373,AST-04373,2026-08-20 02:58:14,False,4,19,False,0,0,False,0.66,6.9
EDR-004374,AST-04374,2026-08-27 00:58:14,False,2,16,False,0,45,False,0.76,8.0
EDR-004375,AST-04375,2026-08-29 02:58:14,False,1,5,False,0,35,False,0.78,9.2
EDR-004376,AST-04376,2026-08-06 18:58:14,False,10,10,False,0,41,False,0.52,6.6
EDR-004377,AST-04377,2026-08-06 02:58:14,False,8,7,False,0,26,False,0.44,7.6
EDR-004378,AST-04378,2026-09-01 22:58:14,False,8,14,False,0,41,False,0.43,7.2
EDR-004379,AST-04379,2026-08-19 08:58:14,False,10,8,False,0,2,False,0.37,7.3
EDR-004380,AST-04380,2026-08-20 13:58:14,False,0,16,False,0,34,False,0.62,8.3
EDR-004381,AST-04381,2026-08-20 18:58:14,False,3,14,False,0,2,False,0.2,7.6
EDR-004382,AST-04382,2026-08-22 04:58:14,False,5,2,False,0,8,False,0.66,8.4
EDR-004383,AST-04383,2026-08-09 20:58:14,False,5,15,False,0,47,False,0.75,7.4
EDR-004384,AST-04384,2026-09-02 03:58:14,False,4,18,False,0,33,False,0.13,7.3
EDR-004385,AST-04385,2026-08-13 02:58:14,False,4,6,False,0,48,False,0.26,8.8
EDR-004386,AST-04386,2026-08-13 19:58:14,False,0,9,False,0,49,False,0.69,9.3
EDR-004387,AST-04387,2026-08-26 17:58:14,False,4,17,False,0,33,False,0.51,7.8
EDR-004388,AST-04388,2026-08-11 06:58:14,False,7,3,False,0,34,False,0.17,8.2
EDR-004389,AST-04389,2026-08-05 18:58:14,False,5,8,False,0,50,False,0.55,8.6
EDR-004390,AST-04390,2026-08-19 21:58:14,True,8,15,False,3,1,True,0.84,5.2
EDR-004391,AST-04391,2026-08-07 05:58:14,False,7,7,False,0,21,False,0.32,7.5
EDR-004392,AST-04392,2026-08-18 10:58:14,False,6,11,False,0,49,False,0.79,8.0
EDR-004393,AST-04393,2026-08-07 08:58:14,False,1,5,False,0,13,False,0.53,8.9
EDR-004394,AST-04394,2026-09-02 22:58:14,False,1,11,False,0,28,False,0.66,8.8
EDR-004395,AST-04395,2026-08-17 11:58:14,False,2,6,False,0,17,False,0.24,9.2
EDR-004396,AST-04396,2026-08-30 10:58:14,False,6,16,False,0,32,False,0.17,7.6
EDR-004397,AST-04397,2026-08-06 19:58:14,False,9,16,False,0,48,False,0.8,6.5
EDR-004398,AST-04398,2026-08-23 09:58:14,True,4,12,False,2,29,False,0.75,6.2
EDR-004399,AST-04399,2026-08-28 06:58:14,False,3,10,False,0,8,False,0.69,8.4
EDR-004400,AST-04400,2026-08-21 20:58:14,True,1,20,False,0,34,True,0.65,6.1
EDR-004401,AST-04401,2026-08-09 11:58:14,False,9,4,False,0,16,False,0.36,8.0
EDR-004402,AST-04402,2026-08-09 04:58:14,False,3,20,False,0,32,False,0.2,7.0
EDR-004403,AST-04403,2026-08-20 08:58:14,False,2,5,False,0,47,False,0.73,9.2
EDR-004404,AST-04404,2026-08-22 18:58:14,False,8,5,False,0,9,False,0.2,7.8
EDR-004405,AST-04405,2026-08-09 10:58:14,False,1,0,False,0,1,False,0.6,9.8
EDR-004406,AST-04406,2026-08-18 10:58:14,False,3,10,False,0,35,False,0.64,8.7
EDR-004407,AST-04407,2026-08-26 04:58:14,True,5,1,False,1,49,False,0.98,7.1
EDR-004408,AST-04408,2026-08-06 17:58:14,False,8,12,False,0,37,False,0.21,7.1
EDR-004409,AST-04409,2026-08-08 15:58:14,False,5,6,False,0,3,False,0.54,7.9
EDR-004410,AST-04410,2026-08-17 13:58:14,False,2,16,False,0,13,False,0.68,8.0
EDR-004411,AST-04411,2026-08-20 02:58:14,False,7,17,False,0,16,False,0.49,6.7
EDR-004412,AST-04412,2026-08-30 07:58:14,True,6,6,False,1,45,True,0.62,6.4
EDR-004413,AST-04413,2026-09-04 11:58:14,False,3,6,False,0,13,False,0.3,9.0
EDR-004414,AST-04414,2026-08-18 16:58:14,False,4,18,False,0,24,False,0.56,7.1
EDR-004415,AST-04415,2026-08-20 21:58:14,False,4,0,False,0,3,False,0.72,9.2
EDR-004416,AST-04416,2026-09-04 08:58:14,False,1,6,False,0,44,False,0.27,9.6
EDR-004417,AST-04417,2026-08-17 05:58:14,False,1,12,False,0,14,False,0.72,8.5
EDR-004418,AST-04418,2026-08-16 23:58:14,False,1,5,False,0,37,False,0.41,9.6
EDR-004419,AST-04419,2026-08-16 16:58:14,False,8,9,False,0,8,False,0.58,7.9
EDR-004420,AST-04420,2026-09-02 15:58:14,False,3,10,False,0,3,False,0.31,8.2
EDR-004421,AST-04421,2026-08-11 21:58:14,False,2,11,False,0,28,False,0.19,8.5
EDR-004422,AST-04422,2026-08-11 15:58:14,False,10,14,False,0,30,False,0.13,6.4
EDR-004423,AST-04423,2026-08-09 05:58:14,False,5,9,True,0,37,False,0.64,5.6
EDR-004424,AST-04424,2026-08-10 16:58:14,False,7,0,False,0,39,False,0.51,8.5
EDR-004425,AST-04425,2026-09-04 16:58:14,False,3,15,False,0,18,False,0.77,7.7
EDR-004426,AST-04426,2026-08-12 10:58:14,False,5,6,False,0,9,False,0.2,8.1
EDR-004427,AST-04427,2026-09-02 09:58:14,False,3,17,False,0,0,False,0.76,8.1
EDR-004428,AST-04428,2026-08-29 06:58:14,False,6,3,False,0,0,False,0.65,8.8
EDR-004429,AST-04429,2026-08-26 10:58:14,False,8,7,False,0,33,False,0.65,8.1
EDR-004430,AST-04430,2026-08-25 04:58:14,False,6,15,False,0,35,False,0.17,7.3
EDR-004431,AST-04431,2026-08-28 00:58:14,False,0,7,False,0,46,False,0.2,9.7
EDR-004432,AST-04432,2026-08-20 08:58:14,False,4,1,False,0,31,False,0.16,9.5
EDR-004433,AST-04433,2026-08-10 12:58:14,False,8,5,False,0,48,False,0.47,7.9
EDR-004434,AST-04434,2026-08-22 10:58:14,False,3,16,False,0,25,False,0.35,7.7
EDR-004435,AST-04435,2026-08-27 14:58:14,False,6,7,False,0,49,False,0.11,8.2
EDR-004436,AST-04436,2026-08-26 21:58:14,False,4,9,False,0,39,False,0.3,8.8
EDR-004437,AST-04437,2026-08-17 03:58:14,False,6,9,False,0,24,False,0.55,8.1
EDR-004438,AST-04438,2026-08-10 22:58:14,False,5,10,False,0,1,False,0.22,7.5
EDR-004439,AST-04439,2026-08-31 11:58:14,False,8,14,False,0,50,False,0.71,6.8
EDR-004440,AST-04440,2026-08-15 10:58:14,False,5,19,False,0,12,False,0.24,7.5
EDR-004441,AST-04441,2026-08-23 01:58:14,False,7,13,False,0,16,False,0.16,7.4
EDR-004442,AST-04442,2026-08-06 12:58:14,False,1,3,False,0,9,False,0.75,9.6
EDR-004443,AST-04443,2026-08-29 14:58:14,False,9,4,False,0,35,False,0.6,8.0
EDR-004444,AST-04444,2026-08-28 04:58:14,False,7,5,False,0,30,False,0.55,7.7
EDR-004445,AST-04445,2026-08-23 23:58:14,False,8,20,False,0,30,False,0.71,6.1
EDR-004446,AST-04446,2026-08-20 07:58:14,False,3,11,False,0,43,False,0.47,7.9
EDR-004447,AST-04447,2026-08-05 22:58:14,False,6,12,False,0,42,False,0.31,7.7
EDR-004448,AST-04448,2026-08-10 19:58:14,False,4,12,False,0,16,False,0.79,8.5
EDR-004449,AST-04449,2026-08-30 03:58:14,False,2,9,False,0,21,False,0.15,9.0
EDR-004450,AST-04450,2026-08-12 21:58:14,False,7,14,False,0,25,False,0.18,7.2
EDR-004451,AST-04451,2026-08-08 00:58:14,False,6,16,False,0,46,False,0.24,6.9
EDR-004452,AST-04452,2026-08-11 21:58:14,False,10,11,False,0,36,False,0.74,7.2
EDR-004453,AST-04453,2026-08-25 23:58:14,False,10,15,False,0,27,False,0.49,6.9
EDR-004454,AST-04454,2026-08-25 11:58:14,False,1,7,False,0,49,False,0.14,9.2
EDR-004455,AST-04455,2026-08-24 07:58:14,False,7,7,False,0,49,False,0.58,7.5
EDR-004456,AST-04456,2026-09-02 17:58:14,False,6,14,False,0,39,False,0.59,7.7
EDR-004457,AST-04457,2026-08-29 11:58:14,False,10,5,False,0,31,False,0.58,7.1
EDR-004458,AST-04458,2026-08-19 14:58:14,True,4,3,False,0,38,False,0.87,7.3
EDR-004459,AST-04459,2026-08-16 12:58:14,False,1,16,False,0,7,False,0.31,8.5
EDR-004460,AST-04460,2026-08-22 19:58:14,False,6,16,False,0,21,False,0.43,7.1
EDR-004461,AST-04461,2026-08-19 00:58:14,False,3,3,False,0,47,False,0.46,9.4
EDR-004462,AST-04462,2026-08-25 23:58:14,False,7,13,False,0,45,False,0.36,7.4
EDR-004463,AST-04463,2026-08-11 08:58:14,False,5,12,False,0,21,False,0.32,8.2
EDR-004464,AST-04464,2026-09-03 06:58:14,False,3,9,False,0,1,False,0.69,9.0
EDR-004465,AST-04465,2026-09-04 09:58:14,False,8,20,False,0,12,False,0.36,6.5
EDR-004466,AST-04466,2026-08-23 06:58:14,True,6,6,False,1,23,False,0.65,6.5
EDR-004467,AST-04467,2026-08-16 03:58:14,False,5,20,False,0,31,False,0.78,6.9
EDR-004468,AST-04468,2026-08-14 14:58:14,False,6,19,False,0,8,False,0.6,6.9
EDR-004469,AST-04469,2026-08-18 21:58:14,False,6,14,False,0,34,False,0.12,7.5
EDR-004470,AST-04470,2026-08-11 04:58:14,False,5,18,False,0,42,False,0.46,7.0
EDR-004471,AST-04471,2026-08-14 20:58:14,False,3,6,False,0,19,False,0.52,9.1
EDR-004472,AST-04472,2026-08-15 22:58:14,False,9,2,False,0,25,False,0.52,8.0
EDR-004473,AST-04473,2026-08-14 22:58:14,False,2,15,False,0,11,False,0.68,8.5
EDR-004474,AST-04474,2026-08-26 03:58:14,False,7,18,False,0,19,False,0.33,7.2
EDR-004475,AST-04475,2026-08-11 06:58:14,False,9,8,False,0,2,False,0.11,7.3
EDR-004476,AST-04476,2026-08-27 03:58:14,False,1,17,False,0,0,False,0.59,8.0
EDR-004477,AST-04477,2026-08-31 12:58:14,False,7,20,False,0,16,False,0.25,6.6
EDR-004478,AST-04478,2026-08-12 13:58:14,False,8,2,False,0,17,False,0.75,8.5
EDR-004479,AST-04479,2026-08-17 11:58:14,False,2,7,False,0,48,False,0.49,9.3
EDR-004480,AST-04480,2026-09-03 00:58:14,False,1,2,False,0,5,False,0.78,9.3
EDR-004481,AST-04481,2026-08-15 15:58:14,False,4,10,False,0,2,False,0.14,8.1
EDR-004482,AST-04482,2026-08-07 17:58:14,False,5,16,False,0,41,False,0.69,7.8
EDR-004483,AST-04483,2026-08-15 19:58:14,False,9,16,False,0,27,False,0.72,6.5
EDR-004484,AST-04484,2026-08-06 07:58:14,False,5,6,False,0,20,False,0.21,8.6
EDR-004485,AST-04485,2026-08-08 07:58:14,False,7,9,False,0,39,False,0.51,8.0
EDR-004486,AST-04486,2026-09-03 19:58:14,True,4,10,False,1,0,False,0.76,6.3
EDR-004487,AST-04487,2026-08-25 08:58:14,False,10,14,False,0,0,False,0.6,6.7
EDR-004488,AST-04488,2026-08-20 12:58:14,False,8,4,False,0,18,False,0.48,7.8
EDR-004489,AST-04489,2026-09-03 23:58:14,True,4,13,False,0,18,False,0.78,5.7
EDR-004490,AST-04490,2026-08-11 20:58:14,False,9,5,False,0,11,False,0.55,7.9
EDR-004491,AST-04491,2026-08-08 00:58:14,False,1,4,False,0,41,False,0.48,9.5
EDR-004492,AST-04492,2026-08-19 02:58:14,False,8,13,False,0,44,False,0.8,7.5
EDR-004493,AST-04493,2026-08-06 18:58:14,False,1,12,False,0,27,False,0.22,8.2
EDR-004494,AST-04494,2026-08-18 20:58:14,False,0,0,False,0,46,False,0.57,9.9
EDR-004495,AST-04495,2026-08-16 11:58:14,False,10,15,False,0,16,False,0.26,6.8
EDR-004496,AST-04496,2026-09-03 13:58:14,False,5,0,False,0,42,False,0.68,9.1
EDR-004497,AST-04497,2026-08-15 08:58:14,False,10,9,False,0,1,False,0.19,7.3
EDR-004498,AST-04498,2026-08-28 09:58:14,False,3,5,False,0,3,False,0.68,8.5
EDR-004499,AST-04499,2026-08-27 01:58:14,False,5,20,False,0,41,False,0.31,7.5
EDR-004500,AST-04500,2026-08-09 10:58:14,False,8,6,False,0,23,False,0.14,8.2
EDR-004501,AST-04501,2026-08-21 14:58:14,False,2,8,False,0,5,False,0.71,9.2
EDR-004502,AST-04502,2026-08-07 15:58:14,False,3,11,False,0,1,False,0.68,8.3
EDR-004503,AST-04503,2026-08-09 05:58:14,False,3,13,False,0,32,False,0.11,8.0
EDR-004504,AST-04504,2026-08-31 16:58:14,False,6,18,False,0,15,False,0.48,6.5
EDR-004505,AST-04505,2026-09-02 12:58:14,False,10,7,False,0,30,False,0.33,7.5
EDR-004506,AST-04506,2026-08-18 06:58:14,False,0,8,False,0,2,False,0.41,8.8
EDR-004507,AST-04507,2026-08-10 12:58:14,False,7,14,False,0,2,False,0.26,7.4
EDR-004508,AST-04508,2026-08-24 18:58:14,False,9,13,False,0,37,False,0.57,6.9
EDR-004509,AST-04509,2026-08-27 06:58:14,False,10,6,False,0,20,False,0.33,7.5
EDR-004510,AST-04510,2026-08-19 16:58:14,False,9,14,False,0,46,False,0.14,6.9
EDR-004511,AST-04511,2026-08-27 04:58:14,False,1,17,False,0,24,False,0.47,7.8
EDR-004512,AST-04512,2026-08-08 11:58:14,True,9,0,False,2,13,True,0.99,5.8
EDR-004513,AST-04513,2026-08-16 08:58:14,False,3,16,False,0,12,False,0.23,7.3
EDR-004514,AST-04514,2026-08-27 23:58:14,False,0,10,False,0,13,False,0.55,8.8
EDR-004515,AST-04515,2026-08-17 17:58:14,False,4,10,False,0,9,False,0.37,8.3
EDR-004516,AST-04516,2026-08-30 16:58:14,False,3,17,False,0,19,False,0.48,7.4
EDR-004517,AST-04517,2026-09-04 09:58:14,False,0,8,False,0,13,False,0.45,9.6
EDR-004518,AST-04518,2026-08-31 11:58:14,False,1,17,False,0,0,False,0.76,8.5
EDR-004519,AST-04519,2026-08-21 16:58:14,False,0,3,False,0,33,False,0.43,10
EDR-004520,AST-04520,2026-08-12 14:58:14,False,6,15,False,0,36,False,0.39,7.2
EDR-004521,AST-04521,2026-09-01 05:58:14,False,4,19,False,0,3,False,0.53,7.2
EDR-004522,AST-04522,2026-08-15 03:58:14,False,8,6,False,0,9,False,0.7,7.3
EDR-004523,AST-04523,2026-08-09 22:58:14,False,4,12,False,0,24,False,0.14,8.0
EDR-004524,AST-04524,2026-08-15 15:58:14,False,8,7,False,0,49,False,0.2,7.9
EDR-004525,AST-04525,2026-08-05 17:58:14,False,8,4,False,0,48,False,0.27,8.2
EDR-004526,AST-04526,2026-08-11 07:58:14,False,4,10,False,0,5,False,0.1,7.9
EDR-004527,AST-04527,2026-08-15 23:58:14,False,8,10,False,0,35,False,0.54,6.9
EDR-004528,AST-04528,2026-09-03 01:58:14,False,0,5,False,0,6,False,0.42,9.9
EDR-004529,AST-04529,2026-08-06 05:58:14,False,7,15,False,0,26,False,0.78,7.1
EDR-004530,AST-04530,2026-08-09 22:58:14,False,5,3,False,0,27,False,0.5,9.1
EDR-004531,AST-04531,2026-08-12 05:58:14,False,2,0,False,0,35,False,0.67,9.1
EDR-004532,AST-04532,2026-08-24 19:58:14,False,4,7,False,0,8,False,0.41,8.1
EDR-004533,AST-04533,2026-08-31 07:58:14,False,7,9,False,0,27,False,0.65,7.2
EDR-004534,AST-04534,2026-08-26 23:58:14,False,9,18,False,0,16,False,0.45,5.9
EDR-004535,AST-04535,2026-08-23 18:58:14,False,6,6,False,0,19,False,0.1,7.9
EDR-004536,AST-04536,2026-08-06 19:58:14,False,2,3,False,0,14,False,0.7,9.6
EDR-004537,AST-04537,2026-08-23 06:58:14,False,1,18,False,0,2,False,0.79,8.2
EDR-004538,AST-04538,2026-09-04 05:58:14,False,5,3,False,0,29,False,0.7,8.3
EDR-004539,AST-04539,2026-08-06 04:58:14,False,1,1,False,0,39,False,0.61,9.4
EDR-004540,AST-04540,2026-08-30 13:58:14,False,5,19,False,0,27,False,0.5,7.5
EDR-004541,AST-04541,2026-08-29 15:58:14,False,0,13,False,0,8,False,0.36,8.3
EDR-004542,AST-04542,2026-08-12 13:58:14,False,2,10,False,0,45,False,0.27,8.4
EDR-004543,AST-04543,2026-08-17 10:58:14,False,2,8,False,0,27,False,0.2,9.1
EDR-004544,AST-04544,2026-08-30 11:58:14,False,3,15,False,0,42,False,0.44,8.1
EDR-004545,AST-04545,2026-08-30 21:58:14,False,7,9,False,0,40,False,0.35,7.8
EDR-004546,AST-04546,2026-08-09 13:58:14,False,7,18,False,0,46,False,0.3,6.8
EDR-004547,AST-04547,2026-08-10 08:58:14,False,7,1,False,0,29,False,0.3,8.4
EDR-004548,AST-04548,2026-09-02 21:58:14,False,1,7,False,0,6,False,0.6,9.3
EDR-004549,AST-04549,2026-08-26 10:58:14,False,5,17,False,0,29,False,0.21,6.9
EDR-004550,AST-04550,2026-08-18 05:58:14,False,1,7,False,0,44,False,0.78,9.6
EDR-004551,AST-04551,2026-08-29 15:58:14,False,3,16,False,0,15,False,0.38,7.9
EDR-004552,AST-04552,2026-08-25 13:58:14,False,6,4,False,0,34,False,0.21,8.7
EDR-004553,AST-04553,2026-08-24 15:58:14,False,7,17,False,0,46,False,0.18,6.4
EDR-004554,AST-04554,2026-08-14 08:58:14,False,2,17,False,0,19,False,0.27,8.0
EDR-004555,AST-04555,2026-08-09 01:58:14,False,5,9,False,0,22,False,0.52,8.0
EDR-004556,AST-04556,2026-08-27 20:58:14,False,9,4,False,0,32,False,0.28,7.6
EDR-004557,AST-04557,2026-08-13 10:58:14,False,10,8,False,0,28,False,0.11,6.7
EDR-004558,AST-04558,2026-08-06 13:58:14,False,7,12,False,0,13,False,0.78,7.2
EDR-004559,AST-04559,2026-08-22 18:58:14,False,5,19,False,0,45,False,0.37,7.3
EDR-004560,AST-04560,2026-09-01 08:58:14,False,5,15,False,0,26,False,0.28,7.4
EDR-004561,AST-04561,2026-08-12 03:58:14,False,6,19,False,0,41,False,0.73,6.5
EDR-004562,AST-04562,2026-09-01 10:58:14,False,5,12,False,0,15,False,0.43,7.4
EDR-004563,AST-04563,2026-08-16 20:58:14,False,10,14,False,0,16,False,0.21,6.3
EDR-004564,AST-04564,2026-08-25 11:58:14,False,0,19,False,0,26,False,0.16,8.0
EDR-004565,AST-04565,2026-08-17 02:58:14,False,3,2,False,0,45,False,0.52,9.7
EDR-004566,AST-04566,2026-08-28 19:58:14,False,10,9,False,0,47,False,0.24,6.8
EDR-004567,AST-04567,2026-08-27 16:58:14,False,4,20,False,0,29,False,0.53,7.7
EDR-004568,AST-04568,2026-08-27 01:58:14,False,7,0,False,0,11,False,0.35,8.9
EDR-004569,AST-04569,2026-09-01 03:58:14,False,4,15,False,0,4,False,0.77,7.3
EDR-004570,AST-04570,2026-08-27 15:58:14,False,6,6,False,0,17,False,0.79,8.0
EDR-004571,AST-04571,2026-08-23 06:58:14,False,10,6,False,0,48,False,0.61,7.5
EDR-004572,AST-04572,2026-08-18 09:58:14,False,0,6,False,0,35,False,0.44,9.0
EDR-004573,AST-04573,2026-08-22 15:58:14,False,6,2,False,0,30,False,0.33,9.0
EDR-004574,AST-04574,2026-08-09 12:58:14,False,1,11,False,0,22,False,0.44,8.7
EDR-004575,AST-04575,2026-08-17 17:58:14,False,3,14,False,0,45,False,0.14,8.3
EDR-004576,AST-04576,2026-08-27 20:58:14,False,8,5,False,0,16,False,0.58,8.2
EDR-004577,AST-04577,2026-08-08 00:58:14,False,1,17,False,0,11,False,0.27,7.6
EDR-004578,AST-04578,2026-08-22 21:58:14,False,8,0,False,0,20,False,0.8,8.7
EDR-004579,AST-04579,2026-08-25 20:58:14,False,7,7,False,0,14,False,0.44,8.0
EDR-004580,AST-04580,2026-08-19 18:58:14,False,9,15,False,0,45,False,0.28,6.2
EDR-004581,AST-04581,2026-08-13 05:58:14,False,8,12,False,0,48,False,0.52,6.9
EDR-004582,AST-04582,2026-08-05 18:58:14,False,1,8,False,0,37,False,0.34,8.5
EDR-004583,AST-04583,2026-08-28 13:58:14,False,4,3,False,0,11,False,0.54,9.2
EDR-004584,AST-04584,2026-08-11 01:58:14,False,10,15,False,0,5,False,0.45,6.5
EDR-004585,AST-04585,2026-08-08 02:58:14,False,4,4,False,0,19,False,0.17,8.6
EDR-004586,AST-04586,2026-08-16 11:58:14,False,4,14,False,0,38,False,0.59,7.6
EDR-004587,AST-04587,2026-08-13 14:58:14,False,7,17,False,0,14,False,0.72,6.6
EDR-004588,AST-04588,2026-08-28 05:58:14,False,4,7,False,0,20,False,0.43,8.8
EDR-004589,AST-04589,2026-08-11 20:58:14,False,5,13,False,0,29,False,0.69,7.9
EDR-004590,AST-04590,2026-09-01 03:58:14,False,8,12,False,0,47,False,0.25,7.1
EDR-004591,AST-04591,2026-08-30 19:58:14,False,5,15,False,0,48,False,0.56,7.4
EDR-004592,AST-04592,2026-08-10 20:58:14,False,2,12,False,0,41,False,0.66,8.4
EDR-004593,AST-04593,2026-08-22 08:58:14,False,7,7,False,0,23,False,0.2,7.4
EDR-004594,AST-04594,2026-08-16 01:58:14,False,3,9,False,0,27,False,0.39,8.8
EDR-004595,AST-04595,2026-09-03 01:58:14,False,5,5,False,0,26,False,0.41,8.8
EDR-004596,AST-04596,2026-08-10 05:58:14,True,9,9,True,2,6,False,0.75,2.1
EDR-004597,AST-04597,2026-08-23 15:58:14,False,5,7,False,0,32,False,0.5,8.4
EDR-004598,AST-04598,2026-09-01 02:58:14,False,0,18,False,0,42,False,0.69,8.2
EDR-004599,AST-04599,2026-08-17 10:58:14,False,10,20,False,0,31,False,0.2,6.4
EDR-004600,AST-04600,2026-08-25 13:58:14,False,5,5,False,0,35,False,0.3,8.4
EDR-004601,AST-04601,2026-08-29 14:58:14,False,7,2,False,0,30,False,0.38,8.3
EDR-004602,AST-04602,2026-08-23 16:58:14,False,10,5,False,0,22,False,0.4,7.1
EDR-004603,AST-04603,2026-08-20 14:58:14,False,6,4,False,0,34,False,0.19,8.5
EDR-004604,AST-04604,2026-09-01 19:58:14,False,6,16,False,0,20,False,0.34,7.1
EDR-004605,AST-04605,2026-08-11 15:58:14,False,10,20,False,0,34,False,0.28,6.1
EDR-004606,AST-04606,2026-08-28 14:58:14,False,4,9,False,0,30,False,0.52,7.9
EDR-004607,AST-04607,2026-08-08 23:58:14,False,0,20,False,0,29,False,0.4,7.9
EDR-004608,AST-04608,2026-08-06 19:58:14,False,8,12,False,0,9,False,0.54,7.6
EDR-004609,AST-04609,2026-08-26 04:58:14,False,0,12,False,0,31,False,0.47,8.4
EDR-004610,AST-04610,2026-09-03 08:58:14,False,6,12,False,0,33,False,0.2,7.3
EDR-004611,AST-04611,2026-08-21 22:58:14,False,0,5,False,0,2,False,0.3,9.6
EDR-004612,AST-04612,2026-08-25 09:58:14,False,7,4,False,0,48,False,0.6,8.1
EDR-004613,AST-04613,2026-08-27 11:58:14,False,8,16,False,0,38,False,0.51,7.3
EDR-004614,AST-04614,2026-09-04 12:58:14,True,3,9,False,1,46,True,0.69,6.6
EDR-004615,AST-04615,2026-08-12 20:58:14,False,7,1,False,0,44,False,0.25,8.3
EDR-004616,AST-04616,2026-08-20 21:58:14,False,9,20,False,0,48,False,0.61,6.3
EDR-004617,AST-04617,2026-08-10 11:58:14,False,3,4,False,0,21,False,0.61,8.8
EDR-004618,AST-04618,2026-08-20 08:58:14,False,1,20,False,0,9,False,0.65,8.2
EDR-004619,AST-04619,2026-08-25 06:58:14,False,0,15,False,0,39,False,0.45,8.0
EDR-004620,AST-04620,2026-08-23 09:58:14,False,6,18,False,0,35,False,0.53,7.0
EDR-004621,AST-04621,2026-08-15 04:58:14,False,1,12,False,0,48,False,0.18,9.0
EDR-004622,AST-04622,2026-08-21 12:58:14,False,7,4,False,0,31,False,0.25,8.7
EDR-004623,AST-04623,2026-08-27 08:58:14,False,1,0,False,0,41,False,0.14,10
EDR-004624,AST-04624,2026-08-24 17:58:14,False,9,11,False,0,1,False,0.37,7.2
EDR-004625,AST-04625,2026-08-27 05:58:14,False,4,13,False,0,15,False,0.59,7.9
EDR-004626,AST-04626,2026-08-14 04:58:14,False,8,16,False,0,29,False,0.61,7.1
EDR-004627,AST-04627,2026-09-01 18:58:14,True,1,11,False,0,36,True,0.78,6.3
EDR-004628,AST-04628,2026-08-13 09:58:14,False,5,11,False,0,19,False,0.5,8.1
EDR-004629,AST-04629,2026-09-02 00:58:14,False,6,13,False,0,24,False,0.78,7.5
EDR-004630,AST-04630,2026-08-25 05:58:14,False,5,9,False,0,6,False,0.72,8.0
EDR-004631,AST-04631,2026-08-15 23:58:14,False,7,15,False,0,3,False,0.64,7.1
EDR-004632,AST-04632,2026-08-10 13:58:14,False,4,9,False,0,8,False,0.49,8.3
EDR-004633,AST-04633,2026-08-28 11:58:14,False,6,1,False,0,13,False,0.57,8.8
EDR-004634,AST-04634,2026-08-20 21:58:14,False,0,20,False,0,41,False,0.26,7.6
EDR-004635,AST-04635,2026-08-15 23:58:14,False,2,17,False,0,16,False,0.73,8.0
EDR-004636,AST-04636,2026-08-16 15:58:14,False,9,15,True,0,26,False,0.69,3.7
EDR-004637,AST-04637,2026-09-02 11:58:14,False,8,3,False,0,34,False,0.73,8.2
EDR-004638,AST-04638,2026-08-08 08:58:14,False,7,5,False,0,13,False,0.62,8.1
EDR-004639,AST-04639,2026-09-04 01:58:14,False,6,1,False,0,32,False,0.73,8.8
EDR-004640,AST-04640,2026-08-06 18:58:14,False,0,10,False,0,27,False,0.15,8.9
EDR-004641,AST-04641,2026-08-30 08:58:14,False,6,12,False,0,20,False,0.41,7.7
EDR-004642,AST-04642,2026-08-29 23:58:14,False,7,7,False,0,50,False,0.35,7.9
EDR-004643,AST-04643,2026-08-24 06:58:14,False,6,12,False,0,36,False,0.53,7.6
EDR-004644,AST-04644,2026-08-22 12:58:14,False,9,11,False,0,29,False,0.3,7.6
EDR-004645,AST-04645,2026-08-26 15:58:14,False,7,10,False,0,25,False,0.5,7.5
EDR-004646,AST-04646,2026-08-25 17:58:14,False,10,2,False,0,14,False,0.41,7.9
EDR-004647,AST-04647,2026-08-25 22:58:14,False,4,2,False,0,32,False,0.64,8.6
EDR-004648,AST-04648,2026-08-13 22:58:14,False,7,2,False,0,0,False,0.39,8.8
EDR-004649,AST-04649,2026-08-10 05:58:14,False,10,18,False,0,46,False,0.57,6.5
EDR-004650,AST-04650,2026-08-12 13:58:14,False,4,16,False,0,38,False,0.25,7.4
EDR-004651,AST-04651,2026-08-12 14:58:14,False,5,20,False,0,14,False,0.68,6.5
EDR-004652,AST-04652,2026-08-07 11:58:14,False,5,1,False,0,48,False,0.21,9.0
EDR-004653,AST-04653,2026-08-07 22:58:14,False,4,2,False,0,33,False,0.79,9.2
EDR-004654,AST-04654,2026-08-15 08:58:14,False,3,10,False,0,24,False,0.64,8.6
EDR-004655,AST-04655,2026-08-24 20:58:14,True,9,4,True,0,12,False,0.71,2.8
EDR-004656,AST-04656,2026-08-09 12:58:14,False,9,11,False,0,34,False,0.66,7.4
EDR-004657,AST-04657,2026-09-02 08:58:14,False,10,18,False,0,21,False,0.56,6.5
EDR-004658,AST-04658,2026-08-06 05:58:14,False,2,7,False,0,32,False,0.11,8.7
EDR-004659,AST-04659,2026-08-15 03:58:14,False,9,15,False,0,47,False,0.74,7.2
EDR-004660,AST-04660,2026-08-23 11:58:14,False,3,1,False,0,30,False,0.76,9.2
EDR-004661,AST-04661,2026-08-12 02:58:14,False,1,7,False,0,6,False,0.32,9.0
EDR-004662,AST-04662,2026-08-14 17:58:14,False,7,0,False,0,38,False,0.5,8.3
EDR-004663,AST-04663,2026-08-08 14:58:14,False,4,14,False,0,9,False,0.62,7.7
EDR-004664,AST-04664,2026-08-25 00:58:14,False,6,20,False,0,41,False,0.15,6.9
EDR-004665,AST-04665,2026-08-24 18:58:14,False,8,4,False,0,33,False,0.28,8.0
EDR-004666,AST-04666,2026-08-17 09:58:14,False,3,15,False,0,45,False,0.33,8.3
EDR-004667,AST-04667,2026-08-25 08:58:14,False,0,10,False,0,41,False,0.36,9.4
EDR-004668,AST-04668,2026-08-09 13:58:14,False,8,8,False,0,33,False,0.19,7.2
EDR-004669,AST-04669,2026-08-29 08:58:14,False,1,0,False,0,21,False,0.17,9.5
EDR-004670,AST-04670,2026-08-21 17:58:14,False,10,17,False,0,12,False,0.77,6.6
EDR-004671,AST-04671,2026-08-25 11:58:14,False,6,13,False,0,3,False,0.73,7.5
EDR-004672,AST-04672,2026-08-18 09:58:14,False,3,17,False,0,2,False,0.31,7.2
EDR-004673,AST-04673,2026-08-12 21:58:14,False,7,13,False,0,5,False,0.21,7.4
EDR-004674,AST-04674,2026-08-24 10:58:14,False,10,17,False,0,17,False,0.43,6.3
EDR-004675,AST-04675,2026-08-16 20:58:14,False,8,20,False,0,45,False,0.29,6.5
EDR-004676,AST-04676,2026-08-20 16:58:14,False,2,6,False,0,26,False,0.69,9.0
EDR-004677,AST-04677,2026-08-14 01:58:14,False,9,8,False,0,19,False,0.33,7.0
EDR-004678,AST-04678,2026-08-20 07:58:14,False,7,15,False,0,1,False,0.59,7.0
EDR-004679,AST-04679,2026-08-11 15:58:14,False,2,13,False,0,48,False,0.29,7.9
EDR-004680,AST-04680,2026-08-31 15:58:14,False,8,0,False,0,40,False,0.74,8.2
EDR-004681,AST-04681,2026-08-22 16:58:14,False,4,13,False,0,9,False,0.21,8.3
EDR-004682,AST-04682,2026-08-20 04:58:14,False,5,14,False,0,39,False,0.67,7.6
EDR-004683,AST-04683,2026-09-03 14:58:14,False,2,8,False,0,16,False,0.43,9.2
EDR-004684,AST-04684,2026-08-26 06:58:14,False,9,7,False,0,17,False,0.41,7.3
EDR-004685,AST-04685,2026-08-21 00:58:14,False,9,3,False,0,30,False,0.17,8.0
EDR-004686,AST-04686,2026-08-23 04:58:14,False,0,15,False,0,29,False,0.26,8.8
EDR-004687,AST-04687,2026-08-31 11:58:14,False,3,20,False,0,32,False,0.37,7.6
EDR-004688,AST-04688,2026-08-09 06:58:14,False,9,7,False,0,19,False,0.28,7.6
EDR-004689,AST-04689,2026-08-25 06:58:14,False,2,6,False,0,25,False,0.12,8.7
EDR-004690,AST-04690,2026-08-28 19:58:14,False,1,13,False,0,31,False,0.5,8.2
EDR-004691,AST-04691,2026-08-28 08:58:14,False,6,17,False,0,43,False,0.24,7.0
EDR-004692,AST-04692,2026-08-28 04:58:14,False,10,15,False,0,10,False,0.39,6.1
EDR-004693,AST-04693,2026-08-27 15:58:14,True,10,5,False,0,30,False,0.74,5.6
EDR-004694,AST-04694,2026-08-25 05:58:14,False,0,4,False,0,45,False,0.15,9.5
EDR-004695,AST-04695,2026-09-01 03:58:14,False,3,7,False,0,15,False,0.27,9.2
EDR-004696,AST-04696,2026-08-28 22:58:14,False,6,15,False,0,30,False,0.25,7.3
EDR-004697,AST-04697,2026-08-05 19:58:14,False,1,18,False,0,44,False,0.29,7.6
EDR-004698,AST-04698,2026-08-23 22:58:14,False,2,17,False,0,41,False,0.58,8.1
EDR-004699,AST-04699,2026-08-06 14:58:14,False,10,7,False,0,4,False,0.17,7.5
EDR-004700,AST-04700,2026-08-08 23:58:14,False,9,19,False,0,2,False,0.41,6.0
EDR-004701,AST-04701,2026-08-06 05:58:14,False,6,3,False,0,0,False,0.77,8.9
EDR-004702,AST-04702,2026-09-02 09:58:14,False,4,19,False,0,1,False,0.35,6.8
EDR-004703,AST-04703,2026-08-09 08:58:14,False,5,4,False,0,0,False,0.6,9.0
EDR-004704,AST-04704,2026-08-23 19:58:14,False,10,18,False,0,5,False,0.77,6.4
EDR-004705,AST-04705,2026-08-22 06:58:14,False,5,4,False,0,29,False,0.31,8.2
EDR-004706,AST-04706,2026-08-11 05:58:14,False,0,1,False,0,17,False,0.57,10
EDR-004707,AST-04707,2026-08-10 06:58:14,False,7,10,False,0,32,False,0.61,7.4
EDR-004708,AST-04708,2026-08-15 10:58:14,False,9,7,False,0,41,False,0.14,7.7
EDR-004709,AST-04709,2026-08-10 20:58:14,False,2,15,False,0,10,False,0.32,7.8
EDR-004710,AST-04710,2026-08-14 14:58:14,False,3,20,False,0,49,False,0.32,7.7
EDR-004711,AST-04711,2026-08-19 04:58:14,False,7,20,False,0,8,False,0.48,6.7
EDR-004712,AST-04712,2026-08-28 17:58:14,False,4,0,False,0,0,False,0.2,9.1
EDR-004713,AST-04713,2026-08-27 00:58:14,True,5,2,False,1,25,True,1.0,7.3
EDR-004714,AST-04714,2026-08-07 19:58:14,False,9,13,False,0,33,False,0.24,6.7
EDR-004715,AST-04715,2026-08-30 18:58:14,False,7,19,False,0,43,False,0.67,7.1
EDR-004716,AST-04716,2026-08-24 20:58:14,False,3,3,False,0,19,False,0.59,8.6
EDR-004717,AST-04717,2026-09-03 16:58:14,False,7,20,False,0,2,False,0.6,6.6
EDR-004718,AST-04718,2026-09-04 03:58:14,False,3,8,False,0,34,False,0.65,8.2
EDR-004719,AST-04719,2026-08-20 06:58:14,False,8,15,False,0,27,False,0.61,7.0
EDR-004720,AST-04720,2026-08-17 12:58:14,False,6,9,False,0,35,False,0.29,8.0
EDR-004721,AST-04721,2026-08-10 22:58:14,False,7,14,False,0,2,False,0.22,6.8
EDR-004722,AST-04722,2026-08-18 12:58:14,False,10,4,False,0,2,False,0.32,7.9
EDR-004723,AST-04723,2026-08-15 23:58:14,False,1,10,False,0,30,False,0.62,8.3
EDR-004724,AST-04724,2026-08-19 14:58:14,False,0,11,False,0,48,False,0.52,9.2
EDR-004725,AST-04725,2026-08-20 11:58:14,False,5,17,False,0,22,False,0.29,7.0
EDR-004726,AST-04726,2026-08-29 07:58:14,False,6,6,False,0,6,False,0.78,8.2
EDR-004727,AST-04727,2026-09-03 08:58:14,False,10,13,False,0,41,False,0.51,6.4
EDR-004728,AST-04728,2026-08-20 08:58:14,False,7,13,False,0,15,False,0.4,7.7
EDR-004729,AST-04729,2026-08-18 05:58:14,False,5,10,False,0,36,False,0.41,8.2
EDR-004730,AST-04730,2026-08-30 07:58:14,False,8,14,False,0,16,False,0.6,6.6
EDR-004731,AST-04731,2026-08-30 10:58:14,False,0,7,False,0,27,False,0.26,9.7
EDR-004732,AST-04732,2026-08-22 06:58:14,False,6,13,False,0,24,False,0.3,7.7
EDR-004733,AST-04733,2026-09-03 02:58:14,False,2,2,False,0,43,False,0.3,9.8
EDR-004734,AST-04734,2026-08-18 13:58:14,False,7,9,False,0,18,False,0.62,7.8
EDR-004735,AST-04735,2026-08-15 22:58:14,False,8,0,False,0,9,False,0.46,8.5
EDR-004736,AST-04736,2026-08-06 04:58:14,False,7,11,False,0,26,False,0.47,7.7
EDR-004737,AST-04737,2026-08-22 11:58:14,False,6,13,False,0,32,False,0.77,7.8
EDR-004738,AST-04738,2026-08-18 09:58:14,False,8,8,False,0,8,False,0.19,7.2
EDR-004739,AST-04739,2026-09-01 19:58:14,False,0,16,False,0,22,False,0.28,8.8
EDR-004740,AST-04740,2026-08-15 15:58:14,False,7,6,False,0,28,False,0.38,7.8
EDR-004741,AST-04741,2026-08-21 04:58:14,False,6,13,False,0,27,False,0.51,7.3
EDR-004742,AST-04742,2026-09-02 02:58:14,False,6,5,False,0,0,False,0.29,8.3
EDR-004743,AST-04743,2026-08-19 17:58:14,False,1,17,False,0,49,False,0.63,7.6
EDR-004744,AST-04744,2026-08-10 22:58:14,False,7,10,False,0,15,False,0.2,7.6
EDR-004745,AST-04745,2026-09-02 14:58:14,False,7,15,False,0,32,False,0.35,7.4
EDR-004746,AST-04746,2026-08-30 09:58:14,False,6,17,False,0,0,False,0.64,6.7
EDR-004747,AST-04747,2026-08-23 03:58:14,True,6,1,False,3,22,True,0.83,6.8
EDR-004748,AST-04748,2026-08-20 07:58:14,False,7,2,False,0,0,False,0.63,8.8
EDR-004749,AST-04749,2026-08-31 21:58:14,False,9,5,False,0,24,False,0.69,7.4
EDR-004750,AST-04750,2026-08-18 05:58:14,False,5,6,False,0,49,False,0.67,8.2
EDR-004751,AST-04751,2026-08-09 11:58:14,False,4,15,False,0,30,False,0.32,7.3
EDR-004752,AST-04752,2026-08-26 23:58:14,False,5,8,False,0,36,False,0.76,8.3
EDR-004753,AST-04753,2026-08-21 11:58:14,False,9,10,False,0,32,False,0.14,7.5
EDR-004754,AST-04754,2026-08-26 12:58:14,False,8,5,False,0,30,False,0.63,7.6
EDR-004755,AST-04755,2026-08-11 16:58:14,False,4,12,False,0,50,False,0.37,8.0
EDR-004756,AST-04756,2026-08-17 18:58:14,False,0,3,False,0,30,False,0.75,10
EDR-004757,AST-04757,2026-08-27 18:58:14,False,9,10,False,0,39,False,0.15,7.0
EDR-004758,AST-04758,2026-09-01 03:58:14,False,10,5,False,0,44,False,0.41,7.9
EDR-004759,AST-04759,2026-08-11 10:58:14,False,7,14,False,0,45,False,0.16,6.9
EDR-004760,AST-04760,2026-08-28 01:58:14,False,2,7,False,0,1,False,0.76,8.5
EDR-004761,AST-04761,2026-08-19 10:58:14,False,6,0,False,0,18,False,0.4,8.4
EDR-004762,AST-04762,2026-08-14 22:58:14,False,1,18,False,0,14,False,0.78,7.9
EDR-004763,AST-04763,2026-08-15 23:58:14,False,2,12,False,0,49,False,0.52,8.0
EDR-004764,AST-04764,2026-08-27 18:58:14,False,10,19,False,0,8,False,0.48,5.6
EDR-004765,AST-04765,2026-08-31 08:58:14,False,6,13,False,0,5,False,0.67,7.3
EDR-004766,AST-04766,2026-08-06 02:58:14,False,10,9,False,0,27,False,0.23,6.6
EDR-004767,AST-04767,2026-08-31 00:58:14,False,1,19,False,0,44,False,0.26,8.1
EDR-004768,AST-04768,2026-08-12 10:58:14,False,1,14,False,0,23,False,0.13,8.7
EDR-004769,AST-04769,2026-08-27 01:58:14,False,6,12,False,0,23,False,0.52,7.8
EDR-004770,AST-04770,2026-08-23 20:58:14,False,7,16,False,0,24,False,0.64,6.8
EDR-004771,AST-04771,2026-09-02 04:58:14,False,1,12,False,0,24,False,0.4,8.9
EDR-004772,AST-04772,2026-08-17 14:58:14,True,10,8,False,1,8,True,0.74,5.5
EDR-004773,AST-04773,2026-08-08 17:58:14,False,1,4,False,0,1,False,0.48,9.4
EDR-004774,AST-04774,2026-08-19 16:58:14,False,7,0,False,0,25,False,0.18,8.8
EDR-004775,AST-04775,2026-08-22 00:58:14,False,3,4,False,0,0,False,0.43,8.5
EDR-004776,AST-04776,2026-08-17 06:58:14,False,9,13,False,0,13,False,0.61,7.2
EDR-004777,AST-04777,2026-08-24 10:58:14,False,10,15,False,0,15,False,0.25,6.2
EDR-004778,AST-04778,2026-08-23 17:58:14,False,8,16,False,0,50,False,0.62,6.8
EDR-004779,AST-04779,2026-08-09 16:58:14,False,0,8,True,0,34,False,0.46,6.5
EDR-004780,AST-04780,2026-08-23 06:58:14,False,7,10,False,0,16,False,0.13,7.8
EDR-004781,AST-04781,2026-09-01 21:58:14,False,0,5,False,0,46,False,0.16,9.2
EDR-004782,AST-04782,2026-08-25 12:58:14,False,1,6,False,0,50,False,0.61,9.1
EDR-004783,AST-04783,2026-09-04 13:58:14,False,4,14,False,0,27,False,0.75,7.9
EDR-004784,AST-04784,2026-08-07 13:58:14,False,6,19,False,0,13,False,0.71,6.8
EDR-004785,AST-04785,2026-08-28 03:58:14,False,9,14,False,0,22,False,0.67,6.7
EDR-004786,AST-04786,2026-08-29 09:58:14,False,2,5,False,0,10,False,0.71,9.2
EDR-004787,AST-04787,2026-08-08 07:58:14,False,3,20,False,0,34,False,0.49,7.3
EDR-004788,AST-04788,2026-08-16 16:58:14,False,4,9,False,0,36,False,0.7,8.5
EDR-004789,AST-04789,2026-08-25 21:58:14,False,9,1,False,0,32,False,0.36,8.5
EDR-004790,AST-04790,2026-08-12 23:58:14,False,10,10,False,0,43,False,0.39,7.1
EDR-004791,AST-04791,2026-08-17 10:58:14,False,0,16,False,0,35,False,0.44,8.6
EDR-004792,AST-04792,2026-08-09 02:58:14,False,1,19,False,0,41,False,0.28,8.0
EDR-004793,AST-04793,2026-08-24 03:58:14,False,8,9,False,0,29,False,0.64,7.0
EDR-004794,AST-04794,2026-08-21 09:58:14,False,0,3,False,0,5,False,0.35,9.2
EDR-004795,AST-04795,2026-08-25 10:58:14,False,5,7,False,0,35,False,0.47,7.9
EDR-004796,AST-04796,2026-08-19 02:58:14,False,2,18,False,0,21,False,0.62,7.6
EDR-004797,AST-04797,2026-08-14 03:58:14,False,8,15,False,0,9,False,0.29,6.9
EDR-004798,AST-04798,2026-08-12 07:58:14,False,2,17,False,0,11,False,0.47,7.4
EDR-004799,AST-04799,2026-08-29 06:58:14,False,1,9,False,0,18,False,0.71,9.3
EDR-004800,AST-04800,2026-08-31 01:58:14,False,8,8,False,0,32,False,0.7,8.1
EDR-004801,AST-04801,2026-08-14 15:58:14,False,6,13,False,0,35,False,0.22,7.1
EDR-004802,AST-04802,2026-08-11 10:58:14,False,0,12,False,0,3,False,0.19,9.1
EDR-004803,AST-04803,2026-08-16 18:58:14,False,0,6,False,0,50,False,0.41,9.2
EDR-004804,AST-04804,2026-09-02 15:58:14,False,3,7,False,0,7,False,0.68,8.9
EDR-004805,AST-04805,2026-08-11 00:58:14,False,4,20,False,0,2,False,0.54,6.9
EDR-004806,AST-04806,2026-08-11 05:58:14,False,9,12,False,0,14,False,0.62,7.2
EDR-004807,AST-04807,2026-08-08 19:58:14,False,4,16,False,0,37,False,0.25,8.0
EDR-004808,AST-04808,2026-08-27 01:58:14,False,1,13,False,0,29,False,0.55,8.8
EDR-004809,AST-04809,2026-08-24 01:58:14,False,10,12,False,0,10,False,0.45,6.8
EDR-004810,AST-04810,2026-09-03 11:58:14,False,8,10,False,0,43,False,0.59,6.9
EDR-004811,AST-04811,2026-08-25 20:58:14,False,4,7,False,0,43,False,0.15,8.2
EDR-004812,AST-04812,2026-08-26 15:58:14,False,6,16,True,0,5,False,0.37,3.8
EDR-004813,AST-04813,2026-08-18 00:58:14,False,9,13,False,0,18,False,0.58,6.9
EDR-004814,AST-04814,2026-08-10 12:58:14,False,0,1,False,0,13,False,0.3,9.8
EDR-004815,AST-04815,2026-08-09 15:58:14,False,7,9,False,0,49,False,0.18,7.3
EDR-004816,AST-04816,2026-08-18 22:58:14,True,10,13,False,1,4,False,1.0,4.3
EDR-004817,AST-04817,2026-08-18 01:58:14,True,8,17,False,0,43,False,0.8,4.5
EDR-004818,AST-04818,2026-08-26 07:58:14,False,2,7,False,0,27,False,0.52,9.0
EDR-004819,AST-04819,2026-08-31 21:58:14,False,8,6,False,0,7,False,0.37,7.6
EDR-004820,AST-04820,2026-08-13 02:58:14,False,2,14,False,0,36,False,0.72,8.2
EDR-004821,AST-04821,2026-08-21 19:58:14,False,9,2,False,0,20,False,0.52,7.6
EDR-004822,AST-04822,2026-08-27 05:58:14,False,5,13,False,0,12,False,0.62,7.9
EDR-004823,AST-04823,2026-08-30 07:58:14,False,5,18,False,0,7,False,0.49,7.2
EDR-004824,AST-04824,2026-08-12 02:58:14,False,5,1,False,0,39,False,0.32,9.2
EDR-004825,AST-04825,2026-08-06 11:58:14,False,6,10,False,0,25,False,0.49,7.9
EDR-004826,AST-04826,2026-08-12 21:58:14,False,1,3,False,0,40,False,0.53,9.3
EDR-004827,AST-04827,2026-08-29 11:58:14,False,0,18,False,0,41,False,0.45,8.5
EDR-004828,AST-04828,2026-08-31 20:58:14,False,9,17,False,0,19,False,0.37,6.2
EDR-004829,AST-04829,2026-08-18 05:58:14,False,2,13,False,0,45,False,0.78,8.2
EDR-004830,AST-04830,2026-08-19 07:58:14,False,10,16,True,0,49,False,0.41,2.9
EDR-004831,AST-04831,2026-08-21 08:58:14,True,2,17,False,3,3,False,0.65,6.4
EDR-004832,AST-04832,2026-09-04 03:58:14,False,7,18,False,0,40,False,0.35,7.2
EDR-004833,AST-04833,2026-08-11 12:58:14,False,4,18,True,0,41,False,0.51,4.2
EDR-004834,AST-04834,2026-09-04 12:58:14,False,4,18,False,0,42,False,0.32,6.9
EDR-004835,AST-04835,2026-08-20 16:58:14,False,7,10,False,0,27,False,0.75,7.3
EDR-004836,AST-04836,2026-09-03 06:58:14,False,4,0,False,0,23,False,0.21,9.5
EDR-004837,AST-04837,2026-08-21 16:58:14,False,5,13,False,0,50,False,0.19,7.3
EDR-004838,AST-04838,2026-08-15 13:58:14,False,9,9,False,0,14,False,0.39,7.7
EDR-004839,AST-04839,2026-08-14 19:58:14,False,4,18,False,0,2,False,0.34,7.5
EDR-004840,AST-04840,2026-08-21 05:58:14,False,4,20,False,0,47,False,0.68,6.9
EDR-004841,AST-04841,2026-09-01 07:58:14,False,1,19,False,0,34,False,0.28,8.1
EDR-004842,AST-04842,2026-08-27 04:58:14,False,10,15,False,0,18,False,0.2,6.3
EDR-004843,AST-04843,2026-08-12 15:58:14,False,6,16,False,0,50,False,0.75,7.3
EDR-004844,AST-04844,2026-08-12 02:58:14,False,0,11,False,0,35,False,0.47,9.0
EDR-004845,AST-04845,2026-08-15 05:58:14,False,4,3,False,0,17,False,0.37,9.4
EDR-004846,AST-04846,2026-08-16 12:58:14,False,1,19,False,0,22,False,0.63,8.0
EDR-004847,AST-04847,2026-08-06 16:58:14,False,2,12,False,0,48,False,0.25,8.8
EDR-004848,AST-04848,2026-08-23 13:58:14,False,7,3,False,0,15,False,0.67,8.2
EDR-004849,AST-04849,2026-08-12 23:58:14,False,7,17,False,0,43,False,0.16,7.1
EDR-004850,AST-04850,2026-08-22 01:58:14,False,9,0,False,0,11,False,0.21,7.8
EDR-004851,AST-04851,2026-08-28 14:58:14,False,4,20,False,0,39,False,0.77,7.5
EDR-004852,AST-04852,2026-08-08 04:58:14,False,2,17,False,0,41,False,0.38,8.0
EDR-004853,AST-04853,2026-08-09 20:58:14,False,7,5,False,0,41,False,0.31,7.9
EDR-004854,AST-04854,2026-08-31 09:58:14,False,8,15,False,0,11,False,0.54,6.4
EDR-004855,AST-04855,2026-09-02 06:58:14,False,5,4,False,0,2,False,0.23,9.1
EDR-004856,AST-04856,2026-08-19 12:58:14,False,1,1,False,0,24,False,0.46,9.4
EDR-004857,AST-04857,2026-08-13 00:58:14,False,2,15,False,0,4,False,0.41,8.1
EDR-004858,AST-04858,2026-08-14 07:58:14,False,7,5,False,0,28,False,0.57,7.8
EDR-004859,AST-04859,2026-08-22 08:58:14,False,2,14,False,0,47,False,0.23,8.5
EDR-004860,AST-04860,2026-09-02 17:58:14,False,6,14,False,0,30,False,0.36,7.7
EDR-004861,AST-04861,2026-08-26 09:58:14,False,7,18,False,0,50,False,0.65,6.7
EDR-004862,AST-04862,2026-08-16 16:58:14,True,6,10,False,0,47,False,0.82,5.5
EDR-004863,AST-04863,2026-08-07 16:58:14,False,5,10,False,0,40,False,0.17,7.9
EDR-004864,AST-04864,2026-09-01 08:58:14,False,10,18,False,0,33,False,0.13,6.7
EDR-004865,AST-04865,2026-08-26 18:58:14,False,5,3,False,0,17,False,0.46,8.4
EDR-004866,AST-04866,2026-08-14 12:58:14,False,9,11,False,0,37,False,0.57,7.2
EDR-004867,AST-04867,2026-08-21 02:58:14,False,7,3,False,0,18,False,0.11,8.4
EDR-004868,AST-04868,2026-09-02 05:58:14,False,6,5,False,0,27,False,0.45,8.3
EDR-004869,AST-04869,2026-08-16 14:58:14,False,3,3,False,0,2,False,0.25,9.6
EDR-004870,AST-04870,2026-08-08 14:58:14,False,8,8,False,0,23,False,0.48,7.2
EDR-004871,AST-04871,2026-08-20 05:58:14,False,2,14,False,0,0,False,0.43,8.5
EDR-004872,AST-04872,2026-08-08 08:58:14,False,0,1,False,0,28,False,0.53,9.8
EDR-004873,AST-04873,2026-08-07 19:58:14,False,7,16,False,0,13,False,0.56,7.0
EDR-004874,AST-04874,2026-09-03 21:58:14,False,1,8,False,0,39,False,0.77,9.0
EDR-004875,AST-04875,2026-08-19 21:58:14,False,1,20,False,0,17,False,0.77,8.1
EDR-004876,AST-04876,2026-08-12 11:58:14,False,6,14,False,0,39,False,0.55,7.3
EDR-004877,AST-04877,2026-08-22 07:58:14,False,7,0,False,0,40,False,0.36,8.8
EDR-004878,AST-04878,2026-09-01 03:58:14,False,8,18,False,0,21,False,0.18,6.8
EDR-004879,AST-04879,2026-08-22 02:58:14,False,5,12,False,0,39,False,0.39,7.5
EDR-004880,AST-04880,2026-08-19 16:58:14,False,1,3,False,0,4,False,0.79,9.5
EDR-004881,AST-04881,2026-08-28 16:58:14,False,0,5,False,0,36,False,0.1,9.7
EDR-004882,AST-04882,2026-08-25 15:58:14,False,0,5,False,0,6,False,0.38,9.4
EDR-004883,AST-04883,2026-08-28 02:58:14,False,5,0,False,0,23,False,0.42,9.2
EDR-004884,AST-04884,2026-08-13 16:58:14,False,4,4,False,0,17,False,0.77,9.2
EDR-004885,AST-04885,2026-08-13 16:58:14,False,0,0,False,0,19,False,0.73,9.9
EDR-004886,AST-04886,2026-08-31 12:58:14,False,5,11,False,0,19,False,0.63,7.4
EDR-004887,AST-04887,2026-08-15 04:58:14,False,0,2,False,0,24,False,0.12,9.3
EDR-004888,AST-04888,2026-08-08 23:58:14,False,2,3,False,0,45,False,0.44,9.3
EDR-004889,AST-04889,2026-09-01 01:58:14,False,6,7,False,0,37,False,0.6,8.5
EDR-004890,AST-04890,2026-09-02 19:58:14,False,6,10,False,0,13,False,0.53,8.2
EDR-004891,AST-04891,2026-09-01 06:58:14,False,5,17,False,0,20,False,0.73,7.4
EDR-004892,AST-04892,2026-08-26 21:58:14,False,8,19,False,0,50,False,0.56,6.4
EDR-004893,AST-04893,2026-09-01 05:58:14,False,10,16,False,0,6,False,0.22,6.7
EDR-004894,AST-04894,2026-09-03 14:58:14,False,9,6,False,0,39,False,0.25,7.3
EDR-004895,AST-04895,2026-09-03 23:58:14,False,10,0,False,0,34,False,0.2,8.2
EDR-004896,AST-04896,2026-08-07 15:58:14,False,0,5,False,0,39,False,0.34,9.7
EDR-004897,AST-04897,2026-08-14 16:58:14,False,1,12,False,0,42,False,0.39,8.1
EDR-004898,AST-04898,2026-08-30 23:58:14,False,4,20,False,0,49,False,0.64,6.8
EDR-004899,AST-04899,2026-09-04 15:58:14,False,5,20,False,0,22,False,0.56,7.3
EDR-004900,AST-04900,2026-08-27 08:58:14,False,3,6,False,0,30,False,0.27,8.9
EDR-004901,AST-04901,2026-08-25 06:58:14,False,10,14,False,0,41,False,0.42,6.5
EDR-004902,AST-04902,2026-09-03 03:58:14,False,8,14,False,0,43,False,0.44,6.9
EDR-004903,AST-04903,2026-09-02 16:58:14,False,8,3,False,0,46,False,0.51,8.1
EDR-004904,AST-04904,2026-08-18 07:58:14,False,6,16,False,0,6,False,0.64,7.6
EDR-004905,AST-04905,2026-08-16 06:58:14,False,2,10,False,0,17,False,0.22,8.7
EDR-004906,AST-04906,2026-08-28 08:58:14,False,7,16,False,0,27,False,0.67,7.3
EDR-004907,AST-04907,2026-08-31 14:58:14,False,9,1,False,0,30,False,0.41,8.2
EDR-004908,AST-04908,2026-08-17 20:58:14,False,5,0,False,0,24,False,0.62,9.1
EDR-004909,AST-04909,2026-08-12 01:58:14,False,1,9,False,0,50,False,0.69,8.5
EDR-004910,AST-04910,2026-08-23 13:58:14,False,3,14,False,0,45,False,0.14,8.3
EDR-004911,AST-04911,2026-08-26 04:58:14,True,7,11,False,2,49,True,0.74,6.0
EDR-004912,AST-04912,2026-08-14 07:58:14,False,4,12,True,0,33,False,0.55,5.3
EDR-004913,AST-04913,2026-09-01 02:58:14,False,2,11,False,0,12,False,0.64,8.2
EDR-004914,AST-04914,2026-08-11 01:58:14,False,7,1,False,0,40,False,0.24,8.1
EDR-004915,AST-04915,2026-09-01 16:58:14,False,7,14,False,0,7,False,0.29,7.1
EDR-004916,AST-04916,2026-08-20 06:58:14,False,7,2,False,0,0,False,0.61,8.7
EDR-004917,AST-04917,2026-08-10 14:58:14,False,3,20,False,0,40,False,0.48,7.3
EDR-004918,AST-04918,2026-08-14 05:58:14,False,9,18,False,0,37,False,0.67,6.6
EDR-004919,AST-04919,2026-08-23 07:58:14,False,2,9,False,0,35,False,0.71,8.5
EDR-004920,AST-04920,2026-08-28 04:58:14,False,3,8,False,0,10,False,0.74,8.8
EDR-004921,AST-04921,2026-08-08 20:58:14,False,0,19,False,0,47,False,0.14,8.4
EDR-004922,AST-04922,2026-09-02 05:58:14,False,8,13,False,0,25,False,0.18,7.5
EDR-004923,AST-04923,2026-08-10 22:58:14,False,9,11,False,0,10,False,0.47,6.7
EDR-004924,AST-04924,2026-08-22 15:58:14,True,5,13,False,2,38,True,0.77,6.1
EDR-004925,AST-04925,2026-08-17 00:58:14,False,2,8,False,0,28,False,0.57,8.7
EDR-004926,AST-04926,2026-09-03 20:58:14,False,6,13,False,0,5,False,0.49,7.6
EDR-004927,AST-04927,2026-08-22 01:58:14,True,3,18,False,3,46,True,0.97,5.3
EDR-004928,AST-04928,2026-08-19 03:58:14,False,7,19,False,0,24,False,0.52,6.9
EDR-004929,AST-04929,2026-09-01 21:58:14,False,2,16,False,0,20,False,0.19,8.5
EDR-004930,AST-04930,2026-08-14 15:58:14,False,6,1,False,0,5,False,0.18,9.2
EDR-004931,AST-04931,2026-08-17 01:58:14,False,8,15,False,0,41,False,0.68,6.8
EDR-004932,AST-04932,2026-08-26 15:58:14,False,3,18,False,0,28,False,0.45,8.1
EDR-004933,AST-04933,2026-09-02 04:58:14,False,3,12,False,0,21,False,0.73,8.5
EDR-004934,AST-04934,2026-08-13 02:58:14,False,4,8,False,0,35,False,0.54,8.7
EDR-004935,AST-04935,2026-08-10 05:58:14,False,2,10,False,0,17,False,0.63,8.5
EDR-004936,AST-04936,2026-08-16 07:58:14,False,4,7,False,0,49,False,0.25,8.9
EDR-004937,AST-04937,2026-09-03 16:58:14,False,8,15,False,0,15,False,0.64,6.7
EDR-004938,AST-04938,2026-08-22 11:58:14,False,4,4,False,0,15,False,0.71,9.1
EDR-004939,AST-04939,2026-08-09 03:58:14,False,7,15,False,0,23,False,0.38,6.9
EDR-004940,AST-04940,2026-08-29 20:58:14,False,1,2,False,0,12,False,0.64,9.7
EDR-004941,AST-04941,2026-09-03 13:58:14,False,4,3,False,0,39,False,0.45,9.4
EDR-004942,AST-04942,2026-08-11 19:58:14,False,0,7,False,0,18,False,0.58,9.2
EDR-004943,AST-04943,2026-08-05 17:58:14,False,1,20,False,0,30,False,0.72,8.1
EDR-004944,AST-04944,2026-08-14 01:58:14,False,2,19,False,0,40,False,0.67,7.8
EDR-004945,AST-04945,2026-08-06 02:58:14,False,0,13,False,0,6,False,0.16,9.0
EDR-004946,AST-04946,2026-08-19 21:58:14,False,0,8,False,0,21,False,0.4,9.2
EDR-004947,AST-04947,2026-08-23 07:58:14,False,7,16,False,0,38,False,0.38,6.5
EDR-004948,AST-04948,2026-08-19 20:58:14,False,1,6,False,0,12,False,0.78,9.2
EDR-004949,AST-04949,2026-08-26 10:58:14,False,6,18,False,0,12,False,0.3,6.7
EDR-004950,AST-04950,2026-08-18 16:58:14,False,0,5,False,0,9,False,0.44,9.2
EDR-004951,AST-04951,2026-08-26 01:58:14,False,5,18,False,0,49,False,0.33,6.8
EDR-004952,AST-04952,2026-08-15 23:58:14,False,10,2,False,0,47,False,0.64,7.4
EDR-004953,AST-04953,2026-08-28 02:58:14,False,7,6,False,0,30,False,0.74,8.0
EDR-004954,AST-04954,2026-08-27 00:58:14,False,6,17,False,0,30,False,0.42,7.4
EDR-004955,AST-04955,2026-09-04 03:58:14,False,7,6,False,0,14,False,0.14,8.3
EDR-004956,AST-04956,2026-08-24 13:58:14,False,7,18,False,0,25,False,0.33,6.6
EDR-004957,AST-04957,2026-08-13 12:58:14,False,9,15,False,0,43,False,0.45,6.5
EDR-004958,AST-04958,2026-08-10 00:58:14,False,2,17,False,0,44,False,0.23,7.7
EDR-004959,AST-04959,2026-08-05 21:58:14,False,5,10,False,0,50,False,0.1,8.1
EDR-004960,AST-04960,2026-08-12 04:58:14,False,8,2,False,0,3,False,0.42,7.9
EDR-004961,AST-04961,2026-08-22 00:58:14,False,8,1,False,0,28,False,0.73,8.1
EDR-004962,AST-04962,2026-08-15 16:58:14,False,6,15,False,0,23,False,0.21,7.4
EDR-004963,AST-04963,2026-09-04 07:58:14,False,0,15,False,0,19,False,0.24,8.4
EDR-004964,AST-04964,2026-08-10 17:58:14,False,6,1,False,0,13,False,0.54,8.8
EDR-004965,AST-04965,2026-08-20 08:58:14,False,8,15,False,0,32,False,0.67,6.7
EDR-004966,AST-04966,2026-09-02 01:58:14,False,8,2,False,0,29,False,0.45,8.4
EDR-004967,AST-04967,2026-08-27 21:58:14,False,7,8,False,0,27,False,0.79,7.5
EDR-004968,AST-04968,2026-08-22 20:58:14,False,10,14,False,0,49,False,0.6,7.1
EDR-004969,AST-04969,2026-08-28 05:58:14,False,1,6,False,0,20,False,0.73,9.2
EDR-004970,AST-04970,2026-08-27 05:58:14,False,8,0,False,0,20,False,0.72,8.3
EDR-004971,AST-04971,2026-08-26 02:58:14,False,4,17,False,0,8,False,0.23,7.5
EDR-004972,AST-04972,2026-08-12 18:58:14,False,9,5,False,0,21,False,0.52,7.5
EDR-004973,AST-04973,2026-08-07 05:58:14,False,4,10,False,0,29,False,0.66,8.4
EDR-004974,AST-04974,2026-09-04 16:58:14,False,9,10,False,0,9,False,0.28,7.3
EDR-004975,AST-04975,2026-08-09 17:58:14,False,5,8,False,0,7,False,0.7,7.7
EDR-004976,AST-04976,2026-08-23 14:58:14,False,3,9,False,0,25,False,0.45,8.0
EDR-004977,AST-04977,2026-08-26 13:58:14,False,4,13,False,0,43,False,0.77,8.2
EDR-004978,AST-04978,2026-09-03 09:58:14,False,9,8,False,0,6,False,0.46,7.7
EDR-004979,AST-04979,2026-09-04 04:58:14,False,8,15,False,0,16,False,0.32,7.1
EDR-004980,AST-04980,2026-08-12 20:58:14,False,7,12,False,0,1,False,0.32,7.3
EDR-004981,AST-04981,2026-08-13 19:58:14,False,9,10,False,0,8,False,0.41,6.9
EDR-004982,AST-04982,2026-08-06 11:58:14,False,1,7,False,0,39,False,0.49,9.2
EDR-004983,AST-04983,2026-09-01 20:58:14,False,4,9,False,0,8,False,0.61,8.0
EDR-004984,AST-04984,2026-08-27 03:58:14,False,1,7,False,0,23,False,0.78,9.4
EDR-004985,AST-04985,2026-08-09 17:58:14,False,6,5,False,0,47,False,0.27,7.9
EDR-004986,AST-04986,2026-08-21 09:58:14,False,3,10,False,0,29,False,0.72,8.5
EDR-004987,AST-04987,2026-08-07 23:58:14,False,8,7,False,0,18,False,0.46,7.4
EDR-004988,AST-04988,2026-09-03 02:58:14,False,5,19,False,0,3,False,0.56,7.1
EDR-004989,AST-04989,2026-08-07 04:58:14,False,7,0,False,0,0,False,0.72,8.6
EDR-004990,AST-04990,2026-08-08 17:58:14,False,3,2,False,0,27,False,0.59,8.8
EDR-004991,AST-04991,2026-08-29 01:58:14,False,10,5,False,0,45,False,0.25,7.8
EDR-004992,AST-04992,2026-08-27 16:58:14,False,7,8,False,0,49,False,0.43,7.9
EDR-004993,AST-04993,2026-08-30 05:58:14,False,2,16,False,0,20,False,0.32,8.3
EDR-004994,AST-04994,2026-08-25 18:58:14,False,8,2,False,0,42,False,0.7,7.8
EDR-004995,AST-04995,2026-08-17 21:58:14,False,2,15,False,0,21,False,0.78,7.8
EDR-004996,AST-04996,2026-08-21 03:58:14,False,5,17,False,0,5,False,0.64,7.2
EDR-004997,AST-04997,2026-08-20 11:58:14,False,0,7,False,0,49,False,0.78,8.8
EDR-004998,AST-04998,2026-08-08 19:58:14,False,0,5,False,0,1,False,0.8,9.1
EDR-004999,AST-04999,2026-08-19 05:58:14,False,8,17,False,0,41,False,0.57,6.7
EDR-005000,AST-05000,2026-08-22 06:58:14,False,1,18,False,0,45,False,0.21,8.3
EDR-005001,AST-05001,2026-08-14 22:58:14,False,10,20,False,0,7,False,0.29,6.0
EDR-005002,AST-05002,2026-08-25 15:58:14,False,4,4,False,0,7,False,0.19,9.2
EDR-005003,AST-05003,2026-08-10 11:58:14,False,5,1,False,0,13,False,0.19,9.2
EDR-005004,AST-05004,2026-08-12 23:58:14,False,7,13,False,0,26,False,0.7,7.2
EDR-005005,AST-05005,2026-08-12 12:58:14,False,5,13,False,0,29,False,0.3,7.8
EDR-005006,AST-05006,2026-08-12 03:58:14,False,5,15,False,0,6,False,0.16,7.8
EDR-005007,AST-05007,2026-08-26 13:58:14,False,2,19,False,0,44,False,0.42,7.6
EDR-005008,AST-05008,2026-08-30 07:58:14,False,3,10,False,0,42,False,0.47,8.1
EDR-005009,AST-05009,2026-08-31 20:58:14,False,7,19,False,0,33,False,0.14,7.0
EDR-005010,AST-05010,2026-08-17 02:58:14,False,9,9,False,0,24,False,0.16,7.4
EDR-005011,AST-05011,2026-08-21 23:58:14,False,4,9,False,0,22,False,0.71,8.5
EDR-005012,AST-05012,2026-08-11 19:58:14,False,5,11,False,0,36,False,0.7,7.9
EDR-005013,AST-05013,2026-08-08 03:58:14,False,1,0,False,0,43,False,0.73,9.8
EDR-005014,AST-05014,2026-08-20 23:58:14,False,6,19,False,0,37,False,0.25,6.9
EDR-005015,AST-05015,2026-08-26 19:58:14,False,8,4,False,0,50,False,0.62,7.6
EDR-005016,AST-05016,2026-08-09 19:58:14,False,3,18,False,0,7,False,0.75,7.3
EDR-005017,AST-05017,2026-08-14 17:58:14,False,9,13,True,0,49,False,0.61,3.5
EDR-005018,AST-05018,2026-08-26 21:58:14,False,4,8,False,0,40,False,0.37,8.9
EDR-005019,AST-05019,2026-08-25 02:58:14,False,10,7,False,0,14,False,0.36,6.8
EDR-005020,AST-05020,2026-09-02 02:58:14,False,3,13,False,0,42,False,0.78,8.4
EDR-005021,AST-05021,2026-09-02 16:58:14,False,0,1,False,0,20,False,0.18,9.4
EDR-005022,AST-05022,2026-09-03 13:58:14,False,1,13,False,0,7,False,0.42,8.2
EDR-005023,AST-05023,2026-08-16 11:58:14,False,5,11,False,0,20,False,0.42,7.4
EDR-005024,AST-05024,2026-08-14 03:58:14,False,7,12,False,0,47,False,0.5,7.9
EDR-005025,AST-05025,2026-08-20 05:58:14,False,3,10,False,0,43,False,0.77,8.3
EDR-005026,AST-05026,2026-08-23 06:58:14,False,6,9,False,0,6,False,0.75,8.2
EDR-005027,AST-05027,2026-08-15 17:58:14,False,0,1,False,0,8,False,0.36,9.4
EDR-005028,AST-05028,2026-09-03 05:58:14,False,5,6,False,0,9,False,0.16,8.9
EDR-005029,AST-05029,2026-08-21 23:58:14,False,0,17,False,0,49,False,0.18,8.1
EDR-005030,AST-05030,2026-08-10 04:58:14,False,10,3,False,0,13,False,0.31,8.1
EDR-005031,AST-05031,2026-08-09 23:58:14,False,1,10,False,0,18,False,0.44,9.3
EDR-005032,AST-05032,2026-08-31 08:58:14,False,0,3,False,0,17,False,0.45,10
EDR-005033,AST-05033,2026-08-11 03:58:14,False,6,9,False,0,48,False,0.72,7.9
EDR-005034,AST-05034,2026-08-31 14:58:14,False,10,17,False,0,8,False,0.25,6.4
EDR-005035,AST-05035,2026-08-16 12:58:14,False,10,7,False,0,7,False,0.51,7.2
EDR-005036,AST-05036,2026-08-13 06:58:14,False,1,6,False,0,28,False,0.43,8.8
EDR-005037,AST-05037,2026-08-07 06:58:14,False,6,11,False,0,46,False,0.78,7.2
EDR-005038,AST-05038,2026-08-23 13:58:14,False,0,16,False,0,45,False,0.55,8.4
EDR-005039,AST-05039,2026-08-24 19:58:14,False,10,0,False,0,41,False,0.64,8.0
EDR-005040,AST-05040,2026-08-27 19:58:14,False,0,18,False,0,50,False,0.55,8.3
EDR-005041,AST-05041,2026-08-29 00:58:14,False,6,19,False,0,32,False,0.44,6.6
EDR-005042,AST-05042,2026-08-25 17:58:14,False,0,10,False,0,25,False,0.71,9.3
EDR-005043,AST-05043,2026-08-14 17:58:14,False,2,20,False,0,24,False,0.1,7.3
EDR-005044,AST-05044,2026-08-17 10:58:14,False,7,11,False,0,2,False,0.58,8.0
EDR-005045,AST-05045,2026-08-27 21:58:14,False,7,16,False,0,18,False,0.12,7.5
EDR-005046,AST-05046,2026-08-15 16:58:14,False,6,17,False,0,16,False,0.63,7.3
EDR-005047,AST-05047,2026-08-07 02:58:14,False,6,9,False,0,8,False,0.45,7.7
EDR-005048,AST-05048,2026-08-29 09:58:14,False,10,9,False,0,10,False,0.67,7.1
EDR-005049,AST-05049,2026-08-06 00:58:14,False,8,10,False,0,3,False,0.15,7.3
EDR-005050,AST-05050,2026-08-27 00:58:14,False,8,0,False,0,40,False,0.19,8.3
EDR-005051,AST-05051,2026-08-20 12:58:14,False,9,12,False,0,37,False,0.19,7.0
EDR-005052,AST-05052,2026-08-09 13:58:14,False,8,13,False,0,25,False,0.59,6.7
EDR-005053,AST-05053,2026-08-07 10:58:14,False,2,2,False,0,17,False,0.77,9.3
EDR-005054,AST-05054,2026-08-05 17:58:14,True,6,3,False,1,8,True,0.78,6.7
EDR-005055,AST-05055,2026-08-16 20:58:14,False,1,2,False,0,7,False,0.61,9.3
EDR-005056,AST-05056,2026-08-23 12:58:14,False,10,0,False,0,25,False,0.4,7.8
EDR-005057,AST-05057,2026-08-26 08:58:14,False,10,2,False,0,14,False,0.48,7.8
EDR-005058,AST-05058,2026-08-25 20:58:14,False,10,6,False,0,38,False,0.27,7.4
EDR-005059,AST-05059,2026-09-01 22:58:14,False,5,18,False,0,19,False,0.57,7.3
EDR-005060,AST-05060,2026-08-12 05:58:14,False,5,10,False,0,12,False,0.44,7.9
EDR-005061,AST-05061,2026-08-24 10:58:14,False,3,16,False,0,33,False,0.21,7.4
EDR-005062,AST-05062,2026-08-23 11:58:14,False,7,16,False,0,30,False,0.23,7.3
EDR-005063,AST-05063,2026-08-23 14:58:14,False,6,1,False,0,23,False,0.55,8.4
EDR-005064,AST-05064,2026-08-05 18:58:14,False,7,6,False,0,46,False,0.4,8.4
EDR-005065,AST-05065,2026-08-27 23:58:14,False,9,7,False,0,48,False,0.6,7.4
EDR-005066,AST-05066,2026-08-13 21:58:14,False,8,14,False,0,31,False,0.17,7.2
EDR-005067,AST-05067,2026-08-24 18:58:14,False,8,19,False,0,25,False,0.72,6.0
EDR-005068,AST-05068,2026-08-26 14:58:14,False,3,10,False,0,38,False,0.49,8.2
EDR-005069,AST-05069,2026-08-16 03:58:14,False,6,18,False,0,37,False,0.49,6.7
EDR-005070,AST-05070,2026-08-21 15:58:14,False,6,2,False,0,28,False,0.37,9.0
EDR-005071,AST-05071,2026-08-26 17:58:14,False,2,5,False,0,24,False,0.3,9.5
EDR-005072,AST-05072,2026-08-23 04:58:14,False,3,17,False,0,21,False,0.73,7.2
EDR-005073,AST-05073,2026-08-21 23:58:14,False,7,14,False,0,13,False,0.57,7.2
EDR-005074,AST-05074,2026-08-20 00:58:14,True,0,7,False,2,33,True,0.74,7.0
EDR-005075,AST-05075,2026-08-06 03:58:14,False,0,16,True,0,39,False,0.12,5.0
EDR-005076,AST-05076,2026-08-19 06:58:14,False,7,2,False,0,44,False,0.15,8.4
EDR-005077,AST-05077,2026-08-08 18:58:14,False,3,0,False,0,38,False,0.53,9.8
EDR-005078,AST-05078,2026-08-20 12:58:14,False,6,12,False,0,9,False,0.67,7.2
EDR-005079,AST-05079,2026-08-24 13:58:14,False,3,16,False,0,43,False,0.24,7.4
EDR-005080,AST-05080,2026-08-14 18:58:14,False,5,17,False,0,41,False,0.37,7.8
EDR-005081,AST-05081,2026-08-29 04:58:14,False,4,8,False,0,25,False,0.45,8.0
EDR-005082,AST-05082,2026-08-15 19:58:14,False,8,1,False,0,0,False,0.68,8.1
EDR-005083,AST-05083,2026-09-02 03:58:14,False,7,16,False,0,17,False,0.48,7.5
EDR-005084,AST-05084,2026-09-04 16:58:14,False,6,1,False,0,7,False,0.15,8.4
EDR-005085,AST-05085,2026-08-21 22:58:14,False,6,20,False,0,49,False,0.67,6.8
EDR-005086,AST-05086,2026-08-06 07:58:14,False,3,18,False,0,20,False,0.13,7.8
EDR-005087,AST-05087,2026-08-21 21:58:14,True,5,4,False,0,50,True,0.98,6.7
EDR-005088,AST-05088,2026-08-15 15:58:14,False,3,20,False,0,27,False,0.27,7.8
EDR-005089,AST-05089,2026-08-22 09:58:14,False,9,16,False,0,6,False,0.78,6.2
EDR-005090,AST-05090,2026-08-20 02:58:14,False,5,8,False,0,40,False,0.41,8.5
EDR-005091,AST-05091,2026-09-02 14:58:14,False,1,11,False,0,3,False,0.75,9.1
EDR-005092,AST-05092,2026-08-24 01:58:14,False,8,16,False,0,14,False,0.25,6.7
EDR-005093,AST-05093,2026-08-15 18:58:14,False,2,14,True,0,32,False,0.42,5.2
EDR-005094,AST-05094,2026-08-19 16:58:14,False,1,4,False,0,16,False,0.27,9.5
EDR-005095,AST-05095,2026-08-21 22:58:14,False,5,6,False,0,11,False,0.25,8.6
EDR-005096,AST-05096,2026-08-21 00:58:14,False,7,4,False,0,4,False,0.54,8.2
EDR-005097,AST-05097,2026-09-03 16:58:14,False,9,11,False,0,16,False,0.56,7.4
EDR-005098,AST-05098,2026-08-29 13:58:14,False,6,3,False,0,25,False,0.76,8.7
EDR-005099,AST-05099,2026-08-23 10:58:14,False,8,8,False,0,13,False,0.17,7.8
EDR-005100,AST-05100,2026-08-26 08:58:14,False,4,7,False,0,34,False,0.16,8.9
EDR-005101,AST-05101,2026-08-14 00:58:14,False,7,6,False,0,10,False,0.74,7.7
EDR-005102,AST-05102,2026-08-29 14:58:14,False,4,6,False,0,28,False,0.68,9.1
EDR-005103,AST-05103,2026-08-17 01:58:14,False,1,8,False,0,35,False,0.41,9.2
EDR-005104,AST-05104,2026-08-09 21:58:14,False,7,13,False,0,28,False,0.58,7.5
EDR-005105,AST-05105,2026-09-01 05:58:14,False,0,17,False,0,47,False,0.27,8.4
EDR-005106,AST-05106,2026-08-07 11:58:14,False,1,18,False,0,5,False,0.79,8.3
EDR-005107,AST-05107,2026-08-21 02:58:14,False,1,18,False,0,9,False,0.41,8.4
EDR-005108,AST-05108,2026-09-02 13:58:14,False,10,17,False,0,7,False,0.21,6.1
EDR-005109,AST-05109,2026-08-19 06:58:14,False,10,3,False,0,2,False,0.37,7.3
EDR-005110,AST-05110,2026-08-21 16:58:14,False,3,13,False,0,34,False,0.71,8.1
EDR-005111,AST-05111,2026-08-31 21:58:14,False,0,3,False,0,8,False,0.35,9.6
EDR-005112,AST-05112,2026-08-09 17:58:14,False,2,7,False,0,43,False,0.25,8.6
EDR-005113,AST-05113,2026-08-11 06:58:14,False,4,3,False,0,41,False,0.33,9.1
EDR-005114,AST-05114,2026-08-18 02:58:14,False,2,10,False,0,19,False,0.13,8.4
EDR-005115,AST-05115,2026-09-01 02:58:14,False,5,20,False,0,21,False,0.59,7.3
EDR-005116,AST-05116,2026-08-26 08:58:14,False,10,5,False,0,50,False,0.72,7.9
EDR-005117,AST-05117,2026-08-12 16:58:14,False,0,3,False,0,34,False,0.19,9.4
EDR-005118,AST-05118,2026-09-03 12:58:14,False,1,14,False,0,10,False,0.64,8.7
EDR-005119,AST-05119,2026-08-14 23:58:14,False,1,20,True,0,42,False,0.69,4.3
EDR-005120,AST-05120,2026-08-30 04:58:14,False,5,10,False,0,48,False,0.63,8.4
EDR-005121,AST-05121,2026-09-02 04:58:14,False,6,3,False,0,17,False,0.15,8.4
EDR-005122,AST-05122,2026-08-08 15:58:14,False,4,3,False,0,18,False,0.43,8.9
EDR-005123,AST-05123,2026-08-18 06:58:14,False,1,4,False,0,7,False,0.27,9.3
EDR-005124,AST-05124,2026-08-26 02:58:14,False,3,18,False,0,13,False,0.31,7.9
EDR-005125,AST-05125,2026-08-16 16:58:14,False,0,16,False,0,12,False,0.28,8.2
EDR-005126,AST-05126,2026-08-06 21:58:14,False,8,13,False,0,30,False,0.7,6.7
EDR-005127,AST-05127,2026-08-18 08:58:14,False,9,13,False,0,31,False,0.79,6.5
EDR-005128,AST-05128,2026-08-22 22:58:14,False,1,2,False,0,39,False,0.6,9.6
EDR-005129,AST-05129,2026-08-13 16:58:14,False,5,16,False,0,44,False,0.4,7.2
EDR-005130,AST-05130,2026-08-11 00:58:14,False,0,12,False,0,7,False,0.13,8.7
EDR-005131,AST-05131,2026-08-06 15:58:14,False,10,7,False,0,0,False,0.12,7.6
EDR-005132,AST-05132,2026-08-09 06:58:14,False,9,5,False,0,30,False,0.31,7.5
EDR-005133,AST-05133,2026-08-10 16:58:14,False,3,15,False,0,14,False,0.51,8.1
EDR-005134,AST-05134,2026-08-31 00:58:14,False,1,13,False,0,40,False,0.23,8.0
EDR-005135,AST-05135,2026-08-11 22:58:14,False,1,3,False,0,11,False,0.74,9.2
EDR-005136,AST-05136,2026-08-27 02:58:14,True,5,14,False,3,30,False,0.78,5.8
EDR-005137,AST-05137,2026-08-27 09:58:14,False,9,17,False,0,10,False,0.45,6.9
EDR-005138,AST-05138,2026-08-29 12:58:14,False,9,14,False,0,4,False,0.41,6.3
EDR-005139,AST-05139,2026-09-03 18:58:14,False,9,5,False,0,11,False,0.58,8.0
EDR-005140,AST-05140,2026-08-11 04:58:14,False,4,11,False,0,39,False,0.37,7.7
EDR-005141,AST-05141,2026-08-07 21:58:14,False,6,14,False,0,25,False,0.36,7.4
EDR-005142,AST-05142,2026-09-01 15:58:14,False,1,13,False,0,18,False,0.58,8.7
EDR-005143,AST-05143,2026-08-30 03:58:14,False,8,15,False,0,6,False,0.8,7.3
EDR-005144,AST-05144,2026-08-07 16:58:14,False,4,9,False,0,34,False,0.71,8.6
EDR-005145,AST-05145,2026-08-10 13:58:14,False,10,20,False,0,3,False,0.47,5.6
EDR-005146,AST-05146,2026-08-27 10:58:14,False,3,7,True,0,15,False,0.36,5.8
EDR-005147,AST-05147,2026-08-27 03:58:14,False,5,16,False,0,11,False,0.46,7.0
EDR-005148,AST-05148,2026-08-18 21:58:14,False,4,13,False,0,14,False,0.76,8.2
EDR-005149,AST-05149,2026-08-20 08:58:14,False,0,0,False,0,37,False,0.67,10
EDR-005150,AST-05150,2026-08-10 05:58:14,False,2,10,False,0,48,False,0.56,8.5
EDR-005151,AST-05151,2026-08-18 05:58:14,False,4,19,False,0,1,False,0.48,7.1
EDR-005152,AST-05152,2026-08-25 20:58:14,False,10,13,False,0,27,False,0.28,6.9
EDR-005153,AST-05153,2026-08-09 16:58:14,False,9,8,False,0,37,False,0.41,7.3
EDR-005154,AST-05154,2026-08-16 21:58:14,False,3,17,False,0,16,False,0.55,8.0
EDR-005155,AST-05155,2026-08-10 09:58:14,False,7,0,False,0,42,False,0.23,9.1
EDR-005156,AST-05156,2026-08-19 19:58:14,False,0,12,False,0,46,False,0.59,8.3
EDR-005157,AST-05157,2026-08-29 07:58:14,False,1,18,False,0,48,False,0.49,8.1
EDR-005158,AST-05158,2026-08-12 12:58:14,False,2,16,False,0,17,False,0.28,7.8
EDR-005159,AST-05159,2026-08-10 04:58:14,False,6,3,False,0,9,False,0.45,8.2
EDR-005160,AST-05160,2026-08-12 11:58:14,False,10,19,False,0,1,False,0.34,5.8
EDR-005161,AST-05161,2026-08-17 11:58:14,False,0,19,False,0,46,False,0.26,7.9
EDR-005162,AST-05162,2026-08-24 12:58:14,False,3,20,False,0,21,False,0.32,7.7
EDR-005163,AST-05163,2026-09-04 13:58:14,False,6,19,False,0,42,False,0.46,6.6
EDR-005164,AST-05164,2026-08-09 09:58:14,False,0,0,False,0,18,False,0.58,10
EDR-005165,AST-05165,2026-08-14 17:58:14,False,0,5,False,0,49,False,0.51,9.1
EDR-005166,AST-05166,2026-08-23 05:58:14,True,0,17,False,0,14,True,0.84,5.9
EDR-005167,AST-05167,2026-08-17 19:58:14,False,5,0,False,0,36,False,0.29,8.7
EDR-005168,AST-05168,2026-08-14 08:58:14,False,6,14,False,0,50,False,0.33,7.8
EDR-005169,AST-05169,2026-08-07 03:58:14,False,8,13,False,0,29,False,0.41,6.8
EDR-005170,AST-05170,2026-09-02 01:58:14,False,6,2,False,0,33,False,0.2,8.9
EDR-005171,AST-05171,2026-08-18 14:58:14,False,5,16,False,0,32,False,0.25,7.6
EDR-005172,AST-05172,2026-08-30 11:58:14,False,2,10,False,0,21,False,0.12,8.1
EDR-005173,AST-05173,2026-09-03 03:58:14,False,6,0,False,0,22,False,0.64,8.5
EDR-005174,AST-05174,2026-08-16 12:58:14,False,1,6,False,0,32,False,0.59,9.7
EDR-005175,AST-05175,2026-08-31 03:58:14,False,2,11,False,0,49,False,0.37,8.9
EDR-005176,AST-05176,2026-08-06 12:58:14,False,0,12,True,0,47,False,0.68,5.7
EDR-005177,AST-05177,2026-08-16 09:58:14,False,5,16,False,0,42,False,0.77,7.5
EDR-005178,AST-05178,2026-08-22 03:58:14,False,7,18,False,0,12,False,0.21,6.5
EDR-005179,AST-05179,2026-09-01 23:58:14,False,10,0,False,0,29,False,0.53,8.1
EDR-005180,AST-05180,2026-08-23 20:58:14,False,7,3,False,0,44,False,0.12,8.2
EDR-005181,AST-05181,2026-08-27 05:58:14,False,4,4,False,0,2,False,0.5,9.2
EDR-005182,AST-05182,2026-08-22 14:58:14,False,1,2,False,0,33,False,0.14,9.5
EDR-005183,AST-05183,2026-08-26 13:58:14,False,1,5,False,0,7,False,0.74,8.9
EDR-005184,AST-05184,2026-09-02 23:58:14,False,4,10,True,0,7,False,0.16,5.6
EDR-005185,AST-05185,2026-08-09 02:58:14,False,9,14,False,0,45,False,0.18,7.0
EDR-005186,AST-05186,2026-08-16 04:58:14,False,0,1,True,0,34,False,0.51,7.0
EDR-005187,AST-05187,2026-09-03 01:58:14,False,5,9,False,0,46,False,0.62,8.0
EDR-005188,AST-05188,2026-09-03 22:58:14,False,1,16,False,0,47,False,0.6,8.4
EDR-005189,AST-05189,2026-08-17 19:58:14,False,8,9,False,0,28,False,0.59,7.6
EDR-005190,AST-05190,2026-08-20 10:58:14,False,8,14,False,0,22,False,0.11,6.7
EDR-005191,AST-05191,2026-08-13 11:58:14,False,10,20,False,0,31,False,0.26,6.2
EDR-005192,AST-05192,2026-08-17 07:58:14,False,7,19,False,0,27,False,0.4,6.5
EDR-005193,AST-05193,2026-08-07 07:58:14,False,9,13,False,0,47,False,0.7,7.1
EDR-005194,AST-05194,2026-08-11 03:58:14,False,9,5,False,0,45,False,0.19,7.5
EDR-005195,AST-05195,2026-08-08 21:58:14,False,7,17,False,0,40,False,0.44,6.8
EDR-005196,AST-05196,2026-08-28 07:58:14,False,1,1,False,0,36,False,0.41,9.6
EDR-005197,AST-05197,2026-09-03 02:58:14,False,6,11,False,0,13,False,0.49,7.6
EDR-005198,AST-05198,2026-08-17 12:58:14,False,4,5,False,0,41,False,0.51,9.1
EDR-005199,AST-05199,2026-09-03 01:58:14,False,7,12,False,0,0,False,0.14,7.6
EDR-005200,AST-05200,2026-08-14 04:58:14,False,1,8,False,0,49,False,0.43,9.2
EDR-005201,AST-05201,2026-09-02 03:58:14,False,10,5,False,0,11,False,0.16,7.8
EDR-005202,AST-05202,2026-08-14 11:58:14,False,0,9,False,0,44,False,0.49,9.2
EDR-005203,AST-05203,2026-08-28 15:58:14,False,4,20,False,0,13,False,0.7,7.0
EDR-005204,AST-05204,2026-08-25 22:58:14,False,4,11,False,0,41,False,0.36,8.0
EDR-005205,AST-05205,2026-08-23 20:58:14,False,6,14,False,0,10,False,0.32,7.1
EDR-005206,AST-05206,2026-08-15 04:58:14,False,5,16,False,0,2,False,0.33,7.8
EDR-005207,AST-05207,2026-09-01 03:58:14,False,3,5,False,0,5,False,0.61,9.2
EDR-005208,AST-05208,2026-09-02 09:58:14,False,4,9,False,0,41,False,0.41,8.4
EDR-005209,AST-05209,2026-08-07 03:58:14,False,2,11,False,0,24,False,0.8,8.2
EDR-005210,AST-05210,2026-08-21 17:58:14,False,8,0,False,0,26,False,0.22,8.6
EDR-005211,AST-05211,2026-09-02 22:58:14,False,2,19,False,0,5,False,0.39,7.4
EDR-005212,AST-05212,2026-08-19 05:58:14,False,5,10,False,0,45,False,0.32,8.3
EDR-005213,AST-05213,2026-08-30 20:58:14,False,3,13,False,0,13,False,0.41,7.9
EDR-005214,AST-05214,2026-08-13 23:58:14,False,4,10,False,0,41,False,0.73,7.8
EDR-005215,AST-05215,2026-08-10 21:58:14,False,2,1,False,0,50,False,0.24,9.9
EDR-005216,AST-05216,2026-08-20 02:58:14,False,3,6,False,0,31,False,0.7,8.5
EDR-005217,AST-05217,2026-09-01 19:58:14,False,7,19,False,0,39,False,0.14,6.5
EDR-005218,AST-05218,2026-09-02 16:58:14,False,3,4,False,0,29,False,0.66,8.8
EDR-005219,AST-05219,2026-08-17 22:58:14,True,4,17,False,3,28,True,0.87,5.9
EDR-005220,AST-05220,2026-08-07 15:58:14,False,7,5,False,0,15,False,0.46,7.8
EDR-005221,AST-05221,2026-08-22 16:58:14,False,4,12,True,0,4,False,0.46,4.5
EDR-005222,AST-05222,2026-08-07 14:58:14,False,3,6,False,0,1,False,0.14,9.2
EDR-005223,AST-05223,2026-09-01 21:58:14,False,2,15,False,0,10,False,0.58,8.3
EDR-005224,AST-05224,2026-08-17 12:58:14,False,5,4,False,0,6,False,0.47,8.9
EDR-005225,AST-05225,2026-08-13 16:58:14,False,7,13,False,0,50,False,0.45,7.4
EDR-005226,AST-05226,2026-08-25 14:58:14,True,4,18,False,1,31,True,0.86,5.1
EDR-005227,AST-05227,2026-08-24 03:58:14,False,5,5,False,0,45,False,0.45,8.2
EDR-005228,AST-05228,2026-08-18 20:58:14,False,4,2,False,0,8,False,0.77,8.7
EDR-005229,AST-05229,2026-08-12 02:58:14,False,3,10,False,0,4,False,0.18,8.1
EDR-005230,AST-05230,2026-08-17 00:58:14,False,10,19,False,0,15,False,0.15,6.3
EDR-005231,AST-05231,2026-08-18 18:58:14,False,7,6,False,0,39,False,0.21,7.6
EDR-005232,AST-05232,2026-09-04 00:58:14,False,3,17,False,0,24,False,0.78,7.4
EDR-005233,AST-05233,2026-08-25 19:58:14,False,3,13,False,0,42,False,0.28,8.0
EDR-005234,AST-05234,2026-09-04 05:58:14,False,10,2,False,0,26,False,0.18,8.1
EDR-005235,AST-05235,2026-08-09 09:58:14,False,9,12,False,0,21,False,0.36,6.7
EDR-005236,AST-05236,2026-08-25 09:58:14,False,2,3,False,0,49,False,0.59,9.6
EDR-005237,AST-05237,2026-09-01 09:58:14,False,4,9,False,0,5,False,0.48,8.2
EDR-005238,AST-05238,2026-08-21 16:58:14,False,7,3,False,0,22,False,0.11,8.3
EDR-005239,AST-05239,2026-08-25 16:58:14,False,7,0,False,0,44,False,0.56,9.0
EDR-005240,AST-05240,2026-08-27 23:58:14,True,8,11,False,0,2,True,0.83,5.5
EDR-005241,AST-05241,2026-08-13 13:58:14,False,7,3,False,0,28,False,0.42,8.2
EDR-005242,AST-05242,2026-08-09 07:58:14,False,8,0,False,0,17,False,0.32,8.7
EDR-005243,AST-05243,2026-08-28 12:58:14,False,8,14,False,0,8,False,0.33,6.9
EDR-005244,AST-05244,2026-08-07 13:58:14,False,8,10,False,0,27,False,0.5,7.1
EDR-005245,AST-05245,2026-09-02 16:58:14,True,8,15,False,0,50,True,0.66,4.8
EDR-005246,AST-05246,2026-08-26 13:58:14,False,5,20,False,0,39,False,0.67,7.0
EDR-005247,AST-05247,2026-08-15 19:58:14,False,2,5,False,0,15,False,0.44,8.8
EDR-005248,AST-05248,2026-08-18 12:58:14,False,7,16,False,0,22,False,0.39,7.1
EDR-005249,AST-05249,2026-08-15 15:58:14,True,1,9,False,0,1,True,0.68,6.7
EDR-005250,AST-05250,2026-08-15 04:58:14,False,7,12,False,0,44,False,0.56,7.8
EDR-005251,AST-05251,2026-08-16 08:58:14,False,4,2,False,0,23,False,0.6,9.0
EDR-005252,AST-05252,2026-08-23 04:58:14,False,4,12,False,0,41,False,0.18,7.6
EDR-005253,AST-05253,2026-08-18 12:58:14,False,10,2,False,0,31,False,0.13,7.4
EDR-005254,AST-05254,2026-08-21 05:58:14,True,4,13,False,2,30,True,0.73,6.0
EDR-005255,AST-05255,2026-08-08 12:58:14,False,5,6,False,0,6,False,0.13,8.6
EDR-005256,AST-05256,2026-08-08 03:58:14,False,8,11,False,0,17,False,0.56,7.0
EDR-005257,AST-05257,2026-08-06 20:58:14,False,10,8,False,0,28,False,0.32,7.4
EDR-005258,AST-05258,2026-08-18 14:58:14,False,3,13,False,0,48,False,0.64,8.4
EDR-005259,AST-05259,2026-08-20 04:58:14,False,4,7,False,0,15,False,0.25,8.6
EDR-005260,AST-05260,2026-08-16 03:58:14,False,9,9,False,0,14,False,0.36,7.2
EDR-005261,AST-05261,2026-08-06 12:58:14,False,8,8,False,0,22,False,0.5,7.6
EDR-005262,AST-05262,2026-08-11 06:58:14,False,8,18,False,0,27,False,0.76,6.4
EDR-005263,AST-05263,2026-08-27 20:58:14,False,8,1,False,0,3,False,0.42,8.0
EDR-005264,AST-05264,2026-08-28 20:58:14,False,6,20,False,0,21,False,0.24,7.2
EDR-005265,AST-05265,2026-08-19 19:58:14,False,10,12,False,0,12,False,0.57,6.4
EDR-005266,AST-05266,2026-08-12 17:58:14,False,5,12,False,0,15,False,0.61,7.7
EDR-005267,AST-05267,2026-08-27 13:58:14,False,6,15,False,0,48,False,0.25,7.3
EDR-005268,AST-05268,2026-08-09 17:58:14,False,7,11,False,0,47,False,0.44,7.8
EDR-005269,AST-05269,2026-08-09 10:58:14,False,0,8,False,0,40,False,0.73,9.2
EDR-005270,AST-05270,2026-08-06 08:58:14,False,9,7,False,0,14,False,0.21,7.5
EDR-005271,AST-05271,2026-08-23 11:58:14,False,4,5,False,0,33,False,0.33,8.3
EDR-005272,AST-05272,2026-09-03 03:58:14,False,5,2,False,0,48,False,0.24,8.7
EDR-005273,AST-05273,2026-08-20 07:58:14,False,6,17,False,0,0,False,0.74,7.4
EDR-005274,AST-05274,2026-08-28 02:58:14,False,7,0,False,0,39,False,0.73,8.5
EDR-005275,AST-05275,2026-08-09 19:58:14,False,10,14,False,0,16,False,0.39,6.8
EDR-005276,AST-05276,2026-09-04 05:58:14,False,9,4,False,0,19,False,0.26,7.6
EDR-005277,AST-05277,2026-09-04 09:58:14,False,1,0,False,0,14,False,0.78,9.8
EDR-005278,AST-05278,2026-08-11 05:58:14,False,1,18,False,0,12,False,0.44,8.4
EDR-005279,AST-05279,2026-08-14 02:58:14,False,3,1,False,0,24,False,0.29,9.5
EDR-005280,AST-05280,2026-08-07 18:58:14,False,4,19,False,0,49,False,0.5,7.7
EDR-005281,AST-05281,2026-08-27 13:58:14,False,1,3,False,0,44,False,0.49,9.6
EDR-005282,AST-05282,2026-08-17 13:58:14,False,4,4,False,0,44,False,0.61,9.2
EDR-005283,AST-05283,2026-08-11 21:58:14,False,9,18,True,0,8,False,0.15,3.4
EDR-005284,AST-05284,2026-08-19 13:58:14,False,1,7,False,0,43,False,0.7,9.3
EDR-005285,AST-05285,2026-08-06 07:58:14,False,9,16,False,0,19,False,0.56,6.3
EDR-005286,AST-05286,2026-09-04 10:58:14,False,3,19,False,0,24,False,0.41,7.7
EDR-005287,AST-05287,2026-09-02 04:58:14,False,1,14,False,0,9,False,0.65,8.3
EDR-005288,AST-05288,2026-08-13 15:58:14,False,10,14,False,0,35,False,0.19,6.9
EDR-005289,AST-05289,2026-08-26 18:58:14,False,10,11,False,0,23,False,0.27,6.6
EDR-005290,AST-05290,2026-08-08 00:58:14,False,7,10,False,0,21,False,0.44,7.3
EDR-005291,AST-05291,2026-08-31 19:58:14,True,3,0,False,3,50,True,0.64,7.4
EDR-005292,AST-05292,2026-08-18 23:58:14,False,5,5,False,0,27,False,0.28,8.4
EDR-005293,AST-05293,2026-08-11 20:58:14,False,6,9,False,0,28,False,0.5,7.5
EDR-005294,AST-05294,2026-08-23 13:58:14,False,3,9,False,0,47,False,0.55,8.1
EDR-005295,AST-05295,2026-08-13 01:58:14,False,5,10,False,0,23,False,0.17,7.9
EDR-005296,AST-05296,2026-08-16 20:58:14,False,1,16,False,0,28,False,0.79,8.3
EDR-005297,AST-05297,2026-08-07 16:58:14,False,7,14,False,0,21,False,0.39,6.9
EDR-005298,AST-05298,2026-08-28 17:58:14,False,0,18,False,0,39,False,0.65,8.1
EDR-005299,AST-05299,2026-08-19 20:58:14,False,5,18,False,0,29,False,0.28,6.9
EDR-005300,AST-05300,2026-08-31 19:58:14,False,0,18,False,0,37,False,0.58,7.9
EDR-005301,AST-05301,2026-08-10 16:58:14,False,10,10,False,0,20,False,0.22,7.1
EDR-005302,AST-05302,2026-08-26 19:58:14,False,8,2,False,0,46,False,0.4,8.2
EDR-005303,AST-05303,2026-08-08 06:58:14,False,5,9,False,0,27,False,0.37,8.1
EDR-005304,AST-05304,2026-08-25 12:58:14,False,10,16,False,0,29,False,0.47,5.9
EDR-005305,AST-05305,2026-08-20 21:58:14,False,3,20,False,0,22,False,0.13,7.1
EDR-005306,AST-05306,2026-08-20 12:58:14,False,5,3,False,0,47,False,0.66,8.8
EDR-005307,AST-05307,2026-08-10 05:58:14,False,5,9,False,0,38,False,0.35,8.1
EDR-005308,AST-05308,2026-09-03 14:58:14,False,2,3,False,0,44,False,0.57,9.3
EDR-005309,AST-05309,2026-08-29 05:58:14,False,9,16,False,0,7,False,0.27,6.2
EDR-005310,AST-05310,2026-08-12 03:58:14,False,2,18,False,0,49,False,0.6,7.9
EDR-005311,AST-05311,2026-08-09 15:58:14,False,1,2,False,0,42,False,0.48,9.5
EDR-005312,AST-05312,2026-09-01 23:58:14,False,9,16,True,0,27,False,0.28,4.0
EDR-005313,AST-05313,2026-08-15 07:58:14,False,0,4,False,0,4,False,0.48,9.1
EDR-005314,AST-05314,2026-08-26 07:58:14,False,5,7,False,0,46,False,0.63,8.4
EDR-005315,AST-05315,2026-08-26 13:58:14,False,2,15,False,0,19,False,0.43,7.9
EDR-005316,AST-05316,2026-08-26 08:58:14,False,3,13,False,0,17,False,0.41,8.1
EDR-005317,AST-05317,2026-08-20 02:58:14,False,4,3,False,0,20,False,0.72,8.7
EDR-005318,AST-05318,2026-08-09 17:58:14,False,3,4,False,0,19,False,0.29,9.2
EDR-005319,AST-05319,2026-08-21 05:58:14,False,0,3,False,0,29,False,0.58,9.8
EDR-005320,AST-05320,2026-08-08 18:58:14,False,2,17,False,0,49,False,0.25,7.6
EDR-005321,AST-05321,2026-08-29 09:58:14,False,9,7,False,0,26,False,0.72,7.7
EDR-005322,AST-05322,2026-09-02 09:58:14,False,1,12,False,0,0,False,0.46,8.7
EDR-005323,AST-05323,2026-08-21 23:58:14,False,10,19,False,0,28,False,0.26,5.7
EDR-005324,AST-05324,2026-08-27 09:58:14,False,10,20,False,0,20,False,0.41,6.0
EDR-005325,AST-05325,2026-08-15 07:58:14,False,1,3,False,0,46,False,0.29,9.5
EDR-005326,AST-05326,2026-08-08 11:58:14,False,5,17,False,0,42,False,0.6,7.4
EDR-005327,AST-05327,2026-09-04 09:58:14,False,3,9,False,0,33,False,0.38,8.4
EDR-005328,AST-05328,2026-09-01 08:58:14,False,10,6,False,0,34,False,0.3,7.1
EDR-005329,AST-05329,2026-08-15 15:58:14,False,7,5,False,0,7,False,0.33,8.5
EDR-005330,AST-05330,2026-08-10 03:58:14,False,10,12,False,0,50,False,0.36,7.1
EDR-005331,AST-05331,2026-08-13 01:58:14,True,10,13,False,3,39,False,0.93,4.4
EDR-005332,AST-05332,2026-08-16 02:58:14,False,3,17,False,0,37,False,0.73,7.5
EDR-005333,AST-05333,2026-09-02 00:58:14,False,6,20,False,0,7,False,0.28,7.3
EDR-005334,AST-05334,2026-08-18 20:58:14,True,10,12,False,1,43,False,0.71,4.4
EDR-005335,AST-05335,2026-08-31 18:58:14,False,7,20,False,0,10,False,0.48,7.0
EDR-005336,AST-05336,2026-08-22 21:58:14,False,0,16,False,0,15,False,0.18,8.5
EDR-005337,AST-05337,2026-08-14 15:58:14,False,1,2,False,0,1,False,0.3,9.9
EDR-005338,AST-05338,2026-09-02 20:58:14,False,6,10,False,0,38,False,0.46,8.1
EDR-005339,AST-05339,2026-08-13 17:58:14,False,4,12,False,0,5,False,0.28,8.5
EDR-005340,AST-05340,2026-08-18 09:58:14,False,1,20,False,0,16,False,0.19,7.9
EDR-005341,AST-05341,2026-09-03 18:58:14,False,6,7,False,0,35,False,0.69,8.2
EDR-005342,AST-05342,2026-09-03 12:58:14,False,3,18,False,0,11,False,0.15,7.9
EDR-005343,AST-05343,2026-08-31 08:58:14,False,0,11,False,0,49,False,0.44,9.2
EDR-005344,AST-05344,2026-08-18 13:58:14,False,9,14,False,0,6,False,0.66,7.1
EDR-005345,AST-05345,2026-08-15 09:58:14,False,0,12,False,0,32,False,0.69,8.8
EDR-005346,AST-05346,2026-08-26 18:58:14,False,0,1,False,0,37,False,0.72,10
EDR-005347,AST-05347,2026-08-10 05:58:14,False,4,2,False,0,49,False,0.72,9.0
EDR-005348,AST-05348,2026-08-25 22:58:14,False,6,2,True,0,36,False,0.79,5.8
EDR-005349,AST-05349,2026-08-07 21:58:14,False,9,6,False,0,8,False,0.28,7.8
EDR-005350,AST-05350,2026-08-11 10:58:14,False,7,12,False,0,48,False,0.61,7.8
EDR-005351,AST-05351,2026-08-28 18:58:14,False,0,1,False,0,35,False,0.58,9.7
EDR-005352,AST-05352,2026-08-15 23:58:14,False,4,7,False,0,42,False,0.11,8.0
EDR-005353,AST-05353,2026-08-24 19:58:14,False,6,1,False,0,23,False,0.17,8.7
EDR-005354,AST-05354,2026-08-12 11:58:14,False,10,9,False,0,38,False,0.42,7.3
EDR-005355,AST-05355,2026-08-25 06:58:14,False,3,9,False,0,6,False,0.21,8.8
EDR-005356,AST-05356,2026-08-29 19:58:14,False,4,11,False,0,0,False,0.78,8.4
EDR-005357,AST-05357,2026-08-31 06:58:14,False,0,16,False,0,25,False,0.28,8.6
EDR-005358,AST-05358,2026-08-25 13:58:14,False,7,11,False,0,45,False,0.25,7.7
EDR-005359,AST-05359,2026-08-08 22:58:14,False,6,14,False,0,20,False,0.24,7.8
EDR-005360,AST-05360,2026-08-17 17:58:14,False,2,11,False,0,28,False,0.77,8.5
EDR-005361,AST-05361,2026-08-27 12:58:14,False,7,14,False,0,11,False,0.78,6.8
EDR-005362,AST-05362,2026-08-13 04:58:14,False,4,7,False,0,15,False,0.39,8.5
EDR-005363,AST-05363,2026-08-21 11:58:14,False,8,2,False,0,16,False,0.42,8.1
EDR-005364,AST-05364,2026-08-12 18:58:14,False,1,11,False,0,5,False,0.58,8.8
EDR-005365,AST-05365,2026-08-08 04:58:14,False,8,18,True,0,32,False,0.71,3.9
EDR-005366,AST-05366,2026-08-14 23:58:14,False,4,6,False,0,28,False,0.68,8.4
EDR-005367,AST-05367,2026-08-27 12:58:14,False,3,3,False,0,9,False,0.74,9.4
EDR-005368,AST-05368,2026-08-16 09:58:14,False,0,1,False,0,41,False,0.19,10
EDR-005369,AST-05369,2026-09-03 05:58:14,False,8,9,False,0,28,False,0.16,7.3
EDR-005370,AST-05370,2026-08-29 05:58:14,False,4,18,False,0,45,False,0.71,7.9
EDR-005371,AST-05371,2026-08-29 05:58:14,False,9,2,False,0,25,False,0.7,7.5
EDR-005372,AST-05372,2026-08-31 08:58:14,False,1,15,False,0,23,False,0.51,8.7
EDR-005373,AST-05373,2026-08-09 06:58:14,False,3,18,False,0,46,False,0.33,7.6
EDR-005374,AST-05374,2026-08-23 15:58:14,False,8,4,False,0,49,False,0.41,8.4
EDR-005375,AST-05375,2026-08-09 12:58:14,True,9,12,False,2,41,True,0.89,5.0
EDR-005376,AST-05376,2026-08-30 08:58:14,False,2,4,False,0,18,False,0.75,9.5
EDR-005377,AST-05377,2026-08-30 10:58:14,False,4,2,False,0,25,False,0.28,9.1
EDR-005378,AST-05378,2026-08-27 17:58:14,False,1,8,False,0,36,False,0.63,8.7
EDR-005379,AST-05379,2026-08-14 08:58:14,False,8,14,False,0,31,False,0.77,6.5
EDR-005380,AST-05380,2026-08-27 15:58:14,False,6,16,False,0,30,False,0.52,7.7
EDR-005381,AST-05381,2026-08-14 01:58:14,False,8,4,False,0,18,False,0.15,8.1
EDR-005382,AST-05382,2026-08-29 09:58:14,True,5,11,False,2,40,False,0.69,5.5
EDR-005383,AST-05383,2026-08-17 19:58:14,False,10,0,False,0,1,False,0.16,7.7
EDR-005384,AST-05384,2026-09-02 18:58:14,False,4,10,False,0,30,False,0.36,8.1
EDR-005385,AST-05385,2026-08-27 11:58:14,False,2,9,False,0,37,False,0.63,8.5
EDR-005386,AST-05386,2026-08-24 17:58:14,False,10,16,False,0,34,False,0.54,6.8
EDR-005387,AST-05387,2026-08-21 09:58:14,False,10,15,False,0,38,False,0.66,6.7
EDR-005388,AST-05388,2026-09-03 13:58:14,False,2,20,False,0,21,False,0.76,8.0
EDR-005389,AST-05389,2026-08-22 11:58:14,True,1,7,False,1,28,True,0.74,7.5
EDR-005390,AST-05390,2026-08-12 09:58:14,False,7,1,False,0,40,False,0.61,8.8
EDR-005391,AST-05391,2026-08-26 13:58:14,False,8,12,True,0,32,False,0.47,4.0
EDR-005392,AST-05392,2026-08-18 11:58:14,False,10,8,False,0,4,False,0.63,6.7
EDR-005393,AST-05393,2026-08-07 09:58:14,False,10,19,False,0,43,False,0.13,5.7
EDR-005394,AST-05394,2026-08-07 10:58:14,False,6,18,False,0,7,False,0.34,6.8
EDR-005395,AST-05395,2026-09-02 13:58:14,False,1,0,True,0,29,False,0.29,6.5
EDR-005396,AST-05396,2026-08-24 23:58:14,False,7,16,False,0,33,False,0.8,6.5
EDR-005397,AST-05397,2026-08-28 22:58:14,False,10,2,False,0,19,False,0.31,8.0
EDR-005398,AST-05398,2026-08-07 04:58:14,False,2,18,False,0,22,False,0.47,7.6
EDR-005399,AST-05399,2026-08-26 17:58:14,False,0,14,False,0,25,False,0.21,8.4
EDR-005400,AST-05400,2026-08-15 12:58:14,False,7,7,False,0,40,False,0.67,7.9
EDR-005401,AST-05401,2026-08-30 06:58:14,False,8,17,False,0,0,False,0.27,6.9
EDR-005402,AST-05402,2026-09-01 15:58:14,False,3,2,False,0,7,False,0.43,8.9
EDR-005403,AST-05403,2026-08-23 06:58:14,False,7,3,False,0,36,False,0.68,8.4
EDR-005404,AST-05404,2026-08-15 05:58:14,False,7,9,False,0,29,False,0.51,8.1
EDR-005405,AST-05405,2026-08-13 18:58:14,False,2,1,False,0,49,False,0.45,9.2
EDR-005406,AST-05406,2026-08-12 20:58:14,False,8,13,False,0,11,False,0.69,7.3
EDR-005407,AST-05407,2026-08-18 13:58:14,False,0,2,False,0,27,False,0.74,9.8
EDR-005408,AST-05408,2026-08-08 12:58:14,False,4,5,False,0,11,False,0.15,8.7
EDR-005409,AST-05409,2026-08-20 02:58:14,False,5,0,False,0,48,False,0.71,8.9
EDR-005410,AST-05410,2026-08-22 22:58:14,False,1,13,False,0,35,False,0.4,8.1
EDR-005411,AST-05411,2026-08-26 06:58:14,False,9,12,False,0,45,False,0.38,7.4
EDR-005412,AST-05412,2026-08-23 14:58:14,True,7,5,False,1,6,True,0.92,6.2
EDR-005413,AST-05413,2026-08-17 15:58:14,False,1,11,False,0,34,False,0.27,8.8
EDR-005414,AST-05414,2026-08-30 09:58:14,False,1,19,False,0,31,False,0.33,7.9
EDR-005415,AST-05415,2026-08-16 21:58:14,False,10,2,False,0,46,False,0.68,7.6
EDR-005416,AST-05416,2026-08-14 11:58:14,False,3,20,False,0,8,False,0.53,6.9
EDR-005417,AST-05417,2026-08-18 07:58:14,False,9,6,False,0,35,False,0.24,7.8
EDR-005418,AST-05418,2026-08-18 23:58:14,False,3,19,False,0,17,False,0.71,7.7
EDR-005419,AST-05419,2026-08-26 00:58:14,False,5,13,False,0,47,False,0.67,7.4
EDR-005420,AST-05420,2026-08-29 22:58:14,False,6,10,False,0,7,False,0.52,7.6
EDR-005421,AST-05421,2026-08-24 15:58:14,False,7,19,False,0,32,False,0.6,7.1
EDR-005422,AST-05422,2026-09-01 15:58:14,False,1,6,False,0,39,False,0.46,9.1
EDR-005423,AST-05423,2026-09-01 11:58:14,False,5,5,False,0,15,False,0.16,8.3
EDR-005424,AST-05424,2026-08-13 15:58:14,False,3,8,False,0,25,False,0.76,8.9
EDR-005425,AST-05425,2026-08-23 09:58:14,True,9,8,False,1,28,False,0.71,4.9
EDR-005426,AST-05426,2026-08-26 21:58:14,False,8,15,False,0,47,False,0.45,7.0
EDR-005427,AST-05427,2026-09-02 01:58:14,False,10,10,False,0,13,False,0.59,6.7
EDR-005428,AST-05428,2026-08-14 07:58:14,False,0,3,False,0,24,False,0.26,10
EDR-005429,AST-05429,2026-08-13 19:58:14,False,10,18,False,0,28,False,0.66,5.7
EDR-005430,AST-05430,2026-08-20 17:58:14,False,2,9,False,0,37,False,0.38,9.0
EDR-005431,AST-05431,2026-08-27 17:58:14,False,4,0,False,0,42,False,0.45,9.5
EDR-005432,AST-05432,2026-08-18 12:58:14,False,6,12,False,0,2,False,0.19,7.3
EDR-005433,AST-05433,2026-08-14 14:58:14,False,10,9,False,0,49,False,0.21,7.2
EDR-005434,AST-05434,2026-08-31 20:58:14,False,8,2,False,0,0,False,0.2,8.7
EDR-005435,AST-05435,2026-08-19 01:58:14,False,3,1,False,0,17,False,0.25,9.1
EDR-005436,AST-05436,2026-08-08 17:58:14,False,7,11,False,0,46,False,0.33,7.4
EDR-005437,AST-05437,2026-08-26 06:58:14,False,7,1,False,0,20,False,0.28,8.8
EDR-005438,AST-05438,2026-08-30 04:58:14,False,0,10,False,0,25,False,0.22,8.6
EDR-005439,AST-05439,2026-08-25 12:58:14,False,2,1,False,0,1,False,0.5,9.8
EDR-005440,AST-05440,2026-08-16 17:58:14,False,0,2,False,0,22,False,0.71,10.0
EDR-005441,AST-05441,2026-08-29 01:58:14,False,3,0,False,0,31,False,0.47,9.4
EDR-005442,AST-05442,2026-08-31 11:58:14,False,2,12,False,0,0,False,0.14,8.5
EDR-005443,AST-05443,2026-08-10 08:58:14,False,9,1,False,0,22,False,0.19,8.1
EDR-005444,AST-05444,2026-08-28 11:58:14,False,6,12,False,0,0,False,0.23,7.4
EDR-005445,AST-05445,2026-08-25 05:58:14,False,0,13,False,0,25,False,0.43,8.4
EDR-005446,AST-05446,2026-08-16 00:58:14,False,8,3,False,0,0,False,0.8,8.0
EDR-005447,AST-05447,2026-08-08 06:58:14,False,7,20,False,0,16,False,0.5,6.4
EDR-005448,AST-05448,2026-08-18 12:58:14,False,10,13,False,0,38,False,0.45,7.2
EDR-005449,AST-05449,2026-08-12 04:58:14,False,9,10,False,0,17,False,0.78,7.5
EDR-005450,AST-05450,2026-09-03 00:58:14,False,7,8,False,0,44,False,0.23,7.3
EDR-005451,AST-05451,2026-08-29 02:58:14,False,9,14,False,0,4,False,0.28,7.2
EDR-005452,AST-05452,2026-08-05 21:58:14,False,5,16,False,0,34,False,0.6,7.6
EDR-005453,AST-05453,2026-08-07 00:58:14,False,9,8,False,0,29,False,0.73,7.1
EDR-005454,AST-05454,2026-08-30 06:58:14,False,7,6,False,0,32,False,0.44,8.2
EDR-005455,AST-05455,2026-08-28 20:58:14,False,9,11,False,0,4,False,0.54,6.8
EDR-005456,AST-05456,2026-08-13 18:58:14,False,5,13,False,0,37,False,0.66,7.3
EDR-005457,AST-05457,2026-08-31 12:58:14,False,8,16,False,0,34,False,0.15,6.7
EDR-005458,AST-05458,2026-08-27 09:58:14,False,3,10,False,0,36,False,0.53,8.8
EDR-005459,AST-05459,2026-08-11 01:58:14,False,4,8,False,0,26,False,0.62,8.0
EDR-005460,AST-05460,2026-08-25 22:58:14,True,5,3,False,0,40,True,0.96,7.2
EDR-005461,AST-05461,2026-08-07 06:58:14,False,6,17,False,0,5,False,0.64,6.9
EDR-005462,AST-05462,2026-08-29 04:58:14,False,4,11,False,0,4,False,0.67,8.4
EDR-005463,AST-05463,2026-08-07 23:58:14,False,1,18,False,0,1,False,0.56,8.5
EDR-005464,AST-05464,2026-08-20 20:58:14,False,2,8,False,0,5,False,0.38,8.9
EDR-005465,AST-05465,2026-08-10 21:58:14,False,2,18,False,0,29,False,0.17,7.7
EDR-005466,AST-05466,2026-08-24 17:58:14,False,9,14,False,0,11,False,0.61,6.7
EDR-005467,AST-05467,2026-08-07 13:58:14,False,10,4,False,0,42,False,0.22,7.7
EDR-005468,AST-05468,2026-08-28 18:58:14,True,5,1,False,3,44,True,0.61,7.1
EDR-005469,AST-05469,2026-08-14 12:58:14,True,5,15,False,0,47,True,0.8,5.7
EDR-005470,AST-05470,2026-08-10 14:58:14,False,5,10,False,0,4,False,0.11,8.3
EDR-005471,AST-05471,2026-08-07 15:58:14,False,7,0,False,0,5,False,0.47,9.0
EDR-005472,AST-05472,2026-08-20 04:58:14,False,3,6,False,0,48,False,0.44,9.1
EDR-005473,AST-05473,2026-08-12 18:58:14,False,5,13,False,0,40,False,0.15,7.5
EDR-005474,AST-05474,2026-08-24 19:58:14,False,4,18,False,0,10,False,0.32,7.4
EDR-005475,AST-05475,2026-08-13 06:58:14,False,10,7,True,0,35,False,0.51,4.2
EDR-005476,AST-05476,2026-08-28 03:58:14,False,5,18,False,0,36,False,0.19,6.9
EDR-005477,AST-05477,2026-08-11 09:58:14,False,3,4,False,0,7,False,0.65,9.5
EDR-005478,AST-05478,2026-08-25 10:58:14,False,5,5,False,0,3,False,0.76,8.2
EDR-005479,AST-05479,2026-08-23 14:58:14,False,0,10,False,0,15,False,0.24,9.0
EDR-005480,AST-05480,2026-08-07 18:58:14,False,4,8,False,0,31,False,0.14,8.5
EDR-005481,AST-05481,2026-08-27 05:58:14,False,6,4,False,0,9,False,0.31,8.4
EDR-005482,AST-05482,2026-08-29 23:58:14,False,5,5,False,0,47,False,0.62,8.3
EDR-005483,AST-05483,2026-08-19 05:58:14,False,0,4,False,0,33,False,0.64,9.9
EDR-005484,AST-05484,2026-08-11 09:58:14,False,2,2,False,0,2,False,0.16,9.4
EDR-005485,AST-05485,2026-08-07 02:58:14,False,0,7,False,0,49,False,0.14,9.7
EDR-005486,AST-05486,2026-08-30 05:58:14,False,4,19,False,0,7,False,0.17,7.2
EDR-005487,AST-05487,2026-09-02 06:58:14,False,2,16,False,0,33,False,0.51,7.9
EDR-005488,AST-05488,2026-08-24 13:58:14,False,7,7,False,0,48,False,0.69,8.1
EDR-005489,AST-05489,2026-08-30 08:58:14,False,4,15,False,0,38,False,0.1,7.5
EDR-005490,AST-05490,2026-08-26 02:58:14,False,8,0,False,0,4,False,0.6,8.7
EDR-005491,AST-05491,2026-09-01 20:58:14,False,9,10,False,0,42,False,0.78,7.2
EDR-005492,AST-05492,2026-08-13 06:58:14,False,10,19,True,0,39,False,0.64,3.5
EDR-005493,AST-05493,2026-08-27 10:58:14,False,4,14,False,0,0,False,0.7,7.5
EDR-005494,AST-05494,2026-08-11 12:58:14,True,0,1,False,2,12,False,0.87,8.1
EDR-005495,AST-05495,2026-08-17 11:58:14,False,0,17,False,0,45,False,0.34,8.8
EDR-005496,AST-05496,2026-08-20 23:58:14,False,9,18,False,0,40,False,0.21,6.0
EDR-005497,AST-05497,2026-08-10 21:58:14,False,10,13,False,0,32,False,0.67,6.4
EDR-005498,AST-05498,2026-08-17 12:58:14,False,0,17,False,0,38,False,0.19,8.0
EDR-005499,AST-05499,2026-08-24 06:58:14,False,1,3,False,0,0,False,0.59,9.1
EDR-005500,AST-05500,2026-08-06 23:58:14,False,9,11,False,0,6,False,0.64,7.0
EDR-005501,AST-05501,2026-08-23 22:58:14,False,3,2,False,0,34,False,0.39,9.1
EDR-005502,AST-05502,2026-08-17 00:58:14,False,0,7,False,0,35,False,0.2,9.5
EDR-005503,AST-05503,2026-08-26 01:58:14,False,1,0,False,0,42,False,0.44,10
EDR-005504,AST-05504,2026-08-18 03:58:14,False,6,4,False,0,39,False,0.5,8.5
EDR-005505,AST-05505,2026-09-01 19:58:14,False,0,12,False,0,10,False,0.78,9.3
EDR-005506,AST-05506,2026-08-26 07:58:14,False,9,18,False,0,17,False,0.57,6.7
EDR-005507,AST-05507,2026-08-13 08:58:14,False,5,12,False,0,40,False,0.6,7.4
EDR-005508,AST-05508,2026-08-11 17:58:14,False,10,19,False,0,11,False,0.22,6.5
EDR-005509,AST-05509,2026-08-31 17:58:14,False,9,15,False,0,15,False,0.54,6.4
EDR-005510,AST-05510,2026-08-29 02:58:14,False,9,14,False,0,35,False,0.21,6.4
EDR-005511,AST-05511,2026-08-12 01:58:14,False,2,12,False,0,46,False,0.7,8.1
EDR-005512,AST-05512,2026-08-06 00:58:14,False,0,16,False,0,48,False,0.55,8.5
EDR-005513,AST-05513,2026-08-11 00:58:14,False,6,15,False,0,36,False,0.72,7.7
EDR-005514,AST-05514,2026-08-09 02:58:14,False,2,20,False,0,17,False,0.64,7.7
EDR-005515,AST-05515,2026-08-23 07:58:14,True,10,12,False,3,19,True,0.73,4.8
EDR-005516,AST-05516,2026-08-17 14:58:14,False,7,20,True,0,10,False,0.56,3.2
EDR-005517,AST-05517,2026-08-24 09:58:14,False,10,14,False,0,12,False,0.61,6.2
EDR-005518,AST-05518,2026-08-24 00:58:14,False,2,2,False,0,21,False,0.13,9.7
EDR-005519,AST-05519,2026-08-13 00:58:14,False,6,3,False,0,20,False,0.23,8.4
EDR-005520,AST-05520,2026-08-11 04:58:14,False,2,7,False,0,48,False,0.2,8.8
EDR-005521,AST-05521,2026-08-07 11:58:14,False,0,1,False,0,44,False,0.37,10
EDR-005522,AST-05522,2026-08-11 21:58:14,False,3,19,False,0,1,False,0.75,7.4
EDR-005523,AST-05523,2026-08-24 14:58:14,False,1,15,False,0,20,False,0.13,8.1
EDR-005524,AST-05524,2026-08-23 11:58:14,False,8,11,False,0,44,False,0.23,7.3
EDR-005525,AST-05525,2026-08-07 17:58:14,False,6,20,False,0,50,False,0.41,7.2
EDR-005526,AST-05526,2026-09-02 01:58:14,False,6,7,False,0,2,False,0.11,8.3
EDR-005527,AST-05527,2026-08-21 04:58:14,False,8,5,False,0,22,False,0.37,7.5
EDR-005528,AST-05528,2026-08-29 20:58:14,False,6,5,False,0,47,False,0.76,7.9
EDR-005529,AST-05529,2026-08-28 10:58:14,False,8,5,False,0,21,False,0.37,8.1
EDR-005530,AST-05530,2026-08-26 22:58:14,False,5,1,False,0,24,False,0.64,9.4
EDR-005531,AST-05531,2026-08-21 01:58:14,False,3,3,False,0,43,False,0.54,8.6
EDR-005532,AST-05532,2026-08-12 11:58:14,False,10,3,False,0,0,False,0.13,7.7
EDR-005533,AST-05533,2026-08-15 08:58:14,False,7,15,False,0,34,False,0.16,7.2
EDR-005534,AST-05534,2026-08-07 14:58:14,False,10,15,False,0,50,False,0.47,6.2
EDR-005535,AST-05535,2026-08-18 18:58:14,False,7,10,False,0,20,False,0.29,7.5
EDR-005536,AST-05536,2026-09-01 16:58:14,False,2,4,True,0,1,False,0.22,6.2
EDR-005537,AST-05537,2026-08-11 19:58:14,False,2,15,False,0,49,False,0.45,8.4
EDR-005538,AST-05538,2026-08-22 03:58:14,False,0,9,False,0,50,False,0.66,8.6
EDR-005539,AST-05539,2026-08-19 12:58:14,False,5,3,False,0,16,False,0.35,8.5
EDR-005540,AST-05540,2026-09-02 03:58:14,False,10,3,False,0,45,False,0.78,7.7
EDR-005541,AST-05541,2026-08-21 08:58:14,True,6,15,False,1,16,True,0.98,5.3
EDR-005542,AST-05542,2026-09-02 23:58:14,False,9,8,False,0,10,False,0.45,7.6
EDR-005543,AST-05543,2026-09-01 16:58:14,False,0,6,False,0,32,False,0.77,9.9
EDR-005544,AST-05544,2026-08-21 09:58:14,False,7,11,False,0,18,False,0.12,7.9
EDR-005545,AST-05545,2026-08-11 15:58:14,False,0,3,False,0,19,False,0.54,9.3
EDR-005546,AST-05546,2026-08-18 09:58:14,False,10,16,False,0,24,False,0.48,6.7
EDR-005547,AST-05547,2026-08-11 03:58:14,False,7,12,False,0,31,False,0.74,7.2
EDR-005548,AST-05548,2026-08-10 21:58:14,False,8,3,False,0,46,False,0.69,8.5
EDR-005549,AST-05549,2026-08-19 21:58:14,False,3,16,False,0,34,False,0.23,7.9
EDR-005550,AST-05550,2026-08-14 12:58:14,False,8,6,False,0,10,False,0.65,7.6
EDR-005551,AST-05551,2026-08-23 12:58:14,False,3,10,False,0,33,False,0.65,8.5
EDR-005552,AST-05552,2026-08-29 15:58:14,False,3,18,False,0,0,False,0.49,7.8
EDR-005553,AST-05553,2026-08-26 02:58:14,False,2,12,False,0,13,False,0.28,8.1
EDR-005554,AST-05554,2026-08-30 09:58:14,False,10,6,False,0,0,False,0.39,7.1
EDR-005555,AST-05555,2026-08-26 15:58:14,False,7,10,False,0,7,False,0.66,7.4
EDR-005556,AST-05556,2026-08-19 05:58:14,False,0,14,False,0,30,False,0.65,8.9
EDR-005557,AST-05557,2026-08-14 01:58:14,False,4,12,False,0,10,False,0.49,8.1
EDR-005558,AST-05558,2026-08-21 04:58:14,True,9,20,False,3,6,True,0.88,4.7
EDR-005559,AST-05559,2026-08-06 22:58:14,False,6,8,False,0,30,False,0.47,8.1
EDR-005560,AST-05560,2026-09-04 07:58:14,False,4,8,False,0,43,False,0.78,8.8
EDR-005561,AST-05561,2026-08-12 03:58:14,False,5,0,False,0,24,False,0.51,9.0
EDR-005562,AST-05562,2026-08-05 20:58:14,False,3,3,False,0,6,False,0.22,9.4
EDR-005563,AST-05563,2026-08-13 09:58:14,False,8,2,False,0,40,False,0.61,7.8
EDR-005564,AST-05564,2026-08-15 18:58:14,False,2,14,False,0,49,False,0.41,8.0
EDR-005565,AST-05565,2026-08-25 18:58:14,False,10,11,False,0,33,False,0.41,6.9
EDR-005566,AST-05566,2026-08-21 07:58:14,True,1,10,False,3,18,False,0.95,6.7
EDR-005567,AST-05567,2026-08-12 20:58:14,False,4,4,False,0,5,False,0.72,8.4
EDR-005568,AST-05568,2026-08-26 23:58:14,False,6,17,False,0,30,False,0.72,7.0
EDR-005569,AST-05569,2026-08-07 06:58:14,False,1,2,False,0,25,False,0.25,9.4
EDR-005570,AST-05570,2026-08-24 11:58:14,False,10,14,False,0,12,False,0.46,6.6
EDR-005571,AST-05571,2026-08-06 16:58:14,False,10,0,False,0,46,False,0.11,7.7
EDR-005572,AST-05572,2026-09-04 14:58:14,False,3,6,False,0,37,False,0.66,9.3
EDR-005573,AST-05573,2026-08-26 23:58:14,False,0,12,False,0,27,False,0.74,8.5
EDR-005574,AST-05574,2026-08-15 17:58:14,False,9,15,False,0,42,False,0.12,6.6
EDR-005575,AST-05575,2026-08-26 23:58:14,False,1,3,False,0,15,False,0.54,10.0
EDR-005576,AST-05576,2026-08-25 15:58:14,False,4,17,False,0,2,False,0.27,7.9
EDR-005577,AST-05577,2026-08-06 03:58:14,False,1,11,False,0,20,False,0.5,9.1
EDR-005578,AST-05578,2026-08-11 17:58:14,False,4,11,False,0,46,False,0.39,7.7
EDR-005579,AST-05579,2026-08-24 16:58:14,False,2,2,False,0,16,False,0.43,9.7
EDR-005580,AST-05580,2026-08-15 08:58:14,False,3,19,False,0,15,False,0.42,7.2
EDR-005581,AST-05581,2026-08-29 19:58:14,False,2,10,False,0,1,False,0.15,8.9
EDR-005582,AST-05582,2026-08-26 17:58:14,False,7,14,False,0,17,False,0.24,7.3
EDR-005583,AST-05583,2026-08-10 03:58:14,False,1,19,False,0,4,False,0.54,8.1
EDR-005584,AST-05584,2026-08-13 08:58:14,False,7,7,False,0,49,False,0.69,8.0
EDR-005585,AST-05585,2026-08-11 21:58:14,False,7,15,False,0,50,False,0.23,7.4
EDR-005586,AST-05586,2026-08-09 07:58:14,False,7,1,False,0,48,False,0.6,8.5
EDR-005587,AST-05587,2026-08-24 15:58:14,False,6,3,False,0,42,False,0.77,8.9
EDR-005588,AST-05588,2026-08-14 21:58:14,False,4,0,False,0,45,False,0.32,9.6
EDR-005589,AST-05589,2026-08-10 04:58:14,False,6,14,False,0,18,False,0.68,7.3
EDR-005590,AST-05590,2026-08-08 23:58:14,False,2,17,False,0,48,False,0.22,8.0
EDR-005591,AST-05591,2026-08-31 10:58:14,False,9,7,False,0,6,False,0.13,7.5
EDR-005592,AST-05592,2026-08-30 10:58:14,False,2,6,False,0,24,False,0.39,9.5
EDR-005593,AST-05593,2026-09-01 05:58:14,False,2,14,False,0,36,False,0.57,8.5
EDR-005594,AST-05594,2026-08-14 17:58:14,False,4,0,False,0,25,False,0.29,9.4
EDR-005595,AST-05595,2026-08-18 12:58:14,False,9,6,False,0,19,False,0.49,7.6
EDR-005596,AST-05596,2026-08-23 11:58:14,False,2,10,False,0,27,False,0.11,8.7
EDR-005597,AST-05597,2026-08-26 17:58:14,False,10,20,False,0,45,False,0.74,5.8
EDR-005598,AST-05598,2026-08-24 01:58:14,False,8,16,False,0,0,False,0.69,7.0
EDR-005599,AST-05599,2026-08-24 03:58:14,False,1,7,False,0,14,False,0.17,8.7
EDR-005600,AST-05600,2026-08-16 02:58:14,False,4,7,False,0,33,False,0.32,8.4
EDR-005601,AST-05601,2026-08-11 05:58:14,False,4,17,False,0,9,False,0.57,7.6
EDR-005602,AST-05602,2026-08-06 00:58:14,False,1,11,False,0,24,False,0.21,9.0
EDR-005603,AST-05603,2026-08-28 22:58:14,False,2,2,False,0,42,False,0.75,9.9
EDR-005604,AST-05604,2026-08-09 20:58:14,False,7,20,False,0,8,False,0.75,6.6
EDR-005605,AST-05605,2026-08-12 09:58:14,False,10,14,False,0,31,False,0.36,6.7
EDR-005606,AST-05606,2026-08-25 17:58:14,False,10,7,False,0,19,False,0.56,6.8
EDR-005607,AST-05607,2026-08-29 22:58:14,False,4,11,True,0,12,False,0.24,5.4
EDR-005608,AST-05608,2026-08-17 08:58:14,False,3,6,False,0,6,False,0.73,8.5
EDR-005609,AST-05609,2026-08-25 12:58:14,False,0,11,False,0,17,False,0.26,8.8
EDR-005610,AST-05610,2026-08-30 00:58:14,False,4,12,False,0,4,False,0.56,8.3
EDR-005611,AST-05611,2026-08-10 14:58:14,False,5,13,False,0,45,False,0.68,8.1
EDR-005612,AST-05612,2026-08-17 20:58:14,False,2,17,False,0,29,False,0.14,8.3
EDR-005613,AST-05613,2026-08-16 10:58:14,False,9,6,False,0,32,False,0.24,7.5
EDR-005614,AST-05614,2026-08-20 12:58:14,False,10,1,False,0,7,False,0.1,7.6
EDR-005615,AST-05615,2026-08-15 03:58:14,False,0,13,False,0,45,False,0.52,8.7
EDR-005616,AST-05616,2026-08-22 19:58:14,False,8,7,False,0,0,False,0.2,8.2
EDR-005617,AST-05617,2026-08-22 21:58:14,False,10,3,False,0,30,False,0.74,7.2
EDR-005618,AST-05618,2026-08-16 21:58:14,False,5,0,False,0,45,False,0.69,9.2
EDR-005619,AST-05619,2026-08-18 05:58:14,False,5,11,False,0,3,False,0.48,8.4
EDR-005620,AST-05620,2026-08-29 15:58:14,False,10,4,False,0,10,False,0.54,7.2
EDR-005621,AST-05621,2026-08-28 00:58:14,False,8,18,False,0,19,False,0.37,6.3
EDR-005622,AST-05622,2026-09-03 01:58:14,False,7,2,False,0,22,False,0.71,8.4
EDR-005623,AST-05623,2026-08-18 09:58:14,False,10,5,False,0,13,False,0.28,7.5
EDR-005624,AST-05624,2026-08-15 09:58:14,False,4,13,False,0,45,False,0.16,8.1
EDR-005625,AST-05625,2026-09-02 18:58:14,False,2,4,False,0,33,False,0.43,9.5
EDR-005626,AST-05626,2026-08-09 15:58:14,False,7,5,False,0,37,False,0.14,8.5
EDR-005627,AST-05627,2026-08-24 12:58:14,False,1,12,False,0,9,False,0.43,9.0
EDR-005628,AST-05628,2026-08-17 13:58:14,False,1,12,False,0,46,False,0.6,8.3
EDR-005629,AST-05629,2026-08-23 08:58:14,False,2,9,False,0,3,False,0.41,8.4
EDR-005630,AST-05630,2026-08-18 19:58:14,False,7,1,False,0,21,False,0.26,8.7
EDR-005631,AST-05631,2026-08-13 01:58:14,False,6,9,False,0,35,False,0.67,8.1
EDR-005632,AST-05632,2026-09-01 03:58:14,False,5,13,False,0,6,False,0.72,7.4
EDR-005633,AST-05633,2026-08-16 16:58:14,False,9,9,False,0,8,False,0.63,7.0
EDR-005634,AST-05634,2026-08-21 19:58:14,False,0,3,False,0,17,False,0.75,10.0
EDR-005635,AST-05635,2026-08-12 03:58:14,False,6,7,False,0,36,False,0.34,8.1
EDR-005636,AST-05636,2026-08-07 09:58:14,False,8,2,False,0,48,False,0.41,8.6
EDR-005637,AST-05637,2026-08-22 10:58:14,False,2,3,False,0,15,False,0.55,9.3
EDR-005638,AST-05638,2026-08-26 23:58:14,False,0,5,False,0,0,False,0.12,9.7
EDR-005639,AST-05639,2026-08-18 20:58:14,False,8,18,True,0,24,False,0.1,3.2
EDR-005640,AST-05640,2026-09-02 19:58:14,False,3,8,False,0,37,False,0.31,9.1
EDR-005641,AST-05641,2026-08-06 23:58:14,False,2,19,False,0,28,False,0.7,7.3
EDR-005642,AST-05642,2026-08-21 03:58:14,False,8,0,False,0,18,False,0.68,8.2
EDR-005643,AST-05643,2026-08-13 04:58:14,False,8,11,False,0,39,False,0.52,7.1
EDR-005644,AST-05644,2026-08-08 23:58:14,True,2,14,False,0,37,False,0.99,5.9
EDR-005645,AST-05645,2026-09-01 04:58:14,False,2,16,False,0,48,False,0.43,7.9
EDR-005646,AST-05646,2026-08-25 08:58:14,True,5,20,False,2,7,False,0.82,5.0
EDR-005647,AST-05647,2026-08-16 17:58:14,False,5,4,False,0,9,False,0.24,8.5
EDR-005648,AST-05648,2026-08-09 18:58:14,False,5,2,False,0,47,False,0.33,9.3
EDR-005649,AST-05649,2026-08-17 05:58:14,False,6,8,False,0,24,False,0.66,8.3
EDR-005650,AST-05650,2026-09-02 02:58:14,False,6,17,False,0,34,False,0.28,7.6
EDR-005651,AST-05651,2026-08-24 05:58:14,False,5,17,False,0,50,False,0.55,7.0
EDR-005652,AST-05652,2026-08-25 05:58:14,False,2,15,False,0,10,False,0.71,8.0
EDR-005653,AST-05653,2026-08-18 05:58:14,False,2,2,False,0,28,False,0.23,9.3
EDR-005654,AST-05654,2026-09-04 01:58:14,False,2,4,False,0,27,False,0.52,9.5
EDR-005655,AST-05655,2026-08-20 08:58:14,False,1,6,False,0,40,False,0.31,9.1
EDR-005656,AST-05656,2026-08-29 08:58:14,False,10,13,False,0,29,False,0.41,6.4
EDR-005657,AST-05657,2026-08-14 00:58:14,False,1,16,False,0,21,False,0.41,8.7
EDR-005658,AST-05658,2026-08-26 09:58:14,False,7,15,False,0,19,False,0.66,6.6
EDR-005659,AST-05659,2026-08-21 10:58:14,False,1,15,False,0,50,False,0.69,8.2
EDR-005660,AST-05660,2026-09-01 09:58:14,False,4,10,False,0,2,False,0.42,8.1
EDR-005661,AST-05661,2026-08-16 10:58:14,False,1,3,False,0,44,False,0.65,9.7
EDR-005662,AST-05662,2026-08-18 18:58:14,False,10,20,False,0,38,False,0.71,6.0
EDR-005663,AST-05663,2026-08-12 01:58:14,True,6,6,False,1,25,True,0.66,6.4
EDR-005664,AST-05664,2026-08-05 18:58:14,False,10,18,False,0,28,False,0.54,6.4
EDR-005665,AST-05665,2026-08-26 17:58:14,False,7,3,False,0,15,False,0.47,8.1
EDR-005666,AST-05666,2026-09-01 06:58:14,False,8,9,False,0,21,False,0.16,7.0
EDR-005667,AST-05667,2026-08-16 11:58:14,False,3,16,False,0,23,False,0.73,7.3
EDR-005668,AST-05668,2026-09-02 11:58:14,False,0,0,False,0,9,False,0.39,9.7
EDR-005669,AST-05669,2026-08-17 01:58:14,False,3,15,False,0,45,False,0.55,8.3
EDR-005670,AST-05670,2026-08-31 07:58:14,False,8,9,False,0,45,False,0.6,7.9
EDR-005671,AST-05671,2026-08-26 18:58:14,False,9,15,False,0,7,False,0.19,7.0
EDR-005672,AST-05672,2026-08-12 05:58:14,False,2,3,False,0,46,False,0.27,8.9
EDR-005673,AST-05673,2026-08-30 15:58:14,False,3,9,False,0,25,False,0.42,8.2
EDR-005674,AST-05674,2026-08-21 07:58:14,False,1,3,False,0,41,False,0.33,9.2
EDR-005675,AST-05675,2026-08-27 08:58:14,False,6,19,False,0,40,False,0.71,6.7
EDR-005676,AST-05676,2026-08-10 02:58:14,False,1,18,False,0,5,False,0.55,8.2
EDR-005677,AST-05677,2026-08-09 11:58:14,False,4,10,False,0,27,False,0.72,8.3
EDR-005678,AST-05678,2026-08-31 00:58:14,False,8,10,False,0,35,False,0.35,7.1
EDR-005679,AST-05679,2026-08-27 14:58:14,False,9,14,False,0,49,False,0.63,7.0
EDR-005680,AST-05680,2026-08-28 00:58:14,False,5,15,False,0,37,False,0.45,7.3
EDR-005681,AST-05681,2026-08-23 18:58:14,False,7,2,False,0,49,False,0.74,8.0
EDR-005682,AST-05682,2026-08-16 14:58:14,False,1,11,False,0,7,False,0.69,8.5
EDR-005683,AST-05683,2026-09-02 19:58:14,False,9,0,False,0,17,False,0.59,8.1
EDR-005684,AST-05684,2026-08-22 09:58:14,False,2,10,False,0,3,False,0.27,8.8
EDR-005685,AST-05685,2026-08-17 23:58:14,False,5,16,False,0,38,False,0.46,7.1
EDR-005686,AST-05686,2026-08-24 08:58:14,False,10,0,False,0,22,False,0.53,8.0
EDR-005687,AST-05687,2026-08-11 05:58:14,False,2,14,False,0,1,False,0.52,8.5
EDR-005688,AST-05688,2026-08-27 13:58:14,False,6,4,False,0,48,False,0.35,8.4
EDR-005689,AST-05689,2026-08-17 04:58:14,False,5,9,False,0,14,False,0.41,7.6
EDR-005690,AST-05690,2026-08-13 04:58:14,False,5,16,False,0,5,False,0.19,7.8
EDR-005691,AST-05691,2026-08-29 08:58:14,False,10,15,False,0,15,False,0.79,6.3
EDR-005692,AST-05692,2026-09-01 17:58:14,False,8,10,False,0,49,False,0.77,7.0
EDR-005693,AST-05693,2026-08-23 07:58:14,False,6,16,False,0,36,False,0.26,7.4
EDR-005694,AST-05694,2026-08-30 12:58:14,False,1,7,False,0,16,False,0.31,9.0
EDR-005695,AST-05695,2026-08-16 17:58:14,False,4,19,False,0,28,False,0.37,7.2
EDR-005696,AST-05696,2026-08-22 15:58:14,False,1,12,False,0,7,False,0.74,8.9
EDR-005697,AST-05697,2026-08-12 11:58:14,False,1,18,False,0,47,False,0.6,7.7
EDR-005698,AST-05698,2026-08-17 04:58:14,True,6,17,False,2,28,False,0.62,5.2
EDR-005699,AST-05699,2026-08-26 19:58:14,False,0,6,False,0,14,False,0.48,9.2
EDR-005700,AST-05700,2026-08-29 19:58:14,False,6,6,False,0,19,False,0.78,7.8
EDR-005701,AST-05701,2026-08-23 23:58:14,False,9,18,False,0,13,False,0.23,6.5
EDR-005702,AST-05702,2026-09-04 12:58:14,False,8,17,False,0,27,False,0.66,6.3
EDR-005703,AST-05703,2026-08-27 14:58:14,False,10,4,False,0,28,False,0.55,7.4
EDR-005704,AST-05704,2026-09-01 06:58:14,False,1,10,False,0,45,False,0.72,8.3
EDR-005705,AST-05705,2026-08-28 00:58:14,False,1,2,False,0,47,False,0.72,10
EDR-005706,AST-05706,2026-08-20 14:58:14,False,6,18,False,0,17,False,0.16,6.6
EDR-005707,AST-05707,2026-08-12 14:58:14,False,5,3,False,0,45,False,0.37,9.1
EDR-005708,AST-05708,2026-08-08 09:58:14,False,6,19,False,0,9,False,0.33,6.6
EDR-005709,AST-05709,2026-08-11 20:58:14,False,3,6,False,0,31,False,0.19,8.3
EDR-005710,AST-05710,2026-08-13 03:58:14,False,0,13,False,0,38,False,0.18,9.2
EDR-005711,AST-05711,2026-08-19 20:58:14,False,6,10,False,0,42,False,0.32,8.1
EDR-005712,AST-05712,2026-08-25 18:58:14,False,4,19,False,0,8,False,0.44,7.2
EDR-005713,AST-05713,2026-08-26 08:58:14,False,6,14,False,0,28,False,0.12,7.3
EDR-005714,AST-05714,2026-08-19 16:58:14,False,5,20,False,0,7,False,0.73,6.6
EDR-005715,AST-05715,2026-08-14 11:58:14,False,9,13,False,0,49,False,0.29,7.0
EDR-005716,AST-05716,2026-08-31 00:58:14,False,4,1,False,0,32,False,0.63,8.8
EDR-005717,AST-05717,2026-08-11 03:58:14,False,4,13,False,0,37,False,0.2,8.3
EDR-005718,AST-05718,2026-08-11 01:58:14,False,0,9,False,0,44,False,0.36,9.6
EDR-005719,AST-05719,2026-08-12 04:58:14,False,6,9,False,0,32,False,0.53,7.8
EDR-005720,AST-05720,2026-09-04 04:58:14,False,6,18,False,0,4,False,0.11,6.8
EDR-005721,AST-05721,2026-08-25 23:58:14,False,1,1,False,0,39,False,0.6,10
EDR-005722,AST-05722,2026-09-03 08:58:14,False,2,12,False,0,2,False,0.12,8.8
EDR-005723,AST-05723,2026-08-29 21:58:14,False,3,12,False,0,35,False,0.71,7.9
EDR-005724,AST-05724,2026-08-28 13:58:14,False,9,20,False,0,5,False,0.42,6.4
EDR-005725,AST-05725,2026-08-29 07:58:14,False,3,16,False,0,0,False,0.71,8.2
EDR-005726,AST-05726,2026-08-08 11:58:14,False,10,2,False,0,25,False,0.52,7.4
EDR-005727,AST-05727,2026-09-01 19:58:14,False,3,5,False,0,14,False,0.57,9.1
EDR-005728,AST-05728,2026-08-24 05:58:14,False,9,6,True,0,26,False,0.27,4.2
EDR-005729,AST-05729,2026-08-06 14:58:14,False,2,10,False,0,4,False,0.21,8.5
EDR-005730,AST-05730,2026-08-25 23:58:14,False,3,15,False,0,39,False,0.1,7.8
EDR-005731,AST-05731,2026-08-16 14:58:14,False,3,6,False,0,26,False,0.53,8.9
EDR-005732,AST-05732,2026-08-11 18:58:14,False,8,10,False,0,9,False,0.23,7.6
EDR-005733,AST-05733,2026-08-13 17:58:14,False,3,12,False,0,3,False,0.71,7.9
EDR-005734,AST-05734,2026-08-24 22:58:14,False,10,2,False,0,0,False,0.12,7.9
EDR-005735,AST-05735,2026-08-17 01:58:14,False,5,10,False,0,23,False,0.76,8.0
EDR-005736,AST-05736,2026-08-09 04:58:14,False,1,12,False,0,23,False,0.48,8.5
EDR-005737,AST-05737,2026-08-26 17:58:14,False,6,15,False,0,0,False,0.33,7.2
EDR-005738,AST-05738,2026-08-12 18:58:14,False,9,5,False,0,38,False,0.69,8.1
EDR-005739,AST-05739,2026-09-02 15:58:14,False,9,8,False,0,47,False,0.58,7.0
EDR-005740,AST-05740,2026-08-22 23:58:14,False,1,1,False,0,14,False,0.5,9.7
EDR-005741,AST-05741,2026-08-16 20:58:14,False,0,14,False,0,41,False,0.31,8.5
EDR-005742,AST-05742,2026-08-19 15:58:14,False,8,2,False,0,27,False,0.57,8.6
EDR-005743,AST-05743,2026-08-13 07:58:14,False,3,7,False,0,43,False,0.73,8.7
EDR-005744,AST-05744,2026-08-12 06:58:14,False,1,7,False,0,45,False,0.4,9.0
EDR-005745,AST-05745,2026-08-27 16:58:14,False,2,11,False,0,13,False,0.32,8.3
EDR-005746,AST-05746,2026-08-25 00:58:14,False,1,2,False,0,30,False,0.68,9.2
EDR-005747,AST-05747,2026-08-21 09:58:14,False,0,11,False,0,20,False,0.2,8.9
EDR-005748,AST-05748,2026-08-25 04:58:14,False,4,20,False,0,47,False,0.73,7.2
EDR-005749,AST-05749,2026-09-02 14:58:14,False,9,1,False,0,4,False,0.73,7.6
EDR-005750,AST-05750,2026-08-27 13:58:14,False,10,12,False,0,26,False,0.21,6.6
EDR-005751,AST-05751,2026-08-12 08:58:14,False,8,6,False,0,37,False,0.12,7.7
EDR-005752,AST-05752,2026-08-11 06:58:14,False,0,2,False,0,26,False,0.7,9.9
EDR-005753,AST-05753,2026-08-28 12:58:14,False,3,13,False,0,20,False,0.54,7.8
EDR-005754,AST-05754,2026-08-25 08:58:14,False,4,2,False,0,21,False,0.39,9.4
EDR-005755,AST-05755,2026-08-09 19:58:14,False,5,13,False,0,17,False,0.74,7.5
EDR-005756,AST-05756,2026-08-16 04:58:14,False,0,13,False,0,6,False,0.37,9.2
EDR-005757,AST-05757,2026-08-25 19:58:14,True,10,17,False,1,12,True,0.94,3.8
EDR-005758,AST-05758,2026-08-14 15:58:14,False,6,7,False,0,35,False,0.38,8.5
EDR-005759,AST-05759,2026-08-16 15:58:14,False,5,8,False,0,47,False,0.57,8.6
EDR-005760,AST-05760,2026-08-07 08:58:14,False,2,4,False,0,39,False,0.7,9.4
EDR-005761,AST-05761,2026-08-18 12:58:14,False,2,8,False,0,44,False,0.11,8.5
EDR-005762,AST-05762,2026-08-27 17:58:14,False,4,12,False,0,32,False,0.13,8.5
EDR-005763,AST-05763,2026-08-06 22:58:14,False,6,16,False,0,8,False,0.54,7.3
EDR-005764,AST-05764,2026-08-06 09:58:14,False,2,7,False,0,11,False,0.55,8.5
EDR-005765,AST-05765,2026-08-10 22:58:14,True,5,7,False,0,47,False,0.93,6.0
EDR-005766,AST-05766,2026-09-02 05:58:14,False,6,0,False,0,2,False,0.27,8.9
EDR-005767,AST-05767,2026-08-18 14:58:14,False,1,9,False,0,1,False,0.73,8.5
EDR-005768,AST-05768,2026-08-21 08:58:14,False,7,9,False,0,20,False,0.69,7.8
EDR-005769,AST-05769,2026-08-15 07:58:14,False,7,9,False,0,19,False,0.69,7.3
EDR-005770,AST-05770,2026-09-03 00:58:14,False,6,6,False,0,15,False,0.11,8.4
EDR-005771,AST-05771,2026-08-23 07:58:14,False,3,1,False,0,19,False,0.28,9.5
EDR-005772,AST-05772,2026-08-15 01:58:14,False,9,11,False,0,13,False,0.72,6.9
EDR-005773,AST-05773,2026-08-29 08:58:14,False,10,13,False,0,25,False,0.11,6.3
EDR-005774,AST-05774,2026-08-30 16:58:14,False,9,9,False,0,17,False,0.53,7.6
EDR-005775,AST-05775,2026-09-02 04:58:14,False,7,7,False,0,17,False,0.4,7.5
EDR-005776,AST-05776,2026-08-07 19:58:14,False,4,17,False,0,27,False,0.72,7.4
EDR-005777,AST-05777,2026-08-22 14:58:14,False,8,5,False,0,22,False,0.53,8.1
EDR-005778,AST-05778,2026-08-07 05:58:14,False,5,11,False,0,26,False,0.21,8.4
EDR-005779,AST-05779,2026-08-17 07:58:14,False,0,5,False,0,24,False,0.8,9.3
EDR-005780,AST-05780,2026-08-05 20:58:14,False,9,14,False,0,49,False,0.4,7.1
EDR-005781,AST-05781,2026-08-19 23:58:14,False,4,19,False,0,40,False,0.79,6.8
EDR-005782,AST-05782,2026-08-19 07:58:14,False,8,7,False,0,49,False,0.56,8.2
EDR-005783,AST-05783,2026-09-03 00:58:14,True,0,6,False,0,12,True,0.67,7.2
EDR-005784,AST-05784,2026-08-26 17:58:14,True,9,4,False,2,1,True,0.97,5.6
EDR-005785,AST-05785,2026-08-22 20:58:14,False,8,4,False,0,25,False,0.36,7.9
EDR-005786,AST-05786,2026-08-22 12:58:14,False,7,1,False,0,49,False,0.46,8.5
EDR-005787,AST-05787,2026-08-08 00:58:14,False,7,10,False,0,40,False,0.2,7.8
EDR-005788,AST-05788,2026-08-24 23:58:14,False,9,15,False,0,18,False,0.73,6.8
EDR-005789,AST-05789,2026-09-04 12:58:14,False,7,2,False,0,15,False,0.45,8.8
EDR-005790,AST-05790,2026-08-20 04:58:14,False,3,18,False,0,15,False,0.28,8.0
EDR-005791,AST-05791,2026-08-06 12:58:14,False,6,17,False,0,13,False,0.14,6.9
EDR-005792,AST-05792,2026-08-08 23:58:14,False,2,2,False,0,14,False,0.62,9.5
EDR-005793,AST-05793,2026-08-20 13:58:14,False,5,9,False,0,33,False,0.28,8.1
EDR-005794,AST-05794,2026-08-16 19:58:14,False,4,3,False,0,20,False,0.42,9.3
EDR-005795,AST-05795,2026-08-12 09:58:14,False,2,19,False,0,4,False,0.11,7.4
EDR-005796,AST-05796,2026-08-13 21:58:14,False,5,14,False,0,48,False,0.67,7.1
EDR-005797,AST-05797,2026-08-21 06:58:14,False,9,7,False,0,39,False,0.78,7.9
EDR-005798,AST-05798,2026-08-10 12:58:14,False,10,1,False,0,20,False,0.67,7.9
EDR-005799,AST-05799,2026-08-28 17:58:14,False,7,19,False,0,46,False,0.44,7.2
EDR-005800,AST-05800,2026-08-21 02:58:14,False,6,4,True,0,2,False,0.27,5.8
EDR-005801,AST-05801,2026-08-31 15:58:14,True,0,8,False,3,49,False,0.79,6.9
EDR-005802,AST-05802,2026-08-22 05:58:14,False,9,9,False,0,9,False,0.68,7.6
EDR-005803,AST-05803,2026-08-22 18:58:14,False,1,8,False,0,44,False,0.47,9.3
EDR-005804,AST-05804,2026-08-24 02:58:14,False,8,17,False,0,40,False,0.71,6.9
EDR-005805,AST-05805,2026-08-24 09:58:14,False,7,4,False,0,2,False,0.59,8.3
EDR-005806,AST-05806,2026-09-01 05:58:14,False,3,3,True,0,24,False,0.1,6.2
EDR-005807,AST-05807,2026-08-20 11:58:14,False,1,14,False,0,6,False,0.29,8.9
EDR-005808,AST-05808,2026-08-15 08:58:14,False,5,13,False,0,11,False,0.64,7.2
EDR-005809,AST-05809,2026-08-19 13:58:14,False,3,0,False,0,26,False,0.34,9.1
EDR-005810,AST-05810,2026-08-26 10:58:14,False,9,0,False,0,44,False,0.46,8.5
EDR-005811,AST-05811,2026-08-26 20:58:14,False,10,12,False,0,26,False,0.64,7.0
EDR-005812,AST-05812,2026-09-02 11:58:14,False,7,10,False,0,23,False,0.38,7.5
EDR-005813,AST-05813,2026-08-28 09:58:14,False,10,10,False,0,39,False,0.73,6.6
EDR-005814,AST-05814,2026-08-21 13:58:14,False,1,10,False,0,43,False,0.43,8.9
EDR-005815,AST-05815,2026-08-13 07:58:14,False,1,12,False,0,47,False,0.8,8.6
EDR-005816,AST-05816,2026-08-29 14:58:14,False,1,17,False,0,16,False,0.29,7.7
EDR-005817,AST-05817,2026-08-16 04:58:14,False,8,3,False,0,46,False,0.78,8.2
EDR-005818,AST-05818,2026-08-14 00:58:14,False,1,17,False,0,3,False,0.57,7.8
EDR-005819,AST-05819,2026-08-13 05:58:14,False,5,14,False,0,50,False,0.64,7.4
EDR-005820,AST-05820,2026-08-28 01:58:14,False,2,3,False,0,0,False,0.15,9.1
EDR-005821,AST-05821,2026-08-06 16:58:14,False,4,4,False,0,2,False,0.42,9.3
EDR-005822,AST-05822,2026-08-07 06:58:14,False,7,7,False,0,11,False,0.51,8.0
EDR-005823,AST-05823,2026-08-09 06:58:14,False,1,18,False,0,15,False,0.22,8.3
EDR-005824,AST-05824,2026-08-28 13:58:14,False,7,19,False,0,35,False,0.24,7.0
EDR-005825,AST-05825,2026-08-15 09:58:14,False,2,18,False,0,39,False,0.79,7.9
EDR-005826,AST-05826,2026-08-17 05:58:14,False,9,5,False,0,25,False,0.35,7.6
EDR-005827,AST-05827,2026-08-26 06:58:14,False,1,19,False,0,25,False,0.31,7.5
EDR-005828,AST-05828,2026-08-29 08:58:14,False,10,19,False,0,47,False,0.72,6.1
EDR-005829,AST-05829,2026-09-03 10:58:14,False,5,3,False,0,22,False,0.34,9.0
EDR-005830,AST-05830,2026-09-01 08:58:14,False,5,20,False,0,43,False,0.7,7.2
EDR-005831,AST-05831,2026-08-15 03:58:14,False,9,16,False,0,42,False,0.78,6.7
EDR-005832,AST-05832,2026-08-09 11:58:14,False,8,11,False,0,12,False,0.7,7.7
EDR-005833,AST-05833,2026-09-01 17:58:14,False,4,4,False,0,12,False,0.47,8.8
EDR-005834,AST-05834,2026-09-01 07:58:14,False,0,1,False,0,31,False,0.54,9.7
EDR-005835,AST-05835,2026-08-21 19:58:14,False,7,0,False,0,21,False,0.58,8.5
EDR-005836,AST-05836,2026-08-10 02:58:14,False,7,20,False,0,42,False,0.79,6.5
EDR-005837,AST-05837,2026-08-14 22:58:14,False,7,10,False,0,21,False,0.75,7.3
EDR-005838,AST-05838,2026-08-12 12:58:14,False,6,6,False,0,11,False,0.61,8.6
EDR-005839,AST-05839,2026-08-19 19:58:14,False,5,13,False,0,29,False,0.14,8.0
EDR-005840,AST-05840,2026-09-03 20:58:14,False,8,1,False,0,38,False,0.1,8.4
EDR-005841,AST-05841,2026-08-07 08:58:14,False,8,14,False,0,15,False,0.69,7.3
EDR-005842,AST-05842,2026-08-22 04:58:14,False,9,14,False,0,13,False,0.25,7.1
EDR-005843,AST-05843,2026-08-21 09:58:14,False,2,4,False,0,4,False,0.5,9.3
EDR-005844,AST-05844,2026-08-20 04:58:14,False,2,3,False,0,31,False,0.28,8.9
EDR-005845,AST-05845,2026-08-20 22:58:14,False,8,10,False,0,34,False,0.69,7.2
EDR-005846,AST-05846,2026-08-08 20:58:14,True,4,1,False,2,30,False,0.82,7.6
EDR-005847,AST-05847,2026-08-06 01:58:14,False,0,8,False,0,26,False,0.42,9.2
EDR-005848,AST-05848,2026-08-08 19:58:14,False,0,8,False,0,33,False,0.72,9.6
EDR-005849,AST-05849,2026-08-09 00:58:14,False,5,11,False,0,13,False,0.21,7.7
EDR-005850,AST-05850,2026-08-23 20:58:14,False,0,6,False,0,48,False,0.67,9.2
EDR-005851,AST-05851,2026-09-02 14:58:14,False,7,3,False,0,37,False,0.39,8.3
EDR-005852,AST-05852,2026-08-28 16:58:14,False,10,0,False,0,13,False,0.21,8.4
EDR-005853,AST-05853,2026-08-31 01:58:14,False,6,20,False,0,15,False,0.39,6.6
EDR-005854,AST-05854,2026-08-11 07:58:14,False,1,0,False,0,29,False,0.29,9.7
EDR-005855,AST-05855,2026-08-22 10:58:14,False,8,10,False,0,11,False,0.37,7.6
EDR-005856,AST-05856,2026-08-23 03:58:14,False,6,14,False,0,30,False,0.8,7.0
EDR-005857,AST-05857,2026-08-31 03:58:14,False,3,13,False,0,47,False,0.58,8.5
EDR-005858,AST-05858,2026-08-29 03:58:14,False,7,10,False,0,27,False,0.76,7.1
EDR-005859,AST-05859,2026-09-01 20:58:14,False,0,8,False,0,37,False,0.73,9.7
EDR-005860,AST-05860,2026-08-30 13:58:14,True,5,12,False,1,15,False,0.81,5.9
EDR-005861,AST-05861,2026-08-16 17:58:14,False,6,19,False,0,30,False,0.14,6.9
EDR-005862,AST-05862,2026-08-24 16:58:14,False,3,11,True,0,17,False,0.25,5.0
EDR-005863,AST-05863,2026-09-01 22:58:14,False,8,5,False,0,12,False,0.74,7.9
EDR-005864,AST-05864,2026-08-17 17:58:14,False,8,7,False,0,36,False,0.78,8.0
EDR-005865,AST-05865,2026-08-30 23:58:14,True,8,10,False,1,24,True,0.85,5.2
EDR-005866,AST-05866,2026-09-01 02:58:14,False,4,17,False,0,19,False,0.67,7.7
EDR-005867,AST-05867,2026-08-30 17:58:14,False,1,19,False,0,14,False,0.45,7.6
EDR-005868,AST-05868,2026-08-09 08:58:14,False,7,11,False,0,18,False,0.41,7.5
EDR-005869,AST-05869,2026-09-02 14:58:14,False,0,12,False,0,18,False,0.11,9.2
EDR-005870,AST-05870,2026-08-24 07:58:14,False,1,0,False,0,46,False,0.36,10
EDR-005871,AST-05871,2026-09-03 22:58:14,False,6,20,False,0,17,False,0.65,7.1
EDR-005872,AST-05872,2026-09-03 21:58:14,False,5,9,False,0,24,False,0.76,8.3
EDR-005873,AST-05873,2026-09-04 06:58:14,False,4,3,False,0,18,False,0.51,8.5
EDR-005874,AST-05874,2026-08-06 09:58:14,False,2,17,False,0,2,False,0.73,7.8
EDR-005875,AST-05875,2026-08-17 16:58:14,False,1,20,False,0,18,False,0.17,7.7
EDR-005876,AST-05876,2026-08-08 10:58:14,False,0,3,False,0,47,False,0.38,10
EDR-005877,AST-05877,2026-08-31 15:58:14,False,9,7,False,0,6,False,0.42,7.1
EDR-005878,AST-05878,2026-08-28 05:58:14,False,6,19,False,0,20,False,0.29,7.0
EDR-005879,AST-05879,2026-08-19 08:58:14,False,1,14,False,0,18,False,0.37,8.8
EDR-005880,AST-05880,2026-08-14 20:58:14,False,5,3,False,0,7,False,0.25,8.4
EDR-005881,AST-05881,2026-08-27 11:58:14,False,1,7,False,0,9,False,0.13,8.7
EDR-005882,AST-05882,2026-08-17 08:58:14,False,10,16,False,0,4,False,0.5,6.3
EDR-005883,AST-05883,2026-08-06 15:58:14,False,1,20,False,0,32,False,0.58,7.4
EDR-005884,AST-05884,2026-08-13 01:58:14,False,3,19,False,0,46,False,0.12,7.2
EDR-005885,AST-05885,2026-08-17 07:58:14,False,1,0,False,0,13,False,0.35,10
EDR-005886,AST-05886,2026-08-31 18:58:14,False,9,14,False,0,26,False,0.58,6.7
EDR-005887,AST-05887,2026-08-20 07:58:14,False,7,16,False,0,50,False,0.19,7.1
EDR-005888,AST-05888,2026-09-04 16:58:14,False,5,1,False,0,21,False,0.46,8.6
EDR-005889,AST-05889,2026-08-11 10:58:14,False,7,20,False,0,28,False,0.63,6.5
EDR-005890,AST-05890,2026-09-01 15:58:14,False,5,19,False,0,30,False,0.59,7.3
EDR-005891,AST-05891,2026-08-18 11:58:14,False,7,7,False,0,46,False,0.39,8.1
EDR-005892,AST-05892,2026-08-11 14:58:14,False,8,15,False,0,18,False,0.62,7.0
EDR-005893,AST-05893,2026-08-26 07:58:14,False,10,0,False,0,27,False,0.33,8.3
EDR-005894,AST-05894,2026-08-30 13:58:14,False,3,14,False,0,47,False,0.27,8.5
EDR-005895,AST-05895,2026-08-06 17:58:14,False,4,1,False,0,24,False,0.58,9.2
EDR-005896,AST-05896,2026-08-21 19:58:14,False,0,5,False,0,36,False,0.67,9.2
EDR-005897,AST-05897,2026-08-11 21:58:14,False,9,1,False,0,26,False,0.15,7.9
EDR-005898,AST-05898,2026-08-09 03:58:14,False,2,17,False,0,5,False,0.54,8.0
EDR-005899,AST-05899,2026-09-04 15:58:14,False,7,3,False,0,48,False,0.28,8.1
EDR-005900,AST-05900,2026-08-28 06:58:14,False,4,10,False,0,19,False,0.64,7.9
EDR-005901,AST-05901,2026-09-02 01:58:14,False,5,7,False,0,23,False,0.27,8.5
EDR-005902,AST-05902,2026-08-20 09:58:14,False,3,14,False,0,5,False,0.51,8.5
EDR-005903,AST-05903,2026-08-12 13:58:14,False,8,4,False,0,10,False,0.74,7.6
EDR-005904,AST-05904,2026-08-05 21:58:14,False,10,8,False,0,50,False,0.4,7.3
EDR-005905,AST-05905,2026-09-02 21:58:14,False,10,20,False,0,40,False,0.53,5.7
EDR-005906,AST-05906,2026-08-14 05:58:14,True,4,2,False,1,14,True,0.69,6.6
EDR-005907,AST-05907,2026-08-12 17:58:14,False,10,1,False,0,31,False,0.2,7.9
EDR-005908,AST-05908,2026-08-13 11:58:14,False,1,0,False,0,47,False,0.2,9.6
EDR-005909,AST-05909,2026-08-13 21:58:14,False,2,1,False,0,46,False,0.4,9.6
EDR-005910,AST-05910,2026-08-10 21:58:14,False,9,14,False,0,3,False,0.54,7.2
EDR-005911,AST-05911,2026-08-22 04:58:14,False,6,4,False,0,16,False,0.58,8.8
EDR-005912,AST-05912,2026-08-19 22:58:14,False,2,9,False,0,0,False,0.74,9.1
EDR-005913,AST-05913,2026-08-13 01:58:14,False,4,16,False,0,33,False,0.59,7.4
EDR-005914,AST-05914,2026-08-17 15:58:14,False,10,10,False,0,45,False,0.65,6.6
EDR-005915,AST-05915,2026-08-22 10:58:14,False,2,4,False,0,29,False,0.57,9.0
EDR-005916,AST-05916,2026-08-24 12:58:14,False,5,19,False,0,3,False,0.26,6.7
EDR-005917,AST-05917,2026-08-20 17:58:14,False,9,14,False,0,8,False,0.17,6.6
EDR-005918,AST-05918,2026-08-16 20:58:14,False,6,19,False,0,22,False,0.78,6.7
EDR-005919,AST-05919,2026-08-06 05:58:14,False,3,1,False,0,5,False,0.1,8.9
EDR-005920,AST-05920,2026-08-18 06:58:14,False,5,17,False,0,50,False,0.41,7.3
EDR-005921,AST-05921,2026-08-16 15:58:14,False,5,4,False,0,1,False,0.27,8.2
EDR-005922,AST-05922,2026-08-22 06:58:14,False,4,14,False,0,12,False,0.76,7.8
EDR-005923,AST-05923,2026-08-07 15:58:14,False,6,5,False,0,6,False,0.44,8.3
EDR-005924,AST-05924,2026-08-30 18:58:14,False,7,11,False,0,1,False,0.32,8.0
EDR-005925,AST-05925,2026-08-13 15:58:14,False,6,14,False,0,12,False,0.57,7.2
EDR-005926,AST-05926,2026-08-13 09:58:14,False,8,14,False,0,40,False,0.73,6.9
EDR-005927,AST-05927,2026-08-17 04:58:14,False,9,9,False,0,3,False,0.19,7.5
EDR-005928,AST-05928,2026-08-23 00:58:14,False,8,8,False,0,8,False,0.43,7.7
EDR-005929,AST-05929,2026-08-25 01:58:14,False,8,12,False,0,13,False,0.36,7.2
EDR-005930,AST-05930,2026-09-02 21:58:14,False,8,6,False,0,33,False,0.16,8.2
EDR-005931,AST-05931,2026-08-22 14:58:14,False,4,4,False,0,7,False,0.68,8.4
EDR-005932,AST-05932,2026-08-10 13:58:14,False,9,16,False,0,47,False,0.33,7.0
EDR-005933,AST-05933,2026-08-24 00:58:14,False,6,4,False,0,27,False,0.25,8.7
EDR-005934,AST-05934,2026-08-20 21:58:14,False,0,19,False,0,3,False,0.34,8.2
EDR-005935,AST-05935,2026-08-31 10:58:14,False,2,8,False,0,50,False,0.6,9.0
EDR-005936,AST-05936,2026-08-18 21:58:14,False,3,14,False,0,46,False,0.79,7.9
EDR-005937,AST-05937,2026-08-07 21:58:14,False,6,17,True,0,7,False,0.43,4.5
EDR-005938,AST-05938,2026-09-04 09:58:14,False,9,3,False,0,42,False,0.13,8.4
EDR-005939,AST-05939,2026-09-03 04:58:14,False,2,12,False,0,11,False,0.24,8.2
EDR-005940,AST-05940,2026-08-11 18:58:14,False,9,12,False,0,45,False,0.41,7.4
EDR-005941,AST-05941,2026-09-01 20:58:14,False,1,9,False,0,2,False,0.44,8.6
EDR-005942,AST-05942,2026-08-21 22:58:14,True,8,17,False,2,19,False,0.86,4.9
EDR-005943,AST-05943,2026-08-09 03:58:14,False,9,16,False,0,32,False,0.64,6.2
EDR-005944,AST-05944,2026-08-24 18:58:14,False,6,10,False,0,6,False,0.25,8.2
EDR-005945,AST-05945,2026-08-28 02:58:14,False,0,17,False,0,7,False,0.24,8.0
EDR-005946,AST-05946,2026-08-29 16:58:14,False,0,0,False,0,20,False,0.44,9.9
EDR-005947,AST-05947,2026-08-18 14:58:14,False,7,5,False,0,22,False,0.59,7.7
EDR-005948,AST-05948,2026-09-03 20:58:14,False,1,3,False,0,25,False,0.49,9.8
EDR-005949,AST-05949,2026-08-15 03:58:14,True,7,5,False,0,7,True,0.68,6.0
EDR-005950,AST-05950,2026-08-27 01:58:14,False,3,19,False,0,29,False,0.23,7.3
EDR-005951,AST-05951,2026-08-22 13:58:14,False,1,7,False,0,46,False,0.55,8.8
EDR-005952,AST-05952,2026-08-16 15:58:14,False,8,12,False,0,11,False,0.78,7.2
EDR-005953,AST-05953,2026-08-28 20:58:14,False,10,5,False,0,27,False,0.16,7.4
EDR-005954,AST-05954,2026-08-16 11:58:14,False,0,9,False,0,23,False,0.62,9.2
EDR-005955,AST-05955,2026-09-01 21:58:14,False,2,3,False,0,45,False,0.79,9.4
EDR-005956,AST-05956,2026-08-19 20:58:14,False,4,7,False,0,46,False,0.42,8.0
EDR-005957,AST-05957,2026-08-17 21:58:14,False,1,2,False,0,48,False,0.52,9.6
EDR-005958,AST-05958,2026-08-24 18:58:14,False,10,17,False,0,10,False,0.78,6.4
EDR-005959,AST-05959,2026-08-19 09:58:14,False,1,12,False,0,28,False,0.76,9.0
EDR-005960,AST-05960,2026-08-17 13:58:14,False,8,11,False,0,42,False,0.75,7.2
EDR-005961,AST-05961,2026-08-25 05:58:14,False,6,0,False,0,43,False,0.53,9.0
EDR-005962,AST-05962,2026-08-19 01:58:14,False,4,8,False,0,16,False,0.72,8.9
EDR-005963,AST-05963,2026-08-25 16:58:14,False,6,4,False,0,39,False,0.61,8.6
EDR-005964,AST-05964,2026-08-06 20:58:14,False,0,13,False,0,12,False,0.69,8.5
EDR-005965,AST-05965,2026-09-03 15:58:14,False,4,19,False,0,6,False,0.26,7.8
EDR-005966,AST-05966,2026-08-17 04:58:14,False,9,18,False,0,28,False,0.62,6.1
EDR-005967,AST-05967,2026-09-01 12:58:14,False,4,13,False,0,21,False,0.15,7.4
EDR-005968,AST-05968,2026-08-08 03:58:14,False,0,9,False,0,28,False,0.53,8.7
EDR-005969,AST-05969,2026-08-19 02:58:14,False,8,18,False,0,43,False,0.23,7.0
EDR-005970,AST-05970,2026-08-19 02:58:14,False,1,12,False,0,5,False,0.38,8.4
EDR-005971,AST-05971,2026-08-31 22:58:14,False,10,5,False,0,26,False,0.73,7.8
EDR-005972,AST-05972,2026-08-12 16:58:14,False,8,8,False,0,14,False,0.52,8.0
EDR-005973,AST-05973,2026-08-12 17:58:14,False,7,2,False,0,46,False,0.39,8.9
EDR-005974,AST-05974,2026-09-02 17:58:14,False,0,20,False,0,21,False,0.65,7.5
EDR-005975,AST-05975,2026-08-24 21:58:14,False,1,16,False,0,24,False,0.42,8.6
EDR-005976,AST-05976,2026-09-03 23:58:14,False,9,20,False,0,4,False,0.51,5.8
EDR-005977,AST-05977,2026-08-23 12:58:14,True,2,0,False,0,9,False,0.96,7.8
EDR-005978,AST-05978,2026-08-14 14:58:14,False,6,2,False,0,46,False,0.8,8.3
EDR-005979,AST-05979,2026-09-02 11:58:14,False,3,8,False,0,36,False,0.67,8.9
EDR-005980,AST-05980,2026-09-01 17:58:14,False,2,12,False,0,8,False,0.3,8.4
EDR-005981,AST-05981,2026-08-22 07:58:14,False,5,2,False,0,36,False,0.47,8.9
EDR-005982,AST-05982,2026-08-14 01:58:14,False,1,15,False,0,16,False,0.22,8.4
EDR-005983,AST-05983,2026-08-07 10:58:14,False,2,6,False,0,21,False,0.27,9.3
EDR-005984,AST-05984,2026-08-07 17:58:14,False,3,9,False,0,10,False,0.25,8.5
EDR-005985,AST-05985,2026-08-11 11:58:14,False,5,14,False,0,12,False,0.78,7.2
EDR-005986,AST-05986,2026-08-25 05:58:14,False,7,5,False,0,30,False,0.46,7.9
EDR-005987,AST-05987,2026-08-08 12:58:14,False,10,4,False,0,24,False,0.38,7.9
EDR-005988,AST-05988,2026-08-26 21:58:14,False,10,10,False,0,28,False,0.21,6.6
EDR-005989,AST-05989,2026-08-30 16:58:14,False,3,2,False,0,38,False,0.28,9.5
EDR-005990,AST-05990,2026-09-03 19:58:14,True,10,3,False,2,45,False,0.66,6.0
EDR-005991,AST-05991,2026-08-24 06:58:14,False,2,10,False,0,28,False,0.43,8.7
EDR-005992,AST-05992,2026-08-30 01:58:14,False,0,0,False,0,38,False,0.26,9.9
EDR-005993,AST-05993,2026-09-04 15:58:14,False,6,11,False,0,34,False,0.74,8.0
EDR-005994,AST-05994,2026-08-31 08:58:14,False,0,15,False,0,2,False,0.14,8.5
EDR-005995,AST-05995,2026-09-02 04:58:14,False,4,14,False,0,20,False,0.43,8.1
EDR-005996,AST-05996,2026-08-08 11:58:14,False,0,5,False,0,19,False,0.11,9.9
EDR-005997,AST-05997,2026-08-30 01:58:14,False,7,0,False,0,28,False,0.39,8.5
EDR-005998,AST-05998,2026-08-07 15:58:14,False,2,10,False,0,4,False,0.35,9.1
EDR-005999,AST-05999,2026-08-28 08:58:14,False,7,10,False,0,28,False,0.64,7.9
EDR-006000,AST-06000,2026-08-21 08:58:14,False,0,19,False,0,30,False,0.74,8.4
EDR-006001,AST-06001,2026-08-10 16:58:14,False,6,10,False,0,15,False,0.24,7.9
EDR-006002,AST-06002,2026-08-14 03:58:14,False,6,13,False,0,48,False,0.38,7.8
EDR-006003,AST-06003,2026-08-09 19:58:14,False,10,10,False,0,13,False,0.66,7.3
EDR-006004,AST-06004,2026-08-08 20:58:14,False,0,0,False,0,9,False,0.46,10
EDR-006005,AST-06005,2026-08-22 05:58:14,False,7,0,False,0,16,False,0.27,8.6
EDR-006006,AST-06006,2026-09-04 08:58:14,False,2,11,False,0,47,False,0.37,8.3
EDR-006007,AST-06007,2026-08-22 14:58:14,False,2,18,False,0,46,False,0.39,7.9
EDR-006008,AST-06008,2026-08-24 14:58:14,False,8,3,False,0,44,False,0.73,7.9
EDR-006009,AST-06009,2026-08-06 20:58:14,False,1,2,False,0,4,False,0.2,10
EDR-006010,AST-06010,2026-08-15 23:58:14,False,6,17,False,0,20,False,0.59,7.3
EDR-006011,AST-06011,2026-08-21 07:58:14,False,0,18,False,0,8,False,0.75,8.5
EDR-006012,AST-06012,2026-08-06 16:58:14,False,10,3,False,0,11,False,0.26,8.1
EDR-006013,AST-06013,2026-08-13 12:58:14,False,9,8,False,0,5,False,0.5,7.7
EDR-006014,AST-06014,2026-08-21 23:58:14,False,2,12,False,0,37,False,0.18,8.0
EDR-006015,AST-06015,2026-08-30 06:58:14,False,5,12,False,0,46,False,0.4,7.5
EDR-006016,AST-06016,2026-08-19 21:58:14,False,5,5,False,0,36,False,0.5,8.1
EDR-006017,AST-06017,2026-08-25 12:58:14,False,3,15,False,0,6,False,0.53,7.6
EDR-006018,AST-06018,2026-08-22 09:58:14,False,2,18,False,0,40,False,0.61,7.5
EDR-006019,AST-06019,2026-08-18 08:58:14,False,0,17,False,0,48,False,0.53,8.1
EDR-006020,AST-06020,2026-08-31 13:58:14,False,3,9,False,0,39,False,0.54,8.1
EDR-006021,AST-06021,2026-08-10 18:58:14,False,5,11,False,0,25,False,0.51,7.5
EDR-006022,AST-06022,2026-08-16 17:58:14,False,6,14,False,0,13,False,0.64,7.6
EDR-006023,AST-06023,2026-08-17 23:58:14,False,10,11,False,0,6,False,0.62,6.9
EDR-006024,AST-06024,2026-08-26 22:58:14,False,9,18,False,0,47,False,0.12,6.6
EDR-006025,AST-06025,2026-08-22 08:58:14,False,1,16,False,0,30,False,0.51,8.7
EDR-006026,AST-06026,2026-08-12 07:58:14,False,1,6,False,0,2,False,0.56,9.7
EDR-006027,AST-06027,2026-08-08 10:58:14,True,7,0,False,2,11,False,0.74,7.0
EDR-006028,AST-06028,2026-08-18 21:58:14,False,8,16,False,0,2,False,0.4,7.3
EDR-006029,AST-06029,2026-08-12 18:58:14,False,8,13,False,0,4,False,0.71,7.4
EDR-006030,AST-06030,2026-08-31 07:58:14,False,8,11,False,0,26,False,0.36,7.0
EDR-006031,AST-06031,2026-08-17 09:58:14,False,4,19,False,0,18,False,0.16,7.4
EDR-006032,AST-06032,2026-08-12 23:58:14,False,6,9,False,0,12,False,0.53,8.1
EDR-006033,AST-06033,2026-08-11 16:58:14,False,8,0,False,0,34,False,0.41,8.5
EDR-006034,AST-06034,2026-08-27 03:58:14,False,8,18,False,0,10,False,0.21,6.6
EDR-006035,AST-06035,2026-08-06 04:58:14,False,8,1,False,0,28,False,0.62,8.5
EDR-006036,AST-06036,2026-08-07 17:58:14,False,9,8,False,0,5,False,0.79,7.3
EDR-006037,AST-06037,2026-08-27 18:58:14,False,3,4,False,0,2,False,0.55,9.4
EDR-006038,AST-06038,2026-08-29 11:58:14,False,9,12,False,0,32,False,0.27,7.2
EDR-006039,AST-06039,2026-09-01 00:58:14,False,1,20,False,0,42,False,0.78,7.9
EDR-006040,AST-06040,2026-08-25 06:58:14,False,1,2,False,0,17,False,0.75,9.9
EDR-006041,AST-06041,2026-09-04 04:58:14,False,10,11,False,0,5,False,0.68,7.0
EDR-006042,AST-06042,2026-08-30 18:58:14,False,10,7,False,0,27,False,0.24,6.8
EDR-006043,AST-06043,2026-08-19 12:58:14,False,6,15,False,0,23,False,0.44,7.6
EDR-006044,AST-06044,2026-08-22 02:58:14,False,7,13,False,0,26,False,0.21,7.0
EDR-006045,AST-06045,2026-08-20 06:58:14,False,8,19,False,0,10,False,0.18,6.5
EDR-006046,AST-06046,2026-08-23 15:58:14,False,2,4,True,0,16,False,0.11,6.2
EDR-006047,AST-06047,2026-08-23 12:58:14,False,9,2,False,0,47,False,0.59,8.4
EDR-006048,AST-06048,2026-08-19 22:58:14,False,8,10,False,0,12,False,0.7,7.7
EDR-006049,AST-06049,2026-08-09 19:58:14,False,8,5,False,0,50,False,0.23,7.5
EDR-006050,AST-06050,2026-08-16 18:58:14,True,9,20,False,2,13,True,0.63,4.1
EDR-006051,AST-06051,2026-08-18 21:58:14,False,9,17,False,0,33,False,0.58,6.4
EDR-006052,AST-06052,2026-08-30 13:58:14,False,5,16,False,0,8,False,0.17,7.3
EDR-006053,AST-06053,2026-09-02 15:58:14,False,8,1,False,0,15,False,0.59,8.7
EDR-006054,AST-06054,2026-08-17 22:58:14,False,3,17,False,0,0,False,0.36,8.1
EDR-006055,AST-06055,2026-08-24 13:58:14,False,8,3,False,0,16,False,0.24,8.2
EDR-006056,AST-06056,2026-09-02 15:58:14,False,7,14,False,0,23,False,0.33,6.7
EDR-006057,AST-06057,2026-08-15 20:58:14,False,10,0,False,0,20,False,0.62,8.0
EDR-006058,AST-06058,2026-08-13 07:58:14,False,5,17,False,0,38,False,0.64,7.1
EDR-006059,AST-06059,2026-08-06 03:58:14,False,3,20,False,0,29,False,0.29,7.8
EDR-006060,AST-06060,2026-09-01 02:58:14,False,3,1,False,0,46,False,0.74,9.0
EDR-006061,AST-06061,2026-08-21 20:58:14,False,9,11,False,0,8,False,0.22,7.3
EDR-006062,AST-06062,2026-08-25 20:58:14,False,9,16,False,0,32,False,0.54,6.7
EDR-006063,AST-06063,2026-08-16 12:58:14,False,10,4,False,0,29,False,0.38,7.5
EDR-006064,AST-06064,2026-08-29 09:58:14,False,6,6,False,0,1,False,0.36,7.8
EDR-006065,AST-06065,2026-09-02 13:58:14,False,9,9,False,0,7,False,0.46,7.4
EDR-006066,AST-06066,2026-08-14 16:58:14,False,8,4,False,0,33,False,0.72,7.9
EDR-006067,AST-06067,2026-08-11 18:58:14,False,8,3,False,0,20,False,0.38,7.9
EDR-006068,AST-06068,2026-08-28 07:58:14,False,0,4,False,0,16,False,0.37,9.8
EDR-006069,AST-06069,2026-08-09 21:58:14,False,10,8,False,0,41,False,0.44,7.2
EDR-006070,AST-06070,2026-08-11 05:58:14,False,9,8,False,0,43,False,0.32,7.7
EDR-006071,AST-06071,2026-08-23 10:58:14,False,10,12,False,0,21,False,0.63,6.9
EDR-006072,AST-06072,2026-08-31 20:58:14,False,9,8,False,0,28,False,0.21,7.2
EDR-006073,AST-06073,2026-08-19 23:58:14,False,1,15,False,0,24,False,0.64,8.1
EDR-006074,AST-06074,2026-08-16 16:58:14,False,10,14,False,0,26,False,0.79,6.6
EDR-006075,AST-06075,2026-08-31 05:58:14,True,6,8,False,1,38,True,0.83,5.9
EDR-006076,AST-06076,2026-08-08 08:58:14,False,6,6,False,0,5,False,0.74,8.4
EDR-006077,AST-06077,2026-08-07 04:58:14,False,3,20,False,0,0,False,0.45,7.0
EDR-006078,AST-06078,2026-09-03 18:58:14,False,3,4,False,0,15,False,0.21,9.3
EDR-006079,AST-06079,2026-08-16 14:58:14,False,6,16,False,0,16,False,0.36,7.2
EDR-006080,AST-06080,2026-08-19 04:58:14,False,3,4,False,0,40,False,0.56,9.2
EDR-006081,AST-06081,2026-08-26 17:58:14,False,5,1,False,0,5,False,0.54,8.6
EDR-006082,AST-06082,2026-08-27 20:58:14,False,10,7,False,0,16,False,0.74,7.3
EDR-006083,AST-06083,2026-09-04 07:58:14,False,1,2,False,0,17,False,0.18,9.5
EDR-006084,AST-06084,2026-08-28 15:58:14,False,1,10,False,0,38,False,0.44,8.8
EDR-006085,AST-06085,2026-09-01 05:58:14,False,9,13,False,0,36,False,0.36,7.3
EDR-006086,AST-06086,2026-09-03 15:58:14,False,3,10,False,0,29,False,0.44,8.5
EDR-006087,AST-06087,2026-08-27 01:58:14,False,5,16,False,0,6,False,0.19,7.9
EDR-006088,AST-06088,2026-08-07 22:58:14,False,0,12,False,0,11,False,0.72,9.0
EDR-006089,AST-06089,2026-08-13 19:58:14,False,4,10,False,0,19,False,0.54,7.7
EDR-006090,AST-06090,2026-08-23 04:58:14,False,9,10,False,0,39,False,0.78,7.6
EDR-006091,AST-06091,2026-08-25 07:58:14,False,4,13,False,0,28,False,0.21,7.6
EDR-006092,AST-06092,2026-08-18 23:58:14,False,2,2,False,0,7,False,0.53,9.0
EDR-006093,AST-06093,2026-08-13 03:58:14,False,7,8,False,0,27,False,0.78,7.5
EDR-006094,AST-06094,2026-08-22 02:58:14,False,6,9,False,0,13,False,0.7,8.3
EDR-006095,AST-06095,2026-08-31 15:58:14,False,4,11,False,0,13,False,0.67,7.9
EDR-006096,AST-06096,2026-08-23 08:58:14,False,10,11,False,0,40,False,0.41,6.4
EDR-006097,AST-06097,2026-09-04 00:58:14,False,8,8,False,0,10,False,0.79,7.5
EDR-006098,AST-06098,2026-08-29 20:58:14,False,1,0,False,0,3,False,0.79,9.7
EDR-006099,AST-06099,2026-08-05 17:58:14,False,4,10,False,0,47,False,0.12,7.8
EDR-006100,AST-06100,2026-08-19 10:58:14,False,3,13,False,0,4,False,0.46,8.0
EDR-006101,AST-06101,2026-08-26 14:58:14,False,6,10,False,0,7,False,0.26,7.4
EDR-006102,AST-06102,2026-08-22 20:58:14,False,7,13,False,0,49,False,0.55,7.0
EDR-006103,AST-06103,2026-09-04 01:58:14,False,9,1,False,0,35,False,0.7,8.3
EDR-006104,AST-06104,2026-08-21 05:58:14,False,5,3,False,0,25,False,0.26,8.7
EDR-006105,AST-06105,2026-08-10 19:58:14,False,0,8,False,0,30,False,0.79,9.6
EDR-006106,AST-06106,2026-09-03 13:58:14,False,5,3,False,0,42,False,0.61,9.1
EDR-006107,AST-06107,2026-08-29 07:58:14,False,8,13,False,0,38,False,0.66,7.5
EDR-006108,AST-06108,2026-08-12 23:58:14,False,8,1,True,0,4,False,0.26,4.8
EDR-006109,AST-06109,2026-08-22 15:58:14,False,3,14,False,0,7,False,0.31,7.9
EDR-006110,AST-06110,2026-08-20 08:58:14,False,10,18,False,0,4,False,0.62,5.9
EDR-006111,AST-06111,2026-08-31 05:58:14,False,10,12,False,0,43,False,0.59,6.8
EDR-006112,AST-06112,2026-08-07 19:58:14,False,6,16,False,0,46,False,0.78,6.9
EDR-006113,AST-06113,2026-08-25 10:58:14,False,2,8,False,0,29,False,0.32,8.7
EDR-006114,AST-06114,2026-08-19 01:58:14,False,7,7,False,0,17,False,0.37,7.8
EDR-006115,AST-06115,2026-08-30 12:58:14,False,2,12,False,0,28,False,0.39,8.6
EDR-006116,AST-06116,2026-08-27 18:58:14,False,6,13,False,0,11,False,0.32,7.9
EDR-006117,AST-06117,2026-08-25 12:58:14,False,1,2,False,0,20,False,0.61,9.3
EDR-006118,AST-06118,2026-08-26 00:58:14,False,9,4,False,0,27,False,0.63,7.5
EDR-006119,AST-06119,2026-08-07 23:58:14,False,5,3,False,0,38,False,0.1,8.3
EDR-006120,AST-06120,2026-08-20 21:58:14,False,5,1,False,0,40,False,0.13,8.5
EDR-006121,AST-06121,2026-08-11 11:58:14,False,8,5,False,0,31,False,0.42,8.3
EDR-006122,AST-06122,2026-08-19 03:58:14,False,3,16,False,0,12,False,0.17,7.9
EDR-006123,AST-06123,2026-09-01 16:58:14,False,4,18,False,0,36,False,0.6,7.0
EDR-006124,AST-06124,2026-08-18 17:58:14,False,0,20,False,0,47,False,0.36,7.7
EDR-006125,AST-06125,2026-09-04 01:58:14,False,1,11,False,0,24,False,0.64,9.2
EDR-006126,AST-06126,2026-08-10 07:58:14,False,9,11,False,0,11,False,0.2,7.3
EDR-006127,AST-06127,2026-08-20 03:58:14,False,8,11,False,0,44,False,0.68,7.4
EDR-006128,AST-06128,2026-08-07 20:58:14,False,10,13,False,0,13,False,0.59,7.1
EDR-006129,AST-06129,2026-08-29 03:58:14,False,7,17,False,0,42,False,0.59,6.5
EDR-006130,AST-06130,2026-08-20 19:58:14,False,4,12,False,0,40,False,0.24,8.0
EDR-006131,AST-06131,2026-08-30 17:58:14,False,0,5,False,0,27,False,0.53,9.1
EDR-006132,AST-06132,2026-08-25 00:58:14,False,1,9,False,0,10,False,0.42,9.1
EDR-006133,AST-06133,2026-08-29 08:58:14,False,10,14,False,0,49,False,0.45,6.4
EDR-006134,AST-06134,2026-08-15 08:58:14,False,0,3,False,0,24,False,0.45,9.9
EDR-006135,AST-06135,2026-08-26 09:58:14,False,9,10,False,0,18,False,0.59,7.2
EDR-006136,AST-06136,2026-08-31 19:58:14,False,7,19,False,0,29,False,0.14,6.7
EDR-006137,AST-06137,2026-08-28 09:58:14,False,4,14,False,0,42,False,0.26,8.3
EDR-006138,AST-06138,2026-08-23 04:58:14,False,10,18,False,0,44,False,0.77,5.7
EDR-006139,AST-06139,2026-08-28 10:58:14,False,4,18,False,0,44,False,0.6,7.2
EDR-006140,AST-06140,2026-08-24 15:58:14,False,7,16,False,0,45,False,0.41,7.5
EDR-006141,AST-06141,2026-08-23 15:58:14,False,7,20,False,0,38,False,0.39,6.4
EDR-006142,AST-06142,2026-09-03 01:58:14,False,10,4,False,0,45,False,0.36,7.4
EDR-006143,AST-06143,2026-08-13 16:58:14,False,4,11,False,0,6,False,0.17,8.1
EDR-006144,AST-06144,2026-09-03 21:58:14,False,1,16,False,0,10,False,0.13,8.4
EDR-006145,AST-06145,2026-08-26 04:58:14,False,4,16,False,0,0,False,0.69,7.2
EDR-006146,AST-06146,2026-08-06 21:58:14,False,3,18,False,0,0,False,0.16,7.3
EDR-006147,AST-06147,2026-08-06 20:58:14,False,3,4,False,0,9,False,0.37,8.9
EDR-006148,AST-06148,2026-08-24 10:58:14,False,2,0,True,0,8,False,0.24,6.1
EDR-006149,AST-06149,2026-08-23 01:58:14,False,5,14,False,0,46,False,0.39,8.1
EDR-006150,AST-06150,2026-08-16 20:58:14,False,10,17,False,0,33,False,0.21,6.4
EDR-006151,AST-06151,2026-09-01 03:58:14,False,5,1,False,0,42,False,0.3,8.9
EDR-006152,AST-06152,2026-08-22 06:58:14,False,2,1,False,0,28,False,0.51,9.6
EDR-006153,AST-06153,2026-08-30 13:58:14,False,3,18,False,0,28,False,0.48,8.1
EDR-006154,AST-06154,2026-08-25 15:58:14,False,6,13,False,0,9,False,0.12,8.0
EDR-006155,AST-06155,2026-08-15 20:58:14,False,1,1,False,0,19,False,0.12,10.0
EDR-006156,AST-06156,2026-08-29 21:58:14,False,2,18,False,0,15,False,0.45,8.2
EDR-006157,AST-06157,2026-08-07 02:58:14,False,9,16,False,0,5,False,0.69,7.0
EDR-006158,AST-06158,2026-08-09 15:58:14,False,9,14,False,0,3,False,0.55,7.2
EDR-006159,AST-06159,2026-08-25 09:58:14,False,9,14,False,0,5,False,0.63,6.7
EDR-006160,AST-06160,2026-08-13 09:58:14,False,10,9,False,0,44,False,0.2,6.6
EDR-006161,AST-06161,2026-08-14 14:58:14,False,1,4,False,0,48,False,0.56,9.3
EDR-006162,AST-06162,2026-08-13 19:58:14,False,2,9,False,0,14,False,0.43,9.2
EDR-006163,AST-06163,2026-08-10 17:58:14,False,4,1,False,0,49,False,0.47,9.1
EDR-006164,AST-06164,2026-08-11 08:58:14,False,10,5,False,0,31,False,0.38,7.8
EDR-006165,AST-06165,2026-08-25 22:58:14,False,4,13,False,0,28,False,0.35,8.3
EDR-006166,AST-06166,2026-08-11 06:58:14,False,3,7,False,0,1,False,0.51,8.6
EDR-006167,AST-06167,2026-08-16 13:58:14,False,5,10,False,0,8,False,0.36,8.0
EDR-006168,AST-06168,2026-09-01 07:58:14,False,3,2,False,0,25,False,0.58,9.4
EDR-006169,AST-06169,2026-08-17 06:58:14,False,8,20,False,0,38,False,0.35,6.7
EDR-006170,AST-06170,2026-08-16 19:58:14,False,7,12,False,0,6,False,0.76,7.7
EDR-006171,AST-06171,2026-08-30 01:58:14,False,8,10,False,0,47,False,0.47,7.8
EDR-006172,AST-06172,2026-09-02 15:58:14,False,7,4,False,0,44,False,0.43,8.5
EDR-006173,AST-06173,2026-08-25 22:58:14,False,7,18,False,0,24,False,0.47,6.8
EDR-006174,AST-06174,2026-08-09 11:58:14,False,8,4,False,0,37,False,0.11,8.0
EDR-006175,AST-06175,2026-08-15 12:58:14,False,5,9,False,0,33,False,0.7,7.9
EDR-006176,AST-06176,2026-09-02 21:58:14,False,6,19,False,0,12,False,0.51,6.6
EDR-006177,AST-06177,2026-09-02 18:58:14,False,7,18,False,0,43,False,0.71,6.4
EDR-006178,AST-06178,2026-08-08 13:58:14,False,6,2,False,0,22,False,0.72,8.5
EDR-006179,AST-06179,2026-08-20 18:58:14,False,4,16,False,0,31,False,0.17,7.4
EDR-006180,AST-06180,2026-08-23 05:58:14,False,7,12,False,0,44,False,0.65,7.5
EDR-006181,AST-06181,2026-09-04 07:58:14,False,5,15,False,0,32,False,0.71,7.9
EDR-006182,AST-06182,2026-08-29 08:58:14,False,10,3,False,0,42,False,0.15,7.7
EDR-006183,AST-06183,2026-08-23 09:58:14,False,10,4,False,0,11,False,0.4,7.8
EDR-006184,AST-06184,2026-09-03 04:58:14,False,7,12,False,0,17,False,0.22,7.6
EDR-006185,AST-06185,2026-08-21 21:58:14,False,2,14,False,0,40,False,0.12,7.8
EDR-006186,AST-06186,2026-08-22 13:58:14,False,0,3,False,0,1,False,0.39,9.3
EDR-006187,AST-06187,2026-08-23 07:58:14,True,10,9,False,0,31,True,0.65,5.3
EDR-006188,AST-06188,2026-08-10 23:58:14,False,7,10,False,0,12,False,0.23,7.3
EDR-006189,AST-06189,2026-08-29 22:58:14,False,7,9,False,0,29,False,0.51,7.5
EDR-006190,AST-06190,2026-08-11 10:58:14,False,0,6,False,0,11,False,0.24,9.6
EDR-006191,AST-06191,2026-08-29 18:58:14,False,3,9,False,0,34,False,0.7,8.4
EDR-006192,AST-06192,2026-09-02 03:58:14,False,2,11,False,0,0,False,0.12,9.0
EDR-006193,AST-06193,2026-08-11 22:58:14,False,8,8,False,0,34,False,0.27,7.9
EDR-006194,AST-06194,2026-08-22 07:58:14,False,4,18,False,0,46,False,0.48,7.7
EDR-006195,AST-06195,2026-08-15 18:58:14,False,3,20,False,0,3,False,0.57,7.0
EDR-006196,AST-06196,2026-08-10 02:58:14,False,7,6,False,0,41,False,0.53,8.0
EDR-006197,AST-06197,2026-08-12 06:58:14,False,10,17,False,0,21,False,0.64,5.9
EDR-006198,AST-06198,2026-08-19 20:58:14,False,7,13,False,0,25,False,0.43,6.9
EDR-006199,AST-06199,2026-09-03 17:58:14,False,1,15,False,0,49,False,0.14,8.6
EDR-006200,AST-06200,2026-08-28 09:58:14,True,1,18,False,3,36,True,0.99,6.4
EDR-006201,AST-06201,2026-08-31 09:58:14,False,8,13,False,0,45,False,0.38,7.2
EDR-006202,AST-06202,2026-08-13 09:58:14,True,7,7,False,0,27,False,0.98,6.2
EDR-006203,AST-06203,2026-08-22 03:58:14,False,4,3,False,0,6,False,0.67,8.5
EDR-006204,AST-06204,2026-08-17 20:58:14,False,10,19,False,0,18,False,0.51,6.3
EDR-006205,AST-06205,2026-08-29 19:58:14,False,6,19,False,0,23,False,0.48,7.0
EDR-006206,AST-06206,2026-08-31 16:58:14,False,4,6,False,0,11,False,0.57,9.0
EDR-006207,AST-06207,2026-08-30 21:58:14,False,10,8,False,0,48,False,0.72,7.1
EDR-006208,AST-06208,2026-08-24 06:58:14,False,8,16,False,0,7,False,0.61,6.8
EDR-006209,AST-06209,2026-09-03 12:58:14,False,3,19,False,0,42,False,0.75,7.7
EDR-006210,AST-06210,2026-08-26 10:58:14,False,0,13,False,0,24,False,0.38,8.7
EDR-006211,AST-06211,2026-08-24 10:58:14,False,1,7,False,0,21,False,0.24,8.8
EDR-006212,AST-06212,2026-08-15 11:58:14,False,7,4,False,0,22,False,0.74,7.9
EDR-006213,AST-06213,2026-08-08 19:58:14,False,0,7,False,0,27,False,0.69,9.0
EDR-006214,AST-06214,2026-08-29 23:58:14,False,2,0,False,0,43,False,0.69,9.7
EDR-006215,AST-06215,2026-08-15 11:58:14,False,7,14,False,0,38,False,0.55,6.9
EDR-006216,AST-06216,2026-08-29 01:58:14,False,6,1,False,0,36,False,0.7,9.0
EDR-006217,AST-06217,2026-09-04 15:58:14,False,8,0,False,0,7,False,0.8,8.6
EDR-006218,AST-06218,2026-08-22 14:58:14,False,5,5,False,0,1,False,0.49,8.1
EDR-006219,AST-06219,2026-08-23 11:58:14,False,3,19,False,0,47,False,0.28,7.1
EDR-006220,AST-06220,2026-08-17 04:58:14,False,8,8,False,0,38,False,0.24,7.1
EDR-006221,AST-06221,2026-08-23 23:58:14,False,5,1,False,0,9,False,0.22,9.2
EDR-006222,AST-06222,2026-08-14 14:58:14,False,7,4,False,0,10,False,0.68,8.2
EDR-006223,AST-06223,2026-08-09 12:58:14,False,5,18,False,0,7,False,0.21,7.3
EDR-006224,AST-06224,2026-08-28 14:58:14,False,3,3,False,0,1,False,0.16,8.8
EDR-006225,AST-06225,2026-08-17 20:58:14,True,5,9,False,2,20,False,0.68,6.2
EDR-006226,AST-06226,2026-09-03 21:58:14,False,0,19,False,0,1,False,0.74,8.3
EDR-006227,AST-06227,2026-08-12 11:58:14,False,0,16,False,0,25,False,0.67,8.8
EDR-006228,AST-06228,2026-09-02 09:58:14,False,3,20,False,0,41,False,0.77,7.3
EDR-006229,AST-06229,2026-08-23 08:58:14,False,2,10,False,0,9,False,0.58,8.8
EDR-006230,AST-06230,2026-08-20 05:58:14,False,9,14,False,0,19,False,0.19,6.7
EDR-006231,AST-06231,2026-08-07 20:58:14,False,2,15,False,0,48,False,0.18,8.1
EDR-006232,AST-06232,2026-08-28 12:58:14,False,6,6,False,0,46,False,0.27,8.2
EDR-006233,AST-06233,2026-08-13 03:58:14,False,2,17,False,0,46,False,0.12,8.1
EDR-006234,AST-06234,2026-08-12 19:58:14,False,8,1,False,0,27,False,0.35,8.4
EDR-006235,AST-06235,2026-08-10 04:58:14,False,9,16,False,0,0,False,0.51,6.8
EDR-006236,AST-06236,2026-08-25 13:58:14,False,7,18,False,0,8,False,0.66,7.1
EDR-006237,AST-06237,2026-08-16 15:58:14,True,6,17,False,1,36,False,0.72,5.1
EDR-006238,AST-06238,2026-09-02 13:58:14,False,10,5,False,0,36,False,0.33,7.2
EDR-006239,AST-06239,2026-08-09 16:58:14,True,9,12,False,2,22,True,0.61,4.7
EDR-006240,AST-06240,2026-08-06 15:58:14,False,9,5,False,0,33,False,0.24,8.0
EDR-006241,AST-06241,2026-08-15 12:58:14,False,7,11,False,0,27,False,0.32,7.2
EDR-006242,AST-06242,2026-08-10 03:58:14,False,10,14,False,0,18,False,0.46,6.6
EDR-006243,AST-06243,2026-08-28 02:58:14,False,10,2,False,0,24,False,0.73,7.5
EDR-006244,AST-06244,2026-08-30 13:58:14,False,6,17,False,0,40,False,0.55,6.8
EDR-006245,AST-06245,2026-08-19 12:58:14,False,1,9,False,0,44,False,0.65,8.4
EDR-006246,AST-06246,2026-08-07 16:58:14,False,7,3,False,0,32,False,0.21,8.5
EDR-006247,AST-06247,2026-08-15 09:58:14,False,5,4,False,0,21,False,0.47,9.0
EDR-006248,AST-06248,2026-08-13 16:58:14,False,0,3,False,0,39,False,0.58,9.7
EDR-006249,AST-06249,2026-08-18 03:58:14,False,0,17,False,0,4,False,0.55,8.0
EDR-006250,AST-06250,2026-08-22 08:58:14,False,0,3,False,0,43,False,0.46,10
EDR-006251,AST-06251,2026-08-15 22:58:14,False,1,6,False,0,14,False,0.24,8.8
EDR-006252,AST-06252,2026-08-18 09:58:14,False,9,4,False,0,15,False,0.56,8.0
EDR-006253,AST-06253,2026-08-31 19:58:14,False,10,11,False,0,20,False,0.39,6.5
EDR-006254,AST-06254,2026-08-11 03:58:14,False,8,12,False,0,9,False,0.21,6.8
EDR-006255,AST-06255,2026-08-28 23:58:14,False,5,17,False,0,37,False,0.72,7.4
EDR-006256,AST-06256,2026-09-03 19:58:14,False,8,1,False,0,15,False,0.73,8.6
EDR-006257,AST-06257,2026-09-01 23:58:14,False,10,4,True,0,0,False,0.52,4.8
EDR-006258,AST-06258,2026-08-23 05:58:14,False,5,20,False,0,33,False,0.2,7.4
EDR-006259,AST-06259,2026-08-10 22:58:14,False,1,13,False,0,20,False,0.51,8.1
EDR-006260,AST-06260,2026-08-23 06:58:14,True,9,18,False,3,11,True,0.84,4.9
EDR-006261,AST-06261,2026-08-12 02:58:14,False,0,6,False,0,46,False,0.25,9.3
EDR-006262,AST-06262,2026-09-01 22:58:14,False,5,7,False,0,14,False,0.34,8.7
EDR-006263,AST-06263,2026-08-18 09:58:14,False,6,20,False,0,34,False,0.76,6.6
EDR-006264,AST-06264,2026-09-01 04:58:14,False,5,10,False,0,36,False,0.22,7.5
EDR-006265,AST-06265,2026-09-03 13:58:14,False,1,1,False,0,9,False,0.74,10
EDR-006266,AST-06266,2026-09-01 18:58:14,False,10,11,True,0,16,False,0.25,4.4
EDR-006267,AST-06267,2026-09-01 19:58:14,False,8,0,False,0,25,False,0.49,8.0
EDR-006268,AST-06268,2026-08-25 22:58:14,False,9,7,False,0,43,False,0.35,7.2
EDR-006269,AST-06269,2026-08-10 13:58:14,False,1,2,False,0,23,False,0.76,9.4
EDR-006270,AST-06270,2026-08-11 21:58:14,False,1,3,True,0,21,False,0.63,6.9
EDR-006271,AST-06271,2026-08-20 01:58:14,True,8,18,False,1,15,True,0.77,4.3
EDR-006272,AST-06272,2026-08-17 07:58:14,True,6,1,False,1,21,True,0.72,6.6
EDR-006273,AST-06273,2026-08-11 22:58:14,True,0,6,False,2,13,True,0.6,7.6
EDR-006274,AST-06274,2026-08-15 05:58:14,False,3,9,False,0,41,False,0.5,8.4
EDR-006275,AST-06275,2026-08-07 03:58:14,False,3,1,False,0,44,False,0.68,9.7
EDR-006276,AST-06276,2026-08-28 18:58:14,False,6,12,False,0,2,False,0.37,7.3
EDR-006277,AST-06277,2026-08-06 23:58:14,False,8,18,False,0,29,False,0.35,6.9
EDR-006278,AST-06278,2026-08-31 01:58:14,False,6,9,False,0,46,False,0.45,8.2
EDR-006279,AST-06279,2026-08-30 00:58:14,False,10,14,False,0,6,False,0.29,7.0
EDR-006280,AST-06280,2026-08-24 16:58:14,False,7,8,False,0,33,False,0.26,7.4
EDR-006281,AST-06281,2026-08-11 17:58:14,False,4,12,False,0,18,False,0.47,7.6
EDR-006282,AST-06282,2026-08-25 03:58:14,False,6,11,False,0,39,False,0.4,7.3
EDR-006283,AST-06283,2026-08-17 17:58:14,False,4,16,True,0,36,False,0.28,4.3
EDR-006284,AST-06284,2026-08-27 03:58:14,False,1,8,False,0,0,False,0.36,8.6
EDR-006285,AST-06285,2026-08-22 14:58:14,False,3,20,False,0,31,False,0.16,7.1
EDR-006286,AST-06286,2026-08-26 16:58:14,False,7,4,False,0,4,False,0.68,8.5
EDR-006287,AST-06287,2026-09-02 04:58:14,False,2,7,False,0,24,False,0.46,9.3
EDR-006288,AST-06288,2026-08-13 10:58:14,False,8,9,False,0,47,False,0.25,7.9
EDR-006289,AST-06289,2026-08-19 11:58:14,False,0,0,False,0,41,False,0.58,10
EDR-006290,AST-06290,2026-08-23 10:58:14,False,10,10,False,0,7,False,0.16,6.5
EDR-006291,AST-06291,2026-08-16 06:58:14,False,9,4,False,0,34,False,0.3,8.3
EDR-006292,AST-06292,2026-08-27 20:58:14,False,10,13,False,0,1,False,0.13,6.6
EDR-006293,AST-06293,2026-08-13 10:58:14,False,2,13,False,0,44,False,0.27,8.0
EDR-006294,AST-06294,2026-08-27 15:58:14,False,6,19,False,0,33,False,0.3,6.4
EDR-006295,AST-06295,2026-08-08 11:58:14,False,0,18,False,0,21,False,0.6,8.3
EDR-006296,AST-06296,2026-08-20 23:58:14,False,0,3,False,0,32,False,0.24,9.8
EDR-006297,AST-06297,2026-08-06 10:58:14,False,10,13,False,0,45,False,0.76,6.4
EDR-006298,AST-06298,2026-08-14 11:58:14,False,7,19,False,0,17,False,0.46,6.8
EDR-006299,AST-06299,2026-08-06 15:58:14,False,1,9,False,0,25,False,0.71,8.5
EDR-006300,AST-06300,2026-08-11 14:58:14,False,4,17,False,0,1,False,0.39,7.9
EDR-006301,AST-06301,2026-08-30 17:58:14,False,5,11,False,0,15,False,0.73,7.8
EDR-006302,AST-06302,2026-08-20 12:58:14,False,7,18,False,0,10,False,0.36,6.3
EDR-006303,AST-06303,2026-08-13 06:58:14,False,10,17,False,0,24,False,0.7,6.7
EDR-006304,AST-06304,2026-08-31 21:58:14,False,4,1,False,0,32,False,0.77,9.5
EDR-006305,AST-06305,2026-08-23 12:58:14,False,0,7,False,0,11,False,0.54,9.3
EDR-006306,AST-06306,2026-08-13 02:58:14,False,5,4,False,0,45,False,0.2,8.1
EDR-006307,AST-06307,2026-08-10 16:58:14,False,10,11,False,0,6,False,0.27,7.3
EDR-006308,AST-06308,2026-09-03 19:58:14,False,10,17,False,0,3,False,0.45,6.2
EDR-006309,AST-06309,2026-08-10 21:58:14,False,7,13,False,0,2,False,0.53,6.9
EDR-006310,AST-06310,2026-08-09 12:58:14,False,0,12,False,0,13,False,0.55,9.1
EDR-006311,AST-06311,2026-08-19 03:58:14,False,3,12,False,0,36,False,0.72,8.0
EDR-006312,AST-06312,2026-08-25 09:58:14,False,7,10,False,0,35,False,0.33,7.7
EDR-006313,AST-06313,2026-08-30 10:58:14,False,10,17,False,0,42,False,0.56,5.8
EDR-006314,AST-06314,2026-08-21 12:58:14,False,9,18,False,0,9,False,0.74,6.1
EDR-006315,AST-06315,2026-09-03 03:58:14,False,9,20,False,0,29,False,0.12,5.9
EDR-006316,AST-06316,2026-08-15 00:58:14,False,1,12,False,0,29,False,0.3,9.0
EDR-006317,AST-06317,2026-08-10 09:58:14,False,10,15,False,0,20,False,0.21,6.1
EDR-006318,AST-06318,2026-08-17 00:58:14,False,4,8,False,0,20,False,0.61,8.8
EDR-006319,AST-06319,2026-08-26 08:58:14,False,10,12,False,0,50,False,0.7,7.1
EDR-006320,AST-06320,2026-08-07 08:58:14,False,4,20,False,0,46,False,0.75,7.5
EDR-006321,AST-06321,2026-08-12 03:58:14,False,6,13,False,0,5,False,0.19,8.0
EDR-006322,AST-06322,2026-08-09 01:58:14,False,1,1,False,0,7,False,0.34,9.4
EDR-006323,AST-06323,2026-08-13 15:58:14,False,1,7,False,0,25,False,0.31,9.3
EDR-006324,AST-06324,2026-08-31 20:58:14,False,2,6,False,0,41,False,0.76,8.8
EDR-006325,AST-06325,2026-08-17 06:58:14,False,10,6,False,0,25,False,0.62,7.6
EDR-006326,AST-06326,2026-08-06 05:58:14,False,5,2,False,0,43,False,0.41,8.8
EDR-006327,AST-06327,2026-08-09 07:58:14,False,9,20,False,0,50,False,0.57,5.9
EDR-006328,AST-06328,2026-08-09 12:58:14,False,10,17,False,0,22,False,0.3,6.7
EDR-006329,AST-06329,2026-08-06 04:58:14,False,8,5,False,0,8,False,0.61,7.4
EDR-006330,AST-06330,2026-08-24 23:58:14,False,8,4,False,0,35,False,0.44,7.6
EDR-006331,AST-06331,2026-08-17 15:58:14,False,8,11,False,0,0,False,0.61,6.9
EDR-006332,AST-06332,2026-08-10 02:58:14,False,8,5,False,0,27,False,0.49,8.0
EDR-006333,AST-06333,2026-08-24 05:58:14,False,10,10,False,0,42,False,0.48,6.7
EDR-006334,AST-06334,2026-09-01 10:58:14,False,2,13,False,0,36,False,0.68,8.8
EDR-006335,AST-06335,2026-08-25 17:58:14,False,0,11,False,0,12,False,0.1,8.5
EDR-006336,AST-06336,2026-08-07 21:58:14,False,2,16,False,0,27,False,0.76,7.6
EDR-006337,AST-06337,2026-08-29 21:58:14,False,5,14,False,0,45,False,0.25,7.6
EDR-006338,AST-06338,2026-08-13 07:58:14,False,6,8,False,0,29,False,0.77,7.8
EDR-006339,AST-06339,2026-08-22 08:58:14,True,6,3,False,0,35,False,0.85,6.2
EDR-006340,AST-06340,2026-09-03 16:58:14,False,9,18,False,0,44,False,0.45,6.2
EDR-006341,AST-06341,2026-08-26 15:58:14,False,8,1,False,0,14,False,0.7,8.2
EDR-006342,AST-06342,2026-08-12 20:58:14,False,1,2,False,0,9,False,0.25,9.6
EDR-006343,AST-06343,2026-08-16 15:58:14,False,2,11,False,0,40,False,0.76,8.4
EDR-006344,AST-06344,2026-08-31 18:58:14,False,2,16,False,0,30,False,0.49,8.3
EDR-006345,AST-06345,2026-08-07 08:58:14,False,0,4,False,0,31,False,0.52,9.8
EDR-006346,AST-06346,2026-08-31 08:58:14,False,7,10,False,0,38,False,0.8,7.8
EDR-006347,AST-06347,2026-08-26 01:58:14,False,3,9,False,0,24,False,0.72,8.1
EDR-006348,AST-06348,2026-09-04 16:58:14,True,0,2,False,0,24,False,0.81,7.9
EDR-006349,AST-06349,2026-08-21 07:58:14,False,9,4,False,0,37,False,0.18,7.7
EDR-006350,AST-06350,2026-09-03 02:58:14,False,1,0,False,0,1,False,0.75,9.7
EDR-006351,AST-06351,2026-08-29 01:58:14,False,2,13,False,0,28,False,0.29,8.1
EDR-006352,AST-06352,2026-08-31 00:58:14,False,3,15,False,0,12,False,0.48,7.6
EDR-006353,AST-06353,2026-08-17 05:58:14,False,8,8,False,0,17,False,0.51,7.6
EDR-006354,AST-06354,2026-08-22 10:58:14,False,1,7,False,0,15,False,0.58,9.2
EDR-006355,AST-06355,2026-08-08 10:58:14,False,4,10,False,0,42,False,0.52,8.7
EDR-006356,AST-06356,2026-08-22 08:58:14,False,10,15,False,0,10,False,0.17,6.3
EDR-006357,AST-06357,2026-08-15 06:58:14,False,6,16,False,0,48,False,0.8,7.0
EDR-006358,AST-06358,2026-08-27 12:58:14,False,7,4,False,0,25,False,0.65,8.0
EDR-006359,AST-06359,2026-08-27 20:58:14,False,5,17,False,0,0,False,0.37,7.4
EDR-006360,AST-06360,2026-08-18 08:58:14,True,5,18,False,3,29,False,0.73,4.9
EDR-006361,AST-06361,2026-08-19 09:58:14,False,8,12,False,0,36,False,0.78,6.8
EDR-006362,AST-06362,2026-08-07 21:58:14,True,6,3,False,0,13,True,0.92,6.2
EDR-006363,AST-06363,2026-08-14 18:58:14,False,0,15,False,0,10,False,0.25,8.0
EDR-006364,AST-06364,2026-08-11 16:58:14,False,8,1,False,0,29,False,0.75,8.2
EDR-006365,AST-06365,2026-08-23 01:58:14,False,3,19,False,0,34,False,0.26,7.6
EDR-006366,AST-06366,2026-08-16 02:58:14,False,8,5,False,0,49,False,0.59,8.0
EDR-006367,AST-06367,2026-09-04 09:58:14,False,8,16,False,0,48,False,0.3,7.0
EDR-006368,AST-06368,2026-08-27 09:58:14,False,10,14,False,0,45,False,0.76,6.4
EDR-006369,AST-06369,2026-08-28 13:58:14,False,1,17,False,0,18,False,0.48,8.2
EDR-006370,AST-06370,2026-08-28 20:58:14,False,10,20,False,0,10,False,0.43,6.2
EDR-006371,AST-06371,2026-08-18 05:58:14,False,3,5,False,0,7,False,0.79,9.2
EDR-006372,AST-06372,2026-08-31 04:58:14,False,6,6,False,0,23,False,0.14,7.8
EDR-006373,AST-06373,2026-09-03 03:58:14,False,4,7,False,0,38,False,0.23,8.7
EDR-006374,AST-06374,2026-08-09 02:58:14,False,9,18,False,0,37,False,0.58,5.9
EDR-006375,AST-06375,2026-08-20 17:58:14,False,5,13,False,0,24,False,0.63,7.8
EDR-006376,AST-06376,2026-08-20 18:58:14,False,9,13,False,0,16,False,0.56,7.3
EDR-006377,AST-06377,2026-09-02 18:58:14,False,7,11,False,0,17,False,0.66,7.0
EDR-006378,AST-06378,2026-08-25 15:58:14,False,2,9,False,0,43,False,0.38,8.8
EDR-006379,AST-06379,2026-09-03 04:58:14,False,1,15,False,0,12,False,0.24,8.1
EDR-006380,AST-06380,2026-09-02 11:58:14,False,4,0,False,0,23,False,0.62,9.6
EDR-006381,AST-06381,2026-08-19 17:58:14,False,1,19,False,0,50,False,0.73,7.6
EDR-006382,AST-06382,2026-08-19 10:58:14,False,4,6,False,0,24,False,0.75,8.3
EDR-006383,AST-06383,2026-08-21 06:58:14,False,7,7,False,0,19,False,0.31,8.0
EDR-006384,AST-06384,2026-08-06 16:58:14,False,5,13,False,0,16,False,0.33,7.6
EDR-006385,AST-06385,2026-08-17 04:58:14,False,4,17,False,0,36,False,0.68,7.2
EDR-006386,AST-06386,2026-08-14 03:58:14,False,5,9,False,0,9,False,0.44,8.6
EDR-006387,AST-06387,2026-08-30 22:58:14,False,7,12,False,0,23,False,0.64,7.8
EDR-006388,AST-06388,2026-08-26 11:58:14,False,8,14,False,0,25,False,0.69,7.3
EDR-006389,AST-06389,2026-08-16 13:58:14,False,9,14,False,0,27,False,0.12,6.4
EDR-006390,AST-06390,2026-08-22 19:58:14,False,1,9,False,0,32,False,0.54,8.8
EDR-006391,AST-06391,2026-08-31 22:58:14,False,8,17,False,0,47,False,0.67,6.9
EDR-006392,AST-06392,2026-09-01 07:58:14,False,5,11,False,0,0,False,0.18,8.1
EDR-006393,AST-06393,2026-08-08 15:58:14,False,6,17,False,0,38,False,0.28,7.1
EDR-006394,AST-06394,2026-08-09 05:58:14,False,5,15,False,0,50,False,0.24,7.8
EDR-006395,AST-06395,2026-09-01 01:58:14,False,8,8,False,0,21,False,0.25,8.1
EDR-006396,AST-06396,2026-08-10 16:58:14,False,3,8,False,0,45,False,0.56,8.1
EDR-006397,AST-06397,2026-08-13 09:58:14,False,6,15,False,0,3,False,0.26,7.6
EDR-006398,AST-06398,2026-08-15 17:58:14,False,6,8,False,0,21,False,0.67,8.4
EDR-006399,AST-06399,2026-08-06 13:58:14,False,3,17,False,0,29,False,0.14,7.6
EDR-006400,AST-06400,2026-08-30 22:58:14,False,1,13,False,0,11,False,0.19,8.8
EDR-006401,AST-06401,2026-08-08 22:58:14,False,2,10,False,0,45,False,0.67,8.8
EDR-006402,AST-06402,2026-08-25 19:58:14,False,4,7,False,0,14,False,0.36,8.2
EDR-006403,AST-06403,2026-08-17 07:58:14,False,9,3,False,0,42,False,0.39,8.2
EDR-006404,AST-06404,2026-08-25 14:58:14,False,6,2,False,0,22,False,0.7,8.7
EDR-006405,AST-06405,2026-09-01 14:58:14,False,3,5,False,0,23,False,0.16,9.1
EDR-006406,AST-06406,2026-08-13 09:58:14,False,6,6,False,0,50,False,0.63,8.1
EDR-006407,AST-06407,2026-08-10 01:58:14,False,4,3,False,0,2,False,0.55,9.0
EDR-006408,AST-06408,2026-08-20 23:58:14,False,6,10,False,0,46,False,0.34,7.3
EDR-006409,AST-06409,2026-08-27 02:58:14,False,0,11,False,0,47,False,0.38,8.8
EDR-006410,AST-06410,2026-08-23 20:58:14,False,6,20,False,0,4,False,0.24,7.0
EDR-006411,AST-06411,2026-08-14 09:58:14,False,5,7,False,0,7,False,0.56,8.5
EDR-006412,AST-06412,2026-08-06 03:58:14,False,0,15,False,0,5,False,0.68,8.2
EDR-006413,AST-06413,2026-08-30 08:58:14,False,5,20,False,0,44,False,0.78,7.4
EDR-006414,AST-06414,2026-09-01 19:58:14,False,10,15,False,0,42,False,0.43,6.1
EDR-006415,AST-06415,2026-08-15 07:58:14,False,3,2,False,0,47,False,0.43,9.6
EDR-006416,AST-06416,2026-08-23 10:58:14,False,9,15,False,0,21,False,0.4,7.0
EDR-006417,AST-06417,2026-08-09 06:58:14,False,5,17,False,0,2,False,0.1,7.5
EDR-006418,AST-06418,2026-09-02 19:58:14,False,1,6,False,0,35,False,0.75,9.2
EDR-006419,AST-06419,2026-08-15 00:58:14,False,5,15,False,0,49,False,0.66,7.9
EDR-006420,AST-06420,2026-08-15 15:58:14,False,6,3,False,0,26,False,0.44,8.7
EDR-006421,AST-06421,2026-09-02 09:58:14,False,6,6,False,0,42,False,0.11,7.7
EDR-006422,AST-06422,2026-08-24 03:58:14,False,1,10,False,0,8,False,0.27,9.1
EDR-006423,AST-06423,2026-08-22 08:58:14,False,6,16,False,0,46,False,0.44,7.3
EDR-006424,AST-06424,2026-08-06 01:58:14,False,6,15,False,0,9,False,0.74,7.2
EDR-006425,AST-06425,2026-08-11 22:58:14,True,7,13,False,0,42,True,1.0,5.5
EDR-006426,AST-06426,2026-08-09 03:58:14,False,4,13,False,0,10,False,0.47,8.3
EDR-006427,AST-06427,2026-09-02 06:58:14,True,10,13,False,3,26,True,1.0,4.4
EDR-006428,AST-06428,2026-08-22 05:58:14,False,8,4,False,0,46,False,0.13,8.4
EDR-006429,AST-06429,2026-08-29 10:58:14,False,6,1,False,0,2,False,0.6,8.3
EDR-006430,AST-06430,2026-08-18 05:58:14,False,3,20,False,0,49,False,0.62,7.3
EDR-006431,AST-06431,2026-08-18 14:58:14,False,2,19,False,0,36,False,0.43,7.9
EDR-006432,AST-06432,2026-09-02 01:58:14,False,1,20,False,0,38,False,0.16,7.8
EDR-006433,AST-06433,2026-08-06 22:58:14,False,3,4,False,0,7,False,0.15,8.8
EDR-006434,AST-06434,2026-08-24 23:58:14,False,0,11,False,0,3,False,0.36,8.9
EDR-006435,AST-06435,2026-08-21 06:58:14,False,7,2,False,0,17,False,0.62,8.3
EDR-006436,AST-06436,2026-08-24 06:58:14,True,2,7,False,0,0,True,0.88,6.8
EDR-006437,AST-06437,2026-09-02 04:58:14,False,6,13,False,0,0,False,0.3,7.7
EDR-006438,AST-06438,2026-08-30 23:58:14,False,6,9,False,0,48,False,0.3,7.9
EDR-006439,AST-06439,2026-08-07 12:58:14,False,6,3,False,0,24,False,0.33,8.7
EDR-006440,AST-06440,2026-08-23 12:58:14,False,8,13,False,0,39,False,0.43,7.3
EDR-006441,AST-06441,2026-09-03 02:58:14,False,2,13,False,0,47,False,0.26,8.2
EDR-006442,AST-06442,2026-08-09 18:58:14,False,8,10,False,0,23,False,0.67,7.5
EDR-006443,AST-06443,2026-08-12 17:58:14,False,6,6,False,0,29,False,0.47,8.4
EDR-006444,AST-06444,2026-08-23 08:58:14,False,1,3,False,0,10,False,0.1,9.3
EDR-006445,AST-06445,2026-08-29 06:58:14,False,1,10,False,0,11,False,0.74,9.1
EDR-006446,AST-06446,2026-08-13 20:58:14,False,6,18,False,0,8,False,0.47,6.6
EDR-006447,AST-06447,2026-08-07 20:58:14,False,6,14,False,0,40,False,0.57,7.7
EDR-006448,AST-06448,2026-08-07 23:58:14,False,8,20,False,0,20,False,0.61,6.0
EDR-006449,AST-06449,2026-08-08 21:58:14,False,0,6,False,0,20,False,0.19,9.2
EDR-006450,AST-06450,2026-08-13 03:58:14,False,5,17,False,0,13,False,0.68,7.2
EDR-006451,AST-06451,2026-08-10 02:58:14,True,2,13,False,2,49,True,0.88,6.8
EDR-006452,AST-06452,2026-08-30 09:58:14,False,1,6,False,0,15,False,0.41,9.5
EDR-006453,AST-06453,2026-08-23 06:58:14,False,9,4,False,0,46,False,0.22,7.5
EDR-006454,AST-06454,2026-08-14 14:58:14,False,9,2,False,0,10,False,0.54,7.8
EDR-006455,AST-06455,2026-08-08 12:58:14,False,0,6,False,0,9,False,0.27,9.9
EDR-006456,AST-06456,2026-08-20 10:58:14,False,4,2,False,0,34,False,0.62,9.4
EDR-006457,AST-06457,2026-08-28 01:58:14,False,7,15,False,0,47,False,0.62,6.8
EDR-006458,AST-06458,2026-08-17 05:58:14,False,10,1,False,0,16,False,0.76,8.2
EDR-006459,AST-06459,2026-08-20 15:58:14,False,10,2,False,0,27,False,0.33,7.3
EDR-006460,AST-06460,2026-08-23 19:58:14,False,4,3,False,0,37,False,0.41,8.9
EDR-006461,AST-06461,2026-08-17 04:58:14,False,2,6,False,0,29,False,0.78,8.7
EDR-006462,AST-06462,2026-08-15 22:58:14,False,5,6,False,0,12,False,0.33,8.1
EDR-006463,AST-06463,2026-08-07 17:58:14,False,7,1,False,0,32,False,0.68,8.5
EDR-006464,AST-06464,2026-08-16 07:58:14,False,10,12,False,0,21,False,0.18,6.7
EDR-006465,AST-06465,2026-08-24 18:58:14,False,7,15,False,0,8,False,0.36,7.5
EDR-006466,AST-06466,2026-08-11 11:58:14,False,2,13,False,0,50,False,0.51,8.2
EDR-006467,AST-06467,2026-09-02 00:58:14,False,8,12,True,0,29,False,0.27,3.9
EDR-006468,AST-06468,2026-08-14 01:58:14,False,8,10,False,0,24,False,0.57,6.9
EDR-006469,AST-06469,2026-08-14 02:58:14,False,8,18,False,0,47,False,0.7,6.4
EDR-006470,AST-06470,2026-08-29 14:58:14,False,10,20,False,0,25,False,0.16,6.2
EDR-006471,AST-06471,2026-09-01 11:58:14,False,3,2,False,0,18,False,0.12,9.7
EDR-006472,AST-06472,2026-08-16 01:58:14,False,10,16,False,0,41,False,0.29,6.5
EDR-006473,AST-06473,2026-08-12 02:58:14,False,7,8,False,0,36,False,0.28,7.5
EDR-006474,AST-06474,2026-08-31 01:58:14,False,0,7,False,0,20,False,0.31,9.6
EDR-006475,AST-06475,2026-08-20 02:58:14,False,2,1,False,0,50,False,0.65,9.4
EDR-006476,AST-06476,2026-08-12 08:58:14,False,0,9,False,0,25,False,0.12,8.6
EDR-006477,AST-06477,2026-08-06 23:58:14,False,1,7,False,0,47,False,0.7,8.8
EDR-006478,AST-06478,2026-08-30 02:58:14,False,10,13,False,0,11,False,0.6,7.1
EDR-006479,AST-06479,2026-08-20 20:58:14,False,5,12,False,0,25,False,0.54,7.5
EDR-006480,AST-06480,2026-08-19 09:58:14,False,1,12,False,0,25,False,0.12,8.3
EDR-006481,AST-06481,2026-08-23 06:58:14,False,1,5,False,0,29,False,0.3,9.2
EDR-006482,AST-06482,2026-08-12 23:58:14,False,7,7,False,0,18,False,0.42,7.8
EDR-006483,AST-06483,2026-08-07 01:58:14,False,1,7,False,0,45,False,0.24,9.3
EDR-006484,AST-06484,2026-09-02 00:58:14,False,10,14,False,0,40,False,0.19,6.5
EDR-006485,AST-06485,2026-08-17 14:58:14,False,6,13,False,0,20,False,0.46,7.2
EDR-006486,AST-06486,2026-08-24 23:58:14,False,8,13,False,0,39,False,0.4,7.1
EDR-006487,AST-06487,2026-08-13 21:58:14,False,5,10,False,0,22,False,0.73,8.1
EDR-006488,AST-06488,2026-08-11 19:58:14,False,9,0,False,0,41,False,0.27,8.5
EDR-006489,AST-06489,2026-09-03 03:58:14,False,6,12,False,0,25,False,0.16,7.3
EDR-006490,AST-06490,2026-08-16 03:58:14,False,5,4,False,0,22,False,0.17,8.8
EDR-006491,AST-06491,2026-08-29 05:58:14,False,7,15,False,0,48,False,0.48,7.0
EDR-006492,AST-06492,2026-08-26 13:58:14,False,4,19,False,0,24,False,0.13,7.6
EDR-006493,AST-06493,2026-08-07 15:58:14,False,0,14,False,0,37,False,0.74,8.6
EDR-006494,AST-06494,2026-08-05 20:58:14,False,6,13,False,0,44,False,0.68,8.0
EDR-006495,AST-06495,2026-08-08 02:58:14,False,9,13,False,0,48,False,0.65,6.7
EDR-006496,AST-06496,2026-08-09 14:58:14,False,9,5,False,0,44,False,0.11,8.1
EDR-006497,AST-06497,2026-08-31 20:58:14,False,9,6,False,0,32,False,0.47,7.9
EDR-006498,AST-06498,2026-09-03 18:58:14,False,2,11,False,0,40,False,0.65,8.9
EDR-006499,AST-06499,2026-08-10 00:58:14,False,1,6,False,0,41,False,0.6,9.0
EDR-006500,AST-06500,2026-08-17 12:58:14,False,0,8,False,0,40,False,0.68,9.4
EDR-006501,AST-06501,2026-08-07 11:58:14,False,4,0,False,0,40,False,0.21,9.4
EDR-006502,AST-06502,2026-08-11 07:58:14,False,8,7,False,0,22,False,0.78,7.2
EDR-006503,AST-06503,2026-08-23 08:58:14,False,0,19,False,0,1,False,0.59,8.1
EDR-006504,AST-06504,2026-08-06 03:58:14,True,9,18,False,2,39,False,0.76,4.0
EDR-006505,AST-06505,2026-08-24 07:58:14,False,3,8,False,0,46,False,0.25,8.2
EDR-006506,AST-06506,2026-08-22 01:58:14,False,10,17,False,0,6,False,0.45,6.0
EDR-006507,AST-06507,2026-08-18 00:58:14,False,10,20,False,0,10,False,0.25,6.4
EDR-006508,AST-06508,2026-08-15 17:58:14,False,4,2,False,0,7,False,0.25,8.8
EDR-006509,AST-06509,2026-08-23 12:58:14,False,8,19,False,0,37,False,0.24,6.8
EDR-006510,AST-06510,2026-08-24 05:58:14,False,10,13,False,0,34,False,0.55,6.3
EDR-006511,AST-06511,2026-08-22 19:58:14,False,9,7,False,0,38,False,0.13,7.5
EDR-006512,AST-06512,2026-08-14 16:58:14,False,5,11,False,0,8,False,0.52,8.4
EDR-006513,AST-06513,2026-08-11 01:58:14,False,10,10,False,0,19,False,0.31,7.4
EDR-006514,AST-06514,2026-08-23 10:58:14,False,0,11,False,0,21,False,0.73,8.9
EDR-006515,AST-06515,2026-08-22 08:58:14,False,0,15,False,0,11,False,0.4,8.8
EDR-006516,AST-06516,2026-08-19 19:58:14,False,6,2,False,0,11,False,0.64,8.7
EDR-006517,AST-06517,2026-08-28 23:58:14,False,3,14,False,0,29,False,0.39,8.4
EDR-006518,AST-06518,2026-08-12 07:58:14,False,7,1,False,0,49,False,0.13,8.2
EDR-006519,AST-06519,2026-08-16 21:58:14,False,6,11,False,0,22,False,0.5,7.3
EDR-006520,AST-06520,2026-09-01 06:58:14,False,2,8,False,0,17,False,0.17,8.3
EDR-006521,AST-06521,2026-08-18 15:58:14,False,5,14,False,0,8,False,0.54,7.3
EDR-006522,AST-06522,2026-08-16 19:58:14,False,4,16,False,0,22,False,0.14,7.8
EDR-006523,AST-06523,2026-08-28 15:58:14,False,3,8,False,0,28,False,0.59,8.3
EDR-006524,AST-06524,2026-08-30 15:58:14,True,9,8,False,2,8,False,0.76,5.6
EDR-006525,AST-06525,2026-08-22 06:58:14,False,7,8,False,0,36,False,0.72,8.0
EDR-006526,AST-06526,2026-08-06 07:58:14,False,6,17,False,0,0,False,0.64,6.7
EDR-006527,AST-06527,2026-08-27 14:58:14,False,6,0,False,0,2,False,0.29,8.6
EDR-006528,AST-06528,2026-08-22 22:58:14,True,3,2,False,3,23,False,0.81,7.1
EDR-006529,AST-06529,2026-08-12 14:58:14,False,4,12,False,0,18,False,0.43,7.6
EDR-006530,AST-06530,2026-08-07 08:58:14,False,4,0,False,0,0,False,0.62,9.6
EDR-006531,AST-06531,2026-08-06 22:58:14,False,8,10,False,0,50,False,0.17,7.6
EDR-006532,AST-06532,2026-08-18 15:58:14,False,10,15,False,0,17,False,0.62,6.6
EDR-006533,AST-06533,2026-08-20 09:58:14,False,6,14,False,0,27,False,0.63,7.6
EDR-006534,AST-06534,2026-08-16 20:58:14,False,8,16,True,0,18,False,0.14,3.4
EDR-006535,AST-06535,2026-08-17 21:58:14,False,1,1,False,0,34,False,0.22,9.6
EDR-006536,AST-06536,2026-08-27 17:58:14,False,6,13,False,0,8,False,0.77,7.8
EDR-006537,AST-06537,2026-08-16 11:58:14,False,6,3,False,0,6,False,0.62,8.4
EDR-006538,AST-06538,2026-08-19 01:58:14,False,2,13,False,0,2,False,0.6,8.1
EDR-006539,AST-06539,2026-08-18 18:58:14,False,8,7,False,0,35,False,0.16,7.4
EDR-006540,AST-06540,2026-08-27 22:58:14,False,5,9,False,0,39,False,0.16,7.9
EDR-006541,AST-06541,2026-08-11 13:58:14,False,2,8,False,0,13,False,0.32,9.2
EDR-006542,AST-06542,2026-09-03 03:58:14,False,4,20,False,0,27,False,0.36,7.1
EDR-006543,AST-06543,2026-08-21 19:58:14,False,6,13,False,0,16,False,0.63,7.4
EDR-006544,AST-06544,2026-08-16 23:58:14,False,1,19,False,0,12,False,0.29,7.9
EDR-006545,AST-06545,2026-08-28 14:58:14,False,1,13,False,0,18,False,0.27,8.2
EDR-006546,AST-06546,2026-08-11 18:58:14,False,2,11,False,0,6,False,0.27,8.7
EDR-006547,AST-06547,2026-08-20 18:58:14,False,5,7,False,0,9,False,0.38,7.8
EDR-006548,AST-06548,2026-08-15 23:58:14,True,7,18,False,2,9,False,0.76,4.7
EDR-006549,AST-06549,2026-09-03 00:58:14,False,2,6,False,0,47,False,0.28,9.5
EDR-006550,AST-06550,2026-08-28 05:58:14,False,10,12,False,0,21,False,0.63,7.0
EDR-006551,AST-06551,2026-08-07 17:58:14,False,2,20,False,0,25,False,0.23,7.7
EDR-006552,AST-06552,2026-09-02 19:58:14,False,3,0,False,0,5,False,0.38,9.8
EDR-006553,AST-06553,2026-08-17 04:58:14,False,2,14,False,0,45,False,0.18,8.1
EDR-006554,AST-06554,2026-08-16 10:58:14,False,3,18,False,0,41,False,0.5,8.1
EDR-006555,AST-06555,2026-08-18 15:58:14,False,10,2,False,0,38,False,0.65,8.2
EDR-006556,AST-06556,2026-08-13 13:58:14,False,6,20,False,0,42,False,0.37,6.7
EDR-006557,AST-06557,2026-08-15 15:58:14,False,9,16,False,0,27,False,0.2,7.1
EDR-006558,AST-06558,2026-08-06 12:58:14,False,4,2,False,0,16,False,0.58,8.8
EDR-006559,AST-06559,2026-09-03 03:58:14,False,4,16,False,0,27,False,0.2,7.9
EDR-006560,AST-06560,2026-08-08 06:58:14,False,0,3,False,0,47,False,0.58,10
EDR-006561,AST-06561,2026-08-09 10:58:14,False,3,15,False,0,5,False,0.58,8.2
EDR-006562,AST-06562,2026-08-08 21:58:14,False,9,8,False,0,36,False,0.29,7.5
EDR-006563,AST-06563,2026-08-13 23:58:14,False,6,7,False,0,47,False,0.54,8.4
EDR-006564,AST-06564,2026-08-13 22:58:14,False,7,20,False,0,46,False,0.61,6.5
EDR-006565,AST-06565,2026-08-13 12:58:14,False,2,7,False,0,10,False,0.8,9.2
EDR-006566,AST-06566,2026-09-01 01:58:14,False,6,2,False,0,20,False,0.47,9.0
EDR-006567,AST-06567,2026-08-09 03:58:14,False,9,2,False,0,25,False,0.38,7.6
EDR-006568,AST-06568,2026-09-03 00:58:14,False,3,2,False,0,9,False,0.6,9.3
EDR-006569,AST-06569,2026-08-10 16:58:14,False,8,9,False,0,7,False,0.54,7.8
EDR-006570,AST-06570,2026-08-28 10:58:14,False,0,4,False,0,27,False,0.29,9.9
EDR-006571,AST-06571,2026-08-11 03:58:14,False,2,7,False,0,12,False,0.38,9.2
EDR-006572,AST-06572,2026-08-08 22:58:14,False,9,9,False,0,27,False,0.26,6.9
EDR-006573,AST-06573,2026-08-10 10:58:14,True,0,16,False,2,47,True,0.73,6.4
EDR-006574,AST-06574,2026-09-02 20:58:14,False,3,20,True,0,7,False,0.42,4.6
EDR-006575,AST-06575,2026-08-27 22:58:14,False,2,6,False,0,19,False,0.6,9.4
EDR-006576,AST-06576,2026-08-13 21:58:14,False,7,15,False,0,21,False,0.18,7.3
EDR-006577,AST-06577,2026-08-27 05:58:14,False,1,2,False,0,50,False,0.8,9.4
EDR-006578,AST-06578,2026-08-12 15:58:14,False,5,0,False,0,17,False,0.79,9.2
EDR-006579,AST-06579,2026-08-27 17:58:14,False,10,6,False,0,3,False,0.36,7.7
EDR-006580,AST-06580,2026-08-31 20:58:14,False,9,13,False,0,16,False,0.52,7.3
EDR-006581,AST-06581,2026-08-26 02:58:14,False,4,16,False,0,19,False,0.75,7.3
EDR-006582,AST-06582,2026-08-26 18:58:14,False,1,5,False,0,49,False,0.38,9.4
EDR-006583,AST-06583,2026-08-28 08:58:14,False,2,11,False,0,1,False,0.53,8.6
EDR-006584,AST-06584,2026-08-26 23:58:14,False,2,10,False,0,33,False,0.5,8.7
EDR-006585,AST-06585,2026-08-20 01:58:14,False,8,12,False,0,16,False,0.37,7.3
EDR-006586,AST-06586,2026-08-10 03:58:14,True,7,4,False,0,7,False,0.64,5.8
EDR-006587,AST-06587,2026-08-14 23:58:14,False,0,16,False,0,37,False,0.71,8.3
EDR-006588,AST-06588,2026-08-14 08:58:14,False,4,8,False,0,11,False,0.54,8.9
EDR-006589,AST-06589,2026-08-18 17:58:14,False,1,18,False,0,32,False,0.36,7.6
EDR-006590,AST-06590,2026-08-08 22:58:14,False,5,13,False,0,39,False,0.24,8.1
EDR-006591,AST-06591,2026-08-14 05:58:14,False,2,11,False,0,21,False,0.67,8.6
EDR-006592,AST-06592,2026-08-30 02:58:14,False,3,2,False,0,28,False,0.55,9.6
EDR-006593,AST-06593,2026-08-21 06:58:14,False,2,6,False,0,44,False,0.31,9.2
EDR-006594,AST-06594,2026-08-07 14:58:14,False,10,13,False,0,19,False,0.44,7.0
EDR-006595,AST-06595,2026-08-14 06:58:14,False,4,10,False,0,30,False,0.37,8.6
EDR-006596,AST-06596,2026-09-02 12:58:14,False,6,11,False,0,7,False,0.39,8.1
EDR-006597,AST-06597,2026-09-04 04:58:14,False,1,11,False,0,18,False,0.34,8.4
EDR-006598,AST-06598,2026-08-28 15:58:14,False,6,16,False,0,14,False,0.14,7.5
EDR-006599,AST-06599,2026-08-22 04:58:14,False,3,13,False,0,41,False,0.54,8.0
EDR-006600,AST-06600,2026-08-11 19:58:14,False,6,20,False,0,0,False,0.75,6.5
EDR-006601,AST-06601,2026-08-12 19:58:14,False,8,19,False,0,5,False,0.42,6.8
EDR-006602,AST-06602,2026-08-29 05:58:14,False,6,18,False,0,10,False,0.54,7.1
EDR-006603,AST-06603,2026-08-14 05:58:14,False,3,10,False,0,43,False,0.7,7.9
EDR-006604,AST-06604,2026-08-23 19:58:14,False,7,14,False,0,49,False,0.65,7.1
EDR-006605,AST-06605,2026-08-10 07:58:14,False,2,8,False,0,20,False,0.11,8.9
EDR-006606,AST-06606,2026-08-18 11:58:14,False,5,17,False,0,40,False,0.6,6.9
EDR-006607,AST-06607,2026-08-17 15:58:14,False,2,9,False,0,50,False,0.13,8.7
EDR-006608,AST-06608,2026-09-01 18:58:14,False,5,16,False,0,12,False,0.74,7.5
EDR-006609,AST-06609,2026-08-29 06:58:14,False,1,20,False,0,41,False,0.48,7.6
EDR-006610,AST-06610,2026-08-17 23:58:14,False,4,20,False,0,45,False,0.46,6.8
EDR-006611,AST-06611,2026-08-08 12:58:14,False,1,17,False,0,17,False,0.71,8.2
EDR-006612,AST-06612,2026-08-18 22:58:14,False,0,17,False,0,29,False,0.41,7.9
EDR-006613,AST-06613,2026-08-28 21:58:14,False,7,2,False,0,2,False,0.46,8.8
EDR-006614,AST-06614,2026-08-31 18:58:14,False,6,3,False,0,15,False,0.76,8.4
EDR-006615,AST-06615,2026-08-07 21:58:14,False,3,17,False,0,12,False,0.54,7.4
EDR-006616,AST-06616,2026-08-06 05:58:14,False,8,6,False,0,1,False,0.44,7.3
EDR-006617,AST-06617,2026-09-03 19:58:14,False,5,2,False,0,49,False,0.79,8.6
EDR-006618,AST-06618,2026-08-31 07:58:14,False,8,14,False,0,17,False,0.45,7.5
EDR-006619,AST-06619,2026-09-02 17:58:14,False,10,18,False,0,26,False,0.48,5.9
EDR-006620,AST-06620,2026-08-28 22:58:14,False,7,4,False,0,9,False,0.22,7.9
EDR-006621,AST-06621,2026-08-22 10:58:14,False,2,17,False,0,46,False,0.16,7.4
EDR-006622,AST-06622,2026-08-26 20:58:14,False,5,1,False,0,41,False,0.7,9.0
EDR-006623,AST-06623,2026-08-30 07:58:14,True,10,8,False,3,30,False,0.83,5.6
EDR-006624,AST-06624,2026-08-11 18:58:14,False,9,13,False,0,39,False,0.5,6.4
EDR-006625,AST-06625,2026-08-18 04:58:14,False,0,1,False,0,36,False,0.32,9.9
EDR-006626,AST-06626,2026-08-06 15:58:14,False,5,13,False,0,48,False,0.65,7.8
EDR-006627,AST-06627,2026-08-06 03:58:14,False,10,5,False,0,13,False,0.13,7.3
EDR-006628,AST-06628,2026-08-24 06:58:14,False,2,7,False,0,39,False,0.11,9.1
EDR-006629,AST-06629,2026-08-20 21:58:14,False,9,10,False,0,21,False,0.47,7.7
EDR-006630,AST-06630,2026-08-30 23:58:14,False,1,3,False,0,3,False,0.42,10.0
EDR-006631,AST-06631,2026-08-24 23:58:14,False,0,17,False,0,45,False,0.74,8.4
EDR-006632,AST-06632,2026-08-19 18:58:14,False,4,17,False,0,35,False,0.24,7.9
EDR-006633,AST-06633,2026-08-15 05:58:14,False,6,19,False,0,5,False,0.46,6.7
EDR-006634,AST-06634,2026-08-14 10:58:14,False,9,19,False,0,35,False,0.16,6.5
EDR-006635,AST-06635,2026-08-12 08:58:14,False,4,5,True,0,35,False,0.21,5.2
EDR-006636,AST-06636,2026-08-26 02:58:14,False,9,8,False,0,5,False,0.14,7.7
EDR-006637,AST-06637,2026-08-07 22:58:14,False,6,5,False,0,26,False,0.18,8.7
EDR-006638,AST-06638,2026-08-19 10:58:14,False,10,0,False,0,34,False,0.38,7.6
EDR-006639,AST-06639,2026-08-28 15:58:14,False,6,18,False,0,33,False,0.57,7.3
EDR-006640,AST-06640,2026-08-16 13:58:14,True,4,9,False,1,12,True,0.72,6.5
EDR-006641,AST-06641,2026-08-18 18:58:14,False,10,19,False,0,43,False,0.71,6.0
EDR-006642,AST-06642,2026-09-03 16:58:14,False,4,8,False,0,18,False,0.48,8.1
EDR-006643,AST-06643,2026-09-03 16:58:14,False,3,11,False,0,23,False,0.64,8.3
EDR-006644,AST-06644,2026-08-19 00:58:14,False,9,0,False,0,1,False,0.11,8.6
EDR-006645,AST-06645,2026-08-13 17:58:14,False,1,0,False,0,45,False,0.77,10
EDR-006646,AST-06646,2026-08-29 05:58:14,False,3,4,False,0,2,False,0.32,9.2
EDR-006647,AST-06647,2026-08-08 14:58:14,False,2,2,False,0,8,False,0.74,9.9
EDR-006648,AST-06648,2026-08-17 19:58:14,False,2,11,False,0,25,False,0.17,8.9
EDR-006649,AST-06649,2026-08-19 23:58:14,False,4,16,False,0,25,False,0.2,7.1
EDR-006650,AST-06650,2026-09-04 01:58:14,False,9,15,False,0,37,False,0.76,6.4
EDR-006651,AST-06651,2026-08-22 11:58:14,False,0,18,False,0,19,False,0.74,8.0
EDR-006652,AST-06652,2026-08-30 14:58:14,False,4,7,False,0,18,False,0.37,8.1
EDR-006653,AST-06653,2026-08-21 21:58:14,False,2,2,False,0,6,False,0.13,9.0
EDR-006654,AST-06654,2026-08-22 10:58:14,False,7,16,False,0,38,False,0.18,7.4
EDR-006655,AST-06655,2026-08-17 12:58:14,False,2,12,False,0,3,False,0.59,8.7
EDR-006656,AST-06656,2026-08-14 21:58:14,False,2,17,False,0,4,False,0.59,7.8
EDR-006657,AST-06657,2026-08-13 03:58:14,True,6,18,False,0,31,True,0.68,5.0
EDR-006658,AST-06658,2026-08-15 02:58:14,False,3,1,False,0,18,False,0.15,8.9
EDR-006659,AST-06659,2026-08-17 04:58:14,False,10,9,False,0,17,False,0.52,6.7
EDR-006660,AST-06660,2026-08-11 08:58:14,False,9,18,False,0,0,False,0.36,6.7
EDR-006661,AST-06661,2026-08-31 04:58:14,False,7,19,False,0,14,False,0.2,7.1
EDR-006662,AST-06662,2026-08-12 13:58:14,False,2,10,False,0,41,False,0.53,9.0
EDR-006663,AST-06663,2026-08-20 14:58:14,False,4,9,False,0,8,False,0.75,8.1
EDR-006664,AST-06664,2026-08-30 08:58:14,True,3,17,True,3,33,True,0.89,2.5
EDR-006665,AST-06665,2026-08-24 22:58:14,False,3,18,False,0,31,False,0.71,7.4
EDR-006666,AST-06666,2026-08-16 08:58:14,False,7,14,False,0,37,False,0.37,7.2
EDR-006667,AST-06667,2026-08-19 07:58:14,True,5,19,False,0,38,True,0.82,4.6
EDR-006668,AST-06668,2026-08-14 19:58:14,False,10,3,False,0,33,False,0.58,7.9
EDR-006669,AST-06669,2026-09-02 08:58:14,False,10,1,False,0,16,False,0.58,7.7
EDR-006670,AST-06670,2026-08-23 03:58:14,False,6,19,False,0,5,False,0.48,6.9
EDR-006671,AST-06671,2026-08-07 16:58:14,False,3,8,False,0,15,False,0.12,8.3
EDR-006672,AST-06672,2026-08-14 21:58:14,False,9,9,False,0,23,False,0.19,7.4
EDR-006673,AST-06673,2026-09-04 16:58:14,False,4,14,False,0,39,False,0.74,7.3
EDR-006674,AST-06674,2026-09-02 01:58:14,False,3,6,False,0,17,False,0.22,9.1
EDR-006675,AST-06675,2026-08-19 14:58:14,True,2,1,False,3,3,False,0.93,7.5
EDR-006676,AST-06676,2026-08-08 06:58:14,False,0,18,False,0,9,False,0.51,8.4
EDR-006677,AST-06677,2026-08-06 21:58:14,False,1,13,False,0,11,False,0.57,8.1
EDR-006678,AST-06678,2026-09-01 06:58:14,False,10,3,False,0,18,False,0.71,8.0
EDR-006679,AST-06679,2026-08-23 03:58:14,False,2,8,False,0,45,False,0.69,8.9
EDR-006680,AST-06680,2026-08-29 12:58:14,False,2,14,False,0,34,False,0.41,8.0
EDR-006681,AST-06681,2026-08-12 07:58:14,False,8,19,False,0,33,False,0.11,7.0
EDR-006682,AST-06682,2026-08-23 18:58:14,False,3,11,False,0,12,False,0.36,8.3
EDR-006683,AST-06683,2026-08-30 05:58:14,False,8,10,False,0,46,False,0.33,7.7
EDR-006684,AST-06684,2026-08-18 11:58:14,False,8,9,False,0,26,False,0.4,7.6
EDR-006685,AST-06685,2026-08-18 05:58:14,False,10,7,False,0,43,False,0.38,7.4
EDR-006686,AST-06686,2026-08-16 11:58:14,False,3,7,False,0,19,False,0.7,9.0
EDR-006687,AST-06687,2026-08-27 15:58:14,True,6,9,False,1,3,False,0.64,5.4
EDR-006688,AST-06688,2026-08-08 00:58:14,False,10,19,False,0,49,False,0.8,6.2
EDR-006689,AST-06689,2026-09-01 09:58:14,False,0,13,False,0,42,False,0.54,8.5
EDR-006690,AST-06690,2026-08-12 01:58:14,False,1,7,False,0,47,False,0.38,9.1
EDR-006691,AST-06691,2026-08-24 08:58:14,False,2,7,False,0,6,False,0.17,8.8
EDR-006692,AST-06692,2026-08-29 17:58:14,False,2,2,False,0,14,False,0.24,9.8
EDR-006693,AST-06693,2026-08-27 05:58:14,False,8,2,False,0,25,False,0.53,8.1
EDR-006694,AST-06694,2026-08-08 23:58:14,False,6,3,False,0,23,False,0.44,8.5
EDR-006695,AST-06695,2026-08-31 23:58:14,False,3,2,False,0,22,False,0.73,9.5
EDR-006696,AST-06696,2026-08-26 18:58:14,True,4,19,False,3,22,False,0.99,5.0
EDR-006697,AST-06697,2026-08-22 15:58:14,False,6,16,False,0,28,False,0.14,6.9
EDR-006698,AST-06698,2026-08-30 12:58:14,True,7,18,False,0,18,False,0.93,4.4
EDR-006699,AST-06699,2026-08-17 01:58:14,False,4,14,False,0,40,False,0.15,8.3
EDR-006700,AST-06700,2026-08-28 10:58:14,False,6,13,False,0,30,False,0.41,7.6
EDR-006701,AST-06701,2026-08-11 05:58:14,False,5,9,False,0,29,False,0.3,8.1
EDR-006702,AST-06702,2026-08-26 06:58:14,False,5,17,False,0,7,False,0.2,7.4
EDR-006703,AST-06703,2026-08-17 15:58:14,False,0,15,False,0,1,False,0.67,8.9
EDR-006704,AST-06704,2026-08-26 10:58:14,False,10,8,False,0,45,False,0.56,7.6
EDR-006705,AST-06705,2026-08-14 00:58:14,False,2,17,False,0,30,False,0.46,7.4
EDR-006706,AST-06706,2026-08-30 12:58:14,False,10,16,False,0,19,False,0.5,6.7
EDR-006707,AST-06707,2026-08-14 23:58:14,False,7,10,False,0,15,False,0.41,7.3
EDR-006708,AST-06708,2026-08-17 03:58:14,False,8,18,False,0,45,False,0.68,6.9
EDR-006709,AST-06709,2026-08-15 13:58:14,False,10,8,False,0,50,False,0.6,6.9
EDR-006710,AST-06710,2026-08-10 04:58:14,False,6,16,False,0,47,False,0.11,6.9
EDR-006711,AST-06711,2026-08-15 19:58:14,False,10,2,False,0,37,False,0.41,8.2
EDR-006712,AST-06712,2026-08-18 00:58:14,False,5,4,False,0,47,False,0.66,8.6
EDR-006713,AST-06713,2026-08-22 01:58:14,False,8,15,False,0,29,False,0.11,6.5
EDR-006714,AST-06714,2026-08-16 16:58:14,False,10,2,False,0,32,False,0.35,7.8
EDR-006715,AST-06715,2026-08-16 12:58:14,False,0,20,False,0,44,False,0.6,8.4
EDR-006716,AST-06716,2026-09-04 06:58:14,False,0,20,False,0,28,False,0.39,7.7
EDR-006717,AST-06717,2026-08-19 15:58:14,False,7,13,False,0,6,False,0.36,7.0
EDR-006718,AST-06718,2026-08-14 20:58:14,False,0,13,False,0,12,False,0.15,8.7
EDR-006719,AST-06719,2026-08-14 14:58:14,False,7,2,False,0,34,False,0.17,8.7
EDR-006720,AST-06720,2026-08-13 20:58:14,False,1,15,False,0,9,False,0.73,8.4
EDR-006721,AST-06721,2026-08-14 17:58:14,False,1,4,False,0,17,False,0.44,9.0
EDR-006722,AST-06722,2026-08-08 01:58:14,False,0,4,False,0,41,False,0.11,9.6
EDR-006723,AST-06723,2026-08-06 19:58:14,False,5,6,False,0,4,False,0.33,8.0
EDR-006724,AST-06724,2026-08-17 16:58:14,False,6,12,False,0,13,False,0.16,7.9
EDR-006725,AST-06725,2026-08-28 04:58:14,False,3,14,False,0,12,False,0.21,8.4
EDR-006726,AST-06726,2026-08-18 04:58:14,False,4,2,False,0,16,False,0.61,9.4
EDR-006727,AST-06727,2026-09-04 12:58:14,False,4,9,False,0,18,False,0.35,8.1
EDR-006728,AST-06728,2026-08-21 12:58:14,False,5,7,False,0,24,False,0.69,8.6
EDR-006729,AST-06729,2026-08-13 17:58:14,False,5,19,False,0,19,False,0.4,6.7
EDR-006730,AST-06730,2026-08-24 23:58:14,False,5,0,False,0,14,False,0.44,8.7
EDR-006731,AST-06731,2026-08-12 00:58:14,False,10,8,False,0,19,False,0.7,6.8
EDR-006732,AST-06732,2026-08-08 01:58:14,False,5,8,False,0,13,False,0.68,8.0
EDR-006733,AST-06733,2026-09-04 16:58:14,False,8,2,False,0,10,False,0.61,8.4
EDR-006734,AST-06734,2026-08-13 14:58:14,False,4,15,False,0,7,False,0.49,8.2
EDR-006735,AST-06735,2026-08-27 16:58:14,False,4,12,False,0,5,False,0.75,8.2
EDR-006736,AST-06736,2026-09-03 07:58:14,False,3,6,False,0,48,False,0.63,8.9
EDR-006737,AST-06737,2026-08-13 10:58:14,False,9,4,False,0,2,False,0.25,7.8
EDR-006738,AST-06738,2026-08-31 22:58:14,False,8,11,False,0,2,False,0.43,7.0
EDR-006739,AST-06739,2026-08-28 14:58:14,False,9,8,True,0,49,False,0.5,4.2
EDR-006740,AST-06740,2026-08-22 00:58:14,False,0,9,False,0,32,False,0.12,9.1
EDR-006741,AST-06741,2026-09-02 17:58:14,False,0,12,False,0,26,False,0.54,9.0
EDR-006742,AST-06742,2026-08-27 07:58:14,False,7,17,False,0,34,False,0.66,6.9
EDR-006743,AST-06743,2026-08-28 19:58:14,False,2,19,False,0,8,False,0.37,7.4
EDR-006744,AST-06744,2026-08-20 01:58:14,False,6,5,False,0,30,False,0.57,8.5
EDR-006745,AST-06745,2026-08-29 18:58:14,False,4,1,False,0,12,False,0.43,9.1
EDR-006746,AST-06746,2026-08-31 04:58:14,False,5,4,False,0,16,False,0.48,8.3
EDR-006747,AST-06747,2026-08-06 06:58:14,False,9,10,False,0,33,False,0.68,7.3
EDR-006748,AST-06748,2026-09-02 12:58:14,True,5,10,False,2,11,True,0.76,5.5
EDR-006749,AST-06749,2026-08-14 13:58:14,False,7,13,False,0,41,False,0.77,6.9
EDR-006750,AST-06750,2026-08-22 14:58:14,False,3,19,False,0,26,False,0.24,7.7
EDR-006751,AST-06751,2026-08-20 00:58:14,False,0,0,False,0,11,False,0.44,9.8
EDR-006752,AST-06752,2026-08-20 04:58:14,False,0,10,False,0,29,False,0.45,8.6
EDR-006753,AST-06753,2026-09-02 05:58:14,False,7,13,False,0,15,False,0.12,7.8
EDR-006754,AST-06754,2026-08-29 23:58:14,False,6,16,False,0,19,False,0.56,7.0
EDR-006755,AST-06755,2026-08-21 19:58:14,False,2,9,False,0,37,False,0.52,8.8
EDR-006756,AST-06756,2026-08-30 19:58:14,False,8,11,False,0,15,False,0.66,6.9
EDR-006757,AST-06757,2026-08-08 20:58:14,False,2,8,False,0,13,False,0.71,9.3
EDR-006758,AST-06758,2026-08-28 19:58:14,False,6,9,False,0,17,False,0.74,7.8
EDR-006759,AST-06759,2026-09-03 08:58:14,False,4,5,False,0,27,False,0.73,8.3
EDR-006760,AST-06760,2026-08-20 21:58:14,False,8,14,False,0,30,False,0.46,6.5
EDR-006761,AST-06761,2026-09-02 19:58:14,False,8,2,False,0,20,False,0.26,7.8
EDR-006762,AST-06762,2026-08-13 15:58:14,False,9,11,False,0,29,False,0.49,7.5
EDR-006763,AST-06763,2026-09-02 04:58:14,False,0,8,False,0,38,False,0.64,9.2
EDR-006764,AST-06764,2026-08-21 06:58:14,False,4,16,False,0,15,False,0.44,7.2
EDR-006765,AST-06765,2026-08-05 19:58:14,False,3,6,False,0,25,False,0.67,8.4
EDR-006766,AST-06766,2026-08-19 07:58:14,False,2,10,False,0,20,False,0.31,8.7
EDR-006767,AST-06767,2026-08-09 12:58:14,False,0,0,False,0,8,False,0.17,9.5
EDR-006768,AST-06768,2026-08-26 05:58:14,False,3,6,False,0,2,False,0.2,9.0
EDR-006769,AST-06769,2026-08-09 21:58:14,False,9,17,False,0,9,False,0.28,6.8
EDR-006770,AST-06770,2026-08-09 15:58:14,False,0,4,False,0,10,False,0.18,9.2
EDR-006771,AST-06771,2026-08-29 16:58:14,False,10,17,False,0,34,False,0.16,6.7
EDR-006772,AST-06772,2026-08-17 21:58:14,False,9,6,False,0,16,False,0.21,7.1
EDR-006773,AST-06773,2026-08-10 10:58:14,False,10,15,False,0,11,False,0.19,6.1
EDR-006774,AST-06774,2026-08-08 15:58:14,False,0,1,False,0,7,False,0.7,10.0
EDR-006775,AST-06775,2026-08-23 21:58:14,False,2,15,False,0,44,False,0.39,8.4
EDR-006776,AST-06776,2026-08-19 23:58:14,False,2,12,False,0,13,False,0.26,8.1
EDR-006777,AST-06777,2026-08-29 04:58:14,False,2,10,False,0,30,False,0.34,8.3
EDR-006778,AST-06778,2026-08-14 02:58:14,False,8,17,False,0,12,False,0.55,6.3
EDR-006779,AST-06779,2026-08-13 11:58:14,False,8,4,False,0,48,False,0.62,7.9
EDR-006780,AST-06780,2026-08-24 13:58:14,False,0,5,False,0,15,False,0.52,9.8
EDR-006781,AST-06781,2026-08-31 19:58:14,False,8,12,True,0,13,False,0.7,4.0
EDR-006782,AST-06782,2026-08-20 17:58:14,False,4,18,False,0,17,False,0.36,7.0
EDR-006783,AST-06783,2026-09-03 02:58:14,False,9,18,False,0,26,False,0.42,6.4
EDR-006784,AST-06784,2026-08-07 15:58:14,False,6,17,False,0,23,False,0.23,7.2
EDR-006785,AST-06785,2026-08-26 10:58:14,False,6,3,False,0,12,False,0.55,8.6
EDR-006786,AST-06786,2026-08-18 18:58:14,False,9,12,False,0,50,False,0.47,7.3
EDR-006787,AST-06787,2026-09-03 06:58:14,False,4,13,False,0,26,False,0.32,8.4
EDR-006788,AST-06788,2026-08-13 01:58:14,False,8,20,True,0,30,False,0.33,3.2
EDR-006789,AST-06789,2026-09-04 14:58:14,False,5,16,False,0,39,False,0.12,7.8
EDR-006790,AST-06790,2026-08-25 23:58:14,False,10,4,False,0,26,False,0.44,7.9
EDR-006791,AST-06791,2026-09-03 19:58:14,False,5,1,False,0,37,False,0.37,8.5
EDR-006792,AST-06792,2026-08-17 05:58:14,False,6,2,False,0,4,False,0.14,8.9
EDR-006793,AST-06793,2026-08-13 06:58:14,False,0,20,False,0,15,False,0.33,8.0
EDR-006794,AST-06794,2026-08-24 10:58:14,False,6,13,False,0,28,False,0.11,7.5
EDR-006795,AST-06795,2026-08-11 16:58:14,False,9,17,False,0,5,False,0.28,6.5
EDR-006796,AST-06796,2026-08-23 07:58:14,False,4,16,False,0,29,False,0.64,7.9
EDR-006797,AST-06797,2026-08-09 08:58:14,False,10,10,False,0,39,False,0.55,7.0
EDR-006798,AST-06798,2026-08-06 07:58:14,False,0,9,False,0,32,False,0.77,9.4
EDR-006799,AST-06799,2026-08-21 07:58:14,False,5,15,False,0,12,False,0.76,7.2
EDR-006800,AST-06800,2026-09-03 02:58:14,False,9,6,False,0,21,False,0.12,7.6
EDR-006801,AST-06801,2026-08-16 03:58:14,False,0,10,False,0,36,False,0.47,9.4
EDR-006802,AST-06802,2026-08-05 17:58:14,False,5,17,False,0,38,False,0.38,7.8
EDR-006803,AST-06803,2026-08-13 14:58:14,False,3,14,False,0,47,False,0.23,8.1
EDR-006804,AST-06804,2026-08-26 13:58:14,False,5,19,False,0,24,False,0.68,6.9
EDR-006805,AST-06805,2026-09-03 04:58:14,False,4,15,False,0,10,False,0.6,7.5
EDR-006806,AST-06806,2026-08-17 12:58:14,False,6,4,False,0,18,False,0.12,8.3
EDR-006807,AST-06807,2026-08-07 12:58:14,False,0,10,False,0,34,False,0.61,9.0
EDR-006808,AST-06808,2026-08-18 23:58:14,False,0,7,False,0,33,False,0.13,9.5
EDR-006809,AST-06809,2026-08-18 03:58:14,False,4,15,False,0,20,False,0.5,7.2
EDR-006810,AST-06810,2026-08-30 13:58:14,False,9,4,False,0,0,False,0.54,7.5
EDR-006811,AST-06811,2026-08-11 23:58:14,False,7,14,False,0,2,False,0.24,6.8
EDR-006812,AST-06812,2026-08-20 09:58:14,False,3,8,False,0,47,False,0.14,8.7
EDR-006813,AST-06813,2026-08-19 18:58:14,False,0,15,False,0,45,False,0.5,9.0
EDR-006814,AST-06814,2026-08-14 19:58:14,False,7,19,False,0,7,False,0.17,6.3
EDR-006815,AST-06815,2026-08-24 09:58:14,False,9,7,False,0,20,False,0.73,7.9
EDR-006816,AST-06816,2026-08-15 22:58:14,False,1,7,False,0,18,False,0.18,8.9
EDR-006817,AST-06817,2026-08-12 03:58:14,False,6,7,False,0,21,False,0.33,8.5
EDR-006818,AST-06818,2026-08-31 13:58:14,True,2,5,True,2,24,True,0.6,4.1
EDR-006819,AST-06819,2026-08-28 19:58:14,False,3,13,False,0,44,False,0.28,8.2
EDR-006820,AST-06820,2026-08-31 23:58:14,False,0,7,False,0,11,False,0.54,9.5
EDR-006821,AST-06821,2026-08-10 21:58:14,False,4,1,False,0,24,False,0.53,8.7
EDR-006822,AST-06822,2026-08-14 17:58:14,False,10,5,False,0,1,False,0.41,7.6
EDR-006823,AST-06823,2026-08-30 17:58:14,False,8,1,False,0,49,False,0.46,8.3
EDR-006824,AST-06824,2026-08-14 09:58:14,False,6,14,False,0,44,False,0.38,7.1
EDR-006825,AST-06825,2026-08-11 08:58:14,True,10,7,False,0,21,True,0.7,5.3
EDR-006826,AST-06826,2026-08-25 09:58:14,False,5,16,False,0,7,False,0.78,7.6
EDR-006827,AST-06827,2026-08-19 23:58:14,False,0,1,False,0,34,False,0.12,9.9
EDR-006828,AST-06828,2026-08-13 21:58:14,False,5,19,False,0,50,False,0.34,6.8
EDR-006829,AST-06829,2026-08-26 12:58:14,False,4,13,False,0,48,False,0.43,7.7
EDR-006830,AST-06830,2026-08-18 10:58:14,False,10,19,False,0,14,False,0.15,6.3
EDR-006831,AST-06831,2026-08-13 13:58:14,True,9,1,True,1,3,True,0.96,3.2
EDR-006832,AST-06832,2026-08-20 03:58:14,False,0,20,False,0,11,False,0.72,7.9
EDR-006833,AST-06833,2026-08-28 11:58:14,True,8,8,False,3,50,True,0.72,5.7
EDR-006834,AST-06834,2026-09-01 21:58:14,False,8,20,False,0,44,False,0.76,6.8
EDR-006835,AST-06835,2026-08-08 13:58:14,False,5,17,False,0,30,False,0.56,7.5
EDR-006836,AST-06836,2026-09-01 16:58:14,False,4,13,False,0,2,False,0.71,7.8
EDR-006837,AST-06837,2026-08-14 11:58:14,False,0,18,False,0,35,False,0.17,8.4
EDR-006838,AST-06838,2026-08-18 13:58:14,False,2,18,False,0,29,False,0.34,8.2
EDR-006839,AST-06839,2026-08-11 22:58:14,False,3,15,False,0,49,False,0.45,7.9
EDR-006840,AST-06840,2026-08-25 08:58:14,False,9,19,False,0,41,False,0.78,6.1
EDR-006841,AST-06841,2026-08-31 02:58:14,False,8,0,False,0,39,False,0.59,8.1
EDR-006842,AST-06842,2026-08-29 08:58:14,False,8,12,False,0,24,False,0.44,6.8
EDR-006843,AST-06843,2026-08-27 02:58:14,False,3,9,False,0,47,False,0.79,8.8
EDR-006844,AST-06844,2026-08-26 06:58:14,False,2,2,False,0,2,False,0.74,9.6
EDR-006845,AST-06845,2026-09-03 11:58:14,False,6,7,False,0,42,False,0.51,8.5
EDR-006846,AST-06846,2026-08-21 14:58:14,False,6,6,False,0,47,False,0.52,8.1
EDR-006847,AST-06847,2026-08-07 21:58:14,True,9,19,False,1,22,True,0.93,4.5
EDR-006848,AST-06848,2026-08-26 15:58:14,False,4,3,False,0,28,False,0.57,8.6
EDR-006849,AST-06849,2026-09-04 04:58:14,False,5,19,False,0,13,False,0.19,7.4
EDR-006850,AST-06850,2026-08-27 00:58:14,False,7,4,False,0,38,False,0.66,8.7
EDR-006851,AST-06851,2026-08-26 04:58:14,False,5,2,False,0,45,False,0.38,8.4
EDR-006852,AST-06852,2026-08-29 08:58:14,False,2,9,False,0,9,False,0.73,9.2
EDR-006853,AST-06853,2026-08-27 07:58:14,True,0,2,False,0,28,True,0.75,7.5
EDR-006854,AST-06854,2026-08-08 00:58:14,False,2,10,False,0,50,False,0.62,8.4
EDR-006855,AST-06855,2026-08-10 20:58:14,False,1,14,True,0,26,False,0.32,5.0
EDR-006856,AST-06856,2026-08-10 03:58:14,False,7,3,False,0,0,False,0.25,8.4
EDR-006857,AST-06857,2026-09-03 22:58:14,False,6,12,False,0,35,False,0.46,7.1
EDR-006858,AST-06858,2026-08-15 08:58:14,False,4,13,False,0,49,False,0.27,8.3
EDR-006859,AST-06859,2026-08-11 23:58:14,False,5,13,False,0,28,False,0.75,7.6
EDR-006860,AST-06860,2026-08-30 06:58:14,False,9,17,False,0,42,False,0.27,6.1
EDR-006861,AST-06861,2026-08-14 21:58:14,True,6,19,False,2,32,False,0.82,5.0
EDR-006862,AST-06862,2026-08-23 01:58:14,False,7,20,False,0,38,False,0.78,6.4
EDR-006863,AST-06863,2026-08-11 05:58:14,False,6,13,False,0,40,False,0.49,7.9
EDR-006864,AST-06864,2026-08-17 05:58:14,False,4,13,False,0,50,False,0.28,7.7
EDR-006865,AST-06865,2026-08-09 17:58:14,False,5,3,False,0,44,False,0.23,8.8
EDR-006866,AST-06866,2026-08-20 04:58:14,False,9,3,False,0,2,False,0.16,8.2
EDR-006867,AST-06867,2026-08-14 00:58:14,False,1,19,False,0,40,False,0.76,7.9
EDR-006868,AST-06868,2026-08-09 06:58:14,False,9,1,False,0,15,False,0.64,7.8
EDR-006869,AST-06869,2026-09-01 04:58:14,False,4,2,False,0,31,False,0.65,8.9
EDR-006870,AST-06870,2026-08-24 02:58:14,False,9,14,False,0,26,False,0.19,6.7
EDR-006871,AST-06871,2026-08-10 05:58:14,False,9,15,False,0,41,False,0.3,7.1
EDR-006872,AST-06872,2026-08-27 12:58:14,False,1,9,False,0,1,False,0.28,9.1
EDR-006873,AST-06873,2026-08-20 06:58:14,False,3,8,False,0,48,False,0.59,8.7
EDR-006874,AST-06874,2026-08-05 19:58:14,False,6,16,False,0,11,False,0.2,7.1
EDR-006875,AST-06875,2026-08-12 06:58:14,False,10,18,False,0,20,False,0.23,5.9
EDR-006876,AST-06876,2026-09-02 03:58:14,False,6,13,False,0,30,False,0.4,7.8
EDR-006877,AST-06877,2026-09-03 03:58:14,False,9,11,False,0,9,False,0.49,7.1
EDR-006878,AST-06878,2026-08-09 00:58:14,False,8,0,True,0,41,False,0.39,5.3
EDR-006879,AST-06879,2026-08-21 09:58:14,False,3,15,False,0,23,False,0.2,7.9
EDR-006880,AST-06880,2026-08-23 23:58:14,False,10,10,False,0,18,False,0.11,6.7
EDR-006881,AST-06881,2026-08-30 12:58:14,False,3,10,False,0,40,False,0.15,8.4
EDR-006882,AST-06882,2026-08-18 04:58:14,False,10,14,False,0,2,False,0.42,6.6
EDR-006883,AST-06883,2026-09-01 12:58:14,False,9,11,False,0,8,False,0.35,7.3
EDR-006884,AST-06884,2026-08-12 08:58:14,False,3,14,False,0,20,False,0.69,8.2
EDR-006885,AST-06885,2026-08-09 17:58:14,False,1,12,False,0,41,False,0.49,8.5
EDR-006886,AST-06886,2026-08-18 01:58:14,False,7,17,False,0,1,False,0.38,6.6
EDR-006887,AST-06887,2026-09-03 20:58:14,False,1,2,False,0,49,False,0.15,9.7
EDR-006888,AST-06888,2026-08-07 01:58:14,False,2,2,False,0,29,False,0.72,9.8
EDR-006889,AST-06889,2026-08-15 11:58:14,False,4,7,False,0,31,False,0.41,8.1
EDR-006890,AST-06890,2026-08-20 08:58:14,False,2,4,False,0,30,False,0.74,9.0
EDR-006891,AST-06891,2026-08-21 03:58:14,False,0,18,False,0,26,False,0.35,8.1
EDR-006892,AST-06892,2026-08-27 05:58:14,False,5,3,False,0,31,False,0.4,8.4
EDR-006893,AST-06893,2026-08-26 06:58:14,False,8,7,False,0,29,False,0.79,7.4
EDR-006894,AST-06894,2026-08-31 17:58:14,False,8,10,False,0,44,False,0.72,7.5
EDR-006895,AST-06895,2026-08-29 22:58:14,False,6,11,False,0,45,False,0.64,7.5
EDR-006896,AST-06896,2026-08-18 08:58:14,False,2,20,False,0,42,False,0.44,7.4
EDR-006897,AST-06897,2026-08-26 09:58:14,False,1,17,False,0,29,False,0.59,8.5
EDR-006898,AST-06898,2026-08-31 08:58:14,False,8,7,False,0,10,False,0.58,7.9
EDR-006899,AST-06899,2026-08-11 15:58:14,False,2,16,False,0,36,False,0.22,8.3
EDR-006900,AST-06900,2026-08-22 07:58:14,False,6,17,False,0,14,False,0.1,7.2
EDR-006901,AST-06901,2026-08-06 10:58:14,False,5,6,False,0,5,False,0.38,8.4
EDR-006902,AST-06902,2026-08-07 17:58:14,True,10,12,False,1,45,False,0.69,4.5
EDR-006903,AST-06903,2026-08-15 22:58:14,False,9,10,False,0,29,False,0.63,7.0
EDR-006904,AST-06904,2026-09-02 04:58:14,False,8,12,False,0,14,False,0.7,7.5
EDR-006905,AST-06905,2026-08-12 10:58:14,False,2,13,False,0,25,False,0.27,8.1
EDR-006906,AST-06906,2026-08-26 22:58:14,False,7,2,False,0,35,False,0.22,8.8
EDR-006907,AST-06907,2026-09-02 01:58:14,False,2,0,False,0,36,False,0.27,9.6
EDR-006908,AST-06908,2026-08-29 18:58:14,False,0,1,False,0,5,False,0.63,9.7
EDR-006909,AST-06909,2026-08-09 15:58:14,False,6,0,False,0,44,False,0.5,8.4
EDR-006910,AST-06910,2026-09-01 01:58:14,False,6,17,False,0,30,False,0.22,7.4
EDR-006911,AST-06911,2026-08-28 07:58:14,False,2,12,False,0,50,False,0.64,8.3
EDR-006912,AST-06912,2026-08-09 05:58:14,False,1,16,False,0,29,False,0.52,8.0
EDR-006913,AST-06913,2026-08-29 22:58:14,False,3,14,False,0,11,False,0.48,8.3
EDR-006914,AST-06914,2026-08-13 02:58:14,False,7,4,False,0,46,False,0.58,8.5
EDR-006915,AST-06915,2026-08-13 18:58:14,False,5,2,False,0,36,False,0.57,8.5
EDR-006916,AST-06916,2026-08-15 06:58:14,False,6,16,False,0,6,False,0.78,7.3
EDR-006917,AST-06917,2026-08-30 11:58:14,False,1,8,False,0,3,False,0.25,9.1
EDR-006918,AST-06918,2026-08-15 02:58:14,False,5,8,False,0,29,False,0.23,8.0
EDR-006919,AST-06919,2026-08-19 04:58:14,False,9,14,False,0,31,False,0.65,7.3
EDR-006920,AST-06920,2026-09-03 09:58:14,False,10,8,False,0,8,False,0.12,7.5
EDR-006921,AST-06921,2026-09-01 18:58:14,False,5,15,False,0,44,False,0.24,7.2
EDR-006922,AST-06922,2026-08-20 12:58:14,False,7,20,False,0,35,False,0.6,7.1
EDR-006923,AST-06923,2026-08-31 23:58:14,False,7,20,False,0,25,False,0.22,6.4
EDR-006924,AST-06924,2026-08-28 04:58:14,False,7,0,False,0,13,False,0.78,9.0
EDR-006925,AST-06925,2026-08-20 08:58:14,False,9,15,False,0,29,False,0.7,6.7
EDR-006926,AST-06926,2026-08-17 09:58:14,False,9,13,False,0,12,False,0.79,7.1
EDR-006927,AST-06927,2026-09-01 06:58:14,False,3,12,False,0,1,False,0.25,8.5
EDR-006928,AST-06928,2026-08-20 15:58:14,False,4,15,False,0,22,False,0.5,7.6
EDR-006929,AST-06929,2026-08-14 19:58:14,False,0,17,False,0,12,False,0.63,8.0
EDR-006930,AST-06930,2026-08-27 06:58:14,False,9,3,False,0,20,False,0.17,7.7
EDR-006931,AST-06931,2026-08-31 17:58:14,False,2,13,False,0,29,False,0.58,8.5
EDR-006932,AST-06932,2026-08-10 09:58:14,False,2,4,False,0,30,False,0.36,9.2
EDR-006933,AST-06933,2026-08-28 00:58:14,False,6,0,False,0,49,False,0.67,8.9
EDR-006934,AST-06934,2026-08-31 14:58:14,False,9,2,False,0,22,False,0.15,8.0
EDR-006935,AST-06935,2026-08-05 19:58:14,True,7,18,False,1,4,True,0.86,5.1
EDR-006936,AST-06936,2026-08-20 12:58:14,False,8,19,False,0,23,False,0.16,7.0
EDR-006937,AST-06937,2026-08-17 20:58:14,False,6,10,False,0,41,False,0.22,7.7
EDR-006938,AST-06938,2026-08-20 23:58:14,False,0,20,False,0,44,False,0.1,8.5
EDR-006939,AST-06939,2026-08-17 19:58:14,False,4,0,False,0,6,False,0.14,9.6
EDR-006940,AST-06940,2026-09-02 00:58:14,False,8,0,True,0,14,False,0.69,5.8
EDR-006941,AST-06941,2026-08-08 11:58:14,False,0,9,False,0,25,False,0.59,9.3
EDR-006942,AST-06942,2026-08-17 22:58:14,False,10,19,False,0,15,False,0.24,6.1
EDR-006943,AST-06943,2026-08-14 07:58:14,False,10,3,False,0,47,False,0.42,7.8
EDR-006944,AST-06944,2026-08-08 16:58:14,False,9,19,False,0,36,False,0.58,5.8
EDR-006945,AST-06945,2026-08-23 00:58:14,False,7,19,False,0,12,False,0.25,6.8
EDR-006946,AST-06946,2026-09-03 12:58:14,False,3,19,False,0,45,False,0.76,7.7
EDR-006947,AST-06947,2026-08-07 02:58:14,False,3,7,False,0,26,False,0.74,8.6
EDR-006948,AST-06948,2026-09-03 11:58:14,True,5,4,False,3,26,False,1.0,6.3
EDR-006949,AST-06949,2026-08-17 14:58:14,False,8,15,False,0,1,False,0.49,6.7
EDR-006950,AST-06950,2026-08-28 15:58:14,False,7,18,False,0,19,False,0.52,6.6
EDR-006951,AST-06951,2026-08-17 08:58:14,False,9,14,False,0,19,False,0.55,6.5
EDR-006952,AST-06952,2026-08-28 23:58:14,False,6,4,False,0,11,False,0.72,8.3
EDR-006953,AST-06953,2026-08-09 04:58:14,False,0,0,False,0,36,False,0.68,9.6
EDR-006954,AST-06954,2026-08-28 22:58:14,False,0,10,False,0,42,False,0.48,8.9
EDR-006955,AST-06955,2026-08-31 04:58:14,False,3,9,False,0,2,False,0.33,8.9
EDR-006956,AST-06956,2026-08-06 20:58:14,False,6,11,False,0,22,False,0.6,7.3
EDR-006957,AST-06957,2026-08-11 15:58:14,False,9,12,False,0,42,False,0.56,6.7
EDR-006958,AST-06958,2026-08-24 14:58:14,False,1,3,False,0,37,False,0.3,9.5
EDR-006959,AST-06959,2026-08-20 22:58:14,False,8,13,False,0,20,False,0.18,7.0
EDR-006960,AST-06960,2026-08-31 06:58:14,False,10,12,False,0,41,False,0.4,6.7
EDR-006961,AST-06961,2026-08-12 17:58:14,False,7,10,False,0,2,False,0.35,7.2
EDR-006962,AST-06962,2026-08-29 18:58:14,False,1,14,False,0,38,False,0.7,7.9
EDR-006963,AST-06963,2026-08-18 21:58:14,False,8,1,False,0,30,False,0.45,8.6
EDR-006964,AST-06964,2026-08-15 04:58:14,False,5,11,False,0,43,False,0.75,8.1
EDR-006965,AST-06965,2026-08-28 02:58:14,False,10,0,False,0,8,False,0.42,8.0
EDR-006966,AST-06966,2026-08-30 01:58:14,False,5,12,False,0,14,False,0.66,7.6
EDR-006967,AST-06967,2026-09-04 05:58:14,False,10,5,False,0,8,False,0.66,7.2
EDR-006968,AST-06968,2026-08-29 05:58:14,False,2,7,False,0,11,False,0.59,8.7
EDR-006969,AST-06969,2026-08-30 03:58:14,False,5,12,False,0,48,False,0.34,7.9
EDR-006970,AST-06970,2026-08-28 17:58:14,False,5,5,False,0,41,False,0.12,8.9
EDR-006971,AST-06971,2026-08-16 17:58:14,False,1,4,False,0,25,False,0.57,9.7
EDR-006972,AST-06972,2026-08-25 15:58:14,False,6,9,False,0,13,False,0.34,7.8
EDR-006973,AST-06973,2026-08-22 14:58:14,False,9,1,False,0,15,False,0.5,7.9
EDR-006974,AST-06974,2026-08-15 12:58:14,False,2,5,False,0,43,False,0.54,8.8
EDR-006975,AST-06975,2026-08-20 14:58:14,False,0,6,False,0,12,False,0.7,9.4
EDR-006976,AST-06976,2026-08-06 18:58:14,False,7,10,False,0,11,False,0.27,7.7
EDR-006977,AST-06977,2026-08-28 00:58:14,False,10,4,False,0,10,False,0.77,8.0
EDR-006978,AST-06978,2026-08-14 21:58:14,False,3,5,False,0,5,False,0.67,9.1
EDR-006979,AST-06979,2026-08-17 06:58:14,False,5,4,False,0,38,False,0.36,9.1
EDR-006980,AST-06980,2026-08-20 02:58:14,False,2,2,False,0,36,False,0.27,9.2
EDR-006981,AST-06981,2026-08-11 13:58:14,False,2,9,False,0,5,False,0.59,9.1
EDR-006982,AST-06982,2026-08-08 23:58:14,False,1,4,False,0,3,False,0.11,9.9
EDR-006983,AST-06983,2026-08-24 07:58:14,False,4,11,False,0,13,False,0.76,8.0
EDR-006984,AST-06984,2026-08-20 17:58:14,False,0,9,False,0,11,False,0.79,9.4
EDR-006985,AST-06985,2026-08-17 14:58:14,False,6,19,False,0,30,False,0.6,6.4
EDR-006986,AST-06986,2026-08-22 07:58:14,False,10,10,False,0,1,False,0.37,6.9
EDR-006987,AST-06987,2026-08-12 23:58:14,False,10,2,False,0,40,False,0.77,8.1
EDR-006988,AST-06988,2026-08-18 13:58:14,False,10,2,False,0,7,False,0.52,8.0
EDR-006989,AST-06989,2026-08-28 14:58:14,False,3,16,False,0,28,False,0.25,7.8
EDR-006990,AST-06990,2026-09-02 09:58:14,True,10,9,False,2,12,True,0.77,5.3
EDR-006991,AST-06991,2026-08-14 10:58:14,False,10,19,False,0,44,False,0.32,6.3
EDR-006992,AST-06992,2026-08-16 04:58:14,False,10,19,False,0,44,False,0.6,5.6
EDR-006993,AST-06993,2026-08-29 14:58:14,False,1,3,False,0,9,False,0.32,9.7
EDR-006994,AST-06994,2026-08-18 02:58:14,False,6,0,False,0,1,False,0.15,9.2
EDR-006995,AST-06995,2026-08-30 09:58:14,False,4,19,False,0,33,False,0.32,6.9
EDR-006996,AST-06996,2026-09-02 08:58:14,False,3,4,False,0,15,False,0.58,9.1
EDR-006997,AST-06997,2026-09-04 05:58:14,False,1,7,False,0,18,False,0.26,9.4
EDR-006998,AST-06998,2026-08-29 00:58:14,False,0,16,False,0,18,False,0.5,8.0
EDR-006999,AST-06999,2026-08-06 22:58:14,False,8,11,False,0,47,False,0.27,6.8
EDR-007000,AST-07000,2026-08-16 06:58:14,False,4,15,False,0,43,False,0.77,7.3
EDR-007001,AST-07001,2026-08-07 01:58:14,False,3,16,False,0,47,False,0.56,7.6
EDR-007002,AST-07002,2026-08-28 18:58:14,False,10,7,False,0,3,False,0.72,6.8
EDR-007003,AST-07003,2026-08-17 04:58:14,False,7,11,False,0,15,False,0.46,7.4
EDR-007004,AST-07004,2026-08-19 18:58:14,False,7,0,False,0,1,False,0.6,8.7
EDR-007005,AST-07005,2026-08-15 13:58:14,False,0,15,False,0,19,False,0.34,8.1
EDR-007006,AST-07006,2026-09-02 17:58:14,False,9,19,False,0,8,False,0.64,6.8
EDR-007007,AST-07007,2026-08-14 04:58:14,False,3,11,False,0,24,False,0.57,8.3
EDR-007008,AST-07008,2026-08-29 19:58:14,False,4,11,False,0,30,False,0.72,8.1
EDR-007009,AST-07009,2026-08-12 11:58:14,False,6,14,False,0,22,False,0.32,7.3
EDR-007010,AST-07010,2026-08-17 04:58:14,False,9,15,False,0,10,False,0.77,6.6
EDR-007011,AST-07011,2026-08-07 11:58:14,False,10,16,False,0,12,False,0.2,6.7
EDR-007012,AST-07012,2026-08-20 08:58:14,False,5,13,True,0,17,False,0.38,4.3
EDR-007013,AST-07013,2026-08-09 19:58:14,False,1,19,False,0,18,False,0.76,7.6
EDR-007014,AST-07014,2026-08-15 15:58:14,False,1,6,False,0,34,False,0.49,8.9
EDR-007015,AST-07015,2026-08-16 13:58:14,False,5,14,False,0,21,False,0.5,7.6
EDR-007016,AST-07016,2026-09-04 11:58:14,False,1,3,False,0,41,False,0.71,9.0
EDR-007017,AST-07017,2026-08-09 00:58:14,False,0,2,False,0,19,False,0.44,9.4
EDR-007018,AST-07018,2026-08-06 03:58:14,False,8,4,False,0,4,False,0.58,8.0
EDR-007019,AST-07019,2026-08-12 07:58:14,False,7,4,False,0,2,False,0.19,8.0
EDR-007020,AST-07020,2026-08-14 15:58:14,False,1,20,False,0,45,False,0.37,8.2
EDR-007021,AST-07021,2026-08-15 14:58:14,False,0,2,False,0,46,False,0.28,9.7
EDR-007022,AST-07022,2026-08-29 11:58:14,False,4,5,False,0,47,False,0.54,8.2
EDR-007023,AST-07023,2026-08-21 11:58:14,False,3,11,False,0,2,False,0.22,8.8
EDR-007024,AST-07024,2026-08-15 00:58:14,False,8,19,False,0,46,False,0.24,6.3
EDR-007025,AST-07025,2026-08-19 04:58:14,False,7,7,False,0,16,False,0.27,8.4
EDR-007026,AST-07026,2026-08-11 02:58:14,False,2,16,False,0,41,False,0.76,8.2
EDR-007027,AST-07027,2026-08-07 05:58:14,False,9,11,False,0,21,False,0.76,6.9
EDR-007028,AST-07028,2026-08-26 19:58:14,False,3,17,False,0,16,False,0.67,7.4
EDR-007029,AST-07029,2026-09-02 01:58:14,False,0,8,False,0,41,False,0.6,9.0
EDR-007030,AST-07030,2026-09-02 03:58:14,False,6,18,False,0,17,False,0.27,7.4
EDR-007031,AST-07031,2026-08-26 15:58:14,False,5,16,False,0,50,False,0.5,7.5
EDR-007032,AST-07032,2026-08-27 22:58:14,False,4,3,False,0,9,False,0.56,8.6
EDR-007033,AST-07033,2026-08-14 09:58:14,False,0,19,False,0,17,False,0.48,8.2
EDR-007034,AST-07034,2026-08-21 19:58:14,False,3,9,False,0,36,False,0.55,8.4
EDR-007035,AST-07035,2026-08-31 04:58:14,False,9,13,False,0,18,False,0.47,6.6
EDR-007036,AST-07036,2026-08-18 05:58:14,False,6,18,False,0,18,False,0.27,6.7
EDR-007037,AST-07037,2026-08-14 04:58:14,False,5,18,False,0,35,False,0.64,7.0
EDR-007038,AST-07038,2026-08-12 20:58:14,False,9,14,False,0,24,False,0.75,6.4
EDR-007039,AST-07039,2026-08-17 08:58:14,False,5,17,False,0,49,False,0.22,7.6
EDR-007040,AST-07040,2026-08-24 18:58:14,False,3,8,False,0,34,False,0.1,8.6
EDR-007041,AST-07041,2026-08-07 01:58:14,False,1,0,False,0,50,False,0.54,9.7
EDR-007042,AST-07042,2026-08-20 16:58:14,False,6,0,False,0,27,False,0.33,8.7
EDR-007043,AST-07043,2026-08-23 21:58:14,False,10,19,False,0,43,False,0.29,5.6
EDR-007044,AST-07044,2026-08-13 02:58:14,False,2,6,False,0,17,False,0.51,9.0
EDR-007045,AST-07045,2026-08-29 07:58:14,False,6,6,False,0,3,False,0.17,8.1
EDR-007046,AST-07046,2026-08-28 06:58:14,False,1,2,False,0,23,False,0.45,9.6
EDR-007047,AST-07047,2026-08-17 19:58:14,True,5,1,False,2,1,False,0.85,7.0
EDR-007048,AST-07048,2026-08-14 03:58:14,False,6,6,False,0,7,False,0.27,8.1
EDR-007049,AST-07049,2026-08-31 20:58:14,False,9,1,False,0,30,False,0.47,7.8
EDR-007050,AST-07050,2026-08-27 19:58:14,False,10,19,False,0,9,False,0.56,6.4
EDR-007051,AST-07051,2026-08-11 10:58:14,False,3,8,False,0,0,False,0.11,9.0
EDR-007052,AST-07052,2026-08-16 17:58:14,False,5,6,False,0,44,False,0.47,8.6
EDR-007053,AST-07053,2026-08-15 16:58:14,True,6,14,False,2,48,True,0.93,5.5
EDR-007054,AST-07054,2026-08-22 01:58:14,False,1,6,False,0,0,False,0.73,8.8
EDR-007055,AST-07055,2026-08-15 09:58:14,False,4,2,False,0,4,False,0.48,9.3
EDR-007056,AST-07056,2026-08-12 08:58:14,False,8,14,False,0,34,False,0.77,7.0
EDR-007057,AST-07057,2026-08-20 22:58:14,False,7,13,False,0,44,False,0.53,7.3
EDR-007058,AST-07058,2026-08-27 17:58:14,False,1,3,False,0,2,False,0.22,9.6
EDR-007059,AST-07059,2026-08-22 23:58:14,False,7,17,False,0,31,False,0.47,7.2
EDR-007060,AST-07060,2026-08-14 04:58:14,False,5,16,False,0,4,False,0.71,7.6
EDR-007061,AST-07061,2026-08-15 13:58:14,False,0,19,False,0,28,False,0.41,8.3
EDR-007062,AST-07062,2026-08-12 11:58:14,False,5,6,False,0,3,False,0.5,8.6
EDR-007063,AST-07063,2026-09-01 20:58:14,False,9,14,False,0,37,False,0.17,6.9
EDR-007064,AST-07064,2026-09-03 05:58:14,False,3,19,False,0,35,False,0.21,7.1
EDR-007065,AST-07065,2026-08-21 13:58:14,False,0,16,False,0,8,False,0.5,8.7
EDR-007066,AST-07066,2026-08-15 02:58:14,True,1,2,False,3,39,True,0.82,7.7
EDR-007067,AST-07067,2026-08-15 05:58:14,False,10,1,False,0,47,False,0.12,7.6
EDR-007068,AST-07068,2026-08-15 21:58:14,False,10,3,False,0,24,False,0.23,7.8
EDR-007069,AST-07069,2026-08-16 03:58:14,False,1,12,False,0,4,False,0.71,9.1
EDR-007070,AST-07070,2026-08-09 12:58:14,True,8,19,False,3,44,True,0.61,4.4
EDR-007071,AST-07071,2026-08-08 14:58:14,False,5,14,False,0,25,False,0.5,7.9
EDR-007072,AST-07072,2026-08-18 15:58:14,False,8,2,False,0,7,False,0.22,7.9
EDR-007073,AST-07073,2026-09-03 00:58:14,False,4,5,False,0,39,False,0.75,8.5
EDR-007074,AST-07074,2026-08-21 11:58:14,False,7,14,False,0,30,False,0.42,7.1
EDR-007075,AST-07075,2026-08-07 06:58:14,False,4,8,False,0,31,False,0.22,8.2
EDR-007076,AST-07076,2026-08-15 14:58:14,False,2,19,False,0,24,False,0.54,8.1
EDR-007077,AST-07077,2026-08-08 03:58:14,False,3,13,False,0,21,False,0.15,8.4
EDR-007078,AST-07078,2026-08-06 04:58:14,False,1,3,False,0,21,False,0.43,9.3
EDR-007079,AST-07079,2026-08-17 11:58:14,False,5,4,False,0,32,False,0.19,8.3
EDR-007080,AST-07080,2026-08-16 18:58:14,False,1,19,False,0,49,False,0.2,8.2
EDR-007081,AST-07081,2026-08-19 04:58:14,False,6,0,False,0,9,False,0.78,8.4
EDR-007082,AST-07082,2026-08-12 15:58:14,False,9,10,False,0,50,False,0.3,6.9
EDR-007083,AST-07083,2026-08-20 11:58:14,False,7,9,False,0,2,False,0.41,8.0
EDR-007084,AST-07084,2026-08-25 18:58:14,False,10,12,False,0,31,False,0.66,6.9
EDR-007085,AST-07085,2026-08-29 16:58:14,False,0,11,False,0,9,False,0.75,9.1
EDR-007086,AST-07086,2026-09-04 10:58:14,False,2,6,False,0,33,False,0.77,8.7
EDR-007087,AST-07087,2026-08-23 23:58:14,False,8,20,False,0,27,False,0.62,6.5
EDR-007088,AST-07088,2026-08-19 05:58:14,False,6,12,False,0,10,False,0.59,7.3
EDR-007089,AST-07089,2026-08-22 23:58:14,False,0,18,True,0,35,False,0.36,4.9
EDR-007090,AST-07090,2026-08-30 15:58:14,False,9,1,False,0,30,False,0.19,8.0
EDR-007091,AST-07091,2026-08-27 18:58:14,False,10,4,False,0,17,False,0.34,8.0
EDR-007092,AST-07092,2026-08-29 11:58:14,True,2,7,False,0,47,True,0.61,6.8
EDR-007093,AST-07093,2026-09-04 00:58:14,False,1,6,False,0,19,False,0.68,8.7
EDR-007094,AST-07094,2026-08-26 08:58:14,False,3,9,False,0,24,False,0.64,8.0
EDR-007095,AST-07095,2026-08-14 11:58:14,False,7,2,False,0,18,False,0.2,8.0
EDR-007096,AST-07096,2026-08-30 08:58:14,False,8,20,False,0,36,False,0.66,6.5
EDR-007097,AST-07097,2026-08-19 13:58:14,False,5,12,False,0,45,False,0.49,8.0
EDR-007098,AST-07098,2026-08-26 15:58:14,True,4,8,False,2,36,False,0.93,6.1
EDR-007099,AST-07099,2026-08-13 06:58:14,False,9,10,False,0,19,False,0.49,6.7
EDR-007100,AST-07100,2026-08-23 09:58:14,False,9,7,False,0,15,False,0.36,7.6
EDR-007101,AST-07101,2026-08-28 04:58:14,False,1,10,False,0,35,False,0.48,8.4
EDR-007102,AST-07102,2026-08-22 13:58:14,False,9,15,True,0,21,False,0.13,3.8
EDR-007103,AST-07103,2026-08-15 18:58:14,False,2,13,False,0,31,False,0.16,7.9
EDR-007104,AST-07104,2026-08-21 03:58:14,False,9,8,False,0,20,False,0.56,7.1
EDR-007105,AST-07105,2026-08-06 08:58:14,False,9,10,False,0,34,False,0.18,7.2
EDR-007106,AST-07106,2026-08-21 20:58:14,False,4,8,False,0,45,False,0.61,8.7
EDR-007107,AST-07107,2026-08-09 21:58:14,False,6,17,False,0,43,False,0.69,7.0
EDR-007108,AST-07108,2026-08-07 10:58:14,False,8,11,False,0,30,False,0.75,7.5
EDR-007109,AST-07109,2026-08-30 06:58:14,False,10,15,False,0,16,False,0.36,6.1
EDR-007110,AST-07110,2026-08-21 12:58:14,False,5,12,False,0,1,False,0.31,7.8
EDR-007111,AST-07111,2026-08-14 18:58:14,False,3,10,False,0,7,False,0.14,8.5
EDR-007112,AST-07112,2026-08-13 07:58:14,False,10,20,False,0,2,False,0.51,6.0
EDR-007113,AST-07113,2026-09-04 11:58:14,False,2,20,False,0,30,False,0.64,7.8
EDR-007114,AST-07114,2026-09-04 13:58:14,False,7,16,False,0,42,False,0.5,7.4
EDR-007115,AST-07115,2026-08-31 05:58:14,False,9,4,False,0,8,False,0.29,8.3
EDR-007116,AST-07116,2026-08-21 21:58:14,False,10,9,False,0,37,False,0.32,7.6
EDR-007117,AST-07117,2026-08-23 01:58:14,False,10,19,False,0,29,False,0.11,6.5
EDR-007118,AST-07118,2026-08-26 22:58:14,False,1,6,False,0,13,False,0.21,9.6
EDR-007119,AST-07119,2026-08-27 03:58:14,False,4,2,False,0,6,False,0.62,8.9
EDR-007120,AST-07120,2026-08-16 18:58:14,False,8,6,False,0,24,False,0.35,8.1
EDR-007121,AST-07121,2026-08-09 03:58:14,False,3,6,False,0,39,False,0.78,9.2
EDR-007122,AST-07122,2026-08-20 20:58:14,False,2,1,False,0,21,False,0.17,9.6
EDR-007123,AST-07123,2026-08-28 14:58:14,False,10,13,False,0,42,False,0.53,6.3
EDR-007124,AST-07124,2026-08-24 15:58:14,False,3,10,False,0,5,False,0.68,8.4
EDR-007125,AST-07125,2026-08-21 11:58:14,False,9,20,False,0,26,False,0.26,6.5
EDR-007126,AST-07126,2026-08-06 14:58:14,False,1,5,False,0,9,False,0.23,9.6
EDR-007127,AST-07127,2026-09-04 04:58:14,False,9,19,False,0,39,False,0.44,5.8
EDR-007128,AST-07128,2026-08-13 23:58:14,False,7,19,False,0,25,False,0.54,7.1
EDR-007129,AST-07129,2026-08-09 14:58:14,False,3,16,False,0,48,False,0.54,8.2
EDR-007130,AST-07130,2026-08-29 20:58:14,False,3,15,False,0,28,False,0.7,7.8
EDR-007131,AST-07131,2026-08-23 19:58:14,False,4,17,False,0,23,False,0.25,7.4
EDR-007132,AST-07132,2026-08-22 01:58:14,False,9,19,False,0,24,False,0.5,6.5
EDR-007133,AST-07133,2026-09-01 11:58:14,False,7,18,False,0,26,False,0.36,7.2
EDR-007134,AST-07134,2026-08-28 13:58:14,False,9,20,False,0,44,False,0.28,6.6
EDR-007135,AST-07135,2026-09-03 11:58:14,False,6,6,False,0,32,False,0.42,8.1
EDR-007136,AST-07136,2026-08-26 04:58:14,False,7,1,False,0,6,False,0.31,8.0
EDR-007137,AST-07137,2026-08-26 15:58:14,False,9,0,False,0,2,False,0.6,8.1
EDR-007138,AST-07138,2026-08-20 06:58:14,False,7,16,False,0,25,False,0.31,7.1
EDR-007139,AST-07139,2026-08-26 12:58:14,False,0,18,False,0,26,False,0.7,7.7
EDR-007140,AST-07140,2026-08-12 14:58:14,False,2,12,False,0,39,False,0.15,8.5
EDR-007141,AST-07141,2026-08-21 08:58:14,False,4,17,False,0,47,False,0.6,7.3
EDR-007142,AST-07142,2026-09-02 11:58:14,False,3,5,False,0,17,False,0.45,9.0
EDR-007143,AST-07143,2026-08-15 12:58:14,False,6,2,False,0,24,False,0.25,8.8
EDR-007144,AST-07144,2026-08-09 12:58:14,False,10,15,False,0,40,False,0.23,6.7
EDR-007145,AST-07145,2026-08-06 19:58:14,False,4,12,False,0,31,False,0.61,8.0
EDR-007146,AST-07146,2026-08-17 21:58:14,False,7,2,False,0,16,False,0.6,8.3
EDR-007147,AST-07147,2026-08-16 03:58:14,False,3,8,False,0,2,False,0.7,9.0
EDR-007148,AST-07148,2026-08-30 00:58:14,False,10,14,False,0,9,False,0.37,6.4
EDR-007149,AST-07149,2026-08-24 05:58:14,False,6,17,False,0,48,False,0.47,7.1
EDR-007150,AST-07150,2026-08-16 11:58:14,False,8,4,False,0,32,False,0.4,7.6
EDR-007151,AST-07151,2026-08-17 13:58:14,False,1,6,False,0,12,False,0.71,8.8
EDR-007152,AST-07152,2026-09-04 06:58:14,False,4,14,False,0,40,False,0.8,7.4
EDR-007153,AST-07153,2026-08-08 08:58:14,False,2,0,False,0,15,False,0.2,9.1
EDR-007154,AST-07154,2026-08-28 12:58:14,False,1,12,False,0,32,False,0.71,8.8
EDR-007155,AST-07155,2026-08-13 07:58:14,False,4,12,False,0,40,False,0.16,8.1
EDR-007156,AST-07156,2026-08-16 08:58:14,False,10,7,False,0,14,False,0.19,7.4
EDR-007157,AST-07157,2026-08-25 21:58:14,True,1,9,False,2,18,False,0.64,6.4
EDR-007158,AST-07158,2026-08-17 00:58:14,False,5,5,False,0,49,False,0.61,8.5
EDR-007159,AST-07159,2026-08-26 09:58:14,False,1,18,False,0,36,False,0.18,8.3
EDR-007160,AST-07160,2026-08-13 02:58:14,False,2,19,False,0,1,False,0.67,7.2
EDR-007161,AST-07161,2026-08-22 00:58:14,False,8,20,False,0,12,False,0.14,5.9
EDR-007162,AST-07162,2026-08-21 20:58:14,False,0,10,False,0,33,False,0.65,8.9
EDR-007163,AST-07163,2026-08-18 17:58:14,False,8,2,False,0,11,False,0.76,8.4
EDR-007164,AST-07164,2026-08-14 00:58:14,False,2,3,False,0,17,False,0.62,9.3
EDR-007165,AST-07165,2026-08-24 04:58:14,False,3,3,False,0,10,False,0.14,8.9
EDR-007166,AST-07166,2026-08-10 11:58:14,False,4,6,False,0,37,False,0.51,8.2
EDR-007167,AST-07167,2026-08-12 08:58:14,False,7,9,False,0,29,False,0.56,7.7
EDR-007168,AST-07168,2026-08-23 21:58:14,False,2,7,False,0,8,False,0.35,9.3
EDR-007169,AST-07169,2026-08-18 04:58:14,False,4,19,False,0,48,False,0.37,7.4
EDR-007170,AST-07170,2026-08-09 16:58:14,False,10,7,False,0,44,False,0.44,7.3
EDR-007171,AST-07171,2026-08-08 19:58:14,False,3,13,False,0,41,False,0.52,8.0
EDR-007172,AST-07172,2026-08-20 14:58:14,False,3,6,False,0,22,False,0.68,9.0
EDR-007173,AST-07173,2026-08-08 08:58:14,False,4,20,False,0,21,False,0.76,7.7
EDR-007174,AST-07174,2026-08-23 08:58:14,False,2,11,False,0,2,False,0.27,8.4
EDR-007175,AST-07175,2026-08-23 09:58:14,False,1,1,False,0,45,False,0.47,9.9
EDR-007176,AST-07176,2026-08-23 05:58:14,False,3,10,False,0,17,False,0.28,7.9
EDR-007177,AST-07177,2026-08-12 17:58:14,False,9,11,False,0,37,False,0.53,6.8
EDR-007178,AST-07178,2026-08-15 05:58:14,False,3,1,False,0,42,False,0.38,9.5
EDR-007179,AST-07179,2026-08-16 18:58:14,False,2,15,False,0,25,False,0.14,7.9
EDR-007180,AST-07180,2026-08-14 11:58:14,True,2,14,False,0,39,False,0.96,6.3
EDR-007181,AST-07181,2026-08-15 20:58:14,False,3,13,False,0,48,False,0.15,8.4
EDR-007182,AST-07182,2026-08-28 11:58:14,False,7,20,False,0,3,False,0.48,6.5
EDR-007183,AST-07183,2026-08-22 19:58:14,False,6,13,True,0,23,False,0.42,4.0
EDR-007184,AST-07184,2026-08-10 10:58:14,True,7,5,False,0,11,True,0.79,5.8
EDR-007185,AST-07185,2026-08-15 20:58:14,False,8,0,False,0,28,False,0.4,8.0
EDR-007186,AST-07186,2026-09-01 09:58:14,False,10,2,False,0,9,False,0.33,8.3
EDR-007187,AST-07187,2026-08-31 14:58:14,False,5,15,False,0,19,False,0.23,7.2
EDR-007188,AST-07188,2026-08-27 02:58:14,False,8,11,False,0,32,False,0.68,7.7
EDR-007189,AST-07189,2026-08-20 19:58:14,False,10,16,False,0,38,False,0.22,6.0
EDR-007190,AST-07190,2026-08-15 18:58:14,False,5,10,False,0,26,False,0.6,7.7
EDR-007191,AST-07191,2026-08-16 21:58:14,False,2,6,False,0,47,False,0.15,9.3
EDR-007192,AST-07192,2026-08-14 12:58:14,False,4,19,False,0,2,False,0.3,7.4
EDR-007193,AST-07193,2026-08-30 08:58:14,False,10,13,False,0,30,False,0.49,6.8
EDR-007194,AST-07194,2026-08-07 23:58:14,False,10,3,False,0,13,False,0.37,8.2
EDR-007195,AST-07195,2026-08-15 19:58:14,False,10,9,False,0,32,False,0.37,7.3
EDR-007196,AST-07196,2026-08-30 08:58:14,False,8,0,False,0,27,False,0.22,8.8
EDR-007197,AST-07197,2026-08-26 05:58:14,False,0,13,False,0,16,False,0.45,8.4
EDR-007198,AST-07198,2026-09-03 05:58:14,False,6,17,False,0,44,False,0.54,6.9
EDR-007199,AST-07199,2026-08-08 19:58:14,False,10,13,False,0,13,False,0.79,7.2
EDR-007200,AST-07200,2026-09-03 14:58:14,False,4,7,False,0,49,False,0.7,8.8
EDR-007201,AST-07201,2026-08-07 00:58:14,False,7,19,False,0,50,False,0.25,6.2
EDR-007202,AST-07202,2026-09-03 02:58:14,False,9,14,False,0,3,False,0.59,6.7
EDR-007203,AST-07203,2026-08-12 09:58:14,False,6,5,False,0,11,False,0.54,8.0
EDR-007204,AST-07204,2026-08-21 16:58:14,False,6,9,False,0,21,False,0.25,7.7
EDR-007205,AST-07205,2026-08-21 05:58:14,False,3,20,False,0,26,False,0.33,7.0
EDR-007206,AST-07206,2026-08-11 07:58:14,False,8,8,False,0,30,False,0.36,7.8
EDR-007207,AST-07207,2026-08-21 18:58:14,False,5,0,False,0,31,False,0.44,8.5
EDR-007208,AST-07208,2026-08-11 11:58:14,True,3,0,True,3,6,False,0.9,4.9
EDR-007209,AST-07209,2026-08-14 08:58:14,False,10,3,False,0,26,False,0.54,7.5
EDR-007210,AST-07210,2026-08-20 15:58:14,False,6,18,False,0,2,False,0.76,7.5
EDR-007211,AST-07211,2026-08-13 12:58:14,False,10,18,False,0,22,False,0.66,5.9
EDR-007212,AST-07212,2026-08-12 12:58:14,False,8,18,False,0,44,False,0.7,7.1
EDR-007213,AST-07213,2026-08-18 15:58:14,False,10,20,False,0,41,False,0.16,6.1
EDR-007214,AST-07214,2026-08-15 18:58:14,False,8,17,False,0,37,False,0.14,6.3
EDR-007215,AST-07215,2026-08-07 05:58:14,False,9,18,False,0,15,False,0.27,6.7
EDR-007216,AST-07216,2026-08-31 00:58:14,False,6,1,False,0,17,False,0.31,8.3
EDR-007217,AST-07217,2026-08-21 21:58:14,False,6,1,False,0,38,False,0.63,9.0
EDR-007218,AST-07218,2026-08-14 06:58:14,False,4,7,False,0,34,False,0.68,8.5
EDR-007219,AST-07219,2026-08-25 22:58:14,False,0,13,False,0,13,False,0.17,8.5
EDR-007220,AST-07220,2026-08-30 12:58:14,False,6,4,False,0,29,False,0.62,8.3
EDR-007221,AST-07221,2026-08-17 10:58:14,False,4,10,False,0,19,False,0.29,8.3
EDR-007222,AST-07222,2026-08-18 11:58:14,False,1,18,False,0,50,False,0.11,8.4
EDR-007223,AST-07223,2026-08-23 12:58:14,False,0,16,False,0,21,False,0.5,8.0
EDR-007224,AST-07224,2026-08-11 05:58:14,False,0,10,False,0,4,False,0.7,8.8
EDR-007225,AST-07225,2026-08-09 21:58:14,False,4,4,False,0,9,False,0.18,8.9
EDR-007226,AST-07226,2026-08-11 06:58:14,False,10,8,False,0,27,False,0.39,7.5
EDR-007227,AST-07227,2026-08-09 10:58:14,False,7,12,False,0,9,False,0.58,7.1
EDR-007228,AST-07228,2026-09-03 11:58:14,False,9,15,False,0,45,False,0.18,6.8
EDR-007229,AST-07229,2026-08-19 21:58:14,False,7,14,False,0,24,False,0.57,7.1
EDR-007230,AST-07230,2026-08-25 07:58:14,False,3,11,False,0,7,False,0.45,8.3
EDR-007231,AST-07231,2026-08-22 15:58:14,False,5,7,False,0,28,False,0.67,8.7
EDR-007232,AST-07232,2026-08-23 07:58:14,False,4,5,False,0,18,False,0.14,9.0
EDR-007233,AST-07233,2026-09-02 21:58:14,False,0,6,False,0,48,False,0.39,9.0
EDR-007234,AST-07234,2026-08-08 07:58:14,False,3,13,False,0,11,False,0.16,7.8
EDR-007235,AST-07235,2026-08-06 20:58:14,False,10,7,False,0,50,False,0.56,7.2
EDR-007236,AST-07236,2026-08-22 15:58:14,False,8,12,True,0,23,False,0.8,3.9
EDR-007237,AST-07237,2026-08-19 07:58:14,False,10,19,False,0,8,False,0.19,6.4
EDR-007238,AST-07238,2026-09-01 15:58:14,False,0,6,False,0,23,False,0.76,9.6
EDR-007239,AST-07239,2026-08-22 05:58:14,False,1,6,False,0,19,False,0.26,9.5
EDR-007240,AST-07240,2026-08-20 22:58:14,False,1,1,False,0,37,False,0.28,9.7
EDR-007241,AST-07241,2026-08-06 00:58:14,False,6,20,False,0,24,False,0.75,6.4
EDR-007242,AST-07242,2026-08-08 03:58:14,True,3,3,False,1,46,True,0.66,7.6
EDR-007243,AST-07243,2026-08-09 11:58:14,False,8,5,False,0,2,False,0.21,7.5
EDR-007244,AST-07244,2026-08-14 07:58:14,False,4,9,True,0,12,False,0.61,5.8
EDR-007245,AST-07245,2026-08-06 05:58:14,False,7,9,False,0,23,False,0.47,8.0
EDR-007246,AST-07246,2026-08-30 23:58:14,False,0,4,False,0,30,False,0.25,9.3
EDR-007247,AST-07247,2026-08-15 05:58:14,True,10,13,False,1,38,True,0.98,5.0
EDR-007248,AST-07248,2026-09-03 00:58:14,False,3,7,False,0,27,False,0.52,8.6
EDR-007249,AST-07249,2026-08-06 11:58:14,False,4,17,False,0,21,False,0.2,7.4
EDR-007250,AST-07250,2026-08-21 20:58:14,False,4,5,False,0,25,False,0.75,9.2
EDR-007251,AST-07251,2026-09-04 05:58:14,False,2,0,False,0,7,False,0.18,9.7
EDR-007252,AST-07252,2026-08-25 20:58:14,False,5,15,False,0,38,False,0.18,7.0
EDR-007253,AST-07253,2026-08-07 09:58:14,False,6,19,False,0,47,False,0.5,6.8
EDR-007254,AST-07254,2026-08-08 17:58:14,False,3,8,False,0,46,False,0.79,8.7
EDR-007255,AST-07255,2026-08-19 09:58:14,False,9,11,True,0,49,False,0.7,4.3
EDR-007256,AST-07256,2026-08-07 05:58:14,False,5,10,False,0,42,False,0.31,7.9
EDR-007257,AST-07257,2026-08-06 01:58:14,False,3,6,False,0,0,False,0.77,8.6
EDR-007258,AST-07258,2026-08-10 00:58:14,False,3,10,False,0,10,False,0.3,7.9
EDR-007259,AST-07259,2026-08-16 00:58:14,False,8,7,False,0,48,False,0.15,7.3
EDR-007260,AST-07260,2026-08-27 02:58:14,False,5,17,False,0,48,False,0.52,7.1
EDR-007261,AST-07261,2026-09-02 00:58:14,False,6,20,False,0,4,False,0.22,7.2
EDR-007262,AST-07262,2026-08-13 09:58:14,False,8,9,False,0,49,False,0.11,7.8
EDR-007263,AST-07263,2026-08-28 01:58:14,False,1,19,False,0,6,False,0.16,7.9
EDR-007264,AST-07264,2026-08-17 07:58:14,False,0,5,False,0,41,False,0.5,9.3
EDR-007265,AST-07265,2026-08-21 12:58:14,False,5,14,False,0,26,False,0.68,7.8
EDR-007266,AST-07266,2026-08-16 01:58:14,True,2,11,False,1,3,True,0.88,6.5
EDR-007267,AST-07267,2026-08-23 21:58:14,False,4,13,False,0,49,False,0.66,7.8
EDR-007268,AST-07268,2026-09-03 12:58:14,False,3,10,False,0,24,False,0.76,8.8
EDR-007269,AST-07269,2026-08-10 01:58:14,False,2,4,False,0,30,False,0.23,9.1
EDR-007270,AST-07270,2026-09-02 07:58:14,False,0,9,False,0,49,False,0.18,9.1
EDR-007271,AST-07271,2026-09-01 07:58:14,False,3,0,False,0,41,False,0.55,9.4
EDR-007272,AST-07272,2026-08-28 23:58:14,False,8,9,False,0,46,False,0.34,7.6
EDR-007273,AST-07273,2026-08-22 16:58:14,False,8,6,False,0,25,False,0.33,8.0
EDR-007274,AST-07274,2026-08-30 15:58:14,False,7,9,False,0,35,False,0.44,7.6
EDR-007275,AST-07275,2026-08-27 01:58:14,False,8,1,False,0,27,False,0.48,8.4
EDR-007276,AST-07276,2026-08-24 10:58:14,False,6,0,False,0,3,False,0.73,8.4
EDR-007277,AST-07277,2026-09-01 10:58:14,False,3,7,False,0,46,False,0.6,9.0
EDR-007278,AST-07278,2026-08-16 12:58:14,False,3,12,False,0,49,False,0.71,7.9
EDR-007279,AST-07279,2026-08-24 11:58:14,False,6,7,False,0,39,False,0.67,7.7
EDR-007280,AST-07280,2026-08-27 05:58:14,False,10,5,False,0,26,False,0.67,7.7
EDR-007281,AST-07281,2026-08-30 00:58:14,False,7,16,False,0,41,False,0.37,7.3
EDR-007282,AST-07282,2026-08-27 14:58:14,False,6,12,False,0,30,False,0.29,7.6
EDR-007283,AST-07283,2026-08-20 17:58:14,False,6,20,False,0,31,False,0.65,7.0
EDR-007284,AST-07284,2026-08-15 15:58:14,False,2,3,False,0,31,False,0.52,9.5
EDR-007285,AST-07285,2026-08-06 17:58:14,True,4,5,False,0,33,False,0.89,7.2
EDR-007286,AST-07286,2026-08-23 21:58:14,False,1,0,False,0,21,False,0.65,9.5
EDR-007287,AST-07287,2026-08-22 20:58:14,False,2,4,False,0,45,False,0.32,9.0
EDR-007288,AST-07288,2026-08-30 22:58:14,False,5,14,False,0,34,False,0.53,7.4
EDR-007289,AST-07289,2026-08-30 13:58:14,False,2,2,False,0,30,False,0.28,9.5
EDR-007290,AST-07290,2026-09-01 04:58:14,False,5,10,False,0,42,False,0.56,7.8
EDR-007291,AST-07291,2026-08-24 07:58:14,False,5,0,False,0,10,False,0.59,9.3
EDR-007292,AST-07292,2026-08-19 09:58:14,False,1,20,False,0,48,False,0.78,8.1
EDR-007293,AST-07293,2026-08-17 18:58:14,False,7,9,False,0,8,False,0.24,7.5
EDR-007294,AST-07294,2026-08-08 03:58:14,False,9,18,False,0,48,False,0.8,6.4
EDR-007295,AST-07295,2026-08-08 21:58:14,False,5,20,False,0,26,False,0.66,6.9
EDR-007296,AST-07296,2026-08-07 18:58:14,False,1,11,False,0,14,False,0.1,8.5
EDR-007297,AST-07297,2026-09-02 20:58:14,False,4,5,False,0,38,False,0.6,8.3
EDR-007298,AST-07298,2026-08-26 08:58:14,False,4,5,False,0,38,False,0.17,9.2
EDR-007299,AST-07299,2026-08-08 07:58:14,False,0,16,False,0,6,False,0.61,8.1
EDR-007300,AST-07300,2026-08-14 10:58:14,False,0,4,False,0,29,False,0.48,9.8
EDR-007301,AST-07301,2026-08-24 23:58:14,False,5,16,False,0,36,False,0.65,7.2
EDR-007302,AST-07302,2026-08-10 00:58:14,False,8,20,False,0,1,False,0.24,6.2
EDR-007303,AST-07303,2026-08-27 15:58:14,False,5,13,False,0,7,False,0.72,7.7
EDR-007304,AST-07304,2026-08-24 12:58:14,False,3,12,False,0,39,False,0.31,7.7
EDR-007305,AST-07305,2026-08-17 15:58:14,False,1,6,False,0,17,False,0.25,8.9
EDR-007306,AST-07306,2026-08-08 02:58:14,False,6,17,False,0,5,False,0.79,6.8
EDR-007307,AST-07307,2026-08-27 08:58:14,False,8,17,False,0,43,False,0.63,6.2
EDR-007308,AST-07308,2026-08-17 11:58:14,False,0,16,False,0,25,False,0.6,8.7
EDR-007309,AST-07309,2026-08-28 17:58:14,False,0,19,False,0,36,False,0.35,7.9
EDR-007310,AST-07310,2026-08-20 13:58:14,False,10,0,False,0,19,False,0.27,8.2
EDR-007311,AST-07311,2026-08-27 06:58:14,False,10,16,False,0,16,False,0.33,5.9
EDR-007312,AST-07312,2026-08-10 05:58:14,False,10,11,False,0,37,False,0.58,7.4
EDR-007313,AST-07313,2026-08-18 05:58:14,False,10,5,False,0,23,False,0.35,7.7
EDR-007314,AST-07314,2026-09-01 22:58:14,False,2,11,False,0,39,False,0.65,8.5
EDR-007315,AST-07315,2026-08-09 03:58:14,False,6,3,False,0,18,False,0.78,8.9
EDR-007316,AST-07316,2026-08-12 22:58:14,False,7,18,False,0,34,False,0.72,7.2
EDR-007317,AST-07317,2026-09-01 01:58:14,False,3,15,False,0,11,False,0.12,7.9
EDR-007318,AST-07318,2026-08-14 06:58:14,False,3,19,False,0,26,False,0.68,7.8
EDR-007319,AST-07319,2026-08-20 14:58:14,False,1,14,False,0,29,False,0.29,8.6
EDR-007320,AST-07320,2026-09-04 16:58:14,True,3,12,False,2,0,False,0.87,6.5
EDR-007321,AST-07321,2026-08-22 21:58:14,False,4,1,False,0,37,False,0.73,8.8
EDR-007322,AST-07322,2026-08-09 14:58:14,False,1,0,False,0,7,False,0.59,10
EDR-007323,AST-07323,2026-08-22 04:58:14,False,3,6,False,0,14,False,0.15,8.6
EDR-007324,AST-07324,2026-08-17 03:58:14,False,8,0,False,0,33,False,0.55,8.8
EDR-007325,AST-07325,2026-08-15 00:58:14,False,5,8,False,0,18,False,0.77,8.1
EDR-007326,AST-07326,2026-08-27 08:58:14,False,1,3,False,0,0,False,0.2,9.8
EDR-007327,AST-07327,2026-08-30 04:58:14,False,8,16,False,0,43,False,0.53,6.8
EDR-007328,AST-07328,2026-09-02 11:58:14,False,0,16,False,0,46,False,0.55,7.9
EDR-007329,AST-07329,2026-08-05 23:58:14,False,5,12,False,0,23,False,0.5,8.2
EDR-007330,AST-07330,2026-08-06 15:58:14,False,1,11,False,0,47,False,0.71,8.8
EDR-007331,AST-07331,2026-08-23 17:58:14,False,8,13,False,0,24,False,0.72,7.2
EDR-007332,AST-07332,2026-08-16 05:58:14,False,1,11,False,0,10,False,0.72,8.6
EDR-007333,AST-07333,2026-08-20 02:58:14,True,0,2,False,1,16,False,0.9,7.4
EDR-007334,AST-07334,2026-09-01 06:58:14,False,8,7,False,0,49,False,0.14,7.7
EDR-007335,AST-07335,2026-08-17 11:58:14,False,6,17,False,0,44,False,0.38,6.7
EDR-007336,AST-07336,2026-08-15 04:58:14,False,8,0,False,0,22,False,0.59,8.2
EDR-007337,AST-07337,2026-08-10 15:58:14,False,9,8,False,0,43,False,0.2,7.8
EDR-007338,AST-07338,2026-09-04 08:58:14,False,6,2,False,0,18,False,0.75,9.0
EDR-007339,AST-07339,2026-08-27 18:58:14,False,8,3,False,0,5,False,0.6,8.3
EDR-007340,AST-07340,2026-08-15 08:58:14,False,3,5,False,0,19,False,0.35,8.8
EDR-007341,AST-07341,2026-08-08 06:58:14,False,7,1,False,0,50,False,0.67,8.3
EDR-007342,AST-07342,2026-08-14 13:58:14,False,0,15,False,0,4,False,0.35,8.7
EDR-007343,AST-07343,2026-08-16 10:58:14,False,8,16,True,0,25,False,0.54,3.6
EDR-007344,AST-07344,2026-08-28 18:58:14,False,5,2,False,0,50,False,0.61,8.7
EDR-007345,AST-07345,2026-08-27 06:58:14,False,1,3,False,0,48,False,0.63,9.8
EDR-007346,AST-07346,2026-08-17 11:58:14,False,9,5,False,0,6,False,0.42,7.6
EDR-007347,AST-07347,2026-08-09 09:58:14,False,2,11,False,0,48,False,0.41,8.1
EDR-007348,AST-07348,2026-08-18 06:58:14,False,2,2,False,0,33,False,0.39,9.3
EDR-007349,AST-07349,2026-08-19 13:58:14,False,4,9,False,0,30,False,0.28,7.9
EDR-007350,AST-07350,2026-08-11 05:58:14,False,1,20,False,0,0,False,0.13,8.2
EDR-007351,AST-07351,2026-08-13 04:58:14,False,3,14,False,0,50,False,0.28,7.7
EDR-007352,AST-07352,2026-08-10 09:58:14,False,10,10,False,0,7,False,0.41,7.0
EDR-007353,AST-07353,2026-09-02 20:58:14,False,6,14,False,0,36,False,0.42,7.3
EDR-007354,AST-07354,2026-09-03 16:58:14,True,6,20,False,1,38,True,1.0,5.2
EDR-007355,AST-07355,2026-08-29 20:58:14,False,4,3,False,0,33,False,0.39,8.8
EDR-007356,AST-07356,2026-08-22 12:58:14,False,5,13,False,0,31,False,0.27,7.8
EDR-007357,AST-07357,2026-08-14 05:58:14,False,9,13,False,0,34,False,0.46,6.9
EDR-007358,AST-07358,2026-08-10 14:58:14,False,10,11,False,0,14,False,0.28,6.8
EDR-007359,AST-07359,2026-08-22 10:58:14,True,2,3,False,1,6,True,0.7,7.5
EDR-007360,AST-07360,2026-08-26 05:58:14,False,10,0,False,0,35,False,0.64,8.3
EDR-007361,AST-07361,2026-08-26 22:58:14,False,3,16,False,0,3,False,0.26,7.6
EDR-007362,AST-07362,2026-09-02 04:58:14,False,5,13,False,0,37,False,0.27,7.3
EDR-007363,AST-07363,2026-08-22 19:58:14,False,7,19,False,0,49,False,0.56,6.4
EDR-007364,AST-07364,2026-08-29 13:58:14,False,4,12,False,0,37,False,0.63,8.1
EDR-007365,AST-07365,2026-09-04 13:58:14,False,7,10,False,0,23,False,0.29,7.3
EDR-007366,AST-07366,2026-08-20 11:58:14,False,5,16,False,0,29,False,0.16,7.2
EDR-007367,AST-07367,2026-08-06 00:58:14,True,5,10,False,0,47,True,0.85,5.7
EDR-007368,AST-07368,2026-08-17 14:58:14,False,1,18,False,0,38,False,0.77,8.2
EDR-007369,AST-07369,2026-08-24 17:58:14,False,10,17,False,0,29,False,0.27,5.8
EDR-007370,AST-07370,2026-08-22 05:58:14,False,3,13,False,0,2,False,0.25,7.6
EDR-007371,AST-07371,2026-08-14 22:58:14,False,5,13,False,0,50,False,0.73,7.9
EDR-007372,AST-07372,2026-08-30 17:58:14,False,10,10,False,0,22,False,0.2,6.5
EDR-007373,AST-07373,2026-08-18 05:58:14,False,1,18,False,0,23,False,0.52,7.5
EDR-007374,AST-07374,2026-08-24 13:58:14,False,4,14,False,0,37,False,0.55,7.5
EDR-007375,AST-07375,2026-08-29 15:58:14,False,10,9,False,0,43,False,0.68,7.2
EDR-007376,AST-07376,2026-08-15 09:58:14,False,9,13,True,0,22,False,0.68,4.1
EDR-007377,AST-07377,2026-08-21 18:58:14,False,8,20,False,0,39,False,0.54,6.4
EDR-007378,AST-07378,2026-08-20 04:58:14,False,0,18,False,0,19,False,0.73,7.7
EDR-007379,AST-07379,2026-09-01 04:58:14,False,8,3,False,0,10,False,0.65,8.2
EDR-007380,AST-07380,2026-08-22 22:58:14,False,10,20,False,0,7,False,0.64,6.1
EDR-007381,AST-07381,2026-08-11 19:58:14,False,0,2,False,0,37,False,0.21,10
EDR-007382,AST-07382,2026-09-03 18:58:14,False,2,15,False,0,13,False,0.51,8.0
EDR-007383,AST-07383,2026-08-15 22:58:14,False,9,11,False,0,26,False,0.24,7.3
EDR-007384,AST-07384,2026-08-13 16:58:14,False,10,15,False,0,38,False,0.5,6.5
EDR-007385,AST-07385,2026-08-26 18:58:14,False,9,9,False,0,49,False,0.35,7.4
EDR-007386,AST-07386,2026-08-22 21:58:14,False,8,1,False,0,2,False,0.26,8.5
EDR-007387,AST-07387,2026-08-06 19:58:14,False,6,3,False,0,8,False,0.76,8.7
EDR-007388,AST-07388,2026-08-11 00:58:14,False,0,16,False,0,29,False,0.3,8.2
EDR-007389,AST-07389,2026-09-01 09:58:14,False,3,18,False,0,19,False,0.28,7.2
EDR-007390,AST-07390,2026-08-29 11:58:14,False,2,15,False,0,1,False,0.12,7.7
EDR-007391,AST-07391,2026-08-24 06:58:14,False,1,19,False,0,34,False,0.17,7.7
EDR-007392,AST-07392,2026-08-12 09:58:14,False,10,2,False,0,5,False,0.63,7.8
EDR-007393,AST-07393,2026-08-17 14:58:14,False,3,2,False,0,45,False,0.73,9.6
EDR-007394,AST-07394,2026-08-24 23:58:14,False,10,8,False,0,30,False,0.23,7.4
EDR-007395,AST-07395,2026-08-23 08:58:14,False,8,2,False,0,5,False,0.29,7.8
EDR-007396,AST-07396,2026-09-03 09:58:14,False,0,9,False,0,49,False,0.52,9.2
EDR-007397,AST-07397,2026-08-13 15:58:14,False,6,19,False,0,27,False,0.72,6.8
EDR-007398,AST-07398,2026-08-10 17:58:14,False,2,2,False,0,29,False,0.54,8.9
EDR-007399,AST-07399,2026-08-28 18:58:14,False,2,14,False,0,18,False,0.72,8.5
EDR-007400,AST-07400,2026-08-10 21:58:14,False,0,6,False,0,42,False,0.61,9.5
EDR-007401,AST-07401,2026-08-24 02:58:14,False,9,0,True,0,37,False,0.55,5.4
EDR-007402,AST-07402,2026-08-06 07:58:14,False,3,11,False,0,5,False,0.73,8.1
EDR-007403,AST-07403,2026-08-08 16:58:14,True,6,7,False,1,46,False,0.84,6.4
EDR-007404,AST-07404,2026-08-08 23:58:14,False,0,4,False,0,24,False,0.2,9.4
EDR-007405,AST-07405,2026-08-19 08:58:14,False,8,9,False,0,40,False,0.59,7.4
EDR-007406,AST-07406,2026-09-02 19:58:14,False,6,15,False,0,26,False,0.32,7.1
EDR-007407,AST-07407,2026-08-30 22:58:14,False,6,2,False,0,7,False,0.68,8.8
EDR-007408,AST-07408,2026-08-07 05:58:14,False,9,11,False,0,1,False,0.72,6.9
EDR-007409,AST-07409,2026-08-06 09:58:14,False,3,0,False,0,34,False,0.44,9.2
EDR-007410,AST-07410,2026-09-02 06:58:14,False,2,4,False,0,8,False,0.41,8.9
EDR-007411,AST-07411,2026-08-28 03:58:14,False,5,6,False,0,3,False,0.49,8.7
EDR-007412,AST-07412,2026-08-06 11:58:14,False,3,6,False,0,29,False,0.28,8.8
EDR-007413,AST-07413,2026-08-11 18:58:14,False,1,14,False,0,5,False,0.27,8.0
EDR-007414,AST-07414,2026-09-02 18:58:14,False,4,14,False,0,18,False,0.66,7.8
EDR-007415,AST-07415,2026-08-18 02:58:14,False,8,14,False,0,29,False,0.64,6.9
EDR-007416,AST-07416,2026-08-18 03:58:14,False,4,17,False,0,12,False,0.14,7.1
EDR-007417,AST-07417,2026-08-26 19:58:14,False,9,14,False,0,35,False,0.59,6.3
EDR-007418,AST-07418,2026-08-18 01:58:14,False,0,7,False,0,15,False,0.31,9.4
EDR-007419,AST-07419,2026-08-30 23:58:14,False,7,6,False,0,9,False,0.41,7.8
EDR-007420,AST-07420,2026-09-01 13:58:14,False,9,5,False,0,21,False,0.54,7.6
EDR-007421,AST-07421,2026-08-07 14:58:14,False,4,7,False,0,25,False,0.73,8.6
EDR-007422,AST-07422,2026-08-15 17:58:14,False,9,13,False,0,2,False,0.52,7.0
EDR-007423,AST-07423,2026-08-26 18:58:14,False,0,16,False,0,11,False,0.48,8.1
EDR-007424,AST-07424,2026-09-03 16:58:14,False,4,13,False,0,45,False,0.22,7.6
EDR-007425,AST-07425,2026-08-29 02:58:14,False,2,7,False,0,7,False,0.27,8.8
EDR-007426,AST-07426,2026-08-31 13:58:14,False,10,3,False,0,49,False,0.74,7.8
EDR-007427,AST-07427,2026-08-31 09:58:14,False,4,17,False,0,2,False,0.61,7.9
EDR-007428,AST-07428,2026-08-19 12:58:14,False,0,15,False,0,44,False,0.39,8.4
EDR-007429,AST-07429,2026-09-02 03:58:14,False,10,5,False,0,26,False,0.23,7.6
EDR-007430,AST-07430,2026-09-03 11:58:14,False,10,6,False,0,41,False,0.61,7.7
EDR-007431,AST-07431,2026-08-20 08:58:14,False,8,2,False,0,24,False,0.74,8.4
EDR-007432,AST-07432,2026-08-06 05:58:14,False,10,12,False,0,49,False,0.43,6.7
EDR-007433,AST-07433,2026-08-23 23:58:14,False,8,11,False,0,12,False,0.57,7.8
EDR-007434,AST-07434,2026-09-02 23:58:14,False,10,20,False,0,0,False,0.49,5.8
EDR-007435,AST-07435,2026-08-07 05:58:14,False,10,11,False,0,40,False,0.43,7.4
EDR-007436,AST-07436,2026-08-26 18:58:14,False,6,1,False,0,12,False,0.67,8.4
EDR-007437,AST-07437,2026-08-30 03:58:14,False,5,13,False,0,32,False,0.15,8.0
EDR-007438,AST-07438,2026-09-03 07:58:14,False,10,1,False,0,17,False,0.14,7.6
EDR-007439,AST-07439,2026-09-01 13:58:14,False,10,9,False,0,32,False,0.72,7.5
EDR-007440,AST-07440,2026-08-26 19:58:14,False,10,11,False,0,9,False,0.61,7.0
EDR-007441,AST-07441,2026-09-01 22:58:14,False,2,6,False,0,24,False,0.24,8.9
EDR-007442,AST-07442,2026-08-08 19:58:14,False,4,3,False,0,39,False,0.52,9.0
EDR-007443,AST-07443,2026-08-18 08:58:14,False,3,4,False,0,18,False,0.17,8.7
EDR-007444,AST-07444,2026-08-07 23:58:14,True,2,1,False,1,36,True,0.74,7.2
EDR-007445,AST-07445,2026-08-27 01:58:14,False,5,5,False,0,10,False,0.76,8.7
EDR-007446,AST-07446,2026-08-08 01:58:14,False,7,11,False,0,4,False,0.74,7.4
EDR-007447,AST-07447,2026-08-10 22:58:14,False,9,11,False,0,33,False,0.51,7.5
EDR-007448,AST-07448,2026-08-22 15:58:14,False,0,17,False,0,9,False,0.74,8.3
EDR-007449,AST-07449,2026-08-24 11:58:14,False,4,14,False,0,48,False,0.5,7.9
EDR-007450,AST-07450,2026-08-09 11:58:14,False,5,10,False,0,49,False,0.59,8.2
EDR-007451,AST-07451,2026-08-13 03:58:14,False,10,4,False,0,21,False,0.3,7.9
EDR-007452,AST-07452,2026-08-31 18:58:14,False,9,15,False,0,7,False,0.55,6.4
EDR-007453,AST-07453,2026-08-27 01:58:14,False,5,7,False,0,13,False,0.67,8.6
EDR-007454,AST-07454,2026-08-23 15:58:14,False,1,14,False,0,8,False,0.4,8.3
EDR-007455,AST-07455,2026-08-18 09:58:14,False,6,6,False,0,14,False,0.73,8.0
EDR-007456,AST-07456,2026-08-16 08:58:14,False,4,11,False,0,20,False,0.34,8.3
EDR-007457,AST-07457,2026-08-30 21:58:14,False,5,16,False,0,39,False,0.12,7.4
EDR-007458,AST-07458,2026-08-16 11:58:14,False,8,17,False,0,35,False,0.59,6.8
EDR-007459,AST-07459,2026-08-31 09:58:14,False,1,15,False,0,11,False,0.73,8.4
EDR-007460,AST-07460,2026-08-28 17:58:14,False,10,15,False,0,30,False,0.69,6.3
EDR-007461,AST-07461,2026-08-17 11:58:14,False,2,12,False,0,32,False,0.14,8.2
EDR-007462,AST-07462,2026-08-09 19:58:14,False,9,4,False,0,5,False,0.76,7.9
EDR-007463,AST-07463,2026-08-12 23:58:14,False,6,17,False,0,10,False,0.43,7.1
EDR-007464,AST-07464,2026-08-18 08:58:14,False,7,2,False,0,8,False,0.61,8.7
EDR-007465,AST-07465,2026-08-27 23:58:14,False,6,8,False,0,35,False,0.23,8.4
EDR-007466,AST-07466,2026-08-20 09:58:14,False,4,12,False,0,45,False,0.58,7.9
EDR-007467,AST-07467,2026-08-15 10:58:14,False,3,14,False,0,22,False,0.15,8.0
EDR-007468,AST-07468,2026-08-31 23:58:14,True,1,2,False,2,46,True,0.68,7.1
EDR-007469,AST-07469,2026-08-24 08:58:14,False,4,15,False,0,30,False,0.69,7.6
EDR-007470,AST-07470,2026-08-29 02:58:14,True,4,14,False,3,36,False,0.91,5.3
EDR-007471,AST-07471,2026-08-13 19:58:14,False,10,9,False,0,15,False,0.49,7.5
EDR-007472,AST-07472,2026-08-17 04:58:14,False,8,16,False,0,24,False,0.55,6.5
EDR-007473,AST-07473,2026-08-20 00:58:14,False,10,3,False,0,11,False,0.31,7.9
EDR-007474,AST-07474,2026-08-25 08:58:14,False,3,11,False,0,14,False,0.73,7.9
EDR-007475,AST-07475,2026-08-19 03:58:14,False,5,3,False,0,25,False,0.42,8.3
EDR-007476,AST-07476,2026-08-29 05:58:14,False,9,1,False,0,32,False,0.74,7.8
EDR-007477,AST-07477,2026-08-13 09:58:14,False,7,2,False,0,29,False,0.67,8.0
EDR-007478,AST-07478,2026-08-29 01:58:14,False,0,16,False,0,22,False,0.7,8.3
EDR-007479,AST-07479,2026-08-26 12:58:14,False,5,13,False,0,37,False,0.43,7.8
EDR-007480,AST-07480,2026-08-10 09:58:14,False,6,16,False,0,36,False,0.44,7.2
EDR-007481,AST-07481,2026-08-15 16:58:14,False,6,16,False,0,44,False,0.13,6.9
EDR-007482,AST-07482,2026-09-03 03:58:14,False,10,19,False,0,32,False,0.29,5.9
EDR-007483,AST-07483,2026-08-09 15:58:14,False,5,11,False,0,32,False,0.28,8.3
EDR-007484,AST-07484,2026-08-26 00:58:14,False,5,18,False,0,33,False,0.79,7.3
EDR-007485,AST-07485,2026-08-16 20:58:14,False,3,8,False,0,45,False,0.59,8.7
EDR-007486,AST-07486,2026-09-02 21:58:14,True,10,2,False,1,9,False,0.85,6.0
EDR-007487,AST-07487,2026-08-20 12:58:14,False,4,3,False,0,2,False,0.48,8.8
EDR-007488,AST-07488,2026-08-13 22:58:14,True,2,17,False,1,22,False,0.69,6.3
EDR-007489,AST-07489,2026-08-13 00:58:14,False,10,13,False,0,1,False,0.33,6.4
EDR-007490,AST-07490,2026-08-26 11:58:14,False,7,14,False,0,14,False,0.63,7.3
EDR-007491,AST-07491,2026-08-27 17:58:14,False,9,5,False,0,27,False,0.1,7.8
EDR-007492,AST-07492,2026-08-14 21:58:14,False,1,15,False,0,3,False,0.66,8.4
EDR-007493,AST-07493,2026-08-08 04:58:14,False,1,1,False,0,13,False,0.62,9.2
EDR-007494,AST-07494,2026-08-17 14:58:14,False,8,9,False,0,15,False,0.28,7.4
EDR-007495,AST-07495,2026-09-01 13:58:14,False,3,16,False,0,49,False,0.73,8.1
EDR-007496,AST-07496,2026-08-25 21:58:14,False,9,13,False,0,20,False,0.26,7.0
EDR-007497,AST-07497,2026-09-03 17:58:14,True,9,19,False,3,23,True,0.86,4.5
EDR-007498,AST-07498,2026-08-09 09:58:14,False,1,12,False,0,4,False,0.59,8.8
EDR-007499,AST-07499,2026-08-17 06:58:14,False,6,13,False,0,32,False,0.17,7.4
EDR-007500,AST-07500,2026-08-20 20:58:14,False,6,8,False,0,48,False,0.37,7.7
EDR-007501,AST-07501,2026-08-28 21:58:14,False,3,1,False,0,28,False,0.32,9.5
EDR-007502,AST-07502,2026-08-26 15:58:14,False,3,7,False,0,22,False,0.11,8.3
EDR-007503,AST-07503,2026-08-17 19:58:14,False,0,3,False,0,0,False,0.27,9.9
EDR-007504,AST-07504,2026-08-14 17:58:14,False,9,15,False,0,47,False,0.54,6.6
EDR-007505,AST-07505,2026-09-02 03:58:14,False,9,17,False,0,43,False,0.13,6.7
EDR-007506,AST-07506,2026-08-25 10:58:14,False,10,4,False,0,27,False,0.31,7.4
EDR-007507,AST-07507,2026-08-29 21:58:14,False,3,4,False,0,16,False,0.79,8.7
EDR-007508,AST-07508,2026-08-05 18:58:14,False,5,13,False,0,34,False,0.63,7.4
EDR-007509,AST-07509,2026-08-13 16:58:14,False,8,9,False,0,18,False,0.3,7.9
EDR-007510,AST-07510,2026-08-17 13:58:14,False,7,14,False,0,10,False,0.19,6.9
EDR-007511,AST-07511,2026-08-25 03:58:14,False,10,10,False,0,29,False,0.7,7.1
EDR-007512,AST-07512,2026-08-17 10:58:14,False,10,0,False,0,12,False,0.67,7.7
EDR-007513,AST-07513,2026-08-06 12:58:14,False,3,14,False,0,19,False,0.37,8.0
EDR-007514,AST-07514,2026-09-01 19:58:14,False,5,8,False,0,15,False,0.15,8.0
EDR-007515,AST-07515,2026-08-31 13:58:14,False,10,17,False,0,3,False,0.56,6.7
EDR-007516,AST-07516,2026-08-06 22:58:14,False,8,4,False,0,31,False,0.38,7.6
EDR-007517,AST-07517,2026-08-15 02:58:14,False,0,18,False,0,22,False,0.79,8.7
EDR-007518,AST-07518,2026-08-17 04:58:14,False,7,20,False,0,15,False,0.42,6.8
EDR-007519,AST-07519,2026-08-14 07:58:14,False,6,2,False,0,20,False,0.54,9.0
EDR-007520,AST-07520,2026-08-27 01:58:14,False,2,8,False,0,49,False,0.5,9.1
EDR-007521,AST-07521,2026-08-08 00:58:14,False,4,1,False,0,27,False,0.5,9.0
EDR-007522,AST-07522,2026-08-29 16:58:14,False,5,17,False,0,37,False,0.28,7.4
EDR-007523,AST-07523,2026-08-24 15:58:14,False,4,20,False,0,8,False,0.6,7.1
EDR-007524,AST-07524,2026-08-10 10:58:14,False,3,0,False,0,29,False,0.46,9.1
EDR-007525,AST-07525,2026-08-22 03:58:14,False,10,7,False,0,39,False,0.18,6.9
EDR-007526,AST-07526,2026-08-31 23:58:14,False,7,12,False,0,32,False,0.35,7.8
EDR-007527,AST-07527,2026-08-25 20:58:14,False,9,14,False,0,26,False,0.22,6.9
EDR-007528,AST-07528,2026-08-27 22:58:14,False,4,7,False,0,0,False,0.57,8.2
EDR-007529,AST-07529,2026-08-20 11:58:14,False,2,15,False,0,22,False,0.76,8.0
EDR-007530,AST-07530,2026-08-22 10:58:14,False,2,13,False,0,37,False,0.76,8.1
EDR-007531,AST-07531,2026-08-30 15:58:14,False,3,11,False,0,14,False,0.27,8.3
EDR-007532,AST-07532,2026-08-29 12:58:14,False,8,19,False,0,12,False,0.5,6.5
EDR-007533,AST-07533,2026-09-03 15:58:14,False,1,2,False,0,10,False,0.62,9.3
EDR-007534,AST-07534,2026-08-06 02:58:14,False,9,14,False,0,21,False,0.61,7.0
EDR-007535,AST-07535,2026-08-18 05:58:14,False,9,17,False,0,29,False,0.54,6.5
EDR-007536,AST-07536,2026-08-21 14:58:14,False,9,2,False,0,3,False,0.25,8.1
EDR-007537,AST-07537,2026-08-12 12:58:14,False,0,16,False,0,20,False,0.56,8.7
EDR-007538,AST-07538,2026-08-09 00:58:14,False,5,10,False,0,50,False,0.74,7.9
EDR-007539,AST-07539,2026-08-28 04:58:14,False,6,3,True,0,26,False,0.58,5.5
EDR-007540,AST-07540,2026-08-30 00:58:14,False,6,20,False,0,10,False,0.75,6.7
EDR-007541,AST-07541,2026-08-15 16:58:14,False,1,7,False,0,21,False,0.21,9.0
EDR-007542,AST-07542,2026-08-30 14:58:14,False,5,2,False,0,13,False,0.17,8.6
EDR-007543,AST-07543,2026-08-20 13:58:14,False,2,6,False,0,11,False,0.15,9.0
EDR-007544,AST-07544,2026-09-01 12:58:14,True,6,18,False,2,34,True,0.71,5.5
EDR-007545,AST-07545,2026-08-10 10:58:14,True,6,1,False,2,23,True,0.84,7.0
EDR-007546,AST-07546,2026-08-16 04:58:14,False,1,3,False,0,46,False,0.5,9.7
EDR-007547,AST-07547,2026-08-24 02:58:14,False,6,8,False,0,17,False,0.67,7.8
EDR-007548,AST-07548,2026-08-06 12:58:14,False,2,3,False,0,7,False,0.28,9.6
EDR-007549,AST-07549,2026-08-12 11:58:14,False,9,1,False,0,1,False,0.59,8.1
EDR-007550,AST-07550,2026-08-29 14:58:14,False,5,19,False,0,0,False,0.57,7.2
EDR-007551,AST-07551,2026-08-25 19:58:14,False,6,15,False,0,14,False,0.48,7.1
EDR-007552,AST-07552,2026-08-29 09:58:14,False,0,15,False,0,24,False,0.71,8.0
EDR-007553,AST-07553,2026-08-14 06:58:14,False,8,10,False,0,17,False,0.73,7.2
EDR-007554,AST-07554,2026-08-19 06:58:14,False,8,19,False,0,47,False,0.58,6.9
EDR-007555,AST-07555,2026-08-17 01:58:14,False,10,9,False,0,24,False,0.69,7.4
EDR-007556,AST-07556,2026-08-13 18:58:14,False,6,14,False,0,23,False,0.5,7.5
EDR-007557,AST-07557,2026-08-16 01:58:14,False,2,20,False,0,40,False,0.68,7.9
EDR-007558,AST-07558,2026-08-20 18:58:14,False,2,19,False,0,29,False,0.54,8.2
EDR-007559,AST-07559,2026-08-08 21:58:14,False,10,12,False,0,25,False,0.16,7.0
EDR-007560,AST-07560,2026-08-27 03:58:14,False,3,8,False,0,20,False,0.76,8.9
EDR-007561,AST-07561,2026-09-04 02:58:14,False,3,10,False,0,48,False,0.58,8.7
EDR-007562,AST-07562,2026-08-25 09:58:14,False,5,0,False,0,48,False,0.15,9.3
EDR-007563,AST-07563,2026-08-07 16:58:14,False,9,12,False,0,23,False,0.69,6.9
EDR-007564,AST-07564,2026-08-09 09:58:14,False,10,6,False,0,31,False,0.13,7.7
EDR-007565,AST-07565,2026-09-03 00:58:14,False,10,17,False,0,49,False,0.11,6.2
EDR-007566,AST-07566,2026-08-29 07:58:14,False,3,17,False,0,10,False,0.67,8.1
EDR-007567,AST-07567,2026-08-29 03:58:14,False,4,15,False,0,7,False,0.45,7.6
EDR-007568,AST-07568,2026-08-09 02:58:14,False,2,10,False,0,12,False,0.67,8.4
EDR-007569,AST-07569,2026-08-29 10:58:14,False,1,17,False,0,42,False,0.72,8.2
EDR-007570,AST-07570,2026-09-02 15:58:14,False,8,10,False,0,37,False,0.66,7.5
EDR-007571,AST-07571,2026-08-17 00:58:14,False,1,9,False,0,43,False,0.74,9.4
EDR-007572,AST-07572,2026-08-20 06:58:14,False,9,4,False,0,43,False,0.71,7.7
EDR-007573,AST-07573,2026-08-20 05:58:14,False,2,11,False,0,40,False,0.52,8.7
EDR-007574,AST-07574,2026-09-03 17:58:14,False,10,16,False,0,42,False,0.74,6.4
EDR-007575,AST-07575,2026-09-02 20:58:14,False,4,20,False,0,10,False,0.42,7.2
EDR-007576,AST-07576,2026-08-13 06:58:14,False,0,18,False,0,34,False,0.56,8.6
EDR-007577,AST-07577,2026-08-13 11:58:14,False,6,0,False,0,12,False,0.27,8.7
EDR-007578,AST-07578,2026-08-24 03:58:14,False,5,3,False,0,35,False,0.33,9.1
EDR-007579,AST-07579,2026-08-20 11:58:14,False,8,9,True,0,9,False,0.45,4.6
EDR-007580,AST-07580,2026-08-24 08:58:14,False,4,6,False,0,45,False,0.54,8.5
EDR-007581,AST-07581,2026-08-30 23:58:14,False,10,14,False,0,21,False,0.12,6.7
EDR-007582,AST-07582,2026-08-06 04:58:14,False,3,15,False,0,1,False,0.64,8.2
EDR-007583,AST-07583,2026-08-13 22:58:14,False,7,7,False,0,34,False,0.73,7.7
EDR-007584,AST-07584,2026-08-24 19:58:14,False,10,6,False,0,36,False,0.56,7.4
EDR-007585,AST-07585,2026-08-19 12:58:14,False,0,7,False,0,14,False,0.64,9.7
EDR-007586,AST-07586,2026-08-17 02:58:14,False,2,19,False,0,22,False,0.26,8.0
EDR-007587,AST-07587,2026-08-14 23:58:14,False,2,18,False,0,47,False,0.59,7.9
EDR-007588,AST-07588,2026-08-14 18:58:14,False,6,16,False,0,31,False,0.16,6.9
EDR-007589,AST-07589,2026-08-12 20:58:14,False,3,17,False,0,17,False,0.43,7.3
EDR-007590,AST-07590,2026-08-11 18:58:14,False,2,13,False,0,27,False,0.25,8.4
EDR-007591,AST-07591,2026-08-18 23:58:14,False,10,4,False,0,8,False,0.12,7.5
EDR-007592,AST-07592,2026-08-14 09:58:14,False,8,2,False,0,39,False,0.66,8.6
EDR-007593,AST-07593,2026-08-31 10:58:14,False,7,18,False,0,19,False,0.18,6.5
EDR-007594,AST-07594,2026-08-20 17:58:14,False,0,2,False,0,3,False,0.15,10
EDR-007595,AST-07595,2026-08-12 13:58:14,False,8,2,False,0,12,False,0.23,8.0
EDR-007596,AST-07596,2026-08-09 09:58:14,False,4,7,False,0,9,False,0.37,8.9
EDR-007597,AST-07597,2026-08-10 05:58:14,False,7,9,False,0,17,False,0.45,8.2
EDR-007598,AST-07598,2026-08-06 09:58:14,False,6,6,False,0,34,False,0.46,8.4
EDR-007599,AST-07599,2026-08-10 08:58:14,False,4,19,False,0,36,False,0.65,7.0
EDR-007600,AST-07600,2026-08-16 00:58:14,False,10,6,False,0,49,False,0.13,7.4
EDR-007601,AST-07601,2026-08-16 13:58:14,False,3,12,False,0,19,False,0.21,8.2
EDR-007602,AST-07602,2026-08-07 19:58:14,False,6,10,False,0,45,False,0.23,7.5
EDR-007603,AST-07603,2026-08-19 05:58:14,False,1,7,False,0,41,False,0.12,9.4
EDR-007604,AST-07604,2026-08-06 21:58:14,False,3,12,False,0,26,False,0.28,8.5
EDR-007605,AST-07605,2026-09-02 13:58:14,False,9,18,False,0,46,False,0.43,6.1
EDR-007606,AST-07606,2026-08-10 10:58:14,False,8,12,False,0,4,False,0.7,7.4
EDR-007607,AST-07607,2026-09-02 11:58:14,False,1,14,False,0,6,False,0.45,8.6
EDR-007608,AST-07608,2026-08-20 02:58:14,False,9,19,False,0,6,False,0.75,6.4
EDR-007609,AST-07609,2026-08-15 19:58:14,False,0,11,False,0,22,False,0.19,9.4
EDR-007610,AST-07610,2026-08-19 19:58:14,False,8,12,False,0,3,False,0.44,7.7
EDR-007611,AST-07611,2026-08-15 10:58:14,False,0,3,False,0,27,False,0.13,10
EDR-007612,AST-07612,2026-08-12 02:58:14,False,3,11,False,0,25,False,0.15,8.3
EDR-007613,AST-07613,2026-08-26 06:58:14,False,3,14,False,0,15,False,0.74,7.7
EDR-007614,AST-07614,2026-08-28 21:58:14,False,8,1,False,0,41,False,0.2,8.7
EDR-007615,AST-07615,2026-08-19 22:58:14,False,9,9,False,0,1,False,0.62,7.2
EDR-007616,AST-07616,2026-09-04 00:58:14,False,4,9,False,0,5,False,0.55,7.9
EDR-007617,AST-07617,2026-09-02 02:58:14,False,4,19,False,0,34,False,0.35,7.4
EDR-007618,AST-07618,2026-09-02 19:58:14,False,2,9,False,0,48,False,0.23,8.4
EDR-007619,AST-07619,2026-08-07 10:58:14,False,9,9,False,0,23,False,0.37,7.0
EDR-007620,AST-07620,2026-08-22 11:58:14,False,6,8,False,0,19,False,0.38,8.3
EDR-007621,AST-07621,2026-08-12 10:58:14,False,6,18,False,0,36,False,0.16,7.4
EDR-007622,AST-07622,2026-08-09 02:58:14,False,9,10,False,0,1,False,0.35,7.1
EDR-007623,AST-07623,2026-08-26 09:58:14,False,6,11,False,0,48,False,0.19,8.1
EDR-007624,AST-07624,2026-08-18 11:58:14,False,3,8,False,0,38,False,0.18,8.6
EDR-007625,AST-07625,2026-08-27 09:58:14,False,7,4,False,0,37,False,0.2,8.1
EDR-007626,AST-07626,2026-08-07 18:58:14,False,6,11,False,0,21,False,0.37,8.0
EDR-007627,AST-07627,2026-08-07 16:58:14,False,9,13,False,0,49,False,0.76,6.8
EDR-007628,AST-07628,2026-08-09 13:58:14,False,5,6,False,0,25,False,0.57,7.9
EDR-007629,AST-07629,2026-08-12 08:58:14,False,6,16,False,0,7,False,0.59,7.1
EDR-007630,AST-07630,2026-08-16 07:58:14,False,8,0,False,0,31,False,0.52,8.2
EDR-007631,AST-07631,2026-08-30 00:58:14,False,8,14,False,0,10,False,0.39,7.1
EDR-007632,AST-07632,2026-08-19 16:58:14,False,0,11,False,0,20,False,0.73,8.8
EDR-007633,AST-07633,2026-08-18 17:58:14,False,3,20,False,0,9,False,0.65,7.6
EDR-007634,AST-07634,2026-08-22 17:58:14,False,7,20,False,0,23,False,0.48,6.8
EDR-007635,AST-07635,2026-08-26 20:58:14,False,9,9,False,0,37,False,0.18,7.4
EDR-007636,AST-07636,2026-08-05 17:58:14,False,5,7,False,0,5,False,0.24,8.7
EDR-007637,AST-07637,2026-09-01 02:58:14,False,1,13,False,0,18,False,0.12,8.4
EDR-007638,AST-07638,2026-08-18 19:58:14,False,7,17,False,0,41,False,0.32,6.7
EDR-007639,AST-07639,2026-08-26 04:58:14,False,1,19,False,0,34,False,0.67,7.7
EDR-007640,AST-07640,2026-08-23 00:58:14,True,9,0,False,2,23,True,0.61,6.7
EDR-007641,AST-07641,2026-08-11 03:58:14,False,9,4,False,0,45,False,0.7,7.6
EDR-007642,AST-07642,2026-08-23 19:58:14,False,5,8,False,0,15,False,0.55,8.6
EDR-007643,AST-07643,2026-08-15 06:58:14,False,2,3,False,0,17,False,0.43,9.3
EDR-007644,AST-07644,2026-08-11 09:58:14,False,7,3,False,0,15,False,0.55,8.3
EDR-007645,AST-07645,2026-08-13 18:58:14,False,3,16,False,0,14,False,0.62,7.8
EDR-007646,AST-07646,2026-08-07 13:58:14,False,0,10,False,0,12,False,0.32,8.8
EDR-007647,AST-07647,2026-08-07 18:58:14,True,1,18,False,1,11,True,0.7,5.8
EDR-007648,AST-07648,2026-08-07 11:58:14,False,2,5,False,0,36,False,0.21,9.4
EDR-007649,AST-07649,2026-08-31 04:58:14,False,7,18,False,0,18,False,0.54,6.5
EDR-007650,AST-07650,2026-09-04 16:58:14,False,8,2,False,0,24,False,0.26,8.1
EDR-007651,AST-07651,2026-08-10 15:58:14,False,7,14,False,0,11,False,0.13,7.1
EDR-007652,AST-07652,2026-09-03 02:58:14,False,9,3,False,0,17,False,0.51,7.9
EDR-007653,AST-07653,2026-08-10 17:58:14,False,4,9,False,0,44,False,0.68,8.3
EDR-007654,AST-07654,2026-08-15 06:58:14,False,3,19,False,0,10,False,0.16,7.0
EDR-007655,AST-07655,2026-09-02 23:58:14,False,2,16,False,0,45,False,0.38,8.1
EDR-007656,AST-07656,2026-08-28 20:58:14,False,4,20,False,0,22,False,0.67,7.0
EDR-007657,AST-07657,2026-08-26 07:58:14,False,2,20,False,0,16,False,0.73,7.8
EDR-007658,AST-07658,2026-08-10 13:58:14,False,3,10,False,0,39,False,0.8,8.6
EDR-007659,AST-07659,2026-08-17 18:58:14,False,9,16,False,0,23,False,0.35,6.2
EDR-007660,AST-07660,2026-09-03 01:58:14,False,4,2,False,0,19,False,0.61,9.0
EDR-007661,AST-07661,2026-08-31 20:58:14,False,0,13,False,0,17,False,0.34,8.6
EDR-007662,AST-07662,2026-08-24 06:58:14,False,7,2,False,0,44,False,0.34,8.7
EDR-007663,AST-07663,2026-08-18 10:58:14,False,7,9,False,0,8,False,0.33,7.8
EDR-007664,AST-07664,2026-08-13 07:58:14,False,7,0,False,0,24,False,0.32,8.5
EDR-007665,AST-07665,2026-08-25 16:58:14,False,2,8,False,0,8,False,0.57,9.0
EDR-007666,AST-07666,2026-08-12 20:58:14,False,10,20,False,0,24,False,0.13,5.7
EDR-007667,AST-07667,2026-08-12 22:58:14,False,1,20,False,0,34,False,0.4,7.4
EDR-007668,AST-07668,2026-08-20 06:58:14,False,0,3,False,0,5,False,0.65,9.3
EDR-007669,AST-07669,2026-08-13 14:58:14,False,1,15,False,0,38,False,0.76,8.2
EDR-007670,AST-07670,2026-08-29 10:58:14,False,6,3,False,0,27,False,0.44,8.1
EDR-007671,AST-07671,2026-08-05 23:58:14,False,5,10,False,0,19,False,0.62,8.4
EDR-007672,AST-07672,2026-09-04 05:58:14,False,2,2,False,0,50,False,0.37,9.7
EDR-007673,AST-07673,2026-08-07 13:58:14,False,10,15,False,0,20,False,0.23,6.3
EDR-007674,AST-07674,2026-08-20 15:58:14,False,5,20,False,0,14,False,0.63,6.7
EDR-007675,AST-07675,2026-08-08 04:58:14,False,3,20,False,0,8,False,0.17,7.5
EDR-007676,AST-07676,2026-08-07 05:58:14,False,5,19,False,0,4,False,0.35,6.6
EDR-007677,AST-07677,2026-08-07 16:58:14,False,0,18,False,0,2,False,0.53,7.8
EDR-007678,AST-07678,2026-08-16 18:58:14,False,6,6,False,0,3,False,0.43,8.3
EDR-007679,AST-07679,2026-08-25 17:58:14,False,8,10,False,0,6,False,0.77,7.7
EDR-007680,AST-07680,2026-08-23 07:58:14,False,9,16,False,0,23,False,0.72,6.4
EDR-007681,AST-07681,2026-09-01 14:58:14,False,10,20,False,0,47,False,0.43,6.1
EDR-007682,AST-07682,2026-08-17 08:58:14,False,5,0,False,0,42,False,0.27,9.2
EDR-007683,AST-07683,2026-08-26 12:58:14,False,4,11,False,0,22,False,0.19,8.0
EDR-007684,AST-07684,2026-08-28 06:58:14,True,9,18,False,2,11,False,0.7,4.6
EDR-007685,AST-07685,2026-08-28 00:58:14,False,7,17,False,0,19,False,0.29,6.8
EDR-007686,AST-07686,2026-08-09 20:58:14,False,3,20,False,0,22,False,0.7,7.6
EDR-007687,AST-07687,2026-08-11 17:58:14,False,8,14,False,0,36,False,0.37,6.6
EDR-007688,AST-07688,2026-08-13 09:58:14,False,7,20,False,0,12,False,0.57,6.3
EDR-007689,AST-07689,2026-08-14 10:58:14,False,1,0,False,0,32,False,0.15,9.7
EDR-007690,AST-07690,2026-08-07 23:58:14,False,5,18,False,0,48,False,0.51,7.1
EDR-007691,AST-07691,2026-08-16 10:58:14,False,4,13,False,0,33,False,0.45,8.2
EDR-007692,AST-07692,2026-08-13 10:58:14,True,4,7,False,2,8,False,0.73,6.1
EDR-007693,AST-07693,2026-09-02 01:58:14,False,8,4,False,0,35,False,0.58,8.4
EDR-007694,AST-07694,2026-08-29 19:58:14,False,10,4,False,0,0,False,0.55,7.5
EDR-007695,AST-07695,2026-08-27 21:58:14,False,10,19,False,0,22,False,0.33,5.7
EDR-007696,AST-07696,2026-08-13 12:58:14,False,5,10,False,0,28,False,0.25,8.4
EDR-007697,AST-07697,2026-08-06 03:58:14,False,9,6,False,0,4,False,0.34,8.1
EDR-007698,AST-07698,2026-08-19 01:58:14,False,2,20,False,0,3,False,0.69,7.3
EDR-007699,AST-07699,2026-08-19 18:58:14,False,0,8,False,0,7,False,0.63,9.4
EDR-007700,AST-07700,2026-08-30 21:58:14,False,9,18,False,0,20,False,0.51,6.8
EDR-007701,AST-07701,2026-08-13 16:58:14,False,9,16,False,0,5,False,0.12,6.6
EDR-007702,AST-07702,2026-09-04 01:58:14,False,0,12,False,0,38,False,0.36,8.6
EDR-007703,AST-07703,2026-08-29 04:58:14,False,1,1,False,0,45,False,0.28,10
EDR-007704,AST-07704,2026-08-27 22:58:14,False,4,13,False,0,18,False,0.54,8.3
EDR-007705,AST-07705,2026-08-21 07:58:14,False,0,13,False,0,3,False,0.14,9.1
EDR-007706,AST-07706,2026-08-28 14:58:14,False,7,15,False,0,10,False,0.11,7.0
EDR-007707,AST-07707,2026-08-08 20:58:14,False,1,12,False,0,25,False,0.74,8.6
EDR-007708,AST-07708,2026-08-06 23:58:14,False,3,2,False,0,4,False,0.5,9.5
EDR-007709,AST-07709,2026-08-14 02:58:14,False,8,15,False,0,12,False,0.74,7.1
EDR-007710,AST-07710,2026-08-08 07:58:14,False,7,10,False,0,43,False,0.32,8.1
EDR-007711,AST-07711,2026-08-28 12:58:14,False,5,18,False,0,48,False,0.12,7.5
EDR-007712,AST-07712,2026-08-23 23:58:14,False,9,10,False,0,18,False,0.13,7.1
EDR-007713,AST-07713,2026-08-06 05:58:14,False,6,18,False,0,31,False,0.31,7.0
EDR-007714,AST-07714,2026-08-18 22:58:14,False,9,18,False,0,44,False,0.22,6.3
EDR-007715,AST-07715,2026-08-10 22:58:14,False,10,16,False,0,32,False,0.31,6.8
EDR-007716,AST-07716,2026-09-03 21:58:14,False,8,10,False,0,30,False,0.1,7.1
EDR-007717,AST-07717,2026-08-29 18:58:14,False,0,18,False,0,10,False,0.63,8.1
EDR-007718,AST-07718,2026-08-24 10:58:14,False,7,7,False,0,35,False,0.3,7.8
EDR-007719,AST-07719,2026-08-25 17:58:14,False,0,8,False,0,47,False,0.75,9.6
EDR-007720,AST-07720,2026-08-14 10:58:14,False,5,13,False,0,1,False,0.45,7.7
EDR-007721,AST-07721,2026-08-16 21:58:14,False,3,17,False,0,50,False,0.32,7.3
EDR-007722,AST-07722,2026-08-21 21:58:14,False,4,13,False,0,50,False,0.65,8.3
EDR-007723,AST-07723,2026-09-03 11:58:14,False,7,11,False,0,34,False,0.49,7.4
EDR-007724,AST-07724,2026-08-31 23:58:14,True,4,20,False,2,41,False,0.87,5.5
EDR-007725,AST-07725,2026-08-11 10:58:14,False,10,9,False,0,29,False,0.57,6.8
EDR-007726,AST-07726,2026-08-28 19:58:14,False,0,13,False,0,29,False,0.29,8.6
EDR-007727,AST-07727,2026-08-10 17:58:14,False,7,19,False,0,42,False,0.22,6.8
EDR-007728,AST-07728,2026-08-14 00:58:14,False,9,16,False,0,3,False,0.62,6.7
EDR-007729,AST-07729,2026-08-06 19:58:14,True,2,18,False,0,18,False,0.98,6.1
EDR-007730,AST-07730,2026-08-05 18:58:14,False,6,3,False,0,49,False,0.4,8.9
EDR-007731,AST-07731,2026-09-02 07:58:14,False,1,8,False,0,8,False,0.35,9.4
EDR-007732,AST-07732,2026-08-27 23:58:14,False,6,15,False,0,7,False,0.34,7.5
EDR-007733,AST-07733,2026-09-03 18:58:14,False,7,3,False,0,49,False,0.46,8.2
EDR-007734,AST-07734,2026-08-30 23:58:14,False,6,2,False,0,10,False,0.69,8.2
EDR-007735,AST-07735,2026-08-10 01:58:14,False,5,13,False,0,46,False,0.65,8.2
EDR-007736,AST-07736,2026-08-09 21:58:14,False,3,12,False,0,42,False,0.61,7.9
EDR-007737,AST-07737,2026-08-14 11:58:14,False,9,19,False,0,18,False,0.31,6.0
EDR-007738,AST-07738,2026-08-24 21:58:14,True,7,14,False,3,18,False,0.92,5.3
EDR-007739,AST-07739,2026-09-02 03:58:14,False,8,9,False,0,47,False,0.32,7.2
EDR-007740,AST-07740,2026-08-30 21:58:14,False,1,12,False,0,23,False,0.1,8.7
EDR-007741,AST-07741,2026-08-06 02:58:14,False,8,15,False,0,0,False,0.39,7.1
EDR-007742,AST-07742,2026-08-30 02:58:14,False,4,15,False,0,49,False,0.38,7.5
EDR-007743,AST-07743,2026-08-31 07:58:14,False,8,6,False,0,22,False,0.24,8.2
EDR-007744,AST-07744,2026-09-02 09:58:14,False,9,10,False,0,39,False,0.76,7.3
EDR-007745,AST-07745,2026-08-30 01:58:14,False,3,12,False,0,41,False,0.58,8.0
EDR-007746,AST-07746,2026-08-22 13:58:14,False,3,4,False,0,38,False,0.56,9.1
EDR-007747,AST-07747,2026-08-07 03:58:14,False,8,9,False,0,1,False,0.28,7.2
EDR-007748,AST-07748,2026-08-31 07:58:14,True,2,8,False,2,34,True,0.96,6.5
EDR-007749,AST-07749,2026-09-04 04:58:14,False,4,4,False,0,28,False,0.4,8.3
EDR-007750,AST-07750,2026-08-13 17:58:14,True,9,18,False,3,6,True,0.71,4.6
EDR-007751,AST-07751,2026-08-21 11:58:14,False,6,3,False,0,41,False,0.61,8.7
EDR-007752,AST-07752,2026-08-07 06:58:14,False,0,3,False,0,20,False,0.36,9.7
EDR-007753,AST-07753,2026-08-30 03:58:14,False,10,19,False,0,47,False,0.1,6.3
EDR-007754,AST-07754,2026-08-25 15:58:14,True,10,7,False,1,1,True,0.95,5.7
EDR-007755,AST-07755,2026-08-14 15:58:14,False,2,14,False,0,1,False,0.68,8.2
EDR-007756,AST-07756,2026-08-08 10:58:14,False,10,15,False,0,38,False,0.58,6.7
EDR-007757,AST-07757,2026-08-24 16:58:14,False,1,16,False,0,41,False,0.64,8.1
EDR-007758,AST-07758,2026-08-26 21:58:14,False,3,15,False,0,10,False,0.11,8.0
EDR-007759,AST-07759,2026-08-10 08:58:14,False,3,18,False,0,38,False,0.64,7.2
EDR-007760,AST-07760,2026-08-16 15:58:14,False,10,18,False,0,19,False,0.49,5.8
EDR-007761,AST-07761,2026-08-27 17:58:14,False,1,7,False,0,27,False,0.53,9.3
EDR-007762,AST-07762,2026-08-13 14:58:14,False,10,12,False,0,22,False,0.75,7.1
EDR-007763,AST-07763,2026-09-02 07:58:14,False,10,8,False,0,44,False,0.78,7.3
EDR-007764,AST-07764,2026-08-14 08:58:14,False,1,0,False,0,19,False,0.71,9.9
EDR-007765,AST-07765,2026-08-29 12:58:14,False,6,17,False,0,32,False,0.18,6.9
EDR-007766,AST-07766,2026-08-26 16:58:14,False,7,0,False,0,3,False,0.69,8.7
EDR-007767,AST-07767,2026-08-19 05:58:14,False,5,10,False,0,35,False,0.23,8.0
EDR-007768,AST-07768,2026-08-13 05:58:14,False,10,11,False,0,2,False,0.48,7.2
EDR-007769,AST-07769,2026-08-17 11:58:14,False,9,13,False,0,11,False,0.42,7.0
EDR-007770,AST-07770,2026-08-15 11:58:14,False,2,14,False,0,23,False,0.56,8.4
EDR-007771,AST-07771,2026-08-14 02:58:14,False,1,8,False,0,39,False,0.43,8.9
EDR-007772,AST-07772,2026-08-17 11:58:14,False,7,19,False,0,39,False,0.29,6.9
EDR-007773,AST-07773,2026-08-26 17:58:14,False,5,18,False,0,43,False,0.44,7.0
EDR-007774,AST-07774,2026-08-31 05:58:14,False,8,8,False,0,34,False,0.25,8.1
EDR-007775,AST-07775,2026-08-25 20:58:14,False,9,8,False,0,27,False,0.15,7.1
EDR-007776,AST-07776,2026-09-03 12:58:14,False,0,20,False,0,19,False,0.79,7.6
EDR-007777,AST-07777,2026-09-04 03:58:14,False,6,9,False,0,17,False,0.33,7.4
EDR-007778,AST-07778,2026-08-13 17:58:14,False,10,7,False,0,50,False,0.64,7.1
EDR-007779,AST-07779,2026-08-25 05:58:14,False,10,20,False,0,14,False,0.22,5.6
EDR-007780,AST-07780,2026-08-30 13:58:14,False,9,16,False,0,15,False,0.35,6.5
EDR-007781,AST-07781,2026-08-19 22:58:14,False,1,10,False,0,25,False,0.26,9.1
EDR-007782,AST-07782,2026-09-02 10:58:14,False,8,0,False,0,50,False,0.77,8.4
EDR-007783,AST-07783,2026-08-18 17:58:14,False,9,12,False,0,5,False,0.67,6.9
EDR-007784,AST-07784,2026-09-02 01:58:14,False,0,14,False,0,23,False,0.58,8.2
EDR-007785,AST-07785,2026-08-16 01:58:14,False,2,11,False,0,48,False,0.35,8.2
EDR-007786,AST-07786,2026-09-01 21:58:14,False,2,12,False,0,7,False,0.22,8.5
EDR-007787,AST-07787,2026-08-19 13:58:14,False,1,15,False,0,7,False,0.7,7.8
EDR-007788,AST-07788,2026-08-11 03:58:14,False,10,17,False,0,3,False,0.39,6.4
EDR-007789,AST-07789,2026-08-26 07:58:14,False,7,18,False,0,18,False,0.51,6.8
EDR-007790,AST-07790,2026-08-30 20:58:14,False,3,20,False,0,0,False,0.29,7.4
EDR-007791,AST-07791,2026-08-21 07:58:14,True,2,10,False,3,42,True,0.6,6.5
EDR-007792,AST-07792,2026-08-09 15:58:14,False,6,2,False,0,14,False,0.78,8.3
EDR-007793,AST-07793,2026-08-13 12:58:14,False,2,0,False,0,27,False,0.38,9.3
EDR-007794,AST-07794,2026-08-16 21:58:14,False,10,13,False,0,21,False,0.13,6.5
EDR-007795,AST-07795,2026-08-30 07:58:14,False,4,13,False,0,23,False,0.32,7.5
EDR-007796,AST-07796,2026-08-14 23:58:14,False,3,2,False,0,46,False,0.78,9.1
EDR-007797,AST-07797,2026-08-14 11:58:14,False,6,0,False,0,23,False,0.61,8.9
EDR-007798,AST-07798,2026-08-29 07:58:14,False,10,16,False,0,27,False,0.34,6.4
EDR-007799,AST-07799,2026-08-30 04:58:14,False,1,8,False,0,45,False,0.58,8.6
EDR-007800,AST-07800,2026-08-06 23:58:14,True,0,8,False,1,7,True,0.84,7.6
EDR-007801,AST-07801,2026-09-03 08:58:14,False,6,14,False,0,6,False,0.37,7.2
EDR-007802,AST-07802,2026-09-02 04:58:14,False,7,1,False,0,18,False,0.18,8.7
EDR-007803,AST-07803,2026-08-26 13:58:14,False,1,17,False,0,29,False,0.63,7.8
EDR-007804,AST-07804,2026-08-27 21:58:14,False,5,19,False,0,14,False,0.36,7.5
EDR-007805,AST-07805,2026-08-11 17:58:14,False,5,19,False,0,11,False,0.76,7.3
EDR-007806,AST-07806,2026-09-02 12:58:14,False,1,4,False,0,43,False,0.26,9.7
EDR-007807,AST-07807,2026-08-23 14:58:14,False,8,10,False,0,20,False,0.15,7.4
EDR-007808,AST-07808,2026-09-02 01:58:14,False,4,18,True,0,20,False,0.42,4.4
EDR-007809,AST-07809,2026-08-18 03:58:14,False,5,2,False,0,23,False,0.42,9.1
EDR-007810,AST-07810,2026-08-25 09:58:14,False,10,5,False,0,26,False,0.44,7.3
EDR-007811,AST-07811,2026-09-02 20:58:14,False,1,8,False,0,18,False,0.16,8.6
EDR-007812,AST-07812,2026-08-10 02:58:14,False,5,9,False,0,49,False,0.39,8.5
EDR-007813,AST-07813,2026-08-21 01:58:14,False,2,2,True,0,39,False,0.77,6.3
EDR-007814,AST-07814,2026-08-30 23:58:14,False,3,12,True,0,24,False,0.46,5.0
EDR-007815,AST-07815,2026-08-11 02:58:14,False,10,6,False,0,27,False,0.54,7.2
EDR-007816,AST-07816,2026-08-11 17:58:14,False,2,11,False,0,46,False,0.13,8.5
EDR-007817,AST-07817,2026-09-03 18:58:14,False,9,9,False,0,12,False,0.23,7.4
EDR-007818,AST-07818,2026-08-24 21:58:14,False,1,12,False,0,12,False,0.13,8.8
EDR-007819,AST-07819,2026-08-09 17:58:14,False,9,15,False,0,33,False,0.78,6.2
EDR-007820,AST-07820,2026-08-14 22:58:14,False,10,3,False,0,50,False,0.24,7.5
EDR-007821,AST-07821,2026-08-09 11:58:14,False,4,20,False,0,27,False,0.66,7.7
EDR-007822,AST-07822,2026-08-06 12:58:14,True,9,6,False,0,22,True,0.87,6.1
EDR-007823,AST-07823,2026-08-19 06:58:14,False,6,2,False,0,37,False,0.34,8.8
EDR-007824,AST-07824,2026-08-07 01:58:14,False,0,13,False,0,45,False,0.52,8.7
EDR-007825,AST-07825,2026-08-14 02:58:14,False,4,5,False,0,37,False,0.75,8.7
EDR-007826,AST-07826,2026-09-03 13:58:14,False,3,1,False,0,34,False,0.66,9.0
EDR-007827,AST-07827,2026-09-02 03:58:14,False,8,20,False,0,28,False,0.28,6.7
EDR-007828,AST-07828,2026-08-20 21:58:14,False,4,4,False,0,4,False,0.57,8.6
EDR-007829,AST-07829,2026-08-09 04:58:14,False,6,12,False,0,17,False,0.22,7.8
EDR-007830,AST-07830,2026-09-02 04:58:14,False,8,15,False,0,37,False,0.2,7.1
EDR-007831,AST-07831,2026-08-07 20:58:14,False,3,7,True,0,48,False,0.58,5.2
EDR-007832,AST-07832,2026-09-02 09:58:14,False,0,8,False,0,14,False,0.53,9.7
EDR-007833,AST-07833,2026-08-17 19:58:14,False,4,5,False,0,40,False,0.12,8.3
EDR-007834,AST-07834,2026-08-16 23:58:14,False,10,8,False,0,31,False,0.6,7.0
EDR-007835,AST-07835,2026-09-03 09:58:14,False,2,2,False,0,5,False,0.49,9.1
EDR-007836,AST-07836,2026-08-17 19:58:14,False,6,20,False,0,22,False,0.78,6.8
EDR-007837,AST-07837,2026-08-20 16:58:14,False,7,20,False,0,26,False,0.27,6.4
EDR-007838,AST-07838,2026-08-22 02:58:14,False,10,4,False,0,3,False,0.55,7.8
EDR-007839,AST-07839,2026-08-29 14:58:14,False,10,0,False,0,4,False,0.47,8.0
EDR-007840,AST-07840,2026-08-20 20:58:14,False,5,14,False,0,13,False,0.55,8.0
EDR-007841,AST-07841,2026-08-17 06:58:14,False,5,0,False,0,5,False,0.78,9.1
EDR-007842,AST-07842,2026-09-02 05:58:14,False,7,14,False,0,29,False,0.46,7.7
EDR-007843,AST-07843,2026-09-03 13:58:14,False,1,11,False,0,44,False,0.69,8.4
EDR-007844,AST-07844,2026-08-14 00:58:14,False,8,2,False,0,2,False,0.28,8.5
EDR-007845,AST-07845,2026-08-13 21:58:14,False,8,8,False,0,15,False,0.58,8.1
EDR-007846,AST-07846,2026-08-22 12:58:14,True,2,9,False,2,0,True,0.82,6.8
EDR-007847,AST-07847,2026-08-25 22:58:14,False,10,16,False,0,6,False,0.59,6.0
EDR-007848,AST-07848,2026-08-22 10:58:14,False,1,1,False,0,30,False,0.61,9.8
EDR-007849,AST-07849,2026-08-07 00:58:14,False,6,1,False,0,2,False,0.49,9.0
EDR-007850,AST-07850,2026-08-06 21:58:14,False,2,0,False,0,22,False,0.43,10.0
EDR-007851,AST-07851,2026-08-15 18:58:14,False,10,3,False,0,39,False,0.44,7.6
EDR-007852,AST-07852,2026-09-03 23:58:14,False,3,12,False,0,15,False,0.77,8.2
EDR-007853,AST-07853,2026-08-20 01:58:14,False,4,0,False,0,48,False,0.19,8.8
EDR-007854,AST-07854,2026-08-21 15:58:14,False,8,17,False,0,45,False,0.52,6.8
EDR-007855,AST-07855,2026-08-19 19:58:14,False,6,7,False,0,2,False,0.52,7.8
EDR-007856,AST-07856,2026-09-01 07:58:14,False,2,17,False,0,1,False,0.28,8.4
EDR-007857,AST-07857,2026-08-26 14:58:14,False,7,16,False,0,22,False,0.49,6.8
EDR-007858,AST-07858,2026-08-09 01:58:14,False,9,5,False,0,31,False,0.41,8.1
EDR-007859,AST-07859,2026-08-09 05:58:14,False,4,4,False,0,43,False,0.67,9.0
EDR-007860,AST-07860,2026-08-29 00:58:14,False,2,1,False,0,31,False,0.14,9.2
EDR-007861,AST-07861,2026-08-27 08:58:14,False,10,7,False,0,0,False,0.16,7.6
EDR-007862,AST-07862,2026-08-10 09:58:14,False,9,2,False,0,10,False,0.37,8.0
EDR-007863,AST-07863,2026-09-01 10:58:14,False,8,19,False,0,17,False,0.12,6.4
EDR-007864,AST-07864,2026-08-09 04:58:14,False,8,20,True,0,24,False,0.22,3.2
EDR-007865,AST-07865,2026-08-24 03:58:14,False,3,8,True,0,5,False,0.5,5.8
EDR-007866,AST-07866,2026-08-14 20:58:14,False,0,1,False,0,26,False,0.3,10
EDR-007867,AST-07867,2026-09-02 06:58:14,False,5,4,False,0,36,False,0.77,8.7
EDR-007868,AST-07868,2026-08-09 05:58:14,False,3,10,False,0,15,False,0.26,8.3
EDR-007869,AST-07869,2026-08-31 11:58:14,False,8,10,False,0,21,False,0.13,7.9
EDR-007870,AST-07870,2026-08-20 11:58:14,False,8,15,True,0,31,False,0.76,3.8
EDR-007871,AST-07871,2026-08-06 07:58:14,False,1,1,False,0,5,False,0.13,9.9
EDR-007872,AST-07872,2026-08-17 02:58:14,False,3,12,False,0,39,False,0.66,8.4
EDR-007873,AST-07873,2026-08-26 07:58:14,False,0,20,False,0,4,False,0.26,8.3
EDR-007874,AST-07874,2026-09-03 11:58:14,False,3,20,False,0,10,False,0.47,7.9
EDR-007875,AST-07875,2026-08-08 21:58:14,False,10,15,False,0,22,False,0.37,6.5
EDR-007876,AST-07876,2026-08-17 10:58:14,False,1,3,False,0,9,False,0.23,10.0
EDR-007877,AST-07877,2026-08-22 20:58:14,False,2,15,False,0,31,False,0.42,8.6
EDR-007878,AST-07878,2026-08-30 14:58:14,False,5,11,False,0,15,False,0.22,8.0
EDR-007879,AST-07879,2026-08-17 19:58:14,False,6,18,False,0,42,False,0.37,7.1
EDR-007880,AST-07880,2026-09-03 05:58:14,False,1,19,False,0,16,False,0.27,8.3
EDR-007881,AST-07881,2026-08-16 04:58:14,False,1,10,True,0,31,False,0.15,5.7
EDR-007882,AST-07882,2026-08-10 21:58:14,False,10,4,False,0,40,False,0.71,7.5
EDR-007883,AST-07883,2026-08-16 05:58:14,False,4,17,False,0,5,False,0.77,7.4
EDR-007884,AST-07884,2026-09-04 01:58:14,False,4,5,False,0,24,False,0.69,8.8
EDR-007885,AST-07885,2026-08-17 11:58:14,False,9,4,False,0,13,False,0.27,7.4
EDR-007886,AST-07886,2026-08-20 17:58:14,False,4,15,False,0,3,False,0.17,8.0
EDR-007887,AST-07887,2026-09-03 21:58:14,True,5,15,False,2,28,False,0.65,5.3
EDR-007888,AST-07888,2026-08-23 05:58:14,False,0,3,False,0,14,False,0.61,10
EDR-007889,AST-07889,2026-08-20 11:58:14,False,5,1,False,0,23,False,0.76,8.8
EDR-007890,AST-07890,2026-08-06 08:58:14,False,4,15,True,0,14,False,0.38,5.2
EDR-007891,AST-07891,2026-08-16 14:58:14,False,3,0,False,0,2,False,0.48,9.8
EDR-007892,AST-07892,2026-08-08 04:58:14,False,2,15,False,0,24,False,0.79,8.4
EDR-007893,AST-07893,2026-08-19 07:58:14,False,6,4,False,0,17,False,0.15,8.6
EDR-007894,AST-07894,2026-08-06 08:58:14,False,0,16,False,0,34,False,0.67,8.5
EDR-007895,AST-07895,2026-08-18 07:58:14,False,5,12,False,0,27,False,0.16,7.8
EDR-007896,AST-07896,2026-08-30 04:58:14,False,6,5,False,0,45,False,0.21,8.4
EDR-007897,AST-07897,2026-08-14 12:58:14,False,3,9,False,0,12,False,0.21,8.4
EDR-007898,AST-07898,2026-08-12 02:58:14,False,3,4,False,0,6,False,0.45,9.0
EDR-007899,AST-07899,2026-08-07 21:58:14,False,4,18,False,0,15,False,0.49,7.3
EDR-007900,AST-07900,2026-08-09 06:58:14,False,5,11,False,0,35,False,0.56,7.5
EDR-007901,AST-07901,2026-08-26 16:58:14,False,2,7,False,0,0,False,0.33,8.5
EDR-007902,AST-07902,2026-08-08 05:58:14,False,9,18,False,0,12,False,0.6,6.1
EDR-007903,AST-07903,2026-08-31 03:58:14,False,9,18,False,0,18,False,0.69,6.6
EDR-007904,AST-07904,2026-08-09 18:58:14,False,9,3,False,0,38,False,0.28,7.7
EDR-007905,AST-07905,2026-08-19 03:58:14,False,2,16,False,0,34,False,0.66,8.2
EDR-007906,AST-07906,2026-08-24 11:58:14,False,9,4,False,0,38,False,0.1,8.2
EDR-007907,AST-07907,2026-08-14 15:58:14,False,9,20,False,0,35,False,0.77,6.6
EDR-007908,AST-07908,2026-08-14 00:58:14,False,0,1,False,0,18,False,0.38,10.0
EDR-007909,AST-07909,2026-08-20 13:58:14,False,9,0,False,0,4,False,0.42,8.2
EDR-007910,AST-07910,2026-09-01 16:58:14,False,4,5,False,0,18,False,0.42,8.8
EDR-007911,AST-07911,2026-08-08 08:58:14,False,3,16,False,0,13,False,0.79,7.9
EDR-007912,AST-07912,2026-08-31 09:58:14,False,8,15,False,0,14,False,0.4,6.9
EDR-007913,AST-07913,2026-08-21 10:58:14,False,2,3,False,0,44,False,0.67,9.4
EDR-007914,AST-07914,2026-09-01 08:58:14,False,0,17,False,0,39,False,0.52,8.6
EDR-007915,AST-07915,2026-08-10 03:58:14,False,5,6,False,0,18,False,0.8,8.3
EDR-007916,AST-07916,2026-08-13 21:58:14,False,8,15,False,0,5,False,0.53,7.2
EDR-007917,AST-07917,2026-08-26 17:58:14,False,4,9,False,0,43,False,0.29,8.1
EDR-007918,AST-07918,2026-09-03 03:58:14,False,4,11,False,0,12,False,0.32,8.1
EDR-007919,AST-07919,2026-09-01 21:58:14,False,8,18,False,0,14,False,0.54,6.8
EDR-007920,AST-07920,2026-08-17 21:58:14,False,3,8,False,0,34,False,0.53,8.3
EDR-007921,AST-07921,2026-08-06 15:58:14,False,0,2,False,0,38,False,0.28,10.0
EDR-007922,AST-07922,2026-09-01 13:58:14,False,1,11,False,0,6,False,0.28,8.4
EDR-007923,AST-07923,2026-08-15 21:58:14,False,10,9,False,0,10,False,0.45,6.7
EDR-007924,AST-07924,2026-08-08 19:58:14,False,4,2,False,0,40,False,0.19,9.2
EDR-007925,AST-07925,2026-08-31 13:58:14,False,0,10,False,0,22,False,0.71,8.6
EDR-007926,AST-07926,2026-09-01 23:58:14,True,4,19,False,2,17,True,0.87,4.8
EDR-007927,AST-07927,2026-08-08 05:58:14,False,10,20,False,0,50,False,0.38,6.5
EDR-007928,AST-07928,2026-08-10 14:58:14,False,3,11,False,0,39,False,0.36,8.5
EDR-007929,AST-07929,2026-08-17 18:58:14,False,3,14,False,0,36,False,0.38,7.6
EDR-007930,AST-07930,2026-09-04 11:58:14,False,6,20,False,0,35,False,0.61,6.4
EDR-007931,AST-07931,2026-08-14 02:58:14,False,4,5,False,0,38,False,0.63,9.0
EDR-007932,AST-07932,2026-08-14 03:58:14,False,5,15,False,0,35,False,0.46,7.7
EDR-007933,AST-07933,2026-08-16 14:58:14,False,2,1,False,0,12,False,0.27,9.8
EDR-007934,AST-07934,2026-08-17 23:58:14,False,1,16,False,0,37,False,0.18,8.1
EDR-007935,AST-07935,2026-08-27 03:58:14,False,9,7,False,0,32,False,0.25,7.0
EDR-007936,AST-07936,2026-08-07 12:58:14,False,6,1,False,0,38,False,0.38,8.4
EDR-007937,AST-07937,2026-08-14 04:58:14,False,4,12,False,0,2,False,0.73,7.9
EDR-007938,AST-07938,2026-09-02 02:58:14,False,1,18,False,0,8,False,0.32,7.7
EDR-007939,AST-07939,2026-08-18 12:58:14,False,4,15,False,0,7,False,0.61,7.4
EDR-007940,AST-07940,2026-08-19 15:58:14,False,5,2,False,0,37,False,0.28,8.4
EDR-007941,AST-07941,2026-08-18 22:58:14,False,2,8,False,0,43,False,0.26,8.6
EDR-007942,AST-07942,2026-08-12 04:58:14,False,10,15,False,0,3,False,0.46,6.3
EDR-007943,AST-07943,2026-08-13 19:58:14,False,0,10,False,0,34,False,0.33,9.5
EDR-007944,AST-07944,2026-08-08 15:58:14,False,8,18,False,0,25,False,0.32,6.3
EDR-007945,AST-07945,2026-08-06 02:58:14,True,2,15,False,2,19,True,0.87,6.6
EDR-007946,AST-07946,2026-08-08 20:58:14,False,6,4,False,0,32,False,0.63,8.1
EDR-007947,AST-07947,2026-08-21 20:58:14,False,5,2,False,0,41,False,0.62,9.2
EDR-007948,AST-07948,2026-08-18 05:58:14,False,9,18,False,0,20,False,0.48,6.5
EDR-007949,AST-07949,2026-08-27 06:58:14,False,2,6,False,0,38,False,0.3,8.8
EDR-007950,AST-07950,2026-09-03 23:58:14,False,10,15,False,0,16,False,0.35,6.4
EDR-007951,AST-07951,2026-08-25 07:58:14,False,2,1,False,0,35,False,0.59,9.7
EDR-007952,AST-07952,2026-08-16 09:58:14,False,5,14,False,0,12,False,0.27,7.3
EDR-007953,AST-07953,2026-08-13 21:58:14,False,0,8,False,0,11,False,0.15,9.2
EDR-007954,AST-07954,2026-08-09 22:58:14,False,2,8,False,0,32,False,0.6,9.2
EDR-007955,AST-07955,2026-08-19 07:58:14,False,7,17,False,0,45,False,0.23,7.0
EDR-007956,AST-07956,2026-08-20 10:58:14,False,7,4,False,0,44,False,0.31,8.2
EDR-007957,AST-07957,2026-08-16 20:58:14,False,5,17,False,0,11,False,0.77,7.3
EDR-007958,AST-07958,2026-08-20 11:58:14,False,3,8,False,0,27,False,0.5,8.6
EDR-007959,AST-07959,2026-08-09 23:58:14,False,3,19,False,0,10,False,0.53,7.7
EDR-007960,AST-07960,2026-08-19 03:58:14,False,3,20,False,0,30,False,0.5,7.3
EDR-007961,AST-07961,2026-08-18 03:58:14,False,8,6,False,0,14,False,0.33,8.1
EDR-007962,AST-07962,2026-08-18 19:58:14,False,5,6,True,0,32,False,0.57,5.2
EDR-007963,AST-07963,2026-08-13 06:58:14,False,3,10,False,0,22,False,0.13,8.1
EDR-007964,AST-07964,2026-08-18 07:58:14,False,8,13,False,0,49,False,0.17,7.1
EDR-007965,AST-07965,2026-08-12 10:58:14,False,2,7,False,0,8,False,0.33,8.9
EDR-007966,AST-07966,2026-09-04 15:58:14,False,7,6,False,0,35,False,0.35,8.1
EDR-007967,AST-07967,2026-08-12 22:58:14,False,5,14,False,0,8,False,0.32,7.2
EDR-007968,AST-07968,2026-08-16 09:58:14,False,7,5,False,0,50,False,0.79,7.7
EDR-007969,AST-07969,2026-08-17 19:58:14,False,4,3,False,0,4,False,0.43,9.0
EDR-007970,AST-07970,2026-08-14 06:58:14,False,2,12,False,0,39,False,0.63,8.8
EDR-007971,AST-07971,2026-08-22 16:58:14,False,10,0,False,0,49,False,0.36,8.0
EDR-007972,AST-07972,2026-09-01 09:58:14,False,7,6,False,0,41,False,0.71,7.7
EDR-007973,AST-07973,2026-08-14 10:58:14,False,2,18,False,0,30,False,0.59,7.8
EDR-007974,AST-07974,2026-08-17 12:58:14,False,3,13,False,0,34,False,0.6,7.9
EDR-007975,AST-07975,2026-09-02 15:58:14,False,10,12,False,0,45,False,0.42,7.2
EDR-007976,AST-07976,2026-08-18 17:58:14,False,1,18,False,0,7,False,0.2,8.4
EDR-007977,AST-07977,2026-08-31 02:58:14,True,9,9,False,0,11,False,0.87,5.5
EDR-007978,AST-07978,2026-08-19 05:58:14,False,3,3,False,0,0,False,0.42,9.0
EDR-007979,AST-07979,2026-09-01 18:58:14,False,5,20,False,0,44,False,0.34,7.1
EDR-007980,AST-07980,2026-08-15 23:58:14,False,5,8,False,0,33,False,0.77,8.2
EDR-007981,AST-07981,2026-08-16 14:58:14,False,8,17,False,0,29,False,0.48,6.2
EDR-007982,AST-07982,2026-09-03 18:58:14,False,9,7,False,0,12,False,0.29,7.4
EDR-007983,AST-07983,2026-08-06 23:58:14,False,0,4,False,0,41,False,0.77,9.1
EDR-007984,AST-07984,2026-08-30 05:58:14,False,5,20,False,0,34,False,0.45,7.0
EDR-007985,AST-07985,2026-08-11 21:58:14,False,3,19,False,0,10,False,0.66,7.8
EDR-007986,AST-07986,2026-08-07 06:58:14,False,4,3,False,0,20,False,0.5,8.6
EDR-007987,AST-07987,2026-09-01 10:58:14,False,7,2,False,0,4,False,0.42,8.2
EDR-007988,AST-07988,2026-08-07 05:58:14,True,5,12,False,1,37,True,0.67,5.9
EDR-007989,AST-07989,2026-08-13 10:58:14,False,3,0,False,0,33,False,0.68,9.5
EDR-007990,AST-07990,2026-08-27 12:58:14,False,5,10,False,0,25,False,0.77,8.3
EDR-007991,AST-07991,2026-08-05 17:58:14,False,1,16,False,0,36,False,0.76,8.4
EDR-007992,AST-07992,2026-08-16 12:58:14,False,2,5,False,0,28,False,0.4,8.7
EDR-007993,AST-07993,2026-08-21 12:58:14,False,0,10,False,0,16,False,0.22,8.7
EDR-007994,AST-07994,2026-08-31 10:58:14,False,5,10,False,0,34,False,0.66,8.4
EDR-007995,AST-07995,2026-09-02 03:58:14,False,6,0,False,0,6,False,0.48,9.3
EDR-007996,AST-07996,2026-08-05 17:58:14,False,3,20,False,0,7,False,0.79,7.4
EDR-007997,AST-07997,2026-08-26 23:58:14,False,8,6,False,0,29,False,0.51,7.6
EDR-007998,AST-07998,2026-08-12 15:58:14,False,3,16,False,0,37,False,0.11,7.9
EDR-007999,AST-07999,2026-08-27 04:58:14,False,0,13,False,0,44,False,0.17,8.3
EDR-008000,AST-08000,2026-08-28 07:58:14,False,1,13,False,0,22,False,0.56,8.6
EDR-008001,AST-08001,2026-08-09 19:58:14,True,3,11,False,1,35,False,0.68,6.7
EDR-008002,AST-08002,2026-09-04 14:58:14,False,9,12,False,0,22,False,0.46,7.3
EDR-008003,AST-08003,2026-08-23 22:58:14,False,0,17,False,0,50,False,0.31,8.0
EDR-008004,AST-08004,2026-08-06 20:58:14,False,2,15,False,0,11,False,0.8,7.8
EDR-008005,AST-08005,2026-08-08 12:58:14,False,0,6,False,0,7,False,0.29,9.3
EDR-008006,AST-08006,2026-08-14 17:58:14,False,2,11,False,0,6,False,0.56,8.6
EDR-008007,AST-08007,2026-08-09 11:58:14,False,8,1,False,0,29,False,0.22,7.8
EDR-008008,AST-08008,2026-08-17 10:58:14,False,5,14,False,0,37,False,0.47,7.4
EDR-008009,AST-08009,2026-09-04 00:58:14,True,8,6,False,2,12,True,0.84,5.5
EDR-008010,AST-08010,2026-08-31 22:58:14,False,4,15,False,0,8,False,0.36,8.0
EDR-008011,AST-08011,2026-09-02 17:58:14,False,0,7,False,0,23,False,0.18,8.9
EDR-008012,AST-08012,2026-08-24 19:58:14,False,8,13,False,0,26,False,0.35,6.7
EDR-008013,AST-08013,2026-08-13 21:58:14,False,5,3,False,0,44,False,0.24,8.9
EDR-008014,AST-08014,2026-08-13 17:58:14,False,1,17,False,0,24,False,0.14,8.2
EDR-008015,AST-08015,2026-09-04 01:58:14,False,9,15,False,0,44,False,0.44,7.1
EDR-008016,AST-08016,2026-08-15 10:58:14,False,8,11,False,0,49,False,0.55,7.5
EDR-008017,AST-08017,2026-08-13 03:58:14,False,4,9,False,0,24,False,0.4,8.8
EDR-008018,AST-08018,2026-08-07 14:58:14,False,8,11,False,0,36,False,0.11,7.1
EDR-008019,AST-08019,2026-09-02 01:58:14,False,8,10,False,0,33,False,0.27,7.5
EDR-008020,AST-08020,2026-08-18 17:58:14,False,6,11,False,0,34,False,0.47,8.1
EDR-008021,AST-08021,2026-08-12 14:58:14,False,7,17,False,0,36,False,0.68,6.8
EDR-008022,AST-08022,2026-08-15 19:58:14,False,5,12,False,0,20,False,0.39,7.4
EDR-008023,AST-08023,2026-08-22 06:58:14,False,0,6,False,0,37,False,0.7,9.4
EDR-008024,AST-08024,2026-08-06 10:58:14,False,1,15,False,0,36,False,0.27,8.4
EDR-008025,AST-08025,2026-08-27 18:58:14,False,2,20,False,0,9,False,0.47,7.9
EDR-008026,AST-08026,2026-08-27 15:58:14,False,2,0,False,0,11,False,0.24,9.5
EDR-008027,AST-08027,2026-08-22 07:58:14,True,3,5,False,1,43,True,0.63,6.8
EDR-008028,AST-08028,2026-08-25 02:58:14,False,4,13,False,0,45,False,0.73,7.7
EDR-008029,AST-08029,2026-08-16 00:58:14,False,0,11,False,0,35,False,0.36,8.8
EDR-008030,AST-08030,2026-08-24 15:58:14,False,4,6,False,0,2,False,0.12,8.8
EDR-008031,AST-08031,2026-08-17 16:58:14,False,8,12,False,0,36,False,0.32,7.7
EDR-008032,AST-08032,2026-08-29 19:58:14,False,4,8,False,0,40,False,0.7,8.9
EDR-008033,AST-08033,2026-08-24 21:58:14,False,3,9,False,0,12,False,0.17,9.0
EDR-008034,AST-08034,2026-08-17 03:58:14,True,0,3,False,1,46,True,0.61,7.3
EDR-008035,AST-08035,2026-08-06 12:58:14,False,2,0,False,0,46,False,0.36,9.3
EDR-008036,AST-08036,2026-09-03 13:58:14,False,1,9,False,0,23,False,0.71,9.2
EDR-008037,AST-08037,2026-08-22 02:58:14,False,9,0,False,0,27,False,0.78,8.0
EDR-008038,AST-08038,2026-08-14 01:58:14,False,8,4,False,0,9,False,0.72,8.3
EDR-008039,AST-08039,2026-08-26 16:58:14,False,6,3,False,0,36,False,0.44,8.8
EDR-008040,AST-08040,2026-08-16 16:58:14,False,7,5,False,0,26,False,0.14,8.3
EDR-008041,AST-08041,2026-08-24 21:58:14,False,7,4,False,0,22,False,0.11,7.9
EDR-008042,AST-08042,2026-08-20 21:58:14,False,2,2,False,0,34,False,0.69,9.1
EDR-008043,AST-08043,2026-09-04 04:58:14,False,7,20,False,0,42,False,0.23,6.9
EDR-008044,AST-08044,2026-08-07 18:58:14,False,6,19,False,0,36,False,0.59,6.8
EDR-008045,AST-08045,2026-08-25 06:58:14,False,3,9,False,0,25,False,0.54,8.4
EDR-008046,AST-08046,2026-08-19 19:58:14,False,10,12,False,0,21,False,0.6,6.9
EDR-008047,AST-08047,2026-08-17 01:58:14,False,3,15,True,0,7,False,0.75,4.6
EDR-008048,AST-08048,2026-08-16 20:58:14,False,10,5,False,0,1,False,0.29,7.5
EDR-008049,AST-08049,2026-08-22 12:58:14,False,9,11,False,0,34,False,0.22,6.6
EDR-008050,AST-08050,2026-08-10 10:58:14,False,3,12,False,0,20,False,0.29,8.1
EDR-008051,AST-08051,2026-09-02 02:58:14,False,0,13,False,0,9,False,0.37,8.4
EDR-008052,AST-08052,2026-09-02 22:58:14,False,9,7,False,0,44,False,0.62,7.2
EDR-008053,AST-08053,2026-08-25 16:58:14,False,7,15,False,0,15,False,0.73,7.4
EDR-008054,AST-08054,2026-09-02 16:58:14,False,9,16,False,0,21,False,0.52,7.1
EDR-008055,AST-08055,2026-08-31 16:58:14,False,9,2,False,0,19,False,0.79,7.5
EDR-008056,AST-08056,2026-08-06 21:58:14,False,10,20,False,0,45,False,0.54,5.8
EDR-008057,AST-08057,2026-08-12 11:58:14,False,4,15,False,0,19,False,0.27,7.8
EDR-008058,AST-08058,2026-08-23 21:58:14,True,6,20,False,0,9,False,0.92,5.2
EDR-008059,AST-08059,2026-08-11 03:58:14,False,0,13,False,0,36,False,0.54,8.8
EDR-008060,AST-08060,2026-08-05 19:58:14,False,6,19,False,0,41,False,0.12,6.8
EDR-008061,AST-08061,2026-08-19 05:58:14,False,4,5,False,0,23,False,0.3,9.1
EDR-008062,AST-08062,2026-08-29 11:58:14,False,8,7,False,0,49,False,0.72,8.1
EDR-008063,AST-08063,2026-08-31 17:58:14,False,4,4,False,0,40,False,0.29,8.5
EDR-008064,AST-08064,2026-08-23 00:58:14,False,5,13,False,0,44,False,0.67,7.6
EDR-008065,AST-08065,2026-08-12 07:58:14,False,1,13,True,0,14,False,0.23,5.7
EDR-008066,AST-08066,2026-09-02 18:58:14,False,10,14,False,0,15,False,0.16,6.9
EDR-008067,AST-08067,2026-08-28 22:58:14,True,7,18,False,1,43,True,0.93,4.6
EDR-008068,AST-08068,2026-08-09 22:58:14,False,4,20,False,0,27,False,0.16,7.3
EDR-008069,AST-08069,2026-08-23 11:58:14,False,6,5,False,0,16,False,0.33,8.8
EDR-008070,AST-08070,2026-08-16 10:58:14,False,7,6,True,0,10,False,0.58,5.4
EDR-008071,AST-08071,2026-08-27 11:58:14,False,8,10,False,0,15,False,0.56,7.3
EDR-008072,AST-08072,2026-08-16 21:58:14,False,4,11,False,0,21,False,0.61,8.2
EDR-008073,AST-08073,2026-08-20 05:58:14,False,10,6,False,0,5,False,0.34,7.1
EDR-008074,AST-08074,2026-08-20 18:58:14,False,8,16,False,0,20,False,0.68,6.7
EDR-008075,AST-08075,2026-08-07 21:58:14,False,0,19,False,0,13,False,0.34,8.0
EDR-008076,AST-08076,2026-08-07 21:58:14,False,8,20,False,0,31,False,0.25,6.1
EDR-008077,AST-08077,2026-08-28 05:58:14,False,1,16,False,0,35,False,0.55,8.5
EDR-008078,AST-08078,2026-08-06 08:58:14,False,8,11,False,0,1,False,0.17,7.0
EDR-008079,AST-08079,2026-08-06 20:58:14,False,10,15,False,0,47,False,0.23,6.2
EDR-008080,AST-08080,2026-08-21 14:58:14,False,5,18,False,0,23,False,0.53,6.7
EDR-008081,AST-08081,2026-08-31 00:58:14,False,6,19,False,0,25,False,0.59,7.3
EDR-008082,AST-08082,2026-08-13 09:58:14,False,6,16,False,0,33,False,0.41,7.4
EDR-008083,AST-08083,2026-08-31 17:58:14,False,5,15,False,0,42,False,0.66,7.1
EDR-008084,AST-08084,2026-08-30 09:58:14,False,0,6,False,0,40,False,0.58,9.6
EDR-008085,AST-08085,2026-08-21 06:58:14,False,9,17,False,0,31,False,0.12,6.9
EDR-008086,AST-08086,2026-08-14 20:58:14,False,10,13,False,0,41,False,0.67,7.1
EDR-008087,AST-08087,2026-09-04 00:58:14,False,9,6,False,0,8,False,0.18,7.6
EDR-008088,AST-08088,2026-08-07 04:58:14,False,9,5,False,0,48,False,0.74,7.8
EDR-008089,AST-08089,2026-08-18 00:58:14,False,7,13,False,0,9,False,0.68,7.8
EDR-008090,AST-08090,2026-08-16 00:58:14,False,10,19,True,0,3,False,0.26,3.3
EDR-008091,AST-08091,2026-09-02 09:58:14,False,6,14,False,0,4,False,0.31,6.9
EDR-008092,AST-08092,2026-08-21 18:58:14,False,4,9,False,0,20,False,0.52,8.8
EDR-008093,AST-08093,2026-08-29 11:58:14,False,0,3,False,0,2,False,0.22,9.5
EDR-008094,AST-08094,2026-09-04 10:58:14,False,1,9,False,0,44,False,0.57,9.3
EDR-008095,AST-08095,2026-08-05 22:58:14,False,8,20,False,0,2,False,0.71,6.1
EDR-008096,AST-08096,2026-08-16 00:58:14,False,6,1,False,0,25,False,0.38,9.1
EDR-008097,AST-08097,2026-08-26 21:58:14,False,2,3,False,0,0,False,0.6,9.3
EDR-008098,AST-08098,2026-08-08 15:58:14,False,5,6,False,0,45,False,0.41,8.7
EDR-008099,AST-08099,2026-08-17 08:58:14,True,2,8,False,3,45,True,0.82,6.3
EDR-008100,AST-08100,2026-09-02 05:58:14,False,10,0,False,0,4,False,0.16,8.3
EDR-008101,AST-08101,2026-08-15 20:58:14,False,4,11,False,0,29,False,0.3,8.5
EDR-008102,AST-08102,2026-08-31 05:58:14,False,1,3,False,0,11,False,0.4,9.9
EDR-008103,AST-08103,2026-08-06 06:58:14,False,10,8,False,0,49,False,0.27,7.1
EDR-008104,AST-08104,2026-08-27 17:58:14,False,0,1,False,0,9,False,0.14,10
EDR-008105,AST-08105,2026-08-13 18:58:14,False,6,12,False,0,49,False,0.43,7.9
EDR-008106,AST-08106,2026-08-09 20:58:14,True,8,15,False,1,20,False,0.98,5.0
EDR-008107,AST-08107,2026-08-20 08:58:14,False,4,6,False,0,19,False,0.26,8.6
EDR-008108,AST-08108,2026-08-12 06:58:14,False,9,7,False,0,4,False,0.49,7.0
EDR-008109,AST-08109,2026-08-28 01:58:14,False,9,11,False,0,7,False,0.52,7.1
EDR-008110,AST-08110,2026-08-13 12:58:14,True,1,18,False,2,24,False,0.89,6.0
EDR-008111,AST-08111,2026-08-29 22:58:14,False,0,20,False,0,36,False,0.24,8.4
EDR-008112,AST-08112,2026-08-19 12:58:14,False,9,11,False,0,28,False,0.24,6.7
EDR-008113,AST-08113,2026-08-31 19:58:14,False,3,1,False,0,4,False,0.76,9.4
EDR-008114,AST-08114,2026-09-03 22:58:14,False,8,3,False,0,48,False,0.14,8.5
EDR-008115,AST-08115,2026-08-13 15:58:14,False,1,17,False,0,44,False,0.24,7.6
EDR-008116,AST-08116,2026-08-14 04:58:14,False,4,0,False,0,43,False,0.31,9.4
EDR-008117,AST-08117,2026-08-16 12:58:14,True,6,2,False,0,7,True,0.99,6.4
EDR-008118,AST-08118,2026-08-26 21:58:14,False,10,18,False,0,5,False,0.54,6.0
EDR-008119,AST-08119,2026-08-07 12:58:14,False,6,5,False,0,1,False,0.36,8.7
EDR-008120,AST-08120,2026-08-27 12:58:14,False,6,10,False,0,23,False,0.67,7.8
EDR-008121,AST-08121,2026-08-27 04:58:14,False,5,6,False,0,6,False,0.44,8.2
EDR-008122,AST-08122,2026-08-13 16:58:14,False,4,12,False,0,33,False,0.24,8.3
EDR-008123,AST-08123,2026-08-16 07:58:14,False,1,18,False,0,40,False,0.37,7.6
EDR-008124,AST-08124,2026-08-20 23:58:14,False,7,12,False,0,30,False,0.48,7.5
EDR-008125,AST-08125,2026-08-10 10:58:14,False,2,17,False,0,25,False,0.62,8.0
EDR-008126,AST-08126,2026-08-31 05:58:14,False,2,9,False,0,11,False,0.34,8.9
EDR-008127,AST-08127,2026-08-20 19:58:14,False,2,1,False,0,35,False,0.47,9.1
EDR-008128,AST-08128,2026-08-06 15:58:14,False,7,11,False,0,18,False,0.17,7.2
EDR-008129,AST-08129,2026-08-11 00:58:14,False,0,7,False,0,28,False,0.23,9.4
EDR-008130,AST-08130,2026-08-22 11:58:14,False,8,0,False,0,10,False,0.15,8.8
EDR-008131,AST-08131,2026-08-09 21:58:14,False,0,16,False,0,43,False,0.13,7.9
EDR-008132,AST-08132,2026-08-15 06:58:14,False,9,8,False,0,0,False,0.3,7.3
EDR-008133,AST-08133,2026-08-30 20:58:14,False,10,14,False,0,8,False,0.31,6.4
EDR-008134,AST-08134,2026-08-23 22:58:14,False,3,7,False,0,28,False,0.37,9.2
EDR-008135,AST-08135,2026-08-13 23:58:14,False,0,19,False,0,0,False,0.33,7.6
EDR-008136,AST-08136,2026-08-08 14:58:14,False,2,5,False,0,31,False,0.39,9.0
EDR-008137,AST-08137,2026-08-22 17:58:14,True,5,16,False,1,33,False,0.8,5.5
EDR-008138,AST-08138,2026-08-19 19:58:14,False,3,0,False,0,15,False,0.76,9.1
EDR-008139,AST-08139,2026-08-21 22:58:14,False,10,2,False,0,6,False,0.67,7.8
EDR-008140,AST-08140,2026-08-16 20:58:14,False,5,3,False,0,1,False,0.4,9.0
EDR-008141,AST-08141,2026-08-18 09:58:14,False,3,20,False,0,18,False,0.77,7.1
EDR-008142,AST-08142,2026-09-02 19:58:14,False,8,3,False,0,49,False,0.45,8.0
EDR-008143,AST-08143,2026-08-21 08:58:14,False,5,15,False,0,37,False,0.74,7.0
EDR-008144,AST-08144,2026-08-24 14:58:14,False,5,18,False,0,34,False,0.18,7.1
EDR-008145,AST-08145,2026-08-25 10:58:14,False,6,4,False,0,12,False,0.25,8.7
EDR-008146,AST-08146,2026-08-15 20:58:14,False,9,11,False,0,4,False,0.58,6.8
EDR-008147,AST-08147,2026-08-17 05:58:14,False,0,0,False,0,23,False,0.38,10
EDR-008148,AST-08148,2026-09-01 23:58:14,False,4,17,False,0,24,False,0.16,7.1
EDR-008149,AST-08149,2026-08-24 16:58:14,False,1,2,False,0,12,False,0.1,9.8
EDR-008150,AST-08150,2026-08-29 02:58:14,False,6,14,False,0,24,False,0.7,7.3
EDR-008151,AST-08151,2026-08-25 13:58:14,False,1,3,False,0,26,False,0.39,9.0
EDR-008152,AST-08152,2026-08-06 00:58:14,False,3,16,False,0,32,False,0.33,8.2
EDR-008153,AST-08153,2026-08-13 00:58:14,False,6,11,False,0,37,False,0.7,7.6
EDR-008154,AST-08154,2026-09-04 12:58:14,False,7,1,False,0,42,False,0.18,8.8
EDR-008155,AST-08155,2026-08-07 04:58:14,False,4,8,False,0,21,False,0.63,8.0
EDR-008156,AST-08156,2026-08-14 07:58:14,False,5,13,False,0,30,False,0.67,7.6
EDR-008157,AST-08157,2026-08-14 23:58:14,False,5,0,False,0,10,False,0.66,8.5
EDR-008158,AST-08158,2026-08-08 09:58:14,False,2,19,False,0,40,False,0.24,7.7
EDR-008159,AST-08159,2026-08-09 09:58:14,False,2,14,False,0,45,False,0.1,8.2
EDR-008160,AST-08160,2026-08-17 16:58:14,False,6,17,True,0,31,False,0.39,3.9
EDR-008161,AST-08161,2026-08-27 00:58:14,False,1,11,False,0,41,False,0.74,9.2
EDR-008162,AST-08162,2026-08-28 14:58:14,False,4,13,True,0,33,False,0.61,5.1
EDR-008163,AST-08163,2026-08-24 11:58:14,False,0,13,False,0,12,False,0.74,8.8
EDR-008164,AST-08164,2026-09-03 18:58:14,False,2,7,False,0,11,False,0.28,8.8
EDR-008165,AST-08165,2026-08-12 20:58:14,False,6,18,False,0,40,False,0.53,7.3
EDR-008166,AST-08166,2026-08-26 10:58:14,False,1,2,False,0,5,False,0.71,9.3
EDR-008167,AST-08167,2026-08-30 13:58:14,False,10,3,True,0,6,False,0.24,4.7
EDR-008168,AST-08168,2026-08-08 15:58:14,False,2,9,False,0,21,False,0.7,8.7
EDR-008169,AST-08169,2026-08-22 20:58:14,False,10,16,False,0,49,False,0.76,6.5
EDR-008170,AST-08170,2026-08-23 19:58:14,False,9,9,False,0,11,False,0.55,7.7
EDR-008171,AST-08171,2026-08-12 13:58:14,False,2,5,False,0,45,False,0.37,8.8
EDR-008172,AST-08172,2026-08-22 02:58:14,False,9,3,False,0,26,False,0.27,8.0
EDR-008173,AST-08173,2026-08-07 11:58:14,False,8,14,False,0,33,False,0.6,7.4
EDR-008174,AST-08174,2026-08-31 20:58:14,False,1,16,False,0,23,False,0.38,7.8
EDR-008175,AST-08175,2026-08-12 21:58:14,False,6,2,False,0,35,False,0.4,8.5
EDR-008176,AST-08176,2026-08-24 23:58:14,False,1,0,False,0,17,False,0.52,9.9
EDR-008177,AST-08177,2026-08-20 06:58:14,False,10,19,False,0,24,False,0.76,6.1
EDR-008178,AST-08178,2026-08-20 18:58:14,False,0,10,False,0,45,False,0.7,9.0
EDR-008179,AST-08179,2026-08-29 18:58:14,False,10,18,False,0,8,False,0.2,6.0
EDR-008180,AST-08180,2026-09-01 20:58:14,False,6,4,False,0,21,False,0.22,8.7
EDR-008181,AST-08181,2026-08-08 07:58:14,False,7,6,False,0,17,False,0.77,8.4
EDR-008182,AST-08182,2026-08-08 21:58:14,False,8,2,False,0,12,False,0.27,8.7
EDR-008183,AST-08183,2026-08-26 14:58:14,True,3,4,False,1,6,False,0.65,6.5
EDR-008184,AST-08184,2026-08-16 18:58:14,False,1,8,False,0,48,False,0.25,8.9
EDR-008185,AST-08185,2026-08-07 05:58:14,False,7,14,False,0,50,False,0.28,6.8
EDR-008186,AST-08186,2026-08-27 08:58:14,False,0,19,False,0,35,False,0.51,8.3
EDR-008187,AST-08187,2026-08-14 01:58:14,False,2,20,False,0,43,False,0.18,8.0
EDR-008188,AST-08188,2026-08-25 16:58:14,False,3,6,False,0,45,False,0.46,8.9
EDR-008189,AST-08189,2026-08-18 11:58:14,False,9,9,False,0,19,False,0.58,7.5
EDR-008190,AST-08190,2026-09-03 13:58:14,False,4,19,False,0,18,False,0.3,7.8
EDR-008191,AST-08191,2026-08-08 11:58:14,False,4,6,False,0,8,False,0.41,9.0
EDR-008192,AST-08192,2026-08-27 16:58:14,False,6,4,False,0,0,False,0.16,8.4
EDR-008193,AST-08193,2026-08-09 20:58:14,False,5,7,False,0,6,False,0.3,7.9
EDR-008194,AST-08194,2026-08-14 13:58:14,False,10,19,False,0,30,False,0.18,6.1
EDR-008195,AST-08195,2026-08-23 00:58:14,False,4,7,False,0,0,False,0.62,8.6
EDR-008196,AST-08196,2026-09-04 05:58:14,False,8,17,False,0,21,False,0.46,6.6
EDR-008197,AST-08197,2026-08-28 01:58:14,False,2,14,False,0,42,False,0.29,8.1
EDR-008198,AST-08198,2026-08-31 09:58:14,False,10,20,False,0,15,False,0.32,6.4
EDR-008199,AST-08199,2026-08-23 19:58:14,False,4,10,False,0,11,False,0.68,8.1
EDR-008200,AST-08200,2026-08-18 09:58:14,False,7,13,False,0,5,False,0.2,6.8
EDR-008201,AST-08201,2026-08-13 14:58:14,False,8,9,False,0,17,False,0.27,7.3
EDR-008202,AST-08202,2026-08-10 14:58:14,False,6,19,False,0,8,False,0.18,7.2
EDR-008203,AST-08203,2026-09-03 05:58:14,False,3,0,False,0,29,False,0.78,9.6
EDR-008204,AST-08204,2026-08-08 08:58:14,False,6,19,False,0,32,False,0.75,6.9
EDR-008205,AST-08205,2026-08-19 22:58:14,False,9,11,False,0,16,False,0.23,7.4
EDR-008206,AST-08206,2026-08-27 16:58:14,False,5,14,False,0,35,False,0.31,7.7
EDR-008207,AST-08207,2026-08-08 09:58:14,False,2,3,False,0,16,False,0.13,9.5
EDR-008208,AST-08208,2026-08-26 00:58:14,False,9,13,False,0,31,False,0.74,7.2
EDR-008209,AST-08209,2026-08-26 23:58:14,False,9,7,False,0,49,False,0.35,7.5
EDR-008210,AST-08210,2026-08-15 05:58:14,False,9,19,False,0,15,False,0.17,5.9
EDR-008211,AST-08211,2026-08-20 15:58:14,False,5,7,False,0,22,False,0.35,7.9
EDR-008212,AST-08212,2026-08-30 18:58:14,False,0,0,False,0,9,False,0.68,9.9
EDR-008213,AST-08213,2026-08-09 04:58:14,False,0,2,False,0,16,False,0.49,10
EDR-008214,AST-08214,2026-09-04 16:58:14,False,1,0,False,0,17,False,0.61,10
EDR-008215,AST-08215,2026-08-30 17:58:14,False,1,19,False,0,6,False,0.59,7.5
EDR-008216,AST-08216,2026-08-12 12:58:14,False,8,8,False,0,46,False,0.54,7.5
EDR-008217,AST-08217,2026-08-24 16:58:14,False,9,10,False,0,6,False,0.41,7.1
EDR-008218,AST-08218,2026-08-27 14:58:14,False,9,4,False,0,22,False,0.56,8.0
EDR-008219,AST-08219,2026-08-14 01:58:14,False,7,10,False,0,1,False,0.6,7.7
EDR-008220,AST-08220,2026-08-12 15:58:14,False,8,3,False,0,2,False,0.11,8.1
EDR-008221,AST-08221,2026-08-21 03:58:14,False,3,1,False,0,30,False,0.78,8.9
EDR-008222,AST-08222,2026-08-09 00:58:14,False,7,20,False,0,16,False,0.67,6.8
EDR-008223,AST-08223,2026-08-29 00:58:14,True,0,19,False,3,31,True,0.8,5.9
EDR-008224,AST-08224,2026-08-13 10:58:14,False,5,15,False,0,12,False,0.35,7.7
EDR-008225,AST-08225,2026-08-30 01:58:14,False,10,19,False,0,50,False,0.48,6.0
EDR-008226,AST-08226,2026-08-10 09:58:14,False,9,8,False,0,13,False,0.31,7.1
EDR-008227,AST-08227,2026-08-28 11:58:14,False,2,10,False,0,16,False,0.67,8.5
EDR-008228,AST-08228,2026-08-29 21:58:14,False,2,7,False,0,4,False,0.77,8.7
EDR-008229,AST-08229,2026-08-13 01:58:14,False,2,14,False,0,1,False,0.3,8.0
EDR-008230,AST-08230,2026-09-01 16:58:14,False,1,14,False,0,49,False,0.43,8.1
EDR-008231,AST-08231,2026-08-20 07:58:14,False,2,6,False,0,41,False,0.39,9.0
EDR-008232,AST-08232,2026-08-16 20:58:14,False,8,7,False,0,26,False,0.64,7.7
EDR-008233,AST-08233,2026-08-08 09:58:14,False,9,4,False,0,37,False,0.72,7.7
EDR-008234,AST-08234,2026-08-14 18:58:14,False,4,1,False,0,26,False,0.4,8.6
EDR-008235,AST-08235,2026-08-10 02:58:14,False,4,3,False,0,48,False,0.32,8.5
EDR-008236,AST-08236,2026-09-03 19:58:14,False,9,18,False,0,0,False,0.28,6.1
EDR-008237,AST-08237,2026-08-24 01:58:14,False,9,6,False,0,25,False,0.55,7.8
EDR-008238,AST-08238,2026-08-06 16:58:14,False,1,1,False,0,44,False,0.51,9.6
EDR-008239,AST-08239,2026-08-12 22:58:14,False,2,12,False,0,35,False,0.48,8.1
EDR-008240,AST-08240,2026-08-31 20:58:14,False,10,19,False,0,2,False,0.47,6.6
EDR-008241,AST-08241,2026-08-15 22:58:14,False,3,1,False,0,41,False,0.76,9.3
EDR-008242,AST-08242,2026-08-23 11:58:14,False,0,4,False,0,47,False,0.42,9.3
EDR-008243,AST-08243,2026-08-09 15:58:14,False,0,0,False,0,13,False,0.58,10
EDR-008244,AST-08244,2026-08-05 20:58:14,False,9,4,False,0,17,False,0.75,7.8
EDR-008245,AST-08245,2026-08-09 22:58:14,False,0,15,False,0,47,False,0.4,8.5
EDR-008246,AST-08246,2026-08-28 23:58:14,False,0,11,False,0,48,False,0.26,8.7
EDR-008247,AST-08247,2026-08-31 21:58:14,False,6,2,False,0,48,False,0.6,9.1
EDR-008248,AST-08248,2026-08-11 01:58:14,False,1,11,False,0,26,False,0.2,8.5
EDR-008249,AST-08249,2026-08-12 15:58:14,False,1,6,False,0,27,False,0.27,8.9
EDR-008250,AST-08250,2026-09-02 10:58:14,False,7,13,False,0,38,False,0.5,7.0
EDR-008251,AST-08251,2026-08-27 22:58:14,False,8,3,False,0,32,False,0.39,8.2
EDR-008252,AST-08252,2026-08-25 23:58:14,False,1,15,True,0,19,False,0.68,5.6
EDR-008253,AST-08253,2026-08-27 05:58:14,False,1,0,False,0,42,False,0.45,9.6
EDR-008254,AST-08254,2026-08-06 21:58:14,False,1,4,False,0,38,False,0.5,9.0
EDR-008255,AST-08255,2026-08-15 19:58:14,False,9,3,False,0,4,False,0.72,8.4
EDR-008256,AST-08256,2026-08-28 20:58:14,False,2,12,False,0,18,False,0.63,8.9
EDR-008257,AST-08257,2026-08-24 09:58:14,False,3,1,False,0,10,False,0.42,9.7
EDR-008258,AST-08258,2026-08-06 19:58:14,False,5,7,False,0,48,False,0.34,8.6
EDR-008259,AST-08259,2026-08-25 17:58:14,False,6,13,False,0,22,False,0.74,7.7
EDR-008260,AST-08260,2026-08-15 05:58:14,False,0,19,False,0,12,False,0.47,7.8
EDR-008261,AST-08261,2026-08-08 11:58:14,False,3,7,False,0,27,False,0.68,9.0
EDR-008262,AST-08262,2026-08-06 07:58:14,False,6,17,False,0,5,False,0.71,7.2
EDR-008263,AST-08263,2026-08-10 08:58:14,False,9,19,False,0,43,False,0.55,6.0
EDR-008264,AST-08264,2026-08-13 14:58:14,False,1,16,False,0,23,False,0.7,8.2
EDR-008265,AST-08265,2026-08-08 14:58:14,False,7,2,False,0,13,False,0.47,8.9
EDR-008266,AST-08266,2026-09-01 04:58:14,False,3,13,False,0,20,False,0.57,8.0
EDR-008267,AST-08267,2026-08-09 11:58:14,False,2,17,False,0,17,False,0.54,7.5
EDR-008268,AST-08268,2026-08-26 20:58:14,True,6,17,False,3,38,False,0.62,4.9
EDR-008269,AST-08269,2026-08-25 13:58:14,False,2,6,False,0,12,False,0.16,8.8
EDR-008270,AST-08270,2026-08-11 19:58:14,False,4,10,False,0,50,False,0.71,7.9
EDR-008271,AST-08271,2026-08-26 09:58:14,False,3,11,True,0,38,False,0.14,5.2
EDR-008272,AST-08272,2026-09-04 10:58:14,False,1,14,True,0,15,False,0.79,5.4
EDR-008273,AST-08273,2026-08-24 04:58:14,False,2,10,False,0,17,False,0.61,8.4
EDR-008274,AST-08274,2026-08-15 18:58:14,False,2,16,False,0,30,False,0.4,7.8
EDR-008275,AST-08275,2026-08-19 20:58:14,False,1,2,False,0,2,False,0.13,10.0
EDR-008276,AST-08276,2026-08-08 11:58:14,False,4,1,False,0,49,False,0.14,9.3
EDR-008277,AST-08277,2026-08-31 17:58:14,False,8,16,False,0,30,False,0.7,7.2
EDR-008278,AST-08278,2026-08-17 20:58:14,False,1,2,False,0,4,False,0.45,9.4
EDR-008279,AST-08279,2026-08-24 13:58:14,False,8,12,False,0,5,False,0.59,7.7
EDR-008280,AST-08280,2026-08-23 18:58:14,False,3,16,False,0,48,False,0.52,8.0
EDR-008281,AST-08281,2026-08-21 06:58:14,False,1,20,False,0,17,False,0.49,7.3
EDR-008282,AST-08282,2026-08-28 04:58:14,False,9,15,False,0,16,False,0.56,7.0
EDR-008283,AST-08283,2026-08-28 17:58:14,False,0,16,False,0,2,False,0.45,8.9
EDR-008284,AST-08284,2026-09-04 03:58:14,False,6,4,False,0,50,False,0.8,8.7
EDR-008285,AST-08285,2026-08-14 01:58:14,False,7,16,False,0,11,False,0.56,7.2
EDR-008286,AST-08286,2026-08-29 14:58:14,False,5,15,False,0,19,False,0.67,7.2
EDR-008287,AST-08287,2026-08-15 03:58:14,False,3,15,False,0,11,False,0.51,7.8
EDR-008288,AST-08288,2026-08-20 17:58:14,False,0,18,False,0,1,False,0.77,8.2
EDR-008289,AST-08289,2026-08-10 01:58:14,False,9,8,False,0,19,False,0.16,7.4
EDR-008290,AST-08290,2026-08-07 01:58:14,False,10,1,False,0,23,False,0.2,8.0
EDR-008291,AST-08291,2026-08-21 01:58:14,False,10,1,False,0,19,False,0.74,8.4
EDR-008292,AST-08292,2026-09-04 02:58:14,False,0,11,False,0,37,False,0.57,8.8
EDR-008293,AST-08293,2026-08-10 06:58:14,False,4,16,False,0,29,False,0.26,7.7
EDR-008294,AST-08294,2026-08-24 10:58:14,False,10,16,False,0,24,False,0.47,6.2
EDR-008295,AST-08295,2026-08-20 16:58:14,False,5,5,False,0,14,False,0.49,8.6
EDR-008296,AST-08296,2026-08-15 19:58:14,False,4,19,False,0,19,False,0.26,7.7
EDR-008297,AST-08297,2026-09-03 06:58:14,False,2,4,False,0,27,False,0.73,8.9
EDR-008298,AST-08298,2026-08-27 00:58:14,False,6,12,False,0,33,False,0.65,8.0
EDR-008299,AST-08299,2026-08-16 23:58:14,False,10,14,False,0,44,False,0.34,7.0
EDR-008300,AST-08300,2026-08-29 16:58:14,False,5,11,False,0,1,False,0.74,8.1
EDR-008301,AST-08301,2026-08-09 09:58:14,False,7,5,False,0,0,False,0.27,8.5
EDR-008302,AST-08302,2026-08-27 20:58:14,False,8,15,False,0,42,False,0.18,7.1
EDR-008303,AST-08303,2026-08-26 06:58:14,False,0,3,False,0,41,False,0.17,9.3
EDR-008304,AST-08304,2026-08-23 20:58:14,False,4,10,False,0,3,False,0.76,8.7
EDR-008305,AST-08305,2026-08-13 22:58:14,False,0,11,False,0,42,False,0.34,9.3
EDR-008306,AST-08306,2026-08-17 03:58:14,False,9,13,False,0,50,False,0.77,6.8
EDR-008307,AST-08307,2026-08-15 05:58:14,False,2,18,False,0,29,False,0.11,8.2
EDR-008308,AST-08308,2026-08-10 09:58:14,False,6,10,False,0,46,False,0.31,8.2
EDR-008309,AST-08309,2026-08-12 19:58:14,False,8,20,False,0,40,False,0.49,5.9
EDR-008310,AST-08310,2026-08-17 17:58:14,False,4,1,False,0,36,False,0.48,9.5
EDR-008311,AST-08311,2026-08-13 14:58:14,False,6,13,True,0,30,False,0.76,4.1
EDR-008312,AST-08312,2026-08-12 05:58:14,False,7,5,False,0,8,False,0.61,7.8
EDR-008313,AST-08313,2026-08-23 16:58:14,False,2,7,False,0,13,False,0.31,9.3
EDR-008314,AST-08314,2026-09-01 02:58:14,False,6,6,False,0,25,False,0.66,8.2
EDR-008315,AST-08315,2026-08-06 21:58:14,False,10,13,False,0,4,False,0.29,6.4
EDR-008316,AST-08316,2026-08-06 17:58:14,False,3,9,False,0,31,False,0.27,8.2
EDR-008317,AST-08317,2026-08-22 07:58:14,False,3,13,False,0,29,False,0.51,7.6
EDR-008318,AST-08318,2026-08-13 06:58:14,False,2,9,False,0,29,False,0.72,8.4
EDR-008319,AST-08319,2026-08-28 17:58:14,False,3,12,False,0,38,False,0.66,8.1
EDR-008320,AST-08320,2026-08-16 00:58:14,False,5,2,False,0,8,False,0.77,8.9
EDR-008321,AST-08321,2026-08-11 00:58:14,True,9,17,False,3,43,False,0.64,4.5
EDR-008322,AST-08322,2026-08-13 09:58:14,False,10,1,False,0,38,False,0.11,7.8
EDR-008323,AST-08323,2026-08-18 11:58:14,False,9,20,False,0,46,False,0.53,6.6
EDR-008324,AST-08324,2026-09-03 08:58:14,False,0,13,False,0,4,False,0.53,8.7
EDR-008325,AST-08325,2026-08-26 20:58:14,False,9,6,False,0,4,False,0.38,7.3
EDR-008326,AST-08326,2026-08-16 23:58:14,False,1,5,False,0,49,False,0.74,9.1
EDR-008327,AST-08327,2026-08-14 05:58:14,False,2,16,False,0,26,False,0.45,7.8
EDR-008328,AST-08328,2026-08-07 11:58:14,False,7,14,False,0,22,False,0.69,7.1
EDR-008329,AST-08329,2026-08-07 20:58:14,False,8,14,False,0,29,False,0.53,6.7
EDR-008330,AST-08330,2026-08-11 01:58:14,False,3,1,False,0,34,False,0.46,9.6
EDR-008331,AST-08331,2026-08-19 19:58:14,False,10,3,False,0,33,False,0.55,7.7
EDR-008332,AST-08332,2026-08-21 08:58:14,False,5,6,False,0,18,False,0.18,8.6
EDR-008333,AST-08333,2026-08-20 21:58:14,False,9,10,False,0,21,False,0.23,7.0
EDR-008334,AST-08334,2026-08-25 15:58:14,False,2,8,False,0,20,False,0.68,8.5
EDR-008335,AST-08335,2026-08-07 07:58:14,False,10,16,False,0,29,False,0.52,6.1
EDR-008336,AST-08336,2026-08-15 16:58:14,False,6,2,False,0,39,False,0.28,8.3
EDR-008337,AST-08337,2026-08-17 00:58:14,False,6,0,False,0,17,False,0.36,8.5
EDR-008338,AST-08338,2026-09-02 12:58:14,False,10,7,False,0,36,False,0.78,6.8
EDR-008339,AST-08339,2026-08-14 07:58:14,False,0,18,False,0,20,False,0.63,8.3
EDR-008340,AST-08340,2026-08-12 12:58:14,False,4,15,False,0,42,False,0.69,7.7
EDR-008341,AST-08341,2026-08-17 00:58:14,False,1,9,False,0,32,False,0.32,9.0
EDR-008342,AST-08342,2026-08-19 03:58:14,False,3,16,False,0,34,False,0.61,8.1
EDR-008343,AST-08343,2026-08-11 04:58:14,False,0,10,False,0,25,False,0.65,9.0
EDR-008344,AST-08344,2026-08-21 01:58:14,False,0,6,False,0,33,False,0.8,9.3
EDR-008345,AST-08345,2026-08-07 13:58:14,False,7,0,False,0,4,False,0.7,9.1
EDR-008346,AST-08346,2026-08-09 15:58:14,False,10,13,False,0,28,False,0.64,7.2
EDR-008347,AST-08347,2026-08-23 16:58:14,False,1,20,False,0,8,False,0.14,7.8
EDR-008348,AST-08348,2026-08-20 20:58:14,False,10,7,False,0,40,False,0.76,7.0
EDR-008349,AST-08349,2026-08-15 16:58:14,False,0,10,False,0,0,False,0.53,8.6
EDR-008350,AST-08350,2026-08-18 11:58:14,False,7,14,False,0,24,False,0.35,6.7
EDR-008351,AST-08351,2026-08-05 17:58:14,False,4,3,False,0,46,False,0.43,9.1
EDR-008352,AST-08352,2026-09-01 21:58:14,False,3,2,False,0,20,False,0.56,9.0
EDR-008353,AST-08353,2026-08-20 16:58:14,False,0,3,False,0,15,False,0.63,9.9
EDR-008354,AST-08354,2026-08-23 09:58:14,False,6,1,False,0,40,False,0.14,8.2
EDR-008355,AST-08355,2026-08-30 15:58:14,False,4,5,False,0,4,False,0.12,9.2
EDR-008356,AST-08356,2026-08-15 13:58:14,False,7,6,False,0,1,False,0.64,7.7
EDR-008357,AST-08357,2026-08-30 20:58:14,False,4,15,False,0,20,False,0.31,7.7
EDR-008358,AST-08358,2026-08-12 13:58:14,False,5,11,False,0,39,False,0.17,7.7
EDR-008359,AST-08359,2026-09-01 13:58:14,False,9,20,False,0,46,False,0.46,5.8
EDR-008360,AST-08360,2026-08-15 09:58:14,False,0,19,False,0,33,False,0.53,8.2
EDR-008361,AST-08361,2026-08-14 14:58:14,False,6,4,False,0,18,False,0.42,8.0
EDR-008362,AST-08362,2026-08-22 18:58:14,False,6,5,False,0,38,False,0.36,8.3
EDR-008363,AST-08363,2026-08-16 19:58:14,False,0,1,False,0,24,False,0.24,10
EDR-008364,AST-08364,2026-08-15 08:58:14,False,3,9,False,0,45,False,0.49,8.8
EDR-008365,AST-08365,2026-08-21 07:58:14,False,0,9,False,0,24,False,0.36,9.2
EDR-008366,AST-08366,2026-09-04 16:58:14,False,6,11,False,0,0,False,0.14,8.0
EDR-008367,AST-08367,2026-08-16 21:58:14,False,5,18,False,0,27,False,0.53,7.5
EDR-008368,AST-08368,2026-08-29 08:58:14,False,8,12,False,0,0,False,0.56,6.7
EDR-008369,AST-08369,2026-08-24 13:58:14,False,8,12,False,0,35,False,0.29,7.4
EDR-008370,AST-08370,2026-08-10 01:58:14,False,7,7,False,0,42,False,0.39,8.0
EDR-008371,AST-08371,2026-08-06 09:58:14,False,2,6,False,0,14,False,0.46,8.7
EDR-008372,AST-08372,2026-08-07 01:58:14,False,1,20,True,0,42,False,0.45,5.0
EDR-008373,AST-08373,2026-08-22 12:58:14,False,4,3,False,0,41,False,0.7,8.5
EDR-008374,AST-08374,2026-08-26 16:58:14,False,2,20,False,0,11,False,0.44,7.2
EDR-008375,AST-08375,2026-08-25 05:58:14,False,3,11,False,0,36,False,0.46,8.4
EDR-008376,AST-08376,2026-08-26 14:58:14,False,0,13,False,0,36,False,0.8,8.5
EDR-008377,AST-08377,2026-08-10 06:58:14,False,7,11,False,0,41,False,0.77,7.6
EDR-008378,AST-08378,2026-08-25 10:58:14,False,9,12,False,0,12,False,0.23,7.3
EDR-008379,AST-08379,2026-08-19 10:58:14,False,3,1,False,0,21,False,0.77,9.3
EDR-008380,AST-08380,2026-08-06 14:58:14,False,3,0,False,0,19,False,0.15,9.3
EDR-008381,AST-08381,2026-08-16 05:58:14,False,3,4,False,0,23,False,0.4,8.7
EDR-008382,AST-08382,2026-08-14 00:58:14,False,5,17,False,0,43,False,0.74,7.8
EDR-008383,AST-08383,2026-08-28 04:58:14,False,4,11,False,0,30,False,0.16,8.0
EDR-008384,AST-08384,2026-08-22 06:58:14,False,0,19,False,0,0,False,0.18,7.9
EDR-008385,AST-08385,2026-08-28 01:58:14,False,5,4,False,0,16,False,0.61,8.3
EDR-008386,AST-08386,2026-08-05 23:58:14,False,0,14,False,0,50,False,0.41,8.3
EDR-008387,AST-08387,2026-08-07 16:58:14,False,1,16,False,0,50,False,0.14,8.3
EDR-008388,AST-08388,2026-08-23 01:58:14,False,6,10,True,0,9,False,0.69,4.4
EDR-008389,AST-08389,2026-08-27 01:58:14,False,5,12,False,0,30,False,0.54,8.2
EDR-008390,AST-08390,2026-08-28 10:58:14,False,4,3,False,0,33,False,0.69,8.8
EDR-008391,AST-08391,2026-08-10 04:58:14,False,0,6,False,0,20,False,0.53,9.8
EDR-008392,AST-08392,2026-08-30 05:58:14,False,5,11,True,0,12,False,0.29,4.8
EDR-008393,AST-08393,2026-08-21 00:58:14,False,4,16,False,0,13,False,0.52,7.5
EDR-008394,AST-08394,2026-08-16 18:58:14,False,4,7,False,0,32,False,0.18,8.6
EDR-008395,AST-08395,2026-09-02 01:58:14,False,2,6,False,0,14,False,0.29,9.3
EDR-008396,AST-08396,2026-08-29 14:58:14,False,0,9,False,0,18,False,0.61,8.6
EDR-008397,AST-08397,2026-08-28 12:58:14,False,6,16,False,0,24,False,0.16,7.2
EDR-008398,AST-08398,2026-08-29 12:58:14,False,7,11,False,0,40,False,0.13,7.1
EDR-008399,AST-08399,2026-09-03 04:58:14,False,9,11,False,0,33,False,0.28,7.3
EDR-008400,AST-08400,2026-08-07 15:58:14,False,5,11,False,0,38,False,0.76,8.1
EDR-008401,AST-08401,2026-08-08 06:58:14,False,8,14,False,0,4,False,0.56,6.9
EDR-008402,AST-08402,2026-09-01 01:58:14,False,4,6,False,0,11,False,0.79,8.3
EDR-008403,AST-08403,2026-08-23 00:58:14,False,6,11,False,0,41,False,0.1,7.9
EDR-008404,AST-08404,2026-09-02 00:58:14,False,10,12,False,0,1,False,0.72,6.8
EDR-008405,AST-08405,2026-08-18 21:58:14,False,7,13,False,0,30,False,0.7,7.3
EDR-008406,AST-08406,2026-08-12 07:58:14,False,2,10,False,0,26,False,0.51,8.6
EDR-008407,AST-08407,2026-08-12 18:58:14,False,4,10,False,0,48,False,0.14,8.3
EDR-008408,AST-08408,2026-08-19 06:58:14,False,7,11,False,0,50,False,0.59,7.2
EDR-008409,AST-08409,2026-09-04 03:58:14,False,5,1,False,0,50,False,0.43,9.4
EDR-008410,AST-08410,2026-09-01 05:58:14,False,10,6,False,0,38,False,0.65,7.0
EDR-008411,AST-08411,2026-08-20 18:58:14,False,6,20,False,0,32,False,0.26,6.4
EDR-008412,AST-08412,2026-09-04 01:58:14,False,8,7,False,0,3,False,0.39,8.1
EDR-008413,AST-08413,2026-08-23 14:58:14,False,9,10,False,0,10,False,0.66,7.0
EDR-008414,AST-08414,2026-08-26 20:58:14,False,9,13,False,0,48,False,0.65,7.2
EDR-008415,AST-08415,2026-09-01 15:58:14,False,1,3,False,0,38,False,0.61,9.6
EDR-008416,AST-08416,2026-08-19 22:58:14,False,6,5,False,0,13,False,0.59,8.8
EDR-008417,AST-08417,2026-08-23 17:58:14,True,9,2,False,3,38,True,0.86,5.7
EDR-008418,AST-08418,2026-08-11 04:58:14,False,10,0,False,0,33,False,0.2,8.3
EDR-008419,AST-08419,2026-08-25 19:58:14,False,6,9,False,0,37,False,0.59,8.3
EDR-008420,AST-08420,2026-08-07 06:58:14,False,7,19,False,0,29,False,0.15,7.2
EDR-008421,AST-08421,2026-08-21 01:58:14,False,1,18,True,0,37,False,0.15,4.9
EDR-008422,AST-08422,2026-09-01 04:58:14,False,5,5,False,0,47,False,0.28,8.7
EDR-008423,AST-08423,2026-08-20 15:58:14,False,4,11,False,0,17,False,0.34,7.7
EDR-008424,AST-08424,2026-08-06 08:58:14,False,0,7,False,0,38,False,0.58,8.9
EDR-008425,AST-08425,2026-08-07 11:58:14,False,1,10,False,0,1,False,0.29,8.6
EDR-008426,AST-08426,2026-08-07 12:58:14,False,7,14,False,0,44,False,0.16,7.5
EDR-008427,AST-08427,2026-08-29 13:58:14,False,4,7,False,0,15,False,0.77,8.5
EDR-008428,AST-08428,2026-08-31 06:58:14,False,1,18,False,0,20,False,0.73,7.6
EDR-008429,AST-08429,2026-08-16 01:58:14,False,7,14,True,0,3,False,0.71,4.4
EDR-008430,AST-08430,2026-08-20 18:58:14,False,5,17,False,0,28,False,0.18,7.6
EDR-008431,AST-08431,2026-09-02 01:58:14,False,4,6,False,0,39,False,0.58,8.6
EDR-008432,AST-08432,2026-08-09 18:58:14,False,5,16,False,0,28,False,0.65,7.8
EDR-008433,AST-08433,2026-08-10 09:58:14,False,8,10,False,0,49,False,0.27,7.8
EDR-008434,AST-08434,2026-08-06 03:58:14,False,2,13,False,0,35,False,0.3,8.4
EDR-008435,AST-08435,2026-08-27 03:58:14,False,10,15,False,0,15,False,0.64,6.3
EDR-008436,AST-08436,2026-08-15 09:58:14,False,2,8,False,0,50,False,0.37,9.0
EDR-008437,AST-08437,2026-08-18 02:58:14,False,1,17,False,0,3,False,0.51,8.1
EDR-008438,AST-08438,2026-09-03 05:58:14,False,9,14,False,0,12,False,0.52,6.8
EDR-008439,AST-08439,2026-09-01 16:58:14,False,7,14,False,0,18,False,0.64,7.3
EDR-008440,AST-08440,2026-08-19 03:58:14,False,5,7,True,0,17,False,0.43,5.3
EDR-008441,AST-08441,2026-08-31 10:58:14,False,0,12,False,0,50,False,0.72,8.7
EDR-008442,AST-08442,2026-09-03 16:58:14,False,0,16,False,0,1,False,0.48,8.5
EDR-008443,AST-08443,2026-08-21 00:58:14,False,4,14,False,0,33,False,0.19,8.1
EDR-008444,AST-08444,2026-08-08 18:58:14,False,2,16,False,0,12,False,0.25,7.5
EDR-008445,AST-08445,2026-09-04 09:58:14,True,10,18,False,1,9,True,0.7,4.5
EDR-008446,AST-08446,2026-08-16 22:58:14,False,10,19,False,0,10,False,0.15,6.0
EDR-008447,AST-08447,2026-08-19 21:58:14,False,9,16,False,0,11,False,0.12,6.6
EDR-008448,AST-08448,2026-08-19 13:58:14,False,1,0,False,0,40,False,0.34,9.6
EDR-008449,AST-08449,2026-08-28 18:58:14,False,8,5,False,0,41,False,0.78,8.1
EDR-008450,AST-08450,2026-08-12 00:58:14,False,1,12,False,0,23,False,0.64,8.4
EDR-008451,AST-08451,2026-08-25 03:58:14,False,4,2,False,0,16,False,0.77,8.8
EDR-008452,AST-08452,2026-08-25 01:58:14,False,0,19,False,0,37,False,0.25,7.7
EDR-008453,AST-08453,2026-08-25 03:58:14,False,0,19,False,0,35,False,0.27,8.1
EDR-008454,AST-08454,2026-08-11 23:58:14,False,10,20,False,0,50,False,0.27,5.6
EDR-008455,AST-08455,2026-08-09 18:58:14,False,4,10,False,0,29,False,0.24,8.3
EDR-008456,AST-08456,2026-08-06 03:58:14,False,3,13,False,0,48,False,0.5,7.6
EDR-008457,AST-08457,2026-08-11 19:58:14,False,0,2,False,0,28,False,0.59,9.6
EDR-008458,AST-08458,2026-08-09 01:58:14,False,7,15,False,0,17,False,0.54,7.0
EDR-008459,AST-08459,2026-08-07 21:58:14,False,7,0,False,0,33,False,0.44,8.3
EDR-008460,AST-08460,2026-08-16 10:58:14,False,6,2,False,0,49,False,0.13,8.4
EDR-008461,AST-08461,2026-08-19 09:58:14,False,3,5,False,0,33,False,0.38,9.1
EDR-008462,AST-08462,2026-08-29 18:58:14,False,9,12,False,0,44,False,0.31,7.2
EDR-008463,AST-08463,2026-08-12 19:58:14,False,1,2,False,0,40,False,0.28,9.9
EDR-008464,AST-08464,2026-08-24 04:58:14,False,4,19,False,0,20,False,0.66,7.2
EDR-008465,AST-08465,2026-08-13 07:58:14,False,4,0,False,0,33,False,0.8,9.2
EDR-008466,AST-08466,2026-08-14 00:58:14,True,5,17,False,2,29,False,0.72,5.7
EDR-008467,AST-08467,2026-09-01 21:58:14,False,2,13,False,0,13,False,0.74,8.8
EDR-008468,AST-08468,2026-08-13 10:58:14,False,2,12,False,0,10,False,0.39,8.8
EDR-008469,AST-08469,2026-08-19 05:58:14,False,4,6,False,0,22,False,0.44,9.1
EDR-008470,AST-08470,2026-08-10 21:58:14,False,7,16,False,0,20,False,0.48,6.5
EDR-008471,AST-08471,2026-08-09 08:58:14,False,9,6,False,0,5,False,0.57,8.0
EDR-008472,AST-08472,2026-08-09 09:58:14,False,0,2,False,0,39,False,0.7,10
EDR-008473,AST-08473,2026-09-01 20:58:14,False,10,18,False,0,30,False,0.21,6.3
EDR-008474,AST-08474,2026-08-05 22:58:14,False,0,19,False,0,36,False,0.22,8.2
EDR-008475,AST-08475,2026-08-25 07:58:14,False,0,17,False,0,15,False,0.26,7.9
EDR-008476,AST-08476,2026-08-23 06:58:14,False,6,15,False,0,5,False,0.29,7.7
EDR-008477,AST-08477,2026-08-25 00:58:14,False,4,3,False,0,0,False,0.13,9.4
EDR-008478,AST-08478,2026-08-12 07:58:14,False,7,8,False,0,20,False,0.24,7.6
EDR-008479,AST-08479,2026-08-08 08:58:14,False,7,1,False,0,48,False,0.78,8.0
EDR-008480,AST-08480,2026-08-16 18:58:14,True,9,17,False,0,40,False,0.78,4.4
EDR-008481,AST-08481,2026-08-18 17:58:14,False,10,1,False,0,48,False,0.63,8.4
EDR-008482,AST-08482,2026-08-22 09:58:14,False,0,13,True,0,49,False,0.48,5.4
EDR-008483,AST-08483,2026-08-10 23:58:14,False,8,20,False,0,28,False,0.67,6.7
EDR-008484,AST-08484,2026-08-06 03:58:14,False,6,15,False,0,45,False,0.43,7.6
EDR-008485,AST-08485,2026-08-31 22:58:14,False,10,6,False,0,29,False,0.66,7.5
EDR-008486,AST-08486,2026-08-27 07:58:14,False,7,16,False,0,21,False,0.7,6.6
EDR-008487,AST-08487,2026-08-18 16:58:14,False,1,4,False,0,25,False,0.18,9.8
EDR-008488,AST-08488,2026-08-27 12:58:14,False,6,4,False,0,23,False,0.24,8.9
EDR-008489,AST-08489,2026-08-31 09:58:14,False,0,2,False,0,12,False,0.11,9.7
EDR-008490,AST-08490,2026-08-21 20:58:14,False,3,5,False,0,40,False,0.17,8.6
EDR-008491,AST-08491,2026-08-18 08:58:14,False,5,18,False,0,13,False,0.73,7.1
EDR-008492,AST-08492,2026-08-06 14:58:14,False,6,19,False,0,8,False,0.11,7.3
EDR-008493,AST-08493,2026-08-10 00:58:14,False,8,18,False,0,4,False,0.74,6.8
EDR-008494,AST-08494,2026-08-09 04:58:14,False,7,2,False,0,16,False,0.51,8.0
EDR-008495,AST-08495,2026-08-11 11:58:14,False,10,7,False,0,45,False,0.32,7.2
EDR-008496,AST-08496,2026-08-26 07:58:14,False,7,15,False,0,45,False,0.39,6.8
EDR-008497,AST-08497,2026-08-18 03:58:14,False,6,1,False,0,23,False,0.72,8.3
EDR-008498,AST-08498,2026-08-24 14:58:14,False,9,5,False,0,13,False,0.13,8.1
EDR-008499,AST-08499,2026-08-26 10:58:14,False,6,19,False,0,20,False,0.45,7.2
EDR-008500,AST-08500,2026-08-28 02:58:14,False,5,7,False,0,11,False,0.19,8.8
EDR-008501,AST-08501,2026-08-21 07:58:14,False,0,14,False,0,12,False,0.68,8.7
EDR-008502,AST-08502,2026-08-20 13:58:14,False,6,9,False,0,26,False,0.43,7.9
EDR-008503,AST-08503,2026-09-02 00:58:14,False,2,12,False,0,50,False,0.29,8.7
EDR-008504,AST-08504,2026-08-31 22:58:14,False,7,2,False,0,22,False,0.73,8.3
EDR-008505,AST-08505,2026-08-05 17:58:14,False,6,14,False,0,19,False,0.28,7.1
EDR-008506,AST-08506,2026-08-08 23:58:14,False,10,17,False,0,47,False,0.6,6.5
EDR-008507,AST-08507,2026-08-08 15:58:14,False,10,17,False,0,47,False,0.12,6.5
EDR-008508,AST-08508,2026-08-25 16:58:14,False,3,5,False,0,43,False,0.77,8.9
EDR-008509,AST-08509,2026-08-28 05:58:14,False,5,17,True,0,28,False,0.48,3.9
EDR-008510,AST-08510,2026-08-16 01:58:14,True,8,10,False,0,2,True,0.86,5.5
EDR-008511,AST-08511,2026-08-14 09:58:14,False,6,3,False,0,42,False,0.55,8.4
EDR-008512,AST-08512,2026-08-09 21:58:14,False,10,14,False,0,25,False,0.43,6.6
EDR-008513,AST-08513,2026-08-07 12:58:14,False,2,16,False,0,3,False,0.18,8.1
EDR-008514,AST-08514,2026-08-07 19:58:14,False,0,10,False,0,1,False,0.64,9.0
EDR-008515,AST-08515,2026-08-10 12:58:14,False,6,14,False,0,9,False,0.76,7.8
EDR-008516,AST-08516,2026-08-07 15:58:14,False,4,20,False,0,38,False,0.41,7.3
EDR-008517,AST-08517,2026-08-25 23:58:14,False,3,7,False,0,9,False,0.42,8.3
EDR-008518,AST-08518,2026-08-29 05:58:14,False,3,14,False,0,0,False,0.67,7.6
EDR-008519,AST-08519,2026-09-04 11:58:14,False,1,13,False,0,3,False,0.65,8.1
EDR-008520,AST-08520,2026-08-14 18:58:14,False,1,19,False,0,17,False,0.16,7.8
EDR-008521,AST-08521,2026-08-18 00:58:14,True,4,15,False,1,12,False,0.69,5.5
EDR-008522,AST-08522,2026-08-12 03:58:14,False,4,1,False,0,38,False,0.19,8.7
EDR-008523,AST-08523,2026-08-13 08:58:14,False,3,11,False,0,15,False,0.23,7.9
EDR-008524,AST-08524,2026-08-09 18:58:14,False,7,14,False,0,13,False,0.75,6.9
EDR-008525,AST-08525,2026-08-26 19:58:14,False,0,13,False,0,29,False,0.22,8.4
EDR-008526,AST-08526,2026-08-28 03:58:14,False,10,15,False,0,23,False,0.5,6.1
EDR-008527,AST-08527,2026-08-21 01:58:14,False,3,6,False,0,10,False,0.55,8.7
EDR-008528,AST-08528,2026-08-08 11:58:14,False,8,15,False,0,23,False,0.63,6.5
EDR-008529,AST-08529,2026-08-23 03:58:14,False,2,11,False,0,34,False,0.23,8.8
EDR-008530,AST-08530,2026-09-04 10:58:14,False,5,18,False,0,26,False,0.12,7.6
EDR-008531,AST-08531,2026-08-26 01:58:14,False,1,18,False,0,27,False,0.77,7.9
EDR-008532,AST-08532,2026-09-02 09:58:14,False,5,5,False,0,40,False,0.63,8.2
EDR-008533,AST-08533,2026-08-13 08:58:14,False,0,10,False,0,49,False,0.7,9.0
EDR-008534,AST-08534,2026-08-06 23:58:14,False,5,2,False,0,16,False,0.76,8.6
EDR-008535,AST-08535,2026-09-03 23:58:14,False,7,6,False,0,48,False,0.74,8.1
EDR-008536,AST-08536,2026-08-24 09:58:14,False,2,16,False,0,23,False,0.29,8.5
EDR-008537,AST-08537,2026-08-30 13:58:14,False,4,20,False,0,18,False,0.49,6.8
EDR-008538,AST-08538,2026-08-18 05:58:14,False,4,10,False,0,38,False,0.37,8.1
EDR-008539,AST-08539,2026-08-30 09:58:14,False,1,6,False,0,12,False,0.18,8.7
EDR-008540,AST-08540,2026-08-12 10:58:14,False,10,15,False,0,47,False,0.57,6.6
EDR-008541,AST-08541,2026-08-25 03:58:14,False,4,9,False,0,37,False,0.14,8.0
EDR-008542,AST-08542,2026-08-30 19:58:14,False,1,14,False,0,23,False,0.4,8.3
EDR-008543,AST-08543,2026-08-17 00:58:14,False,4,6,False,0,21,False,0.39,8.5
EDR-008544,AST-08544,2026-08-11 17:58:14,False,5,18,False,0,7,False,0.2,7.6
EDR-008545,AST-08545,2026-08-20 19:58:14,False,8,13,False,0,2,False,0.67,7.3
EDR-008546,AST-08546,2026-08-28 03:58:14,False,0,8,False,0,35,False,0.62,9.0
EDR-008547,AST-08547,2026-08-15 18:58:14,False,7,13,False,0,11,False,0.13,7.4
EDR-008548,AST-08548,2026-08-07 15:58:14,False,9,8,False,0,17,False,0.21,7.1
EDR-008549,AST-08549,2026-08-10 21:58:14,False,10,0,False,0,12,False,0.53,8.3
EDR-008550,AST-08550,2026-08-12 06:58:14,False,1,8,False,0,6,False,0.39,8.6
EDR-008551,AST-08551,2026-08-20 03:58:14,False,5,14,False,0,0,False,0.19,7.9
EDR-008552,AST-08552,2026-08-10 03:58:14,False,8,4,False,0,43,False,0.35,8.3
EDR-008553,AST-08553,2026-08-30 12:58:14,False,3,17,False,0,49,False,0.56,7.5
EDR-008554,AST-08554,2026-08-21 07:58:14,False,0,3,False,0,25,False,0.55,9.2
EDR-008555,AST-08555,2026-08-17 16:58:14,False,2,10,False,0,32,False,0.3,8.9
EDR-008556,AST-08556,2026-08-17 12:58:14,False,8,2,False,0,8,False,0.18,8.0
EDR-008557,AST-08557,2026-08-09 16:58:14,False,4,7,False,0,21,False,0.21,8.9
EDR-008558,AST-08558,2026-08-29 22:58:14,False,3,18,False,0,30,False,0.11,7.7
EDR-008559,AST-08559,2026-08-19 06:58:14,False,4,19,False,0,42,False,0.77,6.9
EDR-008560,AST-08560,2026-09-04 12:58:14,False,6,11,False,0,21,False,0.74,7.5
EDR-008561,AST-08561,2026-08-23 12:58:14,False,5,14,False,0,47,False,0.79,7.6
EDR-008562,AST-08562,2026-08-28 05:58:14,False,6,0,False,0,50,False,0.7,9.1
EDR-008563,AST-08563,2026-08-14 05:58:14,False,0,9,False,0,35,False,0.6,9.1
EDR-008564,AST-08564,2026-08-13 05:58:14,False,10,16,False,0,7,False,0.74,6.7
EDR-008565,AST-08565,2026-08-29 23:58:14,False,6,6,False,0,12,False,0.68,7.7
EDR-008566,AST-08566,2026-08-10 05:58:14,False,3,2,False,0,33,False,0.22,9.1
EDR-008567,AST-08567,2026-08-27 05:58:14,False,6,6,False,0,37,False,0.62,8.5
EDR-008568,AST-08568,2026-08-25 16:58:14,False,2,20,False,0,0,False,0.61,7.1
EDR-008569,AST-08569,2026-08-19 18:58:14,False,1,2,False,0,30,False,0.48,10.0
EDR-008570,AST-08570,2026-08-12 17:58:14,False,9,16,False,0,0,False,0.38,6.6
EDR-008571,AST-08571,2026-08-13 23:58:14,False,8,4,False,0,33,False,0.45,8.1
EDR-008572,AST-08572,2026-08-27 19:58:14,False,0,4,False,0,48,False,0.36,9.5
EDR-008573,AST-08573,2026-08-23 23:58:14,False,1,3,False,0,21,False,0.58,9.1
EDR-008574,AST-08574,2026-08-28 09:58:14,False,9,8,False,0,34,False,0.45,7.5
EDR-008575,AST-08575,2026-08-30 02:58:14,False,8,20,False,0,12,False,0.21,6.8
EDR-008576,AST-08576,2026-08-14 04:58:14,False,7,12,False,0,49,False,0.7,7.2
EDR-008577,AST-08577,2026-08-17 19:58:14,False,9,7,False,0,46,False,0.38,7.1
EDR-008578,AST-08578,2026-08-28 09:58:14,False,2,4,False,0,44,False,0.23,8.7
EDR-008579,AST-08579,2026-08-07 09:58:14,False,6,5,False,0,23,False,0.79,8.4
EDR-008580,AST-08580,2026-08-18 01:58:14,False,5,16,True,0,9,False,0.36,4.4
EDR-008581,AST-08581,2026-08-23 15:58:14,False,9,0,False,0,12,False,0.24,8.3
EDR-008582,AST-08582,2026-08-29 21:58:14,False,0,9,False,0,33,False,0.59,8.9
EDR-008583,AST-08583,2026-08-31 17:58:14,False,8,1,False,0,17,False,0.43,8.2
EDR-008584,AST-08584,2026-08-18 01:58:14,False,1,20,False,0,32,False,0.12,7.3
EDR-008585,AST-08585,2026-08-29 23:58:14,False,2,0,False,0,35,False,0.65,10
EDR-008586,AST-08586,2026-08-12 14:58:14,False,4,13,False,0,41,False,0.68,8.4
EDR-008587,AST-08587,2026-09-03 20:58:14,False,3,10,False,0,45,False,0.54,8.4
EDR-008588,AST-08588,2026-08-26 19:58:14,False,2,5,False,0,48,False,0.2,9.2
EDR-008589,AST-08589,2026-08-07 22:58:14,False,1,16,False,0,6,False,0.73,8.7
EDR-008590,AST-08590,2026-08-11 15:58:14,True,4,9,False,3,12,True,0.81,6.5
EDR-008591,AST-08591,2026-08-15 11:58:14,False,8,1,False,0,44,False,0.18,7.8
EDR-008592,AST-08592,2026-08-28 16:58:14,False,8,4,False,0,3,False,0.4,7.7
EDR-008593,AST-08593,2026-08-13 01:58:14,False,9,12,False,0,13,False,0.12,7.0
EDR-008594,AST-08594,2026-08-10 17:58:14,True,8,11,False,1,42,True,0.89,5.3
EDR-008595,AST-08595,2026-08-22 02:58:14,False,7,3,False,0,9,False,0.16,8.3
EDR-008596,AST-08596,2026-08-18 08:58:14,False,7,17,False,0,35,False,0.47,7.1
EDR-008597,AST-08597,2026-08-27 18:58:14,False,10,11,False,0,8,False,0.66,7.3
EDR-008598,AST-08598,2026-08-22 03:58:14,False,7,20,False,0,9,False,0.39,6.8
EDR-008599,AST-08599,2026-08-29 20:58:14,False,5,14,False,0,11,False,0.38,7.4
EDR-008600,AST-08600,2026-08-19 03:58:14,False,2,10,False,0,8,False,0.53,8.1
EDR-008601,AST-08601,2026-08-25 14:58:14,False,10,17,False,0,32,False,0.33,5.9
EDR-008602,AST-08602,2026-08-12 13:58:14,False,5,12,False,0,9,False,0.43,7.7
EDR-008603,AST-08603,2026-09-02 00:58:14,False,1,4,False,0,42,False,0.25,9.3
EDR-008604,AST-08604,2026-08-17 14:58:14,False,0,12,False,0,43,False,0.24,8.5
EDR-008605,AST-08605,2026-08-27 08:58:14,False,4,3,False,0,13,False,0.24,9.1
EDR-008606,AST-08606,2026-08-23 03:58:14,False,8,12,False,0,9,False,0.18,7.2
EDR-008607,AST-08607,2026-08-10 07:58:14,False,4,17,False,0,14,False,0.43,7.6
EDR-008608,AST-08608,2026-09-02 03:58:14,False,1,10,False,0,25,False,0.34,8.9
EDR-008609,AST-08609,2026-08-30 22:58:14,False,8,14,False,0,38,False,0.26,7.0
EDR-008610,AST-08610,2026-08-30 06:58:14,False,8,17,False,0,13,False,0.66,6.7
EDR-008611,AST-08611,2026-08-10 01:58:14,True,9,1,False,0,1,False,0.66,6.0
EDR-008612,AST-08612,2026-08-22 23:58:14,False,10,0,False,0,4,False,0.55,8.1
EDR-008613,AST-08613,2026-08-27 06:58:14,False,8,1,False,0,15,False,0.56,8.6
EDR-008614,AST-08614,2026-08-29 18:58:14,False,10,17,False,0,5,False,0.39,6.0
EDR-008615,AST-08615,2026-08-25 23:58:14,True,5,7,False,2,48,True,0.8,6.5
EDR-008616,AST-08616,2026-08-21 02:58:14,False,2,9,False,0,2,False,0.18,9.2
EDR-008617,AST-08617,2026-08-29 01:58:14,False,7,10,False,0,17,False,0.69,8.0
EDR-008618,AST-08618,2026-08-16 21:58:14,False,7,0,False,0,33,False,0.31,8.9
EDR-008619,AST-08619,2026-08-21 19:58:14,False,5,13,False,0,37,False,0.42,7.4
EDR-008620,AST-08620,2026-08-07 03:58:14,False,8,20,False,0,44,False,0.45,6.8
EDR-008621,AST-08621,2026-09-03 02:58:14,False,6,17,False,0,35,False,0.13,6.9
EDR-008622,AST-08622,2026-08-26 05:58:14,False,6,4,False,0,41,False,0.56,8.5
EDR-008623,AST-08623,2026-08-25 01:58:14,False,0,1,False,0,39,False,0.31,10
EDR-008624,AST-08624,2026-09-03 08:58:14,False,2,13,False,0,20,False,0.73,8.2
EDR-008625,AST-08625,2026-08-08 19:58:14,False,8,8,False,0,49,False,0.14,7.8
EDR-008626,AST-08626,2026-09-03 12:58:14,False,7,7,False,0,14,False,0.26,8.2
EDR-008627,AST-08627,2026-09-02 23:58:14,False,8,5,False,0,28,False,0.58,8.2
EDR-008628,AST-08628,2026-08-30 03:58:14,False,10,19,False,0,12,False,0.72,6.1
EDR-008629,AST-08629,2026-08-26 22:58:14,False,7,8,False,0,29,False,0.39,8.1
EDR-008630,AST-08630,2026-08-18 03:58:14,False,4,6,False,0,20,False,0.74,8.3
EDR-008631,AST-08631,2026-08-29 18:58:14,False,0,18,False,0,22,False,0.67,7.9
EDR-008632,AST-08632,2026-09-03 21:58:14,False,3,6,False,0,18,False,0.36,8.9
EDR-008633,AST-08633,2026-08-29 06:58:14,False,10,10,False,0,41,False,0.38,6.6
EDR-008634,AST-08634,2026-08-06 07:58:14,False,4,14,False,0,13,False,0.27,7.6
EDR-008635,AST-08635,2026-08-27 04:58:14,False,1,14,False,0,32,False,0.31,8.6
EDR-008636,AST-08636,2026-08-21 02:58:14,False,1,10,False,0,25,False,0.51,8.9
EDR-008637,AST-08637,2026-08-19 12:58:14,True,4,9,False,1,21,False,0.7,6.3
EDR-008638,AST-08638,2026-09-01 17:58:14,False,10,18,False,0,34,False,0.68,5.8
EDR-008639,AST-08639,2026-09-04 11:58:14,False,1,15,False,0,37,False,0.26,7.9
EDR-008640,AST-08640,2026-08-21 20:58:14,False,6,20,False,0,48,False,0.64,7.2
EDR-008641,AST-08641,2026-08-11 21:58:14,False,10,17,False,0,22,False,0.7,6.3
EDR-008642,AST-08642,2026-08-17 21:58:14,False,6,10,False,0,23,False,0.18,7.8
EDR-008643,AST-08643,2026-08-31 03:58:14,False,0,10,False,0,29,False,0.12,9.1
EDR-008644,AST-08644,2026-09-03 21:58:14,False,4,10,True,0,23,False,0.73,4.8
EDR-008645,AST-08645,2026-08-18 17:58:14,False,1,17,False,0,19,False,0.14,8.1
EDR-008646,AST-08646,2026-08-29 16:58:14,False,4,11,False,0,12,False,0.37,7.6
EDR-008647,AST-08647,2026-08-13 08:58:14,False,0,7,True,0,47,False,0.77,6.0
EDR-008648,AST-08648,2026-09-01 10:58:14,False,0,15,False,0,36,False,0.16,8.2
EDR-008649,AST-08649,2026-08-07 02:58:14,False,10,9,False,0,30,False,0.6,7.0
EDR-008650,AST-08650,2026-08-07 16:58:14,False,4,17,False,0,45,False,0.64,7.3
EDR-008651,AST-08651,2026-08-19 17:58:14,False,9,4,False,0,14,False,0.5,7.4
EDR-008652,AST-08652,2026-08-28 20:58:14,False,5,8,False,0,1,False,0.7,8.4
EDR-008653,AST-08653,2026-08-29 22:58:14,False,2,18,False,0,15,False,0.58,7.9
EDR-008654,AST-08654,2026-08-13 17:58:14,False,1,13,False,0,25,False,0.63,8.4
EDR-008655,AST-08655,2026-08-22 13:58:14,False,9,17,False,0,50,False,0.72,6.5
EDR-008656,AST-08656,2026-09-01 13:58:14,True,0,6,False,1,38,True,0.74,7.4
EDR-008657,AST-08657,2026-08-08 15:58:14,False,7,2,False,0,16,False,0.59,8.8
EDR-008658,AST-08658,2026-09-03 03:58:14,False,6,5,False,0,20,False,0.26,8.2
EDR-008659,AST-08659,2026-08-17 08:58:14,False,8,6,False,0,27,False,0.28,8.1
EDR-008660,AST-08660,2026-08-14 04:58:14,False,1,15,False,0,16,False,0.77,8.5
EDR-008661,AST-08661,2026-09-01 20:58:14,False,0,1,False,0,42,False,0.12,10
EDR-008662,AST-08662,2026-08-08 06:58:14,False,0,2,False,0,1,False,0.52,9.3
EDR-008663,AST-08663,2026-08-14 04:58:14,False,0,5,False,0,31,False,0.55,9.4
EDR-008664,AST-08664,2026-08-28 00:58:14,False,9,9,False,0,39,False,0.39,7.1
EDR-008665,AST-08665,2026-08-30 20:58:14,False,2,2,False,0,46,False,0.73,9.6
EDR-008666,AST-08666,2026-08-10 17:58:14,False,8,15,False,0,40,False,0.22,7.1
EDR-008667,AST-08667,2026-08-16 03:58:14,False,5,12,False,0,22,False,0.35,7.7
EDR-008668,AST-08668,2026-08-12 22:58:14,False,5,10,False,0,31,False,0.35,8.5
EDR-008669,AST-08669,2026-08-28 22:58:14,False,1,1,False,0,23,False,0.62,10
EDR-008670,AST-08670,2026-08-06 06:58:14,False,8,7,False,0,22,False,0.52,7.2
EDR-008671,AST-08671,2026-09-01 09:58:14,False,5,20,False,0,44,False,0.19,6.5
EDR-008672,AST-08672,2026-08-25 22:58:14,False,3,16,False,0,45,False,0.33,7.6
EDR-008673,AST-08673,2026-08-09 16:58:14,False,6,3,False,0,8,False,0.65,8.2
EDR-008674,AST-08674,2026-08-10 11:58:14,False,10,12,False,0,35,False,0.69,6.7
EDR-008675,AST-08675,2026-08-09 17:58:14,False,7,2,False,0,5,False,0.41,8.7
EDR-008676,AST-08676,2026-08-24 10:58:14,False,0,18,False,0,13,False,0.6,8.5
EDR-008677,AST-08677,2026-09-03 11:58:14,False,2,8,False,0,26,False,0.37,9.1
EDR-008678,AST-08678,2026-08-18 17:58:14,False,6,11,False,0,17,False,0.59,7.9
EDR-008679,AST-08679,2026-08-30 19:58:14,False,9,18,False,0,21,False,0.71,6.0
EDR-008680,AST-08680,2026-08-24 20:58:14,False,5,12,False,0,38,False,0.33,7.7
EDR-008681,AST-08681,2026-08-24 20:58:14,False,2,10,True,0,22,False,0.14,5.6
EDR-008682,AST-08682,2026-09-01 19:58:14,False,7,1,False,0,35,False,0.31,8.2
EDR-008683,AST-08683,2026-08-24 16:58:14,False,1,10,False,0,10,False,0.67,8.4
EDR-008684,AST-08684,2026-08-26 15:58:14,False,2,13,False,0,16,False,0.73,8.3
EDR-008685,AST-08685,2026-08-29 13:58:14,False,1,19,False,0,12,False,0.34,8.0
EDR-008686,AST-08686,2026-08-12 11:58:14,False,10,10,False,0,35,False,0.32,7.2
EDR-008687,AST-08687,2026-08-31 11:58:14,False,4,6,False,0,4,False,0.78,8.2
EDR-008688,AST-08688,2026-08-20 10:58:14,False,8,4,False,0,1,False,0.61,8.3
EDR-008689,AST-08689,2026-09-01 16:58:14,False,7,1,False,0,28,False,0.52,8.3
EDR-008690,AST-08690,2026-09-04 05:58:14,False,2,19,False,0,25,False,0.41,7.2
EDR-008691,AST-08691,2026-08-18 20:58:14,False,7,0,False,0,20,False,0.2,8.7
EDR-008692,AST-08692,2026-08-17 14:58:14,False,9,14,False,0,33,False,0.44,7.1
EDR-008693,AST-08693,2026-08-11 05:58:14,False,5,5,False,0,34,False,0.21,8.3
EDR-008694,AST-08694,2026-09-01 15:58:14,False,1,10,False,0,33,False,0.16,9.1
EDR-008695,AST-08695,2026-08-22 21:58:14,False,3,20,False,0,7,False,0.67,7.7
EDR-008696,AST-08696,2026-08-23 22:58:14,False,5,6,False,0,34,False,0.5,8.8
EDR-008697,AST-08697,2026-08-21 08:58:14,False,4,1,False,0,8,False,0.63,9.5
EDR-008698,AST-08698,2026-08-31 00:58:14,False,5,9,False,0,41,False,0.59,8.3
EDR-008699,AST-08699,2026-08-26 14:58:14,False,3,20,False,0,43,False,0.64,7.3
EDR-008700,AST-08700,2026-08-26 16:58:14,True,7,5,False,3,49,True,0.98,6.1
EDR-008701,AST-08701,2026-08-31 01:58:14,False,1,19,False,0,46,False,0.57,8.0
EDR-008702,AST-08702,2026-08-12 19:58:14,False,6,9,False,0,18,False,0.58,8.1
EDR-008703,AST-08703,2026-08-22 02:58:14,False,6,19,False,0,43,False,0.46,7.0
EDR-008704,AST-08704,2026-08-08 07:58:14,False,2,9,False,0,7,False,0.18,9.1
EDR-008705,AST-08705,2026-08-24 05:58:14,False,2,16,False,0,33,False,0.25,8.0
EDR-008706,AST-08706,2026-08-23 21:58:14,False,10,5,False,0,16,False,0.74,7.2
EDR-008707,AST-08707,2026-08-27 02:58:14,False,0,6,False,0,16,False,0.54,9.9
EDR-008708,AST-08708,2026-08-29 01:58:14,False,7,0,False,0,44,False,0.11,8.5
EDR-008709,AST-08709,2026-08-16 14:58:14,False,6,0,False,0,21,False,0.3,9.2
EDR-008710,AST-08710,2026-08-23 04:58:14,False,0,14,False,0,44,False,0.46,8.9
EDR-008711,AST-08711,2026-08-09 05:58:14,False,1,14,False,0,15,False,0.15,8.7
EDR-008712,AST-08712,2026-08-24 07:58:14,False,6,12,False,0,27,False,0.43,7.9
EDR-008713,AST-08713,2026-08-11 19:58:14,False,9,20,False,0,41,False,0.58,6.1
EDR-008714,AST-08714,2026-08-20 22:58:14,False,3,10,False,0,4,False,0.39,8.6
EDR-008715,AST-08715,2026-08-22 23:58:14,False,5,5,False,0,35,False,0.45,8.5
EDR-008716,AST-08716,2026-08-22 19:58:14,False,2,19,False,0,33,False,0.49,7.8
EDR-008717,AST-08717,2026-08-16 07:58:14,False,2,0,False,0,1,False,0.33,9.9
EDR-008718,AST-08718,2026-08-24 23:58:14,False,10,13,False,0,5,False,0.26,6.6
EDR-008719,AST-08719,2026-08-07 23:58:14,False,9,9,False,0,47,False,0.74,7.6
EDR-008720,AST-08720,2026-08-06 19:58:14,False,1,13,False,0,48,False,0.4,8.7
EDR-008721,AST-08721,2026-08-07 03:58:14,False,8,10,False,0,20,False,0.39,7.9
EDR-008722,AST-08722,2026-08-21 05:58:14,True,5,10,False,1,23,True,0.96,6.0
EDR-008723,AST-08723,2026-08-14 19:58:14,False,7,7,False,0,3,False,0.26,8.1
EDR-008724,AST-08724,2026-08-06 08:58:14,False,4,3,False,0,33,False,0.69,9.2
EDR-008725,AST-08725,2026-08-24 02:58:14,False,2,13,False,0,9,False,0.1,8.5
EDR-008726,AST-08726,2026-09-04 02:58:14,False,0,3,False,0,11,False,0.68,9.6
EDR-008727,AST-08727,2026-09-01 11:58:14,False,7,1,False,0,20,False,0.41,8.9
EDR-008728,AST-08728,2026-08-16 04:58:14,False,5,18,False,0,30,False,0.37,7.7
EDR-008729,AST-08729,2026-08-12 04:58:14,False,5,8,False,0,33,False,0.55,7.9
EDR-008730,AST-08730,2026-08-07 05:58:14,False,4,19,False,0,30,False,0.73,7.2
EDR-008731,AST-08731,2026-09-01 17:58:14,False,5,10,False,0,6,False,0.63,8.4
EDR-008732,AST-08732,2026-08-21 11:58:14,False,0,13,False,0,32,False,0.12,8.4
EDR-008733,AST-08733,2026-09-02 09:58:14,False,1,18,False,0,18,False,0.73,8.1
EDR-008734,AST-08734,2026-08-16 17:58:14,False,6,6,False,0,31,False,0.51,8.6
EDR-008735,AST-08735,2026-08-10 16:58:14,False,6,5,False,0,9,False,0.16,8.2
EDR-008736,AST-08736,2026-08-16 18:58:14,True,3,5,False,3,41,True,0.66,7.1
EDR-008737,AST-08737,2026-08-08 19:58:14,False,2,20,False,0,40,False,0.63,7.4
EDR-008738,AST-08738,2026-09-02 15:58:14,False,9,18,False,0,7,False,0.64,6.1
EDR-008739,AST-08739,2026-08-21 20:58:14,False,0,3,False,0,26,False,0.43,9.3
EDR-008740,AST-08740,2026-08-14 12:58:14,False,7,15,False,0,37,False,0.62,6.9
EDR-008741,AST-08741,2026-08-14 18:58:14,False,7,0,False,0,45,False,0.15,9.0
EDR-008742,AST-08742,2026-08-14 14:58:14,False,2,15,False,0,3,False,0.59,8.6
EDR-008743,AST-08743,2026-08-16 07:58:14,False,7,20,False,0,25,False,0.34,7.0
EDR-008744,AST-08744,2026-08-18 13:58:14,False,1,0,False,0,20,False,0.37,9.7
EDR-008745,AST-08745,2026-08-26 23:58:14,False,4,2,False,0,25,False,0.34,9.1
EDR-008746,AST-08746,2026-09-03 09:58:14,False,4,6,False,0,21,False,0.16,8.5
EDR-008747,AST-08747,2026-08-11 12:58:14,False,3,1,False,0,31,False,0.31,9.4
EDR-008748,AST-08748,2026-09-04 09:58:14,False,1,8,False,0,23,False,0.74,9.2
EDR-008749,AST-08749,2026-08-19 21:58:14,False,10,2,False,0,14,False,0.22,8.2
EDR-008750,AST-08750,2026-08-07 15:58:14,False,7,17,False,0,8,False,0.51,7.3
EDR-008751,AST-08751,2026-08-27 01:58:14,False,2,15,False,0,7,False,0.76,8.0
EDR-008752,AST-08752,2026-08-14 05:58:14,False,0,14,False,0,42,False,0.6,8.8
EDR-008753,AST-08753,2026-08-12 16:58:14,False,5,1,False,0,5,False,0.53,9.2
EDR-008754,AST-08754,2026-08-08 20:58:14,True,4,2,False,0,11,True,0.89,6.9
EDR-008755,AST-08755,2026-08-28 12:58:14,False,7,16,False,0,45,False,0.21,6.6
EDR-008756,AST-08756,2026-08-06 19:58:14,False,9,3,False,0,20,False,0.42,7.8
EDR-008757,AST-08757,2026-09-01 05:58:14,False,1,0,False,0,8,False,0.24,9.3
EDR-008758,AST-08758,2026-08-24 22:58:14,False,10,3,False,0,17,False,0.29,7.9
EDR-008759,AST-08759,2026-09-03 07:58:14,False,5,19,False,0,41,False,0.38,7.1
EDR-008760,AST-08760,2026-08-29 20:58:14,False,9,9,False,0,8,False,0.71,7.3
EDR-008761,AST-08761,2026-08-09 18:58:14,False,4,20,False,0,29,False,0.33,7.4
EDR-008762,AST-08762,2026-08-23 20:58:14,False,4,7,False,0,31,False,0.68,8.8
EDR-008763,AST-08763,2026-08-30 12:58:14,False,6,13,False,0,22,False,0.14,7.9
EDR-008764,AST-08764,2026-08-13 12:58:14,False,1,6,False,0,7,False,0.7,9.1
EDR-008765,AST-08765,2026-08-29 02:58:14,False,3,9,False,0,45,False,0.47,8.2
EDR-008766,AST-08766,2026-08-12 10:58:14,False,5,5,False,0,20,False,0.7,8.5
EDR-008767,AST-08767,2026-08-05 22:58:14,False,6,6,False,0,10,False,0.36,8.7
EDR-008768,AST-08768,2026-08-22 19:58:14,False,10,20,False,0,40,False,0.19,6.4
EDR-008769,AST-08769,2026-08-23 19:58:14,False,0,16,False,0,33,False,0.55,8.2
EDR-008770,AST-08770,2026-08-18 06:58:14,False,6,6,False,0,7,False,0.18,8.1
EDR-008771,AST-08771,2026-08-08 21:58:14,False,4,14,False,0,8,False,0.59,7.9
EDR-008772,AST-08772,2026-08-17 21:58:14,False,10,10,False,0,32,False,0.12,6.6
EDR-008773,AST-08773,2026-08-06 01:58:14,False,3,0,False,0,6,False,0.46,9.6
EDR-008774,AST-08774,2026-08-17 13:58:14,False,1,14,True,0,16,False,0.58,5.3
EDR-008775,AST-08775,2026-09-03 16:58:14,False,4,10,False,0,20,False,0.66,7.8
EDR-008776,AST-08776,2026-08-13 00:58:14,False,4,13,False,0,1,False,0.39,8.1
EDR-008777,AST-08777,2026-08-19 08:58:14,False,0,6,False,0,27,False,0.73,9.7
EDR-008778,AST-08778,2026-08-18 22:58:14,False,5,19,True,0,11,False,0.11,4.6
EDR-008779,AST-08779,2026-08-22 18:58:14,False,3,17,False,0,8,False,0.14,8.0
EDR-008780,AST-08780,2026-08-08 06:58:14,False,2,7,True,0,6,False,0.62,5.4
EDR-008781,AST-08781,2026-08-14 11:58:14,False,8,16,False,0,24,False,0.67,6.9
EDR-008782,AST-08782,2026-08-14 08:58:14,False,5,5,False,0,22,False,0.35,8.6
EDR-008783,AST-08783,2026-08-05 18:58:14,False,1,5,False,0,17,False,0.55,9.5
EDR-008784,AST-08784,2026-08-23 21:58:14,False,3,14,False,0,8,False,0.27,8.2
EDR-008785,AST-08785,2026-08-11 22:58:14,False,7,3,False,0,45,False,0.5,8.5
EDR-008786,AST-08786,2026-08-19 00:58:14,True,9,6,False,3,49,True,0.98,5.8
EDR-008787,AST-08787,2026-08-28 07:58:14,False,9,7,False,0,38,False,0.77,7.8
EDR-008788,AST-08788,2026-08-11 12:58:14,False,0,15,False,0,31,False,0.67,8.8
EDR-008789,AST-08789,2026-08-17 00:58:14,False,6,9,False,0,30,False,0.71,7.8
EDR-008790,AST-08790,2026-08-07 21:58:14,False,6,15,False,0,2,False,0.32,7.7
EDR-008791,AST-08791,2026-08-20 22:58:14,False,2,19,False,0,17,False,0.52,7.9
EDR-008792,AST-08792,2026-08-23 21:58:14,False,6,14,False,0,11,False,0.47,7.7
EDR-008793,AST-08793,2026-08-11 04:58:14,False,3,13,False,0,1,False,0.65,8.0
EDR-008794,AST-08794,2026-08-28 15:58:14,False,0,1,False,0,28,False,0.45,9.6
EDR-008795,AST-08795,2026-09-04 15:58:14,False,3,3,False,0,2,False,0.64,8.7
EDR-008796,AST-08796,2026-09-02 21:58:14,False,2,13,False,0,39,False,0.41,8.6
EDR-008797,AST-08797,2026-08-25 23:58:14,False,3,2,False,0,47,False,0.48,9.4
EDR-008798,AST-08798,2026-08-14 00:58:14,False,8,20,False,0,18,False,0.59,6.3
EDR-008799,AST-08799,2026-08-27 09:58:14,False,1,6,False,0,0,False,0.7,9.5
EDR-008800,AST-08800,2026-08-14 10:58:14,False,8,6,False,0,11,False,0.26,7.5
EDR-008801,AST-08801,2026-08-31 10:58:14,False,3,9,False,0,6,False,0.65,9.0
EDR-008802,AST-08802,2026-08-13 11:58:14,False,5,13,False,0,10,False,0.58,7.7
EDR-008803,AST-08803,2026-08-10 07:58:14,False,5,0,False,0,35,False,0.25,9.0
EDR-008804,AST-08804,2026-08-22 08:58:14,False,8,13,False,0,35,False,0.28,7.4
EDR-008805,AST-08805,2026-08-21 02:58:14,False,0,6,False,0,32,False,0.26,9.3
EDR-008806,AST-08806,2026-08-21 03:58:14,False,9,4,False,0,44,False,0.74,7.6
EDR-008807,AST-08807,2026-08-27 20:58:14,False,0,12,False,0,38,False,0.5,9.1
EDR-008808,AST-08808,2026-08-07 05:58:14,False,0,11,False,0,19,False,0.71,8.7
EDR-008809,AST-08809,2026-09-01 03:58:14,False,7,8,False,0,29,False,0.71,7.6
EDR-008810,AST-08810,2026-09-03 17:58:14,False,2,16,False,0,2,False,0.42,8.3
EDR-008811,AST-08811,2026-08-24 03:58:14,False,3,9,False,0,9,False,0.17,9.0
EDR-008812,AST-08812,2026-08-24 13:58:14,False,8,0,False,0,38,False,0.19,8.8
EDR-008813,AST-08813,2026-08-20 12:58:14,False,6,0,False,0,50,False,0.61,9.0
EDR-008814,AST-08814,2026-08-31 13:58:14,False,9,4,True,0,14,False,0.55,4.4
EDR-008815,AST-08815,2026-08-24 01:58:14,False,10,8,False,0,25,False,0.28,7.1
EDR-008816,AST-08816,2026-09-04 03:58:14,False,9,16,False,0,18,False,0.34,6.8
EDR-008817,AST-08817,2026-08-31 08:58:14,False,2,12,False,0,37,False,0.71,8.5
EDR-008818,AST-08818,2026-08-25 12:58:14,False,9,7,False,0,41,False,0.14,7.4
EDR-008819,AST-08819,2026-08-22 06:58:14,False,5,1,False,0,32,False,0.2,8.7
EDR-008820,AST-08820,2026-08-16 07:58:14,False,5,6,False,0,25,False,0.22,8.6
EDR-008821,AST-08821,2026-08-23 07:58:14,True,5,0,False,0,11,True,0.91,6.5
EDR-008822,AST-08822,2026-08-09 02:58:14,False,0,16,False,0,32,False,0.55,8.7
EDR-008823,AST-08823,2026-08-14 22:58:14,True,0,5,False,1,36,True,0.95,7.9
EDR-008824,AST-08824,2026-08-10 17:58:14,False,5,8,False,0,32,False,0.75,8.6
EDR-008825,AST-08825,2026-08-22 15:58:14,False,9,15,False,0,34,False,0.54,6.8
EDR-008826,AST-08826,2026-08-22 20:58:14,False,4,16,False,0,46,False,0.63,7.7
EDR-008827,AST-08827,2026-08-22 10:58:14,False,5,1,False,0,29,False,0.73,9.0
EDR-008828,AST-08828,2026-08-29 01:58:14,False,9,13,False,0,44,False,0.21,6.6
EDR-008829,AST-08829,2026-08-21 18:58:14,False,8,18,False,0,44,False,0.17,6.5
EDR-008830,AST-08830,2026-08-06 22:58:14,False,1,17,False,0,32,False,0.28,7.6
EDR-008831,AST-08831,2026-09-04 13:58:14,False,7,7,False,0,20,False,0.75,8.2
EDR-008832,AST-08832,2026-08-21 18:58:14,False,6,7,True,0,27,False,0.16,5.1
EDR-008833,AST-08833,2026-08-08 05:58:14,False,7,17,False,0,18,False,0.31,6.9
EDR-008834,AST-08834,2026-09-02 21:58:14,False,4,4,False,0,19,False,0.6,8.8
EDR-008835,AST-08835,2026-08-14 00:58:14,False,4,10,False,0,45,False,0.19,8.6
EDR-008836,AST-08836,2026-08-30 11:58:14,False,9,8,False,0,15,False,0.72,7.4
EDR-008837,AST-08837,2026-08-22 14:58:14,False,9,13,False,0,32,False,0.27,7.2
EDR-008838,AST-08838,2026-08-29 09:58:14,False,5,8,False,0,36,False,0.48,7.7
EDR-008839,AST-08839,2026-08-07 10:58:14,False,7,11,False,0,16,False,0.42,7.2
EDR-008840,AST-08840,2026-09-03 15:58:14,False,6,1,False,0,28,False,0.79,8.5
EDR-008841,AST-08841,2026-08-26 16:58:14,False,8,6,False,0,7,False,0.79,7.6
EDR-008842,AST-08842,2026-08-05 17:58:14,False,0,4,False,0,49,False,0.58,9.1
EDR-008843,AST-08843,2026-08-14 22:58:14,False,8,8,False,0,15,False,0.33,7.9
EDR-008844,AST-08844,2026-08-14 02:58:14,False,1,7,False,0,31,False,0.75,9.2
EDR-008845,AST-08845,2026-08-30 19:58:14,False,6,5,False,0,13,False,0.79,8.2
EDR-008846,AST-08846,2026-09-02 15:58:14,False,2,0,False,0,48,False,0.27,10.0
EDR-008847,AST-08847,2026-08-19 01:58:14,False,7,13,False,0,50,False,0.19,7.0
EDR-008848,AST-08848,2026-09-03 12:58:14,False,8,13,False,0,42,False,0.65,7.1
EDR-008849,AST-08849,2026-08-13 01:58:14,False,5,3,False,0,46,False,0.21,8.6
EDR-008850,AST-08850,2026-09-03 14:58:14,False,0,12,False,0,5,False,0.59,9.0
EDR-008851,AST-08851,2026-08-31 13:58:14,False,7,0,True,0,36,False,0.5,5.4
EDR-008852,AST-08852,2026-09-03 17:58:14,False,7,1,False,0,43,False,0.25,8.4
EDR-008853,AST-08853,2026-08-22 18:58:14,False,10,0,False,0,48,False,0.19,8.2
EDR-008854,AST-08854,2026-09-02 12:58:14,False,3,19,False,0,16,False,0.66,7.7
EDR-008855,AST-08855,2026-08-19 11:58:14,False,7,9,False,0,20,False,0.36,7.7
EDR-008856,AST-08856,2026-08-12 06:58:14,False,7,14,False,0,37,False,0.29,7.0
EDR-008857,AST-08857,2026-08-25 11:58:14,True,2,4,False,1,46,True,0.77,7.4
EDR-008858,AST-08858,2026-08-16 01:58:14,False,2,1,False,0,16,False,0.62,10.0
EDR-008859,AST-08859,2026-09-03 10:58:14,False,0,7,False,0,35,False,0.54,9.2
EDR-008860,AST-08860,2026-08-15 02:58:14,False,2,12,False,0,1,False,0.5,8.4
EDR-008861,AST-08861,2026-08-14 05:58:14,False,10,17,False,0,19,False,0.15,6.8
EDR-008862,AST-08862,2026-09-01 02:58:14,False,5,20,False,0,39,False,0.43,6.9
EDR-008863,AST-08863,2026-08-19 21:58:14,False,5,6,False,0,14,False,0.31,8.3
EDR-008864,AST-08864,2026-09-02 02:58:14,False,8,7,False,0,1,False,0.14,8.2
EDR-008865,AST-08865,2026-08-27 02:58:14,False,8,7,False,0,50,False,0.46,7.5
EDR-008866,AST-08866,2026-08-10 17:58:14,False,3,17,False,0,41,False,0.75,7.9
EDR-008867,AST-08867,2026-08-11 23:58:14,False,4,11,False,0,18,False,0.17,8.1
EDR-008868,AST-08868,2026-08-23 16:58:14,False,1,4,False,0,36,False,0.75,9.8
EDR-008869,AST-08869,2026-08-24 12:58:14,False,5,6,False,0,6,False,0.63,8.5
EDR-008870,AST-08870,2026-08-30 17:58:14,False,2,3,False,0,42,False,0.14,9.2
EDR-008871,AST-08871,2026-08-14 12:58:14,False,8,2,False,0,7,False,0.17,8.6
EDR-008872,AST-08872,2026-08-17 23:58:14,False,0,13,False,0,3,False,0.39,8.5
EDR-008873,AST-08873,2026-08-19 18:58:14,False,4,20,False,0,41,False,0.33,7.0
EDR-008874,AST-08874,2026-08-16 22:58:14,False,2,10,False,0,8,False,0.24,8.2
EDR-008875,AST-08875,2026-08-22 08:58:14,False,0,6,False,0,25,False,0.17,9.6
EDR-008876,AST-08876,2026-08-07 13:58:14,False,10,20,False,0,28,False,0.32,5.7
EDR-008877,AST-08877,2026-08-22 05:58:14,False,9,3,False,0,25,False,0.46,7.9
EDR-008878,AST-08878,2026-09-04 00:58:14,False,7,7,False,0,23,False,0.11,8.2
EDR-008879,AST-08879,2026-08-18 15:58:14,False,1,15,False,0,46,False,0.71,8.0
EDR-008880,AST-08880,2026-08-23 17:58:14,False,2,19,True,0,23,False,0.4,4.9
EDR-008881,AST-08881,2026-08-25 19:58:14,False,8,15,True,0,0,False,0.37,3.6
EDR-008882,AST-08882,2026-08-15 14:58:14,False,10,10,False,0,8,False,0.64,6.9
EDR-008883,AST-08883,2026-08-19 01:58:14,False,5,2,False,0,36,False,0.42,8.6
EDR-008884,AST-08884,2026-08-21 23:58:14,False,3,7,False,0,23,False,0.62,8.5
EDR-008885,AST-08885,2026-08-12 21:58:14,False,4,20,False,0,32,False,0.25,7.3
EDR-008886,AST-08886,2026-08-19 22:58:14,False,4,12,False,0,0,False,0.78,8.3
EDR-008887,AST-08887,2026-08-05 22:58:14,False,9,15,False,0,25,False,0.65,6.5
EDR-008888,AST-08888,2026-09-02 16:58:14,False,5,19,False,0,8,False,0.16,6.9
EDR-008889,AST-08889,2026-08-24 00:58:14,False,9,1,False,0,40,False,0.72,8.3
EDR-008890,AST-08890,2026-08-13 18:58:14,False,6,19,False,0,20,False,0.47,6.7
EDR-008891,AST-08891,2026-08-13 22:58:14,False,10,1,False,0,20,False,0.48,8.0
EDR-008892,AST-08892,2026-08-18 18:58:14,False,7,12,False,0,4,False,0.56,7.8
EDR-008893,AST-08893,2026-08-07 16:58:14,False,0,14,False,0,46,False,0.53,8.9
EDR-008894,AST-08894,2026-08-12 00:58:14,False,5,8,False,0,38,False,0.52,8.3
EDR-008895,AST-08895,2026-08-11 11:58:14,False,6,12,False,0,42,False,0.62,7.7
EDR-008896,AST-08896,2026-08-07 18:58:14,False,6,5,False,0,33,False,0.61,7.9
EDR-008897,AST-08897,2026-08-16 07:58:14,False,2,8,False,0,2,False,0.69,8.9
EDR-008898,AST-08898,2026-08-25 21:58:14,False,0,0,False,0,2,False,0.45,10
EDR-008899,AST-08899,2026-08-10 21:58:14,False,0,17,False,0,41,False,0.16,8.7
EDR-008900,AST-08900,2026-08-24 03:58:14,False,1,7,False,0,49,False,0.49,8.8
EDR-008901,AST-08901,2026-09-03 07:58:14,False,0,1,False,0,11,False,0.68,9.8
EDR-008902,AST-08902,2026-08-28 18:58:14,False,8,19,False,0,1,False,0.21,6.7
EDR-008903,AST-08903,2026-08-17 08:58:14,False,9,7,False,0,45,False,0.72,7.2
EDR-008904,AST-08904,2026-08-26 01:58:14,False,7,18,False,0,2,False,0.7,7.1
EDR-008905,AST-08905,2026-08-30 10:58:14,False,0,15,False,0,40,False,0.56,8.8
EDR-008906,AST-08906,2026-08-14 15:58:14,False,8,14,False,0,43,False,0.15,7.5
EDR-008907,AST-08907,2026-08-07 00:58:14,False,8,6,False,0,45,False,0.17,8.2
EDR-008908,AST-08908,2026-09-02 06:58:14,False,9,13,False,0,48,False,0.53,7.3
EDR-008909,AST-08909,2026-08-25 20:58:14,False,1,14,False,0,27,False,0.32,8.2
EDR-008910,AST-08910,2026-08-25 10:58:14,False,8,6,False,0,10,False,0.59,7.9
EDR-008911,AST-08911,2026-09-03 02:58:14,False,5,7,False,0,30,False,0.13,8.3
EDR-008912,AST-08912,2026-08-25 09:58:14,False,6,14,False,0,42,False,0.55,7.6
EDR-008913,AST-08913,2026-08-26 13:58:14,False,10,1,False,0,27,False,0.65,7.7
EDR-008914,AST-08914,2026-08-13 02:58:14,False,2,19,False,0,40,False,0.66,7.2
EDR-008915,AST-08915,2026-09-01 19:58:14,False,8,13,False,0,35,False,0.56,7.0
EDR-008916,AST-08916,2026-08-29 23:58:14,False,7,8,False,0,18,False,0.16,7.9
EDR-008917,AST-08917,2026-08-15 07:58:14,False,7,7,False,0,13,False,0.21,8.2
EDR-008918,AST-08918,2026-08-29 17:58:14,False,1,3,False,0,24,False,0.67,9.3
EDR-008919,AST-08919,2026-08-24 09:58:14,False,3,17,False,0,18,False,0.79,7.6
EDR-008920,AST-08920,2026-08-20 09:58:14,False,7,6,False,0,49,False,0.13,8.2
EDR-008921,AST-08921,2026-08-19 07:58:14,False,4,5,False,0,40,False,0.7,8.7
EDR-008922,AST-08922,2026-08-31 13:58:14,False,3,9,False,0,49,False,0.7,8.6
EDR-008923,AST-08923,2026-09-01 10:58:14,False,0,18,False,0,34,False,0.8,8.3
EDR-008924,AST-08924,2026-08-10 08:58:14,False,1,14,False,0,34,False,0.32,8.1
EDR-008925,AST-08925,2026-08-29 13:58:14,False,3,9,False,0,24,False,0.6,8.2
EDR-008926,AST-08926,2026-08-12 01:58:14,False,1,5,False,0,34,False,0.56,9.4
EDR-008927,AST-08927,2026-08-24 18:58:14,False,6,5,False,0,12,False,0.61,7.9
EDR-008928,AST-08928,2026-08-29 11:58:14,False,3,2,False,0,17,False,0.58,9.1
EDR-008929,AST-08929,2026-09-01 14:58:14,False,1,18,False,0,24,False,0.65,8.2
EDR-008930,AST-08930,2026-08-08 08:58:14,False,5,3,False,0,39,False,0.5,8.9
EDR-008931,AST-08931,2026-08-16 23:58:14,False,4,15,False,0,6,False,0.13,7.3
EDR-008932,AST-08932,2026-08-07 08:58:14,False,10,3,False,0,17,False,0.32,7.5
EDR-008933,AST-08933,2026-08-08 11:58:14,False,10,17,False,0,26,False,0.67,6.7
EDR-008934,AST-08934,2026-08-26 05:58:14,False,8,3,False,0,3,False,0.32,8.1
EDR-008935,AST-08935,2026-08-31 15:58:14,False,7,17,False,0,34,False,0.19,6.7
EDR-008936,AST-08936,2026-08-26 04:58:14,False,10,17,False,0,11,False,0.27,6.7
EDR-008937,AST-08937,2026-08-20 01:58:14,False,2,20,False,0,12,False,0.59,7.6
EDR-008938,AST-08938,2026-09-02 06:58:14,False,9,14,False,0,12,False,0.4,7.0
EDR-008939,AST-08939,2026-08-13 13:58:14,False,1,12,False,0,21,False,0.24,9.0
EDR-008940,AST-08940,2026-08-14 23:58:14,False,8,4,False,0,31,False,0.2,7.5
EDR-008941,AST-08941,2026-08-14 03:58:14,False,0,16,False,0,42,False,0.47,8.3
EDR-008942,AST-08942,2026-08-21 19:58:14,False,4,12,False,0,15,False,0.45,7.7
EDR-008943,AST-08943,2026-08-31 18:58:14,False,5,18,False,0,46,False,0.44,7.3
EDR-008944,AST-08944,2026-08-30 00:58:14,False,3,8,False,0,43,False,0.52,9.0
EDR-008945,AST-08945,2026-09-03 19:58:14,False,5,5,False,0,41,False,0.52,8.7
EDR-008946,AST-08946,2026-08-14 06:58:14,False,5,20,False,0,1,False,0.7,6.7
EDR-008947,AST-08947,2026-08-22 14:58:14,False,3,2,False,0,39,False,0.27,9.3
EDR-008948,AST-08948,2026-08-19 06:58:14,False,1,9,False,0,31,False,0.63,8.6
EDR-008949,AST-08949,2026-09-01 06:58:14,False,6,19,False,0,32,False,0.56,6.6
EDR-008950,AST-08950,2026-08-06 03:58:14,False,9,10,False,0,37,False,0.21,7.0
EDR-008951,AST-08951,2026-08-20 11:58:14,False,3,20,False,0,8,False,0.37,6.9
EDR-008952,AST-08952,2026-08-27 00:58:14,False,3,0,False,0,43,False,0.56,9.5
EDR-008953,AST-08953,2026-08-27 21:58:14,False,10,6,False,0,28,False,0.7,7.8
EDR-008954,AST-08954,2026-09-04 14:58:14,False,10,5,False,0,15,False,0.39,7.1
EDR-008955,AST-08955,2026-08-30 12:58:14,False,0,7,False,0,20,False,0.62,9.5
EDR-008956,AST-08956,2026-08-21 16:58:14,False,8,0,False,0,3,False,0.19,8.3
EDR-008957,AST-08957,2026-08-12 02:58:14,False,5,8,False,0,18,False,0.69,7.8
EDR-008958,AST-08958,2026-08-09 14:58:14,False,4,18,False,0,27,False,0.2,7.7
EDR-008959,AST-08959,2026-08-06 14:58:14,False,3,3,False,0,29,False,0.67,9.4
EDR-008960,AST-08960,2026-08-09 16:58:14,False,3,9,False,0,50,False,0.4,8.5
EDR-008961,AST-08961,2026-08-22 05:58:14,False,9,2,True,0,15,False,0.7,4.9
EDR-008962,AST-08962,2026-08-09 01:58:14,False,2,8,False,0,5,False,0.43,9.1
EDR-008963,AST-08963,2026-09-03 14:58:14,False,5,3,False,0,10,False,0.24,8.5
EDR-008964,AST-08964,2026-08-09 10:58:14,False,5,13,False,0,33,False,0.41,7.9
EDR-008965,AST-08965,2026-08-07 00:58:14,False,8,12,False,0,34,False,0.7,6.9
EDR-008966,AST-08966,2026-08-13 01:58:14,False,9,16,False,0,24,False,0.33,6.9
EDR-008967,AST-08967,2026-08-26 03:58:14,False,4,13,False,0,3,False,0.46,8.2
EDR-008968,AST-08968,2026-08-30 07:58:14,False,7,12,False,0,1,False,0.75,7.8
EDR-008969,AST-08969,2026-08-26 02:58:14,False,7,13,False,0,11,False,0.32,7.2
EDR-008970,AST-08970,2026-09-02 12:58:14,False,1,8,False,0,39,False,0.12,9.0
EDR-008971,AST-08971,2026-08-10 00:58:14,False,9,20,False,0,0,False,0.47,5.8
EDR-008972,AST-08972,2026-08-07 03:58:14,False,0,9,False,0,47,False,0.56,8.7
EDR-008973,AST-08973,2026-08-18 09:58:14,False,6,18,False,0,37,False,0.69,7.4
EDR-008974,AST-08974,2026-08-28 19:58:14,False,4,20,False,0,37,False,0.24,6.8
EDR-008975,AST-08975,2026-08-17 21:58:14,False,5,19,False,0,26,False,0.56,7.3
EDR-008976,AST-08976,2026-08-22 11:58:14,False,3,12,False,0,3,False,0.22,8.1
EDR-008977,AST-08977,2026-08-22 22:58:14,False,7,17,False,0,9,False,0.39,6.9
EDR-008978,AST-08978,2026-08-29 03:58:14,False,5,15,False,0,32,False,0.62,7.5
EDR-008979,AST-08979,2026-08-11 01:58:14,False,1,9,False,0,12,False,0.35,8.6
EDR-008980,AST-08980,2026-08-07 00:58:14,False,5,5,False,0,16,False,0.33,8.4
EDR-008981,AST-08981,2026-08-31 02:58:14,False,8,20,False,0,23,False,0.78,6.8
EDR-008982,AST-08982,2026-08-06 19:58:14,False,9,13,False,0,43,False,0.53,7.1
EDR-008983,AST-08983,2026-08-12 06:58:14,False,7,2,False,0,21,False,0.48,8.5
EDR-008984,AST-08984,2026-08-19 17:58:14,False,3,2,False,0,5,False,0.63,8.9
EDR-008985,AST-08985,2026-08-06 22:58:14,False,1,19,False,0,33,False,0.48,7.4
EDR-008986,AST-08986,2026-09-02 17:58:14,False,6,13,False,0,26,False,0.35,7.6
EDR-008987,AST-08987,2026-08-24 12:58:14,False,9,14,False,0,40,False,0.51,6.3
EDR-008988,AST-08988,2026-08-30 01:58:14,False,0,6,False,0,40,False,0.53,9.6
EDR-008989,AST-08989,2026-08-10 11:58:14,False,1,14,False,0,34,False,0.23,8.5
EDR-008990,AST-08990,2026-08-25 13:58:14,False,6,0,False,0,41,False,0.72,9.0
EDR-008991,AST-08991,2026-08-17 08:58:14,False,10,16,False,0,0,False,0.73,6.8
EDR-008992,AST-08992,2026-08-17 13:58:14,False,2,17,False,0,36,False,0.13,8.0
EDR-008993,AST-08993,2026-08-09 04:58:14,True,0,7,False,0,4,False,0.71,7.4
EDR-008994,AST-08994,2026-08-31 06:58:14,False,6,15,False,0,8,False,0.23,6.8
EDR-008995,AST-08995,2026-08-19 09:58:14,False,2,12,False,0,35,False,0.58,8.3
EDR-008996,AST-08996,2026-08-16 12:58:14,False,5,5,False,0,47,False,0.64,8.6
EDR-008997,AST-08997,2026-08-17 12:58:14,False,2,7,False,0,34,False,0.16,8.7
EDR-008998,AST-08998,2026-09-02 05:58:14,False,5,6,False,0,25,False,0.43,8.7
EDR-008999,AST-08999,2026-08-12 21:58:14,False,9,1,False,0,14,False,0.65,8.0
EDR-009000,AST-09000,2026-08-09 08:58:14,False,9,2,False,0,0,False,0.17,7.5
EDR-009001,AST-09001,2026-08-31 23:58:14,False,7,14,False,0,22,False,0.69,7.0
EDR-009002,AST-09002,2026-08-22 12:58:14,False,5,13,False,0,45,False,0.2,7.8
EDR-009003,AST-09003,2026-08-22 03:58:14,False,9,9,False,0,44,False,0.7,7.4
EDR-009004,AST-09004,2026-08-06 05:58:14,False,3,10,False,0,41,False,0.21,8.1
EDR-009005,AST-09005,2026-08-08 14:58:14,False,10,9,False,0,47,False,0.75,6.7
EDR-009006,AST-09006,2026-08-22 08:58:14,False,0,8,False,0,47,False,0.6,9.2
EDR-009007,AST-09007,2026-08-21 11:58:14,False,4,4,False,0,27,False,0.66,8.7
EDR-009008,AST-09008,2026-08-15 04:58:14,False,6,7,False,0,17,False,0.32,7.7
EDR-009009,AST-09009,2026-08-13 03:58:14,False,5,0,False,0,43,False,0.51,9.1
EDR-009010,AST-09010,2026-08-06 05:58:14,False,5,12,False,0,29,False,0.39,8.2
EDR-009011,AST-09011,2026-08-19 02:58:14,False,2,11,False,0,4,False,0.14,8.6
EDR-009012,AST-09012,2026-09-03 15:58:14,False,0,7,False,0,26,False,0.72,9.6
EDR-009013,AST-09013,2026-08-21 00:58:14,False,1,15,False,0,37,False,0.15,7.9
EDR-009014,AST-09014,2026-08-26 07:58:14,False,0,8,False,0,12,False,0.59,9.4
EDR-009015,AST-09015,2026-09-04 12:58:14,False,8,3,False,0,41,False,0.71,7.9
EDR-009016,AST-09016,2026-08-31 15:58:14,False,10,10,False,0,10,False,0.29,6.6
EDR-009017,AST-09017,2026-08-06 09:58:14,False,5,1,False,0,37,False,0.39,9.2
EDR-009018,AST-09018,2026-08-28 00:58:14,False,4,7,False,0,22,False,0.58,8.8
EDR-009019,AST-09019,2026-08-09 20:58:14,False,4,19,False,0,25,False,0.65,7.4
EDR-009020,AST-09020,2026-08-29 16:58:14,False,1,12,False,0,9,False,0.35,8.7
EDR-009021,AST-09021,2026-08-30 01:58:14,False,1,10,False,0,24,False,0.51,9.1
EDR-009022,AST-09022,2026-08-16 07:58:14,False,10,2,False,0,20,False,0.68,8.0
EDR-009023,AST-09023,2026-09-03 13:58:14,False,2,0,False,0,15,False,0.52,10
EDR-009024,AST-09024,2026-08-17 04:58:14,True,0,15,False,0,32,False,0.98,6.1
EDR-009025,AST-09025,2026-08-18 17:58:14,False,0,20,False,0,19,False,0.61,7.6
EDR-009026,AST-09026,2026-08-31 10:58:14,False,1,20,False,0,3,False,0.19,8.3
EDR-009027,AST-09027,2026-08-14 17:58:14,False,7,11,False,0,14,False,0.19,7.6
EDR-009028,AST-09028,2026-09-01 12:58:14,True,9,0,False,3,37,True,0.62,5.9
EDR-009029,AST-09029,2026-08-30 05:58:14,False,4,20,False,0,36,False,0.42,7.2
EDR-009030,AST-09030,2026-08-08 00:58:14,False,7,4,False,0,30,False,0.42,7.7
EDR-009031,AST-09031,2026-09-04 00:58:14,False,5,11,False,0,42,False,0.69,7.5
EDR-009032,AST-09032,2026-08-12 00:58:14,False,8,5,False,0,37,False,0.12,7.5
EDR-009033,AST-09033,2026-08-11 04:58:14,False,8,12,False,0,49,False,0.74,6.8
EDR-009034,AST-09034,2026-08-25 21:58:14,False,7,4,False,0,35,False,0.58,8.1
EDR-009035,AST-09035,2026-08-08 22:58:14,False,7,11,False,0,17,False,0.64,7.2
EDR-009036,AST-09036,2026-08-12 04:58:14,True,6,11,False,0,22,False,0.67,5.9
EDR-009037,AST-09037,2026-09-03 00:58:14,False,6,15,False,0,25,False,0.38,7.4
EDR-009038,AST-09038,2026-08-31 10:58:14,True,5,11,False,0,20,True,0.79,5.9
EDR-009039,AST-09039,2026-08-19 16:58:14,False,8,19,False,0,40,False,0.51,6.9
EDR-009040,AST-09040,2026-08-19 05:58:14,False,8,2,False,0,2,False,0.73,8.3
EDR-009041,AST-09041,2026-08-08 17:58:14,True,0,6,False,2,26,True,0.81,7.1
EDR-009042,AST-09042,2026-08-11 13:58:14,False,3,9,False,0,15,False,0.22,8.7
EDR-009043,AST-09043,2026-08-11 05:58:14,False,7,3,False,0,33,False,0.18,8.6
EDR-009044,AST-09044,2026-08-19 04:58:14,True,6,4,False,0,8,True,0.69,6.2
EDR-009045,AST-09045,2026-09-03 05:58:14,False,7,5,False,0,39,False,0.36,7.6
EDR-009046,AST-09046,2026-08-05 20:58:14,True,1,18,False,3,50,False,0.93,5.9
EDR-009047,AST-09047,2026-09-01 04:58:14,False,0,7,False,0,18,False,0.77,9.2
EDR-009048,AST-09048,2026-08-12 11:58:14,False,0,7,False,0,0,False,0.3,9.8
EDR-009049,AST-09049,2026-08-19 06:58:14,True,5,17,False,1,4,True,0.83,4.9
EDR-009050,AST-09050,2026-08-11 14:58:14,False,9,1,False,0,40,False,0.71,8.2
EDR-009051,AST-09051,2026-08-17 01:58:14,False,5,6,False,0,9,False,0.21,8.4
EDR-009052,AST-09052,2026-08-19 16:58:14,False,4,2,False,0,4,False,0.74,9.1
EDR-009053,AST-09053,2026-08-14 07:58:14,False,6,7,True,0,5,False,0.65,5.5
EDR-009054,AST-09054,2026-08-07 03:58:14,False,5,3,False,0,9,False,0.63,8.2
EDR-009055,AST-09055,2026-08-11 05:58:14,False,1,8,False,0,47,False,0.34,9.1
EDR-009056,AST-09056,2026-08-10 05:58:14,False,6,4,False,0,50,False,0.8,8.6
EDR-009057,AST-09057,2026-08-11 16:58:14,False,7,9,False,0,38,False,0.32,7.3
EDR-009058,AST-09058,2026-08-24 15:58:14,False,3,16,False,0,4,False,0.39,8.0
EDR-009059,AST-09059,2026-08-28 04:58:14,False,7,1,False,0,9,False,0.22,8.2
EDR-009060,AST-09060,2026-08-25 01:58:14,False,9,12,False,0,17,False,0.2,6.7
EDR-009061,AST-09061,2026-08-08 12:58:14,False,7,9,False,0,19,False,0.57,7.9
EDR-009062,AST-09062,2026-08-23 15:58:14,False,10,6,False,0,39,False,0.58,6.9
EDR-009063,AST-09063,2026-08-17 12:58:14,False,9,17,False,0,35,False,0.67,6.6
EDR-009064,AST-09064,2026-08-07 03:58:14,False,10,3,False,0,31,False,0.41,8.0
EDR-009065,AST-09065,2026-08-20 11:58:14,False,9,11,False,0,33,False,0.48,7.5
EDR-009066,AST-09066,2026-08-23 03:58:14,False,1,11,False,0,25,False,0.54,8.8
EDR-009067,AST-09067,2026-08-21 02:58:14,False,7,10,False,0,47,False,0.61,7.3
EDR-009068,AST-09068,2026-08-24 04:58:14,False,3,14,False,0,47,False,0.16,7.6
EDR-009069,AST-09069,2026-09-01 00:58:14,False,5,16,False,0,16,False,0.76,7.4
EDR-009070,AST-09070,2026-08-29 17:58:14,False,2,1,False,0,41,False,0.68,9.6
EDR-009071,AST-09071,2026-08-29 00:58:14,False,7,6,False,0,20,False,0.71,8.0
EDR-009072,AST-09072,2026-08-19 06:58:14,False,0,11,False,0,2,False,0.55,8.8
EDR-009073,AST-09073,2026-08-10 19:58:14,False,10,14,False,0,24,False,0.63,6.8
EDR-009074,AST-09074,2026-08-26 13:58:14,False,3,10,False,0,46,False,0.45,8.6
EDR-009075,AST-09075,2026-08-07 08:58:14,False,6,7,False,0,40,False,0.68,8.6
EDR-009076,AST-09076,2026-09-02 00:58:14,False,0,8,False,0,7,False,0.58,9.4
EDR-009077,AST-09077,2026-08-21 17:58:14,False,9,0,False,0,18,False,0.26,8.1
EDR-009078,AST-09078,2026-08-20 16:58:14,True,0,17,False,3,11,False,0.9,6.5
EDR-009079,AST-09079,2026-08-22 07:58:14,False,3,17,False,0,13,False,0.15,7.3
EDR-009080,AST-09080,2026-08-30 17:58:14,False,6,6,False,0,7,False,0.72,7.9
EDR-009081,AST-09081,2026-08-17 14:58:14,False,9,12,False,0,3,False,0.53,6.9
EDR-009082,AST-09082,2026-09-03 01:58:14,False,6,19,False,0,27,False,0.13,7.0
EDR-009083,AST-09083,2026-09-04 12:58:14,False,9,6,False,0,49,False,0.5,7.5
EDR-009084,AST-09084,2026-09-01 20:58:14,False,10,4,False,0,29,False,0.28,8.0
EDR-009085,AST-09085,2026-08-25 17:58:14,False,1,17,False,0,5,False,0.51,8.1
EDR-009086,AST-09086,2026-08-13 05:58:14,False,6,6,False,0,36,False,0.5,8.3
EDR-009087,AST-09087,2026-08-27 10:58:14,False,9,15,False,0,10,False,0.38,7.0
EDR-009088,AST-09088,2026-08-24 14:58:14,False,0,12,False,0,19,False,0.2,8.9
EDR-009089,AST-09089,2026-08-20 22:58:14,False,7,16,False,0,32,False,0.39,6.8
EDR-009090,AST-09090,2026-08-19 10:58:14,False,10,10,False,0,10,False,0.24,6.8
EDR-009091,AST-09091,2026-08-09 15:58:14,False,2,7,False,0,43,False,0.57,8.8
EDR-009092,AST-09092,2026-08-18 20:58:14,False,0,19,False,0,20,False,0.48,8.0
EDR-009093,AST-09093,2026-08-15 18:58:14,False,4,11,False,0,8,False,0.42,8.3
EDR-009094,AST-09094,2026-09-02 10:58:14,False,3,12,False,0,10,False,0.42,8.6
EDR-009095,AST-09095,2026-08-18 03:58:14,False,0,16,False,0,40,False,0.43,8.0
EDR-009096,AST-09096,2026-08-06 22:58:14,False,8,0,False,0,29,False,0.49,7.9
EDR-009097,AST-09097,2026-08-08 05:58:14,False,8,16,False,0,20,False,0.27,6.7
EDR-009098,AST-09098,2026-08-28 03:58:14,True,6,15,False,1,49,True,0.83,5.3
EDR-009099,AST-09099,2026-08-14 19:58:14,False,9,11,False,0,39,False,0.52,7.0
EDR-009100,AST-09100,2026-08-20 19:58:14,False,4,16,False,0,39,False,0.17,8.1
EDR-009101,AST-09101,2026-08-07 12:58:14,False,6,7,False,0,29,False,0.15,8.5
EDR-009102,AST-09102,2026-08-29 06:58:14,False,8,4,False,0,38,False,0.14,8.3
EDR-009103,AST-09103,2026-08-11 03:58:14,False,1,7,False,0,11,False,0.39,9.1
EDR-009104,AST-09104,2026-08-09 15:58:14,False,0,18,False,0,50,False,0.39,8.6
EDR-009105,AST-09105,2026-08-11 23:58:14,False,8,2,False,0,26,False,0.41,7.9
EDR-009106,AST-09106,2026-09-02 17:58:14,False,4,12,False,0,40,False,0.65,7.6
EDR-009107,AST-09107,2026-08-10 18:58:14,False,2,11,False,0,35,False,0.24,8.0
EDR-009108,AST-09108,2026-09-03 10:58:14,False,5,13,False,0,39,False,0.45,8.1
EDR-009109,AST-09109,2026-08-28 12:58:14,False,5,14,False,0,35,False,0.11,7.4
EDR-009110,AST-09110,2026-08-12 03:58:14,False,3,3,False,0,24,False,0.14,8.9
EDR-009111,AST-09111,2026-08-25 11:58:14,False,9,19,False,0,18,False,0.59,6.0
EDR-009112,AST-09112,2026-08-10 15:58:14,False,3,0,False,0,41,False,0.65,9.4
EDR-009113,AST-09113,2026-08-08 22:58:14,False,7,10,False,0,38,False,0.63,7.7
EDR-009114,AST-09114,2026-08-27 00:58:14,False,3,5,False,0,18,False,0.78,8.9
EDR-009115,AST-09115,2026-08-29 11:58:14,False,7,9,False,0,8,False,0.71,7.7
EDR-009116,AST-09116,2026-09-03 15:58:14,False,10,19,False,0,10,False,0.52,5.7
EDR-009117,AST-09117,2026-08-27 13:58:14,False,5,16,False,0,49,False,0.63,7.8
EDR-009118,AST-09118,2026-08-21 15:58:14,False,7,12,False,0,6,False,0.42,7.6
EDR-009119,AST-09119,2026-08-10 13:58:14,True,4,14,False,1,39,True,0.64,6.1
EDR-009120,AST-09120,2026-08-18 23:58:14,False,8,10,False,0,22,False,0.35,7.0
EDR-009121,AST-09121,2026-08-12 21:58:14,False,5,0,False,0,23,False,0.32,8.7
EDR-009122,AST-09122,2026-08-14 23:58:14,False,6,17,False,0,22,False,0.17,7.5
EDR-009123,AST-09123,2026-08-25 21:58:14,False,6,20,False,0,29,False,0.61,6.7
EDR-009124,AST-09124,2026-09-04 15:58:14,False,7,5,False,0,47,False,0.13,8.1
EDR-009125,AST-09125,2026-08-09 17:58:14,False,5,9,False,0,35,False,0.48,8.6
EDR-009126,AST-09126,2026-08-30 15:58:14,False,2,1,False,0,46,False,0.18,9.2
EDR-009127,AST-09127,2026-08-18 11:58:14,False,8,18,False,0,24,False,0.63,6.9
EDR-009128,AST-09128,2026-08-09 02:58:14,False,4,13,False,0,0,False,0.54,7.9
EDR-009129,AST-09129,2026-08-13 10:58:14,False,10,17,False,0,8,False,0.55,6.5
EDR-009130,AST-09130,2026-08-08 17:58:14,False,8,7,False,0,36,False,0.63,7.5
EDR-009131,AST-09131,2026-08-14 04:58:14,False,1,13,False,0,23,False,0.28,8.5
EDR-009132,AST-09132,2026-08-25 19:58:14,False,4,10,False,0,2,False,0.43,8.4
EDR-009133,AST-09133,2026-08-15 22:58:14,False,2,13,False,0,24,False,0.57,8.1
EDR-009134,AST-09134,2026-08-13 16:58:14,False,0,14,False,0,48,False,0.19,9.0
EDR-009135,AST-09135,2026-08-17 14:58:14,False,10,19,False,0,40,False,0.37,6.6
EDR-009136,AST-09136,2026-08-31 20:58:14,False,3,20,False,0,22,False,0.29,7.9
EDR-009137,AST-09137,2026-08-07 20:58:14,False,2,1,False,0,45,False,0.77,9.6
EDR-009138,AST-09138,2026-08-24 04:58:14,False,5,5,False,0,4,False,0.4,8.8
EDR-009139,AST-09139,2026-08-10 12:58:14,False,4,12,False,0,21,False,0.42,8.2
EDR-009140,AST-09140,2026-09-04 06:58:14,False,2,12,False,0,49,False,0.11,8.4
EDR-009141,AST-09141,2026-09-02 23:58:14,False,2,14,False,0,14,False,0.63,8.7
EDR-009142,AST-09142,2026-08-15 17:58:14,False,7,10,False,0,6,False,0.22,7.2
EDR-009143,AST-09143,2026-08-15 14:58:14,False,2,1,False,0,25,False,0.62,9.5
EDR-009144,AST-09144,2026-08-18 08:58:14,False,3,12,True,0,18,False,0.32,5.0
EDR-009145,AST-09145,2026-08-26 02:58:14,False,6,15,False,0,4,False,0.44,7.8
EDR-009146,AST-09146,2026-08-10 01:58:14,False,5,0,False,0,30,False,0.15,9.5
EDR-009147,AST-09147,2026-08-27 17:58:14,False,4,6,False,0,0,False,0.68,8.7
EDR-009148,AST-09148,2026-08-09 10:58:14,False,6,13,False,0,35,False,0.35,7.1
EDR-009149,AST-09149,2026-08-24 18:58:14,False,1,8,False,0,30,False,0.71,9.0
EDR-009150,AST-09150,2026-08-21 18:58:14,False,10,16,False,0,41,False,0.65,6.6
EDR-009151,AST-09151,2026-08-07 03:58:14,False,2,0,False,0,26,False,0.74,9.3
EDR-009152,AST-09152,2026-08-07 03:58:14,False,8,12,False,0,16,False,0.74,7.7
EDR-009153,AST-09153,2026-09-01 22:58:14,False,8,5,False,0,13,False,0.45,8.2
EDR-009154,AST-09154,2026-08-30 15:58:14,False,8,1,False,0,14,False,0.53,8.0
EDR-009155,AST-09155,2026-08-09 16:58:14,False,10,7,False,0,9,False,0.58,7.7
EDR-009156,AST-09156,2026-09-01 11:58:14,False,1,19,False,0,40,False,0.79,8.3
EDR-009157,AST-09157,2026-08-17 09:58:14,False,10,5,False,0,42,False,0.44,7.1
EDR-009158,AST-09158,2026-08-20 03:58:14,False,1,11,False,0,49,False,0.45,8.2
EDR-009159,AST-09159,2026-09-02 01:58:14,False,3,17,False,0,29,False,0.68,8.1
EDR-009160,AST-09160,2026-08-10 21:58:14,False,9,15,False,0,7,False,0.19,6.4
EDR-009161,AST-09161,2026-08-18 22:58:14,False,9,10,False,0,28,False,0.12,6.8
EDR-009162,AST-09162,2026-08-26 02:58:14,False,3,20,False,0,25,False,0.26,7.9
EDR-009163,AST-09163,2026-08-19 14:58:14,False,9,1,False,0,31,False,0.21,8.2
EDR-009164,AST-09164,2026-08-15 13:58:14,False,8,15,False,0,50,False,0.69,6.7
EDR-009165,AST-09165,2026-08-29 01:58:14,True,7,10,False,3,9,True,0.67,5.5
EDR-009166,AST-09166,2026-08-26 16:58:14,False,9,19,False,0,14,False,0.16,6.5
EDR-009167,AST-09167,2026-08-23 08:58:14,False,4,20,False,0,50,False,0.58,6.8
EDR-009168,AST-09168,2026-08-29 17:58:14,False,2,9,False,0,12,False,0.28,8.4
EDR-009169,AST-09169,2026-08-31 23:58:14,False,3,4,False,0,49,False,0.31,8.8
EDR-009170,AST-09170,2026-08-20 18:58:14,False,9,6,False,0,8,False,0.29,7.2
EDR-009171,AST-09171,2026-08-16 00:58:14,False,9,8,False,0,3,False,0.21,7.3
EDR-009172,AST-09172,2026-08-11 10:58:14,False,5,8,False,0,31,False,0.45,7.9
EDR-009173,AST-09173,2026-09-02 22:58:14,False,5,18,False,0,36,False,0.49,7.3
EDR-009174,AST-09174,2026-08-15 12:58:14,False,2,0,False,0,17,False,0.33,10
EDR-009175,AST-09175,2026-08-09 01:58:14,False,7,11,False,0,10,False,0.73,7.1
EDR-009176,AST-09176,2026-09-02 07:58:14,False,9,9,False,0,48,False,0.18,7.7
EDR-009177,AST-09177,2026-08-07 17:58:14,False,8,18,False,0,46,False,0.12,6.8
EDR-009178,AST-09178,2026-08-28 03:58:14,False,9,3,False,0,22,False,0.56,8.0
EDR-009179,AST-09179,2026-08-15 23:58:14,False,8,14,False,0,22,False,0.38,6.7
EDR-009180,AST-09180,2026-08-23 07:58:14,False,1,8,False,0,31,False,0.34,9.2
EDR-009181,AST-09181,2026-08-17 10:58:14,False,4,8,False,0,29,False,0.71,8.5
EDR-009182,AST-09182,2026-08-13 16:58:14,False,3,8,False,0,36,False,0.16,8.9
EDR-009183,AST-09183,2026-08-08 01:58:14,False,4,11,False,0,42,False,0.35,8.0
EDR-009184,AST-09184,2026-09-02 15:58:14,False,2,13,False,0,9,False,0.38,8.1
EDR-009185,AST-09185,2026-08-22 15:58:14,False,2,2,False,0,5,False,0.42,9.1
EDR-009186,AST-09186,2026-08-18 18:58:14,False,5,18,False,0,43,False,0.72,7.2
EDR-009187,AST-09187,2026-08-12 08:58:14,False,4,3,False,0,7,False,0.1,8.7
EDR-009188,AST-09188,2026-08-25 03:58:14,False,10,5,False,0,50,False,0.65,7.7
EDR-009189,AST-09189,2026-08-31 21:58:14,False,10,0,False,0,9,False,0.62,7.7
EDR-009190,AST-09190,2026-08-27 18:58:14,False,10,20,False,0,0,False,0.56,6.2
EDR-009191,AST-09191,2026-08-12 12:58:14,False,7,9,False,0,36,False,0.4,7.6
EDR-009192,AST-09192,2026-08-20 05:58:14,False,2,10,False,0,3,False,0.49,8.7
EDR-009193,AST-09193,2026-09-04 04:58:14,False,2,9,False,0,19,False,0.46,8.8
EDR-009194,AST-09194,2026-09-02 18:58:14,False,1,14,False,0,13,False,0.49,7.9
EDR-009195,AST-09195,2026-08-16 04:58:14,False,4,0,False,0,35,False,0.78,8.9
EDR-009196,AST-09196,2026-08-19 08:58:14,False,8,8,False,0,31,False,0.12,8.0
EDR-009197,AST-09197,2026-08-26 10:58:14,False,6,4,False,0,35,False,0.71,8.7
EDR-009198,AST-09198,2026-08-29 07:58:14,False,1,13,False,0,16,False,0.28,8.3
EDR-009199,AST-09199,2026-08-23 14:58:14,False,2,9,False,0,21,False,0.79,8.4
EDR-009200,AST-09200,2026-08-09 22:58:14,False,9,7,True,0,36,False,0.12,4.5
EDR-009201,AST-09201,2026-08-21 02:58:14,False,3,16,False,0,42,False,0.15,7.9
EDR-009202,AST-09202,2026-08-14 18:58:14,False,7,9,False,0,36,False,0.41,7.7
EDR-009203,AST-09203,2026-08-07 15:58:14,False,8,16,False,0,14,False,0.26,7.1
EDR-009204,AST-09204,2026-09-04 01:58:14,False,6,12,False,0,27,False,0.34,7.8
EDR-009205,AST-09205,2026-08-24 07:58:14,False,5,10,False,0,3,False,0.79,8.4
EDR-009206,AST-09206,2026-08-21 08:58:14,False,8,8,False,0,42,False,0.5,7.3
EDR-009207,AST-09207,2026-08-10 04:58:14,False,7,15,False,0,50,False,0.11,7.3
EDR-009208,AST-09208,2026-08-29 17:58:14,False,10,20,False,0,6,False,0.56,6.4
EDR-009209,AST-09209,2026-09-02 06:58:14,False,2,3,False,0,9,False,0.26,8.9
EDR-009210,AST-09210,2026-09-03 12:58:14,False,4,11,False,0,33,False,0.17,7.7
EDR-009211,AST-09211,2026-08-20 01:58:14,False,9,10,False,0,32,False,0.49,7.2
EDR-009212,AST-09212,2026-08-23 22:58:14,False,5,18,False,0,32,False,0.8,7.6
EDR-009213,AST-09213,2026-09-01 06:58:14,False,2,3,False,0,0,False,0.35,9.5
EDR-009214,AST-09214,2026-08-22 01:58:14,False,10,0,False,0,3,False,0.53,7.7
EDR-009215,AST-09215,2026-08-11 17:58:14,False,7,13,False,0,43,False,0.31,7.2
EDR-009216,AST-09216,2026-08-12 05:58:14,False,10,8,False,0,19,False,0.76,7.7
EDR-009217,AST-09217,2026-08-28 07:58:14,False,9,14,False,0,17,False,0.29,7.0
EDR-009218,AST-09218,2026-08-15 13:58:14,False,7,8,False,0,49,False,0.51,8.3
EDR-009219,AST-09219,2026-08-26 00:58:14,True,0,2,False,0,0,True,0.98,7.5
EDR-009220,AST-09220,2026-08-24 11:58:14,False,6,5,False,0,16,False,0.26,8.2
EDR-009221,AST-09221,2026-08-25 09:58:14,False,1,4,False,0,48,False,0.14,9.7
EDR-009222,AST-09222,2026-08-21 02:58:14,False,4,1,False,0,43,False,0.18,9.3
EDR-009223,AST-09223,2026-08-17 22:58:14,False,10,9,False,0,1,False,0.16,7.6
EDR-009224,AST-09224,2026-08-30 18:58:14,False,2,11,False,0,26,False,0.13,8.9
EDR-009225,AST-09225,2026-08-24 12:58:14,False,1,0,False,0,30,False,0.56,9.9
EDR-009226,AST-09226,2026-08-23 01:58:14,True,10,2,True,3,43,False,0.72,2.5
EDR-009227,AST-09227,2026-08-24 06:58:14,False,5,7,False,0,40,False,0.31,8.4
EDR-009228,AST-09228,2026-09-04 04:58:14,False,7,16,False,0,38,False,0.72,6.6
EDR-009229,AST-09229,2026-08-20 21:58:14,False,2,10,False,0,39,False,0.69,8.5
EDR-009230,AST-09230,2026-08-29 01:58:14,False,7,11,False,0,39,False,0.56,7.9
EDR-009231,AST-09231,2026-08-13 11:58:14,False,1,19,False,0,42,False,0.28,8.3
EDR-009232,AST-09232,2026-08-21 23:58:14,False,5,5,False,0,40,False,0.41,8.9
EDR-009233,AST-09233,2026-08-22 00:58:14,False,6,19,False,0,14,False,0.2,6.9
EDR-009234,AST-09234,2026-08-16 20:58:14,False,7,1,False,0,48,False,0.53,8.0
EDR-009235,AST-09235,2026-08-24 06:58:14,False,0,0,False,0,22,False,0.71,9.6
EDR-009236,AST-09236,2026-08-13 01:58:14,False,2,17,False,0,6,False,0.79,8.4
EDR-009237,AST-09237,2026-08-20 06:58:14,False,7,14,False,0,38,False,0.16,7.6
EDR-009238,AST-09238,2026-08-31 16:58:14,False,9,13,False,0,44,False,0.52,7.2
EDR-009239,AST-09239,2026-08-07 23:58:14,False,4,0,False,0,19,False,0.15,9.1
EDR-009240,AST-09240,2026-08-22 08:58:14,False,6,7,False,0,6,False,0.65,8.2
EDR-009241,AST-09241,2026-08-10 18:58:14,False,8,6,False,0,42,False,0.14,8.3
EDR-009242,AST-09242,2026-08-28 01:58:14,False,8,2,False,0,48,False,0.52,8.7
EDR-009243,AST-09243,2026-08-16 00:58:14,False,6,18,True,0,41,False,0.22,4.1
EDR-009244,AST-09244,2026-08-13 02:58:14,False,8,1,False,0,33,False,0.2,8.0
EDR-009245,AST-09245,2026-08-08 05:58:14,False,4,9,False,0,15,False,0.77,7.9
EDR-009246,AST-09246,2026-09-02 18:58:14,False,3,15,False,0,27,False,0.51,7.5
EDR-009247,AST-09247,2026-08-12 13:58:14,False,10,13,False,0,10,False,0.14,6.2
EDR-009248,AST-09248,2026-08-10 15:58:14,False,10,20,False,0,7,False,0.78,6.1
EDR-009249,AST-09249,2026-08-07 09:58:14,False,3,0,False,0,40,False,0.62,9.4
EDR-009250,AST-09250,2026-08-18 03:58:14,False,1,15,False,0,29,False,0.7,7.9
EDR-009251,AST-09251,2026-08-13 20:58:14,False,3,8,False,0,7,False,0.73,9.0
EDR-009252,AST-09252,2026-08-18 21:58:14,False,7,19,False,0,28,False,0.79,6.7
EDR-009253,AST-09253,2026-08-29 15:58:14,False,8,13,False,0,45,False,0.52,7.1
EDR-009254,AST-09254,2026-08-24 17:58:14,False,10,2,False,0,39,False,0.74,7.8
EDR-009255,AST-09255,2026-08-15 10:58:14,False,2,13,False,0,34,False,0.26,8.2
EDR-009256,AST-09256,2026-08-18 20:58:14,False,0,17,False,0,7,False,0.24,8.4
EDR-009257,AST-09257,2026-08-16 03:58:14,False,6,6,False,0,50,False,0.46,8.7
EDR-009258,AST-09258,2026-08-23 20:58:14,False,1,11,False,0,49,False,0.78,8.5
EDR-009259,AST-09259,2026-09-02 07:58:14,True,5,5,False,0,41,True,0.62,6.1
EDR-009260,AST-09260,2026-08-24 15:58:14,False,7,12,False,0,40,False,0.74,7.1
EDR-009261,AST-09261,2026-08-16 10:58:14,False,7,7,False,0,5,False,0.46,8.4
EDR-009262,AST-09262,2026-08-16 06:58:14,False,3,12,False,0,28,False,0.75,7.8
EDR-009263,AST-09263,2026-08-12 13:58:14,False,8,3,False,0,5,False,0.2,7.7
EDR-009264,AST-09264,2026-08-11 01:58:14,False,8,19,False,0,22,False,0.78,6.2
EDR-009265,AST-09265,2026-08-27 00:58:14,False,2,0,False,0,29,False,0.54,9.6
EDR-009266,AST-09266,2026-08-28 20:58:14,False,8,17,False,0,30,False,0.56,6.2
EDR-009267,AST-09267,2026-08-27 17:58:14,False,1,3,False,0,15,False,0.76,9.4
EDR-009268,AST-09268,2026-08-07 14:58:14,True,10,14,False,3,16,False,0.77,4.8
EDR-009269,AST-09269,2026-08-22 08:58:14,False,7,18,False,0,31,False,0.34,6.4
EDR-009270,AST-09270,2026-09-03 17:58:14,False,6,12,False,0,30,False,0.17,8.0
EDR-009271,AST-09271,2026-08-22 22:58:14,False,6,4,False,0,15,False,0.74,8.1
EDR-009272,AST-09272,2026-08-30 19:58:14,False,10,5,False,0,27,False,0.62,7.4
EDR-009273,AST-09273,2026-08-29 13:58:14,False,3,13,False,0,14,False,0.73,8.5
EDR-009274,AST-09274,2026-08-18 18:58:14,False,8,5,False,0,34,False,0.69,7.5
EDR-009275,AST-09275,2026-08-17 01:58:14,False,10,17,False,0,38,False,0.32,6.3
EDR-009276,AST-09276,2026-08-15 14:58:14,False,1,9,False,0,16,False,0.62,9.4
EDR-009277,AST-09277,2026-08-31 12:58:14,False,6,14,False,0,18,False,0.26,7.8
EDR-009278,AST-09278,2026-08-18 05:58:14,False,5,4,False,0,35,False,0.72,8.9
EDR-009279,AST-09279,2026-08-09 10:58:14,False,6,16,False,0,33,False,0.72,7.4
EDR-009280,AST-09280,2026-08-09 00:58:14,False,10,12,False,0,2,False,0.3,6.9
EDR-009281,AST-09281,2026-08-09 01:58:14,False,4,4,False,0,31,False,0.32,8.9
EDR-009282,AST-09282,2026-08-28 22:58:14,False,1,13,False,0,15,False,0.5,8.2
EDR-009283,AST-09283,2026-08-19 13:58:14,True,0,2,False,0,22,False,0.65,8.1
EDR-009284,AST-09284,2026-08-10 08:58:14,False,1,7,False,0,23,False,0.52,8.7
EDR-009285,AST-09285,2026-09-01 00:58:14,False,1,17,False,0,27,False,0.41,7.6
EDR-009286,AST-09286,2026-08-28 18:58:14,False,2,6,False,0,15,False,0.67,9.0
EDR-009287,AST-09287,2026-08-11 16:58:14,False,4,9,False,0,31,False,0.68,8.5
EDR-009288,AST-09288,2026-08-29 06:58:14,False,4,20,False,0,33,False,0.5,6.8
EDR-009289,AST-09289,2026-08-16 23:58:14,False,3,13,False,0,13,False,0.72,8.4
EDR-009290,AST-09290,2026-08-15 21:58:14,True,4,2,False,3,9,True,0.86,6.8
EDR-009291,AST-09291,2026-08-31 18:58:14,False,2,10,False,0,21,False,0.21,8.3
EDR-009292,AST-09292,2026-08-29 14:58:14,False,9,4,False,0,11,False,0.46,7.4
EDR-009293,AST-09293,2026-08-28 20:58:14,False,9,14,False,0,50,False,0.53,7.0
EDR-009294,AST-09294,2026-08-21 01:58:14,False,9,12,False,0,24,False,0.5,7.5
EDR-009295,AST-09295,2026-08-20 15:58:14,False,6,12,False,0,30,False,0.7,7.6
EDR-009296,AST-09296,2026-08-17 19:58:14,False,2,2,False,0,35,False,0.69,9.7
EDR-009297,AST-09297,2026-08-27 08:58:14,False,9,0,False,0,14,False,0.19,8.3
EDR-009298,AST-09298,2026-09-02 07:58:14,False,10,14,False,0,1,False,0.42,6.1
EDR-009299,AST-09299,2026-08-22 14:58:14,False,8,16,False,0,32,False,0.65,6.7
EDR-009300,AST-09300,2026-08-20 23:58:14,False,0,15,False,0,9,False,0.39,8.5
EDR-009301,AST-09301,2026-08-16 04:58:14,True,2,15,False,1,4,False,0.71,5.7
EDR-009302,AST-09302,2026-08-30 08:58:14,False,3,13,False,0,42,False,0.19,8.4
EDR-009303,AST-09303,2026-08-24 11:58:14,False,0,5,False,0,30,False,0.11,9.2
EDR-009304,AST-09304,2026-08-15 05:58:14,False,6,10,False,0,15,False,0.28,7.9
EDR-009305,AST-09305,2026-08-12 16:58:14,False,10,16,False,0,47,False,0.54,6.8
EDR-009306,AST-09306,2026-08-14 16:58:14,False,7,0,False,0,25,False,0.57,8.8
EDR-009307,AST-09307,2026-09-02 22:58:14,False,2,2,False,0,17,False,0.5,9.0
EDR-009308,AST-09308,2026-08-16 23:58:14,False,0,2,False,0,1,False,0.47,9.9
EDR-009309,AST-09309,2026-08-21 10:58:14,False,1,7,False,0,45,False,0.47,8.7
EDR-009310,AST-09310,2026-08-31 05:58:14,False,1,4,False,0,14,False,0.42,9.5
EDR-009311,AST-09311,2026-08-14 14:58:14,False,8,1,False,0,15,False,0.19,8.6
EDR-009312,AST-09312,2026-08-15 18:58:14,False,4,4,False,0,8,False,0.17,9.0
EDR-009313,AST-09313,2026-08-08 09:58:14,False,5,18,False,0,6,False,0.43,6.9
EDR-009314,AST-09314,2026-09-03 20:58:14,False,3,13,False,0,33,False,0.52,8.3
EDR-009315,AST-09315,2026-08-10 02:58:14,False,6,8,False,0,5,False,0.23,7.8
EDR-009316,AST-09316,2026-09-02 06:58:14,False,9,11,False,0,18,False,0.55,7.3
EDR-009317,AST-09317,2026-08-21 23:58:14,False,10,15,False,0,22,False,0.48,6.2
EDR-009318,AST-09318,2026-09-04 05:58:14,False,2,12,False,0,48,False,0.11,8.3
EDR-009319,AST-09319,2026-08-29 06:58:14,True,4,8,False,1,37,False,0.77,6.3
EDR-009320,AST-09320,2026-08-15 23:58:14,False,2,19,False,0,30,False,0.78,7.9
EDR-009321,AST-09321,2026-08-22 17:58:14,False,0,6,False,0,50,False,0.55,9.8
EDR-009322,AST-09322,2026-08-08 05:58:14,False,6,18,False,0,28,False,0.36,7.3
EDR-009323,AST-09323,2026-08-30 14:58:14,False,2,5,False,0,36,False,0.49,9.0
EDR-009324,AST-09324,2026-08-07 17:58:14,False,4,2,False,0,43,False,0.41,9.3
EDR-009325,AST-09325,2026-08-11 01:58:14,False,7,5,False,0,47,False,0.61,8.3
EDR-009326,AST-09326,2026-08-18 00:58:14,False,1,8,False,0,38,False,0.67,8.8
EDR-009327,AST-09327,2026-09-01 04:58:14,False,0,18,False,0,41,False,0.39,8.7
EDR-009328,AST-09328,2026-08-30 13:58:14,False,10,2,False,0,34,False,0.34,7.8
EDR-009329,AST-09329,2026-08-27 06:58:14,False,4,14,False,0,18,False,0.51,7.7
EDR-009330,AST-09330,2026-08-21 13:58:14,False,10,17,False,0,40,False,0.5,6.5
EDR-009331,AST-09331,2026-09-02 00:58:14,False,9,1,False,0,6,False,0.22,7.9
EDR-009332,AST-09332,2026-08-07 20:58:14,False,8,0,False,0,45,False,0.69,8.5
EDR-009333,AST-09333,2026-08-22 02:58:14,False,3,18,False,0,23,False,0.76,7.3
EDR-009334,AST-09334,2026-08-06 11:58:14,False,1,15,False,0,14,False,0.43,7.9
EDR-009335,AST-09335,2026-08-08 14:58:14,True,6,18,False,2,38,True,0.68,5.2
EDR-009336,AST-09336,2026-08-13 01:58:14,False,1,8,False,0,17,False,0.29,9.2
EDR-009337,AST-09337,2026-08-19 18:58:14,False,7,6,False,0,25,False,0.55,8.0
EDR-009338,AST-09338,2026-08-11 23:58:14,False,2,6,False,0,30,False,0.46,8.9
EDR-009339,AST-09339,2026-08-22 01:58:14,False,2,14,False,0,25,False,0.14,7.8
EDR-009340,AST-09340,2026-08-10 21:58:14,False,2,10,False,0,15,False,0.14,8.4
EDR-009341,AST-09341,2026-08-10 23:58:14,False,8,11,False,0,32,False,0.29,7.4
EDR-009342,AST-09342,2026-08-13 23:58:14,False,3,8,False,0,10,False,0.24,8.8
EDR-009343,AST-09343,2026-08-20 07:58:14,False,4,4,False,0,11,False,0.67,8.4
EDR-009344,AST-09344,2026-08-22 15:58:14,False,8,2,False,0,34,False,0.27,8.5
EDR-009345,AST-09345,2026-09-03 09:58:14,False,3,2,False,0,46,False,0.18,9.6
EDR-009346,AST-09346,2026-08-31 10:58:14,False,6,13,False,0,2,False,0.69,7.6
EDR-009347,AST-09347,2026-08-09 15:58:14,False,8,1,False,0,1,False,0.52,8.0
EDR-009348,AST-09348,2026-08-24 13:58:14,False,2,8,False,0,18,False,0.68,9.2
EDR-009349,AST-09349,2026-08-17 02:58:14,False,1,11,False,0,31,False,0.71,8.7
EDR-009350,AST-09350,2026-08-24 11:58:14,True,1,5,False,1,49,True,0.67,6.9
EDR-009351,AST-09351,2026-08-22 03:58:14,False,0,8,False,0,31,False,0.26,9.1
EDR-009352,AST-09352,2026-08-11 10:58:14,False,6,4,False,0,18,False,0.18,8.0
EDR-009353,AST-09353,2026-08-26 15:58:14,False,5,19,False,0,29,False,0.15,6.8
EDR-009354,AST-09354,2026-09-03 02:58:14,False,5,16,True,0,17,False,0.59,4.5
EDR-009355,AST-09355,2026-08-21 19:58:14,False,7,15,False,0,22,False,0.55,7.4
EDR-009356,AST-09356,2026-08-09 08:58:14,False,4,6,False,0,23,False,0.52,8.5
EDR-009357,AST-09357,2026-08-13 01:58:14,False,8,2,False,0,11,False,0.34,8.4
EDR-009358,AST-09358,2026-09-03 16:58:14,False,10,8,False,0,2,False,0.69,7.1
EDR-009359,AST-09359,2026-08-11 15:58:14,False,6,17,False,0,24,False,0.27,6.8
EDR-009360,AST-09360,2026-08-21 07:58:14,False,10,0,False,0,40,False,0.49,8.1
EDR-009361,AST-09361,2026-09-02 15:58:14,False,7,1,False,0,49,False,0.58,8.1
EDR-009362,AST-09362,2026-08-18 01:58:14,False,4,16,False,0,45,False,0.4,7.7
EDR-009363,AST-09363,2026-08-29 08:58:14,False,6,16,False,0,4,False,0.19,7.5
EDR-009364,AST-09364,2026-09-02 01:58:14,False,5,6,False,0,48,False,0.56,8.8
EDR-009365,AST-09365,2026-08-25 07:58:14,False,3,1,False,0,49,False,0.18,9.7
EDR-009366,AST-09366,2026-08-24 09:58:14,False,3,16,False,0,23,False,0.78,8.1
EDR-009367,AST-09367,2026-08-09 20:58:14,False,2,5,False,0,30,False,0.55,9.6
EDR-009368,AST-09368,2026-08-26 19:58:14,False,9,20,False,0,16,False,0.32,5.8
EDR-009369,AST-09369,2026-08-14 10:58:14,False,1,2,False,0,20,False,0.42,10.0
EDR-009370,AST-09370,2026-08-12 21:58:14,False,4,12,False,0,24,False,0.22,8.4
EDR-009371,AST-09371,2026-08-06 10:58:14,False,10,8,False,0,49,False,0.48,7.2
EDR-009372,AST-09372,2026-08-09 15:58:14,False,6,3,False,0,47,False,0.46,8.8
EDR-009373,AST-09373,2026-08-27 00:58:14,False,6,0,False,0,35,False,0.8,8.9
EDR-009374,AST-09374,2026-08-11 23:58:14,False,3,12,False,0,32,False,0.22,8.2
EDR-009375,AST-09375,2026-09-04 01:58:14,False,2,6,False,0,18,False,0.29,8.7
EDR-009376,AST-09376,2026-08-22 13:58:14,False,0,16,False,0,8,False,0.16,8.8
EDR-009377,AST-09377,2026-08-18 21:58:14,True,8,13,False,1,30,False,0.8,4.9
EDR-009378,AST-09378,2026-08-26 23:58:14,True,7,7,False,0,38,True,0.73,6.3
EDR-009379,AST-09379,2026-08-27 08:58:14,False,7,10,False,0,30,False,0.23,7.5
EDR-009380,AST-09380,2026-08-06 09:58:14,False,6,6,False,0,26,False,0.33,7.9
EDR-009381,AST-09381,2026-09-02 10:58:14,False,7,14,False,0,13,False,0.28,7.1
EDR-009382,AST-09382,2026-09-03 13:58:14,False,8,4,False,0,27,False,0.22,7.6
EDR-009383,AST-09383,2026-09-02 04:58:14,False,7,7,False,0,37,False,0.36,8.3
EDR-009384,AST-09384,2026-08-18 01:58:14,False,2,2,False,0,10,False,0.76,9.1
EDR-009385,AST-09385,2026-08-07 06:58:14,False,7,12,True,0,8,False,0.36,4.4
EDR-009386,AST-09386,2026-08-25 08:58:14,False,4,0,False,0,2,False,0.79,8.9
EDR-009387,AST-09387,2026-09-04 12:58:14,False,0,4,False,0,19,False,0.43,9.8
EDR-009388,AST-09388,2026-08-29 18:58:14,False,8,17,False,0,18,False,0.74,7.1
EDR-009389,AST-09389,2026-08-28 06:58:14,False,2,7,False,0,48,False,0.23,8.7
EDR-009390,AST-09390,2026-08-17 15:58:14,False,7,1,False,0,33,False,0.8,8.6
EDR-009391,AST-09391,2026-08-07 15:58:14,False,2,3,False,0,18,False,0.32,9.8
EDR-009392,AST-09392,2026-08-09 23:58:14,False,2,20,False,0,0,False,0.5,7.3
EDR-009393,AST-09393,2026-08-29 00:58:14,False,10,3,False,0,37,False,0.68,7.5
EDR-009394,AST-09394,2026-08-11 21:58:14,False,1,14,False,0,1,False,0.69,8.1
EDR-009395,AST-09395,2026-08-06 18:58:14,False,7,0,False,0,8,False,0.29,8.5
EDR-009396,AST-09396,2026-08-22 04:58:14,False,2,20,False,0,30,False,0.2,7.8
EDR-009397,AST-09397,2026-08-16 16:58:14,False,10,18,False,0,27,False,0.22,6.1
EDR-009398,AST-09398,2026-08-11 17:58:14,False,4,2,False,0,19,False,0.48,8.9
EDR-009399,AST-09399,2026-08-25 12:58:14,False,2,11,False,0,17,False,0.22,8.1
EDR-009400,AST-09400,2026-08-13 23:58:14,False,1,3,False,0,32,False,0.27,9.8
EDR-009401,AST-09401,2026-08-15 16:58:14,False,7,2,False,0,22,False,0.33,8.2
EDR-009402,AST-09402,2026-08-30 14:58:14,False,7,0,False,0,37,False,0.44,8.4
EDR-009403,AST-09403,2026-08-16 00:58:14,False,1,1,False,0,23,False,0.31,10.0
EDR-009404,AST-09404,2026-08-20 16:58:14,False,10,10,False,0,47,False,0.16,7.1
EDR-009405,AST-09405,2026-08-10 08:58:14,False,0,14,False,0,15,False,0.6,9.1
EDR-009406,AST-09406,2026-08-07 01:58:14,False,7,0,False,0,5,False,0.29,8.9
EDR-009407,AST-09407,2026-08-27 20:58:14,False,8,11,False,0,32,False,0.31,6.9
EDR-009408,AST-09408,2026-08-20 07:58:14,False,8,7,False,0,23,False,0.79,7.9
EDR-009409,AST-09409,2026-08-28 23:58:14,False,10,12,False,0,2,False,0.42,6.6
EDR-009410,AST-09410,2026-08-28 16:58:14,False,9,16,False,0,9,False,0.22,6.7
EDR-009411,AST-09411,2026-09-01 15:58:14,False,5,9,False,0,21,False,0.63,7.8
EDR-009412,AST-09412,2026-08-31 05:58:14,False,5,3,False,0,25,False,0.17,8.7
EDR-009413,AST-09413,2026-08-27 05:58:14,False,4,7,False,0,29,False,0.25,8.6
EDR-009414,AST-09414,2026-08-23 22:58:14,False,1,16,False,0,5,False,0.65,7.8
EDR-009415,AST-09415,2026-08-17 15:58:14,False,0,7,False,0,44,False,0.75,9.4
EDR-009416,AST-09416,2026-09-03 18:58:14,False,7,5,False,0,29,False,0.7,8.6
EDR-009417,AST-09417,2026-08-13 21:58:14,False,1,11,False,0,44,False,0.11,8.6
EDR-009418,AST-09418,2026-09-04 01:58:14,True,2,14,False,2,45,True,0.66,6.7
EDR-009419,AST-09419,2026-09-03 00:58:14,False,7,17,False,0,35,False,0.7,7.2
EDR-009420,AST-09420,2026-08-22 01:58:14,False,7,13,False,0,43,False,0.24,7.6
EDR-009421,AST-09421,2026-08-08 06:58:14,False,9,9,False,0,4,False,0.6,7.3
EDR-009422,AST-09422,2026-08-31 02:58:14,False,3,19,False,0,36,False,0.48,7.7
EDR-009423,AST-09423,2026-08-30 04:58:14,False,10,7,False,0,11,False,0.79,7.7
EDR-009424,AST-09424,2026-08-26 13:58:14,False,7,4,False,0,32,False,0.21,8.0
EDR-009425,AST-09425,2026-09-03 21:58:14,False,6,17,False,0,27,False,0.48,7.3
EDR-009426,AST-09426,2026-08-20 09:58:14,False,3,13,False,0,12,False,0.49,8.6
EDR-009427,AST-09427,2026-08-30 05:58:14,False,1,5,False,0,38,False,0.19,9.3
EDR-009428,AST-09428,2026-08-30 09:58:14,False,0,4,False,0,35,False,0.28,9.4
EDR-009429,AST-09429,2026-08-28 21:58:14,False,0,0,False,0,6,False,0.73,9.7
EDR-009430,AST-09430,2026-08-22 10:58:14,False,9,15,False,0,5,False,0.39,6.6
EDR-009431,AST-09431,2026-08-11 22:58:14,False,3,17,False,0,32,False,0.14,7.3
EDR-009432,AST-09432,2026-08-21 04:58:14,False,6,5,False,0,45,False,0.48,8.4
EDR-009433,AST-09433,2026-08-18 11:58:14,False,3,20,False,0,11,False,0.71,7.7
EDR-009434,AST-09434,2026-08-27 05:58:14,False,9,4,False,0,27,False,0.49,7.8
EDR-009435,AST-09435,2026-08-08 21:58:14,False,2,4,False,0,35,False,0.1,8.7
EDR-009436,AST-09436,2026-08-21 13:58:14,False,2,4,False,0,10,False,0.62,9.0
EDR-009437,AST-09437,2026-08-30 19:58:14,False,7,8,False,0,24,False,0.32,8.1
EDR-009438,AST-09438,2026-08-08 17:58:14,False,7,0,False,0,4,False,0.64,8.2
EDR-009439,AST-09439,2026-08-22 04:58:14,False,7,0,False,0,3,False,0.39,8.8
EDR-009440,AST-09440,2026-08-17 01:58:14,False,10,0,False,0,8,False,0.56,8.0
EDR-009441,AST-09441,2026-08-08 10:58:14,False,6,15,False,0,1,False,0.73,7.2
EDR-009442,AST-09442,2026-08-12 23:58:14,False,6,2,False,0,39,False,0.68,8.4
EDR-009443,AST-09443,2026-08-26 07:58:14,False,8,14,False,0,8,False,0.18,6.8
EDR-009444,AST-09444,2026-09-01 19:58:14,False,7,2,False,0,49,False,0.46,8.8
EDR-009445,AST-09445,2026-09-04 12:58:14,False,4,5,False,0,13,False,0.64,9.0
EDR-009446,AST-09446,2026-08-17 14:58:14,False,8,7,False,0,25,False,0.68,7.4
EDR-009447,AST-09447,2026-08-08 12:58:14,False,5,11,False,0,18,False,0.71,7.9
EDR-009448,AST-09448,2026-08-22 20:58:14,False,10,11,False,0,29,False,0.43,6.8
EDR-009449,AST-09449,2026-08-06 05:58:14,False,6,6,False,0,40,False,0.7,7.8
EDR-009450,AST-09450,2026-08-28 13:58:14,False,0,5,False,0,38,False,0.17,9.0
EDR-009451,AST-09451,2026-08-11 07:58:14,False,3,17,False,0,45,False,0.32,7.8
EDR-009452,AST-09452,2026-08-21 11:58:14,False,1,2,False,0,39,False,0.28,9.6
EDR-009453,AST-09453,2026-08-30 00:58:14,False,8,16,False,0,45,False,0.71,7.0
EDR-009454,AST-09454,2026-08-08 05:58:14,False,8,1,False,0,33,False,0.23,7.9
EDR-009455,AST-09455,2026-08-28 19:58:14,False,10,13,False,0,25,False,0.53,6.3
EDR-009456,AST-09456,2026-08-08 01:58:14,False,9,16,False,0,18,False,0.27,7.0
EDR-009457,AST-09457,2026-09-01 22:58:14,False,5,9,False,0,28,False,0.56,8.5
EDR-009458,AST-09458,2026-09-02 03:58:14,True,0,8,False,0,21,True,0.86,6.7
EDR-009459,AST-09459,2026-08-19 17:58:14,False,7,6,False,0,22,False,0.12,7.7
EDR-009460,AST-09460,2026-08-24 03:58:14,False,1,15,True,0,18,False,0.28,5.5
EDR-009461,AST-09461,2026-08-06 02:58:14,False,8,3,False,0,33,False,0.75,8.6
EDR-009462,AST-09462,2026-08-25 05:58:14,False,10,12,False,0,0,False,0.26,6.8
EDR-009463,AST-09463,2026-08-16 06:58:14,True,0,20,False,2,18,True,0.71,6.2
EDR-009464,AST-09464,2026-08-25 08:58:14,False,6,2,False,0,42,False,0.47,8.1
EDR-009465,AST-09465,2026-08-26 16:58:14,False,5,4,False,0,37,False,0.63,8.2
EDR-009466,AST-09466,2026-08-16 10:58:14,False,8,13,False,0,19,False,0.71,6.8
EDR-009467,AST-09467,2026-09-01 06:58:14,False,5,10,False,0,46,False,0.73,8.2
EDR-009468,AST-09468,2026-08-23 11:58:14,False,8,13,False,0,8,False,0.34,7.0
EDR-009469,AST-09469,2026-08-09 11:58:14,False,3,12,False,0,27,False,0.52,8.0
EDR-009470,AST-09470,2026-08-25 03:58:14,False,6,8,False,0,34,False,0.75,8.3
EDR-009471,AST-09471,2026-08-19 02:58:14,False,9,18,False,0,28,False,0.16,6.3
EDR-009472,AST-09472,2026-08-19 04:58:14,False,7,20,False,0,31,False,0.13,6.5
EDR-009473,AST-09473,2026-08-08 17:58:14,False,7,10,False,0,14,False,0.77,7.4
EDR-009474,AST-09474,2026-08-30 20:58:14,False,4,18,False,0,25,False,0.28,7.7
EDR-009475,AST-09475,2026-08-31 17:58:14,False,6,4,True,0,37,False,0.16,5.3
EDR-009476,AST-09476,2026-08-31 14:58:14,False,7,1,False,0,17,False,0.52,8.2
EDR-009477,AST-09477,2026-08-22 03:58:14,False,10,9,False,0,15,False,0.51,6.9
EDR-009478,AST-09478,2026-08-15 09:58:14,False,7,15,False,0,17,False,0.1,6.9
EDR-009479,AST-09479,2026-08-17 15:58:14,False,4,1,False,0,0,False,0.52,9.6
EDR-009480,AST-09480,2026-08-26 14:58:14,True,0,7,False,2,15,False,1.0,6.9
EDR-009481,AST-09481,2026-08-25 00:58:14,True,2,19,False,3,43,True,0.89,5.4
EDR-009482,AST-09482,2026-08-29 08:58:14,False,6,14,False,0,40,False,0.79,7.2
EDR-009483,AST-09483,2026-08-17 14:58:14,False,8,2,False,0,37,False,0.27,8.4
EDR-009484,AST-09484,2026-08-11 03:58:14,False,1,11,False,0,46,False,0.43,8.5
EDR-009485,AST-09485,2026-08-24 12:58:14,False,0,14,False,0,50,False,0.15,8.2
EDR-009486,AST-09486,2026-08-21 13:58:14,False,1,6,False,0,25,False,0.72,9.5
EDR-009487,AST-09487,2026-08-09 19:58:14,False,0,14,False,0,50,False,0.65,8.2
EDR-009488,AST-09488,2026-08-17 20:58:14,False,2,4,False,0,10,False,0.56,8.9
EDR-009489,AST-09489,2026-08-10 11:58:14,False,5,10,False,0,32,False,0.48,8.3
EDR-009490,AST-09490,2026-08-16 06:58:14,False,7,15,False,0,22,False,0.8,7.1
EDR-009491,AST-09491,2026-08-21 20:58:14,False,10,11,False,0,41,False,0.15,6.9
EDR-009492,AST-09492,2026-08-20 18:58:14,False,7,5,False,0,43,False,0.37,8.4
EDR-009493,AST-09493,2026-08-18 17:58:14,False,0,16,False,0,38,False,0.35,8.3
EDR-009494,AST-09494,2026-08-27 02:58:14,False,10,17,False,0,43,False,0.41,6.8
EDR-009495,AST-09495,2026-08-27 18:58:14,False,10,3,False,0,27,False,0.21,8.2
EDR-009496,AST-09496,2026-08-20 06:58:14,False,3,5,False,0,16,False,0.45,8.4
EDR-009497,AST-09497,2026-08-27 04:58:14,False,3,8,False,0,13,False,0.63,8.2
EDR-009498,AST-09498,2026-08-13 22:58:14,False,10,10,False,0,16,False,0.29,6.7
EDR-009499,AST-09499,2026-08-31 02:58:14,False,1,11,False,0,19,False,0.77,9.1
EDR-009500,AST-09500,2026-08-31 09:58:14,False,6,7,False,0,23,False,0.21,7.7
EDR-009501,AST-09501,2026-08-31 23:58:14,False,3,16,False,0,29,False,0.78,7.6
EDR-009502,AST-09502,2026-08-10 09:58:14,True,3,13,False,3,19,True,0.61,6.1
EDR-009503,AST-09503,2026-08-31 02:58:14,False,9,1,False,0,32,False,0.35,8.5
EDR-009504,AST-09504,2026-09-03 03:58:14,False,9,1,False,0,45,False,0.56,8.1
EDR-009505,AST-09505,2026-08-24 14:58:14,False,0,1,False,0,31,False,0.75,10
EDR-009506,AST-09506,2026-08-23 19:58:14,False,5,0,False,0,27,False,0.69,8.9
EDR-009507,AST-09507,2026-08-18 21:58:14,False,5,10,False,0,14,False,0.46,8.2
EDR-009508,AST-09508,2026-08-29 19:58:14,False,6,12,False,0,47,False,0.73,7.2
EDR-009509,AST-09509,2026-08-11 03:58:14,False,5,2,False,0,0,False,0.67,8.7
EDR-009510,AST-09510,2026-08-09 12:58:14,False,3,14,False,0,9,False,0.41,8.1
EDR-009511,AST-09511,2026-08-29 16:58:14,False,5,18,False,0,37,False,0.3,7.4
EDR-009512,AST-09512,2026-08-14 05:58:14,False,6,7,False,0,17,False,0.31,8.1
EDR-009513,AST-09513,2026-08-17 10:58:14,False,1,2,False,0,24,False,0.61,10
EDR-009514,AST-09514,2026-08-24 22:58:14,False,0,16,False,0,23,False,0.67,8.5
EDR-009515,AST-09515,2026-08-31 19:58:14,False,7,16,False,0,40,False,0.52,6.8
EDR-009516,AST-09516,2026-08-06 20:58:14,False,6,7,False,0,3,False,0.61,7.8
EDR-009517,AST-09517,2026-08-18 01:58:14,True,6,18,False,2,37,True,0.81,4.8
EDR-009518,AST-09518,2026-08-13 20:58:14,True,7,9,False,3,29,False,0.86,6.2
EDR-009519,AST-09519,2026-08-13 01:58:14,True,7,1,False,2,35,True,0.89,6.2
EDR-009520,AST-09520,2026-08-25 04:58:14,False,2,8,False,0,35,False,0.53,8.7
EDR-009521,AST-09521,2026-08-17 01:58:14,False,3,15,False,0,7,False,0.67,7.4
EDR-009522,AST-09522,2026-08-06 14:58:14,False,5,17,False,0,29,False,0.71,7.6
EDR-009523,AST-09523,2026-08-31 20:58:14,False,10,10,False,0,19,False,0.27,7.0
EDR-009524,AST-09524,2026-08-28 23:58:14,False,1,14,False,0,1,False,0.41,8.5
EDR-009525,AST-09525,2026-08-11 18:58:14,False,4,19,False,0,0,False,0.67,7.6
EDR-009526,AST-09526,2026-08-24 13:58:14,False,9,14,False,0,20,False,0.5,6.4
EDR-009527,AST-09527,2026-08-17 15:58:14,False,2,15,False,0,35,False,0.44,7.6
EDR-009528,AST-09528,2026-08-09 05:58:14,False,0,9,False,0,7,False,0.24,9.0
EDR-009529,AST-09529,2026-08-13 15:58:14,False,2,1,False,0,1,False,0.54,9.1
EDR-009530,AST-09530,2026-08-13 22:58:14,False,6,2,False,0,39,False,0.77,8.5
EDR-009531,AST-09531,2026-08-16 07:58:14,False,7,7,False,0,11,False,0.41,7.8
EDR-009532,AST-09532,2026-08-29 06:58:14,False,5,6,False,0,6,False,0.26,7.9
EDR-009533,AST-09533,2026-08-25 19:58:14,False,3,6,False,0,39,False,0.54,8.7
EDR-009534,AST-09534,2026-09-02 10:58:14,False,4,15,False,0,35,False,0.32,7.4
EDR-009535,AST-09535,2026-08-09 05:58:14,False,3,11,False,0,41,False,0.25,8.7
EDR-009536,AST-09536,2026-08-23 13:58:14,False,5,4,False,0,22,False,0.3,8.7
EDR-009537,AST-09537,2026-08-17 08:58:14,False,1,1,False,0,44,False,0.31,9.2
EDR-009538,AST-09538,2026-08-09 06:58:14,False,5,19,False,0,21,False,0.17,7.3
EDR-009539,AST-09539,2026-08-25 08:58:14,False,1,13,False,0,33,False,0.71,8.8
EDR-009540,AST-09540,2026-08-06 09:58:14,False,6,7,False,0,37,False,0.48,7.9
EDR-009541,AST-09541,2026-09-03 03:58:14,False,2,6,False,0,7,False,0.66,8.5
EDR-009542,AST-09542,2026-08-24 10:58:14,False,10,17,False,0,44,False,0.17,6.6
EDR-009543,AST-09543,2026-09-01 07:58:14,True,7,10,False,2,28,True,0.69,5.8
EDR-009544,AST-09544,2026-08-21 05:58:14,False,3,15,False,0,22,False,0.78,8.1
EDR-009545,AST-09545,2026-08-31 21:58:14,False,6,20,False,0,43,False,0.58,7.3
EDR-009546,AST-09546,2026-08-14 13:58:14,False,7,7,False,0,43,False,0.26,7.6
EDR-009547,AST-09547,2026-08-19 14:58:14,False,3,8,False,0,8,False,0.78,8.4
EDR-009548,AST-09548,2026-08-13 10:58:14,False,1,10,False,0,38,False,0.63,8.8
EDR-009549,AST-09549,2026-08-12 08:58:14,False,4,10,False,0,23,False,0.79,7.9
EDR-009550,AST-09550,2026-08-24 04:58:14,False,4,16,False,0,48,False,0.13,8.0
EDR-009551,AST-09551,2026-08-18 21:58:14,False,5,15,False,0,33,False,0.79,7.8
EDR-009552,AST-09552,2026-08-20 22:58:14,False,7,1,False,0,10,False,0.37,8.3
EDR-009553,AST-09553,2026-08-11 15:58:14,False,4,8,False,0,26,False,0.34,8.2
EDR-009554,AST-09554,2026-08-18 20:58:14,False,2,18,False,0,35,False,0.45,7.4
EDR-009555,AST-09555,2026-08-08 02:58:14,False,2,2,False,0,33,False,0.5,9.9
EDR-009556,AST-09556,2026-08-30 02:58:14,False,9,5,False,0,26,False,0.37,7.6
EDR-009557,AST-09557,2026-08-07 23:58:14,False,9,9,False,0,4,False,0.3,7.5
EDR-009558,AST-09558,2026-08-10 02:58:14,False,4,4,False,0,21,False,0.2,8.9
EDR-009559,AST-09559,2026-08-31 19:58:14,False,2,6,False,0,48,False,0.33,8.6
EDR-009560,AST-09560,2026-08-14 09:58:14,False,10,0,False,0,3,False,0.29,7.8
EDR-009561,AST-09561,2026-08-23 03:58:14,False,1,9,False,0,5,False,0.46,8.8
EDR-009562,AST-09562,2026-08-12 06:58:14,False,10,3,False,0,37,False,0.74,7.8
EDR-009563,AST-09563,2026-08-10 18:58:14,False,8,14,False,0,4,False,0.28,6.8
EDR-009564,AST-09564,2026-08-24 08:58:14,False,3,6,False,0,22,False,0.71,9.1
EDR-009565,AST-09565,2026-08-25 05:58:14,False,1,17,False,0,39,False,0.51,8.5
EDR-009566,AST-09566,2026-08-18 05:58:14,False,3,11,False,0,48,False,0.6,8.4
EDR-009567,AST-09567,2026-08-07 23:58:14,False,4,8,False,0,49,False,0.44,8.2
EDR-009568,AST-09568,2026-08-26 20:58:14,False,0,9,False,0,34,False,0.51,9.5
EDR-009569,AST-09569,2026-08-22 14:58:14,False,8,0,False,0,17,False,0.74,8.8
EDR-009570,AST-09570,2026-08-30 16:58:14,False,1,9,False,0,37,False,0.51,8.9
EDR-009571,AST-09571,2026-08-20 09:58:14,False,8,19,False,0,37,False,0.56,6.9
EDR-009572,AST-09572,2026-08-12 02:58:14,False,1,13,False,0,33,False,0.78,8.4
EDR-009573,AST-09573,2026-09-04 03:58:14,False,5,1,False,0,13,False,0.19,8.5
EDR-009574,AST-09574,2026-08-11 22:58:14,False,10,2,False,0,35,False,0.5,7.7
EDR-009575,AST-09575,2026-09-02 11:58:14,False,4,18,False,0,7,False,0.69,7.2
EDR-009576,AST-09576,2026-08-18 20:58:14,False,0,2,False,0,12,False,0.26,10
EDR-009577,AST-09577,2026-08-18 01:58:14,False,7,19,False,0,1,False,0.79,7.2
EDR-009578,AST-09578,2026-08-08 02:58:14,False,3,12,False,0,6,False,0.12,8.2
EDR-009579,AST-09579,2026-08-30 10:58:14,False,6,20,False,0,6,False,0.72,6.5
EDR-009580,AST-09580,2026-08-13 19:58:14,False,0,15,False,0,38,False,0.71,9.0
EDR-009581,AST-09581,2026-08-24 14:58:14,False,0,14,False,0,16,False,0.35,8.9
EDR-009582,AST-09582,2026-08-12 02:58:14,False,1,1,False,0,30,False,0.5,9.8
EDR-009583,AST-09583,2026-08-17 02:58:14,False,8,8,False,0,8,False,0.58,7.1
EDR-009584,AST-09584,2026-08-12 21:58:14,False,10,11,False,0,49,False,0.57,6.9
EDR-009585,AST-09585,2026-08-31 13:58:14,False,9,3,False,0,16,False,0.55,7.7
EDR-009586,AST-09586,2026-08-20 08:58:14,False,10,8,False,0,8,False,0.37,6.9
EDR-009587,AST-09587,2026-08-11 10:58:14,False,10,17,False,0,17,False,0.49,6.2
EDR-009588,AST-09588,2026-08-06 11:58:14,False,1,18,False,0,36,False,0.51,7.9
EDR-009589,AST-09589,2026-08-16 11:58:14,False,1,9,False,0,8,False,0.52,8.5
EDR-009590,AST-09590,2026-08-30 05:58:14,False,3,8,False,0,26,False,0.68,8.8
EDR-009591,AST-09591,2026-08-19 01:58:14,True,10,7,False,1,9,False,0.99,5.1
EDR-009592,AST-09592,2026-08-23 23:58:14,False,0,16,False,0,22,False,0.26,8.2
EDR-009593,AST-09593,2026-08-13 19:58:14,False,7,8,False,0,6,False,0.51,7.8
EDR-009594,AST-09594,2026-08-22 05:58:14,False,0,20,False,0,19,False,0.45,8.3
EDR-009595,AST-09595,2026-08-13 18:58:14,False,0,4,True,0,24,False,0.53,6.9
EDR-009596,AST-09596,2026-08-31 18:58:14,False,0,17,False,0,19,False,0.13,8.5
EDR-009597,AST-09597,2026-08-31 00:58:14,False,2,0,False,0,39,False,0.46,10
EDR-009598,AST-09598,2026-08-20 20:58:14,False,9,2,False,0,29,False,0.46,8.5
EDR-009599,AST-09599,2026-08-05 20:58:14,False,6,20,False,0,17,False,0.22,6.5
EDR-009600,AST-09600,2026-08-08 16:58:14,False,2,5,False,0,13,False,0.4,9.0
EDR-009601,AST-09601,2026-08-16 11:58:14,False,3,6,False,0,31,False,0.57,9.1
EDR-009602,AST-09602,2026-08-13 00:58:14,False,0,18,False,0,3,False,0.55,8.0
EDR-009603,AST-09603,2026-08-23 20:58:14,False,2,12,False,0,10,False,0.28,8.5
EDR-009604,AST-09604,2026-08-28 10:58:14,False,1,11,False,0,24,False,0.36,8.4
EDR-009605,AST-09605,2026-08-28 05:58:14,False,6,18,False,0,44,False,0.68,6.6
EDR-009606,AST-09606,2026-09-01 14:58:14,False,4,15,False,0,43,False,0.3,7.9
EDR-009607,AST-09607,2026-08-08 11:58:14,False,7,16,False,0,50,False,0.42,7.4
EDR-009608,AST-09608,2026-08-22 23:58:14,False,7,10,False,0,1,False,0.42,7.5
EDR-009609,AST-09609,2026-08-17 13:58:14,False,1,18,False,0,7,False,0.34,8.0
EDR-009610,AST-09610,2026-08-23 19:58:14,False,7,4,False,0,16,False,0.74,8.1
EDR-009611,AST-09611,2026-08-13 11:58:14,False,6,19,False,0,38,False,0.66,7.0
EDR-009612,AST-09612,2026-08-30 01:58:14,False,6,2,False,0,7,False,0.64,8.2
EDR-009613,AST-09613,2026-08-10 02:58:14,False,10,4,False,0,11,False,0.46,7.6
EDR-009614,AST-09614,2026-08-14 09:58:14,False,5,9,False,0,9,False,0.15,7.7
EDR-009615,AST-09615,2026-08-06 10:58:14,False,5,8,False,0,5,False,0.34,7.9
EDR-009616,AST-09616,2026-08-28 12:58:14,False,6,20,False,0,27,False,0.35,7.3
EDR-009617,AST-09617,2026-08-29 14:58:14,False,7,19,False,0,25,False,0.48,7.0
EDR-009618,AST-09618,2026-08-05 18:58:14,False,6,18,False,0,43,False,0.72,6.9
EDR-009619,AST-09619,2026-09-02 00:58:14,False,7,8,False,0,27,False,0.29,7.6
EDR-009620,AST-09620,2026-09-02 09:58:14,False,9,18,False,0,13,False,0.75,6.7
EDR-009621,AST-09621,2026-08-13 13:58:14,False,10,10,False,0,33,False,0.21,7.0
EDR-009622,AST-09622,2026-08-10 14:58:14,False,7,1,False,0,39,False,0.44,8.3
EDR-009623,AST-09623,2026-08-14 08:58:14,False,6,12,False,0,25,False,0.39,7.9
EDR-009624,AST-09624,2026-09-03 16:58:14,False,10,1,False,0,36,False,0.7,8.2
EDR-009625,AST-09625,2026-08-08 08:58:14,False,4,10,False,0,28,False,0.27,7.7
EDR-009626,AST-09626,2026-08-15 15:58:14,False,7,12,False,0,37,False,0.76,7.6
EDR-009627,AST-09627,2026-08-25 09:58:14,False,3,0,False,0,31,False,0.67,9.9
EDR-009628,AST-09628,2026-08-16 01:58:14,True,1,10,False,1,14,True,0.82,7.2
EDR-009629,AST-09629,2026-08-15 10:58:14,False,6,18,False,0,44,False,0.5,6.8
EDR-009630,AST-09630,2026-08-24 00:58:14,False,2,9,False,0,25,False,0.34,8.9
EDR-009631,AST-09631,2026-08-28 06:58:14,False,0,15,False,0,29,False,0.41,8.2
EDR-009632,AST-09632,2026-08-09 22:58:14,False,5,15,False,0,0,False,0.23,7.5
EDR-009633,AST-09633,2026-08-14 07:58:14,False,10,19,False,0,3,False,0.18,6.1
EDR-009634,AST-09634,2026-08-08 08:58:14,False,5,5,False,0,35,False,0.59,8.7
EDR-009635,AST-09635,2026-09-02 23:58:14,False,10,13,False,0,23,False,0.19,7.1
EDR-009636,AST-09636,2026-08-07 14:58:14,False,1,19,False,0,8,False,0.32,8.2
EDR-009637,AST-09637,2026-08-29 13:58:14,False,10,0,False,0,36,False,0.64,8.0
EDR-009638,AST-09638,2026-08-29 06:58:14,False,1,3,False,0,27,False,0.75,9.1
EDR-009639,AST-09639,2026-08-07 07:58:14,False,1,17,False,0,24,False,0.65,8.3
EDR-009640,AST-09640,2026-08-14 00:58:14,False,8,18,False,0,37,False,0.29,6.4
EDR-009641,AST-09641,2026-08-22 13:58:14,False,1,16,False,0,50,False,0.29,8.3
EDR-009642,AST-09642,2026-08-18 12:58:14,False,0,11,False,0,22,False,0.28,8.7
EDR-009643,AST-09643,2026-09-03 09:58:14,False,9,3,False,0,49,False,0.19,7.7
EDR-009644,AST-09644,2026-08-20 19:58:14,False,9,16,False,0,30,False,0.38,7.1
EDR-009645,AST-09645,2026-08-16 04:58:14,False,2,14,False,0,12,False,0.41,8.2
EDR-009646,AST-09646,2026-08-29 15:58:14,False,6,15,False,0,49,False,0.32,7.3
EDR-009647,AST-09647,2026-08-31 14:58:14,False,0,19,False,0,30,False,0.53,8.5
EDR-009648,AST-09648,2026-08-10 07:58:14,False,9,16,False,0,23,False,0.53,6.2
EDR-009649,AST-09649,2026-08-12 13:58:14,False,0,6,False,0,16,False,0.35,9.9
EDR-009650,AST-09650,2026-08-21 02:58:14,False,7,6,False,0,47,False,0.61,8.1
EDR-009651,AST-09651,2026-08-19 09:58:14,False,0,12,False,0,24,False,0.18,8.8
EDR-009652,AST-09652,2026-09-03 04:58:14,False,8,9,False,0,12,False,0.3,7.5
EDR-009653,AST-09653,2026-08-23 17:58:14,False,9,4,False,0,26,False,0.44,8.2
EDR-009654,AST-09654,2026-08-19 17:58:14,False,1,16,False,0,21,False,0.57,8.2
EDR-009655,AST-09655,2026-08-13 01:58:14,False,9,6,False,0,6,False,0.76,7.4
EDR-009656,AST-09656,2026-09-01 07:58:14,False,7,7,False,0,32,False,0.68,8.0
EDR-009657,AST-09657,2026-08-29 01:58:14,True,0,8,False,0,35,False,0.79,7.5
EDR-009658,AST-09658,2026-08-12 20:58:14,False,7,19,False,0,30,False,0.42,6.7
EDR-009659,AST-09659,2026-09-04 14:58:14,False,0,3,False,0,25,False,0.73,9.7
EDR-009660,AST-09660,2026-08-16 09:58:14,False,1,0,False,0,32,False,0.32,9.8
EDR-009661,AST-09661,2026-08-30 20:58:14,False,8,15,False,0,10,False,0.71,6.8
EDR-009662,AST-09662,2026-08-19 11:58:14,False,8,1,False,0,17,False,0.34,8.8
EDR-009663,AST-09663,2026-08-20 01:58:14,True,2,9,False,3,42,False,0.95,7.2
EDR-009664,AST-09664,2026-08-07 06:58:14,False,9,1,False,0,13,False,0.54,8.0
EDR-009665,AST-09665,2026-08-23 04:58:14,False,7,12,False,0,12,False,0.38,7.2
EDR-009666,AST-09666,2026-08-31 14:58:14,False,4,2,False,0,6,False,0.23,9.1
EDR-009667,AST-09667,2026-08-12 10:58:14,False,0,18,False,0,26,False,0.67,8.5
EDR-009668,AST-09668,2026-08-11 06:58:14,False,0,6,False,0,7,False,0.11,9.4
EDR-009669,AST-09669,2026-08-19 22:58:14,False,6,3,False,0,7,False,0.37,8.8
EDR-009670,AST-09670,2026-08-29 19:58:14,False,8,6,False,0,49,False,0.55,8.2
EDR-009671,AST-09671,2026-09-03 06:58:14,False,9,3,False,0,33,False,0.43,8.3
EDR-009672,AST-09672,2026-08-09 08:58:14,False,8,2,False,0,23,False,0.3,8.5
EDR-009673,AST-09673,2026-09-03 17:58:14,False,6,17,False,0,23,False,0.14,7.4
EDR-009674,AST-09674,2026-08-14 16:58:14,False,6,17,False,0,7,False,0.7,7.2
EDR-009675,AST-09675,2026-08-15 17:58:14,False,1,8,True,0,43,False,0.8,6.1
EDR-009676,AST-09676,2026-08-30 15:58:14,False,4,0,False,0,46,False,0.11,9.7
EDR-009677,AST-09677,2026-08-30 23:58:14,False,7,12,False,0,25,False,0.28,7.5
EDR-009678,AST-09678,2026-08-07 23:58:14,False,2,16,False,0,10,False,0.15,7.9
EDR-009679,AST-09679,2026-08-20 04:58:14,False,4,15,False,0,4,False,0.28,7.8
EDR-009680,AST-09680,2026-08-20 01:58:14,False,9,9,False,0,42,False,0.68,7.7
EDR-009681,AST-09681,2026-08-09 05:58:14,False,7,15,False,0,16,False,0.73,7.1
EDR-009682,AST-09682,2026-08-06 08:58:14,True,2,10,False,0,39,True,0.72,6.9
EDR-009683,AST-09683,2026-08-17 01:58:14,False,1,16,False,0,45,False,0.33,8.0
EDR-009684,AST-09684,2026-08-05 21:58:14,False,5,12,False,0,20,False,0.26,8.0
EDR-009685,AST-09685,2026-08-11 16:58:14,False,7,4,False,0,22,False,0.1,8.1
EDR-009686,AST-09686,2026-08-17 00:58:14,False,6,4,False,0,3,False,0.57,8.8
EDR-009687,AST-09687,2026-09-01 18:58:14,False,3,20,False,0,31,False,0.75,7.1
EDR-009688,AST-09688,2026-08-19 09:58:14,False,2,8,False,0,27,False,0.28,9.0
EDR-009689,AST-09689,2026-09-04 01:58:14,False,1,5,False,0,46,False,0.35,9.6
EDR-009690,AST-09690,2026-09-03 08:58:14,False,5,14,False,0,47,False,0.66,7.2
EDR-009691,AST-09691,2026-09-03 18:58:14,False,8,2,False,0,9,False,0.57,8.0
EDR-009692,AST-09692,2026-08-12 02:58:14,False,2,13,False,0,16,False,0.39,8.7
EDR-009693,AST-09693,2026-08-11 11:58:14,False,1,13,False,0,40,False,0.51,8.2
EDR-009694,AST-09694,2026-09-03 05:58:14,False,10,15,True,0,9,False,0.6,3.1
EDR-009695,AST-09695,2026-08-14 14:58:14,False,4,6,False,0,4,False,0.72,8.8
EDR-009696,AST-09696,2026-08-26 11:58:14,False,7,6,False,0,29,False,0.25,7.5
EDR-009697,AST-09697,2026-08-22 18:58:14,False,9,3,False,0,6,False,0.12,7.4
EDR-009698,AST-09698,2026-08-18 03:58:14,False,3,0,False,0,33,False,0.27,9.5
EDR-009699,AST-09699,2026-08-17 19:58:14,False,2,16,False,0,31,False,0.5,7.6
EDR-009700,AST-09700,2026-08-26 14:58:14,False,3,4,False,0,7,False,0.19,9.3
EDR-009701,AST-09701,2026-08-26 11:58:14,False,9,5,False,0,36,False,0.29,7.7
EDR-009702,AST-09702,2026-08-28 22:58:14,False,0,14,False,0,41,False,0.23,9.0
EDR-009703,AST-09703,2026-08-08 22:58:14,False,7,3,False,0,45,False,0.22,7.9
EDR-009704,AST-09704,2026-08-10 07:58:14,False,2,9,False,0,15,False,0.36,8.7
EDR-009705,AST-09705,2026-08-17 23:58:14,False,8,16,False,0,50,False,0.42,7.1
EDR-009706,AST-09706,2026-08-25 08:58:14,False,4,5,False,0,27,False,0.6,8.5
EDR-009707,AST-09707,2026-08-14 02:58:14,False,2,16,False,0,8,False,0.45,8.1
EDR-009708,AST-09708,2026-08-25 10:58:14,False,6,10,False,0,22,False,0.63,7.4
EDR-009709,AST-09709,2026-08-16 07:58:14,False,6,15,False,0,48,False,0.62,7.2
EDR-009710,AST-09710,2026-08-15 20:58:14,False,10,7,False,0,21,False,0.61,7.0
EDR-009711,AST-09711,2026-08-07 18:58:14,False,10,12,False,0,39,False,0.25,7.2
EDR-009712,AST-09712,2026-08-11 19:58:14,False,6,14,False,0,8,False,0.19,7.7
EDR-009713,AST-09713,2026-08-15 15:58:14,False,7,10,False,0,49,False,0.52,7.9
EDR-009714,AST-09714,2026-08-16 01:58:14,False,8,7,False,0,28,False,0.26,7.8
EDR-009715,AST-09715,2026-08-28 19:58:14,False,8,4,False,0,27,False,0.11,8.3
EDR-009716,AST-09716,2026-08-27 22:58:14,False,10,15,False,0,3,False,0.79,7.0
EDR-009717,AST-09717,2026-08-18 19:58:14,False,7,1,False,0,32,False,0.5,8.8
EDR-009718,AST-09718,2026-08-10 06:58:14,False,1,13,False,0,21,False,0.26,8.6
EDR-009719,AST-09719,2026-08-08 08:58:14,False,9,17,False,0,0,False,0.49,6.1
EDR-009720,AST-09720,2026-08-31 20:58:14,False,8,9,False,0,21,False,0.61,7.3
EDR-009721,AST-09721,2026-08-15 18:58:14,False,0,15,False,0,4,False,0.63,8.8
EDR-009722,AST-09722,2026-08-21 07:58:14,False,10,11,False,0,40,False,0.18,6.7
EDR-009723,AST-09723,2026-08-10 20:58:14,False,8,7,False,0,45,False,0.17,7.8
EDR-009724,AST-09724,2026-08-31 00:58:14,False,0,17,False,0,17,False,0.31,8.7
EDR-009725,AST-09725,2026-08-24 14:58:14,False,3,10,False,0,44,False,0.35,8.4
EDR-009726,AST-09726,2026-08-19 08:58:14,False,0,13,False,0,47,False,0.56,9.1
EDR-009727,AST-09727,2026-08-22 00:58:14,False,4,12,False,0,27,False,0.36,7.7
EDR-009728,AST-09728,2026-08-22 20:58:14,False,7,10,False,0,12,False,0.69,7.9
EDR-009729,AST-09729,2026-08-16 06:58:14,False,9,12,False,0,16,False,0.44,7.1
EDR-009730,AST-09730,2026-08-20 20:58:14,False,1,4,False,0,26,False,0.3,9.6
EDR-009731,AST-09731,2026-08-06 23:58:14,False,6,6,False,0,41,False,0.39,8.7
EDR-009732,AST-09732,2026-08-26 13:58:14,False,1,16,False,0,28,False,0.15,8.2
EDR-009733,AST-09733,2026-08-16 13:58:14,False,5,15,False,0,30,False,0.13,7.0
EDR-009734,AST-09734,2026-08-15 16:58:14,False,4,3,False,0,34,False,0.42,8.7
EDR-009735,AST-09735,2026-08-18 14:58:14,False,9,5,False,0,22,False,0.71,7.2
EDR-009736,AST-09736,2026-08-06 08:58:14,False,3,8,False,0,50,False,0.59,8.8
EDR-009737,AST-09737,2026-09-02 20:58:14,False,5,13,False,0,6,False,0.21,7.9
EDR-009738,AST-09738,2026-08-14 02:58:14,True,0,4,False,1,4,False,0.74,8.0
EDR-009739,AST-09739,2026-08-08 02:58:14,False,9,16,False,0,34,False,0.27,6.6
EDR-009740,AST-09740,2026-08-25 07:58:14,False,7,9,False,0,25,False,0.58,7.3
EDR-009741,AST-09741,2026-08-18 08:58:14,False,4,9,False,0,46,False,0.5,8.4
EDR-009742,AST-09742,2026-09-04 15:58:14,False,7,0,False,0,42,False,0.23,8.9
EDR-009743,AST-09743,2026-08-08 17:58:14,False,8,2,False,0,50,False,0.24,7.9
EDR-009744,AST-09744,2026-08-29 17:58:14,False,4,20,False,0,38,False,0.14,7.5
EDR-009745,AST-09745,2026-08-13 21:58:14,False,7,4,False,0,39,False,0.51,8.2
EDR-009746,AST-09746,2026-08-24 22:58:14,False,2,4,False,0,5,False,0.67,9.6
EDR-009747,AST-09747,2026-08-08 08:58:14,False,2,3,False,0,35,False,0.17,9.6
EDR-009748,AST-09748,2026-09-01 00:58:14,False,10,19,False,0,40,False,0.77,6.0
EDR-009749,AST-09749,2026-08-25 22:58:14,False,1,4,False,0,19,False,0.53,9.2
EDR-009750,AST-09750,2026-08-14 06:58:14,False,5,11,False,0,20,False,0.3,7.9
EDR-009751,AST-09751,2026-08-11 01:58:14,False,6,12,False,0,28,False,0.16,7.4
EDR-009752,AST-09752,2026-08-25 12:58:14,False,9,13,False,0,25,False,0.23,7.4
EDR-009753,AST-09753,2026-08-29 22:58:14,False,6,18,False,0,28,False,0.11,6.6
EDR-009754,AST-09754,2026-09-01 22:58:14,False,3,3,False,0,2,False,0.47,9.5
EDR-009755,AST-09755,2026-08-10 22:58:14,True,7,12,False,0,5,True,0.81,5.3
EDR-009756,AST-09756,2026-08-18 14:58:14,False,6,6,False,0,42,False,0.3,7.9
EDR-009757,AST-09757,2026-08-11 14:58:14,True,0,13,False,1,28,False,0.75,6.8
EDR-009758,AST-09758,2026-08-27 02:58:14,False,1,2,False,0,49,False,0.68,9.6
EDR-009759,AST-09759,2026-08-23 00:58:14,False,5,14,False,0,7,False,0.47,7.3
EDR-009760,AST-09760,2026-08-19 04:58:14,False,1,20,False,0,48,False,0.77,8.2
EDR-009761,AST-09761,2026-08-23 07:58:14,False,0,17,False,0,33,False,0.4,7.9
EDR-009762,AST-09762,2026-08-14 06:58:14,False,2,11,False,0,48,False,0.8,8.7
EDR-009763,AST-09763,2026-08-27 15:58:14,False,8,16,False,0,6,False,0.25,6.9
EDR-009764,AST-09764,2026-08-24 12:58:14,False,1,12,False,0,14,False,0.74,8.8
EDR-009765,AST-09765,2026-08-23 19:58:14,False,6,18,False,0,17,False,0.57,7.0
EDR-009766,AST-09766,2026-08-12 23:58:14,False,1,18,True,0,0,False,0.58,5.1
EDR-009767,AST-09767,2026-08-13 01:58:14,False,0,18,False,0,46,False,0.74,7.9
EDR-009768,AST-09768,2026-08-16 02:58:14,False,9,11,False,0,7,False,0.63,7.6
EDR-009769,AST-09769,2026-08-22 06:58:14,False,10,12,False,0,1,False,0.46,6.7
EDR-009770,AST-09770,2026-08-18 04:58:14,False,10,14,False,0,50,False,0.39,7.1
EDR-009771,AST-09771,2026-08-14 05:58:14,False,0,7,False,0,7,False,0.26,9.7
EDR-009772,AST-09772,2026-08-28 10:58:14,False,3,15,False,0,25,False,0.48,7.7
EDR-009773,AST-09773,2026-08-25 05:58:14,True,9,3,False,1,2,False,0.79,5.4
EDR-009774,AST-09774,2026-08-05 23:58:14,False,7,0,False,0,4,False,0.28,8.6
EDR-009775,AST-09775,2026-08-16 13:58:14,False,3,15,False,0,7,False,0.51,7.7
EDR-009776,AST-09776,2026-08-09 18:58:14,False,8,5,False,0,33,False,0.22,8.0
EDR-009777,AST-09777,2026-08-14 15:58:14,False,5,10,False,0,32,False,0.2,8.3
EDR-009778,AST-09778,2026-08-07 09:58:14,False,6,11,False,0,36,False,0.46,7.4
EDR-009779,AST-09779,2026-08-19 02:58:14,False,10,11,False,0,49,False,0.61,7.0
EDR-009780,AST-09780,2026-08-19 22:58:14,False,5,12,False,0,0,False,0.74,7.6
EDR-009781,AST-09781,2026-08-29 02:58:14,False,9,4,False,0,5,False,0.38,7.3
EDR-009782,AST-09782,2026-08-12 21:58:14,False,5,7,False,0,14,False,0.34,8.4
EDR-009783,AST-09783,2026-08-08 15:58:14,False,10,12,False,0,35,False,0.6,7.0
EDR-009784,AST-09784,2026-09-04 13:58:14,False,1,7,False,0,40,False,0.69,9.4
EDR-009785,AST-09785,2026-08-15 07:58:14,False,0,3,False,0,38,False,0.28,9.7
EDR-009786,AST-09786,2026-08-12 17:58:14,False,7,7,False,0,42,False,0.13,7.9
EDR-009787,AST-09787,2026-08-15 23:58:14,False,1,11,False,0,17,False,0.18,8.8
EDR-009788,AST-09788,2026-08-14 17:58:14,False,0,16,False,0,42,False,0.1,8.0
EDR-009789,AST-09789,2026-08-14 06:58:14,False,9,7,False,0,1,False,0.79,7.9
EDR-009790,AST-09790,2026-08-21 16:58:14,False,8,10,True,0,13,False,0.77,4.9
EDR-009791,AST-09791,2026-08-30 08:58:14,False,4,16,False,0,3,False,0.74,7.2
EDR-009792,AST-09792,2026-08-28 02:58:14,False,5,0,False,0,17,False,0.42,8.7
EDR-009793,AST-09793,2026-09-03 12:58:14,False,10,1,False,0,45,False,0.68,7.4
EDR-009794,AST-09794,2026-08-27 22:58:14,False,2,18,False,0,6,False,0.13,7.3
EDR-009795,AST-09795,2026-08-25 15:58:14,False,7,5,False,0,45,False,0.27,8.4
EDR-009796,AST-09796,2026-08-08 01:58:14,False,1,15,False,0,47,False,0.27,7.9
EDR-009797,AST-09797,2026-08-21 01:58:14,False,5,11,False,0,7,False,0.63,7.9
EDR-009798,AST-09798,2026-08-12 05:58:14,False,10,2,False,0,18,False,0.6,7.8
EDR-009799,AST-09799,2026-08-21 06:58:14,False,10,8,False,0,17,False,0.39,7.4
EDR-009800,AST-09800,2026-08-12 21:58:14,False,7,15,False,0,31,False,0.66,7.4
EDR-009801,AST-09801,2026-08-20 05:58:14,False,9,6,False,0,5,False,0.73,8.0
EDR-009802,AST-09802,2026-08-13 16:58:14,False,7,20,False,0,10,False,0.77,6.9
EDR-009803,AST-09803,2026-08-12 17:58:14,False,5,18,False,0,24,False,0.52,7.2
EDR-009804,AST-09804,2026-08-08 04:58:14,False,8,15,False,0,29,False,0.34,6.8
EDR-009805,AST-09805,2026-08-09 15:58:14,False,4,11,False,0,27,False,0.49,8.1
EDR-009806,AST-09806,2026-08-23 14:58:14,False,7,11,False,0,29,False,0.11,7.5
EDR-009807,AST-09807,2026-09-01 16:58:14,False,0,13,False,0,39,False,0.78,8.9
EDR-009808,AST-09808,2026-09-01 21:58:14,False,10,6,False,0,38,False,0.37,7.3
EDR-009809,AST-09809,2026-08-18 06:58:14,False,8,16,False,0,33,False,0.12,6.3
EDR-009810,AST-09810,2026-08-25 04:58:14,False,6,13,False,0,39,False,0.66,7.2
EDR-009811,AST-09811,2026-08-12 08:58:14,False,1,5,False,0,38,False,0.54,8.9
EDR-009812,AST-09812,2026-08-23 18:58:14,False,1,4,True,0,2,False,0.75,6.9
EDR-009813,AST-09813,2026-09-02 18:58:14,False,10,19,False,0,32,False,0.19,6.1
EDR-009814,AST-09814,2026-09-02 07:58:14,False,6,3,False,0,41,False,0.62,8.1
EDR-009815,AST-09815,2026-08-23 16:58:14,False,9,15,False,0,42,False,0.75,7.0
EDR-009816,AST-09816,2026-08-28 00:58:14,False,9,18,False,0,0,False,0.71,6.1
EDR-009817,AST-09817,2026-09-03 20:58:14,False,5,15,False,0,6,False,0.34,7.3
EDR-009818,AST-09818,2026-09-03 21:58:14,False,2,4,False,0,42,False,0.46,9.0
EDR-009819,AST-09819,2026-09-03 05:58:14,True,5,8,False,1,50,True,0.98,5.7
EDR-009820,AST-09820,2026-08-23 23:58:14,False,0,6,False,0,18,False,0.2,9.3
EDR-009821,AST-09821,2026-08-14 17:58:14,False,1,7,False,0,35,False,0.19,8.8
EDR-009822,AST-09822,2026-08-22 22:58:14,False,0,0,False,0,25,False,0.39,10
EDR-009823,AST-09823,2026-08-21 04:58:14,False,4,2,False,0,37,False,0.79,8.7
EDR-009824,AST-09824,2026-08-08 10:58:14,False,7,13,False,0,50,False,0.34,7.5
EDR-009825,AST-09825,2026-08-12 10:58:14,False,1,5,False,0,40,False,0.53,9.5
EDR-009826,AST-09826,2026-08-28 02:58:14,False,10,14,False,0,38,False,0.7,6.9
EDR-009827,AST-09827,2026-08-15 00:58:14,False,4,9,False,0,30,False,0.55,8.2
EDR-009828,AST-09828,2026-08-14 17:58:14,False,1,1,False,0,14,False,0.39,9.7
EDR-009829,AST-09829,2026-09-02 04:58:14,False,0,6,False,0,37,False,0.44,9.0
EDR-009830,AST-09830,2026-08-16 02:58:14,False,6,12,False,0,38,False,0.62,7.7
EDR-009831,AST-09831,2026-08-13 13:58:14,False,3,10,False,0,27,False,0.62,8.1
EDR-009832,AST-09832,2026-08-09 20:58:14,False,4,20,False,0,2,False,0.11,7.3
EDR-009833,AST-09833,2026-08-29 08:58:14,False,7,1,False,0,17,False,0.57,9.0
EDR-009834,AST-09834,2026-08-06 15:58:14,True,4,11,False,1,15,True,0.65,6.2
EDR-009835,AST-09835,2026-08-17 09:58:14,False,0,3,False,0,47,False,0.18,10
EDR-009836,AST-09836,2026-09-02 07:58:14,False,8,20,False,0,41,False,0.38,6.6
EDR-009837,AST-09837,2026-08-31 17:58:14,False,1,10,False,0,34,False,0.23,9.1
EDR-009838,AST-09838,2026-08-06 21:58:14,False,2,3,False,0,6,False,0.51,9.3
EDR-009839,AST-09839,2026-08-09 16:58:14,False,3,3,False,0,37,False,0.23,9.0
EDR-009840,AST-09840,2026-08-05 18:58:14,False,0,11,False,0,30,False,0.16,8.5
EDR-009841,AST-09841,2026-08-17 06:58:14,False,4,5,False,0,9,False,0.79,8.2
EDR-009842,AST-09842,2026-08-20 00:58:14,False,9,11,False,0,44,False,0.57,7.1
EDR-009843,AST-09843,2026-08-22 00:58:14,False,9,19,False,0,30,False,0.69,5.9
EDR-009844,AST-09844,2026-08-17 17:58:14,False,10,18,False,0,39,False,0.61,5.8
EDR-009845,AST-09845,2026-08-17 08:58:14,False,4,16,False,0,32,False,0.47,7.8
EDR-009846,AST-09846,2026-08-17 11:58:14,False,0,11,False,0,15,False,0.64,9.3
EDR-009847,AST-09847,2026-08-21 19:58:14,False,2,11,False,0,1,False,0.12,8.4
EDR-009848,AST-09848,2026-08-11 12:58:14,False,0,13,False,0,33,False,0.17,8.4
EDR-009849,AST-09849,2026-08-25 02:58:14,False,0,17,False,0,35,False,0.66,8.6
EDR-009850,AST-09850,2026-08-31 15:58:14,False,4,14,False,0,18,False,0.16,7.9
EDR-009851,AST-09851,2026-08-09 03:58:14,False,9,6,False,0,42,False,0.59,7.8
EDR-009852,AST-09852,2026-08-29 05:58:14,False,0,7,False,0,2,False,0.36,8.8
EDR-009853,AST-09853,2026-08-28 16:58:14,False,9,9,False,0,39,False,0.14,7.7
EDR-009854,AST-09854,2026-08-12 07:58:14,False,6,12,False,0,15,False,0.52,7.2
EDR-009855,AST-09855,2026-08-11 19:58:14,False,3,2,False,0,50,False,0.13,9.3
EDR-009856,AST-09856,2026-08-19 06:58:14,True,7,9,False,1,31,False,0.6,5.8
EDR-009857,AST-09857,2026-08-22 00:58:14,False,2,20,False,0,8,False,0.61,7.1
EDR-009858,AST-09858,2026-08-09 08:58:14,False,0,16,False,0,37,False,0.12,8.3
EDR-009859,AST-09859,2026-08-23 10:58:14,True,5,2,False,1,37,False,0.94,6.4
EDR-009860,AST-09860,2026-09-02 10:58:14,False,9,3,False,0,38,False,0.39,8.2
EDR-009861,AST-09861,2026-08-09 08:58:14,False,3,10,False,0,19,False,0.12,8.6
EDR-009862,AST-09862,2026-08-23 09:58:14,False,1,6,False,0,5,False,0.11,8.8
EDR-009863,AST-09863,2026-08-23 08:58:14,True,0,15,False,1,1,True,0.8,6.2
EDR-009864,AST-09864,2026-08-09 17:58:14,False,4,1,False,0,42,False,0.43,8.6
EDR-009865,AST-09865,2026-08-10 06:58:14,False,6,3,False,0,9,False,0.23,9.0
EDR-009866,AST-09866,2026-08-19 18:58:14,False,9,20,False,0,7,False,0.12,6.4
EDR-009867,AST-09867,2026-08-06 20:58:14,False,10,14,False,0,2,False,0.39,7.1
EDR-009868,AST-09868,2026-08-14 15:58:14,False,10,19,False,0,35,False,0.25,6.0
EDR-009869,AST-09869,2026-09-04 05:58:14,False,4,20,False,0,34,False,0.44,7.5
EDR-009870,AST-09870,2026-09-01 07:58:14,False,8,8,False,0,3,False,0.2,8.1
EDR-009871,AST-09871,2026-08-21 22:58:14,False,10,3,False,0,24,False,0.74,7.3
EDR-009872,AST-09872,2026-08-23 03:58:14,False,0,12,False,0,24,False,0.12,8.5
EDR-009873,AST-09873,2026-08-09 21:58:14,False,6,17,False,0,47,False,0.34,7.4
EDR-009874,AST-09874,2026-08-17 00:58:14,True,1,3,False,0,21,True,0.61,7.4
EDR-009875,AST-09875,2026-08-26 08:58:14,False,4,15,False,0,21,False,0.57,8.0
EDR-009876,AST-09876,2026-08-20 01:58:14,False,8,10,False,0,21,False,0.67,7.8
EDR-009877,AST-09877,2026-08-06 08:58:14,False,1,6,False,0,43,False,0.29,9.1
EDR-009878,AST-09878,2026-08-21 18:58:14,False,9,16,False,0,12,False,0.21,7.0
EDR-009879,AST-09879,2026-08-19 17:58:14,False,6,16,False,0,1,False,0.5,7.0
EDR-009880,AST-09880,2026-08-28 07:58:14,False,9,8,False,0,0,False,0.11,7.8
EDR-009881,AST-09881,2026-08-22 16:58:14,False,7,1,False,0,27,False,0.14,8.9
EDR-009882,AST-09882,2026-08-25 12:58:14,False,8,1,False,0,27,False,0.1,8.5
EDR-009883,AST-09883,2026-08-20 10:58:14,False,4,13,False,0,47,False,0.7,7.8
EDR-009884,AST-09884,2026-08-07 03:58:14,False,2,11,False,0,35,False,0.76,8.0
EDR-009885,AST-09885,2026-08-14 14:58:14,False,10,5,False,0,15,False,0.57,7.6
EDR-009886,AST-09886,2026-08-17 12:58:14,False,9,3,False,0,13,False,0.65,7.8
EDR-009887,AST-09887,2026-08-31 07:58:14,False,9,0,False,0,48,False,0.51,7.9
EDR-009888,AST-09888,2026-08-18 01:58:14,False,8,9,False,0,35,False,0.28,7.2
EDR-009889,AST-09889,2026-08-14 13:58:14,False,7,1,False,0,21,False,0.22,8.5
EDR-009890,AST-09890,2026-08-12 00:58:14,False,2,6,False,0,19,False,0.15,8.8
EDR-009891,AST-09891,2026-08-29 19:58:14,False,0,14,False,0,24,False,0.53,9.0
EDR-009892,AST-09892,2026-08-07 07:58:14,False,7,7,False,0,28,False,0.29,7.4
EDR-009893,AST-09893,2026-08-22 19:58:14,False,5,8,False,0,25,False,0.77,8.6
EDR-009894,AST-09894,2026-09-01 23:58:14,False,7,18,False,0,22,False,0.71,6.7
EDR-009895,AST-09895,2026-08-28 20:58:14,False,5,13,False,0,48,False,0.47,7.6
EDR-009896,AST-09896,2026-08-06 00:58:14,False,9,19,False,0,24,False,0.11,6.5
EDR-009897,AST-09897,2026-08-14 21:58:14,False,8,10,False,0,35,False,0.72,7.2
EDR-009898,AST-09898,2026-09-01 17:58:14,True,10,7,False,3,37,True,0.77,5.0
EDR-009899,AST-09899,2026-09-01 00:58:14,False,2,10,False,0,42,False,0.41,8.2
EDR-009900,AST-09900,2026-08-14 15:58:14,False,6,14,False,0,3,False,0.2,7.7
EDR-009901,AST-09901,2026-08-11 05:58:14,False,8,20,False,0,16,False,0.65,6.9
EDR-009902,AST-09902,2026-08-30 15:58:14,False,10,15,False,0,22,False,0.57,6.7
EDR-009903,AST-09903,2026-08-30 23:58:14,False,10,4,False,0,7,False,0.72,7.3
EDR-009904,AST-09904,2026-08-10 23:58:14,False,1,10,False,0,42,False,0.74,9.2
EDR-009905,AST-09905,2026-08-10 02:58:14,False,1,15,True,0,16,False,0.55,5.7
EDR-009906,AST-09906,2026-08-06 23:58:14,False,2,13,False,0,29,False,0.4,8.5
EDR-009907,AST-09907,2026-08-09 11:58:14,False,2,5,False,0,2,False,0.33,9.1
EDR-009908,AST-09908,2026-08-11 17:58:14,False,4,3,False,0,12,False,0.72,8.9
EDR-009909,AST-09909,2026-08-17 08:58:14,False,1,1,False,0,31,False,0.26,9.5
EDR-009910,AST-09910,2026-09-01 13:58:14,False,1,20,False,0,19,False,0.36,7.4
EDR-009911,AST-09911,2026-08-25 13:58:14,False,7,2,False,0,22,False,0.54,8.7
EDR-009912,AST-09912,2026-08-31 02:58:14,False,9,9,False,0,32,False,0.65,6.9
EDR-009913,AST-09913,2026-08-30 02:58:14,False,6,5,False,0,44,False,0.78,7.8
EDR-009914,AST-09914,2026-09-04 03:58:14,False,1,16,False,0,26,False,0.53,8.5
EDR-009915,AST-09915,2026-08-14 23:58:14,False,3,19,False,0,49,False,0.76,7.3
EDR-009916,AST-09916,2026-08-12 04:58:14,False,4,19,False,0,3,False,0.6,7.7
EDR-009917,AST-09917,2026-08-17 05:58:14,False,8,14,False,0,1,False,0.32,7.2
EDR-009918,AST-09918,2026-08-11 09:58:14,False,7,20,False,0,12,False,0.3,6.8
EDR-009919,AST-09919,2026-08-14 02:58:14,False,10,1,False,0,25,False,0.5,7.4
EDR-009920,AST-09920,2026-08-23 05:58:14,False,9,0,False,0,24,False,0.23,8.0
EDR-009921,AST-09921,2026-08-10 21:58:14,False,9,2,False,0,22,False,0.32,8.2
EDR-009922,AST-09922,2026-08-24 00:58:14,False,9,20,False,0,21,False,0.48,6.2
EDR-009923,AST-09923,2026-08-29 14:58:14,False,4,5,False,0,10,False,0.55,8.6
EDR-009924,AST-09924,2026-08-12 05:58:14,True,6,15,False,0,19,False,0.7,5.2
EDR-009925,AST-09925,2026-08-23 16:58:14,False,8,15,False,0,43,False,0.6,7.4
EDR-009926,AST-09926,2026-08-26 03:58:14,False,7,7,False,0,25,False,0.71,8.0
EDR-009927,AST-09927,2026-08-06 12:58:14,False,0,14,False,0,39,False,0.32,8.7
EDR-009928,AST-09928,2026-08-23 16:58:14,False,1,4,False,0,38,False,0.72,9.6
EDR-009929,AST-09929,2026-08-26 05:58:14,False,8,0,False,0,27,False,0.31,7.9
EDR-009930,AST-09930,2026-08-10 10:58:14,False,3,13,False,0,12,False,0.42,8.4
EDR-009931,AST-09931,2026-08-11 23:58:14,False,5,13,False,0,15,False,0.15,7.7
EDR-009932,AST-09932,2026-08-06 05:58:14,False,0,17,False,0,30,False,0.52,8.8
EDR-009933,AST-09933,2026-08-14 04:58:14,False,9,0,False,0,18,False,0.31,8.0
EDR-009934,AST-09934,2026-08-22 04:58:14,False,2,14,False,0,23,False,0.2,8.5
EDR-009935,AST-09935,2026-08-22 06:58:14,False,2,4,False,0,8,False,0.67,9.4
EDR-009936,AST-09936,2026-08-15 04:58:14,False,2,7,False,0,11,False,0.24,8.4
EDR-009937,AST-09937,2026-08-27 08:58:14,False,4,8,False,0,1,False,0.8,8.0
EDR-009938,AST-09938,2026-08-27 14:58:14,False,8,0,False,0,12,False,0.32,8.2
EDR-009939,AST-09939,2026-08-11 19:58:14,False,10,1,False,0,42,False,0.22,8.2
EDR-009940,AST-09940,2026-08-14 10:58:14,False,4,6,False,0,24,False,0.4,8.1
EDR-009941,AST-09941,2026-08-13 02:58:14,False,3,7,False,0,1,False,0.4,9.0
EDR-009942,AST-09942,2026-08-12 14:58:14,False,5,11,False,0,7,False,0.44,8.4
EDR-009943,AST-09943,2026-09-01 03:58:14,False,1,6,False,0,16,False,0.46,9.3
EDR-009944,AST-09944,2026-08-20 03:58:14,False,3,9,False,0,42,False,0.49,8.7
EDR-009945,AST-09945,2026-08-24 12:58:14,False,1,2,False,0,24,False,0.28,9.6
EDR-009946,AST-09946,2026-08-11 08:58:14,False,9,8,False,0,20,False,0.36,7.8
EDR-009947,AST-09947,2026-08-29 14:58:14,False,2,18,False,0,1,False,0.57,7.7
EDR-009948,AST-09948,2026-08-13 05:58:14,False,4,13,False,0,43,False,0.45,8.3
EDR-009949,AST-09949,2026-08-19 03:58:14,False,2,3,False,0,0,False,0.73,8.9
EDR-009950,AST-09950,2026-08-08 12:58:14,True,1,20,False,0,6,False,0.87,6.2
EDR-009951,AST-09951,2026-08-22 07:58:14,False,10,17,False,0,28,False,0.51,6.3
EDR-009952,AST-09952,2026-08-10 02:58:14,False,1,12,False,0,21,False,0.12,8.6
EDR-009953,AST-09953,2026-08-17 22:58:14,False,10,19,False,0,24,False,0.41,5.6
EDR-009954,AST-09954,2026-08-06 11:58:14,False,1,15,False,0,30,False,0.19,8.6
EDR-009955,AST-09955,2026-08-26 23:58:14,False,5,15,False,0,31,False,0.69,7.4
EDR-009956,AST-09956,2026-08-18 02:58:14,False,8,15,False,0,7,False,0.33,7.2
EDR-009957,AST-09957,2026-08-20 01:58:14,False,2,9,False,0,25,False,0.12,8.2
EDR-009958,AST-09958,2026-08-11 09:58:14,False,3,6,False,0,43,False,0.4,9.0
EDR-009959,AST-09959,2026-08-21 12:58:14,False,0,7,False,0,4,False,0.25,9.6
EDR-009960,AST-09960,2026-08-24 00:58:14,False,1,2,False,0,47,False,0.48,9.1
EDR-009961,AST-09961,2026-08-15 22:58:14,False,4,20,False,0,32,False,0.67,7.1
EDR-009962,AST-09962,2026-08-29 00:58:14,False,0,5,False,0,33,False,0.4,9.8
EDR-009963,AST-09963,2026-09-03 10:58:14,False,4,2,False,0,11,False,0.77,9.5
EDR-009964,AST-09964,2026-08-28 16:58:14,False,0,2,False,0,45,False,0.71,9.9
EDR-009965,AST-09965,2026-08-25 20:58:14,False,2,14,False,0,18,False,0.7,8.1
EDR-009966,AST-09966,2026-08-12 17:58:14,False,7,1,False,0,23,False,0.71,8.1
EDR-009967,AST-09967,2026-08-27 19:58:14,False,7,2,False,0,25,False,0.18,8.2
EDR-009968,AST-09968,2026-08-30 04:58:14,False,2,4,False,0,46,False,0.5,9.6
EDR-009969,AST-09969,2026-08-28 18:58:14,False,8,7,False,0,7,False,0.73,7.4
EDR-009970,AST-09970,2026-08-27 14:58:14,False,10,1,False,0,19,False,0.14,8.3
EDR-009971,AST-09971,2026-08-14 23:58:14,True,5,2,False,2,39,True,0.93,7.3
EDR-009972,AST-09972,2026-08-10 00:58:14,False,4,7,False,0,4,False,0.15,8.8
EDR-009973,AST-09973,2026-08-19 23:58:14,False,3,13,False,0,34,False,0.23,8.4
EDR-009974,AST-09974,2026-08-09 11:58:14,False,6,3,False,0,41,False,0.73,8.5
EDR-009975,AST-09975,2026-08-08 21:58:14,False,3,19,False,0,5,False,0.12,7.4
EDR-009976,AST-09976,2026-09-03 07:58:14,False,7,18,False,0,50,False,0.12,6.6
EDR-009977,AST-09977,2026-08-28 09:58:14,False,0,1,False,0,33,False,0.13,9.4
EDR-009978,AST-09978,2026-08-24 22:58:14,False,3,16,False,0,13,False,0.65,7.9
EDR-009979,AST-09979,2026-08-06 19:58:14,False,3,15,False,0,16,False,0.43,8.1
EDR-009980,AST-09980,2026-08-09 19:58:14,False,2,3,False,0,28,False,0.71,9.1
EDR-009981,AST-09981,2026-08-24 12:58:14,True,8,4,False,3,0,False,0.78,6.2
EDR-009982,AST-09982,2026-09-03 23:58:14,False,4,18,False,0,45,False,0.47,7.5
EDR-009983,AST-09983,2026-08-21 06:58:14,False,0,11,False,0,4,False,0.32,9.2
EDR-009984,AST-09984,2026-08-13 12:58:14,False,7,18,False,0,33,False,0.71,7.1
EDR-009985,AST-09985,2026-08-29 14:58:14,False,9,6,False,0,47,False,0.13,7.4
EDR-009986,AST-09986,2026-09-03 13:58:14,False,2,7,False,0,31,False,0.5,9.2
EDR-009987,AST-09987,2026-08-11 12:58:14,False,1,4,False,0,46,False,0.13,9.3
EDR-009988,AST-09988,2026-08-09 11:58:14,False,2,11,False,0,20,False,0.7,8.8
EDR-009989,AST-09989,2026-09-03 16:58:14,False,9,8,False,0,30,False,0.11,7.1
EDR-009990,AST-09990,2026-08-27 04:58:14,False,0,5,False,0,12,False,0.49,9.7
EDR-009991,AST-09991,2026-08-06 16:58:14,False,4,20,False,0,15,False,0.47,6.7
EDR-009992,AST-09992,2026-08-22 11:58:14,False,10,4,False,0,12,False,0.29,7.8
EDR-009993,AST-09993,2026-08-10 18:58:14,False,3,0,False,0,42,False,0.16,9.2
EDR-009994,AST-09994,2026-09-01 11:58:14,False,6,2,False,0,19,False,0.44,8.4
EDR-009995,AST-09995,2026-08-06 20:58:14,False,9,1,False,0,45,False,0.52,7.7
EDR-009996,AST-09996,2026-08-19 22:58:14,False,3,8,False,0,32,False,0.44,9.0
EDR-009997,AST-09997,2026-08-07 14:58:14,False,9,9,False,0,32,False,0.25,7.3
EDR-009998,AST-09998,2026-08-28 11:58:14,False,0,5,False,0,43,False,0.73,9.8
EDR-009999,AST-09999,2026-08-16 11:58:14,False,6,7,False,0,7,False,0.73,8.4
EDR-010000,AST-10000,2026-09-03 15:58:14,False,5,9,False,0,32,False,0.69,8.5
