iam_event_id,organization_id,asset_id,user_count,privileged_user_count,orphan_accounts,inactive_accounts,mfa_enabled_percentage,excessive_privilege_count,failed_login_count,suspicious_login_count,password_policy_score,privileged_access_risk,identity_risk_score
IAM-000001,ORG-002,AST-00001,27,2,0,2,86,2,62,4,0.82,High,4.0
IAM-000002,ORG-025,AST-00002,86,5,2,7,96,3,56,1,0.57,High,2.5
IAM-000003,ORG-020,AST-00003,316,4,11,21,68,3,71,7,0.87,High,6.8
IAM-000004,ORG-002,AST-00004,313,3,6,18,32,3,84,11,0.82,High,9.6
IAM-000005,ORG-004,AST-00005,464,15,23,31,71,1,151,17,0.47,Low,8.5
IAM-000006,ORG-012,AST-00006,348,2,10,8,50,2,99,8,0.82,High,9.3
IAM-000007,ORG-020,AST-00007,311,6,0,10,37,4,167,17,0.91,High,7.7
IAM-000008,ORG-004,AST-00008,410,3,1,2,65,1,190,11,0.72,Low,4.6
IAM-000009,ORG-011,AST-00009,488,33,17,26,77,33,55,7,0.45,High,8.8
IAM-000010,ORG-020,AST-00010,213,6,1,0,86,2,171,24,0.83,Low,4.1
IAM-000011,ORG-005,AST-00011,193,2,3,12,94,1,48,2,0.33,Low,2.9
IAM-000012,ORG-010,AST-00012,255,1,0,9,67,0,94,7,0.56,Low,2.4
IAM-000013,ORG-017,AST-00013,304,30,5,24,70,6,84,4,0.46,Medium,3.7
IAM-000014,ORG-014,AST-00014,500,7,11,3,31,1,12,0,0.74,Low,6.9
IAM-000015,ORG-008,AST-00015,449,36,11,12,46,31,71,6,0.33,High,9.5
IAM-000016,ORG-006,AST-00016,99,7,4,8,62,0,116,17,0.91,Low,4.6
IAM-000017,ORG-015,AST-00017,17,2,0,0,67,2,176,22,0.85,High,6.9
IAM-000018,ORG-022,AST-00018,107,7,3,3,61,3,86,16,0.68,Medium,5.9
IAM-000019,ORG-009,AST-00019,462,16,15,20,93,15,83,10,0.89,High,7.5
IAM-000020,ORG-004,AST-00020,74,1,2,4,65,0,93,4,0.37,Low,3.6
IAM-000021,ORG-016,AST-00021,461,18,6,38,57,10,153,21,0.99,High,7.6
IAM-000022,ORG-021,AST-00022,344,25,6,25,50,17,168,25,0.55,High,8.9
IAM-000023,ORG-009,AST-00023,444,20,8,42,47,15,93,7,0.6,High,7.9
IAM-000024,ORG-005,AST-00024,59,5,1,1,47,1,187,32,0.39,Low,7.6
IAM-000025,ORG-024,AST-00025,69,4,2,5,30,3,160,25,0.61,High,9.5
IAM-000026,ORG-023,AST-00026,384,19,2,2,35,13,93,14,0.46,High,7.8
IAM-000027,ORG-008,AST-00027,78,2,1,0,66,2,153,30,0.61,High,8.3
IAM-000028,ORG-003,AST-00028,427,20,16,26,79,18,59,0,0.93,High,7.0
IAM-000029,ORG-015,AST-00029,188,5,7,2,69,3,154,21,0.41,High,7.4
IAM-000030,ORG-025,AST-00030,95,6,3,1,49,2,54,1,0.75,Low,5.0
IAM-000031,ORG-017,AST-00031,465,4,8,20,66,3,107,3,0.8,High,6.7
IAM-000032,ORG-007,AST-00032,268,16,5,6,80,10,60,6,0.96,High,4.5
IAM-000033,ORG-019,AST-00033,129,2,5,5,62,2,198,15,0.81,High,7.7
IAM-000034,ORG-009,AST-00034,90,8,4,3,79,4,180,11,0.98,Medium,5.1
IAM-000035,ORG-007,AST-00035,457,24,6,7,83,9,83,9,0.73,Medium,4.1
IAM-000036,ORG-023,AST-00036,333,19,1,13,67,12,85,7,0.36,High,4.5
IAM-000037,ORG-010,AST-00037,44,2,2,3,95,2,55,9,1.0,High,4.5
IAM-000038,ORG-016,AST-00038,121,7,3,11,56,0,177,1,0.57,Low,3.8
IAM-000039,ORG-012,AST-00039,378,36,7,18,85,24,153,11,0.9,High,5.7
IAM-000040,ORG-002,AST-00040,332,24,6,18,34,13,138,11,0.92,High,8.8
IAM-000041,ORG-003,AST-00041,316,16,6,17,37,11,36,6,0.4,High,8.4
IAM-000042,ORG-002,AST-00042,99,6,0,8,67,5,102,1,0.94,High,5.2
IAM-000043,ORG-009,AST-00043,442,27,22,27,43,15,133,7,0.94,High,10
IAM-000044,ORG-002,AST-00044,231,16,6,12,45,5,55,3,0.59,Medium,6.0
IAM-000045,ORG-003,AST-00045,455,42,19,1,68,16,106,5,0.44,Medium,7.7
IAM-000046,ORG-002,AST-00046,411,13,18,27,96,10,85,17,0.73,High,8.2
IAM-000047,ORG-011,AST-00047,249,1,11,22,90,0,48,1,0.39,Low,3.2
IAM-000048,ORG-022,AST-00048,382,5,9,8,65,0,1,1,0.75,Low,4.7
IAM-000049,ORG-013,AST-00049,130,7,5,7,49,2,15,0,0.38,Low,5.7
IAM-000050,ORG-024,AST-00050,245,19,9,18,94,12,68,11,0.59,High,5.1
IAM-000051,ORG-001,AST-00051,93,5,3,7,66,1,116,5,0.47,Low,4.3
IAM-000052,ORG-009,AST-00052,6,2,0,0,45,2,52,8,0.63,High,7.8
IAM-000053,ORG-023,AST-00053,282,3,12,10,63,2,76,6,0.93,High,7.9
IAM-000054,ORG-018,AST-00054,211,5,0,10,78,0,85,4,0.86,Low,1.8
IAM-000055,ORG-009,AST-00055,300,30,9,4,86,20,70,12,0.83,High,6.2
IAM-000056,ORG-002,AST-00056,115,8,1,6,43,8,34,2,0.88,High,7.3
IAM-000057,ORG-019,AST-00057,118,4,5,1,48,0,57,10,0.52,Low,5.5
IAM-000058,ORG-019,AST-00058,479,32,12,12,56,10,84,0,0.98,Medium,6.0
IAM-000059,ORG-024,AST-00059,237,6,11,0,73,3,144,2,0.65,Medium,5.6
IAM-000060,ORG-021,AST-00060,66,1,2,4,83,0,2,1,0.45,Low,1.7
IAM-000061,ORG-004,AST-00061,37,3,1,2,60,2,10,1,0.57,High,4.8
IAM-000062,ORG-004,AST-00062,226,8,6,22,89,1,169,23,0.53,Low,4.9
IAM-000063,ORG-013,AST-00063,111,5,4,7,100,0,183,1,0.84,Low,0.9
IAM-000064,ORG-025,AST-00064,81,8,2,5,74,8,158,23,0.91,High,7.9
IAM-000065,ORG-005,AST-00065,351,31,9,6,64,3,113,13,0.7,Medium,5.9
IAM-000066,ORG-013,AST-00066,133,12,2,13,84,8,118,14,0.46,High,5.0
IAM-000067,ORG-014,AST-00067,283,24,11,27,92,16,73,14,0.38,High,5.8
IAM-000068,ORG-023,AST-00068,6,2,0,0,41,0,143,1,0.68,Low,3.8
IAM-000069,ORG-004,AST-00069,108,2,1,1,36,1,152,22,0.32,Low,7.9
IAM-000070,ORG-011,AST-00070,496,5,11,43,82,2,74,5,0.72,Low,5.5
IAM-000071,ORG-019,AST-00071,318,12,1,1,41,9,169,14,0.44,High,7.5
IAM-000072,ORG-024,AST-00072,406,27,2,33,98,6,176,13,0.58,Medium,2.6
IAM-000073,ORG-006,AST-00073,199,18,2,4,72,8,190,18,0.84,Medium,5.1
IAM-000074,ORG-025,AST-00074,139,13,0,12,41,13,112,7,0.65,High,8.0
IAM-000075,ORG-016,AST-00075,127,12,6,7,78,8,91,8,0.62,High,5.8
IAM-000076,ORG-006,AST-00076,191,12,9,2,43,2,1,0,0.61,Low,6.2
IAM-000077,ORG-023,AST-00077,23,2,0,2,90,0,32,1,0.47,Low,1.2
IAM-000078,ORG-025,AST-00078,80,7,0,1,68,7,52,3,0.34,High,5.4
IAM-000079,ORG-021,AST-00079,15,1,0,0,86,1,125,11,0.58,High,5.4
IAM-000080,ORG-008,AST-00080,320,22,12,13,55,17,18,1,0.4,High,7.7
IAM-000081,ORG-025,AST-00081,488,9,23,33,86,1,155,26,0.5,Low,8.6
IAM-000082,ORG-013,AST-00082,63,6,0,1,30,1,128,12,0.33,Low,6.5
IAM-000083,ORG-016,AST-00083,111,2,2,11,100,1,21,0,0.82,Low,1.9
IAM-000084,ORG-021,AST-00084,56,5,1,4,59,1,61,9,0.72,Low,4.2
IAM-000085,ORG-022,AST-00085,154,15,0,1,50,15,116,0,0.52,High,6.1
IAM-000086,ORG-006,AST-00086,32,2,0,3,87,0,126,25,0.81,Low,3.4
IAM-000087,ORG-023,AST-00087,413,22,20,24,73,3,87,0,0.44,Medium,6.5
IAM-000088,ORG-025,AST-00088,311,25,6,6,39,1,142,24,0.95,Low,7.6
IAM-000089,ORG-011,AST-00089,94,1,2,5,83,1,137,19,0.3,High,6.4
IAM-000090,ORG-024,AST-00090,49,1,1,2,49,0,197,35,0.93,Low,7.0
IAM-000091,ORG-009,AST-00091,95,7,1,4,94,0,41,4,0.62,Low,0.8
IAM-000092,ORG-023,AST-00092,364,16,0,22,62,4,15,0,0.5,Medium,3.6
IAM-000093,ORG-014,AST-00093,286,15,12,21,63,3,163,6,0.53,Medium,5.7
IAM-000094,ORG-019,AST-00094,274,9,9,13,31,7,51,7,0.5,High,8.9
IAM-000095,ORG-012,AST-00095,75,5,3,2,92,0,70,1,0.75,Low,1.5
IAM-000096,ORG-021,AST-00096,455,32,4,10,89,22,150,13,0.51,High,5.2
IAM-000097,ORG-016,AST-00097,385,13,5,23,90,0,177,3,0.6,Low,2.3
IAM-000098,ORG-015,AST-00098,230,17,4,22,57,13,152,7,0.43,High,6.2
IAM-000099,ORG-021,AST-00099,104,7,3,2,73,4,109,1,0.88,High,4.6
IAM-000100,ORG-022,AST-00100,270,9,6,12,37,3,75,15,0.82,Medium,8.1
IAM-000101,ORG-015,AST-00101,308,2,7,22,72,0,71,7,0.65,Low,4.0
IAM-000102,ORG-011,AST-00102,6,1,0,0,88,1,132,4,0.44,High,3.9
IAM-000103,ORG-003,AST-00103,159,1,6,3,35,0,50,0,0.45,Low,5.8
IAM-000104,ORG-005,AST-00104,126,8,6,11,83,6,76,14,0.64,High,6.1
IAM-000105,ORG-021,AST-00105,81,6,4,0,61,5,131,10,0.51,High,7.1
IAM-000106,ORG-007,AST-00106,279,8,11,4,41,0,35,5,0.39,Low,6.4
IAM-000107,ORG-014,AST-00107,241,23,5,13,100,20,62,2,0.85,High,3.4
IAM-000108,ORG-018,AST-00108,25,1,1,0,56,1,87,10,0.65,High,6.7
IAM-000109,ORG-013,AST-00109,342,6,15,30,42,0,46,0,0.88,Low,7.3
IAM-000110,ORG-001,AST-00110,28,2,1,1,73,2,91,6,0.68,High,5.4
IAM-000111,ORG-019,AST-00111,229,16,10,15,87,5,133,14,0.54,Medium,4.8
IAM-000112,ORG-009,AST-00112,12,2,0,1,43,2,149,11,0.73,High,8.1
IAM-000113,ORG-014,AST-00113,234,22,0,14,64,9,91,8,0.44,Medium,4.5
IAM-000114,ORG-025,AST-00114,437,39,9,20,51,3,27,5,0.87,Medium,6.0
IAM-000115,ORG-016,AST-00115,391,3,12,19,96,1,108,11,0.4,Low,5.2
IAM-000116,ORG-007,AST-00116,237,1,1,15,37,1,198,14,0.64,High,8.6
IAM-000117,ORG-002,AST-00117,463,19,11,22,72,4,147,3,0.93,Medium,5.3
IAM-000118,ORG-023,AST-00118,156,9,7,6,74,8,194,32,0.62,High,8.5
IAM-000119,ORG-012,AST-00119,298,14,2,1,31,2,6,1,0.37,Low,5.1
IAM-000120,ORG-007,AST-00120,344,4,4,8,37,0,135,4,0.34,Low,5.5
IAM-000121,ORG-007,AST-00121,82,4,2,7,57,2,188,29,0.43,Low,7.2
IAM-000122,ORG-010,AST-00122,386,22,10,33,37,20,60,2,0.3,High,9.5
IAM-000123,ORG-021,AST-00123,265,26,4,20,84,7,199,10,0.45,Medium,4.1
IAM-000124,ORG-004,AST-00124,55,1,2,3,44,0,55,1,0.55,Low,4.3
IAM-000125,ORG-007,AST-00125,297,29,9,25,35,18,5,1,0.42,High,8.2
IAM-000126,ORG-017,AST-00126,481,25,9,46,55,1,49,2,0.42,Low,4.8
IAM-000127,ORG-007,AST-00127,37,2,0,0,46,2,113,15,0.99,High,8.1
IAM-000128,ORG-006,AST-00128,317,20,15,16,78,16,119,4,0.35,High,7.6
IAM-000129,ORG-020,AST-00129,480,29,12,15,86,2,136,11,0.96,Low,4.2
IAM-000130,ORG-012,AST-00130,27,2,0,0,83,2,130,1,0.47,High,4.1
IAM-000131,ORG-024,AST-00131,101,5,3,9,87,2,129,12,0.59,Low,3.7
IAM-000132,ORG-004,AST-00132,201,7,4,17,30,7,115,11,0.75,High,9.8
IAM-000133,ORG-006,AST-00133,141,9,7,12,74,1,113,20,0.35,Low,5.8
IAM-000134,ORG-005,AST-00134,376,22,18,7,44,21,182,34,0.31,High,10
IAM-000135,ORG-024,AST-00135,42,3,0,2,44,0,24,2,0.58,Low,4.2
IAM-000136,ORG-013,AST-00136,121,12,3,6,94,11,116,16,0.35,High,5.1
IAM-000137,ORG-016,AST-00137,380,10,4,15,94,4,166,30,0.33,Medium,5.1
IAM-000138,ORG-002,AST-00138,310,2,3,12,86,1,106,11,0.86,Low,4.5
IAM-000139,ORG-005,AST-00139,397,33,1,18,55,3,14,0,0.73,Medium,3.7
IAM-000140,ORG-015,AST-00140,156,12,5,10,100,9,163,22,0.84,High,5.9
IAM-000141,ORG-019,AST-00141,357,21,7,14,98,9,178,27,0.59,Medium,5.3
IAM-000142,ORG-011,AST-00142,378,29,13,9,66,28,153,17,0.43,High,9.7
IAM-000143,ORG-013,AST-00143,407,7,17,35,98,7,126,16,0.38,High,8.4
IAM-000144,ORG-010,AST-00144,498,22,5,11,83,15,172,9,0.5,High,5.3
IAM-000145,ORG-021,AST-00145,223,9,11,22,98,3,156,0,0.68,Medium,3.4
IAM-000146,ORG-020,AST-00146,229,1,3,8,31,0,104,20,0.96,Low,6.8
IAM-000147,ORG-012,AST-00147,398,2,18,10,32,2,88,12,0.56,High,10
IAM-000148,ORG-001,AST-00148,261,23,8,5,92,23,179,34,0.59,High,8.9
IAM-000149,ORG-021,AST-00149,481,29,14,27,62,27,74,1,0.84,High,8.4
IAM-000150,ORG-018,AST-00150,165,12,0,1,89,7,135,0,0.45,High,2.2
IAM-000151,ORG-023,AST-00151,151,12,1,7,79,11,186,33,0.44,High,8.1
IAM-000152,ORG-002,AST-00152,486,4,4,2,56,1,92,12,0.53,Low,5.6
IAM-000153,ORG-017,AST-00153,120,7,1,10,64,6,47,6,0.71,High,6.1
IAM-000154,ORG-022,AST-00154,226,12,9,22,45,0,6,1,0.9,Low,5.4
IAM-000155,ORG-003,AST-00155,125,10,3,6,32,3,180,11,0.64,Medium,7.0
IAM-000156,ORG-024,AST-00156,275,23,11,11,86,12,54,4,0.48,High,5.2
IAM-000157,ORG-020,AST-00157,499,19,0,17,85,2,7,0,0.74,Low,0.9
IAM-000158,ORG-014,AST-00158,394,8,9,38,32,2,156,12,0.69,Low,8.5
IAM-000159,ORG-020,AST-00159,269,6,11,18,64,0,77,15,0.87,Low,5.9
IAM-000160,ORG-014,AST-00160,294,25,8,12,100,2,196,37,0.86,Low,5.1
IAM-000161,ORG-003,AST-00161,469,10,12,11,84,7,142,25,0.69,High,7.7
IAM-000162,ORG-011,AST-00162,70,6,0,0,46,5,1,0,0.44,High,6.5
IAM-000163,ORG-024,AST-00163,463,25,20,4,55,3,25,1,0.52,Medium,7.7
IAM-000164,ORG-021,AST-00164,478,11,18,6,36,1,75,4,0.69,Low,8.9
IAM-000165,ORG-005,AST-00165,498,12,22,27,90,0,179,30,0.65,Low,8.2
IAM-000166,ORG-014,AST-00166,15,2,0,0,63,0,158,16,0.46,Low,3.9
IAM-000167,ORG-005,AST-00167,374,20,8,1,36,9,10,1,0.37,Medium,7.1
IAM-000168,ORG-015,AST-00168,203,10,0,10,96,0,16,2,0.47,Low,0.3
IAM-000169,ORG-024,AST-00169,128,11,6,5,42,3,17,1,0.61,Medium,6.2
IAM-000170,ORG-004,AST-00170,476,34,15,2,89,5,66,6,0.47,Medium,4.3
IAM-000171,ORG-022,AST-00171,110,8,4,7,72,8,54,0,0.73,High,5.9
IAM-000172,ORG-016,AST-00172,327,10,16,13,39,2,168,26,0.74,Low,10
IAM-000173,ORG-002,AST-00173,433,16,18,24,56,3,59,10,0.32,Medium,8.3
IAM-000174,ORG-014,AST-00174,268,13,13,26,88,7,185,25,0.49,High,7.9
IAM-000175,ORG-019,AST-00175,56,3,0,5,87,0,4,1,0.68,Low,0.6
IAM-000176,ORG-003,AST-00176,241,15,9,15,87,3,143,7,0.84,Medium,4.2
IAM-000177,ORG-023,AST-00177,270,4,8,19,61,2,90,2,0.81,Low,5.7
IAM-000178,ORG-023,AST-00178,272,1,4,12,78,1,139,17,0.78,High,6.6
IAM-000179,ORG-018,AST-00179,249,22,12,15,40,15,43,4,0.62,High,8.4
IAM-000180,ORG-009,AST-00180,183,17,5,15,78,13,81,11,0.41,High,5.9
IAM-000181,ORG-015,AST-00181,101,6,1,4,78,4,185,3,0.7,High,3.8
IAM-000182,ORG-019,AST-00182,311,3,1,25,60,2,118,2,0.9,High,5.0
IAM-000183,ORG-003,AST-00183,44,4,2,0,96,2,166,28,0.57,Low,5.0
IAM-000184,ORG-019,AST-00184,391,26,13,0,43,6,68,0,0.39,Medium,7.2
IAM-000185,ORG-017,AST-00185,89,5,1,0,36,1,85,1,0.53,Low,5.3
IAM-000186,ORG-015,AST-00186,129,1,3,4,32,1,136,13,0.45,High,9.8
IAM-000187,ORG-015,AST-00187,234,11,9,5,35,3,51,5,0.85,Medium,7.9
IAM-000188,ORG-002,AST-00188,214,1,4,12,38,0,40,3,0.68,Low,5.6
IAM-000189,ORG-021,AST-00189,396,16,16,0,44,15,4,0,0.33,High,10
IAM-000190,ORG-002,AST-00190,84,6,2,1,66,6,123,22,0.92,High,8.1
IAM-000191,ORG-019,AST-00191,344,3,15,0,46,2,90,15,0.44,High,10
IAM-000192,ORG-005,AST-00192,385,33,16,8,49,20,184,35,0.58,High,10
IAM-000193,ORG-018,AST-00193,317,9,9,2,77,2,59,4,0.61,Low,4.3
IAM-000194,ORG-020,AST-00194,6,1,0,0,31,1,2,0,0.35,High,7.3
IAM-000195,ORG-009,AST-00195,297,26,4,28,65,22,141,5,0.45,High,6.7
IAM-000196,ORG-001,AST-00196,100,10,2,4,71,2,112,13,0.42,Low,4.0
IAM-000197,ORG-017,AST-00197,278,11,4,6,57,2,38,2,0.97,Low,4.7
IAM-000198,ORG-021,AST-00198,240,5,11,2,62,5,125,4,0.41,High,8.2
IAM-000199,ORG-022,AST-00199,420,27,11,1,69,6,136,0,0.82,Medium,4.7
IAM-000200,ORG-007,AST-00200,343,33,1,15,39,0,170,31,0.97,Low,7.3
IAM-000201,ORG-012,AST-00201,485,2,17,43,76,1,106,12,0.39,Low,7.3
IAM-000202,ORG-015,AST-00202,489,39,12,47,57,38,170,3,0.86,High,9.0
IAM-000203,ORG-002,AST-00203,407,11,2,28,49,7,184,13,0.5,High,6.9
IAM-000204,ORG-008,AST-00204,380,6,6,33,94,3,79,10,0.83,Medium,4.1
IAM-000205,ORG-010,AST-00205,463,23,6,15,33,20,109,9,0.31,High,8.7
IAM-000206,ORG-002,AST-00206,479,5,16,10,36,3,43,0,0.79,High,9.6
IAM-000207,ORG-020,AST-00207,358,12,4,31,39,2,152,7,0.59,Low,5.7
IAM-000208,ORG-022,AST-00208,296,25,13,15,43,3,45,5,0.62,Medium,6.8
IAM-000209,ORG-022,AST-00209,114,3,1,11,52,2,161,19,0.64,High,7.2
IAM-000210,ORG-004,AST-00210,129,11,6,6,77,8,16,0,0.99,High,4.6
IAM-000211,ORG-024,AST-00211,99,2,3,5,89,2,132,25,0.7,High,7.0
IAM-000212,ORG-015,AST-00212,54,3,1,3,57,1,119,15,0.67,Low,5.2
IAM-000213,ORG-011,AST-00213,60,2,2,4,45,0,187,16,0.99,Low,5.3
IAM-000214,ORG-024,AST-00214,490,6,0,18,87,2,118,3,0.86,Low,2.5
IAM-000215,ORG-010,AST-00215,394,11,11,39,76,9,60,4,0.59,High,6.8
IAM-000216,ORG-019,AST-00216,427,27,14,25,98,18,112,0,0.8,High,5.1
IAM-000217,ORG-021,AST-00217,476,4,5,20,88,1,99,4,0.91,Low,2.5
IAM-000218,ORG-012,AST-00218,293,10,5,29,90,4,189,9,0.39,Medium,3.4
IAM-000219,ORG-004,AST-00219,278,13,2,15,37,13,50,2,0.71,High,7.5
IAM-000220,ORG-019,AST-00220,44,2,0,1,61,0,56,7,0.3,Low,2.8
IAM-000221,ORG-016,AST-00221,335,30,0,31,84,3,81,0,0.78,Medium,1.1
IAM-000222,ORG-002,AST-00222,84,8,0,2,97,0,95,0,0.62,Low,0
IAM-000223,ORG-001,AST-00223,256,8,6,1,80,7,53,10,0.94,High,5.9
IAM-000224,ORG-007,AST-00224,92,8,1,4,66,0,78,0,0.41,Low,2.9
IAM-000225,ORG-007,AST-00225,10,1,0,0,100,1,182,22,0.88,High,5.5
IAM-000226,ORG-007,AST-00226,312,17,10,17,71,13,90,1,1.0,High,6.5
IAM-000227,ORG-002,AST-00227,492,28,2,31,45,5,166,16,0.9,Medium,6.6
IAM-000228,ORG-013,AST-00228,132,9,6,10,64,5,192,25,0.93,High,7.4
IAM-000229,ORG-005,AST-00229,223,6,3,5,65,6,37,0,0.44,High,6.0
IAM-000230,ORG-019,AST-00230,121,6,5,1,100,1,124,7,0.75,Low,2.7
IAM-000231,ORG-017,AST-00231,41,2,1,0,80,2,110,4,0.85,High,5.1
IAM-000232,ORG-016,AST-00232,168,15,4,12,79,15,123,23,0.93,High,7.9
IAM-000233,ORG-002,AST-00233,177,4,6,12,47,4,160,32,0.65,High,10
IAM-000234,ORG-015,AST-00234,351,30,12,20,95,25,52,0,0.44,High,5.5
IAM-000235,ORG-020,AST-00235,203,18,7,15,64,1,187,28,0.63,Low,7.0
IAM-000236,ORG-012,AST-00236,265,3,5,8,47,0,90,7,0.75,Low,5.3
IAM-000237,ORG-005,AST-00237,406,39,11,7,43,28,97,11,0.83,High,9.1
IAM-000238,ORG-017,AST-00238,467,45,22,36,82,26,164,3,0.42,High,7.8
IAM-000239,ORG-013,AST-00239,113,8,1,11,85,2,100,7,0.85,Low,2.4
IAM-000240,ORG-025,AST-00240,65,4,3,4,40,4,161,9,0.48,High,9.0
IAM-000241,ORG-014,AST-00241,400,32,0,36,88,26,164,13,0.64,High,4.6
IAM-000242,ORG-022,AST-00242,134,11,6,7,54,4,136,5,0.35,Medium,5.7
IAM-000243,ORG-025,AST-00243,163,6,2,13,91,0,53,8,0.54,Low,1.6
IAM-000244,ORG-013,AST-00244,413,6,0,0,62,1,96,1,0.47,Low,3.3
IAM-000245,ORG-011,AST-00245,216,5,6,1,39,4,151,23,0.66,High,10
IAM-000246,ORG-008,AST-00246,201,13,1,3,47,4,26,1,0.46,Medium,5.2
IAM-000247,ORG-009,AST-00247,104,7,4,9,87,0,168,31,0.73,Low,5.0
IAM-000248,ORG-020,AST-00248,377,27,2,26,78,25,97,14,0.51,High,6.5
IAM-000249,ORG-021,AST-00249,424,12,8,30,76,9,10,2,0.42,High,5.7
IAM-000250,ORG-020,AST-00250,388,27,14,15,94,9,22,3,0.39,Medium,4.5
IAM-000251,ORG-015,AST-00251,290,18,0,18,66,14,90,9,0.53,High,5.7
IAM-000252,ORG-012,AST-00252,378,16,6,7,37,6,40,8,0.62,Medium,7.5
IAM-000253,ORG-021,AST-00253,12,2,0,1,56,2,110,20,0.51,High,8.3
IAM-000254,ORG-022,AST-00254,467,2,7,32,96,2,94,9,0.47,High,5.1
IAM-000255,ORG-012,AST-00255,13,1,0,1,53,1,90,7,0.85,High,7.1
IAM-000256,ORG-009,AST-00256,343,10,10,13,80,2,14,0,0.91,Low,3.8
IAM-000257,ORG-019,AST-00257,57,2,2,0,85,0,142,17,0.93,Low,3.5
IAM-000258,ORG-001,AST-00258,357,23,4,30,40,22,25,4,0.83,High,8.0
IAM-000259,ORG-010,AST-00259,237,4,9,23,36,2,98,3,0.34,Low,8.3
IAM-000260,ORG-023,AST-00260,54,3,0,0,49,0,73,9,0.74,Low,4.4
IAM-000261,ORG-010,AST-00261,101,6,4,10,41,5,97,12,0.86,High,8.8
IAM-000262,ORG-010,AST-00262,493,10,24,31,48,8,181,0,0.88,High,10
IAM-000263,ORG-023,AST-00263,204,13,10,7,84,10,6,0,0.85,High,5.8
IAM-000264,ORG-005,AST-00264,121,6,3,6,42,4,28,1,0.77,High,6.9
IAM-000265,ORG-021,AST-00265,57,1,0,5,34,1,169,13,0.36,High,9.1
IAM-000266,ORG-001,AST-00266,238,6,0,22,31,3,76,2,0.94,Medium,6.0
IAM-000267,ORG-025,AST-00267,39,3,0,1,48,0,0,1,0.54,Low,3.2
IAM-000268,ORG-006,AST-00268,92,2,2,1,46,0,74,7,0.79,Low,4.4
IAM-000269,ORG-012,AST-00269,237,18,2,15,87,13,100,7,0.56,High,4.0
IAM-000270,ORG-004,AST-00270,424,24,5,3,45,15,51,2,0.44,High,6.3
IAM-000271,ORG-018,AST-00271,322,29,10,10,61,18,61,9,0.31,High,7.0
IAM-000272,ORG-023,AST-00272,423,40,12,1,37,22,116,15,0.88,High,10
IAM-000273,ORG-010,AST-00273,385,27,1,7,93,15,39,1,0.66,High,2.7
IAM-000274,ORG-012,AST-00274,108,8,3,0,61,4,92,5,0.46,Medium,4.8
IAM-000275,ORG-005,AST-00275,40,2,1,1,74,2,163,22,0.37,High,7.3
IAM-000276,ORG-011,AST-00276,423,19,7,18,31,2,32,4,0.97,Low,7.1
IAM-000277,ORG-020,AST-00277,400,1,6,15,61,1,32,3,0.58,High,7.6
IAM-000278,ORG-017,AST-00278,291,17,8,9,86,16,78,7,0.74,High,5.6
IAM-000279,ORG-020,AST-00279,331,2,3,19,48,2,137,12,0.98,High,8.4
IAM-000280,ORG-018,AST-00280,247,11,5,0,53,11,99,15,0.62,High,9.0
IAM-000281,ORG-019,AST-00281,348,31,1,8,33,13,159,5,0.89,Medium,6.5
IAM-000282,ORG-016,AST-00282,179,13,2,11,78,12,62,11,0.39,High,5.5
IAM-000283,ORG-020,AST-00283,301,10,4,8,77,3,85,7,0.41,Medium,3.6
IAM-000284,ORG-025,AST-00284,68,6,0,1,30,6,142,20,0.33,High,9.4
IAM-000285,ORG-016,AST-00285,326,17,6,32,39,16,25,5,0.98,High,9.0
IAM-000286,ORG-005,AST-00286,108,9,0,8,99,2,194,24,0.98,Low,2.8
IAM-000287,ORG-019,AST-00287,340,16,16,18,95,1,52,5,0.42,Low,4.3
IAM-000288,ORG-022,AST-00288,23,1,0,1,75,1,198,22,0.36,High,6.8
IAM-000289,ORG-024,AST-00289,361,7,17,22,73,6,141,0,0.61,High,8.1
IAM-000290,ORG-011,AST-00290,198,9,0,4,98,1,27,3,1.0,Low,1.1
IAM-000291,ORG-005,AST-00291,318,23,10,29,54,20,166,16,0.76,High,9.1
IAM-000292,ORG-012,AST-00292,412,11,9,31,49,5,103,2,0.67,Medium,7.1
IAM-000293,ORG-019,AST-00293,63,3,1,2,66,1,121,21,0.89,Low,5.8
IAM-000294,ORG-002,AST-00294,387,6,10,3,96,5,105,11,0.88,High,6.2
IAM-000295,ORG-020,AST-00295,368,32,11,30,35,30,157,24,0.38,High,10
IAM-000296,ORG-002,AST-00296,303,25,12,17,85,25,46,8,0.4,High,6.9
IAM-000297,ORG-020,AST-00297,131,5,2,10,98,4,16,3,0.93,High,2.9
IAM-000298,ORG-012,AST-00298,199,6,0,10,90,1,103,9,0.4,Low,2.3
IAM-000299,ORG-019,AST-00299,327,12,7,6,31,7,166,11,0.98,High,9.0
IAM-000300,ORG-011,AST-00300,320,19,4,13,84,9,177,7,0.92,Medium,4.3
IAM-000301,ORG-016,AST-00301,282,26,3,22,89,14,114,16,0.49,High,5.0
IAM-000302,ORG-003,AST-00302,261,1,8,14,34,0,40,7,0.94,Low,6.7
IAM-000303,ORG-022,AST-00303,94,8,1,4,91,1,48,8,0.56,Low,2.3
IAM-000304,ORG-023,AST-00304,225,19,10,19,95,14,171,1,0.8,High,4.7
IAM-000305,ORG-009,AST-00305,315,29,13,26,44,21,11,1,0.85,High,8.9
IAM-000306,ORG-022,AST-00306,372,22,10,31,62,15,138,12,0.72,High,7.9
IAM-000307,ORG-003,AST-00307,27,2,1,2,68,0,44,1,0.55,Low,2.7
IAM-000308,ORG-021,AST-00308,37,1,1,2,100,0,114,17,0.79,Low,2.1
IAM-000309,ORG-004,AST-00309,405,40,6,10,33,2,12,2,0.54,Low,6.5
IAM-000310,ORG-011,AST-00310,106,9,4,5,44,6,172,2,0.97,High,7.0
IAM-000311,ORG-024,AST-00311,39,1,0,3,35,1,27,5,0.68,High,7.6
IAM-000312,ORG-016,AST-00312,278,3,11,13,42,0,158,13,0.82,Low,7.6
IAM-000313,ORG-002,AST-00313,200,6,7,3,76,3,196,9,0.32,Medium,5.7
IAM-000314,ORG-013,AST-00314,191,8,0,5,88,4,56,2,0.89,Medium,2.2
IAM-000315,ORG-003,AST-00315,396,12,14,9,52,11,9,1,0.56,High,9.0
IAM-000316,ORG-005,AST-00316,297,8,8,0,72,0,152,3,0.91,Low,3.4
IAM-000317,ORG-013,AST-00317,36,3,1,3,52,2,158,15,0.62,High,7.3
IAM-000318,ORG-010,AST-00318,23,2,0,2,59,2,151,28,0.46,High,8.2
IAM-000319,ORG-018,AST-00319,480,9,6,21,40,1,155,0,0.64,Low,5.8
IAM-000320,ORG-008,AST-00320,177,7,4,13,67,7,40,3,0.82,High,5.8
IAM-000321,ORG-006,AST-00321,406,13,5,22,50,8,117,10,0.52,High,7.2
IAM-000322,ORG-006,AST-00322,442,19,20,16,89,1,36,4,0.91,Low,5.6
IAM-000323,ORG-003,AST-00323,298,9,8,7,57,5,103,18,0.96,High,7.7
IAM-000324,ORG-004,AST-00324,404,3,13,2,79,0,117,1,0.7,Low,4.0
IAM-000325,ORG-008,AST-00325,472,42,8,10,83,21,36,7,0.7,Medium,4.8
IAM-000326,ORG-016,AST-00326,6,2,0,0,42,1,97,13,0.43,Low,6.8
IAM-000327,ORG-022,AST-00327,175,13,1,7,35,7,17,3,0.86,High,6.9
IAM-000328,ORG-004,AST-00328,9,1,0,0,72,0,149,23,0.55,Low,3.8
IAM-000329,ORG-015,AST-00329,213,16,3,19,34,2,84,2,0.77,Low,5.9
IAM-000330,ORG-015,AST-00330,462,29,22,2,34,9,105,19,0.47,Medium,10
IAM-000331,ORG-021,AST-00331,437,41,19,23,97,32,37,1,0.35,High,6.2
IAM-000332,ORG-024,AST-00332,263,2,7,22,57,0,1,0,0.7,Low,4.5
IAM-000333,ORG-025,AST-00333,199,2,6,19,50,0,80,12,0.64,Low,5.6
IAM-000334,ORG-015,AST-00334,497,46,11,4,98,1,142,20,0.92,Low,4.8
IAM-000335,ORG-009,AST-00335,167,7,8,2,87,3,110,15,0.6,Medium,5.4
IAM-000336,ORG-018,AST-00336,377,21,10,30,31,16,137,13,0.94,High,10
IAM-000337,ORG-023,AST-00337,359,8,16,23,57,6,0,0,0.8,High,8.4
IAM-000338,ORG-015,AST-00338,25,2,1,0,84,1,43,6,0.42,Low,2.9
IAM-000339,ORG-001,AST-00339,86,3,3,4,100,2,197,26,0.92,High,4.9
IAM-000340,ORG-011,AST-00340,86,6,1,7,70,0,151,2,0.69,Low,2.4
IAM-000341,ORG-011,AST-00341,47,2,1,0,93,2,30,5,0.97,High,4.6
IAM-000342,ORG-001,AST-00342,416,19,6,26,83,7,52,4,0.47,Medium,3.6
IAM-000343,ORG-022,AST-00343,496,31,6,11,34,22,77,5,0.75,High,8.4
IAM-000344,ORG-017,AST-00344,432,6,10,32,52,2,43,6,0.62,Low,6.4
IAM-000345,ORG-005,AST-00345,341,15,10,0,44,14,129,6,0.69,High,9.5
IAM-000346,ORG-013,AST-00346,351,29,5,30,98,10,50,9,0.53,Medium,2.6
IAM-000347,ORG-003,AST-00347,122,5,3,8,81,3,27,0,0.67,High,3.2
IAM-000348,ORG-005,AST-00348,155,8,6,4,100,4,16,0,0.94,Medium,2.2
IAM-000349,ORG-014,AST-00349,42,2,1,2,30,0,111,10,0.55,Low,6.0
IAM-000350,ORG-019,AST-00350,149,8,2,9,32,1,71,10,0.42,Low,6.4
IAM-000351,ORG-017,AST-00351,447,36,21,6,88,29,175,29,0.87,High,9.9
IAM-000352,ORG-010,AST-00352,165,13,4,3,62,4,188,35,0.68,Medium,7.8
IAM-000353,ORG-007,AST-00353,345,4,4,9,42,4,89,14,0.53,High,9.4
IAM-000354,ORG-025,AST-00354,207,4,2,20,65,0,78,12,0.94,Low,4.3
IAM-000355,ORG-018,AST-00355,326,23,9,27,73,9,86,6,0.83,Medium,5.1
IAM-000356,ORG-022,AST-00356,469,22,18,39,69,13,34,3,0.42,High,8.1
IAM-000357,ORG-005,AST-00357,431,5,1,34,100,0,1,0,0.97,Low,0.4
IAM-000358,ORG-003,AST-00358,382,10,0,24,33,4,143,6,0.38,Medium,6.7
IAM-000359,ORG-010,AST-00359,146,1,7,9,85,0,133,18,0.56,Low,4.3
IAM-000360,ORG-010,AST-00360,298,14,6,27,61,10,185,17,0.33,High,7.2
IAM-000361,ORG-012,AST-00361,191,3,3,1,46,3,162,30,0.31,High,10
IAM-000362,ORG-009,AST-00362,216,3,6,4,85,1,171,20,0.62,Low,5.3
IAM-000363,ORG-008,AST-00363,272,26,7,1,32,13,60,5,0.98,Medium,7.6
IAM-000364,ORG-006,AST-00364,434,21,0,3,92,6,58,2,0.43,Medium,2.0
IAM-000365,ORG-016,AST-00365,127,9,0,9,62,5,113,12,0.95,High,5.8
IAM-000366,ORG-011,AST-00366,273,1,12,19,58,0,86,17,0.94,Low,7.0
IAM-000367,ORG-007,AST-00367,249,19,2,0,43,18,188,26,0.99,High,9.6
IAM-000368,ORG-002,AST-00368,121,2,5,5,100,2,81,6,0.67,High,4.9
IAM-000369,ORG-018,AST-00369,203,20,7,18,67,15,139,19,0.7,High,7.3
IAM-000370,ORG-023,AST-00370,86,4,2,5,61,3,42,7,0.94,High,6.2
IAM-000371,ORG-001,AST-00371,30,3,0,0,95,3,194,0,0.6,High,3.5
IAM-000372,ORG-025,AST-00372,22,2,1,0,56,2,0,0,0.32,High,5.8
IAM-000373,ORG-025,AST-00373,385,2,13,4,88,2,105,13,0.98,High,7.9
IAM-000374,ORG-021,AST-00374,425,41,11,35,36,5,64,0,0.82,Medium,7.2
IAM-000375,ORG-006,AST-00375,144,3,3,4,100,2,69,12,0.75,High,3.4
IAM-000376,ORG-009,AST-00376,64,5,2,0,75,3,135,2,0.72,High,3.8
IAM-000377,ORG-012,AST-00377,119,6,0,2,52,4,84,6,0.69,High,5.4
IAM-000378,ORG-011,AST-00378,295,20,5,7,48,9,101,8,0.85,Medium,6.4
IAM-000379,ORG-012,AST-00379,119,4,0,9,75,2,184,0,0.81,Low,3.4
IAM-000380,ORG-016,AST-00380,239,1,1,11,90,0,111,14,0.56,Low,1.8
IAM-000381,ORG-019,AST-00381,128,1,2,3,59,1,160,2,0.77,High,5.8
IAM-000382,ORG-015,AST-00382,268,6,6,12,71,2,140,19,0.41,Low,6.2
IAM-000383,ORG-025,AST-00383,218,12,4,12,31,6,122,1,0.58,Medium,7.1
IAM-000384,ORG-022,AST-00384,161,13,6,15,33,12,67,0,0.34,High,8.0
IAM-000385,ORG-019,AST-00385,337,3,3,25,38,2,4,0,0.83,High,6.3
IAM-000386,ORG-006,AST-00386,382,33,5,2,74,25,141,1,0.57,High,5.3
IAM-000387,ORG-020,AST-00387,187,16,0,2,64,14,192,7,0.47,High,5.8
IAM-000388,ORG-012,AST-00388,386,32,9,35,80,4,22,3,0.46,Medium,4.0
IAM-000389,ORG-023,AST-00389,435,31,4,24,67,0,91,16,0.42,Low,4.8
IAM-000390,ORG-015,AST-00390,181,9,4,10,97,0,171,6,0.55,Low,1.6
IAM-000391,ORG-005,AST-00391,103,1,0,2,74,1,24,2,0.68,High,4.7
IAM-000392,ORG-003,AST-00392,484,47,5,16,44,42,46,6,0.87,High,7.9
IAM-000393,ORG-001,AST-00393,35,1,0,2,96,1,184,10,0.44,High,4.4
IAM-000394,ORG-022,AST-00394,221,13,3,21,64,5,190,29,0.58,Medium,7.4
IAM-000395,ORG-018,AST-00395,161,6,5,7,69,5,30,0,0.94,High,5.9
IAM-000396,ORG-024,AST-00396,364,8,4,22,36,1,68,11,0.83,Low,6.5
IAM-000397,ORG-014,AST-00397,312,18,15,28,98,12,112,12,0.38,High,6.8
IAM-000398,ORG-024,AST-00398,199,7,4,14,36,0,193,8,0.69,Low,6.2
IAM-000399,ORG-008,AST-00399,296,8,0,21,38,5,42,6,0.8,High,6.7
IAM-000400,ORG-019,AST-00400,378,28,16,13,82,5,134,7,0.98,Medium,5.7
IAM-000401,ORG-011,AST-00401,423,42,20,20,84,2,161,26,0.43,Low,8.0
IAM-000402,ORG-011,AST-00402,217,8,9,10,46,8,60,9,0.67,High,9.7
IAM-000403,ORG-009,AST-00403,435,3,6,31,40,1,165,20,0.97,Low,8.0
IAM-000404,ORG-025,AST-00404,306,2,5,22,71,1,195,0,0.87,Low,4.6
IAM-000405,ORG-017,AST-00405,345,27,6,0,70,10,64,9,0.49,Medium,5.1
IAM-000406,ORG-003,AST-00406,214,20,8,9,88,12,25,4,0.89,High,4.4
IAM-000407,ORG-013,AST-00407,457,31,2,28,46,13,145,5,0.62,Medium,5.5
IAM-000408,ORG-020,AST-00408,478,28,5,13,44,10,139,13,0.99,Medium,6.6
IAM-000409,ORG-010,AST-00409,372,27,4,4,78,2,128,16,0.34,Low,4.1
IAM-000410,ORG-018,AST-00410,101,2,2,2,55,2,43,2,0.65,High,6.5
IAM-000411,ORG-015,AST-00411,402,20,6,27,73,17,54,1,0.4,High,6.1
IAM-000412,ORG-001,AST-00412,192,3,0,16,70,0,30,1,0.41,Low,1.9
IAM-000413,ORG-006,AST-00413,110,7,4,7,43,4,139,8,0.36,High,7.0
IAM-000414,ORG-013,AST-00414,373,28,10,33,98,17,99,1,0.67,High,4.5
IAM-000415,ORG-020,AST-00415,358,11,4,5,43,0,154,2,0.35,Low,4.7
IAM-000416,ORG-013,AST-00416,92,5,0,2,54,1,68,13,0.54,Low,5.3
IAM-000417,ORG-020,AST-00417,356,11,16,4,92,0,111,16,0.44,Low,5.4
IAM-000418,ORG-009,AST-00418,266,1,4,22,96,0,125,19,0.49,Low,3.4
IAM-000419,ORG-001,AST-00419,211,10,2,20,38,3,49,6,0.72,Medium,5.8
IAM-000420,ORG-017,AST-00420,263,7,4,6,43,4,124,15,0.93,High,7.6
IAM-000421,ORG-022,AST-00421,221,6,3,15,94,4,99,18,0.52,High,4.9
IAM-000422,ORG-023,AST-00422,90,5,4,0,43,2,134,19,0.52,Low,7.8
IAM-000423,ORG-005,AST-00423,300,5,13,3,50,1,95,12,0.79,Low,7.4
IAM-000424,ORG-010,AST-00424,70,7,0,1,83,1,148,16,0.37,Low,3.5
IAM-000425,ORG-018,AST-00425,306,22,13,2,78,20,113,15,0.58,High,7.9
IAM-000426,ORG-014,AST-00426,198,12,6,3,92,11,42,8,0.54,High,4.8
IAM-000427,ORG-006,AST-00427,290,13,11,29,39,12,169,17,0.76,High,10
IAM-000428,ORG-022,AST-00428,13,1,0,0,73,0,36,6,0.53,Low,2.7
IAM-000429,ORG-007,AST-00429,378,32,16,2,40,1,62,3,0.36,Low,7.8
IAM-000430,ORG-023,AST-00430,299,18,9,13,79,0,3,1,0.84,Low,3.7
IAM-000431,ORG-025,AST-00431,126,4,6,9,82,3,73,8,0.88,High,5.7
IAM-000432,ORG-003,AST-00432,360,9,3,15,64,6,110,14,0.45,High,6.3
IAM-000433,ORG-024,AST-00433,308,16,9,27,47,13,137,14,0.76,High,9.0
IAM-000434,ORG-011,AST-00434,33,3,0,2,78,1,153,23,0.64,Low,5.2
IAM-000435,ORG-015,AST-00435,408,33,15,29,63,2,82,10,0.89,Low,6.7
IAM-000436,ORG-007,AST-00436,410,9,19,22,58,3,85,14,0.44,Medium,9.0
IAM-000437,ORG-007,AST-00437,295,15,7,26,71,0,104,12,0.74,Low,4.9
IAM-000438,ORG-015,AST-00438,494,2,17,44,32,0,10,1,0.34,Low,7.6
IAM-000439,ORG-022,AST-00439,359,17,11,10,59,16,65,3,0.55,High,7.8
IAM-000440,ORG-019,AST-00440,7,2,0,0,48,0,174,22,0.46,Low,5.4
IAM-000441,ORG-015,AST-00441,429,25,21,34,78,11,165,27,0.4,Medium,10
IAM-000442,ORG-002,AST-00442,157,13,6,15,79,10,45,5,0.47,High,5.3
IAM-000443,ORG-018,AST-00443,31,1,0,3,62,1,8,0,0.76,High,6.0
IAM-000444,ORG-006,AST-00444,471,22,2,25,70,21,0,1,0.47,High,5.8
IAM-000445,ORG-011,AST-00445,51,5,0,1,91,5,189,26,0.81,High,6.3
IAM-000446,ORG-009,AST-00446,373,6,4,8,87,1,76,6,0.84,Low,2.7
IAM-000447,ORG-019,AST-00447,261,6,11,15,98,4,144,3,0.38,High,4.2
IAM-000448,ORG-014,AST-00448,82,8,4,2,98,4,183,14,0.88,Medium,4.2
IAM-000449,ORG-017,AST-00449,498,24,16,9,99,24,120,2,0.84,High,6.7
IAM-000450,ORG-019,AST-00450,79,5,2,1,96,4,102,3,0.5,High,3.1
IAM-000451,ORG-001,AST-00451,370,10,17,8,83,4,148,18,0.88,Medium,7.6
IAM-000452,ORG-023,AST-00452,432,5,4,22,66,0,93,9,0.56,Low,4.2
IAM-000453,ORG-017,AST-00453,85,8,4,1,82,0,169,7,0.74,Low,2.3
IAM-000454,ORG-005,AST-00454,313,30,11,15,59,7,107,0,0.75,Medium,5.2
IAM-000455,ORG-003,AST-00455,267,8,3,23,49,1,158,30,0.3,Low,7.6
IAM-000456,ORG-013,AST-00456,60,5,1,1,82,1,63,2,0.7,Low,2.6
IAM-000457,ORG-001,AST-00457,12,1,0,0,96,0,166,31,0.48,Low,3.6
IAM-000458,ORG-025,AST-00458,347,8,6,6,55,2,165,31,0.65,Low,7.8
IAM-000459,ORG-025,AST-00459,35,1,0,3,57,1,159,25,0.54,High,8.1
IAM-000460,ORG-021,AST-00460,355,12,9,20,79,9,173,16,0.89,High,7.3
IAM-000461,ORG-012,AST-00461,75,6,3,2,58,3,138,9,0.31,Medium,5.9
IAM-000462,ORG-006,AST-00462,141,10,7,6,33,10,150,12,0.67,High,10
IAM-000463,ORG-025,AST-00463,450,11,9,17,89,2,28,3,0.86,Low,3.8
IAM-000464,ORG-016,AST-00464,491,10,24,18,45,3,80,14,0.37,Medium,10
IAM-000465,ORG-013,AST-00465,163,1,7,16,89,0,180,34,0.88,Low,5.3
IAM-000466,ORG-019,AST-00466,401,12,17,3,82,10,46,5,0.78,High,7.7
IAM-000467,ORG-025,AST-00467,296,8,14,16,61,1,84,0,0.43,Low,5.5
IAM-000468,ORG-023,AST-00468,33,1,0,1,34,0,189,33,0.49,Low,7.3
IAM-000469,ORG-013,AST-00469,473,38,20,39,83,24,67,1,0.76,High,6.9
IAM-000470,ORG-016,AST-00470,327,7,15,28,71,4,187,23,0.47,High,9.1
IAM-000471,ORG-020,AST-00471,498,48,13,38,81,27,72,1,0.72,High,5.3
IAM-000472,ORG-015,AST-00472,262,12,12,25,62,3,160,15,0.35,Medium,7.5
IAM-000473,ORG-024,AST-00473,174,12,1,13,92,8,182,29,0.75,High,5.5
IAM-000474,ORG-017,AST-00474,390,19,18,12,75,14,36,0,0.93,High,7.4
IAM-000475,ORG-002,AST-00475,236,13,2,20,53,10,186,2,0.37,High,5.8
IAM-000476,ORG-023,AST-00476,149,3,2,3,36,0,138,12,0.97,Low,5.8
IAM-000477,ORG-024,AST-00477,300,20,12,7,90,18,125,16,0.63,High,7.8
IAM-000478,ORG-015,AST-00478,340,18,11,4,87,11,126,7,0.95,High,5.9
IAM-000479,ORG-022,AST-00479,288,23,10,19,80,18,12,2,0.73,High,5.9
IAM-000480,ORG-022,AST-00480,180,1,7,13,96,1,122,8,0.48,High,5.2
IAM-000481,ORG-025,AST-00481,417,36,10,16,92,20,166,24,0.95,High,6.9
IAM-000482,ORG-007,AST-00482,458,10,12,42,46,10,190,0,0.67,High,8.9
IAM-000483,ORG-012,AST-00483,331,16,13,33,67,8,106,11,0.4,Medium,7.0
IAM-000484,ORG-019,AST-00484,435,24,4,28,95,6,39,5,0.93,Medium,2.8
IAM-000485,ORG-018,AST-00485,401,30,14,10,67,7,158,4,0.92,Medium,6.4
IAM-000486,ORG-023,AST-00486,38,3,0,0,32,0,79,8,0.72,Low,5.8
IAM-000487,ORG-011,AST-00487,393,34,9,33,50,32,182,4,0.73,High,7.9
IAM-000488,ORG-002,AST-00488,157,6,2,8,49,1,7,1,0.82,Low,4.4
IAM-000489,ORG-022,AST-00489,44,4,1,3,30,2,145,12,0.59,Low,8.0
IAM-000490,ORG-025,AST-00490,446,37,9,24,47,8,48,4,0.49,Medium,6.6
IAM-000491,ORG-013,AST-00491,237,22,2,3,74,13,164,0,0.41,High,4.1
IAM-000492,ORG-003,AST-00492,128,8,6,7,41,8,42,5,0.39,High,8.7
IAM-000493,ORG-023,AST-00493,292,17,2,1,77,14,75,13,0.61,High,5.8
IAM-000494,ORG-013,AST-00494,122,5,6,8,32,3,124,21,0.53,High,9.7
IAM-000495,ORG-016,AST-00495,406,35,3,40,92,28,78,9,0.4,High,4.4
IAM-000496,ORG-016,AST-00496,300,26,6,13,55,5,59,0,0.82,Medium,4.6
IAM-000497,ORG-018,AST-00497,170,14,5,16,86,4,33,6,0.61,Medium,3.6
IAM-000498,ORG-008,AST-00498,62,2,0,2,65,2,90,10,1.0,High,6.4
IAM-000499,ORG-016,AST-00499,86,2,3,6,97,1,4,0,0.85,Low,2.4
IAM-000500,ORG-019,AST-00500,95,8,3,9,75,8,32,6,0.83,High,6.3
IAM-000501,ORG-016,AST-00501,139,8,5,1,77,1,172,29,0.39,Low,6.2
IAM-000502,ORG-005,AST-00502,481,13,9,8,32,0,185,34,0.59,Low,9.3
IAM-000503,ORG-020,AST-00503,384,21,7,5,79,20,115,10,0.64,High,6.4
IAM-000504,ORG-024,AST-00504,61,5,0,1,51,3,98,6,0.66,High,5.4
IAM-000505,ORG-025,AST-00505,25,2,0,0,98,1,75,6,0.82,Low,2.7
IAM-000506,ORG-010,AST-00506,304,8,9,2,54,0,27,3,0.44,Low,5.6
IAM-000507,ORG-022,AST-00507,184,11,7,14,56,11,63,3,0.45,High,7.7
IAM-000508,ORG-012,AST-00508,310,3,15,28,71,1,138,1,0.41,Low,5.9
IAM-000509,ORG-012,AST-00509,177,17,6,7,81,12,159,21,0.36,High,7.1
IAM-000510,ORG-024,AST-00510,230,14,3,23,98,4,15,3,0.35,Medium,1.9
IAM-000511,ORG-018,AST-00511,83,7,1,0,39,1,106,8,0.95,Low,5.5
IAM-000512,ORG-002,AST-00512,204,12,4,12,70,1,53,9,0.65,Low,3.5
IAM-000513,ORG-006,AST-00513,49,2,1,4,85,0,171,24,0.63,Low,3.8
IAM-000514,ORG-001,AST-00514,449,12,10,23,60,1,84,9,0.41,Low,5.4
IAM-000515,ORG-016,AST-00515,83,5,3,6,86,3,120,24,0.56,High,6.2
IAM-000516,ORG-023,AST-00516,49,2,2,4,100,2,147,28,0.49,High,5.7
IAM-000517,ORG-002,AST-00517,59,1,1,0,39,1,119,23,0.55,High,9.4
IAM-000518,ORG-004,AST-00518,93,4,3,0,57,0,5,1,0.94,Low,3.4
IAM-000519,ORG-001,AST-00519,482,28,2,39,95,26,153,10,0.33,High,4.4
IAM-000520,ORG-014,AST-00520,241,14,2,24,66,4,136,14,0.47,Medium,5.1
IAM-000521,ORG-022,AST-00521,25,2,1,0,67,2,190,19,0.44,High,7.2
IAM-000522,ORG-024,AST-00522,467,22,2,3,60,22,4,1,0.81,High,6.4
IAM-000523,ORG-012,AST-00523,8,2,0,0,80,1,141,17,0.57,Low,4.1
IAM-000524,ORG-005,AST-00524,183,9,4,6,100,5,105,10,0.54,High,3.4
IAM-000525,ORG-012,AST-00525,223,6,7,11,48,6,17,1,0.81,High,7.8
IAM-000526,ORG-024,AST-00526,180,7,7,17,91,0,181,30,0.92,Low,4.9
IAM-000527,ORG-007,AST-00527,357,24,17,26,78,10,17,1,0.83,Medium,6.2
IAM-000528,ORG-013,AST-00528,17,2,0,1,81,0,150,25,0.68,Low,3.9
IAM-000529,ORG-005,AST-00529,292,23,7,4,67,15,155,10,0.68,High,6.3
IAM-000530,ORG-024,AST-00530,205,9,2,0,71,8,143,0,0.34,High,5.5
IAM-000531,ORG-012,AST-00531,193,9,6,19,95,8,185,32,0.7,High,7.1
IAM-000532,ORG-024,AST-00532,60,1,3,1,49,0,20,2,0.85,Low,3.8
IAM-000533,ORG-009,AST-00533,5,2,0,0,90,1,59,2,0.42,Low,2.4
IAM-000534,ORG-011,AST-00534,75,5,1,0,67,1,95,4,0.88,Low,3.7
IAM-000535,ORG-015,AST-00535,401,38,17,16,69,34,123,21,0.33,High,10
IAM-000536,ORG-014,AST-00536,413,38,18,11,40,38,108,7,0.75,High,10
IAM-000537,ORG-007,AST-00537,416,22,3,39,52,6,104,13,0.86,Medium,6.1
IAM-000538,ORG-025,AST-00538,336,19,0,17,66,19,102,18,0.73,High,7.2
IAM-000539,ORG-016,AST-00539,399,16,15,3,83,9,17,0,0.96,High,6.1
IAM-000540,ORG-012,AST-00540,491,10,21,22,95,6,141,18,0.59,High,8.3
IAM-000541,ORG-005,AST-00541,487,23,5,33,47,5,88,7,0.49,Medium,6.3
IAM-000542,ORG-011,AST-00542,261,2,10,24,61,0,147,13,0.45,Low,6.1
IAM-000543,ORG-016,AST-00543,423,5,9,21,81,3,43,2,0.3,High,5.3
IAM-000544,ORG-006,AST-00544,461,29,15,24,40,12,135,18,0.52,Medium,10
IAM-000545,ORG-004,AST-00545,161,1,2,8,48,1,163,28,0.39,High,9.9
IAM-000546,ORG-020,AST-00546,25,2,0,0,74,2,183,34,0.84,High,8.4
IAM-000547,ORG-013,AST-00547,294,13,1,12,96,11,104,16,0.85,High,4.9
IAM-000548,ORG-013,AST-00548,317,27,5,0,80,9,104,17,0.68,Medium,5.4
IAM-000549,ORG-017,AST-00549,222,18,5,0,65,13,4,0,0.49,High,5.6
IAM-000550,ORG-023,AST-00550,192,19,3,6,72,16,99,18,0.94,High,7.1
IAM-000551,ORG-009,AST-00551,108,7,5,8,44,7,54,9,0.47,High,8.9
IAM-000552,ORG-004,AST-00552,30,2,0,2,49,1,30,1,0.47,Low,4.7
IAM-000553,ORG-002,AST-00553,391,2,0,24,34,0,145,1,1.0,Low,4.2
IAM-000554,ORG-013,AST-00554,143,14,5,10,83,0,39,0,0.32,Low,2.2
IAM-000555,ORG-004,AST-00555,76,7,2,2,62,0,144,26,0.64,Low,5.7
IAM-000556,ORG-023,AST-00556,391,6,9,23,33,2,190,6,0.63,Low,7.9
IAM-000557,ORG-011,AST-00557,9,1,0,0,60,0,27,5,0.96,Low,3.5
IAM-000558,ORG-008,AST-00558,364,9,5,28,41,2,68,8,0.61,Low,6.1
IAM-000559,ORG-014,AST-00559,81,3,0,1,70,0,191,13,0.93,Low,3.2
IAM-000560,ORG-022,AST-00560,355,30,7,16,80,1,155,16,0.89,Low,4.9
IAM-000561,ORG-019,AST-00561,496,12,6,3,98,1,129,21,0.81,Low,3.9
IAM-000562,ORG-001,AST-00562,113,1,0,2,48,0,175,4,0.37,Low,4.1
IAM-000563,ORG-008,AST-00563,367,1,1,27,31,1,109,15,0.63,High,8.8
IAM-000564,ORG-001,AST-00564,21,1,0,0,36,1,33,4,0.54,High,7.5
IAM-000565,ORG-004,AST-00565,270,8,10,16,39,0,147,23,0.39,Low,8.7
IAM-000566,ORG-020,AST-00566,234,17,2,12,89,8,193,13,0.55,Medium,3.5
IAM-000567,ORG-023,AST-00567,442,10,17,24,74,8,152,8,0.88,High,8.3
IAM-000568,ORG-025,AST-00568,356,34,13,25,58,29,28,4,0.85,High,7.9
IAM-000569,ORG-018,AST-00569,242,17,5,22,92,12,91,2,0.94,High,3.4
IAM-000570,ORG-022,AST-00570,305,5,6,0,92,4,156,20,0.56,High,5.8
IAM-000571,ORG-002,AST-00571,220,19,6,14,42,19,166,20,0.38,High,10
IAM-000572,ORG-016,AST-00572,312,15,14,6,59,7,143,22,0.77,Medium,9.4
IAM-000573,ORG-023,AST-00573,200,18,8,11,80,5,197,9,0.54,Medium,4.6
IAM-000574,ORG-009,AST-00574,229,12,5,14,81,9,103,3,0.9,High,4.3
IAM-000575,ORG-025,AST-00575,89,1,4,4,99,0,112,13,0.99,Low,1.7
IAM-000576,ORG-007,AST-00576,57,1,1,3,60,1,198,17,0.43,High,8.0
IAM-000577,ORG-020,AST-00577,494,43,19,34,39,34,40,0,0.9,High,10
IAM-000578,ORG-022,AST-00578,272,22,8,23,58,18,194,15,0.54,High,8.1
IAM-000579,ORG-025,AST-00579,396,13,1,17,48,5,44,2,0.44,Medium,5.2
IAM-000580,ORG-010,AST-00580,246,7,10,6,76,4,26,3,0.38,High,6.0
IAM-000581,ORG-015,AST-00581,115,5,5,6,44,4,19,3,0.6,High,7.2
IAM-000582,ORG-009,AST-00582,409,40,10,39,38,36,192,21,0.85,High,10
IAM-000583,ORG-013,AST-00583,218,8,2,13,65,5,100,1,0.7,High,4.8
IAM-000584,ORG-010,AST-00584,301,15,14,7,89,12,191,25,0.35,High,8.0
IAM-000585,ORG-015,AST-00585,152,6,2,11,85,2,29,4,0.57,Low,2.7
IAM-000586,ORG-013,AST-00586,292,27,12,24,49,27,123,22,0.9,High,10
IAM-000587,ORG-013,AST-00587,91,2,3,3,58,1,16,1,0.52,Low,5.4
IAM-000588,ORG-023,AST-00588,296,15,7,12,94,10,87,11,0.59,High,4.7
IAM-000589,ORG-009,AST-00589,106,5,5,8,59,2,67,13,0.9,Low,6.2
IAM-000590,ORG-021,AST-00590,163,5,5,3,86,3,17,3,0.48,High,3.8
IAM-000591,ORG-019,AST-00591,200,16,4,7,54,15,51,10,0.84,High,7.6
IAM-000592,ORG-004,AST-00592,476,46,19,5,97,38,39,2,0.66,High,6.7
IAM-000593,ORG-010,AST-00593,294,2,9,14,37,2,111,11,0.32,High,10
IAM-000594,ORG-005,AST-00594,267,4,0,13,39,3,75,8,0.95,High,6.7
IAM-000595,ORG-009,AST-00595,286,10,14,10,59,9,99,0,0.75,High,7.9
IAM-000596,ORG-012,AST-00596,478,47,20,33,88,7,70,8,0.38,Medium,6.3
IAM-000597,ORG-013,AST-00597,469,12,0,28,60,11,45,3,0.55,High,5.9
IAM-000598,ORG-005,AST-00598,32,2,1,0,95,0,44,0,0.8,Low,0.9
IAM-000599,ORG-006,AST-00599,250,9,11,21,47,8,76,5,0.48,High,9.3
IAM-000600,ORG-025,AST-00600,273,6,10,5,40,1,128,9,0.59,Low,7.3
IAM-000601,ORG-004,AST-00601,352,9,12,27,80,3,199,0,0.65,Medium,5.2
IAM-000602,ORG-020,AST-00602,344,15,15,31,71,5,41,0,0.88,Medium,5.5
IAM-000603,ORG-005,AST-00603,288,20,14,27,56,1,80,0,0.76,Low,6.0
IAM-000604,ORG-017,AST-00604,412,1,15,22,53,1,184,31,0.68,High,10
IAM-000605,ORG-003,AST-00605,10,1,0,0,94,0,72,1,0.64,Low,0.0
IAM-000606,ORG-010,AST-00606,52,1,1,4,77,1,42,3,0.58,High,5.4
IAM-000607,ORG-006,AST-00607,361,30,7,18,61,15,141,6,0.42,Medium,6.6
IAM-000608,ORG-015,AST-00608,74,2,2,3,71,1,80,16,0.77,Low,5.6
IAM-000609,ORG-016,AST-00609,107,5,4,9,38,3,2,1,0.66,High,6.6
IAM-000610,ORG-016,AST-00610,274,9,0,15,57,7,151,4,0.76,High,5.4
IAM-000611,ORG-024,AST-00611,230,3,6,19,31,3,125,2,1.0,High,8.7
IAM-000612,ORG-020,AST-00612,364,7,3,9,54,3,150,20,0.45,Medium,7.0
IAM-000613,ORG-019,AST-00613,354,16,13,32,55,13,34,0,0.52,High,8.0
IAM-000614,ORG-024,AST-00614,93,5,3,8,77,5,45,9,0.88,High,5.8
IAM-000615,ORG-015,AST-00615,194,16,5,12,39,15,160,25,0.94,High,10
IAM-000616,ORG-021,AST-00616,448,16,12,37,99,10,147,24,0.85,High,6.5
IAM-000617,ORG-025,AST-00617,476,15,18,37,88,13,88,4,0.56,High,7.8
IAM-000618,ORG-017,AST-00618,225,16,4,6,81,15,190,36,0.85,High,8.5
IAM-000619,ORG-017,AST-00619,330,3,14,13,31,3,184,27,0.48,High,10
IAM-000620,ORG-013,AST-00620,89,5,4,3,71,1,41,0,0.4,Low,3.7
IAM-000621,ORG-013,AST-00621,386,17,7,15,45,15,200,39,0.34,High,10
IAM-000622,ORG-003,AST-00622,266,10,7,4,34,0,162,9,0.61,Low,6.3
IAM-000623,ORG-014,AST-00623,240,12,0,16,35,7,92,9,0.56,High,7.2
IAM-000624,ORG-017,AST-00624,272,26,3,24,72,9,79,8,1.0,Medium,4.6
IAM-000625,ORG-012,AST-00625,236,22,9,22,56,18,106,2,0.54,High,7.5
IAM-000626,ORG-014,AST-00626,381,4,16,12,100,2,68,11,0.73,Low,5.5
IAM-000627,ORG-003,AST-00627,107,9,4,7,68,6,9,0,0.34,High,5.2
IAM-000628,ORG-023,AST-00628,110,2,5,1,74,1,36,2,0.56,Low,4.1
IAM-000629,ORG-017,AST-00629,6,2,0,0,45,0,186,12,0.52,Low,5.2
IAM-000630,ORG-020,AST-00630,435,1,12,42,40,0,15,0,0.99,Low,6.2
IAM-000631,ORG-024,AST-00631,260,7,4,11,98,5,107,7,0.94,High,3.5
IAM-000632,ORG-006,AST-00632,352,26,7,10,74,22,159,3,0.38,High,5.9
IAM-000633,ORG-009,AST-00633,342,25,15,0,94,12,28,2,0.87,Medium,4.6
IAM-000634,ORG-023,AST-00634,226,3,4,17,76,0,139,12,0.86,Low,3.8
IAM-000635,ORG-013,AST-00635,444,11,3,32,73,8,14,2,0.51,High,4.8
IAM-000636,ORG-018,AST-00636,406,4,1,29,95,0,57,7,0.47,Low,1.7
IAM-000637,ORG-023,AST-00637,76,1,1,5,79,0,176,8,0.83,Low,2.3
IAM-000638,ORG-025,AST-00638,211,11,8,1,62,1,56,11,0.46,Low,5.8
IAM-000639,ORG-009,AST-00639,303,21,4,7,62,8,186,18,0.84,Medium,6.5
IAM-000640,ORG-022,AST-00640,93,6,2,5,32,6,138,14,0.65,High,9.8
IAM-000641,ORG-025,AST-00641,96,7,0,9,91,0,35,0,0.63,Low,0.8
IAM-000642,ORG-011,AST-00642,108,8,5,4,67,0,22,3,0.52,Low,3.1
IAM-000643,ORG-006,AST-00643,286,19,7,25,55,18,25,1,0.47,High,7.0
IAM-000644,ORG-025,AST-00644,383,5,17,5,89,5,53,4,0.65,High,7.7
IAM-000645,ORG-024,AST-00645,426,28,1,18,79,4,71,2,0.97,Medium,2.6
IAM-000646,ORG-003,AST-00646,481,47,8,17,71,15,30,1,0.68,Medium,5.0
IAM-000647,ORG-004,AST-00647,245,19,7,14,52,4,173,3,0.99,Medium,5.8
IAM-000648,ORG-003,AST-00648,86,5,4,6,68,2,117,16,0.44,Low,6.1
IAM-000649,ORG-021,AST-00649,374,17,17,11,80,6,52,4,0.93,Medium,6.0
IAM-000650,ORG-004,AST-00650,351,14,4,20,38,3,42,1,0.85,Medium,5.9
IAM-000651,ORG-013,AST-00651,73,3,0,3,46,1,21,4,0.68,Low,5.4
IAM-000652,ORG-004,AST-00652,268,24,9,9,40,13,55,4,0.92,High,7.7
IAM-000653,ORG-010,AST-00653,144,2,2,9,88,2,167,16,0.75,High,6.3
IAM-000654,ORG-017,AST-00654,449,25,12,17,43,24,93,4,0.93,High,9.5
IAM-000655,ORG-001,AST-00655,129,1,1,7,89,1,78,14,0.78,High,5.1
IAM-000656,ORG-017,AST-00656,464,2,15,31,46,2,131,9,0.82,High,10
IAM-000657,ORG-017,AST-00657,408,27,4,22,78,1,10,2,0.64,Low,2.9
IAM-000658,ORG-020,AST-00658,422,19,8,26,52,1,54,10,0.98,Low,5.8
IAM-000659,ORG-017,AST-00659,413,29,13,24,57,23,140,0,0.66,High,8.0
IAM-000660,ORG-002,AST-00660,184,6,3,16,83,4,74,11,0.3,High,5.2
IAM-000661,ORG-005,AST-00661,441,17,7,32,75,17,111,11,0.93,High,7.4
IAM-000662,ORG-025,AST-00662,371,17,15,27,61,10,139,3,0.8,High,7.4
IAM-000663,ORG-007,AST-00663,433,9,7,22,57,6,92,4,0.42,High,6.3
IAM-000664,ORG-004,AST-00664,396,3,7,11,35,2,120,12,0.78,High,9.1
IAM-000665,ORG-018,AST-00665,190,7,9,4,39,7,195,22,0.51,High,10
IAM-000666,ORG-009,AST-00666,498,36,2,31,35,20,36,4,0.93,High,7.1
IAM-000667,ORG-020,AST-00667,458,3,2,24,63,1,181,33,0.98,Low,6.8
IAM-000668,ORG-011,AST-00668,215,19,7,3,69,5,103,8,0.89,Medium,5.5
IAM-000669,ORG-023,AST-00669,412,22,17,22,55,10,4,1,0.85,Medium,7.6
IAM-000670,ORG-021,AST-00670,58,5,0,0,63,5,33,1,0.9,High,6.0
IAM-000671,ORG-012,AST-00671,446,39,16,8,66,23,182,6,0.67,High,8.3
IAM-000672,ORG-008,AST-00672,355,20,14,26,39,10,89,10,0.64,Medium,9.4
IAM-000673,ORG-023,AST-00673,108,9,4,2,57,4,93,15,0.6,Medium,6.6
IAM-000674,ORG-021,AST-00674,109,5,1,10,51,3,125,22,0.5,High,7.3
IAM-000675,ORG-013,AST-00675,150,4,5,15,39,3,55,6,0.56,High,7.8
IAM-000676,ORG-008,AST-00676,350,16,15,10,42,6,158,6,0.4,Medium,8.9
IAM-000677,ORG-014,AST-00677,150,4,6,7,54,0,194,35,0.8,Low,7.7
IAM-000678,ORG-020,AST-00678,463,38,20,25,96,3,97,2,0.34,Medium,4.4
IAM-000679,ORG-005,AST-00679,369,18,7,26,48,2,108,2,0.62,Low,5.0
IAM-000680,ORG-002,AST-00680,434,17,1,12,52,16,105,13,0.47,High,7.1
IAM-000681,ORG-014,AST-00681,497,26,19,3,84,16,96,1,0.63,High,6.9
IAM-000682,ORG-013,AST-00682,31,2,0,3,92,1,54,5,0.88,Low,2.7
IAM-000683,ORG-004,AST-00683,437,32,1,32,50,17,190,38,0.61,High,8.9
IAM-000684,ORG-014,AST-00684,211,17,0,4,74,7,179,13,0.79,Medium,4.0
IAM-000685,ORG-008,AST-00685,84,3,2,3,66,1,187,29,0.85,Low,6.2
IAM-000686,ORG-005,AST-00686,370,4,8,17,78,0,49,8,0.76,Low,4.2
IAM-000687,ORG-004,AST-00687,216,15,5,4,51,9,193,27,0.97,High,8.5
IAM-000688,ORG-003,AST-00688,340,15,7,16,65,1,196,19,0.45,Low,5.6
IAM-000689,ORG-004,AST-00689,496,36,16,26,52,13,104,8,0.39,Medium,8.2
IAM-000690,ORG-025,AST-00690,78,2,3,3,93,1,44,1,0.9,Low,2.3
IAM-000691,ORG-022,AST-00691,166,9,2,11,47,6,156,9,0.51,High,6.8
IAM-000692,ORG-023,AST-00692,399,8,15,6,42,6,100,2,0.97,High,9.7
IAM-000693,ORG-019,AST-00693,448,27,11,6,70,20,194,8,0.72,High,6.9
IAM-000694,ORG-001,AST-00694,394,32,7,10,50,24,11,0,0.39,High,7.2
IAM-000695,ORG-021,AST-00695,320,2,7,18,33,2,78,15,0.53,High,10
IAM-000696,ORG-007,AST-00696,224,13,3,13,81,6,26,4,0.57,Medium,3.3
IAM-000697,ORG-011,AST-00697,169,5,3,11,67,3,106,8,0.66,High,5.6
IAM-000698,ORG-004,AST-00698,31,1,0,0,90,1,159,1,0.72,High,3.3
IAM-000699,ORG-002,AST-00699,335,1,8,7,77,1,129,6,0.46,High,6.7
IAM-000700,ORG-004,AST-00700,318,2,4,26,66,1,144,14,0.44,Low,5.9
IAM-000701,ORG-025,AST-00701,444,18,3,23,64,13,122,17,0.35,High,7.3
IAM-000702,ORG-008,AST-00702,321,17,1,9,77,17,69,8,0.52,High,5.2
IAM-000703,ORG-016,AST-00703,184,11,0,14,66,1,77,9,0.72,Low,3.0
IAM-000704,ORG-003,AST-00704,53,4,2,1,40,4,145,27,0.83,High,9.7
IAM-000705,ORG-025,AST-00705,477,31,17,39,54,16,150,1,0.31,High,7.8
IAM-000706,ORG-003,AST-00706,189,18,6,17,82,15,131,16,0.4,High,6.8
IAM-000707,ORG-008,AST-00707,433,14,15,15,47,1,31,4,0.53,Low,7.2
IAM-000708,ORG-023,AST-00708,433,2,1,24,94,0,19,3,0.39,Low,1.4
IAM-000709,ORG-012,AST-00709,387,38,9,26,48,38,92,12,0.95,High,9.7
IAM-000710,ORG-021,AST-00710,271,1,9,16,36,1,70,8,0.47,High,10
IAM-000711,ORG-004,AST-00711,213,13,4,7,52,3,194,16,0.93,Medium,6.2
IAM-000712,ORG-018,AST-00712,298,1,11,27,80,1,140,10,0.81,High,7.7
IAM-000713,ORG-008,AST-00713,52,1,2,5,70,1,164,5,0.91,High,5.9
IAM-000714,ORG-008,AST-00714,270,22,5,0,81,17,106,1,0.83,High,4.8
IAM-000715,ORG-021,AST-00715,22,1,1,1,79,0,105,0,0.55,Low,1.2
IAM-000716,ORG-001,AST-00716,162,15,1,13,81,0,20,3,0.57,Low,2.1
IAM-000717,ORG-005,AST-00717,397,18,15,32,62,2,32,3,0.76,Low,5.8
IAM-000718,ORG-019,AST-00718,64,1,1,4,66,0,187,29,0.8,Low,5.3
IAM-000719,ORG-006,AST-00719,20,2,1,1,79,2,156,23,0.32,High,7.2
IAM-000720,ORG-022,AST-00720,42,1,1,0,31,0,105,10,0.78,Low,5.9
IAM-000721,ORG-011,AST-00721,153,6,2,2,34,2,199,26,0.75,Low,7.9
IAM-000722,ORG-019,AST-00722,150,7,7,7,85,6,118,20,0.91,High,6.6
IAM-000723,ORG-019,AST-00723,268,3,13,1,50,1,95,9,0.37,Low,7.5
IAM-000724,ORG-005,AST-00724,9,1,0,0,37,1,84,5,0.38,High,7.4
IAM-000725,ORG-006,AST-00725,136,13,1,7,43,2,31,4,0.6,Low,5.3
IAM-000726,ORG-005,AST-00726,357,2,1,15,37,1,129,3,0.62,Low,6.3
IAM-000727,ORG-012,AST-00727,314,12,2,13,82,5,155,21,0.45,Medium,4.5
IAM-000728,ORG-010,AST-00728,5,1,0,0,81,1,44,0,0.36,High,4.4
IAM-000729,ORG-006,AST-00729,31,3,1,1,93,1,93,12,0.34,Low,3.0
IAM-000730,ORG-011,AST-00730,77,5,0,6,75,2,130,26,0.65,Low,5.6
IAM-000731,ORG-022,AST-00731,308,17,6,25,57,0,191,2,0.49,Low,3.9
IAM-000732,ORG-024,AST-00732,266,19,0,18,51,12,20,2,0.6,High,5.1
IAM-000733,ORG-021,AST-00733,195,9,4,2,76,6,164,18,0.43,High,6.5
IAM-000734,ORG-006,AST-00734,214,3,4,13,86,0,95,6,0.62,Low,1.9
IAM-000735,ORG-025,AST-00735,202,20,6,14,36,11,169,8,0.68,High,8.3
IAM-000736,ORG-023,AST-00736,359,5,5,2,34,4,27,2,0.85,High,8.2
IAM-000737,ORG-024,AST-00737,294,10,9,26,73,9,194,19,0.31,High,7.8
IAM-000738,ORG-010,AST-00738,173,17,7,11,76,4,85,12,0.38,Medium,5.4
IAM-000739,ORG-003,AST-00739,376,19,12,0,39,17,68,2,0.91,High,9.9
IAM-000740,ORG-016,AST-00740,470,35,18,34,47,2,56,0,0.34,Low,7.1
IAM-000741,ORG-012,AST-00741,482,35,22,35,90,19,64,6,0.97,High,7.5
IAM-000742,ORG-011,AST-00742,364,9,2,31,56,7,68,1,0.82,High,5.9
IAM-000743,ORG-013,AST-00743,302,8,5,12,56,1,52,6,0.45,Low,4.6
IAM-000744,ORG-014,AST-00744,475,29,2,30,97,0,185,3,0.35,Low,0.4
IAM-000745,ORG-002,AST-00745,466,5,21,13,30,2,74,5,0.64,Low,10
IAM-000746,ORG-010,AST-00746,134,5,5,9,73,4,153,18,0.35,High,7.4
IAM-000747,ORG-006,AST-00747,451,27,2,35,97,26,28,1,0.34,High,3.4
IAM-000748,ORG-022,AST-00748,273,2,3,9,92,2,60,6,0.61,High,4.7
IAM-000749,ORG-011,AST-00749,191,10,4,15,70,9,16,3,0.9,High,5.9
IAM-000750,ORG-012,AST-00750,319,10,6,3,37,10,18,2,0.99,High,8.4
IAM-000751,ORG-010,AST-00751,184,17,0,14,76,4,121,18,0.56,Medium,4.4
IAM-000752,ORG-023,AST-00752,88,3,0,0,72,1,187,15,0.57,Low,4.0
IAM-000753,ORG-004,AST-00753,27,1,1,1,75,0,163,12,0.7,Low,3.1
IAM-000754,ORG-011,AST-00754,327,7,1,16,99,7,103,2,0.4,High,3.1
IAM-000755,ORG-002,AST-00755,469,2,19,26,85,2,155,2,0.63,High,8.2
IAM-000756,ORG-021,AST-00756,384,18,18,17,72,12,142,20,0.73,High,9.9
IAM-000757,ORG-022,AST-00757,410,11,13,24,85,10,68,7,0.83,High,7.5
IAM-000758,ORG-003,AST-00758,22,2,1,1,61,0,153,1,0.36,Low,2.8
IAM-000759,ORG-009,AST-00759,455,27,16,44,41,20,110,2,0.47,High,9.5
IAM-000760,ORG-005,AST-00760,254,4,0,17,96,1,124,2,0.72,Low,1.3
IAM-000761,ORG-009,AST-00761,433,28,11,38,65,12,109,7,0.99,Medium,6.6
IAM-000762,ORG-002,AST-00762,113,7,5,5,87,0,48,8,0.34,Low,3.0
IAM-000763,ORG-019,AST-00763,295,14,12,23,39,1,20,2,0.91,Low,6.9
IAM-000764,ORG-007,AST-00764,395,23,19,24,100,5,96,6,0.84,Medium,4.8
IAM-000765,ORG-015,AST-00765,29,1,1,2,51,0,117,20,0.88,Low,5.8
IAM-000766,ORG-019,AST-00766,405,17,5,12,48,14,74,7,0.8,High,7.7
IAM-000767,ORG-009,AST-00767,31,2,1,3,62,1,145,15,0.34,Low,6.0
IAM-000768,ORG-021,AST-00768,187,11,5,8,30,2,140,22,0.57,Low,8.0
IAM-000769,ORG-008,AST-00769,242,16,2,24,34,15,155,11,0.94,High,8.7
IAM-000770,ORG-004,AST-00770,381,14,9,12,60,8,140,15,0.9,High,7.7
IAM-000771,ORG-005,AST-00771,24,2,0,2,83,2,98,1,0.62,High,4.1
IAM-000772,ORG-002,AST-00772,175,5,3,8,39,4,81,7,0.55,High,7.3
IAM-000773,ORG-018,AST-00773,375,6,16,10,78,1,23,1,0.51,Low,4.8
IAM-000774,ORG-016,AST-00774,127,4,0,7,40,0,184,19,0.55,Low,6.0
IAM-000775,ORG-018,AST-00775,333,9,12,30,33,4,176,31,0.37,Medium,10
IAM-000776,ORG-008,AST-00776,380,23,14,12,45,4,139,22,0.9,Medium,9.4
IAM-000777,ORG-001,AST-00777,45,2,1,2,64,1,72,1,0.46,Low,3.9
IAM-000778,ORG-018,AST-00778,145,13,2,8,79,11,189,15,0.98,High,5.9
IAM-000779,ORG-004,AST-00779,469,7,23,34,62,7,45,9,0.34,High,10
IAM-000780,ORG-021,AST-00780,354,7,13,0,82,0,34,3,0.98,Low,3.7
IAM-000781,ORG-007,AST-00781,8,2,0,0,57,1,21,1,0.52,Low,4.1
IAM-000782,ORG-012,AST-00782,186,15,2,15,47,0,91,1,0.46,Low,4.0
IAM-000783,ORG-005,AST-00783,211,2,1,8,96,0,165,29,0.6,Low,3.8
IAM-000784,ORG-002,AST-00784,22,2,1,0,94,1,166,0,0.38,Low,2.4
IAM-000785,ORG-007,AST-00785,219,9,8,11,75,8,87,0,0.34,High,6.0
IAM-000786,ORG-013,AST-00786,14,2,0,0,60,0,119,4,0.53,Low,3.4
IAM-000787,ORG-014,AST-00787,257,15,0,4,59,9,35,4,0.67,High,4.5
IAM-000788,ORG-021,AST-00788,415,20,13,30,43,16,166,8,0.66,High,9.8
IAM-000789,ORG-015,AST-00789,390,36,14,3,91,4,128,23,0.71,Medium,5.8
IAM-000790,ORG-003,AST-00790,366,36,16,12,63,26,117,20,0.68,High,9.5
IAM-000791,ORG-011,AST-00791,147,1,5,1,83,1,120,7,0.88,High,5.9
IAM-000792,ORG-022,AST-00792,286,19,7,4,69,9,166,0,0.84,Medium,4.8
IAM-000793,ORG-014,AST-00793,403,11,8,20,42,4,50,7,0.93,Medium,7.1
IAM-000794,ORG-004,AST-00794,403,40,0,5,43,5,28,1,0.91,Medium,3.8
IAM-000795,ORG-020,AST-00795,422,12,15,7,57,5,25,2,0.77,Medium,6.9
IAM-000796,ORG-003,AST-00796,432,15,12,42,94,13,75,1,0.32,High,5.8
IAM-000797,ORG-025,AST-00797,398,7,0,7,94,6,21,2,0.63,High,2.8
IAM-000798,ORG-007,AST-00798,435,9,16,35,48,2,69,5,0.52,Low,8.2
IAM-000799,ORG-011,AST-00799,40,3,0,0,69,1,199,11,0.44,Low,4.2
IAM-000800,ORG-017,AST-00800,483,17,8,13,69,17,39,2,0.49,High,7.3
IAM-000801,ORG-024,AST-00801,297,15,11,16,68,12,156,23,0.85,High,9.0
IAM-000802,ORG-007,AST-00802,406,4,16,33,64,4,40,3,0.93,High,9.0
IAM-000803,ORG-001,AST-00803,226,2,2,12,88,1,56,3,0.99,Low,3.1
IAM-000804,ORG-003,AST-00804,424,10,21,36,64,3,65,8,0.63,Medium,8.7
IAM-000805,ORG-015,AST-00805,317,17,13,30,45,6,67,2,0.95,Medium,7.1
IAM-000806,ORG-023,AST-00806,140,2,1,12,100,0,102,7,0.52,Low,1.0
IAM-000807,ORG-003,AST-00807,86,4,2,6,94,2,84,3,0.54,Low,2.7
IAM-000808,ORG-012,AST-00808,415,7,8,2,55,5,200,16,0.45,High,8.7
IAM-000809,ORG-020,AST-00809,442,15,8,29,52,7,193,17,0.85,Medium,8.0
IAM-000810,ORG-004,AST-00810,162,14,2,10,52,5,92,5,0.56,Medium,5.5
IAM-000811,ORG-004,AST-00811,459,42,13,6,90,8,149,0,0.44,Medium,4.0
IAM-000812,ORG-007,AST-00812,228,20,8,6,86,14,4,0,0.52,High,4.2
IAM-000813,ORG-005,AST-00813,439,18,11,22,70,12,42,6,0.43,High,6.7
IAM-000814,ORG-010,AST-00814,341,23,16,1,61,15,61,12,0.6,High,8.7
IAM-000815,ORG-003,AST-00815,36,3,0,1,74,2,166,9,0.81,High,5.1
IAM-000816,ORG-008,AST-00816,458,9,13,23,81,0,178,30,0.44,Low,6.5
IAM-000817,ORG-024,AST-00817,63,1,1,3,55,0,128,16,0.97,Low,4.9
IAM-000818,ORG-022,AST-00818,127,1,6,9,45,0,52,5,0.37,Low,5.2
IAM-000819,ORG-017,AST-00819,375,37,13,7,47,33,39,0,0.37,High,8.6
IAM-000820,ORG-023,AST-00820,390,17,6,31,64,3,57,1,0.9,Medium,4.5
IAM-000821,ORG-005,AST-00821,346,8,15,20,54,7,67,10,0.87,High,9.8
IAM-000822,ORG-002,AST-00822,132,1,4,8,98,0,169,11,0.32,Low,2.1
IAM-000823,ORG-006,AST-00823,28,1,0,2,42,0,60,3,0.55,Low,4.5
IAM-000824,ORG-008,AST-00824,474,14,23,11,93,1,60,11,0.38,Low,6.8
IAM-000825,ORG-006,AST-00825,123,3,5,11,75,2,110,6,0.75,High,4.9
IAM-000826,ORG-004,AST-00826,66,2,1,4,39,1,15,3,0.47,Low,5.8
IAM-000827,ORG-006,AST-00827,415,27,11,6,40,12,25,1,0.88,Medium,8.1
IAM-000828,ORG-020,AST-00828,345,24,6,30,63,14,125,18,1.0,High,7.7
IAM-000829,ORG-008,AST-00829,496,10,10,17,55,10,39,0,0.38,High,7.6
IAM-000830,ORG-018,AST-00830,113,8,2,9,99,4,7,1,1.0,Medium,1.9
IAM-000831,ORG-025,AST-00831,13,2,0,1,81,2,196,8,0.76,High,5.0
IAM-000832,ORG-008,AST-00832,38,2,1,0,70,0,113,13,0.81,Low,3.3
IAM-000833,ORG-006,AST-00833,482,7,12,20,44,6,2,0,0.43,High,8.6
IAM-000834,ORG-015,AST-00834,499,26,2,33,37,11,132,20,0.54,Medium,8.1
IAM-000835,ORG-017,AST-00835,41,3,1,1,37,0,143,14,0.33,Low,5.7
IAM-000836,ORG-006,AST-00836,107,5,1,5,82,5,102,19,0.81,High,5.9
IAM-000837,ORG-011,AST-00837,233,5,10,7,98,2,39,4,0.32,Low,4.1
IAM-000838,ORG-020,AST-00838,120,10,1,4,35,4,91,15,1.0,Medium,6.8
IAM-000839,ORG-017,AST-00839,138,8,3,7,40,0,137,1,0.41,Low,4.4
IAM-000840,ORG-023,AST-00840,383,38,19,1,64,24,56,4,0.97,High,8.4
IAM-000841,ORG-018,AST-00841,169,15,3,5,42,12,31,1,0.3,High,6.8
IAM-000842,ORG-025,AST-00842,345,4,12,21,62,2,103,17,0.41,Low,8.0
IAM-000843,ORG-013,AST-00843,396,19,19,30,65,18,190,29,0.99,High,10
IAM-000844,ORG-012,AST-00844,241,7,0,2,38,0,51,9,0.73,Low,5.1
IAM-000845,ORG-014,AST-00845,208,11,2,6,38,0,158,10,0.95,Low,6.0
IAM-000846,ORG-024,AST-00846,78,6,3,1,77,2,172,30,0.81,Low,6.2
IAM-000847,ORG-006,AST-00847,291,11,2,27,54,2,180,28,0.49,Low,7.1
IAM-000848,ORG-016,AST-00848,50,3,2,5,44,0,180,16,0.81,Low,5.9
IAM-000849,ORG-013,AST-00849,361,15,4,24,68,2,81,13,0.55,Low,5.0
IAM-000850,ORG-007,AST-00850,435,22,6,17,94,1,37,4,0.41,Low,2.3
IAM-000851,ORG-020,AST-00851,238,19,0,16,91,13,64,3,0.99,High,3.4
IAM-000852,ORG-019,AST-00852,469,31,20,24,66,23,89,11,0.98,High,10
IAM-000853,ORG-008,AST-00853,127,9,1,5,46,3,85,6,0.36,Medium,5.5
IAM-000854,ORG-005,AST-00854,313,20,3,3,30,13,52,5,0.41,High,8.1
IAM-000855,ORG-016,AST-00855,46,3,0,4,67,1,193,15,0.4,Low,5.1
IAM-000856,ORG-014,AST-00856,324,15,14,6,57,9,9,0,0.6,High,7.9
IAM-000857,ORG-020,AST-00857,499,2,14,20,54,2,48,7,0.54,High,9.9
IAM-000858,ORG-010,AST-00858,101,8,2,0,75,5,105,21,0.59,High,5.7
IAM-000859,ORG-001,AST-00859,269,15,2,7,40,2,171,14,0.47,Low,6.7
IAM-000860,ORG-023,AST-00860,89,3,3,2,43,3,152,3,0.82,High,8.0
IAM-000861,ORG-011,AST-00861,378,35,6,22,81,27,166,19,0.87,High,7.1
IAM-000862,ORG-025,AST-00862,198,13,5,5,79,10,42,6,0.8,High,5.5
IAM-000863,ORG-018,AST-00863,320,11,4,16,42,5,40,8,0.49,Medium,7.3
IAM-000864,ORG-017,AST-00864,192,4,4,16,37,2,138,13,0.96,Low,7.9
IAM-000865,ORG-020,AST-00865,291,15,12,26,84,2,134,8,0.98,Low,4.5
IAM-000866,ORG-017,AST-00866,317,28,12,10,77,22,39,6,0.54,High,7.3
IAM-000867,ORG-025,AST-00867,431,20,11,22,44,17,56,3,0.49,High,9.2
IAM-000868,ORG-025,AST-00868,103,5,1,2,82,4,119,1,0.42,High,3.9
IAM-000869,ORG-001,AST-00869,196,6,4,6,60,4,167,2,0.36,High,5.9
IAM-000870,ORG-013,AST-00870,335,21,5,10,81,4,173,23,0.9,Medium,5.2
IAM-000871,ORG-014,AST-00871,156,8,3,0,37,3,151,27,0.65,Medium,8.4
IAM-000872,ORG-025,AST-00872,426,24,13,40,40,21,82,11,0.7,High,10
IAM-000873,ORG-004,AST-00873,465,31,14,34,36,4,91,5,0.4,Medium,8.2
IAM-000874,ORG-004,AST-00874,130,11,1,6,54,0,26,3,0.99,Low,3.7
IAM-000875,ORG-023,AST-00875,340,2,7,24,85,2,14,0,0.72,High,5.6
IAM-000876,ORG-002,AST-00876,495,5,22,28,42,0,9,0,0.86,Low,8.5
IAM-000877,ORG-001,AST-00877,15,1,0,1,86,1,92,3,0.9,High,4.6
IAM-000878,ORG-008,AST-00878,193,7,3,15,70,5,40,7,0.43,High,5.2
IAM-000879,ORG-006,AST-00879,71,1,0,6,55,1,118,2,0.34,High,5.8
IAM-000880,ORG-001,AST-00880,135,4,6,12,66,4,59,2,0.52,High,6.2
IAM-000881,ORG-010,AST-00881,321,28,0,24,96,25,33,2,0.68,High,3.5
IAM-000882,ORG-006,AST-00882,266,2,13,20,38,2,193,38,0.44,High,10
IAM-000883,ORG-011,AST-00883,33,3,1,1,81,2,9,0,0.43,High,3.1
IAM-000884,ORG-010,AST-00884,427,16,17,6,78,12,2,0,0.37,High,7.0
IAM-000885,ORG-013,AST-00885,418,23,10,29,67,16,142,7,0.52,High,6.9
IAM-000886,ORG-010,AST-00886,412,27,8,32,82,1,3,1,0.36,Low,3.4
IAM-000887,ORG-021,AST-00887,368,15,12,23,81,14,30,4,0.4,High,7.1
IAM-000888,ORG-014,AST-00888,126,10,4,7,94,3,33,2,0.56,Medium,2.3
IAM-000889,ORG-016,AST-00889,170,11,3,11,32,0,197,39,0.85,Low,8.7
IAM-000890,ORG-007,AST-00890,155,5,3,7,64,2,200,0,0.41,Low,3.8
IAM-000891,ORG-025,AST-00891,82,1,1,4,41,1,36,4,0.58,High,7.9
IAM-000892,ORG-013,AST-00892,389,24,12,13,94,4,93,4,0.93,Medium,3.7
IAM-000893,ORG-013,AST-00893,265,20,8,13,75,18,112,11,0.72,High,6.6
IAM-000894,ORG-013,AST-00894,116,1,0,7,52,1,49,3,0.87,High,7.0
IAM-000895,ORG-012,AST-00895,78,4,2,2,43,1,4,1,0.77,Low,4.8
IAM-000896,ORG-009,AST-00896,352,33,6,20,48,6,4,1,0.31,Medium,5.3
IAM-000897,ORG-012,AST-00897,463,19,10,2,74,8,23,4,0.67,Medium,5.0
IAM-000898,ORG-023,AST-00898,102,10,3,7,45,2,139,6,0.93,Low,5.9
IAM-000899,ORG-023,AST-00899,54,4,2,3,46,2,133,23,0.56,Low,7.7
IAM-000900,ORG-025,AST-00900,184,15,7,13,68,7,85,6,0.48,Medium,5.3
IAM-000901,ORG-024,AST-00901,300,30,5,16,66,3,27,4,0.73,Medium,3.7
IAM-000902,ORG-021,AST-00902,479,18,4,10,39,0,152,4,0.46,Low,5.7
IAM-000903,ORG-023,AST-00903,449,22,3,25,42,22,194,20,0.89,High,9.6
IAM-000904,ORG-004,AST-00904,24,1,1,1,41,0,154,18,0.32,Low,6.2
IAM-000905,ORG-008,AST-00905,498,48,7,21,50,46,26,1,0.37,High,8.1
IAM-000906,ORG-003,AST-00906,356,23,10,11,93,13,158,20,0.89,High,6.5
IAM-000907,ORG-017,AST-00907,333,3,9,5,49,2,24,3,0.81,High,7.1
IAM-000908,ORG-013,AST-00908,180,4,6,14,49,0,36,7,0.48,Low,5.3
IAM-000909,ORG-001,AST-00909,364,31,2,24,52,4,65,11,0.37,Medium,5.0
IAM-000910,ORG-017,AST-00910,45,3,1,0,67,0,170,9,0.87,Low,3.6
IAM-000911,ORG-002,AST-00911,288,8,8,1,33,3,80,15,0.57,Medium,8.5
IAM-000912,ORG-001,AST-00912,12,2,0,1,47,1,61,11,0.78,Low,6.5
IAM-000913,ORG-020,AST-00913,102,5,4,9,51,2,123,10,0.37,Low,5.8
IAM-000914,ORG-006,AST-00914,260,6,8,16,52,3,68,10,0.91,Medium,7.5
IAM-000915,ORG-015,AST-00915,349,31,6,5,31,15,113,15,0.4,Medium,8.4
IAM-000916,ORG-024,AST-00916,169,5,1,6,50,3,54,9,0.69,High,6.6
IAM-000917,ORG-003,AST-00917,261,19,8,8,83,12,55,9,0.77,High,5.4
IAM-000918,ORG-010,AST-00918,195,4,4,8,35,0,44,1,0.66,Low,5.3
IAM-000919,ORG-014,AST-00919,180,13,7,17,31,13,184,1,0.56,High,9.1
IAM-000920,ORG-009,AST-00920,466,25,17,24,65,1,37,3,0.83,Low,5.8
IAM-000921,ORG-008,AST-00921,270,3,6,12,38,3,72,9,0.48,High,9.7
IAM-000922,ORG-014,AST-00922,149,6,5,13,67,5,52,10,0.6,High,7.1
IAM-000923,ORG-022,AST-00923,266,21,13,18,95,6,167,9,0.55,Medium,5.2
IAM-000924,ORG-009,AST-00924,221,18,0,1,57,1,135,1,0.49,Low,3.3
IAM-000925,ORG-016,AST-00925,44,4,1,4,73,4,41,6,0.91,High,5.4
IAM-000926,ORG-013,AST-00926,233,19,10,8,57,18,17,3,0.96,High,8.4
IAM-000927,ORG-013,AST-00927,187,3,2,10,74,2,32,2,0.59,High,4.0
IAM-000928,ORG-012,AST-00928,322,23,6,30,62,9,104,5,0.61,Medium,5.7
IAM-000929,ORG-008,AST-00929,191,14,9,12,83,3,195,3,0.88,Medium,4.0
IAM-000930,ORG-006,AST-00930,449,6,16,32,81,5,99,12,0.42,High,7.8
IAM-000931,ORG-001,AST-00931,235,17,4,1,69,7,119,3,0.77,Medium,3.9
IAM-000932,ORG-019,AST-00932,406,37,0,6,49,24,131,15,0.74,High,6.9
IAM-000933,ORG-007,AST-00933,279,3,3,7,86,1,178,17,0.36,Low,4.5
IAM-000934,ORG-008,AST-00934,470,34,15,24,53,15,57,6,0.98,Medium,8.0
IAM-000935,ORG-012,AST-00935,183,14,2,15,53,5,58,2,0.93,Medium,5.2
IAM-000936,ORG-019,AST-00936,72,4,0,2,65,1,104,6,0.38,Low,3.8
IAM-000937,ORG-014,AST-00937,429,20,3,34,31,0,74,7,1.0,Low,5.6
IAM-000938,ORG-015,AST-00938,263,6,3,17,63,3,114,15,0.81,Medium,5.8
IAM-000939,ORG-007,AST-00939,262,22,12,12,88,0,192,8,0.88,Low,4.0
IAM-000940,ORG-017,AST-00940,68,5,2,6,88,3,93,12,0.64,High,3.8
IAM-000941,ORG-011,AST-00941,58,4,0,5,32,0,2,1,0.36,Low,4.7
IAM-000942,ORG-014,AST-00942,462,41,23,8,78,13,60,9,0.3,Medium,7.6
IAM-000943,ORG-024,AST-00943,252,21,12,20,97,8,164,2,0.69,Medium,4.1
IAM-000944,ORG-009,AST-00944,212,7,5,0,63,5,47,7,1.0,High,6.4
IAM-000945,ORG-023,AST-00945,307,29,10,15,65,4,30,3,0.91,Medium,5.1
IAM-000946,ORG-019,AST-00946,500,49,7,20,33,9,116,2,0.33,Medium,7.1
IAM-000947,ORG-018,AST-00947,356,2,0,17,87,1,57,2,0.38,Low,2.1
IAM-000948,ORG-003,AST-00948,447,1,22,33,62,1,178,25,0.48,High,10
IAM-000949,ORG-021,AST-00949,331,15,3,7,65,9,32,3,0.93,High,5.3
IAM-000950,ORG-018,AST-00950,233,9,10,9,95,4,141,6,0.5,Medium,4.0
IAM-000951,ORG-024,AST-00951,69,5,1,1,68,5,113,12,0.96,High,6.4
IAM-000952,ORG-004,AST-00952,415,11,10,36,91,8,52,0,0.7,High,4.6
IAM-000953,ORG-022,AST-00953,12,1,0,0,69,1,188,4,0.57,High,5.7
IAM-000954,ORG-015,AST-00954,219,7,2,1,51,1,21,0,0.44,Low,3.6
IAM-000955,ORG-025,AST-00955,273,7,5,3,36,3,199,6,0.69,Medium,7.0
IAM-000956,ORG-008,AST-00956,34,2,1,0,55,0,197,20,0.8,Low,5.0
IAM-000957,ORG-021,AST-00957,168,8,0,13,98,0,188,33,0.32,Low,3.0
IAM-000958,ORG-018,AST-00958,433,22,6,38,37,22,85,11,0.46,High,9.8
IAM-000959,ORG-025,AST-00959,225,13,2,13,48,9,200,16,0.96,High,7.3
IAM-000960,ORG-006,AST-00960,165,13,8,13,56,4,31,1,0.36,Medium,5.3
IAM-000961,ORG-011,AST-00961,15,1,0,1,68,1,53,1,0.5,High,5.7
IAM-000962,ORG-022,AST-00962,302,12,8,22,87,0,117,12,0.82,Low,3.3
IAM-000963,ORG-024,AST-00963,51,3,1,2,90,0,172,21,0.73,Low,3.3
IAM-000964,ORG-007,AST-00964,193,8,2,19,79,7,99,4,0.39,High,4.6
IAM-000965,ORG-009,AST-00965,262,8,11,6,55,2,26,5,0.33,Low,6.1
IAM-000966,ORG-012,AST-00966,357,17,4,31,69,8,34,5,0.93,Medium,4.8
IAM-000967,ORG-015,AST-00967,51,1,1,0,82,1,188,13,0.5,High,5.9
IAM-000968,ORG-009,AST-00968,410,3,18,41,82,2,111,20,0.49,High,8.8
IAM-000969,ORG-011,AST-00969,56,3,0,4,98,2,90,14,0.83,High,3.9
IAM-000970,ORG-016,AST-00970,313,11,14,16,43,3,102,4,0.82,Medium,7.4
IAM-000971,ORG-019,AST-00971,66,4,2,3,61,0,162,8,0.69,Low,3.7
IAM-000972,ORG-004,AST-00972,223,3,4,8,72,3,165,23,0.83,High,8.1
IAM-000973,ORG-012,AST-00973,165,6,7,7,87,0,60,8,0.83,Low,3.5
IAM-000974,ORG-024,AST-00974,377,25,2,12,99,18,72,1,0.58,High,2.4
IAM-000975,ORG-024,AST-00975,440,19,2,27,44,7,100,1,0.59,Medium,4.9
IAM-000976,ORG-007,AST-00976,347,7,0,30,94,7,170,20,0.69,High,5.1
IAM-000977,ORG-016,AST-00977,492,22,11,37,78,16,181,8,0.71,High,6.9
IAM-000978,ORG-005,AST-00978,369,32,9,36,100,12,92,4,0.62,Medium,3.6
IAM-000979,ORG-025,AST-00979,199,12,6,7,56,10,92,2,0.96,High,6.7
IAM-000980,ORG-001,AST-00980,498,28,16,22,37,8,115,10,0.39,Medium,9.0
IAM-000981,ORG-021,AST-00981,183,1,5,17,79,0,110,20,0.59,Low,4.1
IAM-000982,ORG-005,AST-00982,458,1,18,1,72,1,132,10,0.95,High,9.5
IAM-000983,ORG-003,AST-00983,339,30,7,6,50,19,128,5,0.91,High,7.4
IAM-000984,ORG-012,AST-00984,54,2,0,3,67,2,129,22,0.49,High,7.6
IAM-000985,ORG-012,AST-00985,393,36,5,9,88,29,167,13,0.34,High,5.1
IAM-000986,ORG-007,AST-00986,219,4,2,18,52,4,14,1,0.58,High,7.1
IAM-000987,ORG-014,AST-00987,352,33,3,4,45,1,172,1,0.52,Low,4.9
IAM-000988,ORG-005,AST-00988,64,2,3,4,85,0,67,11,0.62,Low,2.9
IAM-000989,ORG-007,AST-00989,315,5,8,5,74,5,143,3,0.6,High,7.0
IAM-000990,ORG-009,AST-00990,102,3,2,4,48,1,155,10,0.56,Low,5.6
IAM-000991,ORG-008,AST-00991,74,5,3,5,99,3,90,10,0.59,High,4.0
IAM-000992,ORG-015,AST-00992,132,1,5,10,35,1,200,22,0.64,High,10
IAM-000993,ORG-012,AST-00993,69,1,0,1,59,0,134,21,0.9,Low,4.4
IAM-000994,ORG-008,AST-00994,256,23,9,1,62,23,51,10,0.88,High,8.5
IAM-000995,ORG-014,AST-00995,278,21,13,18,45,2,117,17,0.59,Low,8.6
IAM-000996,ORG-013,AST-00996,454,31,9,13,60,7,196,24,0.47,Medium,7.9
IAM-000997,ORG-025,AST-00997,35,1,1,2,42,1,144,14,0.83,High,8.2
IAM-000998,ORG-009,AST-00998,244,6,8,4,100,0,83,4,0.48,Low,1.6
IAM-000999,ORG-012,AST-00999,204,17,4,8,73,0,119,10,0.31,Low,3.1
IAM-001000,ORG-013,AST-01000,343,25,15,19,90,16,193,2,0.75,High,5.9
IAM-001001,ORG-014,AST-01001,431,4,20,27,74,4,42,4,0.86,High,8.8
IAM-001002,ORG-001,AST-01002,124,10,1,11,80,10,48,1,0.61,High,4.5
IAM-001003,ORG-004,AST-01003,111,7,4,7,96,4,68,9,0.82,High,3.8
IAM-001004,ORG-019,AST-01004,163,4,8,6,56,2,199,20,0.98,Low,7.5
IAM-001005,ORG-023,AST-01005,55,2,1,3,31,0,137,3,0.86,Low,5.5
IAM-001006,ORG-025,AST-01006,204,8,4,18,58,5,126,17,0.72,High,7.5
IAM-001007,ORG-017,AST-01007,171,2,3,9,52,0,4,0,0.88,Low,3.6
IAM-001008,ORG-014,AST-01008,202,3,2,6,38,3,67,8,0.62,High,8.2
IAM-001009,ORG-013,AST-01009,76,1,1,5,52,1,8,1,0.9,High,6.1
IAM-001010,ORG-006,AST-01010,313,23,11,18,36,20,61,6,0.36,High,9.4
IAM-001011,ORG-023,AST-01011,49,1,2,1,93,0,84,10,0.51,Low,2.2
IAM-001012,ORG-002,AST-01012,243,3,12,17,35,2,86,4,0.81,High,9.2
IAM-001013,ORG-009,AST-01013,226,22,1,13,69,10,78,12,0.49,Medium,5.2
IAM-001014,ORG-011,AST-01014,345,4,8,0,86,2,47,5,0.44,Low,4.6
IAM-001015,ORG-011,AST-01015,385,30,3,8,83,6,16,1,0.5,Medium,2.5
IAM-001016,ORG-019,AST-01016,310,2,5,14,58,2,134,6,0.52,High,7.2
IAM-001017,ORG-013,AST-01017,300,23,13,19,35,11,166,8,0.7,Medium,9.6
IAM-001018,ORG-024,AST-01018,316,7,10,18,52,7,91,7,0.66,High,9.1
IAM-001019,ORG-022,AST-01019,217,10,4,17,91,10,150,1,0.74,High,4.7
IAM-001020,ORG-008,AST-01020,460,7,1,8,95,6,4,1,0.44,High,3.1
IAM-001021,ORG-017,AST-01021,33,1,0,2,82,1,52,7,0.43,High,4.6
IAM-001022,ORG-022,AST-01022,178,4,0,14,60,4,117,5,0.55,High,6.5
IAM-001023,ORG-011,AST-01023,27,1,1,2,100,1,63,2,0.89,High,3.3
IAM-001024,ORG-014,AST-01024,5,1,0,0,84,0,112,22,0.89,Low,3.2
IAM-001025,ORG-016,AST-01025,303,10,15,10,59,3,110,8,0.54,Medium,7.2
IAM-001026,ORG-009,AST-01026,46,3,1,2,79,3,164,1,0.59,High,4.8
IAM-001027,ORG-011,AST-01027,423,5,2,2,73,3,59,4,0.68,High,3.9
IAM-001028,ORG-025,AST-01028,437,17,13,33,65,15,118,20,0.54,High,9.4
IAM-001029,ORG-025,AST-01029,278,11,3,1,43,8,37,4,0.69,High,6.8
IAM-001030,ORG-008,AST-01030,383,37,13,19,45,31,166,1,0.52,High,9.4
IAM-001031,ORG-004,AST-01031,387,36,11,20,44,5,37,2,0.52,Medium,6.4
IAM-001032,ORG-016,AST-01032,84,6,0,4,44,3,100,1,0.35,Medium,5.7
IAM-001033,ORG-024,AST-01033,46,4,1,0,59,0,75,8,1.0,Low,3.3
IAM-001034,ORG-020,AST-01034,261,18,11,2,84,0,46,3,0.79,Low,3.6
IAM-001035,ORG-019,AST-01035,138,9,4,5,88,9,122,21,0.48,High,7.1
IAM-001036,ORG-017,AST-01036,8,1,0,0,84,0,113,5,0.99,Low,1.3
IAM-001037,ORG-002,AST-01037,474,21,19,27,36,15,118,6,0.75,High,10
IAM-001038,ORG-005,AST-01038,6,2,0,0,61,1,165,14,0.89,Low,5.7
IAM-001039,ORG-010,AST-01039,341,30,0,32,33,25,117,7,0.38,High,8.1
IAM-001040,ORG-019,AST-01040,91,8,4,7,43,7,133,2,0.53,High,7.8
IAM-001041,ORG-017,AST-01041,279,27,9,8,49,5,158,3,0.67,Medium,6.3
IAM-001042,ORG-016,AST-01042,85,8,4,5,100,3,190,21,0.54,Medium,3.9
IAM-001043,ORG-018,AST-01043,255,15,0,12,61,2,39,1,0.55,Low,2.8
IAM-001044,ORG-020,AST-01044,149,10,2,8,69,4,151,21,0.84,Medium,5.8
IAM-001045,ORG-016,AST-01045,190,19,0,19,93,8,109,0,0.88,Medium,2.0
IAM-001046,ORG-017,AST-01046,38,2,1,1,90,2,163,28,0.74,High,7.1
IAM-001047,ORG-014,AST-01047,438,18,6,28,83,7,42,7,0.31,Medium,3.7
IAM-001048,ORG-018,AST-01048,17,1,0,0,33,0,10,2,0.54,Low,4.5
IAM-001049,ORG-011,AST-01049,33,3,1,3,52,2,122,2,0.96,High,6.0
IAM-001050,ORG-007,AST-01050,237,21,1,21,90,12,58,6,0.82,High,3.0
IAM-001051,ORG-025,AST-01051,481,14,16,27,65,4,37,1,0.41,Medium,6.5
IAM-001052,ORG-001,AST-01052,256,12,7,24,99,9,128,23,0.86,High,6.5
IAM-001053,ORG-011,AST-01053,388,29,15,30,34,6,159,5,0.45,Medium,8.1
IAM-001054,ORG-023,AST-01054,332,9,13,2,71,0,20,1,0.58,Low,4.7
IAM-001055,ORG-006,AST-01055,46,4,0,1,86,3,115,17,0.94,High,5.2
IAM-001056,ORG-001,AST-01056,232,14,5,16,64,8,59,2,0.86,High,5.7
IAM-001057,ORG-024,AST-01057,64,6,0,1,60,3,158,20,0.92,Medium,5.9
IAM-001058,ORG-020,AST-01058,304,26,12,10,90,15,154,12,0.47,High,6.0
IAM-001059,ORG-018,AST-01059,386,18,10,0,61,3,16,0,0.65,Medium,4.8
IAM-001060,ORG-023,AST-01060,66,1,3,6,56,0,30,0,0.45,Low,4.0
IAM-001061,ORG-025,AST-01061,355,2,1,34,96,1,28,2,0.58,Low,2.4
IAM-001062,ORG-001,AST-01062,85,7,1,4,56,1,158,2,0.66,Low,3.4
IAM-001063,ORG-004,AST-01063,442,1,9,42,38,1,166,3,0.5,High,9.2
IAM-001064,ORG-022,AST-01064,232,9,8,20,62,0,150,3,0.41,Low,4.0
IAM-001065,ORG-023,AST-01065,217,6,0,21,70,4,39,6,0.75,High,4.7
IAM-001066,ORG-002,AST-01066,110,11,2,1,63,11,188,2,0.66,High,6.4
IAM-001067,ORG-020,AST-01067,74,4,1,0,59,0,162,7,0.93,Low,3.8
IAM-001068,ORG-014,AST-01068,161,11,0,9,78,10,120,11,0.85,High,5.1
IAM-001069,ORG-010,AST-01069,472,29,18,26,77,16,83,8,0.75,High,7.6
IAM-001070,ORG-003,AST-01070,254,17,4,25,83,8,131,3,0.35,Medium,3.2
IAM-001071,ORG-020,AST-01071,349,5,0,14,72,1,106,11,0.56,Low,3.8
IAM-001072,ORG-020,AST-01072,446,17,8,31,99,7,49,6,0.76,Medium,3.4
IAM-001073,ORG-004,AST-01073,113,9,1,9,76,1,15,3,0.92,Low,2.7
IAM-001074,ORG-008,AST-01074,380,3,6,27,52,0,55,1,0.96,Low,4.1
IAM-001075,ORG-003,AST-01075,95,1,1,4,79,1,83,8,0.57,High,5.3
IAM-001076,ORG-012,AST-01076,343,7,11,24,64,1,87,3,0.67,Low,5.5
IAM-001077,ORG-010,AST-01077,424,26,10,13,47,12,53,4,0.88,Medium,7.3
IAM-001078,ORG-023,AST-01078,271,25,13,5,50,11,52,2,0.99,Medium,7.3
IAM-001079,ORG-007,AST-01079,295,6,7,10,85,1,81,13,0.97,Low,3.8
IAM-001080,ORG-002,AST-01080,396,7,9,10,55,1,35,3,0.96,Low,5.1
IAM-001081,ORG-009,AST-01081,110,9,2,11,88,5,53,9,0.56,High,3.6
IAM-001082,ORG-002,AST-01082,86,6,4,3,52,4,156,6,0.36,High,6.9
IAM-001083,ORG-015,AST-01083,346,6,3,4,32,0,124,13,0.68,Low,6.6
IAM-001084,ORG-007,AST-01084,383,4,0,31,32,0,66,12,0.64,Low,6.0
IAM-001085,ORG-016,AST-01085,324,29,14,12,36,26,91,5,0.46,High,10
IAM-001086,ORG-011,AST-01086,284,25,6,9,99,17,191,27,0.46,High,6.3
IAM-001087,ORG-021,AST-01087,160,12,4,13,80,11,67,6,0.61,High,5.9
IAM-001088,ORG-005,AST-01088,129,12,6,1,92,11,60,5,0.84,High,4.5
IAM-001089,ORG-019,AST-01089,344,13,4,18,34,0,184,11,0.38,Low,6.2
IAM-001090,ORG-022,AST-01090,92,3,4,7,90,3,14,1,0.79,High,4.9
IAM-001091,ORG-022,AST-01091,140,11,1,0,100,6,39,5,0.38,High,2.8
IAM-001092,ORG-010,AST-01092,84,6,1,4,51,6,1,1,0.48,High,6.6
IAM-001093,ORG-017,AST-01093,194,2,0,16,52,1,80,7,0.49,Low,5.1
IAM-001094,ORG-018,AST-01094,75,3,1,6,44,0,74,11,0.78,Low,4.7
IAM-001095,ORG-003,AST-01095,413,28,18,38,91,6,68,0,0.39,Medium,5.0
IAM-001096,ORG-017,AST-01096,288,8,9,3,75,3,167,12,0.82,Medium,6.2
IAM-001097,ORG-010,AST-01097,429,41,7,28,39,15,127,20,0.34,Medium,8.9
IAM-001098,ORG-021,AST-01098,46,4,1,4,83,1,190,23,0.39,Low,4.4
IAM-001099,ORG-025,AST-01099,45,4,2,0,88,3,44,8,0.61,High,4.0
IAM-001100,ORG-013,AST-01100,345,33,17,12,31,7,63,9,0.36,Medium,9.3
IAM-001101,ORG-012,AST-01101,185,7,2,18,58,3,65,10,0.86,Medium,5.4
IAM-001102,ORG-008,AST-01102,94,5,4,4,43,3,105,12,0.38,High,7.8
IAM-001103,ORG-001,AST-01103,416,36,0,5,89,33,189,2,0.81,High,3.3
IAM-001104,ORG-003,AST-01104,485,40,17,9,63,40,172,14,0.51,High,10
IAM-001105,ORG-010,AST-01105,338,10,3,6,60,10,136,18,0.59,High,8.5
IAM-001106,ORG-002,AST-01106,204,10,1,2,70,6,154,7,0.32,High,4.5
IAM-001107,ORG-019,AST-01107,146,12,5,2,88,11,11,2,0.96,High,4.4
IAM-001108,ORG-007,AST-01108,88,6,1,6,84,5,192,26,0.75,High,6.5
IAM-001109,ORG-007,AST-01109,437,37,5,40,45,30,116,7,0.62,High,7.5
IAM-001110,ORG-020,AST-01110,260,4,9,11,90,4,135,17,0.7,High,7.6
IAM-001111,ORG-015,AST-01111,273,2,12,4,94,0,171,12,0.64,Low,4.5
IAM-001112,ORG-016,AST-01112,442,13,19,34,78,10,54,0,0.47,High,7.9
IAM-001113,ORG-025,AST-01113,215,8,2,6,70,0,84,13,0.78,Low,4.0
IAM-001114,ORG-021,AST-01114,118,6,0,7,55,2,120,16,0.83,Low,5.7
IAM-001115,ORG-004,AST-01115,354,6,16,5,95,0,45,5,0.5,Low,4.1
IAM-001116,ORG-022,AST-01116,44,1,1,2,97,1,15,1,0.64,High,3.4
IAM-001117,ORG-019,AST-01117,246,10,3,10,89,3,160,24,0.38,Medium,5.0
IAM-001118,ORG-015,AST-01118,455,24,19,7,79,16,183,25,0.48,High,9.8
IAM-001119,ORG-012,AST-01119,324,14,6,24,45,4,37,5,0.84,Medium,6.5
IAM-001120,ORG-017,AST-01120,108,6,3,6,89,2,104,8,0.49,Low,2.9
IAM-001121,ORG-013,AST-01121,439,41,7,13,83,27,153,12,0.86,High,5.9
IAM-001122,ORG-021,AST-01122,237,4,5,5,92,3,35,0,0.43,High,3.3
IAM-001123,ORG-006,AST-01123,478,44,11,42,99,30,79,0,0.4,High,4.0
IAM-001124,ORG-023,AST-01124,500,26,7,31,97,10,38,3,0.93,Medium,3.5
IAM-001125,ORG-016,AST-01125,462,16,5,24,41,1,155,6,0.45,Low,6.2
IAM-001126,ORG-005,AST-01126,18,2,0,1,90,2,144,11,0.69,High,5.0
IAM-001127,ORG-019,AST-01127,94,2,4,7,81,2,140,26,0.62,High,7.6
IAM-001128,ORG-025,AST-01128,80,8,0,4,87,5,19,1,0.73,High,2.4
IAM-001129,ORG-001,AST-01129,364,32,18,10,77,2,99,0,0.78,Low,5.5
IAM-001130,ORG-008,AST-01130,212,19,6,20,52,18,135,15,0.85,High,8.6
IAM-001131,ORG-013,AST-01131,8,1,0,0,30,1,96,11,0.61,High,8.9
IAM-001132,ORG-002,AST-01132,457,24,21,31,77,4,173,0,0.86,Medium,6.4
IAM-001133,ORG-011,AST-01133,111,9,5,4,33,6,38,6,0.88,High,8.1
IAM-001134,ORG-018,AST-01134,440,15,5,26,91,4,93,15,0.61,Medium,3.8
IAM-001135,ORG-021,AST-01135,315,11,5,7,57,3,84,16,0.97,Medium,6.4
IAM-001136,ORG-023,AST-01136,157,14,3,8,60,13,109,13,0.89,High,7.5
IAM-001137,ORG-012,AST-01137,60,1,1,6,86,1,188,5,0.35,High,5.0
IAM-001138,ORG-010,AST-01138,88,2,1,4,77,0,38,7,0.75,Low,2.2
IAM-001139,ORG-025,AST-01139,35,1,1,0,64,0,148,10,0.4,Low,4.0
IAM-001140,ORG-006,AST-01140,301,29,6,16,40,26,36,2,0.57,High,8.5
IAM-001141,ORG-013,AST-01141,444,38,3,38,85,17,106,1,0.36,Medium,3.0
IAM-001142,ORG-016,AST-01142,212,20,3,13,50,17,38,5,0.45,High,7.4
IAM-001143,ORG-003,AST-01143,136,3,6,10,72,1,71,4,0.35,Low,4.1
IAM-001144,ORG-024,AST-01144,461,45,6,36,63,17,185,18,0.32,Medium,6.2
IAM-001145,ORG-018,AST-01145,481,44,5,25,58,23,31,2,0.8,High,6.1
IAM-001146,ORG-001,AST-01146,204,13,1,11,42,12,197,22,0.9,High,9.5
IAM-001147,ORG-025,AST-01147,201,1,9,12,30,1,167,3,0.57,High,9.7
IAM-001148,ORG-023,AST-01148,457,2,12,39,78,0,6,1,0.47,Low,4.4
IAM-001149,ORG-010,AST-01149,480,34,15,7,85,11,97,10,0.66,Medium,5.5
IAM-001150,ORG-015,AST-01150,294,29,5,16,35,7,62,7,0.68,Medium,7.2
IAM-001151,ORG-004,AST-01151,270,13,5,22,61,0,74,12,0.93,Low,4.7
IAM-001152,ORG-020,AST-01152,328,7,12,1,81,1,125,10,0.72,Low,4.7
IAM-001153,ORG-023,AST-01153,475,28,6,20,69,24,153,17,0.64,High,7.6
IAM-001154,ORG-005,AST-01154,399,25,19,27,42,9,182,27,0.94,Medium,10
IAM-001155,ORG-013,AST-01155,8,2,0,0,95,1,154,10,0.48,Low,2.8
IAM-001156,ORG-004,AST-01156,126,1,2,3,85,0,60,2,0.85,Low,1.8
IAM-001157,ORG-006,AST-01157,444,16,0,2,65,16,130,8,0.51,High,5.8
IAM-001158,ORG-005,AST-01158,285,10,11,26,84,0,6,0,0.31,Low,3.2
IAM-001159,ORG-020,AST-01159,479,34,17,15,41,27,111,14,0.97,High,10
IAM-001160,ORG-009,AST-01160,108,9,0,6,83,5,101,3,0.34,High,3.3
IAM-001161,ORG-020,AST-01161,409,18,5,36,76,7,113,8,0.52,Medium,4.4
IAM-001162,ORG-004,AST-01162,265,9,6,16,49,3,120,1,0.42,Medium,5.3
IAM-001163,ORG-021,AST-01163,468,27,20,25,59,22,59,5,0.34,High,9.6
IAM-001164,ORG-001,AST-01164,497,39,0,27,58,9,170,34,0.33,Medium,7.3
IAM-001165,ORG-020,AST-01165,33,2,0,0,35,1,49,1,0.51,Low,6.4
IAM-001166,ORG-007,AST-01166,101,9,1,10,94,2,125,25,0.79,Low,3.9
IAM-001167,ORG-023,AST-01167,449,1,10,37,83,1,156,19,0.96,High,8.5
IAM-001168,ORG-010,AST-01168,435,34,8,36,58,17,66,1,0.37,Medium,5.6
IAM-001169,ORG-022,AST-01169,159,2,7,10,34,2,92,7,0.7,High,10.0
IAM-001170,ORG-012,AST-01170,108,3,5,0,80,2,154,26,0.41,High,6.7
IAM-001171,ORG-014,AST-01171,415,4,17,10,35,3,85,17,0.81,High,10
IAM-001172,ORG-021,AST-01172,261,19,11,22,85,8,154,28,0.41,Medium,6.9
IAM-001173,ORG-004,AST-01173,270,15,7,17,88,2,170,27,0.45,Low,5.8
IAM-001174,ORG-011,AST-01174,187,6,7,0,90,0,107,7,0.39,Low,2.6
IAM-001175,ORG-025,AST-01175,475,1,22,32,75,1,129,17,0.64,High,10
IAM-001176,ORG-005,AST-01176,55,3,1,3,58,2,45,0,0.73,High,4.5
IAM-001177,ORG-025,AST-01177,303,17,3,28,77,1,104,12,0.97,Low,3.2
IAM-001178,ORG-004,AST-01178,30,2,1,3,56,0,114,10,0.42,Low,4.3
IAM-001179,ORG-022,AST-01179,331,26,14,17,89,4,127,10,0.32,Medium,5.2
IAM-001180,ORG-014,AST-01180,309,11,13,16,38,5,189,11,0.43,Medium,9.0
IAM-001181,ORG-018,AST-01181,284,6,0,26,54,4,9,1,0.65,High,4.7
IAM-001182,ORG-015,AST-01182,480,20,2,44,42,19,146,29,0.88,High,10
IAM-001183,ORG-010,AST-01183,156,14,5,4,38,1,102,0,0.97,Low,4.9
IAM-001184,ORG-011,AST-01184,53,3,1,4,94,3,147,2,0.86,High,3.9
IAM-001185,ORG-017,AST-01185,374,15,7,33,69,14,24,0,0.59,High,5.8
IAM-001186,ORG-014,AST-01186,299,27,10,16,51,8,10,2,0.35,Medium,6.4
IAM-001187,ORG-018,AST-01187,16,2,0,0,70,2,198,8,0.32,High,5.4
IAM-001188,ORG-004,AST-01188,74,7,0,6,52,6,143,28,0.51,High,8.7
IAM-001189,ORG-007,AST-01189,113,7,4,0,39,4,124,7,0.5,High,6.9
IAM-001190,ORG-019,AST-01190,315,5,2,5,71,4,5,1,0.61,High,4.5
IAM-001191,ORG-018,AST-01191,150,10,6,6,82,8,114,5,0.86,High,5.1
IAM-001192,ORG-023,AST-01192,306,20,15,2,98,17,142,26,0.71,High,8.8
IAM-001193,ORG-007,AST-01193,453,24,14,23,68,10,152,2,0.68,Medium,6.0
IAM-001194,ORG-014,AST-01194,133,5,3,13,55,0,195,39,0.55,Low,7.4
IAM-001195,ORG-020,AST-01195,399,12,17,23,94,7,66,4,0.51,High,5.8
IAM-001196,ORG-013,AST-01196,324,1,10,29,49,1,24,2,0.99,High,8.2
IAM-001197,ORG-008,AST-01197,491,6,14,12,58,0,6,1,0.7,Low,5.5
IAM-001198,ORG-004,AST-01198,475,16,12,43,37,1,75,0,0.96,Low,6.9
IAM-001199,ORG-022,AST-01199,63,4,0,1,99,3,103,15,0.44,High,3.5
IAM-001200,ORG-022,AST-01200,293,14,9,5,52,11,137,2,0.78,High,8.0
IAM-001201,ORG-007,AST-01201,261,17,7,23,51,3,107,13,0.76,Medium,6.9
IAM-001202,ORG-005,AST-01202,156,8,2,3,78,3,94,18,0.72,Medium,4.4
IAM-001203,ORG-014,AST-01203,15,1,0,0,66,1,41,6,0.49,High,5.6
IAM-001204,ORG-023,AST-01204,138,12,4,5,61,2,114,11,0.46,Low,4.7
IAM-001205,ORG-008,AST-01205,27,1,0,0,54,1,107,19,0.79,High,7.6
IAM-001206,ORG-011,AST-01206,44,3,0,0,74,0,5,1,0.63,Low,1.9
IAM-001207,ORG-020,AST-01207,289,2,0,19,69,1,145,5,0.7,Low,4.5
IAM-001208,ORG-025,AST-01208,463,35,18,2,63,17,164,6,0.57,Medium,8.0
IAM-001209,ORG-007,AST-01209,272,15,6,16,42,4,191,35,0.67,Medium,9.6
IAM-001210,ORG-021,AST-01210,486,28,20,41,81,19,199,12,0.35,High,8.7
IAM-001211,ORG-012,AST-01211,13,1,0,1,89,0,132,9,0.45,Low,1.8
IAM-001212,ORG-014,AST-01212,67,2,1,5,64,1,119,8,0.51,Low,4.4
IAM-001213,ORG-012,AST-01213,112,5,2,7,48,2,105,13,0.99,Low,6.3
IAM-001214,ORG-014,AST-01214,223,18,7,7,89,3,117,22,0.46,Medium,5.2
IAM-001215,ORG-020,AST-01215,66,3,2,3,39,0,95,5,0.71,Low,4.8
IAM-001216,ORG-023,AST-01216,393,27,16,31,40,10,186,36,0.91,Medium,10
IAM-001217,ORG-009,AST-01217,376,19,16,9,61,11,157,31,0.66,High,10
IAM-001218,ORG-017,AST-01218,133,10,6,0,38,9,27,0,0.91,High,7.9
IAM-001219,ORG-025,AST-01219,431,8,17,43,31,1,164,32,0.8,Low,10
IAM-001220,ORG-005,AST-01220,241,11,1,18,72,11,49,9,0.38,High,6.1
IAM-001221,ORG-022,AST-01221,212,14,8,6,81,4,28,1,0.47,Medium,4.2
IAM-001222,ORG-025,AST-01222,220,6,6,17,60,2,18,3,0.43,Low,4.7
IAM-001223,ORG-017,AST-01223,117,7,4,1,34,3,7,1,0.79,Medium,6.4
IAM-001224,ORG-006,AST-01224,193,19,8,16,68,2,118,22,0.84,Low,5.9
IAM-001225,ORG-009,AST-01225,43,2,2,2,47,1,68,9,0.66,Low,6.2
IAM-001226,ORG-007,AST-01226,344,22,9,2,70,11,46,3,0.42,Medium,6.1
IAM-001227,ORG-002,AST-01227,97,8,2,7,86,5,41,0,0.59,High,2.7
IAM-001228,ORG-014,AST-01228,80,2,2,7,41,1,167,4,0.71,Low,6.2
IAM-001229,ORG-003,AST-01229,491,34,12,27,98,3,200,4,0.99,Medium,3.1
IAM-001230,ORG-010,AST-01230,418,14,5,29,54,8,96,18,0.94,High,7.2
IAM-001231,ORG-023,AST-01231,161,10,1,2,45,4,177,10,0.97,Medium,6.0
IAM-001232,ORG-018,AST-01232,165,7,0,7,48,1,199,33,0.37,Low,6.7
IAM-001233,ORG-012,AST-01233,300,5,3,21,80,4,31,1,0.61,High,4.1
IAM-001234,ORG-024,AST-01234,359,13,7,17,86,0,147,20,0.99,Low,4.5
IAM-001235,ORG-014,AST-01235,308,6,12,23,78,6,144,0,0.95,High,7.3
IAM-001236,ORG-003,AST-01236,390,25,9,32,84,8,160,22,0.47,Medium,5.5
IAM-001237,ORG-020,AST-01237,368,18,13,13,68,10,121,15,0.95,High,8.4
IAM-001238,ORG-014,AST-01238,481,2,10,43,57,2,5,1,0.91,High,7.8
IAM-001239,ORG-002,AST-01239,245,23,7,11,83,22,169,10,0.43,High,6.4
IAM-001240,ORG-022,AST-01240,219,5,0,8,65,3,7,0,0.41,High,3.8
IAM-001241,ORG-011,AST-01241,305,1,5,29,68,0,20,1,0.43,Low,3.6
IAM-001242,ORG-023,AST-01242,200,12,7,2,42,10,130,7,0.78,High,8.8
IAM-001243,ORG-016,AST-01243,217,6,0,17,44,2,174,28,0.68,Low,7.8
IAM-001244,ORG-012,AST-01244,152,14,1,1,88,0,26,0,0.65,Low,1.2
IAM-001245,ORG-015,AST-01245,54,4,1,0,57,3,25,0,0.87,High,5.0
IAM-001246,ORG-016,AST-01246,307,16,12,21,51,9,40,1,0.81,High,7.5
IAM-001247,ORG-002,AST-01247,156,6,3,11,48,5,157,25,0.99,High,9.2
IAM-001248,ORG-023,AST-01248,307,19,11,2,70,4,172,12,0.72,Medium,6.2
IAM-001249,ORG-020,AST-01249,253,16,7,6,91,10,193,35,0.79,High,7.7
IAM-001250,ORG-013,AST-01250,206,3,9,7,42,2,11,2,0.61,High,7.5
IAM-001251,ORG-024,AST-01251,435,8,0,28,93,1,185,0,0.3,Low,0.6
IAM-001252,ORG-019,AST-01252,79,2,2,7,30,2,152,14,0.57,High,9.7
IAM-001253,ORG-017,AST-01253,23,1,1,2,76,1,46,5,0.88,High,5.5
IAM-001254,ORG-022,AST-01254,433,11,8,27,35,3,148,5,0.68,Medium,7.3
IAM-001255,ORG-017,AST-01255,355,6,3,14,75,3,191,25,0.46,Medium,6.7
IAM-001256,ORG-003,AST-01256,492,3,15,35,44,3,50,8,0.73,High,10
IAM-001257,ORG-007,AST-01257,124,2,6,9,37,1,10,0,0.8,Low,6.8
IAM-001258,ORG-001,AST-01258,164,5,7,7,72,1,39,4,0.59,Low,4.3
IAM-001259,ORG-011,AST-01259,450,6,17,43,88,0,21,2,0.88,Low,4.5
IAM-001260,ORG-016,AST-01260,487,31,3,31,82,12,90,1,0.72,Medium,3.4
IAM-001261,ORG-019,AST-01261,209,6,2,19,87,4,61,3,0.63,High,3.8
IAM-001262,ORG-025,AST-01262,12,1,0,1,80,0,149,7,0.4,Low,2.0
IAM-001263,ORG-020,AST-01263,162,11,4,10,49,11,164,11,0.39,High,8.3
IAM-001264,ORG-004,AST-01264,199,8,4,17,97,5,65,10,0.87,High,3.7
IAM-001265,ORG-007,AST-01265,182,17,0,12,49,11,59,9,0.89,High,6.5
IAM-001266,ORG-023,AST-01266,443,40,8,11,37,4,190,19,0.79,Medium,8.0
IAM-001267,ORG-006,AST-01267,304,18,9,26,70,12,86,10,0.35,High,7.0
IAM-001268,ORG-024,AST-01268,448,4,1,22,33,2,98,14,0.81,Low,8.0
IAM-001269,ORG-019,AST-01269,77,3,3,5,86,2,100,3,0.95,High,3.9
IAM-001270,ORG-024,AST-01270,290,8,13,0,71,6,158,15,0.55,High,8.1
IAM-001271,ORG-023,AST-01271,318,27,9,20,43,8,170,3,0.55,Medium,6.8
IAM-001272,ORG-016,AST-01272,488,25,11,6,85,24,175,32,0.94,High,9.2
IAM-001273,ORG-015,AST-01273,169,10,1,10,53,2,196,29,0.37,Low,6.6
IAM-001274,ORG-006,AST-01274,387,32,6,0,67,11,104,20,0.79,Medium,6.5
IAM-001275,ORG-023,AST-01275,92,5,2,9,47,0,94,11,0.63,Low,5.4
IAM-001276,ORG-010,AST-01276,56,2,2,3,73,1,45,9,0.92,Low,4.6
IAM-001277,ORG-012,AST-01277,352,21,1,21,87,7,187,9,0.83,Medium,3.3
IAM-001278,ORG-021,AST-01278,257,18,1,25,69,11,20,2,0.46,High,4.8
IAM-001279,ORG-025,AST-01279,409,12,13,21,79,10,187,37,0.69,High,9.8
IAM-001280,ORG-025,AST-01280,306,10,15,9,54,8,183,36,0.33,High,10
IAM-001281,ORG-010,AST-01281,200,5,6,1,52,5,36,6,0.31,High,8.1
IAM-001282,ORG-017,AST-01282,497,5,8,46,41,4,47,8,0.92,High,9.1
IAM-001283,ORG-017,AST-01283,233,4,1,16,80,0,173,28,0.9,Low,4.7
IAM-001284,ORG-020,AST-01284,441,31,8,6,62,28,112,10,0.39,High,7.6
IAM-001285,ORG-004,AST-01285,143,5,6,14,67,5,14,1,0.86,High,6.1
IAM-001286,ORG-001,AST-01286,55,4,0,1,50,2,103,4,0.38,Low,5.2
IAM-001287,ORG-016,AST-01287,34,2,1,1,42,0,151,15,0.69,Low,5.9
IAM-001288,ORG-011,AST-01288,412,1,3,9,37,1,149,19,0.56,High,9.9
IAM-001289,ORG-002,AST-01289,183,8,4,15,38,8,188,28,0.88,High,10
IAM-001290,ORG-022,AST-01290,394,8,6,15,33,0,113,3,0.65,Low,5.9
IAM-001291,ORG-015,AST-01291,91,5,4,1,60,0,135,9,0.72,Low,4.8
IAM-001292,ORG-016,AST-01292,361,12,3,20,80,12,123,0,0.66,High,4.5
IAM-001293,ORG-019,AST-01293,357,14,7,33,63,2,199,26,0.85,Low,7.3
IAM-001294,ORG-009,AST-01294,388,38,16,9,50,38,109,3,0.47,High,10.0
IAM-001295,ORG-012,AST-01295,417,22,17,5,63,9,146,23,0.72,Medium,8.9
IAM-001296,ORG-006,AST-01296,237,8,4,1,91,0,151,23,0.96,Low,3.5
IAM-001297,ORG-005,AST-01297,125,4,0,3,78,2,126,10,0.5,Low,4.1
IAM-001298,ORG-004,AST-01298,145,8,4,7,41,8,6,1,0.61,High,8.1
IAM-001299,ORG-002,AST-01299,11,2,0,0,33,1,6,1,0.46,Low,6.2
IAM-001300,ORG-022,AST-01300,330,32,4,21,66,17,191,32,0.93,High,7.6
IAM-001301,ORG-012,AST-01301,134,13,2,9,79,13,112,22,0.69,High,7.2
IAM-001302,ORG-015,AST-01302,492,40,23,25,85,31,111,0,0.68,High,8.3
IAM-001303,ORG-017,AST-01303,332,1,14,13,81,0,183,13,0.76,Low,5.6
IAM-001304,ORG-013,AST-01304,389,37,18,18,59,33,127,1,0.41,High,9.3
IAM-001305,ORG-017,AST-01305,282,1,7,10,70,0,20,4,0.64,Low,3.6
IAM-001306,ORG-016,AST-01306,47,4,0,3,78,3,159,20,0.73,High,6.0
IAM-001307,ORG-023,AST-01307,313,17,6,30,37,11,83,9,0.6,High,7.9
IAM-001308,ORG-009,AST-01308,269,24,4,11,78,4,180,16,0.52,Medium,4.1
IAM-001309,ORG-024,AST-01309,450,27,6,32,87,23,26,5,0.66,High,4.8
IAM-001310,ORG-017,AST-01310,213,21,0,0,57,4,14,1,0.37,Medium,3.1
IAM-001311,ORG-016,AST-01311,404,36,20,29,30,11,141,7,0.83,Medium,10
IAM-001312,ORG-019,AST-01312,107,8,3,5,78,1,67,9,0.98,Low,3.3
IAM-001313,ORG-005,AST-01313,228,13,1,22,52,2,103,18,0.6,Low,6.1
IAM-001314,ORG-011,AST-01314,79,7,3,7,56,5,107,17,0.86,High,7.5
IAM-001315,ORG-012,AST-01315,373,35,2,17,68,21,130,11,0.95,High,5.4
IAM-001316,ORG-024,AST-01316,193,4,7,16,99,4,107,1,0.9,High,4.6
IAM-001317,ORG-004,AST-01317,294,27,0,14,77,0,110,3,0.74,Low,1.5
IAM-001318,ORG-017,AST-01318,265,4,0,22,30,2,43,0,0.59,Low,6.2
IAM-001319,ORG-006,AST-01319,457,42,12,36,87,38,103,13,0.8,High,7.2
IAM-001320,ORG-021,AST-01320,178,17,0,14,89,17,20,3,0.89,High,4.1
IAM-001321,ORG-024,AST-01321,204,2,0,11,67,2,178,31,0.49,High,8.3
IAM-001322,ORG-024,AST-01322,208,11,9,14,35,9,20,4,0.57,High,8.7
IAM-001323,ORG-016,AST-01323,58,5,0,5,51,3,71,0,0.92,High,5.5
IAM-001324,ORG-019,AST-01324,292,1,8,2,91,1,136,13,0.31,High,6.2
IAM-001325,ORG-023,AST-01325,418,28,14,1,78,6,61,8,0.96,Medium,5.7
IAM-001326,ORG-016,AST-01326,5,2,0,0,93,0,4,0,0.33,Low,0.3
IAM-001327,ORG-018,AST-01327,272,3,4,4,49,3,197,20,0.4,High,9.3
IAM-001328,ORG-011,AST-01328,377,1,1,27,93,0,14,1,0.96,Low,1.2
IAM-001329,ORG-021,AST-01329,5,1,0,0,90,0,131,20,0.59,Low,2.6
IAM-001330,ORG-010,AST-01330,71,7,2,1,89,4,92,3,0.51,High,3.3
IAM-001331,ORG-014,AST-01331,179,17,6,15,38,4,100,2,0.39,Medium,5.9
IAM-001332,ORG-014,AST-01332,497,2,14,20,76,2,26,1,0.97,High,7.6
IAM-001333,ORG-012,AST-01333,359,11,4,19,64,9,87,13,0.34,High,7.4
IAM-001334,ORG-006,AST-01334,298,10,13,12,36,10,172,32,0.47,High,10
IAM-001335,ORG-007,AST-01335,150,12,7,3,78,6,178,28,0.95,Medium,7.2
IAM-001336,ORG-007,AST-01336,500,33,25,36,51,6,24,1,0.46,Medium,8.8
IAM-001337,ORG-019,AST-01337,480,39,17,48,98,16,12,0,0.42,Medium,4.8
IAM-001338,ORG-016,AST-01338,396,36,10,9,36,26,185,4,0.83,High,8.9
IAM-001339,ORG-001,AST-01339,352,14,3,13,99,8,150,6,0.98,High,3.3
IAM-001340,ORG-009,AST-01340,53,1,0,0,78,0,111,14,0.33,Low,2.8
IAM-001341,ORG-013,AST-01341,343,13,0,25,72,10,64,10,0.35,High,5.4
IAM-001342,ORG-006,AST-01342,216,2,8,13,65,2,131,20,0.45,High,8.6
IAM-001343,ORG-010,AST-01343,465,42,8,28,46,41,36,4,0.68,High,8.2
IAM-001344,ORG-010,AST-01344,364,12,1,31,46,1,175,27,0.91,Low,6.9
IAM-001345,ORG-023,AST-01345,223,21,11,1,98,8,103,4,0.35,Medium,4.1
IAM-001346,ORG-006,AST-01346,327,3,11,28,90,2,110,9,0.97,High,6.1
IAM-001347,ORG-009,AST-01347,152,2,3,5,79,1,48,9,0.59,Low,4.8
IAM-001348,ORG-015,AST-01348,291,2,11,4,68,1,152,18,0.66,Low,7.7
IAM-001349,ORG-011,AST-01349,230,22,11,3,86,19,163,16,0.74,High,7.6
IAM-001350,ORG-018,AST-01350,476,15,11,22,99,9,85,17,0.61,High,5.3
IAM-001351,ORG-015,AST-01351,205,5,1,13,81,3,110,12,0.64,High,4.3
IAM-001352,ORG-018,AST-01352,409,31,9,13,99,7,81,10,0.73,Medium,3.4
IAM-001353,ORG-021,AST-01353,260,11,1,1,40,3,198,38,0.59,Medium,9.1
IAM-001354,ORG-008,AST-01354,169,15,5,16,89,6,194,28,0.49,Medium,5.4
IAM-001355,ORG-012,AST-01355,371,36,2,11,75,29,106,11,0.69,High,5.5
IAM-001356,ORG-021,AST-01356,316,1,2,4,83,0,47,5,0.55,Low,1.6
IAM-001357,ORG-021,AST-01357,491,38,23,20,99,35,66,6,0.77,High,8.1
IAM-001358,ORG-025,AST-01358,320,16,9,32,81,3,103,18,0.53,Medium,5.9
IAM-001359,ORG-013,AST-01359,77,2,3,5,81,2,100,1,0.32,High,5.1
IAM-001360,ORG-014,AST-01360,97,9,1,9,63,7,24,1,0.82,High,5.4
IAM-001361,ORG-004,AST-01361,411,25,11,19,45,0,2,1,0.57,Low,6.5
IAM-001362,ORG-021,AST-01362,291,23,7,19,76,19,83,11,0.75,High,6.6
IAM-001363,ORG-024,AST-01363,168,1,2,6,42,0,129,9,0.47,Low,4.8
IAM-001364,ORG-006,AST-01364,63,5,1,2,66,2,165,23,0.9,Low,6.1
IAM-001365,ORG-012,AST-01365,404,20,14,13,31,11,86,17,0.89,High,10
IAM-001366,ORG-006,AST-01366,231,9,4,8,100,4,22,2,0.42,Medium,2.3
IAM-001367,ORG-015,AST-01367,340,24,4,4,56,11,89,6,0.98,Medium,5.9
IAM-001368,ORG-002,AST-01368,420,29,3,6,74,26,4,1,0.37,High,4.8
IAM-001369,ORG-003,AST-01369,255,3,8,12,71,3,122,2,0.46,High,6.9
IAM-001370,ORG-024,AST-01370,175,9,4,6,90,8,165,10,0.55,High,5.0
IAM-001371,ORG-013,AST-01371,310,31,1,26,61,31,171,1,0.35,High,6.0
IAM-001372,ORG-019,AST-01372,225,2,3,20,92,2,120,22,0.9,High,6.1
IAM-001373,ORG-011,AST-01373,209,17,5,6,30,10,20,1,0.87,High,7.9
IAM-001374,ORG-023,AST-01374,177,8,2,8,84,2,167,17,0.47,Low,3.6
IAM-001375,ORG-008,AST-01375,439,23,14,43,65,11,38,3,0.92,Medium,7.0
IAM-001376,ORG-024,AST-01376,254,22,7,16,66,22,7,0,0.45,High,6.7
IAM-001377,ORG-006,AST-01377,442,4,14,44,94,0,152,6,0.31,Low,3.5
IAM-001378,ORG-023,AST-01378,434,30,9,41,71,5,49,7,0.4,Medium,5.1
IAM-001379,ORG-020,AST-01379,125,1,4,10,69,1,47,1,0.74,High,5.6
IAM-001380,ORG-019,AST-01380,177,3,6,17,87,1,158,26,0.6,Low,5.8
IAM-001381,ORG-008,AST-01381,481,13,17,16,45,13,126,9,0.91,High,10
IAM-001382,ORG-012,AST-01382,454,6,9,4,30,5,131,8,0.58,High,9.7
IAM-001383,ORG-009,AST-01383,318,6,1,21,61,6,60,11,0.95,High,7.0
IAM-001384,ORG-012,AST-01384,432,32,0,2,58,28,119,5,0.88,High,5.8
IAM-001385,ORG-010,AST-01385,368,24,9,1,65,5,177,16,0.55,Medium,5.9
IAM-001386,ORG-008,AST-01386,20,2,0,1,58,0,176,8,0.59,Low,3.5
IAM-001387,ORG-019,AST-01387,426,2,9,27,30,1,128,14,0.43,Low,9.9
IAM-001388,ORG-002,AST-01388,241,23,9,18,64,6,89,5,0.6,Medium,5.8
IAM-001389,ORG-011,AST-01389,420,41,8,23,94,41,153,24,0.41,High,7.4
IAM-001390,ORG-016,AST-01390,262,14,6,0,39,8,29,1,0.34,High,7.2
IAM-001391,ORG-003,AST-01391,281,9,4,25,72,6,94,18,0.84,High,6.8
IAM-001392,ORG-022,AST-01392,245,24,5,15,54,14,96,19,0.92,High,8.1
IAM-001393,ORG-017,AST-01393,191,5,2,12,68,3,183,16,0.65,High,6.1
IAM-001394,ORG-011,AST-01394,348,32,1,21,49,2,150,24,0.36,Low,6.6
IAM-001395,ORG-020,AST-01395,479,17,2,0,34,11,198,30,0.31,High,9.4
IAM-001396,ORG-016,AST-01396,70,3,3,5,33,1,107,11,0.4,Low,7.2
IAM-001397,ORG-015,AST-01397,500,48,4,20,68,6,34,5,0.44,Medium,3.6
IAM-001398,ORG-020,AST-01398,40,3,0,0,75,3,180,13,0.84,High,6.4
IAM-001399,ORG-025,AST-01399,140,11,1,5,76,3,174,14,0.67,Medium,3.9
IAM-001400,ORG-007,AST-01400,249,21,10,24,54,3,23,2,0.74,Medium,5.4
IAM-001401,ORG-002,AST-01401,28,2,0,0,61,0,64,7,0.76,Low,3.0
IAM-001402,ORG-022,AST-01402,352,28,3,5,68,0,181,26,0.56,Low,5.7
IAM-001403,ORG-017,AST-01403,44,1,0,4,40,0,138,24,0.84,Low,6.3
IAM-001404,ORG-020,AST-01404,284,20,5,17,52,9,120,8,0.5,Medium,6.0
IAM-001405,ORG-008,AST-01405,132,13,0,1,79,7,138,14,0.56,High,4.3
IAM-001406,ORG-016,AST-01406,366,25,9,30,76,8,141,25,0.38,Medium,7.3
IAM-001407,ORG-006,AST-01407,193,12,7,12,93,3,170,22,0.48,Medium,4.8
IAM-001408,ORG-024,AST-01408,413,27,2,12,49,11,139,9,0.84,Medium,5.5
IAM-001409,ORG-023,AST-01409,298,18,5,3,86,18,123,9,0.62,High,6.1
IAM-001410,ORG-024,AST-01410,183,3,4,10,68,3,66,3,0.99,High,5.7
IAM-001411,ORG-013,AST-01411,355,16,12,3,95,1,109,16,0.59,Low,5.0
IAM-001412,ORG-005,AST-01412,7,1,0,0,97,1,86,16,0.75,High,4.4
IAM-001413,ORG-014,AST-01413,14,1,0,0,49,1,157,8,0.43,High,7.5
IAM-001414,ORG-023,AST-01414,127,6,4,4,60,1,143,26,0.97,Low,6.4
IAM-001415,ORG-015,AST-01415,120,1,3,4,85,1,167,11,0.97,High,6.0
IAM-001416,ORG-022,AST-01416,66,4,2,4,53,2,67,12,0.89,Low,6.5
IAM-001417,ORG-023,AST-01417,215,18,10,12,40,1,23,1,0.54,Low,5.8
IAM-001418,ORG-002,AST-01418,100,7,2,6,89,1,27,3,0.35,Low,2.2
IAM-001419,ORG-016,AST-01419,81,8,4,1,58,4,154,7,0.37,Medium,5.8
IAM-001420,ORG-015,AST-01420,215,7,10,15,62,5,45,3,0.74,High,7.2
IAM-001421,ORG-023,AST-01421,427,25,0,20,62,23,49,7,0.7,High,6.0
IAM-001422,ORG-020,AST-01422,374,23,6,11,83,5,176,34,0.33,Medium,6.3
IAM-001423,ORG-021,AST-01423,319,14,13,9,32,2,97,19,0.45,Low,9.0
IAM-001424,ORG-012,AST-01424,243,3,9,16,46,1,122,15,0.7,Low,7.8
IAM-001425,ORG-024,AST-01425,259,3,8,9,42,0,191,37,0.38,Low,9.5
IAM-001426,ORG-019,AST-01426,374,33,17,7,97,0,32,2,0.63,Low,3.3
IAM-001427,ORG-001,AST-01427,270,8,0,11,75,5,137,17,0.77,High,4.9
IAM-001428,ORG-021,AST-01428,496,43,15,28,66,32,69,4,0.35,High,8.3
IAM-001429,ORG-024,AST-01429,189,14,1,7,87,3,69,12,0.84,Medium,3.1
IAM-001430,ORG-011,AST-01430,446,39,7,22,79,4,151,21,0.3,Medium,4.7
IAM-001431,ORG-019,AST-01431,268,17,4,9,59,16,90,2,0.82,High,6.4
IAM-001432,ORG-025,AST-01432,162,7,8,12,89,4,183,15,0.47,High,5.1
IAM-001433,ORG-006,AST-01433,8,1,0,0,33,0,189,17,0.84,Low,6.6
IAM-001434,ORG-022,AST-01434,96,2,0,7,46,1,178,6,0.6,Low,5.8
IAM-001435,ORG-005,AST-01435,196,3,6,2,36,0,79,13,0.57,Low,6.5
IAM-001436,ORG-022,AST-01436,483,11,20,47,77,8,198,37,0.85,High,10
IAM-001437,ORG-025,AST-01437,122,2,5,11,91,1,74,1,0.9,Low,3.4
IAM-001438,ORG-019,AST-01438,17,1,0,1,47,0,172,5,0.95,Low,4.0
IAM-001439,ORG-003,AST-01439,347,12,0,5,53,6,130,22,0.58,Medium,6.8
IAM-001440,ORG-004,AST-01440,429,11,8,25,72,0,184,13,0.61,Low,4.9
IAM-001441,ORG-007,AST-01441,490,3,5,48,53,0,186,33,0.36,Low,7.1
IAM-001442,ORG-005,AST-01442,306,25,10,17,70,20,141,12,0.45,High,7.8
IAM-001443,ORG-015,AST-01443,226,3,3,19,67,2,127,12,0.76,High,5.6
IAM-001444,ORG-007,AST-01444,275,4,2,24,69,4,134,2,0.94,High,5.7
IAM-001445,ORG-006,AST-01445,484,46,1,5,64,19,166,3,0.74,Medium,3.8
IAM-001446,ORG-018,AST-01446,273,11,2,12,86,1,26,0,0.54,Low,1.6
IAM-001447,ORG-002,AST-01447,8,2,0,0,57,1,83,8,0.45,Low,5.2
IAM-001448,ORG-004,AST-01448,139,1,5,9,63,1,146,10,0.55,High,7.0
IAM-001449,ORG-017,AST-01449,128,7,2,12,73,2,85,17,0.99,Low,4.7
IAM-001450,ORG-019,AST-01450,88,2,0,6,70,2,40,8,0.96,High,5.3
IAM-001451,ORG-010,AST-01451,350,13,8,18,62,13,110,9,0.35,High,8.5
IAM-001452,ORG-018,AST-01452,141,10,1,6,75,4,121,6,0.58,Medium,3.5
IAM-001453,ORG-023,AST-01453,389,16,14,22,67,15,91,16,0.86,High,9.8
IAM-001454,ORG-005,AST-01454,477,24,7,16,86,11,18,1,0.99,Medium,3.4
IAM-001455,ORG-009,AST-01455,399,26,4,25,62,26,94,17,0.58,High,7.6
IAM-001456,ORG-008,AST-01456,232,22,7,2,75,4,190,5,0.5,Medium,4.1
IAM-001457,ORG-021,AST-01457,98,4,4,9,59,2,121,15,0.66,Low,6.9
IAM-001458,ORG-022,AST-01458,381,37,14,32,66,2,52,1,0.35,Low,5.5
IAM-001459,ORG-008,AST-01459,254,8,7,12,89,0,158,13,0.51,Low,3.7
IAM-001460,ORG-004,AST-01460,478,8,21,44,30,5,147,25,0.54,High,10
IAM-001461,ORG-010,AST-01461,416,24,12,24,96,11,106,1,0.61,Medium,4.5
IAM-001462,ORG-002,AST-01462,130,13,5,5,66,10,4,1,0.36,High,5.9
IAM-001463,ORG-008,AST-01463,201,13,2,7,80,2,31,5,0.8,Low,2.4
IAM-001464,ORG-016,AST-01464,283,25,14,15,38,20,117,15,0.68,High,10
IAM-001465,ORG-005,AST-01465,252,7,7,11,46,7,23,2,0.56,High,7.9
IAM-001466,ORG-015,AST-01466,18,2,0,0,54,1,36,1,0.97,Low,5.0
IAM-001467,ORG-016,AST-01467,345,26,10,4,89,7,182,2,0.52,Medium,4.1
IAM-001468,ORG-018,AST-01468,465,38,12,13,78,6,42,1,0.44,Medium,4.7
IAM-001469,ORG-013,AST-01469,192,12,1,2,79,3,43,4,0.84,Medium,3.1
IAM-001470,ORG-024,AST-01470,25,1,1,1,32,0,27,4,0.99,Low,5.4
IAM-001471,ORG-014,AST-01471,490,45,11,14,73,2,96,12,0.77,Low,5.8
IAM-001472,ORG-011,AST-01472,43,3,1,4,49,1,184,11,0.36,Low,5.7
IAM-001473,ORG-002,AST-01473,122,12,3,4,83,12,178,4,0.84,High,5.2
IAM-001474,ORG-023,AST-01474,454,40,19,33,38,7,2,0,0.47,Medium,8.6
IAM-001475,ORG-009,AST-01475,245,7,12,24,53,1,79,10,0.78,Low,7.1
IAM-001476,ORG-002,AST-01476,493,46,8,23,78,45,179,5,0.37,High,6.7
IAM-001477,ORG-010,AST-01477,89,6,2,5,49,1,30,3,0.95,Low,5.1
IAM-001478,ORG-001,AST-01478,30,1,0,1,45,1,30,3,0.42,High,6.7
IAM-001479,ORG-015,AST-01479,20,2,1,2,99,2,112,5,0.9,High,3.3
IAM-001480,ORG-013,AST-01480,411,33,16,18,97,18,178,18,0.87,High,6.8
IAM-001481,ORG-003,AST-01481,406,5,18,31,58,5,86,12,0.31,High,10
IAM-001482,ORG-004,AST-01482,392,9,9,1,59,4,75,13,0.52,Medium,7.2
IAM-001483,ORG-019,AST-01483,397,25,18,12,92,3,86,13,0.54,Medium,5.8
IAM-001484,ORG-021,AST-01484,175,9,5,9,94,8,199,31,0.85,High,6.7
IAM-001485,ORG-014,AST-01485,384,21,2,14,96,16,78,14,0.94,High,4.2
IAM-001486,ORG-017,AST-01486,293,5,6,1,63,0,76,11,1.0,Low,4.6
IAM-001487,ORG-023,AST-01487,434,30,9,31,81,21,23,3,0.41,High,5.5
IAM-001488,ORG-007,AST-01488,113,6,4,4,100,4,35,5,0.6,High,3.7
IAM-001489,ORG-019,AST-01489,354,19,14,29,67,5,62,11,0.99,Medium,7.3
IAM-001490,ORG-021,AST-01490,226,12,6,7,51,10,117,12,0.77,High,8.0
IAM-001491,ORG-002,AST-01491,475,38,16,19,61,31,174,17,0.84,High,10
IAM-001492,ORG-021,AST-01492,127,6,3,9,66,0,182,36,0.41,Low,6.2
IAM-001493,ORG-016,AST-01493,335,26,16,12,48,3,154,7,0.55,Medium,8.0
IAM-001494,ORG-002,AST-01494,183,4,1,0,65,2,196,2,0.78,Low,3.9
IAM-001495,ORG-005,AST-01495,109,1,4,1,56,0,116,4,0.42,Low,3.8
IAM-001496,ORG-014,AST-01496,305,21,12,2,53,10,0,0,0.58,Medium,6.8
IAM-001497,ORG-025,AST-01497,148,3,4,14,33,0,161,19,0.79,Low,6.7
IAM-001498,ORG-006,AST-01498,199,9,8,7,42,0,32,1,0.66,Low,5.9
IAM-001499,ORG-006,AST-01499,315,18,8,13,61,16,86,4,0.42,High,7.3
IAM-001500,ORG-024,AST-01500,257,10,10,7,37,10,199,17,0.42,High,10
IAM-001501,ORG-012,AST-01501,415,35,4,26,90,21,132,26,0.46,High,5.9
IAM-001502,ORG-012,AST-01502,468,6,21,37,53,0,129,4,0.83,Low,7.6
IAM-001503,ORG-023,AST-01503,202,14,1,3,58,12,141,12,0.73,High,6.6
IAM-001504,ORG-020,AST-01504,253,10,0,18,89,7,173,10,0.9,High,3.4
IAM-001505,ORG-003,AST-01505,10,2,0,1,52,1,135,20,0.42,Low,6.8
IAM-001506,ORG-023,AST-01506,99,7,2,3,82,5,13,1,0.88,High,3.7
IAM-001507,ORG-015,AST-01507,71,7,2,1,49,0,18,1,0.58,Low,3.6
IAM-001508,ORG-005,AST-01508,425,8,6,32,35,8,34,1,0.5,High,8.8
IAM-001509,ORG-024,AST-01509,488,46,22,36,87,23,119,16,0.59,Medium,7.9
IAM-001510,ORG-005,AST-01510,176,14,8,11,70,4,61,12,0.57,Medium,6.0
IAM-001511,ORG-001,AST-01511,457,15,13,45,59,9,96,2,0.5,High,7.6
IAM-001512,ORG-024,AST-01512,83,6,3,8,33,4,22,4,0.39,High,7.6
IAM-001513,ORG-012,AST-01513,413,32,1,1,73,11,5,1,0.82,Medium,2.9
IAM-001514,ORG-014,AST-01514,219,9,7,18,42,5,132,25,0.45,High,9.9
IAM-001515,ORG-023,AST-01515,456,9,10,14,64,0,16,1,0.58,Low,4.6
IAM-001516,ORG-013,AST-01516,50,3,2,3,100,3,148,9,0.31,High,4.2
IAM-001517,ORG-012,AST-01517,96,3,4,6,85,2,98,0,0.42,High,4.0
IAM-001518,ORG-022,AST-01518,137,6,4,12,40,4,184,33,0.54,High,10
IAM-001519,ORG-021,AST-01519,37,1,0,2,40,1,23,3,0.38,High,7.1
IAM-001520,ORG-021,AST-01520,339,11,16,22,99,1,14,2,0.34,Low,4.1
IAM-001521,ORG-024,AST-01521,116,8,1,1,85,0,7,0,0.79,Low,1.4
IAM-001522,ORG-017,AST-01522,331,14,2,26,41,0,71,1,0.54,Low,4.0
IAM-001523,ORG-002,AST-01523,175,17,6,14,42,12,26,3,0.44,High,7.5
IAM-001524,ORG-008,AST-01524,466,12,19,23,76,10,176,0,0.77,High,7.8
IAM-001525,ORG-014,AST-01525,279,9,5,18,51,5,51,1,0.42,High,6.0
IAM-001526,ORG-016,AST-01526,125,4,6,12,41,1,102,18,0.98,Low,7.7
IAM-001527,ORG-019,AST-01527,350,10,6,26,58,5,68,1,0.45,Medium,5.5
IAM-001528,ORG-016,AST-01528,400,10,20,26,70,6,128,23,0.69,High,10
IAM-001529,ORG-011,AST-01529,179,4,1,7,75,1,126,22,0.48,Low,4.8
IAM-001530,ORG-023,AST-01530,92,9,2,7,95,3,69,4,0.56,Medium,2.2
IAM-001531,ORG-012,AST-01531,317,7,13,26,62,6,75,8,0.83,High,8.9
IAM-001532,ORG-022,AST-01532,324,17,9,20,95,6,140,28,0.53,Medium,6.0
IAM-001533,ORG-002,AST-01533,333,1,16,24,68,0,67,9,0.6,Low,5.7
IAM-001534,ORG-018,AST-01534,216,5,4,6,75,2,66,10,0.56,Low,5.2
IAM-001535,ORG-001,AST-01535,373,31,7,18,48,19,138,8,0.3,High,7.1
IAM-001536,ORG-014,AST-01536,304,24,14,6,80,16,130,2,0.44,High,5.9
IAM-001537,ORG-011,AST-01537,352,8,10,5,77,8,105,19,0.73,High,8.5
IAM-001538,ORG-013,AST-01538,304,1,7,17,78,1,84,15,0.88,High,7.3
IAM-001539,ORG-007,AST-01539,52,3,1,0,65,1,139,14,0.52,Low,5.1
IAM-001540,ORG-021,AST-01540,46,1,2,3,58,1,198,15,0.54,High,7.5
IAM-001541,ORG-019,AST-01541,436,35,8,19,57,2,199,6,0.4,Low,4.9
IAM-001542,ORG-013,AST-01542,492,29,7,48,56,4,98,0,0.35,Medium,4.3
IAM-001543,ORG-006,AST-01543,208,7,3,7,78,6,6,0,0.73,High,4.6
IAM-001544,ORG-012,AST-01544,402,39,7,2,73,33,99,7,0.66,High,6.9
IAM-001545,ORG-007,AST-01545,491,39,16,15,41,35,184,18,0.42,High,10
IAM-001546,ORG-008,AST-01546,403,23,19,27,95,23,38,4,0.88,High,7.9
IAM-001547,ORG-021,AST-01547,342,29,1,27,38,10,81,8,0.87,Medium,6.6
IAM-001548,ORG-001,AST-01548,84,2,4,2,94,2,5,1,0.93,High,3.9
IAM-001549,ORG-007,AST-01549,308,14,14,1,37,11,178,15,0.78,High,10
IAM-001550,ORG-022,AST-01550,448,40,5,9,90,3,197,37,0.95,Medium,6.0
IAM-001551,ORG-011,AST-01551,206,17,10,6,42,5,165,20,0.89,Medium,8.8
IAM-001552,ORG-002,AST-01552,82,1,1,0,35,1,195,10,0.57,High,8.8
IAM-001553,ORG-016,AST-01553,121,10,0,9,78,1,21,2,0.82,Low,2.4
IAM-001554,ORG-012,AST-01554,29,2,0,1,53,0,7,1,0.82,Low,3.5
IAM-001555,ORG-018,AST-01555,248,3,11,10,100,1,118,11,0.73,Low,3.9
IAM-001556,ORG-002,AST-01556,388,28,8,7,65,11,188,0,0.56,Medium,5.5
IAM-001557,ORG-012,AST-01557,473,44,1,43,53,2,170,15,0.84,Low,5.2
IAM-001558,ORG-011,AST-01558,109,5,3,4,73,3,194,17,0.65,High,5.7
IAM-001559,ORG-007,AST-01559,351,30,17,25,84,9,80,8,0.8,Medium,6.1
IAM-001560,ORG-009,AST-01560,352,9,3,18,98,6,97,12,0.68,High,3.8
IAM-001561,ORG-003,AST-01561,19,1,0,0,38,0,146,18,0.55,Low,5.9
IAM-001562,ORG-013,AST-01562,254,24,2,25,89,6,130,25,0.45,Medium,4.2
IAM-001563,ORG-006,AST-01563,327,15,13,9,52,2,148,11,0.89,Low,7.6
IAM-001564,ORG-010,AST-01564,183,12,4,13,44,1,16,3,0.81,Low,4.9
IAM-001565,ORG-024,AST-01565,22,2,1,2,86,2,6,1,0.58,High,4.2
IAM-001566,ORG-003,AST-01566,425,8,3,21,30,4,88,8,0.46,Medium,7.5
IAM-001567,ORG-008,AST-01567,261,15,8,22,72,7,166,0,0.76,Medium,4.6
IAM-001568,ORG-010,AST-01568,282,14,8,5,67,12,182,27,0.37,High,9.4
IAM-001569,ORG-025,AST-01569,480,42,15,34,88,16,18,1,0.44,Medium,5.4
IAM-001570,ORG-022,AST-01570,457,17,12,36,39,14,66,11,0.55,High,10
IAM-001571,ORG-018,AST-01571,324,2,4,2,51,0,100,16,0.64,Low,6.0
IAM-001572,ORG-023,AST-01572,35,3,0,0,89,1,193,36,0.77,Low,5.0
IAM-001573,ORG-024,AST-01573,28,2,0,1,84,2,117,1,0.37,High,4.2
IAM-001574,ORG-016,AST-01574,305,23,5,16,79,6,145,25,0.81,Medium,5.4
IAM-001575,ORG-003,AST-01575,322,20,7,28,48,14,45,0,0.97,High,7.1
IAM-001576,ORG-017,AST-01576,370,7,15,2,78,4,121,6,0.52,High,6.5
IAM-001577,ORG-010,AST-01577,89,7,1,2,75,2,171,2,0.38,Low,2.9
IAM-001578,ORG-022,AST-01578,129,8,3,2,47,7,56,4,0.62,High,6.8
IAM-001579,ORG-014,AST-01579,289,17,7,14,47,5,95,2,0.45,Medium,6.4
IAM-001580,ORG-013,AST-01580,450,45,5,12,89,43,69,10,0.37,High,5.8
IAM-001581,ORG-007,AST-01581,71,5,2,5,36,2,90,2,0.86,Low,5.9
IAM-001582,ORG-017,AST-01582,303,2,9,28,86,0,41,1,0.63,Low,3.0
IAM-001583,ORG-014,AST-01583,129,1,5,8,75,0,148,10,0.37,Low,3.8
IAM-001584,ORG-015,AST-01584,434,37,11,33,53,11,149,28,0.58,Medium,8.8
IAM-001585,ORG-024,AST-01585,438,24,0,41,34,4,105,0,0.43,Medium,5.4
IAM-001586,ORG-003,AST-01586,207,9,9,5,77,5,111,18,0.54,High,6.7
IAM-001587,ORG-014,AST-01587,102,10,5,10,75,3,17,2,0.84,Medium,3.3
IAM-001588,ORG-016,AST-01588,341,2,13,14,91,2,161,23,0.45,High,8.6
IAM-001589,ORG-009,AST-01589,403,27,0,7,69,11,74,7,0.67,Medium,3.6
IAM-001590,ORG-004,AST-01590,147,9,5,2,64,1,139,12,0.36,Low,5.0
IAM-001591,ORG-006,AST-01591,44,2,0,3,41,1,149,5,0.97,Low,6.2
IAM-001592,ORG-009,AST-01592,173,9,1,14,60,6,65,5,0.38,High,5.8
IAM-001593,ORG-010,AST-01593,24,2,0,2,74,1,112,7,0.92,Low,3.8
IAM-001594,ORG-009,AST-01594,157,4,2,6,85,1,131,10,0.69,Low,3.2
IAM-001595,ORG-022,AST-01595,42,3,2,1,36,0,77,4,0.36,Low,5.1
IAM-001596,ORG-009,AST-01596,347,24,15,29,40,0,59,0,0.95,Low,7.2
IAM-001597,ORG-011,AST-01597,402,8,15,16,69,6,153,13,0.8,High,9.0
IAM-001598,ORG-010,AST-01598,469,13,6,19,49,4,18,3,0.58,Medium,5.8
IAM-001599,ORG-002,AST-01599,302,18,0,7,84,8,110,1,0.81,Medium,2.7
IAM-001600,ORG-018,AST-01600,19,2,0,1,60,2,48,8,0.88,High,6.2
IAM-001601,ORG-004,AST-01601,59,3,1,3,56,2,2,1,0.68,High,5.4
IAM-001602,ORG-011,AST-01602,166,3,6,6,96,3,38,3,0.88,High,4.9
IAM-001603,ORG-012,AST-01603,427,33,4,20,99,25,107,8,0.82,High,3.5
IAM-001604,ORG-013,AST-01604,341,23,0,17,58,22,179,4,0.5,High,6.3
IAM-001605,ORG-007,AST-01605,429,40,3,38,91,8,152,20,0.74,Medium,4.0
IAM-001606,ORG-001,AST-01606,337,2,0,3,80,2,4,0,0.84,High,4.6
IAM-001607,ORG-010,AST-01607,60,6,1,6,77,2,58,10,0.39,Low,4.2
IAM-001608,ORG-007,AST-01608,294,10,5,27,71,9,192,28,0.73,High,8.3
IAM-001609,ORG-004,AST-01609,475,35,7,16,84,24,165,12,0.3,High,5.8
IAM-001610,ORG-013,AST-01610,14,2,0,0,88,1,130,23,0.6,Low,4.5
IAM-001611,ORG-021,AST-01611,350,27,7,2,59,17,189,21,0.57,High,7.9
IAM-001612,ORG-016,AST-01612,97,4,0,9,61,3,58,7,0.82,High,5.8
IAM-001613,ORG-018,AST-01613,196,7,2,11,45,3,114,15,0.44,Medium,7.2
IAM-001614,ORG-010,AST-01614,106,5,0,7,37,5,54,3,0.86,High,7.1
IAM-001615,ORG-020,AST-01615,350,34,11,2,87,23,168,33,0.6,High,8.5
IAM-001616,ORG-015,AST-01616,169,10,2,13,44,4,16,2,0.8,Medium,5.4
IAM-001617,ORG-022,AST-01617,19,2,0,0,31,1,75,10,0.53,Low,7.4
IAM-001618,ORG-006,AST-01618,283,19,8,4,66,8,124,4,0.64,Medium,6.0
IAM-001619,ORG-011,AST-01619,209,13,2,4,45,8,81,4,0.71,High,6.5
IAM-001620,ORG-009,AST-01620,474,43,23,19,40,1,194,24,0.72,Low,10
IAM-001621,ORG-003,AST-01621,142,12,7,12,81,12,52,7,0.43,High,6.0
IAM-001622,ORG-011,AST-01622,461,45,7,9,95,45,43,7,0.66,High,5.9
IAM-001623,ORG-002,AST-01623,6,1,0,0,31,1,42,3,0.91,High,8.1
IAM-001624,ORG-007,AST-01624,140,8,0,14,83,5,160,2,0.84,High,2.9
IAM-001625,ORG-024,AST-01625,13,1,0,1,38,0,9,0,0.37,Low,4.1
IAM-001626,ORG-006,AST-01626,475,27,19,36,48,6,62,8,0.93,Medium,8.3
IAM-001627,ORG-006,AST-01627,230,10,4,6,58,0,9,0,0.42,Low,3.4
IAM-001628,ORG-001,AST-01628,184,13,6,9,93,9,78,4,0.6,High,3.7
IAM-001629,ORG-001,AST-01629,255,25,5,24,100,6,61,3,0.68,Medium,2.0
IAM-001630,ORG-004,AST-01630,76,3,2,5,50,1,172,33,0.39,Low,7.6
IAM-001631,ORG-008,AST-01631,92,9,1,7,55,8,108,8,0.77,High,6.7
IAM-001632,ORG-009,AST-01632,261,6,0,15,90,6,118,14,0.66,High,5.5
IAM-001633,ORG-014,AST-01633,399,9,3,34,87,8,69,0,0.33,High,4.5
IAM-001634,ORG-021,AST-01634,467,40,1,12,62,9,195,28,0.74,Medium,6.5
IAM-001635,ORG-001,AST-01635,128,10,5,7,80,3,132,21,0.5,Medium,5.0
IAM-001636,ORG-019,AST-01636,307,2,0,26,71,0,82,2,0.58,Low,1.9
IAM-001637,ORG-003,AST-01637,221,20,8,13,73,17,146,19,0.43,High,7.9
IAM-001638,ORG-005,AST-01638,105,8,1,1,73,4,34,6,0.68,Medium,3.6
IAM-001639,ORG-007,AST-01639,467,32,15,32,80,32,44,3,0.32,High,7.3
IAM-001640,ORG-004,AST-01640,284,18,4,10,70,14,61,3,0.99,High,5.9
IAM-001641,ORG-006,AST-01641,326,20,15,29,40,10,139,1,0.96,Medium,9.0
IAM-001642,ORG-013,AST-01642,302,29,10,5,36,20,176,19,0.77,High,10
IAM-001643,ORG-012,AST-01643,269,15,7,15,89,4,183,29,0.37,Medium,5.6
IAM-001644,ORG-011,AST-01644,436,20,8,28,64,17,88,9,0.85,High,7.6
IAM-001645,ORG-022,AST-01645,487,37,6,8,65,14,110,16,0.72,Medium,6.6
IAM-001646,ORG-018,AST-01646,39,2,0,3,46,1,165,21,0.44,Low,7.2
IAM-001647,ORG-007,AST-01647,498,36,24,9,36,30,1,0,0.64,High,10
IAM-001648,ORG-007,AST-01648,245,10,8,17,83,8,174,6,0.95,High,5.3
IAM-001649,ORG-006,AST-01649,441,13,9,24,36,10,64,5,0.44,High,8.8
IAM-001650,ORG-002,AST-01650,312,2,2,24,99,1,14,1,0.75,Low,1.9
IAM-001651,ORG-021,AST-01651,359,32,14,14,75,21,148,15,0.5,High,8.1
IAM-001652,ORG-001,AST-01652,182,8,6,12,58,3,141,25,0.52,Medium,7.8
IAM-001653,ORG-004,AST-01653,265,5,7,20,94,0,25,1,0.58,Low,2.0
IAM-001654,ORG-023,AST-01654,12,1,0,1,44,0,192,7,0.97,Low,4.4
IAM-001655,ORG-012,AST-01655,78,7,0,4,82,1,190,33,0.46,Low,5.2
IAM-001656,ORG-020,AST-01656,487,43,2,9,98,39,125,0,0.66,High,2.8
IAM-001657,ORG-004,AST-01657,181,11,4,2,34,4,66,10,0.55,Medium,7.5
IAM-001658,ORG-010,AST-01658,316,22,15,24,79,18,181,19,0.77,High,9.1
IAM-001659,ORG-004,AST-01659,306,25,15,1,85,19,30,2,0.98,High,6.5
IAM-001660,ORG-024,AST-01660,395,22,6,18,61,1,145,7,0.69,Low,4.3
IAM-001661,ORG-019,AST-01661,296,10,9,24,53,0,151,28,0.58,Low,7.9
IAM-001662,ORG-021,AST-01662,413,24,3,15,79,4,44,5,0.56,Medium,3.0
IAM-001663,ORG-009,AST-01663,183,1,1,14,38,1,132,0,0.42,High,7.5
IAM-001664,ORG-007,AST-01664,145,1,2,0,90,0,58,0,0.7,Low,1.2
IAM-001665,ORG-003,AST-01665,120,7,3,5,56,7,128,10,0.74,High,7.3
IAM-001666,ORG-024,AST-01666,428,11,16,12,100,10,166,17,0.41,High,8.1
IAM-001667,ORG-003,AST-01667,331,7,5,28,79,7,99,18,0.91,High,7.3
IAM-001668,ORG-004,AST-01668,246,24,7,3,85,14,14,2,0.38,High,4.0
IAM-001669,ORG-015,AST-01669,457,2,14,23,81,1,11,0,0.69,Low,5.8
IAM-001670,ORG-021,AST-01670,302,9,7,1,38,1,145,13,0.6,Low,7.5
IAM-001671,ORG-010,AST-01671,96,2,3,3,54,0,9,1,0.39,Low,3.4
IAM-001672,ORG-016,AST-01672,71,4,0,3,54,4,74,8,0.95,High,6.5
IAM-001673,ORG-008,AST-01673,20,2,1,0,85,1,174,8,0.51,Low,3.3
IAM-001674,ORG-010,AST-01674,283,5,8,2,79,5,100,8,0.52,High,6.8
IAM-001675,ORG-020,AST-01675,165,1,0,1,99,1,104,9,0.41,High,3.6
IAM-001676,ORG-008,AST-01676,132,9,4,7,73,2,26,0,0.44,Low,2.9
IAM-001677,ORG-014,AST-01677,417,34,11,28,70,22,56,0,0.97,High,5.7
IAM-001678,ORG-019,AST-01678,19,2,0,0,44,1,0,1,0.31,Low,5.1
IAM-001679,ORG-024,AST-01679,335,2,3,16,91,2,55,6,0.6,High,4.7
IAM-001680,ORG-019,AST-01680,268,10,6,9,89,9,114,1,0.43,High,4.7
IAM-001681,ORG-016,AST-01681,432,10,19,43,30,1,81,11,1.0,Low,10
IAM-001682,ORG-009,AST-01682,90,6,0,5,98,4,135,10,0.92,High,2.9
IAM-001683,ORG-004,AST-01683,406,21,1,19,36,21,106,3,0.36,High,7.9
IAM-001684,ORG-003,AST-01684,198,17,0,18,31,8,45,4,0.83,Medium,6.2
IAM-001685,ORG-017,AST-01685,196,6,0,6,59,4,170,11,0.98,High,6.2
IAM-001686,ORG-022,AST-01686,243,23,9,16,76,20,89,3,0.31,High,6.4
IAM-001687,ORG-014,AST-01687,468,35,11,39,68,27,101,16,0.65,High,8.1
IAM-001688,ORG-005,AST-01688,226,12,4,17,95,8,65,3,0.34,High,3.5
IAM-001689,ORG-017,AST-01689,34,3,1,3,35,0,71,10,0.53,Low,5.3
IAM-001690,ORG-004,AST-01690,326,21,11,12,76,11,60,0,0.49,High,5.8
IAM-001691,ORG-007,AST-01691,259,21,7,0,46,19,162,23,0.51,High,9.7
IAM-001692,ORG-012,AST-01692,447,20,3,8,90,2,170,21,0.45,Low,3.7
IAM-001693,ORG-022,AST-01693,412,3,10,39,42,3,145,2,0.36,High,9.5
IAM-001694,ORG-019,AST-01694,254,16,1,25,84,6,137,22,0.91,Medium,4.2
IAM-001695,ORG-020,AST-01695,146,2,6,12,80,1,56,0,0.64,Low,3.8
IAM-001696,ORG-018,AST-01696,471,37,14,27,76,30,197,1,0.37,High,6.6
IAM-001697,ORG-024,AST-01697,74,6,0,5,99,1,23,4,0.34,Low,1.2
IAM-001698,ORG-013,AST-01698,429,35,12,26,100,7,9,1,0.51,Medium,2.7
IAM-001699,ORG-014,AST-01699,494,45,24,9,81,8,130,16,0.8,Medium,7.8
IAM-001700,ORG-016,AST-01700,250,6,2,16,54,0,55,2,0.83,Low,4.0
IAM-001701,ORG-021,AST-01701,151,4,1,9,66,0,14,2,0.92,Low,2.8
IAM-001702,ORG-016,AST-01702,391,19,1,10,75,10,17,1,0.55,High,3.8
IAM-001703,ORG-015,AST-01703,221,18,5,20,63,0,33,3,0.71,Low,3.9
IAM-001704,ORG-010,AST-01704,318,15,14,31,69,14,86,5,0.59,High,7.9
IAM-001705,ORG-005,AST-01705,156,7,7,8,91,6,40,7,0.75,High,4.9
IAM-001706,ORG-010,AST-01706,488,20,21,43,56,4,151,12,0.48,Medium,8.6
IAM-001707,ORG-003,AST-01707,201,6,4,1,37,2,0,1,0.85,Low,5.9
IAM-001708,ORG-012,AST-01708,487,1,18,40,80,1,56,10,0.8,High,8.8
IAM-001709,ORG-024,AST-01709,336,33,4,7,94,31,166,14,0.35,High,5.2
IAM-001710,ORG-020,AST-01710,135,13,6,3,36,7,131,8,0.63,High,7.4
IAM-001711,ORG-013,AST-01711,333,11,14,6,55,5,50,1,0.44,Medium,7.1
IAM-001712,ORG-015,AST-01712,7,2,0,0,63,1,125,2,0.45,Low,4.4
IAM-001713,ORG-020,AST-01713,59,4,0,4,90,3,107,4,0.35,High,3.0
IAM-001714,ORG-023,AST-01714,335,13,11,1,58,6,51,6,0.38,Medium,7.2
IAM-001715,ORG-020,AST-01715,285,4,2,14,45,2,89,11,0.6,Low,6.7
IAM-001716,ORG-013,AST-01716,88,2,0,8,84,2,153,27,0.55,High,6.3
IAM-001717,ORG-012,AST-01717,125,4,1,3,88,0,100,16,0.85,Low,2.4
IAM-001718,ORG-017,AST-01718,494,42,14,39,65,36,46,0,0.43,High,7.4
IAM-001719,ORG-010,AST-01719,374,16,0,10,63,8,20,2,0.99,Medium,3.8
IAM-001720,ORG-005,AST-01720,351,5,7,15,71,4,69,1,0.31,High,5.6
IAM-001721,ORG-002,AST-01721,421,6,7,35,31,0,2,0,0.88,Low,5.6
IAM-001722,ORG-024,AST-01722,173,15,7,12,84,11,31,2,0.97,High,4.5
IAM-001723,ORG-025,AST-01723,35,2,0,1,86,1,92,3,0.68,Low,2.3
IAM-001724,ORG-001,AST-01724,121,1,3,7,77,0,53,0,0.45,Low,2.4
IAM-001725,ORG-005,AST-01725,434,8,11,28,82,4,194,20,0.91,Medium,6.5
IAM-001726,ORG-009,AST-01726,490,14,20,3,85,9,178,27,0.65,High,9.6
IAM-001727,ORG-015,AST-01727,367,12,3,36,80,0,13,1,0.33,Low,2.5
IAM-001728,ORG-002,AST-01728,75,1,2,3,64,0,135,8,0.44,Low,3.9
IAM-001729,ORG-016,AST-01729,233,8,6,15,92,8,149,16,0.93,High,6.0
IAM-001730,ORG-024,AST-01730,140,2,4,2,63,2,116,12,0.66,High,7.9
IAM-001731,ORG-014,AST-01731,226,14,11,7,56,14,185,26,0.9,High,10
IAM-001732,ORG-003,AST-01732,303,3,8,18,46,0,24,4,0.58,Low,5.6
IAM-001733,ORG-015,AST-01733,97,9,0,2,40,9,131,14,0.75,High,8.3
IAM-001734,ORG-018,AST-01734,314,24,15,12,34,4,151,16,0.62,Medium,10.0
IAM-001735,ORG-025,AST-01735,322,3,3,1,40,2,142,18,0.4,High,8.8
IAM-001736,ORG-025,AST-01736,290,24,9,3,77,0,84,15,0.6,Low,4.8
IAM-001737,ORG-010,AST-01737,193,11,4,2,86,11,174,14,0.47,High,5.8
IAM-001738,ORG-001,AST-01738,154,12,7,10,53,12,64,8,0.65,High,8.4
IAM-001739,ORG-007,AST-01739,254,1,7,23,84,0,47,6,0.94,Low,2.6
IAM-001740,ORG-015,AST-01740,140,9,7,6,37,1,63,10,0.56,Low,7.1
IAM-001741,ORG-014,AST-01741,295,23,11,20,56,16,170,0,0.52,High,7.5
IAM-001742,ORG-006,AST-01742,401,4,18,28,57,1,35,3,0.82,Low,7.2
IAM-001743,ORG-004,AST-01743,22,2,1,1,33,2,189,10,0.36,High,8.6
IAM-001744,ORG-017,AST-01744,420,32,2,27,98,13,99,12,0.86,Medium,2.9
IAM-001745,ORG-014,AST-01745,283,19,2,2,77,15,170,19,0.81,High,5.9
IAM-001746,ORG-021,AST-01746,255,13,9,17,62,12,78,2,0.51,High,6.9
IAM-001747,ORG-007,AST-01747,157,8,3,2,40,0,89,9,0.59,Low,5.4
IAM-001748,ORG-024,AST-01748,11,2,0,1,85,2,45,3,0.42,High,4.4
IAM-001749,ORG-002,AST-01749,370,21,1,22,36,20,13,0,0.34,High,6.8
IAM-001750,ORG-023,AST-01750,263,8,7,4,75,7,54,1,0.54,High,5.4
IAM-001751,ORG-013,AST-01751,323,6,9,4,71,5,142,13,0.72,High,7.3
IAM-001752,ORG-007,AST-01752,289,28,4,6,41,13,38,5,0.72,Medium,6.3
IAM-001753,ORG-010,AST-01753,44,4,1,1,35,1,34,1,0.59,Low,5.0
IAM-001754,ORG-003,AST-01754,75,5,0,3,59,1,24,2,0.5,Low,3.2
IAM-001755,ORG-011,AST-01755,274,22,8,17,98,13,47,6,0.43,High,3.8
IAM-001756,ORG-017,AST-01756,291,12,2,28,95,7,130,13,0.3,High,3.5
IAM-001757,ORG-006,AST-01757,350,32,8,34,77,22,170,19,0.66,High,7.3
IAM-001758,ORG-021,AST-01758,317,2,4,26,64,2,19,1,0.51,High,6.1
IAM-001759,ORG-005,AST-01759,318,14,1,19,41,14,17,1,0.49,High,7.0
IAM-001760,ORG-005,AST-01760,62,2,1,1,74,2,20,3,0.4,High,5.5
IAM-001761,ORG-005,AST-01761,169,10,2,12,58,6,143,18,0.84,High,6.4
IAM-001762,ORG-015,AST-01762,381,25,11,36,85,16,38,7,0.79,High,5.7
IAM-001763,ORG-006,AST-01763,465,7,4,29,42,6,59,7,0.44,High,7.5
IAM-001764,ORG-009,AST-01764,337,26,7,13,36,15,173,22,0.32,High,9.5
IAM-001765,ORG-005,AST-01765,321,18,15,18,60,18,136,21,0.84,High,10
IAM-001766,ORG-023,AST-01766,470,18,5,43,83,5,142,21,0.77,Medium,5.4
IAM-001767,ORG-018,AST-01767,189,6,9,11,84,1,183,34,0.88,Low,6.9
IAM-001768,ORG-002,AST-01768,293,14,3,5,60,5,185,13,0.64,Medium,5.2
IAM-001769,ORG-007,AST-01769,165,3,1,8,69,3,142,12,0.3,High,6.8
IAM-001770,ORG-002,AST-01770,307,30,3,26,64,19,67,12,0.45,High,5.6
IAM-001771,ORG-004,AST-01771,349,11,1,4,39,7,178,19,0.35,High,8.5
IAM-001772,ORG-004,AST-01772,396,34,5,4,57,29,20,1,0.65,High,6.7
IAM-001773,ORG-004,AST-01773,494,44,17,18,91,36,172,19,0.77,High,8.7
IAM-001774,ORG-015,AST-01774,210,21,9,17,63,7,186,24,0.53,Medium,7.2
IAM-001775,ORG-017,AST-01775,55,5,1,4,83,4,52,2,0.34,High,4.2
IAM-001776,ORG-020,AST-01776,227,17,1,4,62,12,89,10,0.84,High,6.1
IAM-001777,ORG-020,AST-01777,83,8,1,7,97,6,7,1,0.43,High,2.8
IAM-001778,ORG-023,AST-01778,331,24,3,11,78,10,89,16,0.34,Medium,4.6
IAM-001779,ORG-019,AST-01779,371,34,8,25,100,12,158,4,0.33,Medium,3.5
IAM-001780,ORG-012,AST-01780,495,22,22,4,83,8,81,4,0.64,Medium,7.3
IAM-001781,ORG-012,AST-01781,187,15,0,16,69,9,183,10,0.48,High,4.9
IAM-001782,ORG-015,AST-01782,61,4,2,6,77,3,198,12,0.44,High,5.4
IAM-001783,ORG-009,AST-01783,355,6,11,28,41,2,164,3,0.56,Low,7.1
IAM-001784,ORG-001,AST-01784,450,17,12,19,76,6,30,4,0.45,Medium,5.9
IAM-001785,ORG-020,AST-01785,302,1,4,24,65,0,107,3,0.74,Low,3.6
IAM-001786,ORG-005,AST-01786,211,3,5,3,31,1,129,19,0.93,Low,8.6
IAM-001787,ORG-021,AST-01787,489,22,24,48,77,22,186,13,0.61,High,10
IAM-001788,ORG-003,AST-01788,225,6,4,19,58,2,130,7,0.61,Low,5.5
IAM-001789,ORG-002,AST-01789,97,1,2,3,85,0,198,6,0.82,Low,1.5
IAM-001790,ORG-019,AST-01790,300,9,15,19,47,9,159,27,0.98,High,10
IAM-001791,ORG-004,AST-01791,374,21,16,33,87,16,113,4,1.0,High,6.4
IAM-001792,ORG-015,AST-01792,354,6,3,19,59,1,138,19,0.67,Low,5.3
IAM-001793,ORG-025,AST-01793,399,31,4,31,100,24,107,11,0.82,High,4.2
IAM-001794,ORG-019,AST-01794,164,4,4,13,86,2,7,0,0.31,Low,3.1
IAM-001795,ORG-023,AST-01795,59,3,0,5,79,0,162,29,0.5,Low,4.0
IAM-001796,ORG-020,AST-01796,215,7,0,2,63,7,75,14,0.85,High,6.6
IAM-001797,ORG-002,AST-01797,461,3,9,22,74,3,127,9,0.95,High,7.9
IAM-001798,ORG-006,AST-01798,290,15,4,20,72,3,34,4,0.9,Medium,3.6
IAM-001799,ORG-019,AST-01799,500,23,11,16,73,13,173,31,0.48,High,8.7
IAM-001800,ORG-022,AST-01800,243,18,0,6,76,14,168,12,0.56,High,5.1
IAM-001801,ORG-013,AST-01801,432,13,11,16,75,11,176,26,0.9,High,9.2
IAM-001802,ORG-002,AST-01802,197,10,2,6,72,8,62,0,0.96,High,4.4
IAM-001803,ORG-004,AST-01803,371,12,2,10,58,3,200,27,0.69,Medium,7.0
IAM-001804,ORG-005,AST-01804,13,2,0,0,49,1,6,1,0.5,Low,5.3
IAM-001805,ORG-010,AST-01805,156,9,0,7,65,4,23,0,0.68,Medium,3.6
IAM-001806,ORG-010,AST-01806,267,11,10,8,62,2,88,13,0.81,Low,5.9
IAM-001807,ORG-013,AST-01807,437,39,14,28,69,15,188,1,0.91,Medium,5.8
IAM-001808,ORG-014,AST-01808,81,3,3,6,95,1,189,26,0.91,Low,4.8
IAM-001809,ORG-019,AST-01809,489,13,1,17,65,5,140,4,0.72,Medium,3.6
IAM-001810,ORG-005,AST-01810,385,34,9,2,60,4,183,0,0.31,Medium,4.4
IAM-001811,ORG-005,AST-01811,460,20,14,19,61,14,7,1,0.65,High,7.2
IAM-001812,ORG-011,AST-01812,30,2,0,3,99,2,106,16,0.86,High,4.5
IAM-001813,ORG-002,AST-01813,91,1,4,9,47,1,163,9,0.31,High,8.3
IAM-001814,ORG-017,AST-01814,51,2,2,4,65,2,182,15,0.72,High,7.1
IAM-001815,ORG-004,AST-01815,373,13,9,10,78,12,19,3,0.44,High,6.2
IAM-001816,ORG-013,AST-01816,277,1,11,17,43,0,109,6,0.5,Low,6.4
IAM-001817,ORG-005,AST-01817,24,1,0,0,81,1,19,3,0.44,High,4.3
IAM-001818,ORG-017,AST-01818,219,7,9,3,44,3,46,4,0.73,Medium,6.8
IAM-001819,ORG-025,AST-01819,23,2,1,2,42,2,53,7,0.93,High,8.1
IAM-001820,ORG-015,AST-01820,394,32,8,5,36,22,200,6,0.98,High,8.7
IAM-001821,ORG-001,AST-01821,246,18,3,22,77,10,166,31,0.51,High,7.0
IAM-001822,ORG-012,AST-01822,352,1,1,14,55,1,154,24,0.58,High,8.7
IAM-001823,ORG-008,AST-01823,134,6,4,10,63,2,84,16,0.42,Low,5.5
IAM-001824,ORG-006,AST-01824,82,3,1,8,74,3,68,3,0.64,High,5.7
IAM-001825,ORG-023,AST-01825,393,11,15,9,94,8,12,0,0.49,High,5.1
IAM-001826,ORG-003,AST-01826,395,14,18,19,32,5,93,4,0.4,Medium,9.6
IAM-001827,ORG-020,AST-01827,43,3,1,4,57,1,48,7,0.35,Low,4.8
IAM-001828,ORG-012,AST-01828,301,5,3,18,70,3,155,16,0.79,High,6.0
IAM-001829,ORG-021,AST-01829,302,5,3,15,80,1,13,2,0.79,Low,3.0
IAM-001830,ORG-021,AST-01830,317,10,2,0,30,2,110,4,0.9,Low,6.2
IAM-001831,ORG-020,AST-01831,330,33,1,11,34,7,178,25,0.74,Medium,7.7
IAM-001832,ORG-019,AST-01832,213,1,5,7,99,0,29,3,0.6,Low,1.1
IAM-001833,ORG-007,AST-01833,148,3,3,14,97,3,150,8,0.71,High,4.8
IAM-001834,ORG-011,AST-01834,262,7,6,19,73,0,181,14,0.32,Low,4.6
IAM-001835,ORG-008,AST-01835,289,23,4,8,82,16,136,1,0.88,High,4.0
IAM-001836,ORG-020,AST-01836,46,2,2,4,64,2,187,34,0.53,High,9.7
IAM-001837,ORG-024,AST-01837,144,13,4,4,39,11,161,26,0.52,High,10
IAM-001838,ORG-003,AST-01838,227,22,11,18,65,14,10,2,0.58,High,6.9
IAM-001839,ORG-010,AST-01839,114,6,3,8,67,5,8,1,0.49,High,5.2
IAM-001840,ORG-005,AST-01840,77,1,3,3,88,0,197,31,0.56,Low,4.2
IAM-001841,ORG-016,AST-01841,345,27,11,27,47,11,86,3,0.6,Medium,7.1
IAM-001842,ORG-003,AST-01842,394,29,9,4,31,0,50,3,0.43,Low,6.9
IAM-001843,ORG-024,AST-01843,471,43,13,21,65,41,44,4,0.43,High,7.8
IAM-001844,ORG-009,AST-01844,58,4,1,1,96,4,90,18,0.92,High,5.4
IAM-001845,ORG-019,AST-01845,321,12,3,0,73,0,185,36,0.98,Low,6.1
IAM-001846,ORG-014,AST-01846,33,1,1,1,43,1,132,3,0.82,High,7.6
IAM-001847,ORG-016,AST-01847,387,8,7,15,93,8,31,5,0.69,High,5.7
IAM-001848,ORG-007,AST-01848,192,1,1,9,77,1,53,7,0.99,High,5.8
IAM-001849,ORG-006,AST-01849,447,32,13,8,47,7,172,13,0.48,Medium,8.2
IAM-001850,ORG-024,AST-01850,27,2,0,2,91,0,152,26,0.46,Low,3.0
IAM-001851,ORG-013,AST-01851,75,6,2,1,89,3,74,9,0.67,Medium,3.2
IAM-001852,ORG-005,AST-01852,406,11,2,10,88,1,13,0,0.9,Low,1.8
IAM-001853,ORG-012,AST-01853,491,13,16,15,61,1,155,21,0.37,Low,8.5
IAM-001854,ORG-024,AST-01854,416,22,8,40,49,7,121,20,0.42,Medium,8.1
IAM-001855,ORG-019,AST-01855,268,24,12,16,39,20,16,3,0.78,High,9.5
IAM-001856,ORG-018,AST-01856,428,38,18,0,69,35,197,12,0.46,High,9.8
IAM-001857,ORG-001,AST-01857,265,22,4,8,32,13,132,6,0.91,High,8.0
IAM-001858,ORG-023,AST-01858,302,20,2,10,69,18,165,7,0.48,High,5.9
IAM-001859,ORG-022,AST-01859,340,11,11,23,85,2,97,12,0.6,Low,4.9
IAM-001860,ORG-006,AST-01860,379,30,14,9,32,2,109,15,0.98,Low,8.8
IAM-001861,ORG-008,AST-01861,494,15,3,28,93,4,115,9,0.48,Medium,3.2
IAM-001862,ORG-015,AST-01862,442,11,8,23,30,6,107,2,0.65,High,8.0
IAM-001863,ORG-020,AST-01863,475,45,7,7,71,35,70,2,0.6,High,6.2
IAM-001864,ORG-014,AST-01864,100,2,4,1,35,0,94,12,0.36,Low,6.7
IAM-001865,ORG-023,AST-01865,128,3,0,9,35,2,77,8,0.68,High,7.4
IAM-001866,ORG-021,AST-01866,440,5,2,2,77,4,103,19,0.71,High,6.3
IAM-001867,ORG-008,AST-01867,485,6,14,39,56,0,128,4,0.89,Low,6.6
IAM-001868,ORG-010,AST-01868,51,4,0,5,45,2,22,1,0.96,Low,5.6
IAM-001869,ORG-024,AST-01869,453,22,22,37,81,18,167,25,0.82,High,10
IAM-001870,ORG-019,AST-01870,309,12,10,2,84,9,15,2,0.32,High,5.5
IAM-001871,ORG-001,AST-01871,127,9,2,4,69,8,116,0,0.71,High,5.4
IAM-001872,ORG-005,AST-01872,133,8,5,1,55,6,59,3,0.65,High,7.0
IAM-001873,ORG-001,AST-01873,387,1,9,37,48,1,173,15,0.32,High,9.9
IAM-001874,ORG-018,AST-01874,175,3,6,5,34,0,171,24,0.64,Low,8.5
IAM-001875,ORG-016,AST-01875,156,2,0,6,38,0,135,23,0.61,Low,6.5
IAM-001876,ORG-012,AST-01876,421,27,7,42,59,8,29,3,0.94,Medium,5.4
IAM-001877,ORG-020,AST-01877,63,2,2,1,78,1,155,30,0.41,Low,6.8
IAM-001878,ORG-016,AST-01878,239,23,6,16,49,14,3,1,0.67,High,6.7
IAM-001879,ORG-015,AST-01879,345,2,16,29,88,0,107,9,0.59,Low,5.3
IAM-001880,ORG-020,AST-01880,92,8,1,4,79,2,79,14,0.68,Low,3.7
IAM-001881,ORG-006,AST-01881,183,4,4,12,30,0,106,3,0.68,Low,5.8
IAM-001882,ORG-012,AST-01882,129,8,2,3,65,6,16,0,0.68,High,4.9
IAM-001883,ORG-008,AST-01883,479,2,9,43,68,1,111,2,0.91,Low,5.4
IAM-001884,ORG-020,AST-01884,191,13,7,5,71,11,18,1,0.5,High,5.7
IAM-001885,ORG-004,AST-01885,139,5,5,13,65,3,43,1,0.55,High,4.7
IAM-001886,ORG-002,AST-01886,474,7,11,22,70,0,50,7,0.57,Low,4.8
IAM-001887,ORG-004,AST-01887,239,9,9,9,51,1,190,9,0.68,Low,6.0
IAM-001888,ORG-016,AST-01888,330,29,7,5,78,5,180,12,0.51,Medium,4.2
IAM-001889,ORG-024,AST-01889,124,9,4,3,73,3,184,22,0.91,Medium,5.7
IAM-001890,ORG-025,AST-01890,70,1,0,1,85,0,39,0,0.52,Low,0.9
IAM-001891,ORG-020,AST-01891,303,11,15,5,48,1,157,13,0.98,Low,8.3
IAM-001892,ORG-015,AST-01892,19,1,0,0,42,0,32,4,0.83,Low,3.8
IAM-001893,ORG-015,AST-01893,366,33,16,35,62,11,196,29,0.92,Medium,10
IAM-001894,ORG-021,AST-01894,139,1,2,0,76,0,158,12,0.71,Low,3.1
IAM-001895,ORG-023,AST-01895,253,23,12,1,76,0,171,24,0.68,Low,6.7
IAM-001896,ORG-024,AST-01896,196,16,3,15,34,10,68,6,0.6,High,7.8
IAM-001897,ORG-017,AST-01897,225,7,9,6,55,4,25,3,0.81,High,7.2
IAM-001898,ORG-016,AST-01898,237,21,1,20,48,18,98,3,0.58,High,6.6
IAM-001899,ORG-021,AST-01899,22,1,0,2,95,0,176,33,0.36,Low,3.3
IAM-001900,ORG-001,AST-01900,342,3,13,10,45,2,160,24,0.38,High,10
IAM-001901,ORG-021,AST-01901,232,16,10,16,99,12,159,2,0.45,High,4.9
IAM-001902,ORG-020,AST-01902,274,14,3,4,51,13,184,11,0.88,High,7.8
IAM-001903,ORG-013,AST-01903,305,29,0,10,87,24,184,11,0.98,High,4.1
IAM-001904,ORG-001,AST-01904,286,20,1,27,33,17,82,12,0.71,High,8.3
IAM-001905,ORG-019,AST-01905,420,29,11,16,61,17,54,2,0.98,High,7.0
IAM-001906,ORG-007,AST-01906,406,24,7,22,30,0,31,4,0.5,Low,6.2
IAM-001907,ORG-020,AST-01907,202,10,7,5,59,9,181,11,0.44,High,7.8
IAM-001908,ORG-022,AST-01908,78,4,3,6,65,3,161,0,0.49,High,4.9
IAM-001909,ORG-001,AST-01909,166,14,2,2,93,14,83,12,0.92,High,5.5
IAM-001910,ORG-008,AST-01910,46,4,0,0,46,0,111,12,0.89,Low,5.1
IAM-001911,ORG-009,AST-01911,298,24,0,16,65,20,37,7,0.4,High,6.0
IAM-001912,ORG-006,AST-01912,314,7,9,7,72,7,32,0,0.69,High,6.8
IAM-001913,ORG-025,AST-01913,53,1,1,1,84,0,180,13,0.49,Low,2.2
IAM-001914,ORG-019,AST-01914,402,2,13,37,70,0,155,30,0.98,Low,7.5
IAM-001915,ORG-007,AST-01915,488,37,17,46,55,16,19,0,0.37,Medium,7.6
IAM-001916,ORG-020,AST-01916,197,1,8,13,30,0,60,3,0.63,Low,6.9
IAM-001917,ORG-019,AST-01917,459,24,4,9,31,8,125,5,0.94,Medium,7.0
IAM-001918,ORG-007,AST-01918,500,37,13,18,93,14,130,13,0.65,Medium,6.0
IAM-001919,ORG-014,AST-01919,71,6,0,2,69,1,61,11,0.4,Low,3.2
IAM-001920,ORG-021,AST-01920,73,1,3,1,89,1,19,3,0.59,High,4.2
IAM-001921,ORG-019,AST-01921,36,2,0,2,95,0,20,1,0.85,Low,0.9
IAM-001922,ORG-012,AST-01922,117,8,2,1,97,8,0,0,0.96,High,3.3
IAM-001923,ORG-022,AST-01923,221,7,7,8,90,2,25,1,0.73,Low,2.8
IAM-001924,ORG-010,AST-01924,75,7,2,1,55,2,31,3,0.84,Low,4.2
IAM-001925,ORG-015,AST-01925,363,33,9,22,42,23,29,5,0.84,High,8.1
IAM-001926,ORG-023,AST-01926,59,2,0,3,91,2,41,0,0.52,High,3.7
IAM-001927,ORG-022,AST-01927,403,23,12,23,32,6,32,3,0.58,Medium,8.5
IAM-001928,ORG-025,AST-01928,213,12,1,20,77,10,49,0,0.43,High,4.0
IAM-001929,ORG-024,AST-01929,50,5,1,5,91,3,48,6,0.48,High,3.1
IAM-001930,ORG-024,AST-01930,410,4,8,37,97,4,121,0,0.82,High,5.1
IAM-001931,ORG-007,AST-01931,46,4,2,2,92,3,43,4,0.86,High,3.2
IAM-001932,ORG-006,AST-01932,298,7,10,11,84,0,19,2,0.64,Low,3.7
IAM-001933,ORG-014,AST-01933,438,30,3,29,45,7,22,3,0.92,Medium,4.9
IAM-001934,ORG-006,AST-01934,250,24,11,9,35,11,147,19,0.44,Medium,9.8
IAM-001935,ORG-003,AST-01935,225,5,10,17,72,5,116,14,0.95,High,8.7
IAM-001936,ORG-003,AST-01936,400,1,18,23,80,1,118,23,0.93,High,9.9
IAM-001937,ORG-021,AST-01937,482,5,12,5,71,1,169,32,0.94,Low,8.1
IAM-001938,ORG-023,AST-01938,354,15,7,34,70,5,144,14,0.78,Medium,5.4
IAM-001939,ORG-004,AST-01939,66,2,1,3,76,2,66,13,0.37,High,5.7
IAM-001940,ORG-002,AST-01940,440,18,5,7,69,0,109,5,0.3,Low,3.1
IAM-001941,ORG-005,AST-01941,282,16,7,20,72,1,88,6,0.94,Low,4.3
IAM-001942,ORG-013,AST-01942,288,10,3,24,56,3,41,2,0.38,Medium,5.1
IAM-001943,ORG-019,AST-01943,420,7,5,35,51,3,46,5,0.59,Medium,5.6
IAM-001944,ORG-012,AST-01944,5,2,0,0,62,1,111,19,0.51,Low,5.7
IAM-001945,ORG-005,AST-01945,260,19,12,17,32,13,149,26,0.3,High,10
IAM-001946,ORG-021,AST-01946,77,2,2,3,68,1,180,32,0.59,Low,7.6
IAM-001947,ORG-020,AST-01947,278,19,8,26,80,18,87,0,0.96,High,5.7
IAM-001948,ORG-014,AST-01948,484,12,8,34,58,8,131,26,0.66,High,9.4
IAM-001949,ORG-006,AST-01949,176,13,2,2,38,10,66,12,0.4,High,7.6
IAM-001950,ORG-014,AST-01950,269,25,9,18,91,12,180,8,0.79,Medium,4.3
IAM-001951,ORG-021,AST-01951,191,10,7,14,31,1,59,1,0.87,Low,6.2
IAM-001952,ORG-023,AST-01952,78,7,2,3,70,1,132,6,0.75,Low,3.8
IAM-001953,ORG-022,AST-01953,249,5,2,3,84,2,122,7,0.45,Low,3.8
IAM-001954,ORG-002,AST-01954,404,36,12,11,66,5,148,2,0.79,Medium,5.3
IAM-001955,ORG-016,AST-01955,422,6,4,27,40,6,153,16,0.67,High,9.6
IAM-001956,ORG-012,AST-01956,337,1,11,2,86,0,170,14,0.8,Low,4.1
IAM-001957,ORG-013,AST-01957,416,7,6,14,64,6,40,3,0.66,High,6.0
IAM-001958,ORG-021,AST-01958,304,5,6,5,46,0,177,30,0.59,Low,8.3
IAM-001959,ORG-012,AST-01959,171,17,2,14,32,2,122,8,0.4,Low,5.7
IAM-001960,ORG-005,AST-01960,39,3,0,1,31,3,85,6,0.71,High,8.4
IAM-001961,ORG-004,AST-01961,321,23,6,15,70,21,64,10,0.83,High,6.5
IAM-001962,ORG-025,AST-01962,80,2,2,7,46,0,168,6,0.43,Low,4.5
IAM-001963,ORG-019,AST-01963,280,9,5,25,46,5,200,2,0.76,High,6.0
IAM-001964,ORG-009,AST-01964,141,3,5,4,91,1,129,15,0.43,Low,4.5
IAM-001965,ORG-025,AST-01965,326,2,2,23,39,0,36,6,0.65,Low,5.1
IAM-001966,ORG-013,AST-01966,356,9,3,6,48,7,178,14,0.62,High,8.2
IAM-001967,ORG-016,AST-01967,408,39,14,8,80,34,157,19,0.65,High,9.1
IAM-001968,ORG-021,AST-01968,488,22,7,31,89,19,44,3,0.69,High,4.6
IAM-001969,ORG-011,AST-01969,64,6,2,5,95,6,8,0,0.32,High,3.5
IAM-001970,ORG-020,AST-01970,233,1,4,8,72,0,36,4,0.88,Low,2.7
IAM-001971,ORG-020,AST-01971,156,8,3,8,95,4,66,4,0.91,Medium,3.2
IAM-001972,ORG-011,AST-01972,365,14,4,10,77,11,168,32,0.94,High,8.2
IAM-001973,ORG-007,AST-01973,12,1,0,0,62,1,197,5,0.74,High,6.1
IAM-001974,ORG-002,AST-01974,322,1,14,10,54,0,148,8,0.69,Low,6.5
IAM-001975,ORG-017,AST-01975,24,2,0,1,94,0,36,7,0.56,Low,0.7
IAM-001976,ORG-013,AST-01976,84,7,0,5,50,1,127,7,0.42,Low,4.8
IAM-001977,ORG-009,AST-01977,342,1,3,33,35,1,72,8,0.44,High,8.4
IAM-001978,ORG-002,AST-01978,104,6,1,8,77,0,44,1,0.48,Low,1.5
IAM-001979,ORG-005,AST-01979,458,20,1,9,100,19,47,8,0.58,High,3.8
IAM-001980,ORG-024,AST-01980,275,1,4,5,65,0,127,9,0.42,Low,4.3
IAM-001981,ORG-009,AST-01981,274,3,0,26,32,1,181,0,0.65,Low,5.2
IAM-001982,ORG-003,AST-01982,481,3,12,30,87,1,182,18,0.37,Low,5.8
IAM-001983,ORG-018,AST-01983,103,5,2,6,79,0,131,14,0.97,Low,3.5
IAM-001984,ORG-001,AST-01984,272,11,7,19,59,1,87,17,0.72,Low,6.3
IAM-001985,ORG-018,AST-01985,128,9,3,10,67,2,178,2,0.6,Low,3.5
IAM-001986,ORG-016,AST-01986,194,19,9,17,65,10,9,0,0.35,High,5.8
IAM-001987,ORG-001,AST-01987,117,1,1,9,88,0,142,21,0.97,Low,3.2
IAM-001988,ORG-025,AST-01988,140,10,6,1,35,2,74,7,0.56,Low,6.8
IAM-001989,ORG-007,AST-01989,12,1,0,1,83,0,92,0,0.9,Low,1.3
IAM-001990,ORG-012,AST-01990,191,2,2,18,83,2,108,13,0.67,High,5.9
IAM-001991,ORG-025,AST-01991,278,4,9,19,81,2,89,10,0.79,Low,6.0
IAM-001992,ORG-012,AST-01992,42,2,1,2,65,2,59,8,0.36,High,6.3
IAM-001993,ORG-021,AST-01993,440,9,6,26,49,4,133,22,0.62,Medium,8.3
IAM-001994,ORG-001,AST-01994,129,7,4,12,46,2,135,21,0.7,Low,7.8
IAM-001995,ORG-008,AST-01995,418,20,4,35,42,14,60,12,0.62,High,7.7
IAM-001996,ORG-025,AST-01996,186,15,6,1,72,5,124,22,1.0,Medium,6.3
IAM-001997,ORG-022,AST-01997,195,5,1,10,79,2,164,12,0.79,Low,4.4
IAM-001998,ORG-010,AST-01998,37,1,1,1,61,1,150,22,0.59,High,8.2
IAM-001999,ORG-023,AST-01999,435,39,21,27,61,5,140,8,0.78,Medium,7.7
IAM-002000,ORG-014,AST-02000,154,7,5,15,30,0,59,11,0.79,Low,6.7
IAM-002001,ORG-004,AST-02001,41,1,2,2,76,0,154,17,0.77,Low,3.6
IAM-002002,ORG-024,AST-02002,292,14,14,6,85,13,68,9,0.79,High,7.7
IAM-002003,ORG-024,AST-02003,221,4,2,5,39,4,64,8,0.99,High,8.6
IAM-002004,ORG-003,AST-02004,483,32,5,28,64,21,13,1,0.55,High,5.9
IAM-002005,ORG-019,AST-02005,18,2,0,1,35,1,11,1,0.42,Low,6.2
IAM-002006,ORG-014,AST-02006,262,6,5,11,40,2,84,6,0.95,Low,6.5
IAM-002007,ORG-013,AST-02007,116,6,2,11,40,5,14,0,0.37,High,7.2
IAM-002008,ORG-021,AST-02008,199,15,8,11,96,14,64,5,0.43,High,5.0
IAM-002009,ORG-014,AST-02009,271,26,0,24,81,6,56,1,0.68,Medium,2.5
IAM-002010,ORG-007,AST-02010,77,4,0,6,62,3,163,20,0.83,High,6.8
IAM-002011,ORG-018,AST-02011,6,2,0,0,76,2,161,5,0.79,High,5.6
IAM-002012,ORG-017,AST-02012,308,29,4,14,97,10,107,8,0.42,Medium,3.2
IAM-002013,ORG-003,AST-02013,245,15,1,19,83,7,90,2,0.88,Medium,2.9
IAM-002014,ORG-004,AST-02014,36,2,1,0,30,2,99,5,0.72,High,8.5
IAM-002015,ORG-004,AST-02015,167,15,4,15,96,5,131,18,0.73,Medium,4.2
IAM-002016,ORG-006,AST-02016,488,45,14,9,88,4,68,4,0.44,Medium,3.8
IAM-002017,ORG-002,AST-02017,322,9,13,29,94,0,25,4,0.34,Low,3.0
IAM-002018,ORG-018,AST-02018,116,6,3,8,41,3,144,21,0.41,Medium,8.0
IAM-002019,ORG-012,AST-02019,216,11,4,5,35,2,94,11,0.48,Low,6.4
IAM-002020,ORG-022,AST-02020,164,8,8,16,81,0,194,20,0.47,Low,4.4
IAM-002021,ORG-007,AST-02021,387,31,7,22,78,5,172,8,0.87,Medium,4.6
IAM-002022,ORG-024,AST-02022,299,20,1,12,33,17,104,19,0.73,High,8.9
IAM-002023,ORG-018,AST-02023,85,7,1,6,44,5,40,7,0.58,High,6.9
IAM-002024,ORG-007,AST-02024,260,21,7,12,93,1,21,2,0.57,Low,1.8
IAM-002025,ORG-014,AST-02025,190,18,0,0,33,9,139,21,0.44,Medium,8.5
IAM-002026,ORG-023,AST-02026,99,4,1,8,54,1,69,3,0.99,Low,4.5
IAM-002027,ORG-004,AST-02027,172,13,0,8,63,0,108,6,0.61,Low,2.8
IAM-002028,ORG-016,AST-02028,361,23,10,2,70,19,103,8,0.83,High,7.6
IAM-002029,ORG-013,AST-02029,143,8,5,4,68,6,2,1,0.94,High,5.5
IAM-002030,ORG-016,AST-02030,109,9,2,10,58,7,52,6,0.36,High,5.9
IAM-002031,ORG-008,AST-02031,188,9,5,11,75,5,119,7,0.85,High,5.3
IAM-002032,ORG-005,AST-02032,494,10,9,11,63,1,25,5,0.59,Low,5.2
IAM-002033,ORG-024,AST-02033,258,19,12,7,100,10,184,20,0.61,High,5.8
IAM-002034,ORG-021,AST-02034,234,15,5,12,96,3,132,25,0.44,Medium,4.1
IAM-002035,ORG-008,AST-02035,354,35,8,25,90,18,183,34,0.44,High,6.9
IAM-002036,ORG-009,AST-02036,216,3,7,9,73,2,67,4,0.49,High,5.2
IAM-002037,ORG-002,AST-02037,248,9,10,23,31,0,4,0,0.58,Low,6.1
IAM-002038,ORG-005,AST-02038,387,25,0,13,64,16,46,4,0.68,High,4.9
IAM-002039,ORG-024,AST-02039,287,9,3,23,97,3,190,6,0.7,Medium,2.6
IAM-002040,ORG-003,AST-02040,106,6,3,8,42,1,135,20,0.65,Low,6.6
IAM-002041,ORG-016,AST-02041,228,22,6,9,37,7,90,10,0.86,Medium,7.6
IAM-002042,ORG-005,AST-02042,254,1,8,21,53,0,18,0,0.62,Low,5.1
IAM-002043,ORG-020,AST-02043,150,15,3,12,62,8,61,9,0.86,High,5.2
IAM-002044,ORG-005,AST-02044,101,1,1,5,33,1,60,8,0.6,High,8.4
IAM-002045,ORG-002,AST-02045,466,14,10,14,74,0,130,4,0.36,Low,3.8
IAM-002046,ORG-021,AST-02046,435,4,18,31,63,3,190,30,0.31,High,10
IAM-002047,ORG-022,AST-02047,339,30,5,20,91,20,200,13,0.61,High,4.7
IAM-002048,ORG-017,AST-02048,77,5,2,3,34,1,164,1,0.99,Low,5.1
IAM-002049,ORG-009,AST-02049,331,20,10,21,99,12,162,13,0.5,High,5.1
IAM-002050,ORG-009,AST-02050,173,12,7,12,66,3,46,4,0.45,Medium,4.6
IAM-002051,ORG-004,AST-02051,153,11,4,1,87,1,170,26,0.53,Low,4.3
IAM-002052,ORG-021,AST-02052,307,19,12,30,85,8,139,16,0.79,Medium,6.4
IAM-002053,ORG-001,AST-02053,209,2,0,6,30,2,191,13,0.72,High,8.7
IAM-002054,ORG-003,AST-02054,278,1,10,8,83,0,99,12,0.57,Low,3.9
IAM-002055,ORG-019,AST-02055,357,17,10,12,43,7,18,0,0.44,Medium,7.0
IAM-002056,ORG-005,AST-02056,263,15,5,4,68,2,98,4,0.91,Low,3.6
IAM-002057,ORG-024,AST-02057,305,30,6,21,86,10,138,0,0.88,Medium,3.3
IAM-002058,ORG-022,AST-02058,241,13,4,10,90,7,62,11,0.94,High,3.7
IAM-002059,ORG-014,AST-02059,201,3,1,11,38,2,102,17,0.56,High,8.5
IAM-002060,ORG-024,AST-02060,58,1,1,4,87,1,45,1,0.72,High,3.9
IAM-002061,ORG-017,AST-02061,389,13,17,26,37,11,149,3,0.67,High,10.0
IAM-002062,ORG-002,AST-02062,43,4,1,3,72,4,59,8,0.53,High,5.9
IAM-002063,ORG-012,AST-02063,98,2,3,4,97,0,122,24,0.85,Low,3.2
IAM-002064,ORG-005,AST-02064,80,3,2,3,31,2,181,12,0.48,High,7.8
IAM-002065,ORG-009,AST-02065,405,39,17,31,90,35,2,0,0.79,High,6.4
IAM-002066,ORG-015,AST-02066,31,1,1,1,52,1,139,19,0.47,High,8.3
IAM-002067,ORG-018,AST-02067,404,6,18,7,93,6,160,2,0.66,High,7.3
IAM-002068,ORG-010,AST-02068,342,8,17,7,100,6,162,12,0.87,High,7.0
IAM-002069,ORG-001,AST-02069,379,1,12,21,38,1,45,3,0.33,High,9.3
IAM-002070,ORG-016,AST-02070,34,1,1,0,65,0,154,10,0.52,Low,3.1
IAM-002071,ORG-005,AST-02071,104,3,3,10,94,3,62,11,0.87,High,5.5
IAM-002072,ORG-005,AST-02072,390,2,1,5,86,1,6,0,0.68,Low,3.0
IAM-002073,ORG-011,AST-02073,190,2,0,12,45,0,10,1,0.96,Low,3.4
IAM-002074,ORG-006,AST-02074,178,14,1,13,96,3,87,9,0.8,Medium,2.0
IAM-002075,ORG-019,AST-02075,467,12,3,22,43,5,45,9,0.81,Medium,6.4
IAM-002076,ORG-023,AST-02076,147,4,6,0,75,4,101,20,0.79,High,7.5
IAM-002077,ORG-014,AST-02077,122,3,0,0,42,2,140,17,0.84,High,7.7
IAM-002078,ORG-018,AST-02078,24,1,0,2,45,0,84,13,0.72,Low,5.4
IAM-002079,ORG-021,AST-02079,390,7,14,17,65,6,77,2,0.77,High,8.2
IAM-002080,ORG-010,AST-02080,443,44,2,11,78,44,55,6,0.92,High,6.0
IAM-002081,ORG-023,AST-02081,228,11,5,7,85,0,147,27,0.38,Low,4.3
IAM-002082,ORG-003,AST-02082,189,7,1,8,80,3,83,10,0.87,Medium,4.2
IAM-002083,ORG-015,AST-02083,203,14,7,9,52,8,125,9,0.86,High,6.8
IAM-002084,ORG-025,AST-02084,357,20,13,16,94,5,28,0,0.7,Medium,3.9
IAM-002085,ORG-018,AST-02085,370,26,3,9,41,2,77,2,0.61,Low,5.2
IAM-002086,ORG-011,AST-02086,54,4,0,4,41,0,104,7,0.39,Low,4.9
IAM-002087,ORG-004,AST-02087,488,42,14,48,36,9,114,21,0.88,Medium,10
IAM-002088,ORG-013,AST-02088,412,40,16,11,60,31,134,1,0.64,High,8.2
IAM-002089,ORG-006,AST-02089,178,5,4,5,89,0,2,0,0.54,Low,1.7
IAM-002090,ORG-020,AST-02090,341,15,2,10,93,15,16,0,0.56,High,4.0
IAM-002091,ORG-007,AST-02091,131,1,2,13,43,1,102,16,0.58,High,8.7
IAM-002092,ORG-014,AST-02092,467,1,2,32,79,1,167,33,0.97,High,8.3
IAM-002093,ORG-001,AST-02093,269,26,11,19,48,20,156,25,0.34,High,10
IAM-002094,ORG-005,AST-02094,75,4,3,4,35,1,7,1,0.98,Low,6.0
IAM-002095,ORG-025,AST-02095,422,5,17,41,35,5,146,29,0.54,High,10
IAM-002096,ORG-024,AST-02096,100,4,1,0,63,3,39,3,0.53,High,5.1
IAM-002097,ORG-023,AST-02097,248,17,10,17,52,12,151,26,0.99,High,9.9
IAM-002098,ORG-021,AST-02098,353,21,14,32,100,14,126,25,0.63,High,6.9
IAM-002099,ORG-009,AST-02099,203,19,10,10,30,11,72,3,0.38,High,8.4
IAM-002100,ORG-012,AST-02100,329,3,10,22,98,0,141,22,0.47,Low,4.0
IAM-002101,ORG-010,AST-02101,185,15,1,10,41,13,79,3,0.51,High,6.7
IAM-002102,ORG-025,AST-02102,470,7,8,44,73,0,40,1,0.4,Low,3.3
IAM-002103,ORG-004,AST-02103,241,5,7,11,90,1,199,15,0.65,Low,4.1
IAM-002104,ORG-021,AST-02104,217,8,5,20,62,2,108,15,0.66,Low,5.5
IAM-002105,ORG-005,AST-02105,499,49,6,38,40,18,128,7,0.88,Medium,7.4
IAM-002106,ORG-013,AST-02106,157,14,0,8,70,4,146,14,0.59,Medium,4.4
IAM-002107,ORG-015,AST-02107,214,9,2,0,41,4,172,31,0.73,Medium,8.9
IAM-002108,ORG-021,AST-02108,461,24,0,20,60,16,171,20,0.38,High,6.9
IAM-002109,ORG-019,AST-02109,174,9,0,4,55,6,38,7,0.46,High,5.6
IAM-002110,ORG-014,AST-02110,449,19,11,23,86,12,61,12,0.54,High,5.8
IAM-002111,ORG-011,AST-02111,342,5,9,30,56,3,165,18,0.86,High,8.2
IAM-002112,ORG-011,AST-02112,422,18,18,14,39,11,165,8,0.82,High,10
IAM-002113,ORG-014,AST-02113,257,22,3,25,39,12,200,10,0.36,High,7.3
IAM-002114,ORG-016,AST-02114,323,7,15,15,51,4,110,13,0.8,High,9.6
IAM-002115,ORG-016,AST-02115,229,21,11,14,32,9,186,26,0.74,Medium,10
IAM-002116,ORG-019,AST-02116,139,13,6,6,55,5,22,4,0.42,Medium,5.3
IAM-002117,ORG-009,AST-02117,318,22,2,21,43,4,166,1,0.43,Medium,5.1
IAM-002118,ORG-025,AST-02118,72,6,2,0,70,3,194,38,0.66,Medium,7.8
IAM-002119,ORG-016,AST-02119,421,23,3,22,68,8,163,13,0.84,Medium,4.8
IAM-002120,ORG-023,AST-02120,226,15,8,18,55,8,178,1,0.63,High,6.2
IAM-002121,ORG-007,AST-02121,136,1,1,12,88,0,69,8,0.72,Low,1.7
IAM-002122,ORG-013,AST-02122,14,1,0,0,89,1,70,10,0.46,High,5.1
IAM-002123,ORG-017,AST-02123,465,42,18,0,67,22,169,22,0.59,High,9.1
IAM-002124,ORG-010,AST-02124,276,23,2,4,77,6,151,25,0.84,Medium,5.0
IAM-002125,ORG-018,AST-02125,270,19,2,2,65,9,143,0,0.91,Medium,4.1
IAM-002126,ORG-006,AST-02126,29,2,0,1,98,0,8,0,0.45,Low,0
IAM-002127,ORG-009,AST-02127,415,3,7,18,84,0,159,2,0.5,Low,2.6
IAM-002128,ORG-018,AST-02128,221,17,9,0,89,3,16,3,0.94,Medium,3.4
IAM-002129,ORG-011,AST-02129,90,7,1,0,88,6,195,31,0.89,High,7.1
IAM-002130,ORG-005,AST-02130,249,11,6,8,95,5,115,1,0.41,Medium,3.2
IAM-002131,ORG-008,AST-02131,443,8,11,18,97,1,95,16,0.98,Low,4.4
IAM-002132,ORG-015,AST-02132,407,20,12,29,52,5,90,2,0.79,Medium,7.0
IAM-002133,ORG-004,AST-02133,226,3,0,15,81,2,10,2,0.57,High,3.9
IAM-002134,ORG-018,AST-02134,323,5,4,8,81,3,122,7,0.75,High,4.9
IAM-002135,ORG-025,AST-02135,123,2,3,5,36,2,97,7,0.55,High,8.7
IAM-002136,ORG-021,AST-02136,440,32,2,33,34,14,59,10,0.38,Medium,7.4
IAM-002137,ORG-002,AST-02137,396,12,11,12,91,12,61,6,0.37,High,6.5
IAM-002138,ORG-002,AST-02138,468,1,15,35,78,0,49,3,0.91,Low,4.9
IAM-002139,ORG-005,AST-02139,173,10,0,14,35,4,198,26,0.52,Medium,7.9
IAM-002140,ORG-007,AST-02140,152,4,1,0,91,0,75,14,0.34,Low,2.6
IAM-002141,ORG-019,AST-02141,34,3,1,0,94,2,148,8,0.32,High,3.0
IAM-002142,ORG-015,AST-02142,59,1,2,1,43,0,29,3,0.52,Low,4.6
IAM-002143,ORG-006,AST-02143,413,12,3,5,58,8,146,13,0.78,High,6.8
IAM-002144,ORG-016,AST-02144,249,15,12,23,78,11,99,7,0.79,High,6.4
IAM-002145,ORG-013,AST-02145,339,7,6,6,69,5,145,27,0.72,High,8.4
IAM-002146,ORG-001,AST-02146,479,4,19,5,100,2,83,6,0.71,Low,6.0
IAM-002147,ORG-021,AST-02147,167,12,8,2,39,2,59,0,0.66,Low,6.4
IAM-002148,ORG-023,AST-02148,373,27,17,21,53,9,155,8,0.84,Medium,7.9
IAM-002149,ORG-012,AST-02149,416,25,0,2,80,11,35,3,0.87,Medium,2.8
IAM-002150,ORG-007,AST-02150,440,20,8,0,53,9,33,0,0.66,Medium,6.0
IAM-002151,ORG-010,AST-02151,420,36,6,6,69,19,23,0,0.87,High,5.2
IAM-002152,ORG-021,AST-02152,23,1,1,1,88,0,107,18,0.93,Low,2.8
IAM-002153,ORG-004,AST-02153,447,22,17,19,56,14,46,4,0.54,High,9.0
IAM-002154,ORG-009,AST-02154,105,10,0,10,73,6,190,2,0.88,High,4.3
IAM-002155,ORG-019,AST-02155,289,8,2,1,87,5,119,17,0.64,High,4.6
IAM-002156,ORG-020,AST-02156,379,33,9,26,57,21,167,2,0.68,High,7.2
IAM-002157,ORG-019,AST-02157,492,26,0,3,94,26,102,20,0.57,High,5.3
IAM-002158,ORG-021,AST-02158,276,18,13,6,58,0,175,4,0.94,Low,6.2
IAM-002159,ORG-016,AST-02159,429,21,1,6,55,12,72,5,0.95,High,5.8
IAM-002160,ORG-008,AST-02160,381,22,5,13,34,7,27,0,0.86,Medium,6.7
IAM-002161,ORG-009,AST-02161,265,6,13,2,97,6,71,1,0.48,High,5.8
IAM-002162,ORG-014,AST-02162,365,20,6,28,48,20,94,4,1.0,High,8.0
IAM-002163,ORG-019,AST-02163,7,2,0,0,80,2,189,13,0.72,High,5.6
IAM-002164,ORG-018,AST-02164,471,16,18,0,79,14,63,4,0.55,High,7.6
IAM-002165,ORG-004,AST-02165,438,39,17,13,45,7,176,20,0.38,Medium,9.9
IAM-002166,ORG-003,AST-02166,19,2,0,0,98,1,184,5,0.45,Low,2.4
IAM-002167,ORG-017,AST-02167,148,6,3,11,31,5,71,12,0.43,High,8.6
IAM-002168,ORG-009,AST-02168,265,11,12,0,67,7,123,24,0.74,High,8.5
IAM-002169,ORG-024,AST-02169,317,31,12,21,57,24,46,4,0.3,High,8.5
IAM-002170,ORG-010,AST-02170,430,2,17,11,50,1,0,0,0.82,Low,8.5
IAM-002171,ORG-002,AST-02171,32,1,1,0,53,1,185,31,0.4,High,9.1
IAM-002172,ORG-015,AST-02172,116,8,3,1,96,8,143,22,0.84,High,6.4
IAM-002173,ORG-005,AST-02173,128,8,6,10,41,3,159,21,0.81,Medium,8.2
IAM-002174,ORG-017,AST-02174,324,14,0,26,42,11,166,25,0.54,High,8.3
IAM-002175,ORG-023,AST-02175,485,4,22,6,98,2,136,16,0.89,Low,7.2
IAM-002176,ORG-010,AST-02176,225,20,5,2,87,10,38,5,0.5,Medium,3.5
IAM-002177,ORG-004,AST-02177,357,3,4,7,100,0,15,0,0.9,Low,0.8
IAM-002178,ORG-010,AST-02178,427,13,13,38,89,0,151,2,0.69,Low,4.0
IAM-002179,ORG-005,AST-02179,283,19,5,2,97,16,184,2,0.98,High,4.0
IAM-002180,ORG-012,AST-02180,289,26,12,10,40,18,28,5,0.89,High,9.2
IAM-002181,ORG-005,AST-02181,365,5,0,27,87,4,89,7,0.3,High,3.9
IAM-002182,ORG-006,AST-02182,62,2,3,6,62,1,184,27,0.71,Low,7.3
IAM-002183,ORG-002,AST-02183,420,5,11,22,96,3,61,1,0.59,High,4.0
IAM-002184,ORG-016,AST-02184,253,12,1,16,41,1,39,0,0.7,Low,4.4
IAM-002185,ORG-021,AST-02185,378,14,2,35,67,10,5,0,0.36,High,5.1
IAM-002186,ORG-025,AST-02186,51,2,1,2,72,1,179,8,0.78,Low,4.2
IAM-002187,ORG-008,AST-02187,489,17,6,46,88,15,164,17,0.36,High,6.6
IAM-002188,ORG-015,AST-02188,181,16,0,16,88,10,78,8,0.51,High,3.3
IAM-002189,ORG-010,AST-02189,369,23,17,3,36,15,180,3,0.79,High,9.6
IAM-002190,ORG-012,AST-02190,188,4,1,9,56,0,169,33,0.41,Low,6.5
IAM-002191,ORG-010,AST-02191,123,4,0,3,31,2,45,7,0.69,Low,6.7
IAM-002192,ORG-005,AST-02192,122,8,6,6,72,0,102,12,0.3,Low,4.4
IAM-002193,ORG-006,AST-02193,226,2,1,4,99,1,23,1,0.68,Low,2.1
IAM-002194,ORG-024,AST-02194,340,19,8,16,32,0,0,1,0.93,Low,6.7
IAM-002195,ORG-016,AST-02195,384,1,12,2,52,0,78,5,0.92,Low,5.7
IAM-002196,ORG-002,AST-02196,18,1,0,1,41,0,98,16,0.72,Low,6.0
IAM-002197,ORG-015,AST-02197,179,6,4,11,33,5,46,0,0.67,High,7.8
IAM-002198,ORG-010,AST-02198,70,6,0,1,67,5,102,19,0.69,High,6.7
IAM-002199,ORG-023,AST-02199,135,9,4,7,47,6,132,1,0.74,High,6.2
IAM-002200,ORG-016,AST-02200,60,2,3,4,41,1,14,0,0.87,Low,6.4
IAM-002201,ORG-007,AST-02201,323,14,15,24,59,7,179,23,0.55,Medium,9.5
IAM-002202,ORG-008,AST-02202,42,1,2,3,66,1,159,19,0.38,High,7.3
IAM-002203,ORG-020,AST-02203,490,7,23,29,47,0,155,31,1.0,Low,10
IAM-002204,ORG-025,AST-02204,261,17,5,3,65,3,140,4,0.96,Medium,3.8
IAM-002205,ORG-020,AST-02205,123,10,1,0,76,0,192,19,0.45,Low,3.6
IAM-002206,ORG-019,AST-02206,113,4,1,4,91,1,111,16,0.89,Low,3.1
IAM-002207,ORG-018,AST-02207,446,28,22,37,94,7,144,24,0.76,Medium,7.9
IAM-002208,ORG-003,AST-02208,111,7,3,4,58,3,16,3,0.96,Medium,5.0
IAM-002209,ORG-023,AST-02209,107,8,2,9,82,1,114,4,0.71,Low,2.8
IAM-002210,ORG-007,AST-02210,477,11,14,42,93,1,78,1,0.79,Low,3.2
IAM-002211,ORG-015,AST-02211,149,6,2,12,80,4,26,3,0.92,High,4.1
IAM-002212,ORG-001,AST-02212,188,5,3,11,42,1,108,11,0.95,Low,6.0
IAM-002213,ORG-014,AST-02213,459,37,2,36,67,36,176,20,0.86,High,7.8
IAM-002214,ORG-021,AST-02214,400,27,17,18,83,22,54,10,0.65,High,8.4
IAM-002215,ORG-024,AST-02215,140,9,7,11,52,1,161,8,0.49,Low,5.9
IAM-002216,ORG-014,AST-02216,493,35,7,16,83,4,5,1,0.99,Medium,2.9
IAM-002217,ORG-024,AST-02217,417,28,18,15,53,14,116,0,0.45,Medium,8.2
IAM-002218,ORG-022,AST-02218,484,27,23,33,32,12,33,4,0.58,Medium,10
IAM-002219,ORG-006,AST-02219,474,32,10,35,36,22,173,33,0.33,High,10
IAM-002220,ORG-020,AST-02220,163,3,5,7,89,3,153,4,0.98,High,5.2
IAM-002221,ORG-021,AST-02221,196,17,3,7,91,7,44,8,0.51,Medium,3.1
IAM-002222,ORG-015,AST-02222,432,33,18,4,69,6,131,1,0.86,Medium,6.1
IAM-002223,ORG-019,AST-02223,65,5,1,3,88,1,43,2,0.63,Low,1.4
IAM-002224,ORG-022,AST-02224,194,8,5,6,79,0,48,9,0.46,Low,3.1
IAM-002225,ORG-005,AST-02225,370,3,7,18,59,1,170,30,0.94,Low,7.7
IAM-002226,ORG-022,AST-02226,245,8,5,23,61,5,49,8,0.74,High,6.5
IAM-002227,ORG-012,AST-02227,455,10,3,33,60,1,39,1,0.54,Low,3.4
IAM-002228,ORG-004,AST-02228,17,2,0,1,83,1,36,0,0.72,Low,3.1
IAM-002229,ORG-015,AST-02229,462,33,11,21,37,30,91,6,0.6,High,10.0
IAM-002230,ORG-010,AST-02230,245,5,12,13,52,5,31,2,0.97,High,8.9
IAM-002231,ORG-006,AST-02231,396,26,3,32,43,11,192,29,0.83,Medium,8.6
IAM-002232,ORG-007,AST-02232,211,3,4,12,47,2,138,18,0.93,High,8.1
IAM-002233,ORG-024,AST-02233,271,21,10,26,70,7,19,2,0.78,Medium,5.3
IAM-002234,ORG-003,AST-02234,291,14,1,14,91,2,139,0,0.37,Low,1.1
IAM-002235,ORG-013,AST-02235,169,2,7,9,53,1,88,15,0.43,Low,7.4
IAM-002236,ORG-025,AST-02236,480,34,8,33,38,28,20,2,0.6,High,8.0
IAM-002237,ORG-005,AST-02237,224,12,9,6,58,10,19,3,0.41,High,7.5
IAM-002238,ORG-006,AST-02238,255,8,2,20,94,1,94,10,0.79,Low,2.5
IAM-002239,ORG-022,AST-02239,80,2,2,8,98,2,72,2,0.71,High,4.1
IAM-002240,ORG-017,AST-02240,490,47,8,18,94,26,71,13,0.71,High,4.8
IAM-002241,ORG-020,AST-02241,200,9,10,3,97,0,131,24,0.92,Low,4.2
IAM-002242,ORG-018,AST-02242,49,1,0,3,88,0,112,11,0.76,Low,2.2
IAM-002243,ORG-005,AST-02243,405,16,2,25,66,4,119,15,0.62,Medium,5.1
IAM-002244,ORG-020,AST-02244,12,1,0,1,53,1,158,25,0.51,High,8.2
IAM-002245,ORG-012,AST-02245,77,4,1,5,53,0,28,2,0.38,Low,3.3
IAM-002246,ORG-005,AST-02246,420,40,11,15,43,5,105,10,0.88,Medium,7.8
IAM-002247,ORG-012,AST-02247,100,10,3,6,76,9,30,2,0.95,High,5.0
IAM-002248,ORG-007,AST-02248,171,3,8,13,44,3,193,20,0.53,High,10
IAM-002249,ORG-007,AST-02249,337,26,14,31,85,25,32,1,0.4,High,7.2
IAM-002250,ORG-001,AST-02250,487,17,19,17,48,15,90,16,0.55,High,10
IAM-002251,ORG-010,AST-02251,469,32,21,30,42,12,165,14,0.73,Medium,10
IAM-002252,ORG-006,AST-02252,48,3,1,1,34,3,10,1,0.58,High,8.1
IAM-002253,ORG-010,AST-02253,264,17,5,9,63,5,49,9,0.4,Medium,4.9
IAM-002254,ORG-006,AST-02254,346,33,10,23,77,32,6,1,0.41,High,6.3
IAM-002255,ORG-020,AST-02255,305,18,1,30,96,14,121,16,0.85,High,4.8
IAM-002256,ORG-012,AST-02256,286,18,7,27,92,17,43,2,0.46,High,4.7
IAM-002257,ORG-013,AST-02257,408,14,19,14,45,0,126,18,0.78,Low,9.0
IAM-002258,ORG-009,AST-02258,226,4,1,5,44,2,56,10,0.82,Low,6.6
IAM-002259,ORG-003,AST-02259,232,4,3,6,79,0,104,14,0.39,Low,2.9
IAM-002260,ORG-015,AST-02260,103,5,1,8,83,5,199,32,0.86,High,7.5
IAM-002261,ORG-018,AST-02261,6,2,0,0,41,0,67,5,0.74,Low,4.1
IAM-002262,ORG-003,AST-02262,180,4,1,10,69,0,25,4,0.49,Low,2.5
IAM-002263,ORG-022,AST-02263,483,32,24,22,52,22,194,33,0.34,High,10
IAM-002264,ORG-025,AST-02264,341,25,17,10,90,2,83,8,0.99,Low,4.9
IAM-002265,ORG-005,AST-02265,388,20,14,32,77,13,120,13,0.73,High,7.5
IAM-002266,ORG-021,AST-02266,51,1,2,0,84,1,127,10,0.65,High,5.6
IAM-002267,ORG-010,AST-02267,233,10,4,16,70,2,130,14,0.56,Low,5.3
IAM-002268,ORG-003,AST-02268,249,19,5,10,83,10,100,4,0.92,High,4.2
IAM-002269,ORG-001,AST-02269,302,5,5,0,74,3,28,0,0.4,High,4.3
IAM-002270,ORG-016,AST-02270,441,13,4,1,49,5,40,3,0.87,Medium,5.3
IAM-002271,ORG-003,AST-02271,395,4,10,23,40,2,175,16,0.51,Low,8.7
IAM-002272,ORG-013,AST-02272,423,42,13,16,64,21,52,7,0.84,Medium,6.8
IAM-002273,ORG-019,AST-02273,412,19,2,2,91,9,72,4,0.47,Medium,2.4
IAM-002274,ORG-011,AST-02274,232,8,4,2,42,4,157,10,0.63,Medium,6.7
IAM-002275,ORG-017,AST-02275,280,23,0,11,32,13,24,1,0.51,High,6.5
IAM-002276,ORG-016,AST-02276,285,24,0,17,99,14,165,27,0.87,High,4.6
IAM-002277,ORG-023,AST-02277,484,13,23,33,75,4,104,17,0.95,Medium,9.1
IAM-002278,ORG-012,AST-02278,302,11,7,10,97,1,65,12,0.74,Low,2.8
IAM-002279,ORG-003,AST-02279,461,25,1,10,44,6,179,1,0.44,Medium,4.9
IAM-002280,ORG-013,AST-02280,246,3,7,13,62,0,173,21,0.5,Low,5.6
IAM-002281,ORG-008,AST-02281,465,22,3,42,54,3,26,1,0.83,Medium,3.9
IAM-002282,ORG-003,AST-02282,41,3,0,0,88,1,136,15,0.84,Low,2.8
IAM-002283,ORG-015,AST-02283,487,28,14,22,100,2,129,2,0.35,Low,3.2
IAM-002284,ORG-022,AST-02284,296,6,6,26,84,5,119,17,0.7,High,6.3
IAM-002285,ORG-017,AST-02285,322,32,14,20,51,23,170,14,0.91,High,9.7
IAM-002286,ORG-018,AST-02286,56,2,0,1,77,2,138,6,0.43,High,5.2
IAM-002287,ORG-020,AST-02287,421,34,17,36,53,8,162,14,0.67,Medium,8.3
IAM-002288,ORG-023,AST-02288,438,16,17,35,46,7,119,5,0.37,Medium,8.6
IAM-002289,ORG-014,AST-02289,172,5,0,4,31,2,100,7,0.78,Low,6.2
IAM-002290,ORG-025,AST-02290,75,2,3,2,96,1,176,22,0.75,Low,5.0
IAM-002291,ORG-001,AST-02291,98,6,0,1,96,1,133,19,0.63,Low,2.9
IAM-002292,ORG-012,AST-02292,235,12,3,20,98,1,15,2,0.64,Low,0.8
IAM-002293,ORG-005,AST-02293,251,20,5,15,96,15,74,3,0.33,High,3.8
IAM-002294,ORG-004,AST-02294,187,5,6,8,31,1,16,2,0.78,Low,6.3
IAM-002295,ORG-009,AST-02295,312,17,9,2,32,16,184,34,0.61,High,10
IAM-002296,ORG-005,AST-02296,260,2,1,24,68,0,129,21,0.79,Low,4.2
IAM-002297,ORG-008,AST-02297,406,27,19,1,85,12,31,0,0.45,Medium,5.8
IAM-002298,ORG-001,AST-02298,73,3,3,4,67,3,125,20,0.99,High,7.8
IAM-002299,ORG-010,AST-02299,413,8,4,39,47,7,105,3,0.41,High,7.7
IAM-002300,ORG-010,AST-02300,451,37,21,45,100,17,28,5,0.87,Medium,5.7
IAM-002301,ORG-007,AST-02301,432,20,15,28,61,16,88,16,0.33,High,9.6
IAM-002302,ORG-004,AST-02302,416,17,8,28,50,0,136,3,0.98,Low,5.2
IAM-002303,ORG-013,AST-02303,316,14,11,4,99,7,50,10,0.34,Medium,4.4
IAM-002304,ORG-004,AST-02304,105,5,2,1,30,2,37,5,0.93,Low,7.1
IAM-002305,ORG-016,AST-02305,340,27,1,18,77,15,95,13,0.84,High,4.6
IAM-002306,ORG-017,AST-02306,84,7,1,4,38,3,152,3,0.45,Medium,5.9
IAM-002307,ORG-007,AST-02307,5,2,0,0,99,0,194,18,0.92,Low,1.7
IAM-002308,ORG-023,AST-02308,8,2,0,0,90,2,175,14,0.93,High,5.4
IAM-002309,ORG-007,AST-02309,212,2,7,4,96,1,188,33,0.54,Low,6.8
IAM-002310,ORG-024,AST-02310,87,2,2,3,42,2,26,4,0.59,High,7.9
IAM-002311,ORG-016,AST-02311,429,34,19,39,61,0,195,21,0.38,Low,8.4
IAM-002312,ORG-004,AST-02312,477,6,21,9,34,1,128,21,0.68,Low,10
IAM-002313,ORG-013,AST-02313,389,4,6,12,85,4,133,16,0.67,High,6.4
IAM-002314,ORG-009,AST-02314,343,19,5,6,86,2,173,9,0.69,Low,3.1
IAM-002315,ORG-020,AST-02315,221,7,5,4,72,7,69,12,0.8,High,7.4
IAM-002316,ORG-005,AST-02316,293,22,11,21,90,8,158,31,0.93,Medium,6.6
IAM-002317,ORG-008,AST-02317,153,5,7,12,63,2,123,9,0.85,Low,6.4
IAM-002318,ORG-017,AST-02318,28,2,0,1,87,0,28,3,0.89,Low,1.0
IAM-002319,ORG-013,AST-02319,53,2,2,2,33,2,32,6,0.37,High,8.7
IAM-002320,ORG-010,AST-02320,215,8,8,18,31,1,128,25,0.54,Low,9.5
IAM-002321,ORG-010,AST-02321,349,17,7,5,66,13,72,9,0.92,High,6.7
IAM-002322,ORG-017,AST-02322,113,10,2,5,86,0,58,5,0.47,Low,2.0
IAM-002323,ORG-020,AST-02323,324,29,3,24,59,4,88,12,0.35,Medium,5.1
IAM-002324,ORG-004,AST-02324,236,20,9,6,76,19,186,5,0.56,High,6.6
IAM-002325,ORG-014,AST-02325,143,3,7,0,60,0,124,8,0.31,Low,5.4
IAM-002326,ORG-002,AST-02326,15,2,0,1,41,0,50,4,0.73,Low,4.8
IAM-002327,ORG-025,AST-02327,183,10,6,18,39,7,45,1,0.52,High,7.8
IAM-002328,ORG-002,AST-02328,64,2,1,1,74,0,168,27,0.86,Low,5.0
IAM-002329,ORG-020,AST-02329,435,17,6,9,78,5,108,12,0.81,Medium,4.7
IAM-002330,ORG-009,AST-02330,122,7,1,2,51,2,51,4,0.57,Low,4.4
IAM-002331,ORG-022,AST-02331,197,10,7,16,93,8,24,4,0.78,High,4.8
IAM-002332,ORG-025,AST-02332,442,9,6,40,42,5,15,3,0.77,High,6.8
IAM-002333,ORG-010,AST-02333,347,13,1,13,31,9,95,12,0.73,High,7.8
IAM-002334,ORG-003,AST-02334,236,7,8,13,83,5,182,16,1.0,High,6.6
IAM-002335,ORG-002,AST-02335,434,26,6,4,78,18,6,0,0.31,High,5.2
IAM-002336,ORG-009,AST-02336,272,23,1,9,65,7,195,4,0.37,Medium,3.7
IAM-002337,ORG-019,AST-02337,30,1,1,3,93,1,37,2,0.46,High,4.2
IAM-002338,ORG-023,AST-02338,146,4,0,11,81,1,23,2,0.82,Low,2.2
IAM-002339,ORG-015,AST-02339,323,11,13,5,33,4,144,24,0.9,Medium,10
IAM-002340,ORG-015,AST-02340,449,11,4,19,42,8,134,2,0.95,High,7.3
IAM-002341,ORG-023,AST-02341,385,28,11,22,39,4,14,0,0.6,Medium,6.4
IAM-002342,ORG-024,AST-02342,166,16,6,9,61,7,134,8,0.51,Medium,5.9
IAM-002343,ORG-010,AST-02343,402,8,13,26,32,3,128,22,0.49,Medium,10
IAM-002344,ORG-013,AST-02344,91,4,2,6,55,1,90,15,0.89,Low,5.7
IAM-002345,ORG-003,AST-02345,271,23,13,5,47,10,151,3,0.53,Medium,8.0
IAM-002346,ORG-005,AST-02346,138,2,1,5,34,0,191,15,0.58,Low,6.3
IAM-002347,ORG-018,AST-02347,310,22,12,26,75,10,164,16,0.39,Medium,7.4
IAM-002348,ORG-022,AST-02348,46,1,2,1,60,0,191,0,0.67,Low,3.5
IAM-002349,ORG-001,AST-02349,119,4,3,8,94,1,69,9,0.82,Low,2.4
IAM-002350,ORG-001,AST-02350,17,2,0,1,40,1,107,4,0.82,Low,6.3
IAM-002351,ORG-013,AST-02351,45,3,1,4,58,2,68,6,0.61,High,5.2
IAM-002352,ORG-005,AST-02352,95,7,4,1,57,7,200,7,0.69,High,7.7
IAM-002353,ORG-011,AST-02353,352,6,0,7,85,4,191,36,0.54,High,6.4
IAM-002354,ORG-017,AST-02354,107,2,0,4,98,2,107,17,0.45,High,4.7
IAM-002355,ORG-019,AST-02355,35,2,1,1,54,2,187,26,0.48,High,8.7
IAM-002356,ORG-012,AST-02356,227,7,1,16,60,6,122,11,0.65,High,6.4
IAM-002357,ORG-013,AST-02357,441,21,1,44,98,15,155,17,0.4,High,3.7
IAM-002358,ORG-007,AST-02358,97,4,4,7,49,0,106,14,0.76,Low,6.0
IAM-002359,ORG-001,AST-02359,245,24,9,17,33,4,2,0,0.82,Medium,7.2
IAM-002360,ORG-009,AST-02360,399,37,16,28,53,3,191,24,0.53,Medium,9.1
IAM-002361,ORG-005,AST-02361,58,3,0,2,71,3,42,7,0.36,High,5.4
IAM-002362,ORG-004,AST-02362,144,1,3,11,46,0,168,23,0.86,Low,6.4
IAM-002363,ORG-005,AST-02363,129,3,4,2,72,2,80,1,0.76,High,4.7
IAM-002364,ORG-012,AST-02364,140,12,6,6,83,12,169,23,0.49,High,7.5
IAM-002365,ORG-025,AST-02365,406,17,7,40,75,9,123,8,1.0,High,5.6
IAM-002366,ORG-003,AST-02366,167,13,4,5,34,5,66,2,0.62,Medium,6.3
IAM-002367,ORG-018,AST-02367,399,5,15,0,97,1,159,24,0.84,Low,6.2
IAM-002368,ORG-001,AST-02368,170,7,4,11,77,1,1,0,0.73,Low,3.2
IAM-002369,ORG-003,AST-02369,392,24,14,19,80,12,65,13,0.47,Medium,6.9
IAM-002370,ORG-008,AST-02370,175,12,8,1,86,0,35,3,0.68,Low,2.5
IAM-002371,ORG-021,AST-02371,292,27,6,24,62,14,27,2,0.61,High,5.9
IAM-002372,ORG-025,AST-02372,478,3,20,5,49,2,77,13,0.78,High,10
IAM-002373,ORG-012,AST-02373,64,6,3,0,73,4,167,19,0.56,High,6.6
IAM-002374,ORG-020,AST-02374,183,12,8,10,89,11,11,0,0.65,High,4.8
IAM-002375,ORG-001,AST-02375,165,1,0,10,49,0,140,11,0.33,Low,4.5
IAM-002376,ORG-003,AST-02376,36,1,1,0,81,1,44,2,0.41,High,5.0
IAM-002377,ORG-009,AST-02377,195,2,0,14,40,2,156,20,0.98,High,9.1
IAM-002378,ORG-004,AST-02378,136,5,2,1,63,0,67,8,0.98,Low,3.6
IAM-002379,ORG-010,AST-02379,149,9,0,3,62,7,92,13,0.83,High,6.4
IAM-002380,ORG-025,AST-02380,289,22,11,13,53,9,107,19,0.83,Medium,8.2
IAM-002381,ORG-008,AST-02381,289,7,12,14,95,3,177,35,0.45,Medium,7.6
IAM-002382,ORG-009,AST-02382,24,1,1,1,100,0,149,2,0.68,Low,0
IAM-002383,ORG-009,AST-02383,467,44,6,37,38,4,139,4,0.53,Medium,6.3
IAM-002384,ORG-009,AST-02384,452,36,22,25,58,17,91,18,0.86,Medium,10
IAM-002385,ORG-020,AST-02385,400,16,11,16,50,8,49,3,0.49,Medium,7.3
IAM-002386,ORG-011,AST-02386,153,2,3,9,88,0,14,0,0.52,Low,1.8
IAM-002387,ORG-005,AST-02387,42,1,2,4,64,1,199,25,1.0,High,8.3
IAM-002388,ORG-012,AST-02388,454,10,13,24,48,9,36,5,0.66,High,9.7
IAM-002389,ORG-023,AST-02389,133,4,6,0,68,2,40,5,0.54,Low,5.1
IAM-002390,ORG-011,AST-02390,383,27,8,6,92,24,73,13,0.52,High,6.3
IAM-002391,ORG-009,AST-02391,147,3,2,7,61,2,45,9,0.63,High,5.6
IAM-002392,ORG-013,AST-02392,451,24,4,31,61,0,91,14,0.96,Low,4.5
IAM-002393,ORG-012,AST-02393,345,9,17,26,52,5,190,3,0.36,High,8.2
IAM-002394,ORG-008,AST-02394,225,16,6,6,80,16,128,25,0.86,High,8.2
IAM-002395,ORG-001,AST-02395,285,20,8,3,34,4,117,6,0.6,Medium,7.5
IAM-002396,ORG-025,AST-02396,372,25,8,25,68,12,149,29,0.39,Medium,8.4
IAM-002397,ORG-008,AST-02397,50,4,0,2,97,0,184,26,0.53,Low,3.0
IAM-002398,ORG-024,AST-02398,345,17,15,8,37,13,123,3,0.37,High,10
IAM-002399,ORG-008,AST-02399,250,15,9,14,95,9,173,13,0.7,High,5.1
IAM-002400,ORG-019,AST-02400,155,10,3,4,71,6,18,1,0.65,High,4.2
IAM-002401,ORG-019,AST-02401,53,3,2,4,60,2,154,5,0.8,High,5.7
IAM-002402,ORG-003,AST-02402,444,42,13,25,68,8,197,6,0.57,Medium,6.4
IAM-002403,ORG-006,AST-02403,192,17,1,6,49,12,46,4,0.5,High,5.8
IAM-002404,ORG-022,AST-02404,457,3,6,4,44,0,100,14,0.66,Low,6.4
IAM-002405,ORG-018,AST-02405,425,22,13,4,39,19,187,4,0.68,High,9.4
IAM-002406,ORG-022,AST-02406,426,28,17,7,87,0,196,27,0.87,Low,7.1
IAM-002407,ORG-005,AST-02407,313,21,5,3,48,20,102,17,0.9,High,8.9
IAM-002408,ORG-020,AST-02408,53,4,2,4,79,3,2,0,0.87,High,3.6
IAM-002409,ORG-022,AST-02409,122,8,0,11,78,4,158,27,0.68,Medium,5.2
IAM-002410,ORG-016,AST-02410,481,4,17,31,63,1,141,27,0.73,Low,8.9
IAM-002411,ORG-018,AST-02411,152,11,1,3,74,9,179,25,0.76,High,7.1
IAM-002412,ORG-003,AST-02412,455,31,9,38,81,0,166,13,0.38,Low,4.9
IAM-002413,ORG-017,AST-02413,15,1,0,1,92,1,157,11,0.76,High,4.3
IAM-002414,ORG-005,AST-02414,52,5,0,4,68,5,8,0,0.94,High,5.6
IAM-002415,ORG-005,AST-02415,154,15,5,3,91,5,91,6,0.96,Medium,3.6
IAM-002416,ORG-007,AST-02416,21,1,0,0,87,1,79,0,0.53,High,3.8
IAM-002417,ORG-017,AST-02417,472,21,16,20,81,4,85,8,0.43,Medium,5.7
IAM-002418,ORG-014,AST-02418,261,19,11,13,78,2,146,6,0.54,Low,4.7
IAM-002419,ORG-019,AST-02419,114,10,1,5,61,6,197,3,0.32,High,4.6
IAM-002420,ORG-011,AST-02420,326,20,9,1,63,14,122,8,0.36,High,6.8
IAM-002421,ORG-008,AST-02421,180,1,6,5,33,0,5,1,0.35,Low,5.9
IAM-002422,ORG-011,AST-02422,132,8,2,6,30,0,69,5,0.48,Low,6.0
IAM-002423,ORG-023,AST-02423,490,17,20,7,76,1,199,34,0.92,Low,9.3
IAM-002424,ORG-006,AST-02424,79,2,2,2,36,0,181,25,0.71,Low,7.6
IAM-002425,ORG-004,AST-02425,423,2,7,6,93,1,187,9,0.98,Low,4.6
IAM-002426,ORG-012,AST-02426,172,9,2,5,34,9,113,19,0.54,High,9.6
IAM-002427,ORG-016,AST-02427,452,15,22,23,30,9,198,29,0.96,High,10
IAM-002428,ORG-014,AST-02428,250,6,0,12,100,1,15,1,0.42,Low,0.4
IAM-002429,ORG-023,AST-02429,68,4,1,2,46,1,83,3,0.77,Low,5.0
IAM-002430,ORG-016,AST-02430,483,14,3,42,57,12,95,1,0.98,High,5.8
IAM-002431,ORG-007,AST-02431,423,16,7,31,48,4,75,7,0.73,Medium,5.9
IAM-002432,ORG-005,AST-02432,55,5,2,5,36,2,14,1,0.64,Low,5.9
IAM-002433,ORG-006,AST-02433,81,8,4,3,61,2,95,18,0.36,Low,5.5
IAM-002434,ORG-006,AST-02434,367,13,17,28,41,1,78,3,0.85,Low,7.4
IAM-002435,ORG-005,AST-02435,364,10,10,3,49,1,88,6,0.4,Low,6.0
IAM-002436,ORG-006,AST-02436,375,32,13,33,81,6,15,3,0.74,Medium,4.4
IAM-002437,ORG-017,AST-02437,215,7,8,15,76,1,134,2,0.93,Low,3.8
IAM-002438,ORG-020,AST-02438,373,10,14,22,50,0,187,20,0.37,Low,7.6
IAM-002439,ORG-012,AST-02439,21,1,0,2,64,1,95,10,0.36,High,6.4
IAM-002440,ORG-019,AST-02440,426,17,5,24,43,9,76,11,0.59,High,7.4
IAM-002441,ORG-020,AST-02441,109,10,5,5,99,10,112,21,0.79,High,6.6
IAM-002442,ORG-003,AST-02442,138,13,4,4,81,8,191,31,0.7,High,7.5
IAM-002443,ORG-016,AST-02443,332,9,0,16,85,6,130,24,0.48,High,5.8
IAM-002444,ORG-020,AST-02444,195,14,7,19,67,5,78,7,0.7,Medium,5.1
IAM-002445,ORG-024,AST-02445,393,19,1,4,52,18,121,14,0.91,High,7.3
IAM-002446,ORG-011,AST-02446,452,3,0,36,48,1,179,34,0.49,Low,7.7
IAM-002447,ORG-003,AST-02447,439,20,6,4,32,1,42,6,0.89,Low,6.6
IAM-002448,ORG-025,AST-02448,304,30,4,17,94,15,13,0,0.37,Medium,3.0
IAM-002449,ORG-025,AST-02449,106,10,1,10,82,6,167,18,0.72,High,5.1
IAM-002450,ORG-014,AST-02450,127,10,0,12,31,8,144,3,0.78,High,7.1
IAM-002451,ORG-024,AST-02451,399,37,13,5,78,10,123,18,0.5,Medium,7.1
IAM-002452,ORG-023,AST-02452,326,7,6,21,86,3,186,6,0.52,Medium,3.8
IAM-002453,ORG-015,AST-02453,135,7,5,1,33,1,156,29,0.65,Low,8.6
IAM-002454,ORG-004,AST-02454,190,3,8,17,73,3,108,20,0.87,High,8.3
IAM-002455,ORG-022,AST-02455,418,23,4,0,86,18,10,2,0.96,High,4.7
IAM-002456,ORG-013,AST-02456,225,19,11,1,45,6,14,1,0.5,Medium,6.9
IAM-002457,ORG-007,AST-02457,362,25,16,26,90,5,127,19,0.73,Medium,6.1
IAM-002458,ORG-021,AST-02458,144,4,3,9,43,1,166,11,0.46,Low,6.5
IAM-002459,ORG-017,AST-02459,230,1,1,7,46,1,50,6,0.3,High,7.7
IAM-002460,ORG-009,AST-02460,452,24,13,0,39,12,164,16,0.78,Medium,10.0
IAM-002461,ORG-007,AST-02461,305,15,8,24,96,14,25,2,0.45,High,4.8
IAM-002462,ORG-024,AST-02462,300,28,5,11,94,11,137,6,0.49,Medium,3.1
IAM-002463,ORG-018,AST-02463,46,1,1,1,95,1,89,5,0.63,High,3.6
IAM-002464,ORG-010,AST-02464,73,3,3,5,84,0,124,24,0.59,Low,3.7
IAM-002465,ORG-006,AST-02465,370,12,2,34,37,6,138,17,0.39,Medium,7.8
IAM-002466,ORG-009,AST-02466,78,2,1,3,96,1,28,5,0.79,Low,2.5
IAM-002467,ORG-017,AST-02467,106,2,3,2,96,2,96,4,0.81,High,4.1
IAM-002468,ORG-014,AST-02468,199,12,9,12,54,10,64,0,0.71,High,7.3
IAM-002469,ORG-015,AST-02469,280,23,2,7,92,4,97,18,0.65,Medium,3.7
IAM-002470,ORG-018,AST-02470,32,2,0,0,90,0,89,15,0.68,Low,2.5
IAM-002471,ORG-024,AST-02471,50,3,0,1,63,2,35,4,0.34,High,4.6
IAM-002472,ORG-021,AST-02472,350,25,2,24,96,5,76,0,0.42,Medium,1.1
IAM-002473,ORG-023,AST-02473,407,15,18,32,30,6,39,5,0.42,Medium,10
IAM-002474,ORG-015,AST-02474,91,2,3,0,90,0,167,0,0.32,Low,1.7
IAM-002475,ORG-014,AST-02475,411,32,12,40,64,12,47,9,0.66,Medium,6.4
IAM-002476,ORG-013,AST-02476,239,14,5,18,65,13,0,0,0.87,High,6.3
IAM-002477,ORG-011,AST-02477,33,1,1,0,30,0,182,2,0.58,Low,5.4
IAM-002478,ORG-006,AST-02478,368,35,13,14,44,4,59,0,0.42,Medium,6.4
IAM-002479,ORG-020,AST-02479,98,1,2,3,90,1,83,3,0.37,High,4.1
IAM-002480,ORG-019,AST-02480,208,4,3,7,85,2,56,7,0.68,Low,3.6
IAM-002481,ORG-011,AST-02481,208,5,2,14,34,1,185,11,0.87,Low,6.8
IAM-002482,ORG-016,AST-02482,458,13,9,19,39,11,127,23,0.48,High,10
IAM-002483,ORG-023,AST-02483,445,33,19,11,91,6,15,1,0.55,Medium,5.4
IAM-002484,ORG-012,AST-02484,305,10,12,9,85,1,17,3,0.69,Low,3.7
IAM-002485,ORG-007,AST-02485,390,24,8,29,90,0,178,25,0.39,Low,4.5
IAM-002486,ORG-001,AST-02486,52,2,2,5,75,1,70,0,0.55,Low,3.6
IAM-002487,ORG-011,AST-02487,41,4,0,3,46,4,148,2,0.59,High,7.0
IAM-002488,ORG-025,AST-02488,73,1,1,5,43,0,174,21,0.98,Low,5.8
IAM-002489,ORG-008,AST-02489,53,2,0,1,38,0,70,2,0.42,Low,3.9
IAM-002490,ORG-010,AST-02490,372,12,6,7,89,1,34,4,0.51,Low,2.7
IAM-002491,ORG-005,AST-02491,455,4,3,13,67,0,116,18,0.53,Low,4.4
IAM-002492,ORG-015,AST-02492,406,4,7,31,77,3,46,0,0.55,High,4.9
IAM-002493,ORG-019,AST-02493,225,7,11,15,66,0,25,5,0.59,Low,4.9
IAM-002494,ORG-018,AST-02494,96,4,0,2,43,1,131,4,1.0,Low,5.4
IAM-002495,ORG-008,AST-02495,445,1,8,31,35,1,79,6,0.45,High,9.7
IAM-002496,ORG-024,AST-02496,126,1,2,4,50,1,31,6,0.41,High,7.3
IAM-002497,ORG-008,AST-02497,343,28,17,18,37,2,153,7,0.71,Low,8.4
IAM-002498,ORG-013,AST-02498,432,2,20,2,77,2,178,16,0.46,High,9.9
IAM-002499,ORG-023,AST-02499,110,1,2,4,87,0,55,0,0.46,Low,1.6
IAM-002500,ORG-022,AST-02500,327,16,8,30,56,2,57,8,0.41,Low,5.6
IAM-002501,ORG-024,AST-02501,446,32,0,19,87,7,84,4,0.65,Medium,2.0
IAM-002502,ORG-006,AST-02502,403,37,7,23,81,27,157,20,0.53,High,7.1
IAM-002503,ORG-004,AST-02503,474,15,10,13,62,1,114,7,0.75,Low,5.1
IAM-002504,ORG-005,AST-02504,362,29,13,26,85,16,177,16,0.83,High,6.6
IAM-002505,ORG-020,AST-02505,114,3,5,5,75,0,84,5,0.33,Low,2.8
IAM-002506,ORG-003,AST-02506,428,4,17,30,40,1,11,1,0.42,Low,8.5
IAM-002507,ORG-019,AST-02507,342,16,15,17,39,12,24,0,0.94,High,9.4
IAM-002508,ORG-011,AST-02508,339,22,0,16,48,17,47,0,0.47,High,5.8
IAM-002509,ORG-009,AST-02509,314,30,4,25,93,25,93,14,0.42,High,5.5
IAM-002510,ORG-022,AST-02510,23,1,0,0,90,0,10,0,0.74,Low,0.4
IAM-002511,ORG-018,AST-02511,298,6,9,15,50,6,44,8,0.41,High,9.1
IAM-002512,ORG-015,AST-02512,138,1,6,1,53,0,154,17,0.85,Low,5.6
IAM-002513,ORG-016,AST-02513,377,31,0,36,93,17,74,11,0.35,High,3.3
IAM-002514,ORG-011,AST-02514,95,3,0,6,63,3,132,9,0.43,High,6.4
IAM-002515,ORG-002,AST-02515,71,1,1,6,56,1,83,0,1.0,High,5.7
IAM-002516,ORG-022,AST-02516,134,7,1,12,47,4,59,5,0.85,High,6.3
IAM-002517,ORG-005,AST-02517,340,31,9,9,35,18,118,19,0.66,High,10
IAM-002518,ORG-005,AST-02518,402,30,13,32,96,2,121,15,0.86,Low,4.3
IAM-002519,ORG-023,AST-02519,241,5,6,2,95,3,32,2,0.46,High,3.9
IAM-002520,ORG-024,AST-02520,365,24,1,3,76,22,116,9,0.6,High,5.2
IAM-002521,ORG-024,AST-02521,317,23,4,30,69,13,159,15,0.9,High,6.0
IAM-002522,ORG-019,AST-02522,287,26,12,26,42,16,19,1,0.73,High,8.1
IAM-002523,ORG-010,AST-02523,236,22,11,18,98,8,16,1,0.85,Medium,3.6
IAM-002524,ORG-008,AST-02524,14,1,0,0,65,1,36,6,0.79,High,5.8
IAM-002525,ORG-015,AST-02525,247,10,6,16,34,1,7,0,0.46,Low,6.0
IAM-002526,ORG-008,AST-02526,321,29,4,28,54,9,85,15,0.88,Medium,6.5
IAM-002527,ORG-006,AST-02527,421,40,1,30,81,5,50,0,0.31,Medium,2.1
IAM-002528,ORG-003,AST-02528,117,3,3,0,44,3,131,6,0.57,High,7.9
IAM-002529,ORG-010,AST-02529,151,13,0,12,75,1,31,2,0.79,Low,1.9
IAM-002530,ORG-015,AST-02530,91,3,2,4,58,2,183,11,0.67,High,5.9
IAM-002531,ORG-024,AST-02531,405,1,11,10,38,0,62,6,0.87,Low,6.6
IAM-002532,ORG-004,AST-02532,363,19,2,15,63,19,15,1,0.52,High,5.7
IAM-002533,ORG-010,AST-02533,311,16,15,23,90,1,149,4,0.51,Low,3.9
IAM-002534,ORG-017,AST-02534,65,2,1,1,49,0,99,17,0.74,Low,5.6
IAM-002535,ORG-011,AST-02535,361,30,1,30,86,13,69,8,0.71,Medium,3.7
IAM-002536,ORG-018,AST-02536,261,7,3,10,57,1,30,6,0.43,Low,4.6
IAM-002537,ORG-013,AST-02537,382,17,0,0,50,16,146,18,0.7,High,8.0
IAM-002538,ORG-022,AST-02538,293,29,8,21,85,6,168,25,0.8,Medium,5.9
IAM-002539,ORG-008,AST-02539,29,2,0,0,56,1,32,1,0.51,Low,4.6
IAM-002540,ORG-007,AST-02540,28,2,1,2,47,2,2,1,0.5,High,6.9
IAM-002541,ORG-006,AST-02541,373,30,15,6,53,7,100,7,0.42,Medium,7.2
IAM-002542,ORG-022,AST-02542,87,6,4,8,62,4,12,1,0.47,High,5.4
IAM-002543,ORG-018,AST-02543,474,4,10,16,91,1,98,8,0.35,Low,4.2
IAM-002544,ORG-022,AST-02544,292,10,4,12,99,9,111,21,0.88,High,5.2
IAM-002545,ORG-018,AST-02545,50,2,1,3,36,1,78,14,0.58,Low,7.4
IAM-002546,ORG-022,AST-02546,24,1,1,0,46,0,170,34,0.83,Low,7.6
IAM-002547,ORG-003,AST-02547,172,6,3,12,53,3,95,15,0.33,Medium,6.5
IAM-002548,ORG-011,AST-02548,152,3,5,5,53,2,0,0,0.57,High,6.3
IAM-002549,ORG-011,AST-02549,441,41,19,9,53,29,158,23,0.79,High,10
IAM-002550,ORG-001,AST-02550,26,1,1,0,87,1,43,3,0.81,High,4.6
IAM-002551,ORG-018,AST-02551,143,12,7,4,82,5,51,8,0.55,Medium,5.0
IAM-002552,ORG-012,AST-02552,486,39,10,10,86,35,84,8,0.86,High,6.1
IAM-002553,ORG-011,AST-02553,381,15,15,8,39,14,167,28,0.54,High,10
IAM-002554,ORG-010,AST-02554,438,6,18,26,71,1,147,28,0.85,Low,9.2
IAM-002555,ORG-020,AST-02555,294,3,14,3,30,1,154,30,0.44,Low,10
IAM-002556,ORG-024,AST-02556,16,2,0,0,98,1,144,23,0.71,Low,3.6
IAM-002557,ORG-019,AST-02557,485,32,5,48,57,17,22,3,0.8,High,6.1
IAM-002558,ORG-015,AST-02558,133,2,3,1,34,1,137,9,0.75,Low,7.3
IAM-002559,ORG-009,AST-02559,241,10,11,6,51,1,125,9,0.96,Low,6.3
IAM-002560,ORG-025,AST-02560,428,23,3,38,93,23,28,3,0.91,High,4.4
IAM-002561,ORG-009,AST-02561,481,9,23,10,65,6,88,10,0.66,High,9.8
IAM-002562,ORG-023,AST-02562,340,32,17,0,93,20,122,7,0.81,High,6.8
IAM-002563,ORG-005,AST-02563,454,40,5,43,68,9,84,5,0.99,Medium,4.8
IAM-002564,ORG-012,AST-02564,302,23,4,9,61,18,199,31,0.8,High,8.4
IAM-002565,ORG-023,AST-02565,427,13,12,18,73,11,156,14,0.65,High,8.5
IAM-002566,ORG-010,AST-02566,283,27,14,4,84,10,77,10,0.67,Medium,5.6
IAM-002567,ORG-016,AST-02567,206,12,10,7,64,9,68,2,0.69,High,6.7
IAM-002568,ORG-020,AST-02568,358,26,9,18,52,7,155,8,0.63,Medium,6.5
IAM-002569,ORG-019,AST-02569,225,17,8,17,34,17,117,17,0.65,High,10
IAM-002570,ORG-015,AST-02570,295,25,14,13,79,10,74,12,0.39,Medium,7.0
IAM-002571,ORG-001,AST-02571,133,11,3,7,76,1,14,1,0.37,Low,3.0
IAM-002572,ORG-006,AST-02572,175,11,1,10,32,3,85,17,0.92,Medium,7.2
IAM-002573,ORG-021,AST-02573,478,2,14,34,76,2,142,15,0.44,High,8.6
IAM-002574,ORG-006,AST-02574,45,3,1,2,42,1,17,2,0.75,Low,5.6
IAM-002575,ORG-001,AST-02575,248,22,6,23,51,13,198,27,0.37,High,9.2
IAM-002576,ORG-007,AST-02576,151,2,1,6,86,1,153,11,0.42,Low,3.7
IAM-002577,ORG-020,AST-02577,368,17,18,6,57,2,190,25,0.76,Low,9.2
IAM-002578,ORG-002,AST-02578,209,3,8,11,47,0,27,2,0.87,Low,5.6
IAM-002579,ORG-011,AST-02579,413,28,13,15,56,7,6,0,0.57,Medium,6.4
IAM-002580,ORG-024,AST-02580,491,32,11,7,88,27,133,9,0.8,High,6.8
IAM-002581,ORG-015,AST-02581,149,2,3,10,63,0,35,7,0.78,Low,3.3
IAM-002582,ORG-020,AST-02582,363,34,9,21,69,33,176,19,0.94,High,8.7
IAM-002583,ORG-012,AST-02583,217,18,5,13,68,18,69,9,0.81,High,7.1
IAM-002584,ORG-021,AST-02584,140,3,3,11,90,3,143,11,0.45,High,5.8
IAM-002585,ORG-001,AST-02585,319,13,11,23,48,1,58,1,0.55,Low,6.4
IAM-002586,ORG-013,AST-02586,182,3,2,5,95,3,26,2,0.39,High,4.0
IAM-002587,ORG-018,AST-02587,237,3,8,10,40,1,69,0,0.7,Low,6.6
IAM-002588,ORG-008,AST-02588,15,1,0,0,31,1,170,6,0.35,High,7.7
IAM-002589,ORG-025,AST-02589,256,10,10,25,60,9,29,3,0.61,High,7.2
IAM-002590,ORG-001,AST-02590,316,28,13,21,100,1,69,9,0.86,Low,3.9
IAM-002591,ORG-010,AST-02591,282,6,9,12,44,1,142,24,0.34,Low,8.6
IAM-002592,ORG-020,AST-02592,254,22,8,5,37,10,108,11,0.97,Medium,8.0
IAM-002593,ORG-006,AST-02593,441,40,2,23,33,18,103,9,0.85,Medium,7.5
IAM-002594,ORG-025,AST-02594,178,14,4,4,33,12,128,13,0.68,High,9.5
IAM-002595,ORG-015,AST-02595,98,7,3,5,98,1,197,3,0.61,Low,1.6
IAM-002596,ORG-012,AST-02596,483,35,10,45,73,17,83,15,0.59,Medium,6.4
IAM-002597,ORG-011,AST-02597,199,3,3,8,37,1,123,24,0.83,Low,8.1
IAM-002598,ORG-016,AST-02598,198,16,8,10,57,8,81,0,0.96,Medium,5.5
IAM-002599,ORG-005,AST-02599,202,2,9,6,86,0,42,1,0.59,Low,2.7
IAM-002600,ORG-012,AST-02600,124,6,0,9,84,1,113,6,0.45,Low,1.8
IAM-002601,ORG-008,AST-02601,66,6,0,0,30,6,95,0,0.64,High,7.4
IAM-002602,ORG-010,AST-02602,175,9,0,1,97,1,39,5,0.81,Low,0.5
IAM-002603,ORG-025,AST-02603,38,1,1,1,44,1,17,2,0.45,High,7.1
IAM-002604,ORG-020,AST-02604,345,29,17,30,64,23,173,6,0.49,High,9.0
IAM-002605,ORG-022,AST-02605,129,4,3,10,47,3,155,6,0.34,High,6.7
IAM-002606,ORG-005,AST-02606,33,2,1,2,63,1,185,15,0.58,Low,6.0
IAM-002607,ORG-008,AST-02607,488,6,15,40,54,2,62,3,0.96,Low,7.5
IAM-002608,ORG-011,AST-02608,329,1,4,17,52,1,136,15,0.41,High,8.8
IAM-002609,ORG-008,AST-02609,481,42,21,37,34,41,179,15,0.88,High,10
IAM-002610,ORG-003,AST-02610,116,8,1,8,91,8,143,27,0.38,High,6.5
IAM-002611,ORG-022,AST-02611,465,33,3,12,87,13,143,16,0.83,Medium,4.1
IAM-002612,ORG-025,AST-02612,471,35,5,17,30,31,121,2,0.71,High,8.5
IAM-002613,ORG-005,AST-02613,169,14,8,4,93,14,141,28,0.56,High,8.3
IAM-002614,ORG-008,AST-02614,363,30,0,31,32,29,41,8,0.75,High,8.5
IAM-002615,ORG-007,AST-02615,274,22,13,7,59,3,199,2,0.87,Medium,6.2
IAM-002616,ORG-017,AST-02616,396,18,0,36,90,10,69,1,0.45,High,2.9
IAM-002617,ORG-003,AST-02617,451,17,11,24,96,12,127,11,0.79,High,6.1
IAM-002618,ORG-009,AST-02618,171,16,2,6,95,13,62,7,0.75,High,3.5
IAM-002619,ORG-012,AST-02619,44,4,2,4,86,4,166,11,0.73,High,5.6
IAM-002620,ORG-002,AST-02620,129,5,4,8,33,3,34,5,0.52,High,7.8
IAM-002621,ORG-014,AST-02621,310,16,3,3,44,10,106,21,0.34,High,8.5
IAM-002622,ORG-021,AST-02622,216,13,0,15,76,1,44,0,0.59,Low,1.8
IAM-002623,ORG-023,AST-02623,142,4,3,2,77,3,166,10,0.36,High,5.2
IAM-002624,ORG-023,AST-02624,247,19,7,23,30,7,31,6,0.62,Medium,8.1
IAM-002625,ORG-015,AST-02625,144,12,1,0,50,9,130,10,0.65,High,6.4
IAM-002626,ORG-018,AST-02626,229,5,7,7,100,3,140,19,0.99,High,5.1
IAM-002627,ORG-006,AST-02627,203,5,3,15,50,4,99,12,0.65,High,7.4
IAM-002628,ORG-011,AST-02628,169,5,6,11,36,5,179,25,0.86,High,10
IAM-002629,ORG-019,AST-02629,452,11,16,37,71,4,36,1,0.32,Medium,6.4
IAM-002630,ORG-013,AST-02630,78,4,2,3,92,1,169,23,0.83,Low,4.0
IAM-002631,ORG-013,AST-02631,203,2,0,14,69,2,100,7,0.97,High,6.1
IAM-002632,ORG-006,AST-02632,304,25,11,18,66,25,108,4,0.76,High,7.6
IAM-002633,ORG-012,AST-02633,135,6,2,4,95,5,15,0,0.37,High,3.3
IAM-002634,ORG-022,AST-02634,293,26,13,12,37,25,20,0,0.9,High,9.2
IAM-002635,ORG-019,AST-02635,35,3,1,0,32,3,32,2,0.9,High,7.9
IAM-002636,ORG-011,AST-02636,9,2,0,0,32,1,152,18,0.58,Low,8.2
IAM-002637,ORG-015,AST-02637,271,14,4,17,97,9,162,6,0.83,High,3.3
IAM-002638,ORG-019,AST-02638,317,28,11,11,88,25,62,2,0.62,High,5.9
IAM-002639,ORG-019,AST-02639,308,16,8,9,65,8,178,5,0.78,Medium,5.7
IAM-002640,ORG-002,AST-02640,289,5,0,12,71,3,73,8,0.69,High,4.7
IAM-002641,ORG-007,AST-02641,18,2,0,1,79,1,173,23,0.8,Low,5.1
IAM-002642,ORG-012,AST-02642,298,25,7,10,93,23,128,14,0.95,High,6.3
IAM-002643,ORG-006,AST-02643,162,1,3,5,93,0,136,0,0.51,Low,1.2
IAM-002644,ORG-012,AST-02644,81,8,4,8,36,0,102,0,0.4,Low,5.1
IAM-002645,ORG-013,AST-02645,87,8,3,4,55,4,30,0,0.93,Medium,5.0
IAM-002646,ORG-018,AST-02646,379,7,2,0,50,3,183,21,0.61,Medium,6.7
IAM-002647,ORG-025,AST-02647,129,4,5,8,58,4,87,4,0.6,High,6.9
IAM-002648,ORG-013,AST-02648,450,32,12,20,40,25,41,8,0.78,High,9.6
IAM-002649,ORG-019,AST-02649,160,15,0,2,49,12,178,11,0.4,High,6.6
IAM-002650,ORG-010,AST-02650,273,16,8,0,67,2,163,26,0.49,Low,7.2
IAM-002651,ORG-002,AST-02651,430,8,2,10,43,1,164,2,0.34,Low,4.5
IAM-002652,ORG-021,AST-02652,288,24,6,26,80,16,174,0,0.56,High,4.1
IAM-002653,ORG-008,AST-02653,240,19,8,18,64,6,12,1,0.52,Medium,5.1
IAM-002654,ORG-013,AST-02654,289,9,1,1,52,4,129,21,0.51,Medium,6.7
IAM-002655,ORG-009,AST-02655,161,15,7,3,36,10,131,13,0.64,High,8.6
IAM-002656,ORG-025,AST-02656,200,9,7,15,48,4,121,6,0.6,Medium,6.6
IAM-002657,ORG-024,AST-02657,435,29,5,19,83,0,83,11,0.77,Low,3.7
IAM-002658,ORG-014,AST-02658,90,7,2,9,80,3,59,3,0.4,Medium,3.8
IAM-002659,ORG-022,AST-02659,68,1,0,0,93,0,120,1,0.5,Low,0.2
IAM-002660,ORG-025,AST-02660,405,12,1,6,82,11,108,9,0.82,High,4.6
IAM-002661,ORG-003,AST-02661,246,20,2,5,39,0,142,0,0.73,Low,4.8
IAM-002662,ORG-015,AST-02662,252,18,6,4,65,0,118,19,0.42,Low,5.8
IAM-002663,ORG-007,AST-02663,222,4,11,4,49,4,67,6,0.39,High,9.0
IAM-002664,ORG-019,AST-02664,31,2,1,0,66,2,199,10,0.67,High,6.7
IAM-002665,ORG-016,AST-02665,413,22,13,3,99,22,26,5,0.69,High,5.9
IAM-002666,ORG-002,AST-02666,15,1,0,0,98,0,110,7,0.93,Low,0.6
IAM-002667,ORG-001,AST-02667,388,7,18,15,62,0,106,7,0.79,Low,6.5
IAM-002668,ORG-022,AST-02668,86,3,1,3,46,3,111,12,0.78,High,7.8
IAM-002669,ORG-023,AST-02669,209,20,9,13,70,1,132,13,0.44,Low,5.3
IAM-002670,ORG-024,AST-02670,58,4,2,4,38,4,90,10,0.69,High,8.1
IAM-002671,ORG-020,AST-02671,400,37,10,9,39,11,134,3,0.99,Medium,7.6
IAM-002672,ORG-008,AST-02672,31,1,1,3,66,1,149,19,0.32,High,7.0
IAM-002673,ORG-010,AST-02673,11,2,0,1,70,0,172,33,0.46,Low,5.3
IAM-002674,ORG-010,AST-02674,53,4,1,0,37,4,155,8,0.89,High,8.1
IAM-002675,ORG-017,AST-02675,364,3,10,11,93,1,11,0,0.3,Low,3.7
IAM-002676,ORG-006,AST-02676,144,11,2,7,68,9,92,0,0.74,High,4.8
IAM-002677,ORG-007,AST-02677,39,1,1,3,33,1,19,3,0.51,High,7.7
IAM-002678,ORG-006,AST-02678,340,5,4,34,65,0,150,9,0.44,Low,3.6
IAM-002679,ORG-008,AST-02679,6,2,0,0,41,0,89,16,0.39,Low,5.1
IAM-002680,ORG-024,AST-02680,477,29,2,30,56,21,75,4,0.75,High,6.0
IAM-002681,ORG-013,AST-02681,68,4,3,6,91,0,167,29,0.98,Low,3.9
IAM-002682,ORG-017,AST-02682,338,1,5,30,46,1,97,18,0.45,High,9.6
IAM-002683,ORG-006,AST-02683,332,20,10,11,85,18,99,15,0.33,High,7.7
IAM-002684,ORG-001,AST-02684,267,3,9,6,72,0,115,18,0.33,Low,5.7
IAM-002685,ORG-012,AST-02685,140,5,3,1,93,4,10,2,0.86,High,3.4
IAM-002686,ORG-024,AST-02686,269,4,12,1,67,4,56,4,0.42,High,8.0
IAM-002687,ORG-022,AST-02687,303,25,4,3,88,8,165,24,0.79,Medium,4.5
IAM-002688,ORG-001,AST-02688,69,2,3,0,74,0,77,0,0.54,Low,2.8
IAM-002689,ORG-015,AST-02689,119,2,4,8,53,0,144,12,0.69,Low,5.5
IAM-002690,ORG-001,AST-02690,24,1,1,1,60,1,14,2,0.32,High,5.8
IAM-002691,ORG-001,AST-02691,217,13,8,20,54,0,138,14,0.4,Low,5.8
IAM-002692,ORG-007,AST-02692,338,28,16,7,54,1,185,2,0.57,Low,6.5
IAM-002693,ORG-023,AST-02693,63,2,0,6,61,2,98,16,0.46,High,7.7
IAM-002694,ORG-003,AST-02694,320,20,4,8,79,5,69,10,0.9,Medium,3.9
IAM-002695,ORG-022,AST-02695,300,15,0,6,46,14,113,8,0.44,High,7.4
IAM-002696,ORG-007,AST-02696,410,37,17,3,72,25,139,15,0.3,High,9.0
IAM-002697,ORG-004,AST-02697,77,5,1,6,83,2,102,4,0.6,Low,3.0
IAM-002698,ORG-013,AST-02698,26,2,0,0,33,0,60,9,0.74,Low,5.4
IAM-002699,ORG-016,AST-02699,186,2,8,2,88,0,65,11,0.4,Low,3.7
IAM-002700,ORG-024,AST-02700,224,16,7,6,41,9,130,22,0.95,High,9.1
IAM-002701,ORG-008,AST-02701,186,3,8,4,90,1,49,0,0.97,Low,3.5
IAM-002702,ORG-006,AST-02702,462,28,22,28,83,5,153,0,0.83,Medium,6.2
IAM-002703,ORG-019,AST-02703,136,5,3,7,64,0,146,26,0.36,Low,5.7
IAM-002704,ORG-011,AST-02704,67,6,2,5,70,6,113,6,0.98,High,5.7
IAM-002705,ORG-008,AST-02705,249,9,9,23,68,2,26,1,0.38,Low,4.3
IAM-002706,ORG-019,AST-02706,381,4,16,15,71,3,99,0,0.57,High,7.6
IAM-002707,ORG-019,AST-02707,102,7,2,10,69,6,27,2,0.37,High,5.3
IAM-002708,ORG-013,AST-02708,163,5,6,10,86,2,0,1,0.65,Low,3.5
IAM-002709,ORG-010,AST-02709,209,17,7,20,67,12,109,17,0.5,High,7.1
IAM-002710,ORG-008,AST-02710,404,18,13,18,96,10,187,35,0.71,High,7.7
IAM-002711,ORG-011,AST-02711,116,8,3,2,69,5,78,7,0.88,High,4.8
IAM-002712,ORG-019,AST-02712,467,31,14,41,31,30,5,0,0.52,High,10
IAM-002713,ORG-023,AST-02713,425,32,13,22,45,8,23,2,0.64,Medium,6.7
IAM-002714,ORG-014,AST-02714,214,4,5,16,41,4,70,9,0.92,High,8.5
IAM-002715,ORG-001,AST-02715,114,6,2,1,66,6,17,1,0.89,High,5.5
IAM-002716,ORG-021,AST-02716,469,35,17,20,87,30,37,3,0.65,High,6.7
IAM-002717,ORG-011,AST-02717,150,13,7,10,91,9,2,0,0.66,High,4.6
IAM-002718,ORG-016,AST-02718,498,44,17,29,41,42,30,4,0.45,High,10
IAM-002719,ORG-002,AST-02719,92,8,3,3,74,0,76,1,0.63,Low,2.0
IAM-002720,ORG-006,AST-02720,32,3,0,2,71,3,80,12,0.76,High,6.4
IAM-002721,ORG-003,AST-02721,112,11,1,11,64,8,96,18,0.39,High,6.5
IAM-002722,ORG-017,AST-02722,129,11,1,8,42,8,132,9,0.6,High,7.5
IAM-002723,ORG-021,AST-02723,149,1,5,7,51,0,74,4,0.64,Low,4.6
IAM-002724,ORG-008,AST-02724,352,35,7,15,39,5,57,2,0.75,Medium,6.5
IAM-002725,ORG-006,AST-02725,362,10,14,27,57,9,75,3,0.67,High,8.3
IAM-002726,ORG-006,AST-02726,123,2,6,0,82,2,68,7,0.45,High,5.7
IAM-002727,ORG-002,AST-02727,312,5,15,17,75,1,108,4,0.32,Low,6.1
IAM-002728,ORG-001,AST-02728,396,36,8,19,75,36,161,27,0.65,High,8.9
IAM-002729,ORG-007,AST-02729,194,4,0,3,67,4,123,12,0.87,High,6.2
IAM-002730,ORG-006,AST-02730,26,2,0,0,69,0,23,4,0.7,Low,2.4
IAM-002731,ORG-010,AST-02731,128,4,3,4,34,2,174,0,0.89,Low,6.8
IAM-002732,ORG-022,AST-02732,252,20,3,16,35,4,4,0,0.85,Medium,5.7
IAM-002733,ORG-019,AST-02733,61,1,1,0,56,0,12,2,0.76,Low,3.4
IAM-002734,ORG-015,AST-02734,340,2,13,31,83,1,40,1,0.63,Low,4.9
IAM-002735,ORG-024,AST-02735,495,25,13,20,56,4,1,0,0.8,Medium,5.7
IAM-002736,ORG-006,AST-02736,208,2,8,17,74,2,191,35,0.81,High,10
IAM-002737,ORG-011,AST-02737,45,2,0,4,72,0,96,7,0.79,Low,2.8
IAM-002738,ORG-010,AST-02738,280,25,8,20,35,22,104,9,0.79,High,9.3
IAM-002739,ORG-025,AST-02739,111,3,4,3,79,0,3,1,0.4,Low,2.1
IAM-002740,ORG-025,AST-02740,266,22,3,3,94,4,134,6,0.82,Medium,2.0
IAM-002741,ORG-014,AST-02741,420,21,2,18,51,0,190,19,0.44,Low,5.4
IAM-002742,ORG-007,AST-02742,121,2,4,4,93,0,79,4,0.87,Low,1.5
IAM-002743,ORG-001,AST-02743,121,12,6,6,82,3,116,19,0.76,Medium,4.7
IAM-002744,ORG-006,AST-02744,257,2,11,7,83,0,200,7,0.93,Low,4.0
IAM-002745,ORG-022,AST-02745,124,11,6,12,63,11,197,13,0.47,High,8.1
IAM-002746,ORG-015,AST-02746,198,16,9,16,35,11,14,2,0.63,High,8.4
IAM-002747,ORG-025,AST-02747,173,4,8,17,31,1,127,4,0.8,Low,7.4
IAM-002748,ORG-015,AST-02748,149,11,6,5,67,2,80,0,0.86,Low,4.3
IAM-002749,ORG-005,AST-02749,301,22,15,2,48,5,103,2,0.42,Medium,7.4
IAM-002750,ORG-014,AST-02750,195,19,4,15,83,3,47,4,0.48,Medium,2.4
IAM-002751,ORG-022,AST-02751,126,12,3,5,72,4,62,1,0.86,Medium,4.0
IAM-002752,ORG-019,AST-02752,215,11,6,8,35,4,120,18,0.68,Medium,8.1
IAM-002753,ORG-007,AST-02753,486,21,0,28,36,11,175,24,0.79,High,8.0
IAM-002754,ORG-001,AST-02754,429,24,2,20,31,8,39,1,0.85,Medium,6.5
IAM-002755,ORG-021,AST-02755,221,15,9,18,30,11,64,12,0.8,High,10
IAM-002756,ORG-003,AST-02756,90,5,1,3,44,1,13,1,0.32,Low,4.5
IAM-002757,ORG-023,AST-02757,378,17,11,21,33,6,185,22,0.44,Medium,9.7
IAM-002758,ORG-025,AST-02758,14,1,0,0,68,1,178,29,0.55,High,7.8
IAM-002759,ORG-024,AST-02759,48,4,0,4,46,0,161,30,0.66,Low,6.7
IAM-002760,ORG-014,AST-02760,281,18,8,22,44,18,4,1,0.91,High,8.7
IAM-002761,ORG-004,AST-02761,23,2,0,0,52,0,165,27,0.78,Low,5.6
IAM-002762,ORG-016,AST-02762,302,28,11,24,87,13,1,1,0.94,Medium,4.7
IAM-002763,ORG-023,AST-02763,447,42,10,25,49,10,49,9,0.85,Medium,6.8
IAM-002764,ORG-007,AST-02764,441,28,12,1,41,8,85,9,0.87,Medium,8.2
IAM-002765,ORG-013,AST-02765,421,34,2,4,56,16,43,7,0.87,Medium,5.3
IAM-002766,ORG-010,AST-02766,300,6,1,10,71,2,35,6,0.51,Low,3.9
IAM-002767,ORG-022,AST-02767,452,33,22,44,67,23,75,10,0.73,High,9.3
IAM-002768,ORG-024,AST-02768,421,24,13,11,85,0,168,32,0.41,Low,6.9
IAM-002769,ORG-003,AST-02769,489,26,15,39,38,16,163,13,0.52,High,10
IAM-002770,ORG-014,AST-02770,220,9,11,10,87,2,147,3,0.92,Low,4.5
IAM-002771,ORG-013,AST-02771,142,4,7,1,32,1,168,14,0.86,Low,8.0
IAM-002772,ORG-011,AST-02772,461,38,22,29,69,6,42,2,0.94,Medium,7.0
IAM-002773,ORG-008,AST-02773,304,16,11,18,92,8,199,18,0.76,Medium,6.5
IAM-002774,ORG-015,AST-02774,7,1,0,0,31,1,85,16,0.58,High,8.8
IAM-002775,ORG-014,AST-02775,280,14,4,6,82,4,135,13,1.0,Medium,4.5
IAM-002776,ORG-002,AST-02776,410,17,8,35,79,0,47,4,0.46,Low,3.0
IAM-002777,ORG-001,AST-02777,286,2,8,3,79,0,91,18,0.31,Low,4.8
IAM-002778,ORG-015,AST-02778,19,1,0,0,56,1,118,22,0.42,High,7.9
IAM-002779,ORG-009,AST-02779,190,8,2,12,82,2,0,0,0.69,Low,2.6
IAM-002780,ORG-019,AST-02780,153,8,1,0,35,1,150,6,0.97,Low,5.7
IAM-002781,ORG-002,AST-02781,422,20,13,9,47,16,69,0,0.87,High,8.6
IAM-002782,ORG-009,AST-02782,140,12,0,13,70,1,28,2,0.81,Low,2.3
IAM-002783,ORG-013,AST-02783,92,6,4,5,41,3,159,3,0.31,Medium,6.1
IAM-002784,ORG-002,AST-02784,459,10,8,10,83,4,107,16,0.49,Medium,5.1
IAM-002785,ORG-009,AST-02785,326,17,10,16,64,8,4,1,0.93,Medium,5.9
IAM-002786,ORG-008,AST-02786,260,1,7,21,60,0,185,12,0.64,Low,5.6
IAM-002787,ORG-023,AST-02787,364,33,13,27,99,12,150,5,0.41,Medium,4.7
IAM-002788,ORG-022,AST-02788,419,32,12,33,50,29,101,12,0.64,High,9.3
IAM-002789,ORG-011,AST-02789,189,16,2,3,61,1,146,25,0.89,Low,5.4
IAM-002790,ORG-006,AST-02790,82,8,4,2,32,8,200,33,0.49,High,10
IAM-002791,ORG-019,AST-02791,312,20,2,24,45,20,77,5,0.59,High,7.5
IAM-002792,ORG-010,AST-02792,139,2,4,13,80,0,41,1,0.75,Low,2.0
IAM-002793,ORG-008,AST-02793,16,1,0,1,31,0,16,0,0.3,Low,4.9
IAM-002794,ORG-008,AST-02794,95,5,3,5,37,1,55,1,0.34,Low,5.4
IAM-002795,ORG-014,AST-02795,303,8,7,8,42,6,19,0,0.68,High,7.7
IAM-002796,ORG-006,AST-02796,384,27,18,6,47,9,108,3,0.9,Medium,8.5
IAM-002797,ORG-015,AST-02797,208,9,5,10,49,1,187,24,0.65,Low,7.3
IAM-002798,ORG-008,AST-02798,232,17,0,11,65,5,77,14,0.31,Medium,4.6
IAM-002799,ORG-015,AST-02799,408,2,14,14,79,2,40,7,0.84,High,7.8
IAM-002800,ORG-009,AST-02800,164,11,1,3,86,1,10,2,0.92,Low,1.7
IAM-002801,ORG-025,AST-02801,272,26,13,25,54,21,145,1,0.88,High,8.1
IAM-002802,ORG-016,AST-02802,101,1,3,5,60,1,45,4,0.97,High,6.8
IAM-002803,ORG-019,AST-02803,500,13,5,4,35,2,21,4,0.8,Low,5.7
IAM-002804,ORG-005,AST-02804,307,6,6,27,94,6,108,19,0.93,High,6.1
IAM-002805,ORG-023,AST-02805,108,1,3,8,98,0,194,5,0.45,Low,1.3
IAM-002806,ORG-006,AST-02806,32,2,1,0,91,0,8,1,0.81,Low,1.4
IAM-002807,ORG-007,AST-02807,121,3,1,0,94,2,89,13,0.78,High,3.9
IAM-002808,ORG-013,AST-02808,358,18,13,0,67,14,155,8,0.68,High,7.9
IAM-002809,ORG-021,AST-02809,471,18,20,10,36,10,147,8,0.36,High,10
IAM-002810,ORG-024,AST-02810,100,7,2,9,37,6,101,9,0.6,High,8.5
IAM-002811,ORG-004,AST-02811,352,32,9,9,95,28,76,8,0.7,High,5.8
IAM-002812,ORG-012,AST-02812,65,6,2,6,74,1,78,2,0.32,Low,2.4
IAM-002813,ORG-017,AST-02813,336,33,11,27,88,17,65,7,0.6,High,5.4
IAM-002814,ORG-016,AST-02814,210,1,0,11,79,1,188,35,0.52,High,8.2
IAM-002815,ORG-017,AST-02815,415,16,11,40,99,4,61,3,0.84,Medium,3.7
IAM-002816,ORG-006,AST-02816,124,8,0,0,91,2,165,21,0.52,Low,3.5
IAM-002817,ORG-015,AST-02817,198,9,9,17,77,1,24,1,0.91,Low,3.5
IAM-002818,ORG-012,AST-02818,146,6,7,13,37,4,25,2,0.85,High,7.4
IAM-002819,ORG-025,AST-02819,304,17,2,5,44,13,69,6,0.82,High,6.9
IAM-002820,ORG-015,AST-02820,174,7,2,10,35,3,126,1,0.85,Medium,5.8
IAM-002821,ORG-010,AST-02821,35,3,1,0,74,3,153,28,0.63,High,7.4
IAM-002822,ORG-016,AST-02822,368,19,2,8,78,11,124,23,0.89,High,6.1
IAM-002823,ORG-003,AST-02823,255,22,3,15,93,21,128,23,0.32,High,6.6
IAM-002824,ORG-020,AST-02824,266,13,3,8,84,4,104,5,0.62,Medium,3.3
IAM-002825,ORG-003,AST-02825,54,4,2,3,58,4,32,1,0.49,High,6.7
IAM-002826,ORG-022,AST-02826,73,7,2,2,60,0,135,21,0.52,Low,5.0
IAM-002827,ORG-013,AST-02827,173,1,2,9,81,1,48,9,0.77,High,5.5
IAM-002828,ORG-004,AST-02828,144,10,3,9,91,8,161,28,0.39,High,6.5
IAM-002829,ORG-016,AST-02829,177,17,0,11,67,11,131,2,0.38,High,4.7
IAM-002830,ORG-019,AST-02830,248,11,7,18,95,3,54,7,0.84,Medium,3.6
IAM-002831,ORG-010,AST-02831,395,24,5,2,62,19,111,6,0.54,High,7.0
IAM-002832,ORG-017,AST-02832,79,6,0,2,84,6,11,2,0.6,High,4.4
IAM-002833,ORG-015,AST-02833,426,9,15,23,76,8,73,11,0.89,High,8.7
IAM-002834,ORG-021,AST-02834,261,12,2,0,89,10,196,9,0.55,High,4.5
IAM-002835,ORG-012,AST-02835,74,2,3,0,82,2,164,32,0.35,High,7.5
IAM-002836,ORG-002,AST-02836,25,2,0,0,78,0,187,13,0.95,Low,3.1
IAM-002837,ORG-013,AST-02837,6,1,0,0,99,0,177,7,0.92,Low,1.0
IAM-002838,ORG-007,AST-02838,225,21,3,11,47,15,52,10,0.37,High,7.1
IAM-002839,ORG-007,AST-02839,427,20,8,28,94,3,79,15,0.56,Medium,4.0
IAM-002840,ORG-021,AST-02840,380,3,19,23,75,2,165,18,0.67,High,9.6
IAM-002841,ORG-021,AST-02841,104,2,3,7,100,0,33,0,0.82,Low,0.5
IAM-002842,ORG-024,AST-02842,371,20,13,37,30,3,172,31,0.59,Medium,10
IAM-002843,ORG-004,AST-02843,132,13,4,7,34,6,63,3,0.62,Medium,7.0
IAM-002844,ORG-016,AST-02844,77,1,3,3,98,0,69,7,0.49,Low,1.3
IAM-002845,ORG-013,AST-02845,337,11,0,16,67,8,8,1,0.51,High,4.7
IAM-002846,ORG-009,AST-02846,275,6,5,21,47,6,155,30,0.31,High,10
IAM-002847,ORG-021,AST-02847,125,1,2,2,59,0,7,0,0.56,Low,3.2
IAM-002848,ORG-005,AST-02848,357,12,12,24,58,4,188,37,0.65,Medium,9.7
IAM-002849,ORG-004,AST-02849,6,2,0,0,40,2,90,6,0.34,High,7.1
IAM-002850,ORG-006,AST-02850,403,32,16,30,35,30,183,6,0.51,High,10
IAM-002851,ORG-002,AST-02851,270,26,12,8,59,12,186,17,0.68,Medium,8.6
IAM-002852,ORG-001,AST-02852,340,17,5,13,52,9,176,10,0.84,High,7.2
IAM-002853,ORG-008,AST-02853,98,3,0,3,37,3,110,22,0.72,High,9.2
IAM-002854,ORG-012,AST-02854,295,21,1,10,56,7,96,16,0.68,Medium,6.0
IAM-002855,ORG-002,AST-02855,436,35,10,32,52,11,53,3,0.51,Medium,6.0
IAM-002856,ORG-005,AST-02856,311,24,9,8,64,2,86,17,0.4,Low,6.4
IAM-002857,ORG-003,AST-02857,135,2,6,6,46,2,82,0,0.33,High,7.7
IAM-002858,ORG-012,AST-02858,43,4,0,3,61,3,81,7,0.92,High,5.1
IAM-002859,ORG-019,AST-02859,279,7,4,0,97,5,168,16,0.72,High,4.3
IAM-002860,ORG-024,AST-02860,118,8,0,11,31,3,109,20,0.33,Medium,7.8
IAM-002861,ORG-002,AST-02861,40,1,1,3,67,1,59,3,0.61,High,6.2
IAM-002862,ORG-014,AST-02862,304,22,15,25,81,16,78,14,0.6,High,8.1
IAM-002863,ORG-023,AST-02863,412,21,18,37,91,1,63,12,0.67,Low,5.7
IAM-002864,ORG-004,AST-02864,207,9,0,13,66,0,195,11,0.33,Low,2.9
IAM-002865,ORG-002,AST-02865,140,10,4,10,74,5,190,15,0.43,Medium,5.2
IAM-002866,ORG-025,AST-02866,75,3,1,6,46,3,50,5,0.37,High,7.3
IAM-002867,ORG-014,AST-02867,438,12,15,37,56,8,15,1,0.95,High,8.2
IAM-002868,ORG-002,AST-02868,230,20,11,22,64,3,120,5,0.7,Medium,5.7
IAM-002869,ORG-019,AST-02869,329,32,9,13,89,22,190,24,0.56,High,7.2
IAM-002870,ORG-017,AST-02870,453,26,20,34,87,19,180,1,0.49,High,6.8
IAM-002871,ORG-012,AST-02871,163,10,0,5,75,6,10,0,0.52,High,3.9
IAM-002872,ORG-016,AST-02872,236,8,11,4,92,5,156,15,0.36,High,6.5
IAM-002873,ORG-005,AST-02873,462,16,5,31,96,13,190,22,0.43,High,5.4
IAM-002874,ORG-020,AST-02874,66,2,1,6,41,2,175,19,0.79,High,9.4
IAM-002875,ORG-019,AST-02875,52,5,2,3,65,2,148,6,0.79,Low,4.4
IAM-002876,ORG-019,AST-02876,491,27,18,26,31,16,155,0,0.78,High,9.6
IAM-002877,ORG-021,AST-02877,262,5,10,22,41,0,28,2,0.55,Low,6.2
IAM-002878,ORG-025,AST-02878,116,11,2,8,68,3,176,4,0.82,Medium,3.7
IAM-002879,ORG-007,AST-02879,303,13,15,28,37,8,110,21,0.47,High,10
IAM-002880,ORG-010,AST-02880,61,1,1,4,59,1,83,9,0.78,High,6.8
IAM-002881,ORG-015,AST-02881,141,8,5,14,68,0,11,1,0.76,Low,3.4
IAM-002882,ORG-003,AST-02882,136,5,3,13,71,4,143,8,0.94,High,5.3
IAM-002883,ORG-002,AST-02883,261,15,0,7,64,13,1,1,0.35,High,4.7
IAM-002884,ORG-016,AST-02884,199,17,1,8,53,3,106,20,0.87,Medium,5.9
IAM-002885,ORG-024,AST-02885,130,5,0,3,91,2,88,11,0.63,Low,2.8
IAM-002886,ORG-023,AST-02886,422,26,14,26,31,22,167,4,0.5,High,9.9
IAM-002887,ORG-003,AST-02887,203,13,7,16,54,6,200,37,0.78,Medium,9.7
IAM-002888,ORG-006,AST-02888,125,6,5,3,38,5,115,13,0.56,High,9.1
IAM-002889,ORG-020,AST-02889,474,3,5,2,70,1,84,6,0.91,Low,4.8
IAM-002890,ORG-021,AST-02890,372,25,3,20,49,10,146,6,0.41,Medium,5.7
IAM-002891,ORG-017,AST-02891,498,28,14,21,69,12,22,1,0.76,Medium,5.8
IAM-002892,ORG-007,AST-02892,446,18,5,32,93,10,100,15,0.64,High,4.5
IAM-002893,ORG-020,AST-02893,42,2,2,2,40,2,16,1,0.71,High,7.5
IAM-002894,ORG-008,AST-02894,262,11,4,26,37,1,40,0,0.91,Low,5.7
IAM-002895,ORG-017,AST-02895,382,16,17,18,46,0,41,1,0.44,Low,7.3
IAM-002896,ORG-023,AST-02896,233,13,7,5,37,12,109,6,0.75,High,8.5
IAM-002897,ORG-025,AST-02897,400,22,18,6,37,11,101,12,0.49,Medium,10
IAM-002898,ORG-016,AST-02898,348,1,4,6,76,1,170,17,0.38,High,7.1
IAM-002899,ORG-023,AST-02899,207,8,7,17,49,2,114,10,0.37,Low,6.1
IAM-002900,ORG-025,AST-02900,276,6,10,6,77,6,69,8,0.38,High,7.7
IAM-002901,ORG-008,AST-02901,482,6,3,23,99,6,156,10,0.45,High,4.5
IAM-002902,ORG-010,AST-02902,154,4,1,2,63,0,136,2,0.92,Low,3.3
IAM-002903,ORG-009,AST-02903,233,23,8,2,73,15,46,1,0.7,High,5.7
IAM-002904,ORG-013,AST-02904,481,36,10,14,66,36,80,15,0.74,High,8.7
IAM-002905,ORG-001,AST-02905,215,9,8,8,82,0,147,15,0.53,Low,3.9
IAM-002906,ORG-005,AST-02906,131,7,2,7,52,0,108,21,0.5,Low,5.8
IAM-002907,ORG-012,AST-02907,148,8,2,12,99,5,92,7,0.86,High,3.0
IAM-002908,ORG-007,AST-02908,126,4,6,8,68,4,30,5,0.51,High,6.5
IAM-002909,ORG-013,AST-02909,354,33,13,30,69,19,153,27,0.36,High,8.8
IAM-002910,ORG-001,AST-02910,133,12,3,0,95,5,85,12,0.59,Medium,3.3
IAM-002911,ORG-011,AST-02911,69,3,2,5,85,3,189,22,0.63,High,6.5
IAM-002912,ORG-006,AST-02912,493,49,9,24,86,36,149,6,0.6,High,5.0
IAM-002913,ORG-011,AST-02913,309,23,15,30,50,6,189,35,0.52,Medium,10
IAM-002914,ORG-002,AST-02914,248,12,12,24,91,3,165,0,0.86,Medium,3.8
IAM-002915,ORG-012,AST-02915,70,3,1,3,79,0,60,0,0.79,Low,1.3
IAM-002916,ORG-017,AST-02916,137,1,5,6,50,1,199,23,0.52,High,9.6
IAM-002917,ORG-020,AST-02917,8,2,0,0,50,1,53,7,0.73,Low,5.1
IAM-002918,ORG-017,AST-02918,278,1,4,21,61,1,47,7,0.68,High,7.6
IAM-002919,ORG-014,AST-02919,27,2,1,1,95,1,198,20,0.44,Low,3.6
IAM-002920,ORG-012,AST-02920,322,8,15,22,80,7,34,3,0.42,High,7.3
IAM-002921,ORG-014,AST-02921,9,1,0,0,40,0,9,0,0.75,Low,4.3
IAM-002922,ORG-023,AST-02922,486,42,8,42,36,4,192,24,0.41,Medium,8.7
IAM-002923,ORG-021,AST-02923,179,7,7,15,56,3,194,2,0.49,Medium,5.9
IAM-002924,ORG-001,AST-02924,276,24,6,9,42,7,61,9,0.62,Medium,6.4
IAM-002925,ORG-019,AST-02925,491,37,5,16,76,7,128,25,0.85,Medium,6.0
IAM-002926,ORG-013,AST-02926,159,11,7,2,31,7,126,20,0.69,High,10
IAM-002927,ORG-009,AST-02927,56,1,0,2,31,0,14,1,0.77,Low,4.7
IAM-002928,ORG-024,AST-02928,187,9,9,17,88,0,83,11,0.31,Low,4.2
IAM-002929,ORG-024,AST-02929,234,13,11,15,87,3,96,7,0.42,Medium,4.4
IAM-002930,ORG-025,AST-02930,273,13,4,17,71,13,103,19,0.68,High,8.0
IAM-002931,ORG-023,AST-02931,500,38,17,49,100,15,99,13,0.95,Medium,5.8
IAM-002932,ORG-016,AST-02932,392,37,17,10,57,17,195,22,0.79,Medium,10
IAM-002933,ORG-012,AST-02933,68,1,3,5,59,1,54,2,0.49,High,6.8
IAM-002934,ORG-022,AST-02934,130,7,1,12,57,4,99,7,0.53,High,5.4
IAM-002935,ORG-017,AST-02935,313,23,0,4,34,9,53,7,0.87,Medium,5.9
IAM-002936,ORG-016,AST-02936,276,17,6,3,100,11,11,1,0.97,High,2.9
IAM-002937,ORG-020,AST-02937,141,2,2,3,38,1,153,22,0.52,Low,8.5
IAM-002938,ORG-013,AST-02938,154,4,4,13,34,1,193,17,0.92,Low,7.9
IAM-002939,ORG-017,AST-02939,413,16,9,0,38,0,109,2,0.81,Low,5.7
IAM-002940,ORG-025,AST-02940,500,7,11,32,93,1,112,6,0.56,Low,3.8
IAM-002941,ORG-001,AST-02941,57,2,0,0,94,1,164,6,0.36,Low,2.1
IAM-002942,ORG-015,AST-02942,327,2,14,28,99,1,163,14,0.6,Low,5.9
IAM-002943,ORG-012,AST-02943,171,3,2,8,67,1,183,33,0.91,Low,6.8
IAM-002944,ORG-015,AST-02944,190,14,6,11,80,14,29,3,0.43,High,5.9
IAM-002945,ORG-024,AST-02945,339,14,10,12,63,9,137,4,0.73,High,7.2
IAM-002946,ORG-018,AST-02946,305,25,1,0,47,22,32,5,0.59,High,6.4
IAM-002947,ORG-001,AST-02947,230,16,0,8,94,11,127,7,0.63,High,2.8
IAM-002948,ORG-018,AST-02948,475,8,23,29,59,4,16,2,0.79,Medium,8.9
IAM-002949,ORG-013,AST-02949,164,3,0,10,33,0,85,9,0.34,Low,5.8
IAM-002950,ORG-016,AST-02950,497,7,1,42,49,0,99,15,0.85,Low,5.3
IAM-002951,ORG-024,AST-02951,252,18,9,16,96,14,144,26,0.82,High,7.5
IAM-002952,ORG-005,AST-02952,398,38,13,17,45,38,142,18,0.88,High,10
IAM-002953,ORG-016,AST-02953,473,11,12,31,89,4,7,1,0.46,Medium,4.6
IAM-002954,ORG-003,AST-02954,121,3,4,9,89,2,67,1,0.37,High,3.2
IAM-002955,ORG-018,AST-02955,222,2,11,20,42,2,34,4,0.85,High,9.0
IAM-002956,ORG-017,AST-02956,293,23,0,22,70,15,61,1,0.45,High,3.9
IAM-002957,ORG-023,AST-02957,388,4,19,0,49,0,48,8,0.57,Low,7.6
IAM-002958,ORG-004,AST-02958,325,15,16,26,36,6,190,37,0.52,Medium,10
IAM-002959,ORG-017,AST-02959,228,7,4,22,46,0,109,10,0.57,Low,4.9
IAM-002960,ORG-002,AST-02960,21,1,0,0,86,0,82,15,0.71,Low,2.6
IAM-002961,ORG-019,AST-02961,135,2,2,8,80,0,140,1,0.87,Low,1.7
IAM-002962,ORG-017,AST-02962,18,1,0,0,97,1,30,2,0.59,High,3.2
IAM-002963,ORG-003,AST-02963,48,4,1,4,30,0,91,6,0.62,Low,5.5
IAM-002964,ORG-009,AST-02964,211,13,7,17,74,8,168,26,0.42,High,8.0
IAM-002965,ORG-010,AST-02965,262,26,9,7,37,23,39,5,0.75,High,8.8
IAM-002966,ORG-022,AST-02966,37,3,0,2,58,0,119,2,0.76,Low,3.2
IAM-002967,ORG-018,AST-02967,472,44,6,16,55,7,165,10,0.67,Medium,5.6
IAM-002968,ORG-024,AST-02968,478,4,14,23,92,2,99,9,0.73,Low,5.3
IAM-002969,ORG-024,AST-02969,483,24,18,14,80,11,33,3,0.59,Medium,6.8
IAM-002970,ORG-021,AST-02970,498,10,14,33,98,7,162,20,0.89,High,7.1
IAM-002971,ORG-013,AST-02971,372,25,8,32,30,4,0,1,0.53,Medium,7.0
IAM-002972,ORG-025,AST-02972,240,22,6,22,61,0,61,3,0.67,Low,4.2
IAM-002973,ORG-021,AST-02973,221,7,6,22,64,1,64,9,0.9,Low,5.1
IAM-002974,ORG-002,AST-02974,8,2,0,0,74,0,110,4,0.69,Low,2.1
IAM-002975,ORG-024,AST-02975,32,3,0,3,80,0,180,16,0.75,Low,2.8
IAM-002976,ORG-015,AST-02976,368,35,8,3,56,32,110,21,0.58,High,9.3
IAM-002977,ORG-001,AST-02977,258,25,4,9,80,7,134,21,0.56,Medium,4.7
IAM-002978,ORG-016,AST-02978,47,1,0,3,96,0,49,1,0.45,Low,0.6
IAM-002979,ORG-020,AST-02979,6,2,0,0,60,2,69,5,0.36,High,6.5
IAM-002980,ORG-023,AST-02980,476,22,11,42,35,14,56,8,0.61,High,9.2
IAM-002981,ORG-014,AST-02981,417,34,14,16,54,4,76,8,0.53,Medium,7.0
IAM-002982,ORG-025,AST-02982,224,21,3,10,62,2,130,17,0.48,Low,5.2
IAM-002983,ORG-002,AST-02983,102,3,4,10,99,2,167,22,0.87,High,5.1
IAM-002984,ORG-010,AST-02984,249,3,9,11,59,1,49,5,0.36,Low,6.4
IAM-002985,ORG-008,AST-02985,199,13,5,17,88,11,123,17,0.76,High,6.5
IAM-002986,ORG-022,AST-02986,237,4,5,16,76,0,185,33,0.63,Low,5.9
IAM-002987,ORG-003,AST-02987,107,5,3,6,92,2,46,2,0.82,Low,2.8
IAM-002988,ORG-011,AST-02988,413,32,15,24,97,20,124,10,0.38,High,6.1
IAM-002989,ORG-006,AST-02989,397,22,13,8,62,10,149,10,0.33,Medium,7.4
IAM-002990,ORG-001,AST-02990,49,2,1,0,69,2,76,0,0.7,High,5.7
IAM-002991,ORG-009,AST-02991,244,14,7,20,65,2,54,1,0.54,Low,4.6
IAM-002992,ORG-018,AST-02992,28,2,1,2,44,1,114,12,0.42,Low,6.4
IAM-002993,ORG-012,AST-02993,197,4,5,8,47,0,66,7,0.47,Low,5.3
IAM-002994,ORG-001,AST-02994,359,16,4,31,69,4,190,15,0.98,Medium,5.1
IAM-002995,ORG-019,AST-02995,297,18,12,8,65,9,44,6,0.66,Medium,6.7
IAM-002996,ORG-012,AST-02996,283,27,12,4,39,17,181,36,0.88,High,10
IAM-002997,ORG-009,AST-02997,424,8,17,16,87,0,121,0,0.68,Low,3.9
IAM-002998,ORG-012,AST-02998,21,1,1,1,79,1,10,0,0.61,High,4.9
IAM-002999,ORG-015,AST-02999,465,5,22,40,66,4,103,2,0.94,High,9.0
IAM-003000,ORG-003,AST-03000,222,22,8,6,30,9,183,33,0.41,Medium,10
IAM-003001,ORG-009,AST-03001,180,12,7,2,66,6,164,5,0.7,Medium,6.1
IAM-003002,ORG-002,AST-03002,322,23,1,25,41,13,82,13,0.62,High,6.8
IAM-003003,ORG-017,AST-03003,301,18,5,2,65,15,135,24,0.66,High,8.2
IAM-003004,ORG-008,AST-03004,48,2,2,0,99,0,151,11,0.51,Low,1.4
IAM-003005,ORG-020,AST-03005,346,26,14,19,30,25,138,27,0.83,High,10
IAM-003006,ORG-005,AST-03006,486,26,4,14,58,0,163,22,0.49,Low,5.4
IAM-003007,ORG-021,AST-03007,57,3,1,4,87,0,107,15,0.56,Low,2.6
IAM-003008,ORG-019,AST-03008,406,37,20,30,62,26,168,3,0.6,High,9.0
IAM-003009,ORG-014,AST-03009,150,6,7,10,77,3,189,13,0.51,Medium,6.0
IAM-003010,ORG-006,AST-03010,324,5,3,12,93,0,12,0,0.51,Low,0.8
IAM-003011,ORG-019,AST-03011,266,25,9,26,66,24,42,8,0.86,High,7.3
IAM-003012,ORG-003,AST-03012,225,1,3,12,96,1,117,14,0.34,High,4.9
IAM-003013,ORG-008,AST-03013,210,13,3,17,79,10,62,5,0.95,High,4.5
IAM-003014,ORG-013,AST-03014,206,19,2,15,74,0,196,39,0.94,Low,6.3
IAM-003015,ORG-010,AST-03015,399,10,5,3,95,0,185,7,0.53,Low,2.5
IAM-003016,ORG-003,AST-03016,477,39,5,47,68,13,90,3,0.74,Medium,4.0
IAM-003017,ORG-003,AST-03017,301,23,7,0,74,9,188,18,0.92,Medium,5.9
IAM-003018,ORG-022,AST-03018,452,45,21,33,51,3,60,12,0.81,Medium,9.2
IAM-003019,ORG-007,AST-03019,236,14,9,12,46,3,155,24,0.48,Medium,8.1
IAM-003020,ORG-012,AST-03020,472,38,1,32,78,4,9,0,0.77,Medium,1.8
IAM-003021,ORG-009,AST-03021,392,11,4,23,73,7,2,1,0.33,High,4.4
IAM-003022,ORG-010,AST-03022,413,18,0,0,33,13,7,1,0.91,High,6.9
IAM-003023,ORG-008,AST-03023,102,8,5,2,48,8,164,5,0.44,High,8.1
IAM-003024,ORG-007,AST-03024,479,16,16,41,79,13,133,21,0.9,High,8.8
IAM-003025,ORG-018,AST-03025,357,20,2,17,55,12,143,2,0.53,High,5.3
IAM-003026,ORG-014,AST-03026,459,31,6,45,35,8,164,16,0.53,Medium,7.5
IAM-003027,ORG-008,AST-03027,312,8,2,25,83,2,76,10,0.98,Low,3.3
IAM-003028,ORG-020,AST-03028,149,8,3,7,51,1,162,31,0.84,Low,7.1
IAM-003029,ORG-018,AST-03029,210,5,10,21,46,3,63,1,0.45,High,7.9
IAM-003030,ORG-014,AST-03030,455,15,5,28,47,7,116,8,0.49,Medium,6.7
IAM-003031,ORG-025,AST-03031,261,13,9,3,94,13,153,28,0.6,High,7.6
IAM-003032,ORG-016,AST-03032,305,7,3,26,81,6,33,2,0.42,High,4.3
IAM-003033,ORG-017,AST-03033,350,3,13,19,91,2,67,6,0.44,High,6.1
IAM-003034,ORG-005,AST-03034,285,25,11,5,35,16,139,3,0.71,High,9.1
IAM-003035,ORG-003,AST-03035,303,20,11,21,33,20,109,3,0.76,High,10
IAM-003036,ORG-025,AST-03036,437,10,10,13,73,9,52,8,0.99,High,7.2
IAM-003037,ORG-011,AST-03037,181,13,1,0,66,6,43,3,0.88,Medium,4.4
IAM-003038,ORG-019,AST-03038,475,32,23,15,56,11,83,3,0.96,Medium,9.2
IAM-003039,ORG-024,AST-03039,359,28,16,24,47,25,160,21,0.62,High,10
IAM-003040,ORG-021,AST-03040,193,4,8,16,88,0,48,4,0.59,Low,2.8
IAM-003041,ORG-013,AST-03041,340,26,6,12,83,11,117,20,0.62,Medium,5.9
IAM-003042,ORG-003,AST-03042,306,20,15,21,67,2,9,0,0.99,Low,5.9
IAM-003043,ORG-016,AST-03043,446,37,5,7,37,37,11,1,0.51,High,8.4
IAM-003044,ORG-019,AST-03044,76,1,1,4,43,0,44,0,0.88,Low,4.5
IAM-003045,ORG-022,AST-03045,147,5,1,10,67,3,106,18,0.57,High,5.6
IAM-003046,ORG-013,AST-03046,489,29,23,21,81,12,135,7,0.58,Medium,8.0
IAM-003047,ORG-003,AST-03047,443,28,16,28,44,18,32,4,0.93,High,9.6
IAM-003048,ORG-024,AST-03048,480,11,16,4,57,2,166,11,0.36,Low,8.0
IAM-003049,ORG-011,AST-03049,364,35,10,15,87,6,63,8,0.5,Medium,4.4
IAM-003050,ORG-012,AST-03050,106,2,3,4,86,2,82,8,0.94,High,5.2
IAM-003051,ORG-024,AST-03051,353,14,3,0,32,1,153,21,0.62,Low,7.8
IAM-003052,ORG-023,AST-03052,131,3,6,5,43,0,8,0,0.39,Low,5.5
IAM-003053,ORG-025,AST-03053,273,23,8,26,34,23,54,2,0.55,High,8.8
IAM-003054,ORG-024,AST-03054,484,2,2,14,98,0,158,5,0.64,Low,1.3
IAM-003055,ORG-025,AST-03055,435,8,14,35,45,2,98,14,0.84,Low,8.8
IAM-003056,ORG-013,AST-03056,296,1,11,13,32,1,137,9,0.66,High,10
IAM-003057,ORG-010,AST-03057,363,31,10,32,69,8,43,0,0.68,Medium,5.0
IAM-003058,ORG-007,AST-03058,452,19,4,39,32,10,68,7,0.73,High,7.4
IAM-003059,ORG-017,AST-03059,75,7,3,0,37,0,102,16,0.47,Low,6.7
IAM-003060,ORG-015,AST-03060,122,2,2,1,62,2,148,9,0.61,High,6.6
IAM-003061,ORG-005,AST-03061,421,15,10,18,61,9,65,3,0.76,High,6.6
IAM-003062,ORG-016,AST-03062,261,14,9,25,71,9,167,29,0.86,High,8.3
IAM-003063,ORG-016,AST-03063,296,29,10,3,63,22,189,16,0.75,High,8.4
IAM-003064,ORG-016,AST-03064,313,11,0,7,83,3,180,2,0.66,Medium,1.9
IAM-003065,ORG-007,AST-03065,325,12,7,11,55,0,12,1,0.61,Low,4.7
IAM-003066,ORG-009,AST-03066,229,12,10,18,34,6,152,5,0.74,Medium,8.0
IAM-003067,ORG-008,AST-03067,385,29,10,37,68,15,45,3,0.43,High,5.6
IAM-003068,ORG-017,AST-03068,468,23,11,39,99,3,176,8,0.99,Medium,3.2
IAM-003069,ORG-003,AST-03069,231,4,1,18,74,2,60,2,0.65,Low,4.1
IAM-003070,ORG-023,AST-03070,118,4,2,3,66,2,108,7,0.47,Low,4.4
IAM-003071,ORG-002,AST-03071,57,2,1,5,95,1,57,0,0.64,Low,1.5
IAM-003072,ORG-024,AST-03072,248,3,4,6,56,1,14,2,0.53,Low,4.7
IAM-003073,ORG-003,AST-03073,69,3,3,5,77,2,84,0,0.4,High,4.3
IAM-003074,ORG-021,AST-03074,51,5,1,0,59,1,24,1,0.81,Low,4.1
IAM-003075,ORG-017,AST-03075,27,2,1,0,80,1,103,13,0.79,Low,4.3
IAM-003076,ORG-024,AST-03076,386,21,2,1,82,4,16,1,0.64,Medium,2.0
IAM-003077,ORG-016,AST-03077,127,2,2,1,41,0,57,4,0.98,Low,5.0
IAM-003078,ORG-005,AST-03078,150,9,0,5,93,8,115,17,0.9,High,5.0
IAM-003079,ORG-024,AST-03079,248,24,9,1,51,1,47,5,0.57,Low,5.8
IAM-003080,ORG-005,AST-03080,446,32,12,10,36,12,106,10,0.93,Medium,8.8
IAM-003081,ORG-022,AST-03081,337,15,5,32,41,15,129,22,0.96,High,10
IAM-003082,ORG-006,AST-03082,283,27,1,17,83,22,152,6,0.8,High,4.6
IAM-003083,ORG-009,AST-03083,112,10,2,4,61,4,119,20,0.88,Medium,6.1
IAM-003084,ORG-018,AST-03084,364,9,10,21,34,6,10,2,0.62,High,8.2
IAM-003085,ORG-024,AST-03085,168,14,4,2,49,14,18,0,0.7,High,7.1
IAM-003086,ORG-003,AST-03086,479,8,16,20,89,3,1,1,0.61,Medium,5.1
IAM-003087,ORG-015,AST-03087,290,10,14,4,90,1,110,20,0.47,Low,5.4
IAM-003088,ORG-002,AST-03088,27,1,0,1,82,1,74,12,0.44,High,5.4
IAM-003089,ORG-025,AST-03089,353,5,3,13,61,3,72,14,0.93,High,6.1
IAM-003090,ORG-003,AST-03090,416,9,0,3,33,7,131,22,0.66,High,8.6
IAM-003091,ORG-011,AST-03091,486,31,19,21,65,1,102,7,0.7,Low,6.9
IAM-003092,ORG-001,AST-03092,424,12,9,29,99,1,150,12,0.97,Low,3.3
IAM-003093,ORG-007,AST-03093,78,5,2,5,72,1,186,37,0.36,Low,6.5
IAM-003094,ORG-003,AST-03094,482,22,9,22,96,18,125,19,0.56,High,6.8
IAM-003095,ORG-006,AST-03095,381,19,2,22,72,17,66,2,0.56,High,5.6
IAM-003096,ORG-022,AST-03096,245,3,11,20,75,2,199,30,0.39,High,8.6
IAM-003097,ORG-015,AST-03097,226,15,1,1,45,1,34,5,0.49,Low,4.6
IAM-003098,ORG-025,AST-03098,178,14,2,16,70,10,101,14,0.35,High,6.3
IAM-003099,ORG-016,AST-03099,139,9,3,5,57,8,56,6,0.61,High,6.5
IAM-003100,ORG-005,AST-03100,458,29,2,14,36,15,130,1,0.54,High,5.9
IAM-003101,ORG-002,AST-03101,76,5,1,3,42,3,115,14,0.92,High,7.6
IAM-003102,ORG-025,AST-03102,70,4,1,7,39,1,33,2,0.69,Low,5.1
IAM-003103,ORG-016,AST-03103,92,5,1,7,48,5,20,3,0.42,High,7.0
IAM-003104,ORG-007,AST-03104,227,11,7,12,93,5,147,12,0.64,Medium,4.6
IAM-003105,ORG-007,AST-03105,55,1,2,1,68,1,9,1,0.46,High,5.7
IAM-003106,ORG-015,AST-03106,8,2,0,0,38,0,8,1,1.0,Low,4.4
IAM-003107,ORG-022,AST-03107,297,25,11,25,52,9,186,27,0.63,Medium,9.0
IAM-003108,ORG-013,AST-03108,183,4,0,17,87,4,183,9,0.85,High,5.1
IAM-003109,ORG-019,AST-03109,205,8,10,16,91,7,141,18,0.61,High,6.6
IAM-003110,ORG-013,AST-03110,301,26,13,1,55,16,173,9,0.45,High,8.5
IAM-003111,ORG-013,AST-03111,153,11,4,4,36,4,200,23,0.85,Medium,8.8
IAM-003112,ORG-012,AST-03112,11,2,0,0,77,0,140,3,0.47,Low,2.0
IAM-003113,ORG-007,AST-03113,274,15,10,27,91,10,98,19,0.84,High,7.0
IAM-003114,ORG-013,AST-03114,287,24,0,16,48,9,50,4,0.68,Medium,5.4
IAM-003115,ORG-011,AST-03115,67,3,2,5,66,1,69,2,0.68,Low,3.9
IAM-003116,ORG-021,AST-03116,491,28,17,25,78,12,122,8,0.73,Medium,6.9
IAM-003117,ORG-010,AST-03117,430,2,19,21,57,1,137,13,0.95,Low,9.1
IAM-003118,ORG-023,AST-03118,299,20,9,3,81,17,152,14,0.38,High,6.6
IAM-003119,ORG-003,AST-03119,170,4,3,10,73,4,168,26,0.76,High,7.5
IAM-003120,ORG-016,AST-03120,339,27,7,7,48,1,30,0,0.5,Low,5.3
IAM-003121,ORG-015,AST-03121,341,23,12,23,97,18,108,16,0.5,High,6.7
IAM-003122,ORG-013,AST-03122,208,6,8,17,73,5,32,0,0.74,High,6.1
IAM-003123,ORG-019,AST-03123,329,19,2,29,35,17,24,0,0.61,High,7.7
IAM-003124,ORG-017,AST-03124,466,40,11,9,49,26,114,9,0.95,High,8.8
IAM-003125,ORG-025,AST-03125,387,26,17,21,93,21,25,2,0.68,High,7.0
IAM-003126,ORG-014,AST-03126,337,18,11,21,50,7,16,1,0.34,Medium,7.1
IAM-003127,ORG-023,AST-03127,276,4,10,27,76,4,171,3,0.32,High,7.3
IAM-003128,ORG-001,AST-03128,162,4,8,10,37,2,42,1,0.49,Low,7.7
IAM-003129,ORG-002,AST-03129,95,5,4,4,63,5,32,4,0.75,High,6.4
IAM-003130,ORG-010,AST-03130,21,2,1,2,98,0,117,19,0.73,Low,2.6
IAM-003131,ORG-010,AST-03131,250,13,5,11,77,13,125,14,0.75,High,7.2
IAM-003132,ORG-015,AST-03132,332,27,11,1,87,19,169,26,0.69,High,7.5
IAM-003133,ORG-010,AST-03133,273,22,0,24,57,8,26,1,0.83,Medium,4.1
IAM-003134,ORG-019,AST-03134,208,7,2,12,38,3,93,12,0.73,Medium,7.2
IAM-003135,ORG-021,AST-03135,35,1,0,2,37,1,178,7,0.79,High,8.4
IAM-003136,ORG-006,AST-03136,59,4,0,0,37,2,2,1,0.75,Low,6.2
IAM-003137,ORG-011,AST-03137,64,6,1,5,95,4,116,18,0.97,High,4.1
IAM-003138,ORG-015,AST-03138,280,5,4,28,70,1,70,7,0.98,Low,4.1
IAM-003139,ORG-002,AST-03139,165,2,6,0,99,1,144,27,0.36,Low,5.7
IAM-003140,ORG-025,AST-03140,15,1,0,0,55,1,26,2,0.33,High,5.8
IAM-003141,ORG-001,AST-03141,247,11,3,4,90,10,4,1,0.8,High,4.4
IAM-003142,ORG-006,AST-03142,270,6,4,11,39,2,74,11,0.34,Low,6.6
IAM-003143,ORG-023,AST-03143,185,6,6,7,37,2,76,10,0.5,Low,7.7
IAM-003144,ORG-001,AST-03144,373,6,5,36,71,4,99,0,0.34,High,5.2
IAM-003145,ORG-013,AST-03145,462,44,10,10,96,39,84,11,0.61,High,5.6
IAM-003146,ORG-010,AST-03146,169,4,4,2,63,4,43,2,0.33,High,6.9
IAM-003147,ORG-013,AST-03147,210,7,10,14,48,7,43,6,0.47,High,8.7
IAM-003148,ORG-006,AST-03148,131,8,6,13,39,8,150,17,0.71,High,10.0
IAM-003149,ORG-007,AST-03149,293,6,6,11,76,2,69,10,0.38,Low,4.8
IAM-003150,ORG-017,AST-03150,315,16,8,28,36,2,182,31,0.57,Low,9.8
IAM-003151,ORG-007,AST-03151,252,9,0,11,76,3,156,23,0.86,Medium,4.5
IAM-003152,ORG-007,AST-03152,368,9,8,25,73,5,164,17,0.94,High,7.0
IAM-003153,ORG-010,AST-03153,86,4,3,3,69,1,84,8,0.69,Low,3.9
IAM-003154,ORG-005,AST-03154,350,23,8,15,83,8,1,1,0.64,Medium,4.2
IAM-003155,ORG-015,AST-03155,36,2,0,1,48,0,192,33,0.91,Low,6.6
IAM-003156,ORG-012,AST-03156,298,5,4,14,34,1,163,18,0.58,Low,7.4
IAM-003157,ORG-023,AST-03157,105,5,5,10,81,2,123,8,0.54,Low,4.5
IAM-003158,ORG-015,AST-03158,347,15,13,10,86,13,84,4,0.41,High,6.4
IAM-003159,ORG-023,AST-03159,73,4,2,6,76,0,36,0,0.38,Low,1.8
IAM-003160,ORG-015,AST-03160,291,16,11,25,87,9,88,11,0.96,High,5.6
IAM-003161,ORG-002,AST-03161,297,28,7,6,41,7,10,1,0.48,Medium,6.0
IAM-003162,ORG-014,AST-03162,220,2,5,7,42,1,89,0,0.66,Low,6.3
IAM-003163,ORG-016,AST-03163,130,6,3,2,68,4,149,26,0.61,High,7.1
IAM-003164,ORG-013,AST-03164,83,5,4,1,100,4,102,13,0.81,High,4.6
IAM-003165,ORG-013,AST-03165,109,8,3,6,87,8,4,1,0.42,High,4.8
IAM-003166,ORG-011,AST-03166,377,1,13,20,39,0,148,2,0.5,Low,7.3
IAM-003167,ORG-012,AST-03167,102,6,1,10,65,1,104,4,0.89,Low,3.7
IAM-003168,ORG-023,AST-03168,104,8,2,4,64,7,72,0,0.65,High,5.7
IAM-003169,ORG-012,AST-03169,157,1,0,0,99,1,143,25,0.96,High,5.9
IAM-003170,ORG-020,AST-03170,196,9,3,15,32,4,29,0,0.88,Medium,6.3
IAM-003171,ORG-013,AST-03171,122,9,2,10,48,1,39,4,0.84,Low,4.5
IAM-003172,ORG-018,AST-03172,37,3,0,1,87,2,120,16,0.45,High,4.5
IAM-003173,ORG-023,AST-03173,37,3,0,0,44,0,74,9,0.58,Low,4.7
IAM-003174,ORG-005,AST-03174,426,19,2,14,55,19,66,8,0.94,High,7.7
IAM-003175,ORG-011,AST-03175,277,6,10,20,46,3,139,10,0.94,Medium,8.0
IAM-003176,ORG-010,AST-03176,219,21,4,6,67,4,138,26,0.79,Medium,5.8
IAM-003177,ORG-009,AST-03177,113,11,3,2,75,8,180,6,0.63,High,5.4
IAM-003178,ORG-022,AST-03178,28,1,1,0,69,1,148,11,0.92,High,6.9
IAM-003179,ORG-003,AST-03179,56,1,2,1,73,0,127,10,0.45,Low,2.8
IAM-003180,ORG-009,AST-03180,406,1,12,26,44,0,89,11,0.67,Low,7.4
IAM-003181,ORG-017,AST-03181,205,7,3,7,66,3,27,0,0.93,Medium,3.8
IAM-003182,ORG-023,AST-03182,221,12,7,16,72,7,47,6,0.84,High,5.9
IAM-003183,ORG-018,AST-03183,144,4,0,13,37,3,184,28,0.47,High,8.9
IAM-003184,ORG-021,AST-03184,174,3,3,0,55,1,100,15,0.96,Low,5.7
IAM-003185,ORG-004,AST-03185,361,1,0,10,74,1,143,19,0.66,High,6.2
IAM-003186,ORG-015,AST-03186,228,20,1,14,66,12,6,0,0.84,High,4.6
IAM-003187,ORG-014,AST-03187,372,27,3,30,84,13,93,14,0.97,Medium,4.4
IAM-003188,ORG-004,AST-03188,369,12,5,35,31,2,54,5,0.74,Low,6.3
IAM-003189,ORG-011,AST-03189,476,25,6,27,62,9,164,21,0.35,Medium,7.4
IAM-003190,ORG-012,AST-03190,345,34,15,17,68,26,48,6,0.72,High,8.4
IAM-003191,ORG-004,AST-03191,478,32,22,10,48,4,195,2,0.64,Medium,8.9
IAM-003192,ORG-016,AST-03192,74,2,1,3,63,0,21,0,0.53,Low,2.8
IAM-003193,ORG-004,AST-03193,451,44,20,2,99,8,35,6,0.9,Medium,5.4
IAM-003194,ORG-004,AST-03194,92,3,0,7,83,2,173,20,0.99,High,5.5
IAM-003195,ORG-016,AST-03195,193,10,3,12,57,4,181,34,0.44,Medium,8.1
IAM-003196,ORG-006,AST-03196,348,15,11,7,43,5,13,1,0.65,Medium,7.3
IAM-003197,ORG-002,AST-03197,287,7,3,14,60,2,161,29,0.94,Low,7.0
IAM-003198,ORG-017,AST-03198,407,26,9,26,94,19,185,30,0.42,High,7.6
IAM-003199,ORG-020,AST-03199,285,22,6,4,85,20,67,2,0.85,High,5.5
IAM-003200,ORG-013,AST-03200,73,5,0,2,41,4,66,8,0.6,High,6.7
IAM-003201,ORG-023,AST-03201,246,13,6,8,50,13,180,18,0.85,High,9.1
IAM-003202,ORG-025,AST-03202,433,16,10,4,95,15,68,3,0.66,High,5.1
IAM-003203,ORG-014,AST-03203,458,45,8,3,62,24,66,2,0.41,High,6.2
IAM-003204,ORG-013,AST-03204,387,8,4,23,85,3,166,23,0.62,Medium,5.6
IAM-003205,ORG-023,AST-03205,488,32,9,6,71,10,4,0,0.51,Medium,4.4
IAM-003206,ORG-004,AST-03206,121,5,6,12,46,1,73,8,0.52,Low,6.4
IAM-003207,ORG-004,AST-03207,459,26,14,36,98,21,182,5,0.71,High,5.6
IAM-003208,ORG-016,AST-03208,191,15,1,8,45,11,154,13,0.53,High,7.1
IAM-003209,ORG-020,AST-03209,170,5,6,8,39,2,15,1,0.3,Low,6.3
IAM-003210,ORG-021,AST-03210,215,6,10,13,39,0,122,21,0.84,Low,8.2
IAM-003211,ORG-011,AST-03211,394,33,14,14,89,2,113,4,0.93,Low,3.9
IAM-003212,ORG-016,AST-03212,338,21,11,1,31,7,79,8,0.48,Medium,8.8
IAM-003213,ORG-008,AST-03213,17,1,0,0,79,1,57,8,0.87,High,5.4
IAM-003214,ORG-018,AST-03214,297,14,9,1,33,7,94,13,0.45,Medium,8.7
IAM-003215,ORG-020,AST-03215,191,8,8,17,39,5,101,12,0.66,High,9.0
IAM-003216,ORG-001,AST-03216,451,25,12,11,82,21,43,0,0.8,High,5.8
IAM-003217,ORG-015,AST-03217,210,8,6,8,88,1,13,0,0.66,Low,2.5
IAM-003218,ORG-018,AST-03218,163,8,3,12,38,0,89,8,0.59,Low,5.6
IAM-003219,ORG-007,AST-03219,54,1,0,5,82,0,14,1,0.34,Low,1.1
IAM-003220,ORG-017,AST-03220,105,5,1,10,37,4,122,2,0.36,High,6.8
IAM-003221,ORG-003,AST-03221,411,2,14,15,84,2,82,0,0.57,High,6.6
IAM-003222,ORG-019,AST-03222,133,4,5,3,87,2,126,4,0.42,Low,3.8
IAM-003223,ORG-020,AST-03223,206,1,6,4,67,1,190,13,0.84,High,8.0
IAM-003224,ORG-022,AST-03224,21,1,1,0,58,1,110,14,0.7,High,7.8
IAM-003225,ORG-010,AST-03225,47,4,2,1,96,4,150,9,0.49,High,4.9
IAM-003226,ORG-024,AST-03226,319,5,1,18,50,1,138,19,0.38,Low,6.2
IAM-003227,ORG-010,AST-03227,377,14,9,19,36,0,69,10,0.75,Low,7.5
IAM-003228,ORG-022,AST-03228,179,4,0,9,50,2,26,2,0.59,Low,4.9
IAM-003229,ORG-014,AST-03229,341,27,4,0,55,2,56,4,0.54,Low,4.8
IAM-003230,ORG-005,AST-03230,54,3,2,5,63,2,131,21,0.4,High,7.2
IAM-003231,ORG-024,AST-03231,427,8,19,32,82,6,198,9,0.42,High,7.7
IAM-003232,ORG-024,AST-03232,392,7,16,17,56,5,155,20,0.65,High,10.0
IAM-003233,ORG-004,AST-03233,136,3,1,8,97,2,86,0,0.63,High,1.9
IAM-003234,ORG-010,AST-03234,407,4,16,25,51,4,9,0,0.35,High,9.9
IAM-003235,ORG-011,AST-03235,380,9,6,1,69,0,34,1,0.79,Low,2.9
IAM-003236,ORG-024,AST-03236,180,4,9,2,91,2,80,4,0.5,Low,4.2
IAM-003237,ORG-007,AST-03237,37,2,1,1,77,2,105,19,0.44,High,7.0
IAM-003238,ORG-007,AST-03238,270,4,13,4,97,2,55,2,0.79,Low,4.2
IAM-003239,ORG-004,AST-03239,186,8,9,15,54,8,20,3,0.48,High,8.6
IAM-003240,ORG-016,AST-03240,266,2,11,20,40,2,57,3,0.52,High,9.2
IAM-003241,ORG-003,AST-03241,249,24,5,9,33,2,40,6,0.85,Low,6.6
IAM-003242,ORG-015,AST-03242,355,25,17,35,36,8,5,1,0.97,Medium,9.2
IAM-003243,ORG-021,AST-03243,481,25,6,17,86,6,87,12,0.59,Medium,4.5
IAM-003244,ORG-012,AST-03244,379,28,18,13,62,21,197,15,0.38,High,9.6
IAM-003245,ORG-019,AST-03245,141,9,1,12,37,3,125,9,0.7,Medium,6.4
IAM-003246,ORG-021,AST-03246,282,18,13,18,68,18,102,20,0.99,High,9.8
IAM-003247,ORG-003,AST-03247,467,10,10,43,50,7,119,20,0.46,High,9.0
IAM-003248,ORG-012,AST-03248,144,11,7,4,72,1,117,16,0.84,Low,5.5
IAM-003249,ORG-025,AST-03249,87,6,3,2,82,1,77,7,0.51,Low,3.1
IAM-003250,ORG-023,AST-03250,175,12,1,9,37,11,108,14,0.45,High,8.2
IAM-003251,ORG-013,AST-03251,122,5,0,0,97,4,92,18,0.74,High,4.5
IAM-003252,ORG-009,AST-03252,446,43,16,10,80,8,185,24,0.94,Medium,7.4
IAM-003253,ORG-019,AST-03253,457,40,18,20,47,9,96,5,0.91,Medium,8.6
IAM-003254,ORG-009,AST-03254,226,17,4,20,91,9,44,0,0.94,High,2.6
IAM-003255,ORG-018,AST-03255,209,2,4,14,76,1,198,24,0.5,Low,6.1
IAM-003256,ORG-008,AST-03256,280,8,9,18,38,8,106,7,0.91,High,9.3
IAM-003257,ORG-010,AST-03257,179,3,7,1,88,3,198,16,0.5,High,6.5
IAM-003258,ORG-005,AST-03258,310,31,14,4,97,0,128,22,0.76,Low,5.1
IAM-003259,ORG-003,AST-03259,75,1,1,6,92,1,64,3,0.78,High,3.6
IAM-003260,ORG-017,AST-03260,244,17,2,0,94,1,179,30,0.65,Low,3.8
IAM-003261,ORG-007,AST-03261,63,2,2,3,54,2,107,4,0.94,High,7.0
IAM-003262,ORG-012,AST-03262,24,1,0,1,41,1,20,2,0.45,High,6.8
IAM-003263,ORG-010,AST-03263,263,19,10,15,96,4,116,16,0.42,Medium,4.2
IAM-003264,ORG-025,AST-03264,353,11,10,29,71,11,169,9,0.53,High,7.9
IAM-003265,ORG-009,AST-03265,260,8,2,8,81,7,135,26,0.93,High,7.2
IAM-003266,ORG-016,AST-03266,397,6,14,25,33,3,181,2,0.73,Medium,9.3
IAM-003267,ORG-007,AST-03267,337,10,10,31,41,10,39,7,0.39,High,9.4
IAM-003268,ORG-020,AST-03268,164,3,7,13,77,3,122,7,0.4,High,6.8
IAM-003269,ORG-006,AST-03269,407,24,15,40,51,15,120,17,0.37,High,10
IAM-003270,ORG-017,AST-03270,491,18,15,30,57,9,136,24,0.77,Medium,9.5
IAM-003271,ORG-001,AST-03271,137,5,2,0,87,4,180,1,0.43,High,3.5
IAM-003272,ORG-007,AST-03272,266,10,12,2,33,6,151,11,0.92,High,10.0
IAM-003273,ORG-004,AST-03273,411,27,13,9,47,8,121,10,0.63,Medium,7.7
IAM-003274,ORG-001,AST-03274,369,32,3,30,59,9,17,2,0.73,Medium,4.0
IAM-003275,ORG-017,AST-03275,69,4,2,1,69,0,153,17,0.73,Low,3.8
IAM-003276,ORG-004,AST-03276,50,2,1,0,98,1,25,4,0.73,Low,2.2
IAM-003277,ORG-021,AST-03277,409,34,10,15,60,17,57,2,0.94,Medium,6.0
IAM-003278,ORG-001,AST-03278,58,5,2,3,51,3,158,11,0.54,High,6.7
IAM-003279,ORG-007,AST-03279,480,3,4,4,56,0,77,4,0.6,Low,4.6
IAM-003280,ORG-003,AST-03280,494,41,1,49,76,23,12,2,0.83,High,4.0
IAM-003281,ORG-008,AST-03281,342,27,14,14,75,25,177,6,0.59,High,8.3
IAM-003282,ORG-004,AST-03282,311,18,2,11,55,15,10,1,0.75,High,6.5
IAM-003283,ORG-007,AST-03283,207,16,9,0,71,3,106,5,0.54,Medium,4.3
IAM-003284,ORG-019,AST-03284,125,3,6,12,36,2,188,2,0.41,High,7.8
IAM-003285,ORG-009,AST-03285,498,9,2,30,77,2,15,0,0.78,Low,2.8
IAM-003286,ORG-017,AST-03286,473,29,7,37,92,5,52,6,0.43,Medium,3.4
IAM-003287,ORG-010,AST-03287,402,19,1,23,56,12,21,3,0.42,High,4.9
IAM-003288,ORG-012,AST-03288,186,13,4,0,90,11,50,7,0.61,High,4.3
IAM-003289,ORG-021,AST-03289,397,13,17,30,60,3,110,3,0.8,Medium,6.8
IAM-003290,ORG-017,AST-03290,162,4,7,4,77,3,136,13,0.61,High,6.5
IAM-003291,ORG-021,AST-03291,353,1,4,31,30,1,85,7,0.31,High,9.2
IAM-003292,ORG-005,AST-03292,399,7,14,17,70,4,2,1,0.44,High,6.8
IAM-003293,ORG-025,AST-03293,24,1,1,1,33,0,183,16,0.44,Low,6.4
IAM-003294,ORG-008,AST-03294,446,3,19,40,48,1,143,21,0.69,Low,9.9
IAM-003295,ORG-005,AST-03295,496,3,4,5,46,0,94,12,0.61,Low,5.1
IAM-003296,ORG-024,AST-03296,494,47,19,23,78,23,55,0,0.4,Medium,7.0
IAM-003297,ORG-003,AST-03297,288,28,10,2,85,13,22,4,0.83,Medium,4.8
IAM-003298,ORG-014,AST-03298,29,1,0,1,76,0,139,24,0.78,Low,4.3
IAM-003299,ORG-015,AST-03299,288,28,9,8,99,12,173,7,0.47,Medium,3.7
IAM-003300,ORG-022,AST-03300,181,3,1,14,64,3,99,8,0.63,High,6.5
IAM-003301,ORG-015,AST-03301,455,11,8,12,70,6,134,13,0.49,High,6.4
IAM-003302,ORG-005,AST-03302,448,10,3,16,31,8,114,20,0.36,High,9.5
IAM-003303,ORG-020,AST-03303,124,1,3,12,54,1,84,4,0.39,High,7.2
IAM-003304,ORG-023,AST-03304,384,9,19,19,53,1,141,23,0.5,Low,9.5
IAM-003305,ORG-014,AST-03305,471,15,14,46,84,2,190,29,0.71,Low,6.8
IAM-003306,ORG-002,AST-03306,458,31,7,1,44,6,110,11,0.45,Medium,6.5
IAM-003307,ORG-016,AST-03307,198,8,4,3,47,8,127,3,0.42,High,7.9
IAM-003308,ORG-014,AST-03308,49,1,1,3,49,0,153,20,0.78,Low,6.0
IAM-003309,ORG-022,AST-03309,383,23,18,10,88,10,181,21,0.58,Medium,8.0
IAM-003310,ORG-024,AST-03310,430,27,10,23,64,20,35,7,0.98,High,7.3
IAM-003311,ORG-017,AST-03311,134,10,2,12,93,1,168,13,0.92,Low,2.0
IAM-003312,ORG-022,AST-03312,181,6,4,12,45,2,50,6,0.46,Low,6.0
IAM-003313,ORG-007,AST-03313,225,9,8,10,66,3,110,16,0.79,Medium,6.8
IAM-003314,ORG-013,AST-03314,381,22,1,24,71,8,73,6,0.88,Medium,4.0
IAM-003315,ORG-025,AST-03315,436,19,17,22,60,15,61,7,0.31,High,9.5
IAM-003316,ORG-004,AST-03316,313,11,7,23,36,5,15,1,0.56,Medium,6.9
IAM-003317,ORG-003,AST-03317,105,7,4,4,70,0,55,0,0.56,Low,3.1
IAM-003318,ORG-013,AST-03318,74,7,0,4,42,4,192,7,0.58,High,6.3
IAM-003319,ORG-003,AST-03319,447,29,22,43,82,22,59,11,0.65,High,9.2
IAM-003320,ORG-011,AST-03320,100,8,2,7,70,6,33,2,0.38,High,4.5
IAM-003321,ORG-020,AST-03321,166,4,0,10,52,4,164,17,0.81,High,7.9
IAM-003322,ORG-012,AST-03322,430,18,17,10,76,1,133,13,0.35,Low,6.5
IAM-003323,ORG-002,AST-03323,357,11,3,16,52,10,172,30,0.84,High,9.1
IAM-003324,ORG-011,AST-03324,156,7,2,0,66,4,43,5,0.85,High,5.0
IAM-003325,ORG-015,AST-03325,166,16,5,3,69,6,124,13,0.68,Medium,5.9
IAM-003326,ORG-013,AST-03326,423,22,15,13,42,13,9,1,0.66,High,8.7
IAM-003327,ORG-019,AST-03327,379,6,14,13,76,1,36,5,0.84,Low,5.0
IAM-003328,ORG-018,AST-03328,241,12,1,3,55,5,97,13,0.83,Medium,5.5
IAM-003329,ORG-022,AST-03329,388,17,11,14,30,11,171,24,0.78,High,10
IAM-003330,ORG-014,AST-03330,457,5,14,8,85,0,167,18,0.79,Low,5.5
IAM-003331,ORG-010,AST-03331,404,39,10,37,32,5,189,25,0.98,Medium,9.2
IAM-003332,ORG-004,AST-03332,61,1,0,3,31,1,56,8,0.7,High,8.8
IAM-003333,ORG-001,AST-03333,95,5,0,0,36,0,172,17,0.9,Low,6.2
IAM-003334,ORG-003,AST-03334,485,12,8,41,32,2,104,6,0.71,Low,7.4
IAM-003335,ORG-001,AST-03335,191,4,5,11,53,2,158,14,0.65,Low,6.9
IAM-003336,ORG-015,AST-03336,133,13,2,12,53,12,190,14,0.31,High,7.3
IAM-003337,ORG-011,AST-03337,315,10,10,7,77,8,5,0,0.73,High,5.5
IAM-003338,ORG-004,AST-03338,259,21,6,21,69,2,66,1,0.61,Low,3.8
IAM-003339,ORG-014,AST-03339,70,5,3,7,37,0,194,30,0.51,Low,8.1
IAM-003340,ORG-020,AST-03340,60,1,1,6,32,1,150,29,0.97,High,10
IAM-003341,ORG-003,AST-03341,65,2,3,0,71,0,77,11,0.47,Low,3.6
IAM-003342,ORG-007,AST-03342,72,4,0,4,51,2,68,0,0.65,Low,4.9
IAM-003343,ORG-006,AST-03343,469,32,17,14,42,32,81,11,0.33,High,10
IAM-003344,ORG-006,AST-03344,276,3,11,24,47,2,120,8,0.93,High,8.5
IAM-003345,ORG-013,AST-03345,442,13,21,31,94,3,73,4,0.35,Medium,5.9
IAM-003346,ORG-013,AST-03346,346,15,9,24,35,3,115,1,0.93,Medium,6.6
IAM-003347,ORG-004,AST-03347,449,10,1,34,73,4,41,4,0.49,Medium,3.2
IAM-003348,ORG-006,AST-03348,94,2,0,2,73,2,163,0,0.87,High,4.5
IAM-003349,ORG-014,AST-03349,228,20,8,3,75,4,171,6,0.59,Medium,4.9
IAM-003350,ORG-014,AST-03350,19,1,0,0,68,0,162,21,0.58,Low,4.3
IAM-003351,ORG-010,AST-03351,255,7,10,5,50,0,165,3,0.7,Low,5.2
IAM-003352,ORG-011,AST-03352,166,11,4,13,51,7,2,1,0.8,High,6.4
IAM-003353,ORG-011,AST-03353,315,21,2,13,48,5,68,7,0.92,Medium,5.3
IAM-003354,ORG-003,AST-03354,318,2,2,28,51,2,60,1,0.89,High,6.5
IAM-003355,ORG-014,AST-03355,481,41,22,41,78,9,119,3,0.68,Medium,7.3
IAM-003356,ORG-010,AST-03356,396,5,6,6,35,0,120,6,0.82,Low,6.2
IAM-003357,ORG-010,AST-03357,92,8,0,8,35,4,0,1,0.69,Medium,5.5
IAM-003358,ORG-015,AST-03358,295,28,13,10,32,21,144,9,0.41,High,10
IAM-003359,ORG-024,AST-03359,89,6,2,8,86,2,197,31,0.54,Low,5.9
IAM-003360,ORG-014,AST-03360,176,17,3,5,65,6,144,0,0.95,Medium,3.9
IAM-003361,ORG-002,AST-03361,69,6,1,5,63,0,78,4,0.74,Low,2.9
IAM-003362,ORG-019,AST-03362,88,8,3,4,71,1,107,16,0.71,Low,4.5
IAM-003363,ORG-019,AST-03363,330,26,15,27,52,10,68,11,0.75,Medium,8.0
IAM-003364,ORG-005,AST-03364,98,3,1,1,71,0,40,1,0.85,Low,2.0
IAM-003365,ORG-019,AST-03365,99,7,0,4,92,6,9,0,0.43,High,3.0
IAM-003366,ORG-015,AST-03366,244,5,3,1,36,0,133,5,0.33,Low,5.5
IAM-003367,ORG-007,AST-03367,477,45,16,19,46,7,144,28,0.61,Medium,10
IAM-003368,ORG-002,AST-03368,500,49,20,34,63,3,126,6,0.51,Medium,7.7
IAM-003369,ORG-010,AST-03369,450,17,18,43,80,2,29,4,0.55,Low,6.1
IAM-003370,ORG-016,AST-03370,115,9,5,5,42,4,53,5,0.92,Medium,6.8
IAM-003371,ORG-023,AST-03371,67,3,1,2,53,3,54,6,0.99,High,7.3
IAM-003372,ORG-010,AST-03372,96,5,4,5,30,5,23,2,0.62,High,8.6
IAM-003373,ORG-019,AST-03373,152,5,2,9,40,3,7,0,0.6,High,6.5
IAM-003374,ORG-001,AST-03374,372,17,0,37,80,11,43,5,0.63,High,4.0
IAM-003375,ORG-006,AST-03375,220,10,10,13,100,10,94,6,0.71,High,5.9
IAM-003376,ORG-019,AST-03376,235,3,2,21,47,3,61,12,0.34,High,8.2
IAM-003377,ORG-010,AST-03377,490,35,22,36,42,12,148,28,0.51,Medium,10
IAM-003378,ORG-021,AST-03378,312,21,9,10,90,21,30,2,0.79,High,5.9
IAM-003379,ORG-019,AST-03379,434,17,4,39,46,5,58,6,0.79,Medium,5.7
IAM-003380,ORG-020,AST-03380,265,16,12,15,51,11,169,22,0.8,High,10
IAM-003381,ORG-007,AST-03381,115,3,3,11,54,3,38,5,0.79,High,7.5
IAM-003382,ORG-018,AST-03382,104,4,0,0,32,1,178,22,0.48,Low,7.5
IAM-003383,ORG-009,AST-03383,116,3,4,4,92,2,190,9,0.31,High,4.3
IAM-003384,ORG-021,AST-03384,427,18,9,16,58,1,42,8,0.78,Low,6.0
IAM-003385,ORG-014,AST-03385,303,2,5,20,49,1,163,7,0.74,Low,6.3
IAM-003386,ORG-007,AST-03386,486,31,4,12,70,5,0,0,0.64,Medium,3.5
IAM-003387,ORG-003,AST-03387,34,3,0,1,93,1,119,22,0.39,Low,3.8
IAM-003388,ORG-008,AST-03388,237,20,1,8,89,19,58,8,0.93,High,4.4
IAM-003389,ORG-017,AST-03389,136,7,6,8,50,0,128,0,0.43,Low,4.3
IAM-003390,ORG-019,AST-03390,335,12,14,31,67,3,195,11,0.38,Medium,7.1
IAM-003391,ORG-025,AST-03391,129,10,0,8,69,9,161,18,0.96,High,7.0
IAM-003392,ORG-016,AST-03392,8,1,0,0,94,0,69,13,0.97,Low,1.8
IAM-003393,ORG-019,AST-03393,264,6,3,6,74,1,139,20,0.34,Low,4.5
IAM-003394,ORG-020,AST-03394,69,3,1,5,49,0,110,16,0.5,Low,5.3
IAM-003395,ORG-011,AST-03395,190,4,3,19,48,3,25,4,0.33,High,6.9
IAM-003396,ORG-003,AST-03396,352,6,13,33,58,1,185,32,0.62,Low,8.9
IAM-003397,ORG-011,AST-03397,485,13,23,33,71,9,24,2,0.72,High,8.5
IAM-003398,ORG-020,AST-03398,409,2,12,4,53,1,94,13,0.84,Low,8.1
IAM-003399,ORG-016,AST-03399,203,19,3,11,35,5,106,2,0.37,Medium,6.0
IAM-003400,ORG-005,AST-03400,239,17,11,14,94,2,192,6,0.33,Low,3.8
IAM-003401,ORG-008,AST-03401,409,16,20,6,88,10,101,5,0.95,High,6.8
IAM-003402,ORG-016,AST-03402,396,37,9,18,75,24,33,4,0.44,High,5.9
IAM-003403,ORG-021,AST-03403,199,14,6,5,37,13,5,0,0.37,High,8.0
IAM-003404,ORG-013,AST-03404,446,39,8,44,62,38,200,33,0.54,High,9.9
IAM-003405,ORG-009,AST-03405,257,12,7,3,49,4,135,9,1.0,Medium,7.2
IAM-003406,ORG-013,AST-03406,175,3,1,15,75,3,112,3,0.62,High,5.5
IAM-003407,ORG-024,AST-03407,254,19,0,5,63,10,124,18,0.54,High,5.9
IAM-003408,ORG-013,AST-03408,370,36,4,27,30,10,88,3,0.5,Medium,6.4
IAM-003409,ORG-024,AST-03409,7,1,0,0,79,1,124,4,0.56,High,5.2
IAM-003410,ORG-010,AST-03410,294,17,0,24,81,9,59,4,0.62,High,3.6
IAM-003411,ORG-004,AST-03411,335,11,14,11,79,11,138,10,0.31,High,8.6
IAM-003412,ORG-025,AST-03412,56,1,0,3,41,0,159,19,0.37,Low,5.5
IAM-003413,ORG-019,AST-03413,90,4,1,6,56,4,52,8,0.9,High,6.7
IAM-003414,ORG-006,AST-03414,198,6,2,17,63,0,107,21,0.44,Low,4.5
IAM-003415,ORG-022,AST-03415,414,21,10,11,59,15,41,2,0.88,High,7.0
IAM-003416,ORG-021,AST-03416,84,4,3,5,78,2,84,16,0.99,Low,5.0
IAM-003417,ORG-014,AST-03417,116,4,5,10,97,2,112,1,0.7,Low,2.7
IAM-003418,ORG-022,AST-03418,139,12,4,5,30,1,146,7,0.81,Low,6.3
IAM-003419,ORG-008,AST-03419,319,16,14,29,62,7,163,16,0.47,Medium,8.5
IAM-003420,ORG-005,AST-03420,32,3,0,1,71,1,11,0,0.7,Low,3.1
IAM-003421,ORG-011,AST-03421,82,7,4,4,80,1,99,19,0.34,Low,4.1
IAM-003422,ORG-018,AST-03422,253,1,2,22,62,0,187,23,0.77,Low,5.3
IAM-003423,ORG-015,AST-03423,353,32,6,17,60,12,18,1,0.96,Medium,4.7
IAM-003424,ORG-009,AST-03424,33,3,0,3,76,1,160,20,0.59,Low,4.4
IAM-003425,ORG-010,AST-03425,288,23,8,24,51,14,81,5,0.92,High,6.9
IAM-003426,ORG-010,AST-03426,295,22,2,1,57,7,97,18,1.0,Medium,5.6
IAM-003427,ORG-020,AST-03427,210,18,1,17,92,0,16,3,0.91,Low,1.1
IAM-003428,ORG-021,AST-03428,13,1,0,0,92,0,68,3,0.39,Low,1.0
IAM-003429,ORG-008,AST-03429,87,6,2,5,97,3,52,2,0.9,Medium,2.6
IAM-003430,ORG-004,AST-03430,416,11,17,9,73,0,143,4,0.88,Low,5.9
IAM-003431,ORG-023,AST-03431,95,5,0,6,60,4,1,0,0.55,High,5.1
IAM-003432,ORG-017,AST-03432,109,9,3,8,60,6,109,3,0.64,High,5.3
IAM-003433,ORG-002,AST-03433,297,13,14,10,74,10,26,3,0.98,High,7.5
IAM-003434,ORG-015,AST-03434,464,11,17,46,43,0,31,0,0.36,Low,7.3
IAM-003435,ORG-014,AST-03435,464,17,15,8,31,15,53,0,0.53,High,9.8
IAM-003436,ORG-010,AST-03436,27,1,0,0,50,1,147,1,0.6,High,6.6
IAM-003437,ORG-019,AST-03437,41,4,2,4,80,4,83,1,0.57,High,4.6
IAM-003438,ORG-013,AST-03438,62,3,3,1,36,2,111,7,0.82,High,7.2
IAM-003439,ORG-010,AST-03439,421,5,16,9,78,4,3,0,0.83,High,6.9
IAM-003440,ORG-006,AST-03440,164,14,2,13,46,6,190,20,0.49,Medium,7.3
IAM-003441,ORG-004,AST-03441,73,4,2,5,55,1,133,25,0.91,Low,6.4
IAM-003442,ORG-003,AST-03442,53,2,1,0,96,0,74,3,0.42,Low,0.9
IAM-003443,ORG-009,AST-03443,310,6,14,4,56,2,12,0,0.73,Low,6.6
IAM-003444,ORG-005,AST-03444,359,18,7,25,97,6,56,9,0.91,Medium,3.7
IAM-003445,ORG-017,AST-03445,498,34,20,27,94,27,6,0,0.46,High,6.4
IAM-003446,ORG-011,AST-03446,15,1,0,0,91,1,165,8,0.94,High,4.3
IAM-003447,ORG-020,AST-03447,150,8,4,10,77,3,58,8,0.76,Medium,4.4
IAM-003448,ORG-015,AST-03448,337,16,8,19,44,4,131,2,0.89,Medium,6.0
IAM-003449,ORG-023,AST-03449,126,6,6,9,94,0,171,10,0.83,Low,2.1
IAM-003450,ORG-010,AST-03450,179,1,2,1,33,0,59,6,0.3,Low,5.8
IAM-003451,ORG-018,AST-03451,12,2,0,1,59,1,44,4,0.73,Low,5.0
IAM-003452,ORG-016,AST-03452,59,5,0,3,42,4,59,1,0.69,High,6.0
IAM-003453,ORG-004,AST-03453,45,3,1,2,81,3,89,13,0.45,High,5.7
IAM-003454,ORG-014,AST-03454,157,3,2,3,79,3,173,34,0.47,High,8.2
IAM-003455,ORG-024,AST-03455,134,1,2,12,35,1,87,5,0.39,High,8.7
IAM-003456,ORG-005,AST-03456,208,13,0,12,79,6,62,10,0.98,Medium,4.0
IAM-003457,ORG-007,AST-03457,9,1,0,0,52,1,87,5,0.75,High,7.0
IAM-003458,ORG-022,AST-03458,401,23,14,25,56,4,187,32,0.65,Medium,9.0
IAM-003459,ORG-011,AST-03459,249,10,0,0,43,1,178,22,0.64,Low,6.1
IAM-003460,ORG-016,AST-03460,425,38,5,11,52,5,152,30,0.3,Medium,7.4
IAM-003461,ORG-019,AST-03461,352,20,4,27,37,0,31,3,0.82,Low,5.1
IAM-003462,ORG-012,AST-03462,123,7,0,0,95,4,132,8,0.97,High,3.3
IAM-003463,ORG-012,AST-03463,285,17,8,5,98,4,52,5,0.92,Medium,3.0
IAM-003464,ORG-017,AST-03464,322,22,6,16,68,17,73,0,0.67,High,5.8
IAM-003465,ORG-021,AST-03465,134,3,6,13,61,3,162,27,0.81,High,9.7
IAM-003466,ORG-022,AST-03466,486,45,13,31,87,11,86,7,0.3,Medium,5.1
IAM-003467,ORG-008,AST-03467,208,17,8,15,51,7,199,38,0.35,Medium,9.5
IAM-003468,ORG-021,AST-03468,484,6,17,9,56,1,4,0,0.71,Low,7.1
IAM-003469,ORG-016,AST-03469,204,8,4,5,80,0,190,0,0.49,Low,1.7
IAM-003470,ORG-016,AST-03470,357,14,4,7,79,8,181,12,0.32,High,4.6
IAM-003471,ORG-014,AST-03471,132,13,0,9,87,2,53,9,0.68,Low,1.9
IAM-003472,ORG-018,AST-03472,428,39,12,25,37,19,14,2,0.46,Medium,8.1
IAM-003473,ORG-019,AST-03473,397,15,2,12,52,15,125,2,0.77,High,6.5
IAM-003474,ORG-023,AST-03474,399,33,12,34,77,3,194,6,0.6,Medium,4.5
IAM-003475,ORG-002,AST-03475,138,6,1,6,44,2,20,1,0.72,Low,4.6
IAM-003476,ORG-015,AST-03476,151,11,3,7,55,3,68,3,0.48,Medium,4.9
IAM-003477,ORG-013,AST-03477,205,6,1,7,46,0,183,9,0.91,Low,5.0
IAM-003478,ORG-020,AST-03478,198,19,2,4,88,9,186,15,0.32,Medium,3.8
IAM-003479,ORG-024,AST-03479,409,5,1,18,55,5,76,1,0.9,High,6.4
IAM-003480,ORG-015,AST-03480,42,4,0,1,63,2,175,2,0.4,Low,4.2
IAM-003481,ORG-022,AST-03481,338,19,10,4,89,10,5,1,0.69,High,4.1
IAM-003482,ORG-018,AST-03482,274,11,0,1,43,9,125,16,0.37,High,8.4
IAM-003483,ORG-023,AST-03483,342,12,15,15,48,1,8,1,0.85,Low,6.8
IAM-003484,ORG-008,AST-03484,147,1,4,8,67,0,47,2,0.85,Low,2.9
IAM-003485,ORG-002,AST-03485,204,12,7,7,69,2,139,13,0.58,Low,5.6
IAM-003486,ORG-013,AST-03486,107,6,4,2,77,6,90,10,0.88,High,6.5
IAM-003487,ORG-002,AST-03487,445,34,20,9,92,6,182,2,0.49,Medium,5.4
IAM-003488,ORG-014,AST-03488,267,11,11,17,59,11,14,1,0.71,High,8.1
IAM-003489,ORG-013,AST-03489,379,21,12,0,50,5,73,11,0.37,Medium,7.9
IAM-003490,ORG-011,AST-03490,67,5,1,0,49,4,50,8,0.72,High,6.8
IAM-003491,ORG-017,AST-03491,353,11,6,23,42,11,137,12,0.37,High,9.4
IAM-003492,ORG-020,AST-03492,176,5,2,6,34,4,86,17,0.93,High,8.9
IAM-003493,ORG-019,AST-03493,384,7,2,29,63,1,145,8,0.69,Low,4.2
IAM-003494,ORG-013,AST-03494,216,16,2,21,38,12,111,22,0.31,High,9.3
IAM-003495,ORG-010,AST-03495,353,12,4,23,74,3,134,13,0.59,Medium,4.2
IAM-003496,ORG-002,AST-03496,209,2,8,8,87,1,105,18,0.88,Low,5.8
IAM-003497,ORG-004,AST-03497,77,2,2,2,59,1,66,1,0.44,Low,5.2
IAM-003498,ORG-008,AST-03498,37,2,0,0,84,2,80,12,0.33,High,5.4
IAM-003499,ORG-020,AST-03499,393,29,15,33,74,19,34,6,0.5,High,7.7
IAM-003500,ORG-022,AST-03500,69,4,2,6,49,0,48,5,0.8,Low,4.1
IAM-003501,ORG-014,AST-03501,74,2,3,5,86,1,96,12,0.63,Low,4.6
IAM-003502,ORG-015,AST-03502,442,21,10,11,66,2,91,9,0.7,Low,5.5
IAM-003503,ORG-014,AST-03503,121,7,4,12,32,7,109,17,0.49,High,10
IAM-003504,ORG-020,AST-03504,398,7,9,33,80,3,82,5,0.91,Medium,4.5
IAM-003505,ORG-018,AST-03505,71,2,1,2,37,1,5,1,0.98,Low,5.9
IAM-003506,ORG-003,AST-03506,250,25,5,10,94,19,60,7,0.98,High,4.5
IAM-003507,ORG-024,AST-03507,407,11,1,5,85,7,85,0,0.65,High,2.8
IAM-003508,ORG-018,AST-03508,400,39,6,22,35,0,118,12,0.56,Low,6.6
IAM-003509,ORG-020,AST-03509,469,12,9,35,46,3,106,10,0.59,Medium,6.7
IAM-003510,ORG-014,AST-03510,379,35,1,26,32,26,70,8,0.59,High,7.9
IAM-003511,ORG-025,AST-03511,129,8,2,9,59,4,47,0,0.51,Medium,4.3
IAM-003512,ORG-022,AST-03512,41,3,0,2,98,3,144,9,0.69,High,3.7
IAM-003513,ORG-005,AST-03513,329,14,16,21,58,7,110,21,0.62,Medium,9.8
IAM-003514,ORG-019,AST-03514,399,21,17,30,48,13,132,15,0.86,High,9.9
IAM-003515,ORG-004,AST-03515,151,10,5,15,52,6,113,18,0.54,High,8.3
IAM-003516,ORG-024,AST-03516,415,30,19,5,83,8,28,1,0.37,Medium,6.0
IAM-003517,ORG-005,AST-03517,470,3,17,7,47,0,13,2,0.59,Low,6.7
IAM-003518,ORG-013,AST-03518,199,9,3,9,89,4,125,10,0.67,Medium,3.7
IAM-003519,ORG-007,AST-03519,467,17,3,26,78,9,87,7,0.82,High,4.4
IAM-003520,ORG-024,AST-03520,104,2,0,7,32,0,15,3,0.5,Low,4.4
IAM-003521,ORG-019,AST-03521,243,24,8,13,94,20,139,20,0.58,High,6.3
IAM-003522,ORG-003,AST-03522,312,10,8,29,58,8,9,0,0.77,High,7.1
IAM-003523,ORG-025,AST-03523,192,9,3,11,54,5,190,11,0.37,High,6.8
IAM-003524,ORG-007,AST-03524,396,32,10,17,73,27,145,1,0.57,High,6.3
IAM-003525,ORG-014,AST-03525,28,2,0,0,86,1,50,9,0.31,Low,3.4
IAM-003526,ORG-014,AST-03526,333,17,15,2,40,10,147,16,0.74,High,10
IAM-003527,ORG-004,AST-03527,263,19,0,15,56,4,52,2,0.81,Medium,3.8
IAM-003528,ORG-015,AST-03528,200,7,9,19,89,1,67,9,0.98,Low,4.0
IAM-003529,ORG-019,AST-03529,70,1,2,2,63,0,172,1,0.48,Low,2.5
IAM-003530,ORG-001,AST-03530,291,6,5,14,69,2,3,0,0.77,Low,4.4
IAM-003531,ORG-021,AST-03531,33,1,0,0,42,1,176,12,0.67,High,8.0
IAM-003532,ORG-014,AST-03532,256,25,5,1,93,8,154,16,0.36,Medium,4.4
IAM-003533,ORG-001,AST-03533,34,2,1,3,86,0,185,32,0.36,Low,4.0
IAM-003534,ORG-012,AST-03534,70,5,3,0,43,4,149,5,0.92,High,7.7
IAM-003535,ORG-005,AST-03535,340,14,5,28,73,7,101,11,0.93,Medium,5.2
IAM-003536,ORG-013,AST-03536,53,4,2,0,58,4,146,0,0.87,High,6.6
IAM-003537,ORG-022,AST-03537,208,5,8,10,75,2,125,1,0.52,Low,4.8
IAM-003538,ORG-011,AST-03538,54,1,0,1,52,0,7,0,0.38,Low,3.1
IAM-003539,ORG-018,AST-03539,63,3,1,1,75,3,149,12,0.46,High,6.2
IAM-003540,ORG-005,AST-03540,273,18,2,22,38,17,30,2,0.5,High,7.3
IAM-003541,ORG-022,AST-03541,488,44,5,43,65,29,128,3,0.64,High,6.1
IAM-003542,ORG-011,AST-03542,346,30,12,29,61,16,47,5,0.61,High,7.3
IAM-003543,ORG-002,AST-03543,403,39,20,2,61,0,133,0,0.75,Low,6.2
IAM-003544,ORG-007,AST-03544,144,3,5,2,37,0,193,19,0.32,Low,7.1
IAM-003545,ORG-010,AST-03545,59,2,1,5,45,1,121,16,0.77,Low,6.5
IAM-003546,ORG-005,AST-03546,110,5,2,7,75,0,110,6,0.79,Low,2.3
IAM-003547,ORG-011,AST-03547,18,2,0,1,44,2,23,1,0.84,High,7.1
IAM-003548,ORG-024,AST-03548,241,10,3,9,51,7,142,18,0.89,High,7.7
IAM-003549,ORG-008,AST-03549,85,4,1,3,65,1,25,2,0.93,Low,3.1
IAM-003550,ORG-012,AST-03550,6,2,0,0,34,0,194,19,0.97,Low,6.2
IAM-003551,ORG-003,AST-03551,451,19,3,13,100,1,96,4,0.36,Low,1.1
IAM-003552,ORG-002,AST-03552,381,33,2,28,46,0,199,32,0.67,Low,7.7
IAM-003553,ORG-024,AST-03553,132,6,4,9,93,4,125,5,0.91,High,4.2
IAM-003554,ORG-018,AST-03554,192,15,3,1,57,10,192,3,0.83,High,5.7
IAM-003555,ORG-019,AST-03555,262,18,13,13,87,6,134,1,0.82,Medium,4.9
IAM-003556,ORG-016,AST-03556,330,26,4,8,52,16,0,0,0.53,High,6.2
IAM-003557,ORG-015,AST-03557,197,4,8,0,100,1,14,0,0.87,Low,2.1
IAM-003558,ORG-024,AST-03558,329,32,0,29,67,25,37,2,0.81,High,4.5
IAM-003559,ORG-019,AST-03559,309,8,15,30,47,3,66,9,0.83,Medium,8.6
IAM-003560,ORG-012,AST-03560,129,8,3,7,57,3,78,6,0.9,Medium,5.1
IAM-003561,ORG-023,AST-03561,357,19,2,18,98,2,112,15,0.56,Low,2.7
IAM-003562,ORG-007,AST-03562,61,5,0,3,77,2,127,9,0.53,Low,3.3
IAM-003563,ORG-021,AST-03563,64,5,2,1,84,5,42,2,0.85,High,5.1
IAM-003564,ORG-014,AST-03564,423,42,14,15,41,35,183,5,0.65,High,10
IAM-003565,ORG-010,AST-03565,466,27,5,31,93,9,188,4,0.59,Medium,2.6
IAM-003566,ORG-009,AST-03566,109,2,5,9,62,2,118,12,0.57,High,7.5
IAM-003567,ORG-002,AST-03567,396,14,5,16,58,4,97,4,0.97,Medium,4.8
IAM-003568,ORG-008,AST-03568,331,25,10,21,95,0,88,1,0.49,Low,2.8
IAM-003569,ORG-011,AST-03569,364,11,18,3,73,0,138,8,0.59,Low,5.7
IAM-003570,ORG-009,AST-03570,215,14,1,12,60,2,171,22,0.58,Low,5.7
IAM-003571,ORG-010,AST-03571,410,33,11,4,43,18,18,1,0.41,High,7.3
IAM-003572,ORG-016,AST-03572,172,7,3,3,56,3,156,1,0.52,Medium,5.1
IAM-003573,ORG-015,AST-03573,383,35,12,13,85,28,2,1,0.85,High,6.3
IAM-003574,ORG-007,AST-03574,350,27,7,4,73,22,29,5,0.31,High,5.8
IAM-003575,ORG-002,AST-03575,166,7,8,14,56,0,105,6,0.72,Low,5.5
IAM-003576,ORG-007,AST-03576,100,6,4,9,99,3,73,1,0.44,Medium,2.3
IAM-003577,ORG-007,AST-03577,497,39,8,23,47,1,143,18,0.94,Low,7.2
IAM-003578,ORG-019,AST-03578,138,2,3,11,80,1,139,26,0.37,Low,5.7
IAM-003579,ORG-016,AST-03579,8,2,0,0,79,0,123,20,0.99,Low,2.9
IAM-003580,ORG-019,AST-03580,79,3,1,2,77,0,115,23,0.36,Low,3.7
IAM-003581,ORG-017,AST-03581,370,21,0,35,54,21,62,12,0.52,High,6.9
IAM-003582,ORG-006,AST-03582,398,39,16,2,41,15,83,9,0.78,Medium,8.9
IAM-003583,ORG-009,AST-03583,284,20,5,19,93,10,145,14,1.0,Medium,4.8
IAM-003584,ORG-003,AST-03584,141,7,7,3,71,7,176,1,0.88,High,6.3
IAM-003585,ORG-008,AST-03585,358,12,7,22,37,4,169,17,0.49,Medium,8.6
IAM-003586,ORG-024,AST-03586,430,39,7,5,71,25,92,7,0.48,High,6.1
IAM-003587,ORG-020,AST-03587,236,9,2,15,64,5,98,18,0.33,High,6.7
IAM-003588,ORG-014,AST-03588,168,2,3,5,58,2,21,2,0.96,High,6.5
IAM-003589,ORG-002,AST-03589,447,19,1,14,95,1,42,4,0.98,Low,1.5
IAM-003590,ORG-020,AST-03590,424,32,1,16,54,11,20,2,0.87,Medium,4.9
IAM-003591,ORG-020,AST-03591,162,15,1,1,33,2,146,27,0.43,Low,7.7
IAM-003592,ORG-012,AST-03592,123,3,6,1,99,0,57,6,0.91,Low,1.4
IAM-003593,ORG-019,AST-03593,176,11,0,6,90,4,113,7,0.89,Medium,2.5
IAM-003594,ORG-020,AST-03594,221,21,3,15,31,13,21,2,0.56,High,7.4
IAM-003595,ORG-001,AST-03595,213,3,5,17,85,2,111,1,0.68,High,3.8
IAM-003596,ORG-022,AST-03596,6,1,0,0,89,0,119,16,0.81,Low,2.7
IAM-003597,ORG-024,AST-03597,123,6,6,10,60,2,165,6,0.57,Low,5.9
IAM-003598,ORG-019,AST-03598,140,7,6,1,85,3,150,9,0.63,Medium,4.6
IAM-003599,ORG-008,AST-03599,372,19,13,30,93,3,185,2,0.7,Medium,3.9
IAM-003600,ORG-018,AST-03600,178,10,7,4,55,1,10,0,0.36,Low,4.4
IAM-003601,ORG-015,AST-03601,110,6,4,7,60,2,188,13,0.63,Low,5.6
IAM-003602,ORG-010,AST-03602,468,15,23,21,96,9,200,18,0.81,High,8.6
IAM-003603,ORG-014,AST-03603,155,1,2,4,90,0,96,13,0.88,Low,2.5
IAM-003604,ORG-003,AST-03604,313,7,8,7,97,5,43,0,0.47,High,4.0
IAM-003605,ORG-016,AST-03605,276,8,7,22,58,4,20,0,0.52,Medium,5.5
IAM-003606,ORG-019,AST-03606,158,12,2,4,96,1,43,3,0.41,Low,1.0
IAM-003607,ORG-001,AST-03607,371,12,1,11,32,10,53,4,0.99,High,7.7
IAM-003608,ORG-007,AST-03608,309,1,11,2,39,1,10,2,0.31,High,9.9
IAM-003609,ORG-015,AST-03609,448,13,8,5,45,1,120,13,0.54,Low,6.5
IAM-003610,ORG-023,AST-03610,118,6,4,10,74,3,35,1,0.64,Medium,4.5
IAM-003611,ORG-017,AST-03611,124,10,3,1,78,7,187,9,0.78,High,4.7
IAM-003612,ORG-002,AST-03612,218,21,9,9,64,14,91,15,0.89,High,8.2
IAM-003613,ORG-020,AST-03613,173,1,5,0,71,0,118,5,0.64,Low,3.1
IAM-003614,ORG-004,AST-03614,416,36,10,38,66,17,108,21,1.0,Medium,7.6
IAM-003615,ORG-006,AST-03615,354,17,8,12,96,8,49,2,0.47,Medium,3.5
IAM-003616,ORG-002,AST-03616,398,25,7,31,87,9,130,19,0.68,Medium,5.1
IAM-003617,ORG-020,AST-03617,455,11,19,15,73,10,13,1,0.61,High,8.3
IAM-003618,ORG-024,AST-03618,147,2,6,2,81,1,31,0,1.0,Low,3.8
IAM-003619,ORG-012,AST-03619,434,21,8,6,75,18,146,8,0.36,High,6.7
IAM-003620,ORG-012,AST-03620,103,8,0,3,86,4,187,22,0.91,Medium,4.4
IAM-003621,ORG-010,AST-03621,326,20,11,28,57,19,48,3,0.35,High,7.8
IAM-003622,ORG-025,AST-03622,354,27,13,7,94,14,34,0,0.71,High,5.0
IAM-003623,ORG-025,AST-03623,221,21,4,14,64,6,16,2,0.6,Medium,4.4
IAM-003624,ORG-008,AST-03624,113,10,5,4,82,10,83,14,0.68,High,6.9
IAM-003625,ORG-021,AST-03625,416,35,7,10,35,4,21,1,0.44,Medium,6.5
IAM-003626,ORG-004,AST-03626,275,22,6,8,98,9,122,20,0.77,Medium,4.2
IAM-003627,ORG-005,AST-03627,447,1,14,3,86,1,43,5,0.49,High,6.8
IAM-003628,ORG-020,AST-03628,112,8,5,9,54,5,17,3,0.79,High,6.0
IAM-003629,ORG-018,AST-03629,133,10,5,13,32,7,14,0,0.69,High,8.1
IAM-003630,ORG-005,AST-03630,345,24,15,8,53,10,98,18,0.47,Medium,9.5
IAM-003631,ORG-005,AST-03631,174,12,6,2,89,10,65,8,0.82,High,5.1
IAM-003632,ORG-018,AST-03632,344,6,6,24,49,3,18,3,0.6,Medium,6.4
IAM-003633,ORG-019,AST-03633,203,18,5,6,52,0,45,3,0.87,Low,4.6
IAM-003634,ORG-008,AST-03634,342,6,9,30,94,6,113,9,0.96,High,6.6
IAM-003635,ORG-011,AST-03635,311,29,1,29,88,10,134,10,0.38,Medium,3.5
IAM-003636,ORG-011,AST-03636,226,11,8,6,71,5,111,5,0.98,Medium,5.3
IAM-003637,ORG-018,AST-03637,94,7,0,7,39,6,72,9,0.49,High,7.6
IAM-003638,ORG-015,AST-03638,156,8,4,2,97,2,56,10,0.83,Low,3.0
IAM-003639,ORG-004,AST-03639,428,15,2,6,49,4,11,1,0.57,Medium,4.6
IAM-003640,ORG-009,AST-03640,88,8,1,5,53,7,126,10,0.48,High,7.2
IAM-003641,ORG-017,AST-03641,367,34,8,12,37,18,23,0,0.71,High,7.1
IAM-003642,ORG-019,AST-03642,458,43,2,33,58,9,142,20,0.51,Medium,6.0
IAM-003643,ORG-001,AST-03643,216,15,3,0,50,9,92,16,0.58,High,7.4
IAM-003644,ORG-001,AST-03644,385,15,13,17,48,5,184,4,0.52,Medium,7.5
IAM-003645,ORG-016,AST-03645,368,12,2,7,58,8,43,2,0.94,High,5.8
IAM-003646,ORG-006,AST-03646,41,4,2,4,78,1,134,2,0.73,Low,2.9
IAM-003647,ORG-010,AST-03647,186,17,1,17,37,0,189,24,0.6,Low,7.0
IAM-003648,ORG-004,AST-03648,353,5,0,2,34,2,144,4,0.9,Low,6.0
IAM-003649,ORG-025,AST-03649,111,1,4,8,31,1,30,1,0.45,High,8.1
IAM-003650,ORG-010,AST-03650,339,29,3,15,96,17,49,0,0.41,High,3.1
IAM-003651,ORG-023,AST-03651,484,6,10,8,92,1,25,0,0.88,Low,3.4
IAM-003652,ORG-015,AST-03652,412,33,10,29,89,19,108,16,0.75,High,6.3
IAM-003653,ORG-001,AST-03653,162,5,3,8,99,0,80,7,0.52,Low,1.4
IAM-003654,ORG-016,AST-03654,347,27,15,25,69,26,15,2,0.54,High,7.8
IAM-003655,ORG-004,AST-03655,220,18,1,6,72,15,195,8,0.93,High,5.3
IAM-003656,ORG-011,AST-03656,460,10,2,29,100,7,177,14,0.69,High,3.7
IAM-003657,ORG-023,AST-03657,120,4,4,1,92,4,104,16,0.71,High,5.6
IAM-003658,ORG-017,AST-03658,309,24,11,10,95,15,58,1,0.54,High,4.6
IAM-003659,ORG-017,AST-03659,207,16,6,20,69,9,81,13,0.68,High,6.6
IAM-003660,ORG-020,AST-03660,317,13,15,13,32,12,42,7,0.39,High,10
IAM-003661,ORG-016,AST-03661,343,3,16,24,86,2,30,3,0.64,High,6.5
IAM-003662,ORG-022,AST-03662,33,2,1,1,82,1,148,17,0.76,Low,4.9
IAM-003663,ORG-016,AST-03663,165,6,8,7,35,3,197,37,0.42,Medium,10
IAM-003664,ORG-005,AST-03664,411,39,14,21,40,10,138,12,0.32,Medium,8.7
IAM-003665,ORG-016,AST-03665,14,1,0,1,84,1,189,3,0.49,High,4.0
IAM-003666,ORG-022,AST-03666,358,32,5,12,31,20,18,2,0.77,High,7.5
IAM-003667,ORG-011,AST-03667,459,6,18,8,51,5,98,12,0.55,High,10
IAM-003668,ORG-001,AST-03668,11,1,0,0,84,1,135,13,0.97,High,5.2
IAM-003669,ORG-006,AST-03669,408,14,16,15,47,0,155,18,0.4,Low,8.5
IAM-003670,ORG-016,AST-03670,131,10,3,1,81,4,51,1,0.53,Medium,3.2
IAM-003671,ORG-006,AST-03671,356,18,13,29,62,10,19,2,0.57,High,7.5
IAM-003672,ORG-013,AST-03672,136,4,3,9,50,2,196,25,0.46,Low,8.2
IAM-003673,ORG-005,AST-03673,387,18,16,28,95,11,18,3,0.78,High,6.0
IAM-003674,ORG-010,AST-03674,89,2,1,2,56,2,8,1,0.75,High,6.0
IAM-003675,ORG-024,AST-03675,267,17,8,7,72,5,64,11,0.41,Medium,5.7
IAM-003676,ORG-019,AST-03676,136,11,4,12,64,4,60,1,0.31,Medium,3.9
IAM-003677,ORG-015,AST-03677,287,26,13,13,82,25,83,11,0.38,High,7.6
IAM-003678,ORG-011,AST-03678,307,14,7,8,58,7,106,16,0.4,Medium,7.6
IAM-003679,ORG-004,AST-03679,462,29,19,42,95,18,111,1,0.79,High,6.2
IAM-003680,ORG-010,AST-03680,224,21,2,20,85,0,68,7,0.45,Low,2.0
IAM-003681,ORG-007,AST-03681,308,5,1,7,66,5,82,9,0.8,High,6.7
IAM-003682,ORG-017,AST-03682,93,3,1,8,89,1,158,23,0.89,Low,4.6
IAM-003683,ORG-017,AST-03683,455,9,3,7,33,2,157,10,0.47,Low,6.3
IAM-003684,ORG-020,AST-03684,355,28,15,32,100,28,125,10,0.51,High,7.3
IAM-003685,ORG-021,AST-03685,455,44,8,5,31,3,158,3,0.38,Medium,7.0
IAM-003686,ORG-008,AST-03686,145,12,2,7,73,3,97,14,0.5,Medium,4.7
IAM-003687,ORG-020,AST-03687,298,15,9,15,64,2,7,0,0.57,Low,4.5
IAM-003688,ORG-013,AST-03688,254,2,4,21,76,2,67,2,0.48,High,5.5
IAM-003689,ORG-004,AST-03689,148,7,4,0,51,5,181,3,0.45,High,6.0
IAM-003690,ORG-018,AST-03690,57,3,0,5,91,0,48,3,0.89,Low,0.6
IAM-003691,ORG-020,AST-03691,146,9,2,3,39,3,123,15,0.35,Medium,6.8
IAM-003692,ORG-005,AST-03692,362,20,1,6,52,1,54,9,0.86,Low,4.4
IAM-003693,ORG-007,AST-03693,31,1,1,1,42,1,72,0,0.69,High,7.5
IAM-003694,ORG-002,AST-03694,132,11,5,2,67,10,120,8,0.38,High,6.4
IAM-003695,ORG-024,AST-03695,73,3,2,1,83,1,180,11,0.91,Low,3.2
IAM-003696,ORG-017,AST-03696,368,28,1,25,30,12,181,22,0.58,Medium,8.5
IAM-003697,ORG-004,AST-03697,332,28,0,10,93,26,112,16,0.68,High,5.3
IAM-003698,ORG-025,AST-03698,477,6,8,8,72,0,18,3,0.76,Low,4.2
IAM-003699,ORG-025,AST-03699,464,30,13,17,30,23,89,6,0.91,High,10
IAM-003700,ORG-024,AST-03700,11,1,0,0,73,1,43,4,0.72,High,5.7
IAM-003701,ORG-004,AST-03701,9,2,0,0,91,0,7,0,0.51,Low,0.1
IAM-003702,ORG-023,AST-03702,228,12,2,13,90,1,200,35,0.32,Low,4.7
IAM-003703,ORG-021,AST-03703,499,32,13,9,52,13,125,19,0.66,Medium,8.5
IAM-003704,ORG-023,AST-03704,50,4,0,2,39,1,108,15,0.88,Low,6.3
IAM-003705,ORG-005,AST-03705,232,6,3,3,33,2,131,4,0.94,Low,6.2
IAM-003706,ORG-014,AST-03706,443,24,10,22,89,10,18,2,0.51,Medium,3.8
IAM-003707,ORG-005,AST-03707,477,36,0,20,66,3,59,8,0.68,Medium,3.7
IAM-003708,ORG-004,AST-03708,492,31,18,40,96,1,35,6,0.63,Low,4.6
IAM-003709,ORG-017,AST-03709,200,1,8,19,54,0,199,0,0.67,Low,4.3
IAM-003710,ORG-016,AST-03710,93,3,1,2,36,2,40,0,0.53,High,6.6
IAM-003711,ORG-003,AST-03711,441,5,13,2,49,5,178,14,0.66,High,10
IAM-003712,ORG-022,AST-03712,371,17,1,27,96,14,149,22,0.43,High,5.6
IAM-003713,ORG-010,AST-03713,490,24,19,41,65,19,187,34,0.72,High,10
IAM-003714,ORG-005,AST-03714,373,35,9,4,100,3,94,7,0.41,Medium,2.7
IAM-003715,ORG-013,AST-03715,84,1,1,4,35,0,146,19,0.64,Low,6.8
IAM-003716,ORG-002,AST-03716,35,1,1,1,51,0,157,19,0.46,Low,5.1
IAM-003717,ORG-024,AST-03717,444,38,13,2,91,27,117,11,0.87,High,6.7
IAM-003718,ORG-023,AST-03718,399,37,10,31,41,27,119,13,0.79,High,9.5
IAM-003719,ORG-001,AST-03719,420,12,0,26,37,7,181,11,0.66,High,6.9
IAM-003720,ORG-012,AST-03720,60,6,1,1,50,1,7,0,0.64,Low,4.0
IAM-003721,ORG-025,AST-03721,442,20,0,30,90,10,6,0,0.61,Medium,2.6
IAM-003722,ORG-006,AST-03722,247,13,1,2,50,7,21,1,0.5,High,5.7
IAM-003723,ORG-021,AST-03723,354,32,10,19,74,10,192,24,0.68,Medium,7.1
IAM-003724,ORG-018,AST-03724,251,15,7,15,97,12,134,16,0.9,High,5.4
IAM-003725,ORG-012,AST-03725,6,1,0,0,95,0,18,3,0.55,Low,0.8
IAM-003726,ORG-022,AST-03726,285,24,13,0,88,8,95,4,0.85,Medium,4.8
IAM-003727,ORG-003,AST-03727,74,1,1,2,93,1,176,25,0.83,High,5.8
IAM-003728,ORG-001,AST-03728,43,3,1,2,64,2,71,3,0.9,High,4.6
IAM-003729,ORG-025,AST-03729,76,4,3,5,49,4,160,8,0.6,High,7.9
IAM-003730,ORG-025,AST-03730,118,2,0,3,36,0,21,3,0.38,Low,5.1
IAM-003731,ORG-005,AST-03731,166,5,8,12,50,3,160,31,0.5,High,10
IAM-003732,ORG-022,AST-03732,26,1,1,1,94,1,130,18,0.42,High,5.2
IAM-003733,ORG-012,AST-03733,319,20,1,17,33,5,133,26,0.49,Medium,8.4
IAM-003734,ORG-007,AST-03734,146,11,5,1,38,5,129,8,0.54,Medium,7.3
IAM-003735,ORG-021,AST-03735,9,1,0,0,43,0,137,15,0.73,Low,5.8
IAM-003736,ORG-013,AST-03736,50,3,1,0,49,3,46,7,0.97,High,7.4
IAM-003737,ORG-016,AST-03737,345,27,16,13,82,14,31,0,0.47,High,6.1
IAM-003738,ORG-002,AST-03738,18,2,0,1,72,2,104,0,0.4,High,4.5
IAM-003739,ORG-024,AST-03739,298,5,13,22,68,3,192,10,0.62,High,7.7
IAM-003740,ORG-021,AST-03740,203,5,4,17,61,2,177,27,0.4,Low,7.0
IAM-003741,ORG-024,AST-03741,230,11,3,1,34,4,164,13,0.44,Medium,7.3
IAM-003742,ORG-003,AST-03742,69,2,0,3,55,2,0,1,0.83,High,5.7
IAM-003743,ORG-009,AST-03743,431,16,13,41,70,12,62,10,0.79,High,7.4
IAM-003744,ORG-024,AST-03744,322,18,1,9,33,4,168,14,0.59,Medium,7.1
IAM-003745,ORG-018,AST-03745,266,11,3,17,30,3,107,17,0.87,Medium,7.4
IAM-003746,ORG-009,AST-03746,82,5,3,8,73,5,11,0,0.3,High,5.1
IAM-003747,ORG-024,AST-03747,256,7,7,22,86,5,1,0,0.78,High,4.6
IAM-003748,ORG-006,AST-03748,37,2,1,1,41,2,9,1,0.31,High,7.3
IAM-003749,ORG-017,AST-03749,315,17,10,26,45,0,143,2,0.75,Low,5.8
IAM-003750,ORG-012,AST-03750,167,1,3,5,79,0,161,22,0.71,Low,4.3
IAM-003751,ORG-017,AST-03751,184,4,6,18,46,3,52,0,0.94,High,7.0
IAM-003752,ORG-004,AST-03752,461,46,19,7,80,40,26,3,0.84,High,7.9
IAM-003753,ORG-011,AST-03753,235,21,6,21,81,11,188,32,0.47,High,7.7
IAM-003754,ORG-005,AST-03754,7,2,0,0,45,1,189,6,0.63,Low,5.3
IAM-003755,ORG-010,AST-03755,44,3,2,1,84,2,25,3,0.45,High,4.2
IAM-003756,ORG-008,AST-03756,316,10,9,25,43,10,195,33,0.79,High,10
IAM-003757,ORG-005,AST-03757,381,14,19,33,88,12,200,22,0.98,High,9.0
IAM-003758,ORG-009,AST-03758,474,34,23,38,49,11,147,13,0.95,Medium,10
IAM-003759,ORG-022,AST-03759,364,3,9,2,41,2,82,11,0.72,High,9.3
IAM-003760,ORG-003,AST-03760,315,8,5,21,96,7,70,3,0.68,High,3.7
IAM-003761,ORG-025,AST-03761,434,18,17,1,49,6,32,2,0.94,Medium,8.1
IAM-003762,ORG-003,AST-03762,96,1,0,4,92,1,127,3,0.93,High,3.8
IAM-003763,ORG-011,AST-03763,493,9,10,9,37,8,44,2,0.83,High,9.3
IAM-003764,ORG-005,AST-03764,221,5,10,14,65,5,125,17,0.66,High,8.6
IAM-003765,ORG-008,AST-03765,482,26,6,36,87,17,34,1,0.58,High,3.8
IAM-003766,ORG-013,AST-03766,478,26,10,21,82,23,88,16,0.4,High,7.5
IAM-003767,ORG-003,AST-03767,406,34,8,1,39,9,176,9,0.66,Medium,7.3
IAM-003768,ORG-007,AST-03768,436,35,19,9,87,23,121,18,0.8,High,8.9
IAM-003769,ORG-015,AST-03769,451,17,18,22,41,16,67,12,0.93,High,10
IAM-003770,ORG-012,AST-03770,250,13,2,22,35,7,106,2,0.56,High,6.4
IAM-003771,ORG-010,AST-03771,127,5,6,10,47,4,43,0,0.76,High,6.7
IAM-003772,ORG-018,AST-03772,186,10,3,14,30,8,28,2,0.73,High,7.5
IAM-003773,ORG-010,AST-03773,60,4,2,6,86,2,164,8,0.48,Low,3.9
IAM-003774,ORG-002,AST-03774,368,18,9,4,40,6,60,9,0.95,Medium,7.6
IAM-003775,ORG-021,AST-03775,491,1,20,32,70,1,138,20,0.65,High,10
IAM-003776,ORG-010,AST-03776,274,5,13,22,41,4,200,12,0.94,High,10
IAM-003777,ORG-023,AST-03777,414,24,10,37,73,9,195,20,0.56,Medium,6.7
IAM-003778,ORG-010,AST-03778,235,20,8,11,55,11,17,3,0.52,High,6.3
IAM-003779,ORG-002,AST-03779,94,5,3,0,84,4,130,21,0.72,High,5.9
IAM-003780,ORG-022,AST-03780,355,15,0,24,95,0,31,5,0.34,Low,0.8
IAM-003781,ORG-024,AST-03781,485,19,11,13,59,3,47,8,0.86,Medium,6.2
IAM-003782,ORG-020,AST-03782,345,7,0,32,43,0,180,16,0.92,Low,5.4
IAM-003783,ORG-023,AST-03783,219,6,2,15,95,0,175,9,0.97,Low,1.5
IAM-003784,ORG-007,AST-03784,196,6,8,2,74,0,47,8,0.89,Low,4.5
IAM-003785,ORG-018,AST-03785,340,24,4,20,36,7,23,3,0.36,Medium,6.0
IAM-003786,ORG-008,AST-03786,105,9,2,2,51,0,30,2,0.86,Low,4.1
IAM-003787,ORG-017,AST-03787,448,1,16,12,53,1,58,0,0.46,High,9.4
IAM-003788,ORG-016,AST-03788,487,1,2,30,89,0,92,7,0.39,Low,1.5
IAM-003789,ORG-014,AST-03789,303,3,7,5,89,1,43,6,0.41,Low,3.8
IAM-003790,ORG-022,AST-03790,390,17,10,31,46,7,50,0,0.62,Medium,6.6
IAM-003791,ORG-005,AST-03791,425,1,10,6,45,1,162,24,0.53,High,10
IAM-003792,ORG-022,AST-03792,123,3,0,8,30,3,39,0,0.32,High,7.9
IAM-003793,ORG-005,AST-03793,453,7,21,11,35,1,23,4,0.78,Low,9.5
IAM-003794,ORG-004,AST-03794,135,8,4,5,63,3,135,10,0.4,Medium,5.9
IAM-003795,ORG-020,AST-03795,498,4,22,16,42,1,72,11,0.56,Low,10
IAM-003796,ORG-013,AST-03796,406,9,4,5,66,1,7,1,0.37,Low,3.2
IAM-003797,ORG-016,AST-03797,468,38,21,2,85,13,170,14,0.91,Medium,8.0
IAM-003798,ORG-001,AST-03798,176,5,3,13,54,5,177,8,0.9,High,7.6
IAM-003799,ORG-017,AST-03799,328,14,14,2,65,0,42,4,0.75,Low,5.8
IAM-003800,ORG-007,AST-03800,473,36,5,31,83,6,187,2,0.53,Medium,2.9
IAM-003801,ORG-008,AST-03801,324,28,6,16,85,11,92,14,0.47,Medium,4.5
IAM-003802,ORG-006,AST-03802,465,39,23,14,54,7,38,6,0.98,Medium,8.8
IAM-003803,ORG-023,AST-03803,395,22,3,21,33,6,103,1,0.63,Medium,5.6
IAM-003804,ORG-014,AST-03804,491,24,14,18,55,21,160,12,0.65,High,9.4
IAM-003805,ORG-011,AST-03805,325,11,1,6,55,1,148,18,0.45,Low,5.8
IAM-003806,ORG-010,AST-03806,86,5,1,2,77,1,25,3,0.74,Low,2.7
IAM-003807,ORG-008,AST-03807,411,22,6,9,72,1,118,13,0.51,Low,4.3
IAM-003808,ORG-014,AST-03808,28,1,0,1,97,1,136,9,0.34,High,4.2
IAM-003809,ORG-014,AST-03809,128,9,6,4,37,0,108,15,0.47,Low,7.1
IAM-003810,ORG-020,AST-03810,137,9,5,0,75,0,114,6,0.57,Low,3.3
IAM-003811,ORG-011,AST-03811,482,5,11,29,73,4,180,24,0.54,High,9.0
IAM-003812,ORG-008,AST-03812,437,17,18,40,78,14,61,2,0.35,High,7.2
IAM-003813,ORG-007,AST-03813,212,8,3,2,71,6,197,11,0.39,High,6.3
IAM-003814,ORG-008,AST-03814,198,6,0,9,94,5,75,2,0.5,High,3.5
IAM-003815,ORG-007,AST-03815,106,7,0,7,99,5,153,11,0.55,High,3.6
IAM-003816,ORG-019,AST-03816,314,18,5,19,66,4,65,10,0.8,Medium,4.7
IAM-003817,ORG-014,AST-03817,234,13,11,22,32,4,107,17,0.98,Medium,9.2
IAM-003818,ORG-019,AST-03818,427,42,20,41,43,41,108,10,0.53,High,10
IAM-003819,ORG-002,AST-03819,105,4,2,7,93,0,40,8,0.83,Low,1.9
IAM-003820,ORG-015,AST-03820,379,23,2,12,91,14,68,0,0.42,High,2.9
IAM-003821,ORG-018,AST-03821,351,19,16,31,91,4,125,2,0.69,Medium,4.9
IAM-003822,ORG-017,AST-03822,500,43,22,3,50,22,200,34,0.68,High,10
IAM-003823,ORG-020,AST-03823,243,1,0,8,91,0,156,19,0.34,Low,2.6
IAM-003824,ORG-002,AST-03824,476,4,13,12,71,1,3,1,0.72,Low,5.2
IAM-003825,ORG-014,AST-03825,385,2,19,8,55,0,161,16,0.41,Low,8.0
IAM-003826,ORG-015,AST-03826,488,20,9,11,67,2,67,9,0.45,Low,5.1
IAM-003827,ORG-007,AST-03827,211,13,0,3,96,2,171,31,0.7,Low,3.3
IAM-003828,ORG-021,AST-03828,172,13,5,12,47,3,56,9,0.48,Medium,6.6
IAM-003829,ORG-005,AST-03829,85,4,4,4,71,2,14,1,0.44,Low,4.3
IAM-003830,ORG-015,AST-03830,350,20,5,32,84,19,176,2,0.61,High,4.9
IAM-003831,ORG-019,AST-03831,330,12,6,12,54,9,30,6,0.78,High,7.3
IAM-003832,ORG-002,AST-03832,274,11,1,25,94,6,102,6,0.88,High,3.2
IAM-003833,ORG-010,AST-03833,276,1,4,10,36,1,63,0,0.77,High,7.7
IAM-003834,ORG-002,AST-03834,211,12,6,12,47,11,87,3,0.77,High,7.4
IAM-003835,ORG-018,AST-03835,496,23,14,5,97,15,93,0,0.3,High,4.8
IAM-003836,ORG-011,AST-03836,125,9,5,5,45,2,126,14,0.55,Low,6.9
IAM-003837,ORG-002,AST-03837,259,9,3,6,86,7,44,3,0.74,High,4.2
IAM-003838,ORG-008,AST-03838,176,3,1,5,51,2,150,3,0.41,High,5.6
IAM-003839,ORG-010,AST-03839,362,16,3,16,32,5,55,3,0.47,Medium,6.1
IAM-003840,ORG-019,AST-03840,66,3,3,5,89,2,121,2,0.87,High,3.7
IAM-003841,ORG-017,AST-03841,273,15,1,3,45,9,24,1,0.46,High,5.8
IAM-003842,ORG-018,AST-03842,315,16,4,19,88,10,14,1,0.75,High,3.9
IAM-003843,ORG-010,AST-03843,406,11,13,12,78,5,170,18,0.48,Medium,7.3
IAM-003844,ORG-008,AST-03844,372,7,16,25,70,4,46,5,0.39,High,7.3
IAM-003845,ORG-006,AST-03845,378,26,6,15,49,7,199,19,0.75,Medium,7.3
IAM-003846,ORG-025,AST-03846,17,2,0,0,69,2,77,2,0.3,High,5.5
IAM-003847,ORG-024,AST-03847,480,43,1,32,62,33,8,1,0.8,High,5.3
IAM-003848,ORG-003,AST-03848,197,6,0,16,86,5,4,0,0.44,High,3.5
IAM-003849,ORG-025,AST-03849,347,21,3,19,44,13,0,0,0.9,High,6.4
IAM-003850,ORG-006,AST-03850,437,21,8,19,55,20,85,7,0.65,High,8.2
IAM-003851,ORG-025,AST-03851,66,5,1,3,60,4,71,14,0.8,High,6.6
IAM-003852,ORG-009,AST-03852,431,12,9,19,47,3,82,3,0.55,Medium,6.1
IAM-003853,ORG-010,AST-03853,346,34,6,19,78,6,113,11,0.73,Medium,4.0
IAM-003854,ORG-020,AST-03854,17,2,0,0,48,0,139,5,0.77,Low,4.1
IAM-003855,ORG-003,AST-03855,8,2,0,0,63,2,177,19,0.92,High,7.3
IAM-003856,ORG-017,AST-03856,185,10,9,6,49,8,146,17,0.34,High,9.5
IAM-003857,ORG-001,AST-03857,341,32,0,3,53,17,86,10,0.75,High,6.1
IAM-003858,ORG-011,AST-03858,29,1,0,1,95,0,43,1,0.46,Low,0.6
IAM-003859,ORG-025,AST-03859,39,2,0,3,99,1,88,4,0.89,Low,1.9
IAM-003860,ORG-012,AST-03860,473,5,11,20,52,4,196,19,0.94,High,9.8
IAM-003861,ORG-009,AST-03861,249,12,2,12,74,4,31,3,0.37,Medium,3.2
IAM-003862,ORG-021,AST-03862,311,26,4,25,39,16,124,13,0.83,High,7.6
IAM-003863,ORG-020,AST-03863,316,5,7,6,78,1,63,9,0.78,Low,4.3
IAM-003864,ORG-002,AST-03864,113,4,5,7,76,3,49,1,0.43,High,5.0
IAM-003865,ORG-011,AST-03865,67,6,1,3,71,3,14,1,0.6,Medium,3.5
IAM-003866,ORG-010,AST-03866,455,40,4,15,91,34,49,9,0.76,High,4.6
IAM-003867,ORG-024,AST-03867,314,9,15,13,83,3,25,1,0.51,Medium,4.9
IAM-003868,ORG-009,AST-03868,317,21,15,21,36,5,127,9,0.51,Medium,8.5
IAM-003869,ORG-022,AST-03869,324,3,6,0,53,2,190,37,0.87,High,10
IAM-003870,ORG-025,AST-03870,70,7,0,0,75,7,31,2,0.63,High,4.7
IAM-003871,ORG-018,AST-03871,357,4,15,30,84,2,176,23,0.87,Low,8.0
IAM-003872,ORG-024,AST-03872,195,13,4,4,93,5,118,9,0.97,Medium,2.8
IAM-003873,ORG-016,AST-03873,161,10,2,9,100,0,197,31,0.31,Low,3.2
IAM-003874,ORG-007,AST-03874,198,8,5,14,32,5,69,6,0.57,High,7.6
IAM-003875,ORG-010,AST-03875,133,7,6,13,90,2,33,1,0.61,Low,2.5
IAM-003876,ORG-016,AST-03876,81,2,3,7,42,1,14,2,0.74,Low,6.0
IAM-003877,ORG-007,AST-03877,467,3,3,34,49,3,18,1,0.87,High,7.1
IAM-003878,ORG-018,AST-03878,144,14,5,8,54,13,199,3,0.46,High,7.3
IAM-003879,ORG-008,AST-03879,187,16,6,12,91,8,90,0,0.57,Medium,3.0
IAM-003880,ORG-006,AST-03880,227,15,3,2,56,14,112,1,0.45,High,6.1
IAM-003881,ORG-018,AST-03881,310,27,9,26,43,25,189,15,0.57,High,10
IAM-003882,ORG-006,AST-03882,464,44,14,27,62,40,68,12,0.55,High,9.5
IAM-003883,ORG-011,AST-03883,257,19,1,12,42,19,38,6,0.44,High,7.3
IAM-003884,ORG-013,AST-03884,175,11,4,5,66,11,70,11,0.79,High,6.7
IAM-003885,ORG-019,AST-03885,291,4,8,22,90,3,152,28,0.87,High,7.1
IAM-003886,ORG-025,AST-03886,406,22,20,26,81,1,104,9,0.32,Low,5.9
IAM-003887,ORG-024,AST-03887,17,1,0,1,85,1,36,0,0.86,High,4.2
IAM-003888,ORG-019,AST-03888,112,10,0,6,35,1,68,9,0.46,Low,5.2
IAM-003889,ORG-005,AST-03889,254,4,2,9,38,4,50,2,0.31,High,7.5
IAM-003890,ORG-002,AST-03890,422,6,7,35,36,2,76,14,0.42,Low,8.0
IAM-003891,ORG-008,AST-03891,16,1,0,1,90,0,192,20,0.76,Low,2.2
IAM-003892,ORG-004,AST-03892,171,10,7,14,68,3,167,8,0.81,Medium,5.5
IAM-003893,ORG-001,AST-03893,261,14,5,6,43,10,128,2,0.7,High,7.4
IAM-003894,ORG-012,AST-03894,203,17,8,15,35,6,124,24,0.43,Medium,9.1
IAM-003895,ORG-002,AST-03895,317,17,3,17,51,7,61,10,0.9,Medium,6.1
IAM-003896,ORG-021,AST-03896,477,33,10,17,92,22,115,8,0.68,High,5.7
IAM-003897,ORG-004,AST-03897,106,5,0,9,73,4,155,8,0.8,High,5.4
IAM-003898,ORG-008,AST-03898,472,40,8,28,82,7,51,6,0.86,Medium,4.0
IAM-003899,ORG-024,AST-03899,163,4,0,8,78,1,89,5,0.52,Low,2.4
IAM-003900,ORG-025,AST-03900,55,1,0,0,65,1,141,25,0.83,High,8.1
IAM-003901,ORG-001,AST-03901,206,12,5,11,39,3,3,1,0.31,Medium,6.3
IAM-003902,ORG-025,AST-03902,301,8,7,19,62,2,199,24,0.37,Low,7.5
IAM-003903,ORG-009,AST-03903,164,3,1,11,92,3,169,8,0.65,High,4.1
IAM-003904,ORG-007,AST-03904,372,28,14,9,60,6,51,3,1.0,Medium,6.2
IAM-003905,ORG-011,AST-03905,387,34,8,5,57,17,178,28,0.37,Medium,8.4
IAM-003906,ORG-005,AST-03906,105,10,4,1,48,2,87,2,0.58,Low,5.4
IAM-003907,ORG-012,AST-03907,173,13,1,8,100,13,103,19,0.45,High,4.9
IAM-003908,ORG-023,AST-03908,141,5,3,0,88,3,179,25,0.98,High,5.8
IAM-003909,ORG-022,AST-03909,19,1,0,1,31,1,161,2,0.57,High,7.3
IAM-003910,ORG-021,AST-03910,268,8,1,18,37,8,180,25,0.91,High,9.4
IAM-003911,ORG-012,AST-03911,25,2,1,2,92,1,68,2,0.41,Low,2.6
IAM-003912,ORG-011,AST-03912,440,16,22,0,35,7,121,1,0.96,Medium,9.7
IAM-003913,ORG-024,AST-03913,336,14,2,12,33,12,96,0,0.44,High,7.5
IAM-003914,ORG-003,AST-03914,130,4,1,11,54,3,87,6,0.85,High,6.0
IAM-003915,ORG-011,AST-03915,282,4,0,10,31,0,183,25,0.81,Low,6.8
IAM-003916,ORG-024,AST-03916,235,13,1,4,38,5,98,12,0.65,Medium,6.2
IAM-003917,ORG-008,AST-03917,377,14,3,32,51,4,176,4,0.34,Medium,5.2
IAM-003918,ORG-007,AST-03918,295,23,7,9,92,11,10,2,0.31,Medium,3.2
IAM-003919,ORG-006,AST-03919,448,30,6,28,77,27,139,7,0.69,High,6.1
IAM-003920,ORG-017,AST-03920,497,41,23,20,48,13,11,2,0.85,Medium,9.2
IAM-003921,ORG-004,AST-03921,197,18,9,12,56,17,42,6,0.44,High,7.9
IAM-003922,ORG-007,AST-03922,59,4,1,4,60,3,77,2,0.45,High,5.0
IAM-003923,ORG-009,AST-03923,459,13,19,16,42,13,171,33,0.57,High,10
IAM-003924,ORG-024,AST-03924,374,31,11,26,51,6,5,1,0.72,Medium,5.7
IAM-003925,ORG-011,AST-03925,308,10,1,4,55,10,0,1,0.5,High,6.1
IAM-003926,ORG-001,AST-03926,296,15,14,19,56,3,120,12,0.95,Medium,7.4
IAM-003927,ORG-025,AST-03927,491,39,16,8,53,21,108,9,0.92,High,9.2
IAM-003928,ORG-016,AST-03928,45,4,0,1,40,0,133,6,0.68,Low,4.9
IAM-003929,ORG-021,AST-03929,269,4,8,19,61,2,91,0,0.42,Low,5.4
IAM-003930,ORG-018,AST-03930,111,6,1,2,80,0,116,2,0.56,Low,2.1
IAM-003931,ORG-013,AST-03931,472,34,3,0,62,33,26,2,0.97,High,6.6
IAM-003932,ORG-015,AST-03932,91,3,0,5,39,0,157,24,0.92,Low,6.8
IAM-003933,ORG-013,AST-03933,122,7,2,6,31,7,171,25,0.39,High,10
IAM-003934,ORG-016,AST-03934,74,2,0,0,46,2,30,6,0.59,High,7.2
IAM-003935,ORG-013,AST-03935,76,4,3,7,34,1,89,2,0.86,Low,5.9
IAM-003936,ORG-002,AST-03936,357,6,7,34,85,2,36,6,0.95,Low,4.2
IAM-003937,ORG-012,AST-03937,137,7,0,6,84,4,1,0,0.44,High,2.3
IAM-003938,ORG-018,AST-03938,187,5,4,11,44,3,150,29,0.56,High,9.0
IAM-003939,ORG-017,AST-03939,83,8,0,2,34,1,45,2,0.35,Low,4.6
IAM-003940,ORG-023,AST-03940,486,40,7,33,63,1,177,14,0.49,Low,5.7
IAM-003941,ORG-023,AST-03941,92,2,4,3,96,1,113,18,0.42,Low,3.9
IAM-003942,ORG-007,AST-03942,354,26,15,1,32,24,155,20,0.48,High,10
IAM-003943,ORG-007,AST-03943,417,8,5,22,39,4,123,18,0.79,Medium,8.5
IAM-003944,ORG-025,AST-03944,175,15,7,6,36,11,167,26,0.39,High,10
IAM-003945,ORG-023,AST-03945,176,1,4,15,32,0,117,5,0.73,Low,5.8
IAM-003946,ORG-025,AST-03946,167,13,5,5,34,6,5,1,0.88,Medium,7.0
IAM-003947,ORG-025,AST-03947,471,32,19,5,78,9,86,12,0.85,Medium,7.3
IAM-003948,ORG-025,AST-03948,369,26,18,13,40,15,91,11,0.38,High,10
IAM-003949,ORG-002,AST-03949,74,4,3,7,58,4,109,20,0.92,High,8.5
IAM-003950,ORG-023,AST-03950,410,1,20,28,89,0,17,3,0.49,Low,5.0
IAM-003951,ORG-006,AST-03951,409,7,19,19,85,4,176,24,0.79,High,9.2
IAM-003952,ORG-006,AST-03952,448,4,4,39,83,4,73,11,0.69,High,6.3
IAM-003953,ORG-019,AST-03953,409,19,9,20,76,3,140,26,0.82,Medium,6.6
IAM-003954,ORG-024,AST-03954,457,5,22,8,94,1,154,20,0.9,Low,7.8
IAM-003955,ORG-004,AST-03955,410,7,17,17,33,5,63,4,0.42,High,10
IAM-003956,ORG-004,AST-03956,243,7,6,24,59,1,21,4,0.91,Low,5.0
IAM-003957,ORG-011,AST-03957,464,12,9,22,96,8,108,1,0.81,High,3.7
IAM-003958,ORG-005,AST-03958,428,34,2,26,51,19,138,27,0.51,High,7.7
IAM-003959,ORG-002,AST-03959,500,21,21,34,57,1,72,2,0.66,Low,7.4
IAM-003960,ORG-001,AST-03960,153,3,2,12,48,2,85,0,0.31,High,5.4
IAM-003961,ORG-009,AST-03961,391,17,9,26,61,16,47,6,0.31,High,7.4
IAM-003962,ORG-002,AST-03962,310,10,7,5,44,3,51,2,0.52,Medium,6.4
IAM-003963,ORG-021,AST-03963,273,22,8,17,43,0,122,5,0.37,Low,5.4
IAM-003964,ORG-019,AST-03964,247,21,5,3,40,21,187,34,0.31,High,10
IAM-003965,ORG-011,AST-03965,422,33,12,38,64,32,171,32,0.66,High,10
IAM-003966,ORG-011,AST-03966,163,13,2,12,71,2,166,18,0.37,Low,4.8
IAM-003967,ORG-011,AST-03967,496,36,7,22,86,16,114,4,0.33,Medium,4.0
IAM-003968,ORG-019,AST-03968,460,10,3,45,57,9,196,23,0.91,High,8.0
IAM-003969,ORG-018,AST-03969,444,37,3,20,32,12,113,1,0.31,Medium,5.8
IAM-003970,ORG-022,AST-03970,161,2,8,12,99,2,196,21,0.52,High,7.0
IAM-003971,ORG-002,AST-03971,135,6,2,2,45,5,28,1,0.32,High,6.3
IAM-003972,ORG-023,AST-03972,224,15,9,20,42,1,141,14,0.57,Low,6.8
IAM-003973,ORG-002,AST-03973,48,3,2,1,43,1,39,7,0.55,Low,5.4
IAM-003974,ORG-015,AST-03974,254,7,0,10,39,6,53,1,0.56,High,6.9
IAM-003975,ORG-010,AST-03975,163,4,7,15,30,2,34,0,0.84,Low,7.4
IAM-003976,ORG-020,AST-03976,485,16,4,26,33,12,151,13,0.47,High,8.6
IAM-003977,ORG-024,AST-03977,409,27,15,7,88,12,36,0,0.48,Medium,4.8
IAM-003978,ORG-003,AST-03978,23,2,1,1,56,0,63,4,0.57,Low,4.0
IAM-003979,ORG-019,AST-03979,24,2,1,1,67,1,95,16,0.7,Low,5.8
IAM-003980,ORG-006,AST-03980,489,40,0,33,86,40,22,3,0.87,High,4.4
IAM-003981,ORG-017,AST-03981,93,5,1,1,85,0,65,8,0.58,Low,2.0
IAM-003982,ORG-012,AST-03982,160,16,4,13,84,12,181,4,0.35,High,4.2
IAM-003983,ORG-003,AST-03983,498,23,4,15,63,2,159,28,0.58,Low,6.6
IAM-003984,ORG-001,AST-03984,226,6,4,21,48,1,61,1,0.82,Low,4.9
IAM-003985,ORG-001,AST-03985,251,8,11,15,41,7,119,7,0.68,High,9.0
IAM-003986,ORG-012,AST-03986,391,10,12,15,55,1,46,2,0.63,Low,6.1
IAM-003987,ORG-021,AST-03987,268,12,1,21,75,1,156,16,0.35,Low,3.9
IAM-003988,ORG-021,AST-03988,410,27,15,1,58,15,147,25,0.58,High,9.8
IAM-003989,ORG-024,AST-03989,55,5,1,3,51,5,56,8,0.81,High,7.2
IAM-003990,ORG-004,AST-03990,426,29,19,24,43,24,50,1,0.34,High,9.7
IAM-003991,ORG-011,AST-03991,390,12,3,32,94,10,5,0,0.57,High,3.8
IAM-003992,ORG-006,AST-03992,37,2,0,1,60,2,126,9,0.42,High,6.3
IAM-003993,ORG-023,AST-03993,467,41,19,5,55,21,192,7,0.98,High,9.4
IAM-003994,ORG-019,AST-03994,74,1,0,5,100,0,95,11,0.63,Low,0.8
IAM-003995,ORG-022,AST-03995,117,1,3,3,51,1,101,0,0.85,High,6.6
IAM-003996,ORG-007,AST-03996,180,5,1,17,89,5,3,0,0.8,High,4.3
IAM-003997,ORG-003,AST-03997,164,1,3,10,41,0,124,5,0.96,Low,4.8
IAM-003998,ORG-007,AST-03998,280,8,0,21,72,7,119,21,0.95,High,6.7
IAM-003999,ORG-009,AST-03999,9,1,0,0,37,0,88,11,0.37,Low,4.8
IAM-004000,ORG-003,AST-04000,174,9,2,0,68,8,68,6,0.71,High,5.5
IAM-004001,ORG-011,AST-04001,55,5,0,3,78,4,32,4,0.52,High,4.3
IAM-004002,ORG-016,AST-04002,116,2,0,10,79,2,24,0,0.3,High,3.9
IAM-004003,ORG-016,AST-04003,75,3,2,0,82,3,32,0,0.56,High,4.8
IAM-004004,ORG-009,AST-04004,430,12,17,36,75,6,59,8,0.68,Medium,7.2
IAM-004005,ORG-019,AST-04005,423,40,19,22,95,26,200,23,0.71,High,8.2
IAM-004006,ORG-007,AST-04006,283,28,10,12,82,17,17,1,0.32,High,4.8
IAM-004007,ORG-003,AST-04007,471,28,15,27,41,7,86,17,0.38,Medium,9.1
IAM-004008,ORG-006,AST-04008,237,18,1,8,38,10,165,29,0.56,High,9.3
IAM-004009,ORG-006,AST-04009,178,8,7,7,38,7,35,1,0.44,High,8.7
IAM-004010,ORG-016,AST-04010,401,15,16,17,34,2,45,5,0.72,Low,8.9
IAM-004011,ORG-003,AST-04011,468,12,10,6,65,10,41,3,0.33,High,7.1
IAM-004012,ORG-011,AST-04012,464,22,12,38,89,16,133,24,0.83,High,7.6
IAM-004013,ORG-018,AST-04013,289,14,3,17,98,8,159,24,0.49,High,4.8
IAM-004014,ORG-013,AST-04014,381,10,11,17,50,0,172,23,0.53,Low,7.9
IAM-004015,ORG-013,AST-04015,206,16,6,15,48,6,188,2,0.3,Medium,6.2
IAM-004016,ORG-020,AST-04016,48,1,2,3,90,1,96,15,0.79,High,5.6
IAM-004017,ORG-024,AST-04017,441,37,9,28,35,16,162,27,0.55,Medium,10
IAM-004018,ORG-003,AST-04018,131,5,0,6,57,1,77,13,0.61,Low,5.0
IAM-004019,ORG-019,AST-04019,321,5,4,12,84,4,28,2,0.68,High,4.9
IAM-004020,ORG-008,AST-04020,93,2,0,0,48,2,4,1,0.32,High,6.4
IAM-004021,ORG-003,AST-04021,46,2,1,1,75,0,163,25,0.82,Low,4.3
IAM-004022,ORG-022,AST-04022,216,11,9,2,80,11,124,14,0.87,High,7.9
IAM-004023,ORG-016,AST-04023,436,41,15,23,95,7,162,22,0.93,Medium,6.3
IAM-004024,ORG-012,AST-04024,90,8,1,9,63,5,68,0,0.86,High,4.8
IAM-004025,ORG-014,AST-04025,166,3,6,8,52,0,50,4,0.57,Low,5.2
IAM-004026,ORG-017,AST-04026,130,7,1,3,82,6,198,1,0.55,High,4.2
IAM-004027,ORG-005,AST-04027,407,27,11,9,43,13,46,7,0.66,Medium,7.7
IAM-004028,ORG-006,AST-04028,340,8,10,30,33,1,65,11,0.74,Low,7.7
IAM-004029,ORG-018,AST-04029,65,1,2,3,68,0,163,11,0.62,Low,4.1
IAM-004030,ORG-023,AST-04030,368,28,3,25,37,27,70,0,0.98,High,7.7
IAM-004031,ORG-014,AST-04031,73,1,1,7,77,1,28,4,0.78,High,5.6
IAM-004032,ORG-013,AST-04032,173,5,2,8,84,4,115,9,0.41,High,4.7
IAM-004033,ORG-020,AST-04033,423,38,17,1,49,13,26,4,0.63,Medium,7.8
IAM-004034,ORG-005,AST-04034,98,4,0,2,100,0,200,7,0.34,Low,1.0
IAM-004035,ORG-016,AST-04035,106,7,5,10,38,6,163,10,0.36,High,8.3
IAM-004036,ORG-003,AST-04036,353,20,15,7,90,10,134,8,0.41,Medium,6.1
IAM-004037,ORG-019,AST-04037,270,7,7,6,64,3,111,17,0.99,Medium,6.9
IAM-004038,ORG-007,AST-04038,335,33,7,1,92,4,130,16,0.76,Medium,4.2
IAM-004039,ORG-024,AST-04039,301,9,3,1,40,1,88,12,0.46,Low,6.5
IAM-004040,ORG-025,AST-04040,136,7,3,10,65,7,12,2,0.69,High,6.2
IAM-004041,ORG-025,AST-04041,8,1,0,0,84,1,50,4,0.72,High,4.1
IAM-004042,ORG-019,AST-04042,459,37,10,17,99,16,191,5,0.79,Medium,3.9
IAM-004043,ORG-017,AST-04043,222,8,0,19,40,0,124,21,0.3,Low,5.7
IAM-004044,ORG-019,AST-04044,210,11,6,7,91,11,103,2,0.82,High,4.8
IAM-004045,ORG-003,AST-04045,23,2,0,2,66,0,50,7,0.32,Low,2.9
IAM-004046,ORG-003,AST-04046,249,12,1,0,65,4,109,19,0.61,Medium,5.8
IAM-004047,ORG-007,AST-04047,296,3,12,9,41,2,196,28,0.45,High,10
IAM-004048,ORG-013,AST-04048,228,14,4,17,73,1,102,9,0.91,Low,3.9
IAM-004049,ORG-006,AST-04049,496,32,8,40,42,31,46,9,0.86,High,9.6
IAM-004050,ORG-005,AST-04050,442,21,22,15,62,9,159,2,0.9,Medium,8.9
IAM-004051,ORG-008,AST-04051,387,1,12,5,77,0,90,3,0.44,Low,4.4
IAM-004052,ORG-006,AST-04052,80,8,3,5,46,3,73,9,0.62,Medium,5.8
IAM-004053,ORG-006,AST-04053,436,37,13,41,38,5,154,24,0.52,Medium,9.9
IAM-004054,ORG-009,AST-04054,283,16,11,22,42,7,102,16,0.31,Medium,8.8
IAM-004055,ORG-002,AST-04055,182,1,9,3,66,0,200,40,0.4,Low,7.7
IAM-004056,ORG-005,AST-04056,161,6,5,0,45,2,181,18,0.77,Low,7.0
IAM-004057,ORG-006,AST-04057,95,1,3,7,90,1,51,7,0.34,High,4.6
IAM-004058,ORG-014,AST-04058,499,36,3,8,91,23,89,5,0.35,High,3.4
IAM-004059,ORG-013,AST-04059,404,31,4,22,96,21,142,12,0.76,High,4.7
IAM-004060,ORG-025,AST-04060,267,18,6,14,91,4,9,1,0.58,Medium,2.1
IAM-004061,ORG-004,AST-04061,45,3,2,3,58,1,38,7,0.77,Low,5.0
IAM-004062,ORG-007,AST-04062,458,36,13,23,78,11,46,1,0.57,Medium,5.6
IAM-004063,ORG-015,AST-04063,313,29,7,0,46,18,186,28,0.55,High,9.5
IAM-004064,ORG-017,AST-04064,420,35,16,15,89,4,148,28,0.34,Medium,7.0
IAM-004065,ORG-011,AST-04065,83,5,1,4,62,5,86,14,0.47,High,6.8
IAM-004066,ORG-005,AST-04066,402,6,19,32,76,1,106,0,0.99,Low,5.8
IAM-004067,ORG-004,AST-04067,416,20,12,0,68,2,71,0,0.61,Low,5.3
IAM-004068,ORG-014,AST-04068,257,9,10,20,42,1,140,14,0.3,Low,7.9
IAM-004069,ORG-025,AST-04069,402,40,6,38,84,6,111,4,0.81,Medium,3.2
IAM-004070,ORG-012,AST-04070,465,41,8,15,65,15,142,7,0.42,Medium,5.9
IAM-004071,ORG-010,AST-04071,295,18,4,13,55,4,90,2,0.46,Medium,5.0
IAM-004072,ORG-013,AST-04072,243,24,1,24,57,21,95,15,0.36,High,7.1
IAM-004073,ORG-010,AST-04073,346,18,9,26,53,15,30,1,0.52,High,7.2
IAM-004074,ORG-009,AST-04074,317,26,14,2,47,9,135,21,0.86,Medium,9.4
IAM-004075,ORG-009,AST-04075,358,4,5,23,87,1,55,10,0.5,Low,3.2
IAM-004076,ORG-023,AST-04076,358,15,0,18,61,14,174,34,0.39,High,8.4
IAM-004077,ORG-024,AST-04077,473,45,17,20,64,1,153,30,0.39,Low,8.6
IAM-004078,ORG-022,AST-04078,257,8,7,19,48,4,92,13,0.43,Medium,8.1
IAM-004079,ORG-018,AST-04079,111,2,3,1,85,0,121,5,0.67,Low,2.0
IAM-004080,ORG-010,AST-04080,352,25,2,32,91,3,45,4,0.74,Medium,2.2
IAM-004081,ORG-003,AST-04081,300,25,10,6,87,17,131,15,0.8,High,6.9
IAM-004082,ORG-001,AST-04082,409,18,13,34,47,14,149,14,0.42,High,10
IAM-004083,ORG-022,AST-04083,207,14,9,20,59,7,113,14,0.48,Medium,7.6
IAM-004084,ORG-004,AST-04084,115,8,4,11,76,5,37,5,0.36,High,4.6
IAM-004085,ORG-004,AST-04085,128,11,2,3,92,3,127,9,0.94,Medium,2.9
IAM-004086,ORG-004,AST-04086,417,22,11,38,46,19,94,0,0.62,High,8.0
IAM-004087,ORG-017,AST-04087,333,18,7,11,70,1,108,9,1.0,Low,4.3
IAM-004088,ORG-012,AST-04088,363,10,5,16,92,4,20,0,0.31,Medium,2.8
IAM-004089,ORG-018,AST-04089,110,10,3,4,39,8,156,9,0.9,High,7.7
IAM-004090,ORG-019,AST-04090,188,1,2,11,85,1,100,8,0.97,High,5.4
IAM-004091,ORG-006,AST-04091,500,7,23,5,83,4,34,6,0.56,High,8.2
IAM-004092,ORG-010,AST-04092,8,1,0,0,31,1,187,16,0.96,High,8.9
IAM-004093,ORG-019,AST-04093,75,4,1,4,66,4,53,4,0.63,High,5.9
IAM-004094,ORG-020,AST-04094,116,8,2,6,36,1,125,6,0.98,Low,5.5
IAM-004095,ORG-014,AST-04095,378,36,0,18,94,29,72,10,0.87,High,4.3
IAM-004096,ORG-019,AST-04096,200,19,5,15,43,4,143,21,0.37,Medium,7.7
IAM-004097,ORG-011,AST-04097,45,2,2,2,83,2,63,4,0.56,High,5.0
IAM-004098,ORG-019,AST-04098,169,8,7,14,40,0,86,15,0.41,Low,7.1
IAM-004099,ORG-019,AST-04099,485,29,20,46,95,10,174,30,0.38,Medium,8.5
IAM-004100,ORG-020,AST-04100,316,28,7,14,43,0,196,28,0.89,Low,7.8
IAM-004101,ORG-009,AST-04101,88,3,3,8,47,3,4,0,0.87,High,7.6
IAM-004102,ORG-007,AST-04102,413,7,20,26,94,0,75,6,0.86,Low,4.9
IAM-004103,ORG-004,AST-04103,460,27,7,28,51,1,9,1,0.34,Low,4.9
IAM-004104,ORG-017,AST-04104,231,7,9,0,65,2,120,4,0.88,Low,5.3
IAM-004105,ORG-004,AST-04105,201,20,2,10,58,1,37,5,0.83,Low,3.6
IAM-004106,ORG-006,AST-04106,286,14,14,24,79,3,195,17,0.49,Medium,6.6
IAM-004107,ORG-008,AST-04107,239,2,8,17,59,0,113,6,0.98,Low,4.6
IAM-004108,ORG-025,AST-04108,376,16,16,19,71,15,100,3,0.66,High,7.9
IAM-004109,ORG-005,AST-04109,330,4,10,28,67,1,129,10,0.93,Low,6.3
IAM-004110,ORG-012,AST-04110,184,1,0,18,57,0,52,1,0.82,Low,3.4
IAM-004111,ORG-016,AST-04111,99,3,1,2,92,2,22,4,0.41,High,3.0
IAM-004112,ORG-003,AST-04112,69,5,2,2,98,5,49,2,0.67,High,4.1
IAM-004113,ORG-003,AST-04113,156,12,2,9,38,5,168,26,0.37,Medium,8.2
IAM-004114,ORG-025,AST-04114,48,3,2,3,88,2,148,26,0.36,High,6.0
IAM-004115,ORG-024,AST-04115,410,13,20,19,98,2,119,9,0.93,Low,5.6
IAM-004116,ORG-001,AST-04116,19,1,0,0,35,1,186,27,0.32,High,9.6
IAM-004117,ORG-022,AST-04117,91,6,3,6,32,1,178,19,0.96,Low,7.5
IAM-004118,ORG-007,AST-04118,190,9,6,14,41,9,146,9,0.99,High,8.7
IAM-004119,ORG-005,AST-04119,166,2,1,3,91,1,28,3,0.58,Low,2.4
IAM-004120,ORG-019,AST-04120,460,42,19,4,85,22,0,1,0.38,High,6.5
IAM-004121,ORG-002,AST-04121,267,12,9,9,96,2,86,7,0.4,Low,3.2
IAM-004122,ORG-002,AST-04122,375,30,17,10,86,20,82,6,0.54,High,7.1
IAM-004123,ORG-001,AST-04123,453,7,20,41,79,5,192,14,0.88,High,8.6
IAM-004124,ORG-021,AST-04124,328,14,7,25,97,13,164,16,0.62,High,5.7
IAM-004125,ORG-022,AST-04125,273,8,11,9,88,5,25,2,0.89,High,5.5
IAM-004126,ORG-022,AST-04126,126,3,0,10,33,1,22,4,0.3,Low,5.6
IAM-004127,ORG-008,AST-04127,458,41,6,9,33,31,68,1,0.55,High,8.4
IAM-004128,ORG-007,AST-04128,344,28,16,5,67,4,194,31,0.46,Medium,8.8
IAM-004129,ORG-013,AST-04129,260,25,12,1,86,7,118,6,0.98,Medium,4.4
IAM-004130,ORG-019,AST-04130,221,21,11,3,94,5,57,10,0.63,Medium,4.6
IAM-004131,ORG-017,AST-04131,333,7,11,9,83,1,11,2,0.47,Low,3.9
IAM-004132,ORG-001,AST-04132,339,5,2,17,32,1,113,20,0.81,Low,7.8
IAM-004133,ORG-004,AST-04133,382,34,6,5,83,0,129,15,0.61,Low,3.7
IAM-004134,ORG-023,AST-04134,325,26,11,31,73,14,76,4,0.72,High,6.2
IAM-004135,ORG-002,AST-04135,171,4,1,14,86,1,62,7,0.67,Low,2.7
IAM-004136,ORG-017,AST-04136,462,34,5,26,53,21,37,1,0.7,High,6.1
IAM-004137,ORG-008,AST-04137,309,3,7,17,48,1,194,33,0.91,Low,8.9
IAM-004138,ORG-012,AST-04138,214,11,1,9,46,0,64,3,0.38,Low,3.9
IAM-004139,ORG-016,AST-04139,82,7,1,5,95,5,8,1,0.36,High,3.1
IAM-004140,ORG-001,AST-04140,475,21,2,23,42,19,33,2,0.31,High,7.6
IAM-004141,ORG-010,AST-04141,187,12,4,9,33,12,60,12,0.32,High,9.9
IAM-004142,ORG-007,AST-04142,330,9,9,2,72,2,175,1,0.48,Low,4.2
IAM-004143,ORG-001,AST-04143,420,25,2,18,46,8,50,7,0.4,Medium,5.3
IAM-004144,ORG-010,AST-04144,37,1,0,1,37,0,55,9,0.33,Low,5.5
IAM-004145,ORG-021,AST-04145,22,1,0,0,67,1,198,20,0.46,High,7.5
IAM-004146,ORG-005,AST-04146,337,2,0,5,92,1,86,1,0.8,Low,2.5
IAM-004147,ORG-007,AST-04147,418,8,17,22,90,0,44,4,0.68,Low,4.1
IAM-004148,ORG-011,AST-04148,15,2,0,1,54,1,90,16,0.63,Low,6.3
IAM-004149,ORG-020,AST-04149,241,24,9,5,42,21,98,17,0.82,High,10
IAM-004150,ORG-024,AST-04150,93,3,3,0,83,2,163,20,0.48,High,5.4
IAM-004151,ORG-023,AST-04151,293,3,14,18,41,1,162,0,0.8,Low,7.8
IAM-004152,ORG-016,AST-04152,231,2,9,9,83,2,197,28,0.91,High,8.4
IAM-004153,ORG-009,AST-04153,203,3,1,7,73,2,178,32,0.53,High,6.9
IAM-004154,ORG-012,AST-04154,177,5,3,15,35,1,41,2,0.68,Low,5.4
IAM-004155,ORG-002,AST-04155,227,20,10,17,42,18,110,6,0.34,High,8.8
IAM-004156,ORG-012,AST-04156,292,4,8,2,77,4,58,4,0.44,High,6.8
IAM-004157,ORG-019,AST-04157,148,7,1,10,53,2,25,5,0.3,Low,4.6
IAM-004158,ORG-014,AST-04158,343,7,7,29,89,5,179,18,0.72,High,5.8
IAM-004159,ORG-022,AST-04159,282,1,13,22,43,0,36,2,0.87,Low,6.7
IAM-004160,ORG-025,AST-04160,273,18,0,7,69,0,136,14,0.81,Low,3.2
IAM-004161,ORG-020,AST-04161,160,8,2,8,67,3,115,17,0.77,Medium,5.1
IAM-004162,ORG-021,AST-04162,341,3,9,14,65,0,171,12,0.39,Low,4.9
IAM-004163,ORG-021,AST-04163,327,2,13,5,92,2,115,8,0.67,High,6.8
IAM-004164,ORG-022,AST-04164,195,5,5,14,47,5,69,13,0.6,High,8.9
IAM-004165,ORG-011,AST-04165,172,3,8,1,60,1,31,2,0.86,Low,5.9
IAM-004166,ORG-008,AST-04166,206,11,6,16,77,11,52,8,0.77,High,6.8
IAM-004167,ORG-007,AST-04167,368,5,6,1,44,5,66,4,0.87,High,8.5
IAM-004168,ORG-006,AST-04168,498,43,18,11,54,34,146,14,0.66,High,10
IAM-004169,ORG-017,AST-04169,149,6,3,9,38,2,106,13,0.69,Low,6.6
IAM-004170,ORG-003,AST-04170,403,1,9,12,49,1,162,19,0.6,High,10
IAM-004171,ORG-018,AST-04171,325,2,7,21,83,2,93,15,0.31,High,7.3
IAM-004172,ORG-008,AST-04172,248,6,12,5,62,5,80,12,0.58,High,8.9
IAM-004173,ORG-022,AST-04173,348,2,0,27,92,0,159,5,0.68,Low,1.5
IAM-004174,ORG-008,AST-04174,384,20,7,26,73,10,25,0,0.88,Medium,4.6
IAM-004175,ORG-017,AST-04175,486,13,4,37,51,4,116,15,0.8,Medium,6.5
IAM-004176,ORG-004,AST-04176,322,16,8,12,84,1,150,18,0.66,Low,4.8
IAM-004177,ORG-008,AST-04177,164,14,4,2,72,5,154,20,0.79,Medium,5.9
IAM-004178,ORG-016,AST-04178,142,13,1,7,65,3,172,12,0.82,Medium,4.6
IAM-004179,ORG-013,AST-04179,400,9,9,4,70,7,153,20,0.46,High,8.4
IAM-004180,ORG-006,AST-04180,78,1,3,5,30,1,186,32,0.43,High,10
IAM-004181,ORG-007,AST-04181,375,11,15,13,69,5,150,12,0.5,Medium,7.7
IAM-004182,ORG-016,AST-04182,39,3,0,0,98,0,73,1,0.51,Low,0.2
IAM-004183,ORG-019,AST-04183,155,10,6,2,54,9,154,27,0.62,High,9.6
IAM-004184,ORG-004,AST-04184,432,22,2,5,34,0,101,15,0.91,Low,6.6
IAM-004185,ORG-017,AST-04185,62,6,0,2,90,1,130,24,0.81,Low,3.5
IAM-004186,ORG-022,AST-04186,392,24,18,16,51,10,170,24,0.82,Medium,10
IAM-004187,ORG-009,AST-04187,102,8,3,10,91,8,149,15,0.52,High,6.1
IAM-004188,ORG-006,AST-04188,65,2,1,5,89,1,152,3,0.83,Low,2.8
IAM-004189,ORG-007,AST-04189,107,6,4,7,92,0,194,0,0.36,Low,1.8
IAM-004190,ORG-022,AST-04190,26,2,0,2,60,0,180,35,0.41,Low,6.6
IAM-004191,ORG-012,AST-04191,256,12,11,17,99,6,20,0,0.3,Medium,3.4
IAM-004192,ORG-003,AST-04192,433,14,6,36,60,0,59,4,0.7,Low,4.3
IAM-004193,ORG-004,AST-04193,415,28,0,3,40,13,90,13,0.87,Medium,7.1
IAM-004194,ORG-021,AST-04194,22,1,0,2,70,1,11,1,0.9,High,4.6
IAM-004195,ORG-013,AST-04195,333,4,7,29,81,1,83,1,0.67,Low,3.7
IAM-004196,ORG-004,AST-04196,282,7,7,24,39,0,55,9,0.65,Low,6.3
IAM-004197,ORG-017,AST-04197,248,17,5,8,40,5,74,13,0.66,Medium,7.6
IAM-004198,ORG-013,AST-04198,330,19,4,0,54,19,170,28,0.77,High,9.6
IAM-004199,ORG-002,AST-04199,70,7,3,5,87,1,22,4,0.85,Low,2.5
IAM-004200,ORG-002,AST-04200,379,32,18,25,73,3,12,0,0.75,Medium,6.0
IAM-004201,ORG-007,AST-04201,399,2,0,10,60,1,110,2,0.46,Low,4.4
IAM-004202,ORG-001,AST-04202,364,12,17,21,48,1,9,0,0.65,Low,7.5
IAM-004203,ORG-019,AST-04203,400,15,7,11,54,13,9,0,0.38,High,7.2
IAM-004204,ORG-013,AST-04204,385,29,12,0,39,10,38,3,0.73,Medium,7.7
IAM-004205,ORG-015,AST-04205,78,6,1,5,83,2,200,11,0.39,Low,3.6
IAM-004206,ORG-015,AST-04206,389,27,12,12,73,24,54,5,0.59,High,7.2
IAM-004207,ORG-008,AST-04207,140,2,6,11,77,2,80,16,0.41,High,7.1
IAM-004208,ORG-002,AST-04208,277,25,7,0,50,21,107,3,0.39,High,7.2
IAM-004209,ORG-024,AST-04209,146,2,2,4,78,1,76,8,0.78,Low,4.6
IAM-004210,ORG-009,AST-04210,371,6,15,7,42,0,8,1,0.41,Low,7.4
IAM-004211,ORG-023,AST-04211,281,13,2,24,56,9,98,13,0.36,High,6.4
IAM-004212,ORG-004,AST-04212,417,35,8,12,70,17,174,5,0.84,Medium,5.5
IAM-004213,ORG-005,AST-04213,193,2,7,14,38,0,116,14,0.99,Low,7.4
IAM-004214,ORG-006,AST-04214,287,6,10,25,37,1,127,3,0.61,Low,7.0
IAM-004215,ORG-019,AST-04215,281,26,1,19,48,5,85,0,0.88,Medium,4.7
IAM-004216,ORG-004,AST-04216,131,6,1,5,94,5,144,6,0.67,High,3.6
IAM-004217,ORG-008,AST-04217,413,35,2,2,76,5,85,9,0.86,Medium,3.1
IAM-004218,ORG-009,AST-04218,103,5,1,5,47,0,66,13,0.8,Low,4.8
IAM-004219,ORG-001,AST-04219,149,5,6,6,37,0,174,8,0.9,Low,5.7
IAM-004220,ORG-009,AST-04220,264,24,13,7,67,13,127,19,0.9,High,8.0
IAM-004221,ORG-025,AST-04221,335,2,16,26,88,2,91,13,0.46,High,8.2
IAM-004222,ORG-015,AST-04222,237,15,3,20,87,14,66,8,0.85,High,5.0
IAM-004223,ORG-023,AST-04223,369,8,0,19,86,0,98,12,0.6,Low,2.3
IAM-004224,ORG-014,AST-04224,247,12,0,3,59,12,115,18,0.51,High,7.7
IAM-004225,ORG-015,AST-04225,112,11,0,5,74,10,104,7,0.9,High,5.2
IAM-004226,ORG-023,AST-04226,169,3,3,16,31,2,151,8,0.97,High,8.0
IAM-004227,ORG-004,AST-04227,126,11,5,12,68,11,182,10,0.58,High,6.8
IAM-004228,ORG-001,AST-04228,9,1,0,0,55,1,18,0,0.77,High,5.9
IAM-004229,ORG-010,AST-04229,148,9,2,1,31,9,54,5,1.0,High,8.7
IAM-004230,ORG-007,AST-04230,290,22,1,19,34,6,22,2,0.54,Medium,5.4
IAM-004231,ORG-014,AST-04231,320,10,2,8,58,1,114,19,0.63,Low,5.7
IAM-004232,ORG-021,AST-04232,363,22,0,20,91,8,182,13,0.71,Medium,3.4
IAM-004233,ORG-024,AST-04233,142,10,0,14,49,10,55,1,0.55,High,6.6
IAM-004234,ORG-015,AST-04234,453,6,1,28,73,3,78,13,0.34,Medium,4.3
IAM-004235,ORG-024,AST-04235,195,2,3,10,32,0,123,24,0.37,Low,7.8
IAM-004236,ORG-024,AST-04236,252,24,6,5,39,20,181,16,0.94,High,9.3
IAM-004237,ORG-017,AST-04237,131,11,4,10,98,4,80,7,0.31,Medium,3.0
IAM-004238,ORG-009,AST-04238,147,10,1,4,31,9,48,4,0.32,High,7.6
IAM-004239,ORG-005,AST-04239,200,2,9,12,33,0,91,13,0.43,Low,7.4
IAM-004240,ORG-024,AST-04240,94,5,2,5,65,2,19,2,0.52,Low,4.6
IAM-004241,ORG-016,AST-04241,58,2,2,5,96,1,168,20,0.48,Low,4.1
IAM-004242,ORG-002,AST-04242,418,25,1,6,36,5,128,0,0.82,Medium,5.4
IAM-004243,ORG-018,AST-04243,394,16,8,6,42,16,24,4,0.36,High,8.5
IAM-004244,ORG-004,AST-04244,183,4,5,11,44,3,105,11,0.78,High,8.2
IAM-004245,ORG-022,AST-04245,483,45,16,24,78,36,93,16,0.91,High,8.3
IAM-004246,ORG-021,AST-04246,131,7,3,13,46,3,128,25,0.71,Medium,8.2
IAM-004247,ORG-010,AST-04247,479,41,18,44,100,34,53,7,0.67,High,6.7
IAM-004248,ORG-001,AST-04248,273,6,11,0,69,5,124,18,0.76,High,8.9
IAM-004249,ORG-006,AST-04249,392,1,5,5,67,0,66,9,0.45,Low,4.4
IAM-004250,ORG-014,AST-04250,224,22,1,18,78,22,180,14,0.54,High,6.5
IAM-004251,ORG-024,AST-04251,75,7,2,1,73,7,40,7,0.76,High,5.8
IAM-004252,ORG-005,AST-04252,406,15,1,15,61,14,85,4,0.34,High,6.2
IAM-004253,ORG-009,AST-04253,258,5,3,8,90,2,135,27,0.91,Low,5.3
IAM-004254,ORG-007,AST-04254,288,3,2,5,95,0,95,1,0.37,Low,0.7
IAM-004255,ORG-016,AST-04255,184,18,0,7,50,2,133,1,0.89,Low,3.6
IAM-004256,ORG-004,AST-04256,217,3,2,11,90,2,35,2,0.47,High,3.5
IAM-004257,ORG-007,AST-04257,76,2,1,3,89,2,149,4,0.49,High,4.2
IAM-004258,ORG-009,AST-04258,295,4,13,13,97,1,97,6,0.46,Low,3.7
IAM-004259,ORG-001,AST-04259,365,14,6,15,30,13,8,1,0.36,High,8.5
IAM-004260,ORG-017,AST-04260,285,13,7,15,49,12,70,8,0.81,High,8.4
IAM-004261,ORG-014,AST-04261,157,6,4,6,80,6,40,3,0.77,High,5.8
IAM-004262,ORG-020,AST-04262,306,17,7,21,67,17,175,8,0.81,High,7.6
IAM-004263,ORG-001,AST-04263,116,10,3,10,86,1,56,7,0.43,Low,3.0
IAM-004264,ORG-011,AST-04264,317,10,10,22,46,6,95,12,0.86,High,8.7
IAM-004265,ORG-004,AST-04265,350,7,4,7,69,4,37,2,0.51,High,5.1
IAM-004266,ORG-003,AST-04266,488,6,22,34,38,3,75,14,0.38,Medium,10
IAM-004267,ORG-015,AST-04267,92,6,1,2,78,6,155,14,0.89,High,5.7
IAM-004268,ORG-016,AST-04268,403,31,2,8,32,29,93,8,0.67,High,8.8
IAM-004269,ORG-003,AST-04269,179,3,8,3,84,1,130,12,0.38,Low,4.5
IAM-004270,ORG-021,AST-04270,82,8,0,3,94,8,103,2,0.59,High,3.2
IAM-004271,ORG-011,AST-04271,249,7,2,6,49,0,143,6,0.69,Low,4.4
IAM-004272,ORG-017,AST-04272,126,10,4,1,71,8,137,25,0.58,High,7.2
IAM-004273,ORG-022,AST-04273,402,30,3,2,81,14,10,1,0.33,Medium,3.4
IAM-004274,ORG-016,AST-04274,372,34,2,25,81,10,169,27,0.37,Medium,5.1
IAM-004275,ORG-012,AST-04275,436,11,14,32,79,8,12,1,0.74,High,6.6
IAM-004276,ORG-024,AST-04276,84,3,2,4,43,3,131,19,0.86,High,9.0
IAM-004277,ORG-023,AST-04277,203,15,7,13,99,12,199,10,0.77,High,4.4
IAM-004278,ORG-021,AST-04278,220,6,10,3,93,0,154,23,0.76,Low,4.3
IAM-004279,ORG-008,AST-04279,494,13,24,11,81,5,100,7,0.8,Medium,7.7
IAM-004280,ORG-023,AST-04280,414,14,16,10,84,9,175,32,0.77,High,9.4
IAM-004281,ORG-016,AST-04281,49,2,1,4,50,0,191,14,0.56,Low,5.3
IAM-004282,ORG-023,AST-04282,56,5,1,5,43,3,150,19,0.62,High,7.8
IAM-004283,ORG-012,AST-04283,9,2,0,0,98,0,115,22,0.93,Low,2.4
IAM-004284,ORG-016,AST-04284,356,14,3,19,72,10,36,2,0.83,High,4.8
IAM-004285,ORG-020,AST-04285,48,2,2,2,96,2,37,5,0.93,High,4.1
IAM-004286,ORG-005,AST-04286,52,5,2,3,86,5,97,18,0.38,High,5.9
IAM-004287,ORG-020,AST-04287,47,3,0,2,85,0,42,4,0.7,Low,1.6
IAM-004288,ORG-008,AST-04288,345,20,7,3,61,2,188,35,0.73,Low,7.3
IAM-004289,ORG-024,AST-04289,465,29,22,3,59,6,23,4,0.49,Medium,8.6
IAM-004290,ORG-009,AST-04290,218,19,3,4,68,3,182,21,0.97,Medium,4.8
IAM-004291,ORG-015,AST-04291,83,8,3,3,73,1,198,15,0.7,Low,4.2
IAM-004292,ORG-012,AST-04292,450,20,15,13,49,11,37,7,0.49,High,9.1
IAM-004293,ORG-001,AST-04293,314,1,4,29,70,1,12,0,0.45,High,5.3
IAM-004294,ORG-025,AST-04294,129,8,1,1,44,0,55,5,0.45,Low,4.1
IAM-004295,ORG-001,AST-04295,483,14,22,7,52,1,191,6,0.51,Low,8.4
IAM-004296,ORG-023,AST-04296,28,1,0,0,32,1,172,29,0.93,High,10
IAM-004297,ORG-017,AST-04297,322,9,1,18,55,3,90,15,0.32,Medium,5.5
IAM-004298,ORG-005,AST-04298,321,7,12,14,53,3,59,9,0.81,Medium,7.5
IAM-004299,ORG-019,AST-04299,72,1,2,5,66,0,85,11,0.85,Low,3.9
IAM-004300,ORG-002,AST-04300,153,11,1,1,82,2,90,9,0.41,Low,2.9
IAM-004301,ORG-001,AST-04301,29,1,0,1,53,1,122,14,0.77,High,7.9
IAM-004302,ORG-021,AST-04302,347,15,13,27,75,6,153,18,0.86,Medium,7.0
IAM-004303,ORG-014,AST-04303,10,2,0,0,73,1,12,1,0.69,Low,3.1
IAM-004304,ORG-021,AST-04304,428,39,7,12,85,7,135,24,0.96,Medium,5.7
IAM-004305,ORG-001,AST-04305,167,9,2,12,56,2,108,4,0.52,Low,4.1
IAM-004306,ORG-024,AST-04306,53,4,1,0,59,3,92,8,0.74,High,5.8
IAM-004307,ORG-006,AST-04307,494,13,2,35,32,1,187,25,0.36,Low,7.6
IAM-004308,ORG-012,AST-04308,257,19,8,24,76,13,84,7,0.76,High,6.3
IAM-004309,ORG-003,AST-04309,404,12,10,33,75,7,186,3,0.33,High,5.5
IAM-004310,ORG-023,AST-04310,375,17,18,16,48,17,193,25,0.57,High,10
IAM-004311,ORG-025,AST-04311,55,5,2,3,72,2,48,8,0.32,Low,4.1
IAM-004312,ORG-021,AST-04312,222,19,2,1,75,18,193,15,0.98,High,6.2
IAM-004313,ORG-006,AST-04313,291,14,5,21,40,10,62,2,0.53,High,7.3
IAM-004314,ORG-005,AST-04314,386,28,7,35,57,24,188,22,0.48,High,9.1
IAM-004315,ORG-010,AST-04315,168,15,1,11,56,5,85,3,0.96,Medium,4.9
IAM-004316,ORG-021,AST-04316,181,8,3,11,43,4,159,31,0.8,Medium,9.0
IAM-004317,ORG-015,AST-04317,479,47,20,9,57,14,10,1,0.89,Medium,7.6
IAM-004318,ORG-013,AST-04318,67,5,1,1,66,3,134,14,0.35,High,5.7
IAM-004319,ORG-021,AST-04319,92,7,1,3,89,3,160,5,0.9,Medium,3.1
IAM-004320,ORG-022,AST-04320,70,1,0,6,61,0,54,8,0.37,Low,3.1
IAM-004321,ORG-015,AST-04321,483,42,13,24,94,32,124,0,0.54,High,5.2
IAM-004322,ORG-005,AST-04322,375,21,15,23,91,9,1,1,0.56,Medium,4.9
IAM-004323,ORG-025,AST-04323,221,5,5,15,76,5,8,1,0.43,High,5.4
IAM-004324,ORG-011,AST-04324,500,6,5,17,90,6,129,16,0.37,High,5.8
IAM-004325,ORG-006,AST-04325,286,23,3,0,30,0,151,23,0.93,Low,8.0
IAM-004326,ORG-007,AST-04326,33,1,0,0,74,0,36,6,0.69,Low,2.5
IAM-004327,ORG-018,AST-04327,278,11,9,18,69,11,195,14,0.36,High,8.1
IAM-004328,ORG-017,AST-04328,87,4,4,5,81,2,63,9,0.64,Low,4.1
IAM-004329,ORG-002,AST-04329,363,17,8,19,59,10,29,5,0.36,High,6.7
IAM-004330,ORG-023,AST-04330,476,32,6,47,87,27,46,2,0.88,High,4.5
IAM-004331,ORG-021,AST-04331,158,14,1,8,89,4,19,2,0.56,Medium,1.5
IAM-004332,ORG-004,AST-04332,306,18,12,9,94,4,123,6,0.94,Medium,3.8
IAM-004333,ORG-017,AST-04333,148,6,0,9,97,5,13,2,0.53,High,2.7
IAM-004334,ORG-019,AST-04334,301,7,15,19,77,5,69,4,0.71,High,6.6
IAM-004335,ORG-015,AST-04335,439,23,20,36,61,6,4,1,0.86,Medium,7.3
IAM-004336,ORG-008,AST-04336,498,20,1,45,93,3,63,12,0.7,Medium,2.0
IAM-004337,ORG-013,AST-04337,76,7,3,3,37,5,94,16,0.6,High,8.6
IAM-004338,ORG-008,AST-04338,167,15,1,16,64,15,74,8,0.95,High,6.0
IAM-004339,ORG-020,AST-04339,140,11,3,2,66,10,101,2,0.47,High,5.5
IAM-004340,ORG-006,AST-04340,163,16,7,7,84,2,78,13,0.6,Low,4.5
IAM-004341,ORG-021,AST-04341,203,17,5,12,89,2,186,8,0.78,Low,2.8
IAM-004342,ORG-017,AST-04342,498,34,16,23,60,14,0,0,0.31,Medium,6.8
IAM-004343,ORG-023,AST-04343,372,4,18,32,97,1,20,0,0.69,Low,4.1
IAM-004344,ORG-021,AST-04344,156,2,4,2,37,1,88,0,0.93,Low,6.1
IAM-004345,ORG-019,AST-04345,413,39,6,7,74,27,185,35,0.74,High,8.1
IAM-004346,ORG-002,AST-04346,52,5,1,1,66,5,141,16,0.36,High,6.9
IAM-004347,ORG-015,AST-04347,255,15,12,25,91,0,153,16,0.98,Low,4.8
IAM-004348,ORG-012,AST-04348,344,20,7,20,59,2,110,20,0.73,Low,6.2
IAM-004349,ORG-001,AST-04349,85,8,1,8,61,0,77,3,0.8,Low,2.9
IAM-004350,ORG-023,AST-04350,408,9,1,33,39,8,154,12,0.39,High,7.8
IAM-004351,ORG-023,AST-04351,102,5,0,10,100,2,162,1,0.69,Low,1.2
IAM-004352,ORG-025,AST-04352,361,21,6,12,63,4,154,17,0.64,Medium,5.5
IAM-004353,ORG-013,AST-04353,420,33,6,28,41,7,0,0,0.39,Medium,5.7
IAM-004354,ORG-017,AST-04354,164,2,0,9,78,1,82,16,0.33,Low,4.5
IAM-004355,ORG-014,AST-04355,27,2,0,0,58,0,61,7,0.92,Low,3.6
IAM-004356,ORG-001,AST-04356,186,7,6,0,30,7,93,3,0.8,High,9.5
IAM-004357,ORG-013,AST-04357,333,30,12,6,59,16,75,0,0.33,High,6.4
IAM-004358,ORG-012,AST-04358,283,6,3,20,74,4,136,8,0.97,High,5.3
IAM-004359,ORG-002,AST-04359,482,34,20,33,62,25,52,10,0.42,High,10
IAM-004360,ORG-009,AST-04360,272,22,4,23,81,11,197,7,0.99,Medium,3.9
IAM-004361,ORG-019,AST-04361,497,38,19,48,41,18,62,0,0.4,Medium,8.8
IAM-004362,ORG-019,AST-04362,272,10,11,13,92,9,162,15,0.84,High,6.7
IAM-004363,ORG-017,AST-04363,90,2,3,0,100,1,60,3,0.49,Low,2.5
IAM-004364,ORG-001,AST-04364,446,1,18,8,32,0,169,14,0.51,Low,9.2
IAM-004365,ORG-020,AST-04365,369,30,13,7,99,7,173,18,0.75,Medium,5.4
IAM-004366,ORG-006,AST-04366,186,13,6,0,54,2,178,1,0.55,Low,4.9
IAM-004367,ORG-006,AST-04367,327,27,13,21,87,9,31,2,0.73,Medium,4.6
IAM-004368,ORG-013,AST-04368,308,28,11,26,85,15,162,8,0.9,High,5.8
IAM-004369,ORG-010,AST-04369,98,5,0,0,96,3,80,6,0.81,High,3.0
IAM-004370,ORG-010,AST-04370,104,4,3,10,61,3,168,26,0.97,High,8.3
IAM-004371,ORG-002,AST-04371,493,31,5,17,44,29,157,29,0.62,High,10
IAM-004372,ORG-021,AST-04372,37,1,1,2,59,1,120,15,0.7,High,7.9
IAM-004373,ORG-008,AST-04373,237,4,6,2,63,2,10,0,0.71,Low,5.3
IAM-004374,ORG-020,AST-04374,394,11,7,24,77,4,124,9,0.37,Medium,4.6
IAM-004375,ORG-024,AST-04375,35,1,0,1,51,0,74,9,0.93,Low,3.9
IAM-004376,ORG-002,AST-04376,24,1,1,2,62,0,115,13,0.81,Low,4.3
IAM-004377,ORG-008,AST-04377,217,1,6,6,37,1,126,24,0.41,High,10
IAM-004378,ORG-004,AST-04378,88,4,3,0,91,2,150,9,0.96,Low,3.7
IAM-004379,ORG-008,AST-04379,48,1,1,1,72,0,4,0,0.72,Low,2.4
IAM-004380,ORG-022,AST-04380,143,5,3,7,81,1,14,0,0.48,Low,2.8
IAM-004381,ORG-020,AST-04381,139,13,4,8,39,7,83,2,0.73,High,7.1
IAM-004382,ORG-009,AST-04382,99,2,1,2,86,1,27,5,0.36,Low,3.4
IAM-004383,ORG-017,AST-04383,495,14,23,30,97,8,106,16,0.76,High,8.0
IAM-004384,ORG-024,AST-04384,177,14,1,0,51,9,57,3,0.43,High,5.3
IAM-004385,ORG-016,AST-04385,341,30,10,18,68,1,30,6,0.51,Low,5.1
IAM-004386,ORG-005,AST-04386,450,36,6,18,36,28,167,1,0.37,High,8.1
IAM-004387,ORG-010,AST-04387,168,2,2,11,47,1,78,6,0.73,Low,5.7
IAM-004388,ORG-019,AST-04388,53,1,2,3,49,1,29,1,0.81,High,7.0
IAM-004389,ORG-014,AST-04389,275,9,5,26,75,0,130,11,0.92,Low,3.9
IAM-004390,ORG-024,AST-04390,5,2,0,0,95,1,17,3,0.62,Low,1.7
IAM-004391,ORG-006,AST-04391,257,5,4,0,33,1,195,17,0.7,Low,7.3
IAM-004392,ORG-015,AST-04392,142,5,6,6,46,1,33,2,0.97,Low,5.9
IAM-004393,ORG-004,AST-04393,376,16,12,18,40,11,155,13,0.76,High,9.9
IAM-004394,ORG-024,AST-04394,338,31,6,29,50,22,183,15,0.7,High,8.6
IAM-004395,ORG-024,AST-04395,375,25,11,8,68,12,77,2,0.61,Medium,6.4
IAM-004396,ORG-013,AST-04396,326,28,8,1,37,15,155,0,0.85,High,7.3
IAM-004397,ORG-003,AST-04397,300,19,5,26,100,14,19,0,0.37,High,3.2
IAM-004398,ORG-016,AST-04398,118,7,0,2,51,0,45,9,0.88,Low,4.0
IAM-004399,ORG-013,AST-04399,127,3,1,4,87,1,128,16,0.85,Low,3.7
IAM-004400,ORG-009,AST-04400,406,14,9,27,84,6,25,1,0.31,Medium,4.4
IAM-004401,ORG-005,AST-04401,424,2,0,33,65,1,164,24,0.56,Low,6.5
IAM-004402,ORG-014,AST-04402,92,3,3,6,71,1,119,11,0.82,Low,4.1
IAM-004403,ORG-012,AST-04403,402,11,12,5,99,1,77,8,0.37,Low,3.6
IAM-004404,ORG-016,AST-04404,170,15,1,9,57,14,0,1,0.68,High,6.0
IAM-004405,ORG-011,AST-04405,96,9,0,6,49,9,90,18,0.82,High,8.4
IAM-004406,ORG-003,AST-04406,245,16,8,9,53,5,105,21,0.81,Medium,7.5
IAM-004407,ORG-002,AST-04407,397,28,2,3,53,27,143,11,0.48,High,7.4
IAM-004408,ORG-019,AST-04408,87,5,4,4,35,2,116,1,0.83,Low,6.4
IAM-004409,ORG-016,AST-04409,177,2,8,1,34,0,166,4,0.74,Low,6.2
IAM-004410,ORG-004,AST-04410,100,2,0,7,59,2,41,1,0.33,High,6.1
IAM-004411,ORG-017,AST-04411,242,8,11,16,46,4,25,0,0.45,Medium,7.8
IAM-004412,ORG-012,AST-04412,30,1,1,0,93,1,19,3,0.44,High,4.3
IAM-004413,ORG-017,AST-04413,191,14,8,14,33,8,68,7,0.97,High,8.2
IAM-004414,ORG-006,AST-04414,316,21,14,13,87,17,22,2,0.4,High,6.5
IAM-004415,ORG-009,AST-04415,424,29,7,10,99,25,13,1,0.34,High,4.1
IAM-004416,ORG-022,AST-04416,408,39,7,11,98,27,102,12,0.4,High,4.7
IAM-004417,ORG-023,AST-04417,395,36,4,2,96,15,65,2,0.54,Medium,2.8
IAM-004418,ORG-003,AST-04418,338,14,7,28,94,8,15,3,0.93,High,4.1
IAM-004419,ORG-009,AST-04419,193,4,1,0,54,4,99,6,0.89,High,6.7
IAM-004420,ORG-021,AST-04420,396,38,14,31,76,36,13,2,0.84,High,7.2
IAM-004421,ORG-005,AST-04421,56,2,2,2,33,2,189,5,0.89,High,8.3
IAM-004422,ORG-005,AST-04422,99,8,3,5,54,3,121,0,0.31,Medium,4.4
IAM-004423,ORG-005,AST-04423,280,14,10,12,56,5,130,23,0.52,Medium,8.0
IAM-004424,ORG-015,AST-04424,445,10,19,6,92,6,8,1,0.78,High,6.2
IAM-004425,ORG-008,AST-04425,302,19,15,29,68,7,139,24,0.43,Medium,8.9
IAM-004426,ORG-008,AST-04426,179,11,8,1,37,9,45,5,0.8,High,8.4
IAM-004427,ORG-018,AST-04427,473,37,21,36,39,20,122,24,0.68,High,10
IAM-004428,ORG-013,AST-04428,336,32,5,26,80,20,129,20,0.39,High,6.0
IAM-004429,ORG-013,AST-04429,18,2,0,1,89,2,75,6,0.63,High,4.8
IAM-004430,ORG-022,AST-04430,200,18,8,17,76,18,81,0,0.72,High,6.4
IAM-004431,ORG-020,AST-04431,309,1,5,25,40,0,131,9,0.53,Low,5.6
IAM-004432,ORG-015,AST-04432,308,17,8,7,85,15,116,11,0.46,High,5.9
IAM-004433,ORG-018,AST-04433,421,41,15,27,94,12,95,6,0.89,Medium,4.5
IAM-004434,ORG-006,AST-04434,496,27,4,9,53,1,8,1,0.64,Low,3.6
IAM-004435,ORG-002,AST-04435,93,1,0,8,58,0,162,23,0.3,Low,4.7
IAM-004436,ORG-018,AST-04436,95,5,4,1,47,5,163,4,0.92,High,8.0
IAM-004437,ORG-011,AST-04437,389,32,19,31,44,21,180,29,0.48,High,10
IAM-004438,ORG-025,AST-04438,470,4,2,44,68,2,39,2,0.54,Low,4.4
IAM-004439,ORG-023,AST-04439,135,4,5,7,55,0,117,12,0.76,Low,5.6
IAM-004440,ORG-001,AST-04440,143,14,1,14,68,8,35,1,0.3,High,3.8
IAM-004441,ORG-020,AST-04441,92,7,2,5,64,6,159,19,0.72,High,6.9
IAM-004442,ORG-006,AST-04442,112,1,2,0,49,1,144,27,0.42,High,9.1
IAM-004443,ORG-019,AST-04443,90,4,3,8,32,0,150,30,0.48,Low,8.3
IAM-004444,ORG-008,AST-04444,396,32,3,7,81,31,77,15,0.38,High,6.1
IAM-004445,ORG-017,AST-04445,13,2,0,1,92,1,1,1,0.81,Low,1.7
IAM-004446,ORG-013,AST-04446,13,1,0,0,57,1,79,2,0.92,High,6.0
IAM-004447,ORG-006,AST-04447,347,11,0,7,34,11,6,1,0.31,High,7.8
IAM-004448,ORG-009,AST-04448,10,1,0,1,95,0,195,16,0.45,Low,1.5
IAM-004449,ORG-018,AST-04449,157,10,7,2,91,0,183,35,0.58,Low,5.8
IAM-004450,ORG-013,AST-04450,377,24,15,11,89,2,159,7,0.85,Low,4.6
IAM-004451,ORG-002,AST-04451,490,17,23,19,34,10,141,17,0.93,High,10
IAM-004452,ORG-023,AST-04452,35,1,1,2,53,0,104,12,0.78,Low,4.2
IAM-004453,ORG-013,AST-04453,113,3,0,9,50,3,62,10,0.95,High,7.5
IAM-004454,ORG-002,AST-04454,261,6,10,15,65,0,153,19,0.99,Low,6.0
IAM-004455,ORG-001,AST-04455,229,10,0,3,83,5,157,28,0.36,Medium,5.1
IAM-004456,ORG-011,AST-04456,401,33,4,5,43,8,187,1,0.82,Medium,5.7
IAM-004457,ORG-007,AST-04457,438,16,9,20,85,6,25,1,0.6,Medium,3.9
IAM-004458,ORG-006,AST-04458,384,37,4,24,98,9,17,2,0.96,Medium,2.3
IAM-004459,ORG-006,AST-04459,361,23,14,19,95,16,96,16,0.81,High,6.9
IAM-004460,ORG-013,AST-04460,282,12,8,28,98,7,118,20,0.35,High,5.4
IAM-004461,ORG-023,AST-04461,262,12,7,7,74,4,92,9,0.63,Medium,4.7
IAM-004462,ORG-006,AST-04462,60,4,0,0,94,2,107,16,0.75,Low,3.8
IAM-004463,ORG-019,AST-04463,113,9,1,8,64,0,143,21,0.54,Low,5.0
IAM-004464,ORG-003,AST-04464,350,14,2,0,87,9,27,5,0.62,High,3.7
IAM-004465,ORG-025,AST-04465,127,2,1,3,45,2,74,3,0.89,High,7.1
IAM-004466,ORG-020,AST-04466,218,9,10,18,56,3,109,4,0.52,Medium,6.5
IAM-004467,ORG-019,AST-04467,328,6,16,32,66,2,171,20,0.92,Low,8.8
IAM-004468,ORG-005,AST-04468,351,27,2,1,64,0,94,15,0.79,Low,3.9
IAM-004469,ORG-021,AST-04469,9,1,0,0,55,0,199,23,0.97,Low,5.2
IAM-004470,ORG-007,AST-04470,59,4,0,1,36,2,46,4,0.76,Low,6.5
IAM-004471,ORG-021,AST-04471,344,27,9,3,81,16,138,24,0.8,High,7.1
IAM-004472,ORG-003,AST-04472,55,4,1,5,52,1,143,5,0.49,Low,4.8
IAM-004473,ORG-009,AST-04473,440,27,20,10,71,12,117,2,0.94,Medium,7.8
IAM-004474,ORG-024,AST-04474,332,8,13,26,32,5,54,3,0.84,High,9.1
IAM-004475,ORG-024,AST-04475,226,6,7,21,97,2,177,7,0.91,Low,3.5
IAM-004476,ORG-020,AST-04476,270,11,13,17,94,0,41,6,0.33,Low,3.3
IAM-004477,ORG-017,AST-04477,476,34,13,16,67,18,59,7,0.52,High,7.0
IAM-004478,ORG-015,AST-04478,323,30,16,15,41,0,28,3,0.76,Low,7.5
IAM-004479,ORG-003,AST-04479,266,11,1,6,61,1,133,22,0.43,Low,5.1
IAM-004480,ORG-002,AST-04480,139,7,6,7,43,7,3,0,0.64,High,7.5
IAM-004481,ORG-010,AST-04481,159,7,3,11,52,2,59,0,0.51,Low,4.7
IAM-004482,ORG-005,AST-04482,497,34,10,2,40,21,13,1,0.69,High,8.0
IAM-004483,ORG-016,AST-04483,161,15,4,6,38,3,38,3,0.5,Medium,5.3
IAM-004484,ORG-023,AST-04484,490,4,9,13,77,3,46,9,0.46,High,6.9
IAM-004485,ORG-009,AST-04485,474,11,21,21,78,4,195,17,0.86,Medium,8.2
IAM-004486,ORG-020,AST-04486,461,21,13,44,91,17,167,21,0.67,High,7.3
IAM-004487,ORG-023,AST-04487,203,5,10,2,57,5,130,17,0.52,High,9.7
IAM-004488,ORG-017,AST-04488,228,14,6,11,81,9,119,17,0.93,High,6.2
IAM-004489,ORG-002,AST-04489,205,2,2,10,78,1,105,5,0.88,Low,4.2
IAM-004490,ORG-021,AST-04490,153,11,2,0,86,0,100,13,0.83,Low,2.7
IAM-004491,ORG-012,AST-04491,136,6,1,12,77,3,99,3,0.85,Medium,3.6
IAM-004492,ORG-007,AST-04492,396,1,14,17,65,1,185,7,0.84,High,8.8
IAM-004493,ORG-021,AST-04493,15,2,0,0,36,2,86,2,0.74,High,7.1
IAM-004494,ORG-003,AST-04494,301,24,0,22,77,5,23,4,0.58,Medium,2.1
IAM-004495,ORG-006,AST-04495,483,36,4,27,35,27,46,2,0.63,High,7.6
IAM-004496,ORG-007,AST-04496,483,18,17,21,85,13,159,9,0.98,High,7.2
IAM-004497,ORG-012,AST-04497,187,12,1,9,79,7,178,2,0.58,High,3.1
IAM-004498,ORG-006,AST-04498,177,2,5,8,66,0,64,6,0.52,Low,4.3
IAM-004499,ORG-016,AST-04499,466,17,19,33,76,15,93,1,0.85,High,8.0
IAM-004500,ORG-019,AST-04500,182,15,3,10,72,14,93,10,0.36,High,6.2
IAM-004501,ORG-023,AST-04501,310,19,4,1,86,7,85,8,1.0,Medium,3.9
IAM-004502,ORG-005,AST-04502,367,28,5,5,52,26,36,1,0.69,High,6.8
IAM-004503,ORG-011,AST-04503,424,18,21,42,48,16,87,16,0.65,High,10
IAM-004504,ORG-022,AST-04504,477,16,20,6,32,0,163,26,0.54,Low,10
IAM-004505,ORG-003,AST-04505,11,1,0,0,87,1,34,4,0.86,High,4.4
IAM-004506,ORG-001,AST-04506,454,3,9,26,68,2,61,1,0.33,High,5.7
IAM-004507,ORG-015,AST-04507,254,15,3,10,81,10,156,10,0.89,High,4.8
IAM-004508,ORG-007,AST-04508,229,3,6,12,42,0,177,24,0.87,Low,7.0
IAM-004509,ORG-016,AST-04509,385,14,7,16,34,11,144,2,0.65,High,8.8
IAM-004510,ORG-020,AST-04510,260,20,7,14,39,13,15,1,0.68,High,7.1
IAM-004511,ORG-014,AST-04511,176,3,7,3,85,3,191,6,0.85,High,6.0
IAM-004512,ORG-015,AST-04512,443,41,11,13,93,14,67,12,0.82,Medium,4.6
IAM-004513,ORG-015,AST-04513,348,5,12,2,90,5,79,4,0.7,High,6.7
IAM-004514,ORG-018,AST-04514,19,1,0,1,58,1,156,3,0.64,High,6.4
IAM-004515,ORG-014,AST-04515,349,12,3,4,49,10,28,2,0.91,High,6.6
IAM-004516,ORG-025,AST-04516,443,34,8,24,92,10,86,6,0.36,Medium,3.6
IAM-004517,ORG-011,AST-04517,245,24,7,24,46,16,48,5,0.48,High,7.2
IAM-004518,ORG-024,AST-04518,305,1,3,8,57,0,71,2,0.48,Low,3.7
IAM-004519,ORG-005,AST-04519,99,1,3,8,62,0,96,0,0.8,Low,3.5
IAM-004520,ORG-002,AST-04520,160,2,8,4,65,0,3,1,0.33,Low,3.9
IAM-004521,ORG-009,AST-04521,126,5,2,9,64,0,31,5,0.85,Low,3.3
IAM-004522,ORG-017,AST-04522,291,11,0,10,35,3,126,8,0.67,Medium,6.3
IAM-004523,ORG-011,AST-04523,383,38,5,36,81,1,22,4,0.71,Low,2.8
IAM-004524,ORG-007,AST-04524,405,15,16,0,83,0,148,25,0.34,Low,6.4
IAM-004525,ORG-006,AST-04525,380,34,16,6,98,3,55,8,0.9,Medium,4.3
IAM-004526,ORG-004,AST-04526,295,11,8,23,77,5,28,0,0.9,Medium,4.3
IAM-004527,ORG-021,AST-04527,319,15,12,17,33,2,117,16,0.9,Low,8.9
IAM-004528,ORG-002,AST-04528,355,8,0,34,41,1,62,1,0.6,Low,4.8
IAM-004529,ORG-025,AST-04529,192,17,1,4,83,15,31,1,0.45,High,3.9
IAM-004530,ORG-014,AST-04530,332,14,4,13,72,4,51,2,0.56,Medium,4.0
IAM-004531,ORG-021,AST-04531,395,32,8,24,98,13,34,2,0.66,Medium,3.5
IAM-004532,ORG-007,AST-04532,395,25,9,25,77,17,45,2,0.97,High,5.3
IAM-004533,ORG-023,AST-04533,64,3,2,3,44,1,9,1,0.41,Low,5.5
IAM-004534,ORG-008,AST-04534,441,33,3,16,85,13,138,6,0.97,Medium,3.8
IAM-004535,ORG-008,AST-04535,205,16,0,13,36,0,102,15,0.5,Low,5.5
IAM-004536,ORG-005,AST-04536,223,21,7,14,81,9,64,0,0.52,Medium,4.3
IAM-004537,ORG-004,AST-04537,298,5,5,11,87,1,132,6,0.75,Low,3.4
IAM-004538,ORG-024,AST-04538,78,7,0,2,98,0,51,0,0.88,Low,0
IAM-004539,ORG-006,AST-04539,429,31,0,6,72,7,73,14,0.54,Medium,4.3
IAM-004540,ORG-017,AST-04540,140,14,0,5,45,1,15,3,0.69,Low,4.0
IAM-004541,ORG-003,AST-04541,123,5,3,2,93,2,145,12,0.82,Low,3.7
IAM-004542,ORG-020,AST-04542,80,2,0,0,79,2,156,16,0.4,High,6.2
IAM-004543,ORG-002,AST-04543,496,6,21,38,46,4,125,21,0.48,High,10
IAM-004544,ORG-009,AST-04544,32,2,1,2,77,1,10,1,0.56,Low,3.4
IAM-004545,ORG-012,AST-04545,174,8,1,15,47,5,72,1,0.35,High,5.2
IAM-004546,ORG-007,AST-04546,70,3,3,3,31,2,46,3,0.49,High,7.8
IAM-004547,ORG-006,AST-04547,67,2,1,4,81,0,185,8,0.99,Low,1.8
IAM-004548,ORG-005,AST-04548,128,8,5,9,92,5,84,1,0.81,High,3.8
IAM-004549,ORG-006,AST-04549,127,6,6,2,52,1,25,3,0.92,Low,5.4
IAM-004550,ORG-015,AST-04550,176,17,0,14,64,11,145,22,0.69,High,7.0
IAM-004551,ORG-009,AST-04551,322,7,2,1,38,1,40,5,0.39,Low,5.6
IAM-004552,ORG-005,AST-04552,197,14,6,4,93,4,158,18,0.51,Medium,4.6
IAM-004553,ORG-006,AST-04553,461,12,7,30,88,1,10,0,0.59,Low,2.9
IAM-004554,ORG-001,AST-04554,378,3,3,21,92,3,178,1,0.63,High,3.7
IAM-004555,ORG-019,AST-04555,414,3,6,25,50,3,32,4,0.63,High,8.3
IAM-004556,ORG-025,AST-04556,488,46,23,37,47,43,198,32,0.49,High,10
IAM-004557,ORG-009,AST-04557,43,4,1,0,62,0,199,21,0.34,Low,5.3
IAM-004558,ORG-021,AST-04558,282,28,2,12,70,0,77,2,0.62,Low,2.8
IAM-004559,ORG-020,AST-04559,336,7,16,2,45,1,32,2,0.38,Low,7.6
IAM-004560,ORG-021,AST-04560,224,15,5,4,49,5,101,2,0.62,Medium,5.2
IAM-004561,ORG-013,AST-04561,130,13,1,4,45,9,172,14,0.34,High,7.6
IAM-004562,ORG-022,AST-04562,465,14,5,5,84,9,94,11,0.73,High,5.4
IAM-004563,ORG-004,AST-04563,158,15,4,12,38,8,183,34,0.92,High,9.6
IAM-004564,ORG-008,AST-04564,44,1,0,2,30,0,144,1,1.0,Low,5.0
IAM-004565,ORG-020,AST-04565,333,23,13,8,85,22,27,2,0.66,High,6.6
IAM-004566,ORG-021,AST-04566,466,3,14,10,74,3,198,10,0.35,High,9.0
IAM-004567,ORG-022,AST-04567,7,1,0,0,44,0,155,24,0.32,Low,6.4
IAM-004568,ORG-012,AST-04568,40,2,0,0,55,0,179,13,0.65,Low,4.5
IAM-004569,ORG-010,AST-04569,180,16,2,10,92,7,69,8,1.0,Medium,3.1
IAM-004570,ORG-012,AST-04570,116,4,1,5,88,1,84,3,0.44,Low,2.1
IAM-004571,ORG-010,AST-04571,465,37,23,11,89,11,15,2,0.75,Medium,6.7
IAM-004572,ORG-017,AST-04572,113,9,4,7,90,4,118,18,0.89,Medium,4.4
IAM-004573,ORG-007,AST-04573,197,5,1,0,97,0,128,14,0.6,Low,1.3
IAM-004574,ORG-012,AST-04574,150,11,0,8,40,10,1,1,0.95,High,6.4
IAM-004575,ORG-025,AST-04575,76,2,0,1,100,0,92,18,1.0,Low,1.6
IAM-004576,ORG-017,AST-04576,6,2,0,0,89,0,186,28,0.74,Low,3.6
IAM-004577,ORG-010,AST-04577,192,14,3,14,44,12,164,4,0.8,High,7.1
IAM-004578,ORG-021,AST-04578,433,3,19,15,92,3,192,19,0.59,High,9.5
IAM-004579,ORG-015,AST-04579,27,2,0,1,90,1,160,31,0.89,Low,5.1
IAM-004580,ORG-009,AST-04580,368,14,12,24,60,8,161,14,0.81,High,7.9
IAM-004581,ORG-009,AST-04581,79,3,1,5,43,2,23,0,0.65,High,6.0
IAM-004582,ORG-023,AST-04582,110,11,3,5,53,9,76,0,0.99,High,5.9
IAM-004583,ORG-023,AST-04583,297,3,2,26,90,1,1,0,0.32,Low,2.4
IAM-004584,ORG-003,AST-04584,298,13,12,24,42,10,168,16,0.71,High,10
IAM-004585,ORG-008,AST-04585,446,7,17,3,32,1,11,0,0.97,Low,8.6
IAM-004586,ORG-012,AST-04586,384,27,16,13,93,12,53,2,0.91,Medium,4.9
IAM-004587,ORG-001,AST-04587,181,4,1,11,49,4,120,16,0.39,High,7.8
IAM-004588,ORG-006,AST-04588,117,11,2,0,52,2,77,13,0.98,Low,5.7
IAM-004589,ORG-025,AST-04589,112,7,5,8,47,0,188,5,0.87,Low,4.6
IAM-004590,ORG-002,AST-04590,28,2,0,2,50,2,10,0,0.67,High,6.3
IAM-004591,ORG-001,AST-04591,449,33,18,27,34,24,199,0,0.58,High,10
IAM-004592,ORG-004,AST-04592,68,2,2,2,72,2,19,0,0.47,High,5.1
IAM-004593,ORG-025,AST-04593,317,20,5,25,48,5,137,4,0.53,Medium,5.9
IAM-004594,ORG-005,AST-04594,21,1,0,2,55,0,138,22,0.59,Low,5.7
IAM-004595,ORG-010,AST-04595,479,13,3,10,54,12,184,31,0.99,High,9.6
IAM-004596,ORG-004,AST-04596,415,2,15,41,74,1,29,2,0.59,Low,6.6
IAM-004597,ORG-022,AST-04597,231,10,5,15,75,4,116,11,0.81,Medium,5.2
IAM-004598,ORG-010,AST-04598,344,25,16,24,37,21,57,6,0.6,High,10
IAM-004599,ORG-001,AST-04599,436,40,7,7,46,10,37,1,0.71,Medium,5.6
IAM-004600,ORG-009,AST-04600,471,6,7,15,31,5,65,9,0.61,High,9.2
IAM-004601,ORG-018,AST-04601,329,19,7,1,89,2,114,4,0.93,Low,2.8
IAM-004602,ORG-019,AST-04602,352,33,16,32,61,10,14,2,0.46,Medium,7.3
IAM-004603,ORG-025,AST-04603,225,5,2,13,66,2,5,1,0.95,Low,3.7
IAM-004604,ORG-009,AST-04604,166,11,4,16,46,1,16,3,0.71,Low,5.3
IAM-004605,ORG-019,AST-04605,133,6,2,13,62,4,20,4,0.89,High,5.2
IAM-004606,ORG-007,AST-04606,57,4,2,2,62,3,181,2,0.33,High,5.4
IAM-004607,ORG-006,AST-04607,469,28,12,3,77,23,191,7,0.58,High,7.5
IAM-004608,ORG-025,AST-04608,446,26,15,22,76,11,178,22,0.82,Medium,7.8
IAM-004609,ORG-022,AST-04609,296,16,3,17,83,13,100,0,0.67,High,4.3
IAM-004610,ORG-003,AST-04610,338,26,12,33,98,24,188,3,0.72,High,5.5
IAM-004611,ORG-015,AST-04611,69,1,1,1,61,1,23,4,0.72,High,6.5
IAM-004612,ORG-010,AST-04612,280,1,4,21,76,1,64,10,0.75,High,6.7
IAM-004613,ORG-021,AST-04613,154,7,7,9,35,1,25,2,0.57,Low,6.2
IAM-004614,ORG-012,AST-04614,124,10,1,5,86,8,17,3,0.98,High,4.3
IAM-004615,ORG-011,AST-04615,344,32,15,1,36,8,100,12,0.85,Medium,9.3
IAM-004616,ORG-014,AST-04616,318,30,2,16,83,24,5,1,0.61,High,4.2
IAM-004617,ORG-020,AST-04617,305,27,3,8,68,13,98,10,0.63,Medium,5.6
IAM-004618,ORG-013,AST-04618,163,1,5,0,34,0,123,20,0.7,Low,7.0
IAM-004619,ORG-001,AST-04619,390,26,10,1,38,2,156,3,0.68,Low,6.4
IAM-004620,ORG-018,AST-04620,306,17,14,26,89,15,103,6,0.48,High,6.5
IAM-004621,ORG-006,AST-04621,469,25,11,24,53,24,106,12,1.0,High,8.9
IAM-004622,ORG-015,AST-04622,403,26,2,27,37,9,11,1,0.87,Medium,6.2
IAM-004623,ORG-022,AST-04623,79,5,0,5,62,0,98,2,0.53,Low,3.0
IAM-004624,ORG-013,AST-04624,130,12,5,10,36,3,149,28,0.48,Medium,9.1
IAM-004625,ORG-016,AST-04625,211,16,0,20,44,15,18,1,0.4,High,6.5
IAM-004626,ORG-006,AST-04626,28,1,1,2,52,1,143,1,0.44,High,7.0
IAM-004627,ORG-013,AST-04627,400,23,8,14,100,9,86,3,0.94,Medium,3.5
IAM-004628,ORG-012,AST-04628,64,3,0,5,76,3,28,2,0.3,High,5.3
IAM-004629,ORG-021,AST-04629,231,5,3,14,64,0,27,4,0.64,Low,3.0
IAM-004630,ORG-023,AST-04630,163,1,8,10,100,0,18,1,0.45,Low,2.2
IAM-004631,ORG-004,AST-04631,159,13,0,3,70,11,74,9,0.91,High,5.3
IAM-004632,ORG-011,AST-04632,487,38,2,22,70,9,59,5,0.51,Medium,3.3
IAM-004633,ORG-018,AST-04633,399,19,11,25,88,19,86,1,0.63,High,6.3
IAM-004634,ORG-025,AST-04634,68,5,2,1,98,0,133,10,0.76,Low,1.3
IAM-004635,ORG-002,AST-04635,48,4,2,3,60,4,186,11,0.83,High,6.7
IAM-004636,ORG-017,AST-04636,456,6,7,24,65,2,48,2,0.95,Low,4.8
IAM-004637,ORG-012,AST-04637,440,31,17,37,65,1,182,26,0.67,Low,8.2
IAM-004638,ORG-006,AST-04638,62,4,2,4,44,1,87,13,0.6,Low,6.1
IAM-004639,ORG-021,AST-04639,175,5,2,5,88,0,182,11,0.39,Low,2.4
IAM-004640,ORG-003,AST-04640,331,3,6,31,91,0,48,8,0.94,Low,3.0
IAM-004641,ORG-020,AST-04641,78,2,3,1,99,2,167,1,0.65,High,3.9
IAM-004642,ORG-020,AST-04642,196,11,5,19,90,6,43,8,0.56,High,4.4
IAM-004643,ORG-012,AST-04643,240,16,11,10,97,14,3,0,0.76,High,4.6
IAM-004644,ORG-014,AST-04644,56,4,2,5,88,0,47,8,1.0,Low,2.1
IAM-004645,ORG-003,AST-04645,28,1,0,0,43,1,170,7,0.95,High,7.1
IAM-004646,ORG-003,AST-04646,130,6,6,5,90,0,96,4,0.88,Low,1.9
IAM-004647,ORG-019,AST-04647,480,22,13,15,94,22,184,14,0.99,High,7.9
IAM-004648,ORG-010,AST-04648,454,11,13,9,63,0,49,1,0.59,Low,4.9
IAM-004649,ORG-002,AST-04649,258,9,10,0,39,9,193,17,0.38,High,10
IAM-004650,ORG-022,AST-04650,288,2,10,5,81,2,189,7,0.68,High,7.4
IAM-004651,ORG-007,AST-04651,266,16,10,18,72,15,64,6,0.44,High,7.7
IAM-004652,ORG-019,AST-04652,325,5,11,26,36,0,35,1,0.38,Low,6.9
IAM-004653,ORG-025,AST-04653,303,8,10,9,73,6,17,3,0.36,High,6.2
IAM-004654,ORG-019,AST-04654,299,29,9,23,64,15,154,8,0.65,High,6.3
IAM-004655,ORG-017,AST-04655,364,21,1,7,76,18,109,19,0.85,High,6.1
IAM-004656,ORG-011,AST-04656,480,34,9,40,97,19,33,2,0.67,High,3.8
IAM-004657,ORG-005,AST-04657,71,6,0,4,55,4,91,7,0.81,High,6.0
IAM-004658,ORG-014,AST-04658,246,17,12,10,37,8,89,6,0.8,Medium,8.2
IAM-004659,ORG-013,AST-04659,376,33,5,37,49,4,144,26,0.93,Medium,7.9
IAM-004660,ORG-009,AST-04660,319,4,5,11,40,0,62,11,0.6,Low,5.9
IAM-004661,ORG-005,AST-04661,276,5,8,10,65,2,0,1,0.54,Low,5.5
IAM-004662,ORG-016,AST-04662,454,22,11,16,65,15,133,3,0.47,High,7.4
IAM-004663,ORG-025,AST-04663,247,17,2,20,40,16,149,23,0.68,High,9.4
IAM-004664,ORG-017,AST-04664,385,4,11,16,85,0,101,3,0.33,Low,3.8
IAM-004665,ORG-006,AST-04665,443,12,0,6,90,3,198,3,0.58,Medium,1.7
IAM-004666,ORG-015,AST-04666,439,13,7,37,61,3,151,16,0.89,Medium,6.3
IAM-004667,ORG-025,AST-04667,167,11,4,6,41,7,70,4,0.35,High,7.4
IAM-004668,ORG-019,AST-04668,331,12,8,30,31,4,19,2,0.6,Medium,7.6
IAM-004669,ORG-024,AST-04669,39,1,0,1,40,0,45,1,0.44,Low,4.2
IAM-004670,ORG-001,AST-04670,115,5,1,0,89,4,98,7,0.62,High,3.9
IAM-004671,ORG-013,AST-04671,109,10,4,4,35,5,163,3,0.62,Medium,6.7
IAM-004672,ORG-011,AST-04672,12,2,0,1,89,2,97,4,0.37,High,4.4
IAM-004673,ORG-004,AST-04673,244,12,5,2,81,4,78,1,0.32,Medium,3.2
IAM-004674,ORG-012,AST-04674,162,1,1,11,30,0,63,3,0.98,Low,5.4
IAM-004675,ORG-016,AST-04675,309,17,4,27,95,2,173,21,0.37,Low,4.1
IAM-004676,ORG-012,AST-04676,416,37,12,0,67,21,62,3,0.81,High,6.2
IAM-004677,ORG-013,AST-04677,393,5,7,13,44,4,170,14,0.89,High,8.8
IAM-004678,ORG-005,AST-04678,193,3,1,4,98,3,167,31,0.52,High,6.0
IAM-004679,ORG-014,AST-04679,457,19,19,23,69,13,138,0,0.56,High,8.3
IAM-004680,ORG-023,AST-04680,471,28,20,46,56,7,95,9,0.87,Medium,8.4
IAM-004681,ORG-021,AST-04681,321,8,2,19,31,2,114,2,0.5,Low,6.3
IAM-004682,ORG-005,AST-04682,7,1,0,0,71,0,23,4,0.3,Low,2.5
IAM-004683,ORG-016,AST-04683,313,17,11,14,87,6,189,29,0.75,Medium,7.5
IAM-004684,ORG-019,AST-04684,292,16,5,11,80,4,4,1,0.7,Medium,2.9
IAM-004685,ORG-001,AST-04685,8,1,0,0,34,0,139,21,0.87,Low,6.3
IAM-004686,ORG-008,AST-04686,400,38,0,29,45,37,119,9,0.9,High,7.8
IAM-004687,ORG-021,AST-04687,54,1,0,0,60,0,159,27,0.49,Low,5.2
IAM-004688,ORG-002,AST-04688,144,2,3,6,62,1,119,3,0.98,Low,4.9
IAM-004689,ORG-021,AST-04689,152,2,1,9,56,2,186,3,0.39,High,6.4
IAM-004690,ORG-015,AST-04690,328,19,12,5,62,14,195,19,0.47,High,8.6
IAM-004691,ORG-025,AST-04691,159,5,6,6,84,5,75,11,0.68,High,6.0
IAM-004692,ORG-005,AST-04692,125,2,5,7,55,0,6,0,0.37,Low,4.0
IAM-004693,ORG-012,AST-04693,360,2,16,33,96,1,178,32,0.75,Low,8.1
IAM-004694,ORG-008,AST-04694,25,1,1,2,86,1,188,27,0.61,High,7.2
IAM-004695,ORG-022,AST-04695,387,14,1,12,85,13,170,31,0.8,High,6.6
IAM-004696,ORG-019,AST-04696,165,7,1,14,65,1,190,13,0.59,Low,4.0
IAM-004697,ORG-021,AST-04697,203,13,9,12,58,8,176,7,0.6,High,7.6
IAM-004698,ORG-014,AST-04698,168,13,0,5,37,11,143,22,0.42,High,9.2
IAM-004699,ORG-019,AST-04699,116,7,0,9,41,2,190,32,0.71,Low,8.1
IAM-004700,ORG-017,AST-04700,435,34,17,37,80,27,21,2,0.48,High,7.7
IAM-004701,ORG-022,AST-04701,349,1,10,11,55,1,44,2,0.93,High,8.6
IAM-004702,ORG-011,AST-04702,142,12,3,4,37,0,102,14,0.84,Low,5.9
IAM-004703,ORG-015,AST-04703,62,1,3,2,100,1,30,6,0.98,High,3.9
IAM-004704,ORG-019,AST-04704,370,12,4,5,32,8,55,6,0.97,High,7.5
IAM-004705,ORG-011,AST-04705,22,2,1,2,79,0,51,5,0.68,Low,2.5
IAM-004706,ORG-022,AST-04706,58,3,0,1,47,1,108,6,0.43,Low,5.1
IAM-004707,ORG-004,AST-04707,362,32,17,13,49,0,94,9,0.84,Low,7.4
IAM-004708,ORG-006,AST-04708,41,3,2,2,41,2,17,3,0.56,High,6.7
IAM-004709,ORG-002,AST-04709,245,7,7,5,46,5,192,22,0.65,High,9.4
IAM-004710,ORG-014,AST-04710,199,12,3,8,95,5,65,0,0.82,Medium,2.5
IAM-004711,ORG-005,AST-04711,7,1,0,0,93,1,115,18,0.86,High,5.2
IAM-004712,ORG-011,AST-04712,411,35,4,27,95,26,185,18,0.45,High,5.1
IAM-004713,ORG-016,AST-04713,166,3,3,0,54,2,9,0,0.76,High,5.9
IAM-004714,ORG-014,AST-04714,280,9,3,14,66,4,124,18,0.73,Medium,5.5
IAM-004715,ORG-020,AST-04715,253,5,7,14,40,0,148,10,0.45,Low,6.1
IAM-004716,ORG-001,AST-04716,381,13,12,24,57,9,178,18,0.82,High,8.9
IAM-004717,ORG-010,AST-04717,494,11,13,10,83,9,56,8,0.74,High,7.2
IAM-004718,ORG-004,AST-04718,424,9,9,40,65,3,86,6,0.36,Medium,5.5
IAM-004719,ORG-005,AST-04719,256,20,11,19,80,17,145,2,0.98,High,6.3
IAM-004720,ORG-005,AST-04720,349,22,14,18,43,10,60,0,0.48,Medium,7.9
IAM-004721,ORG-012,AST-04721,130,11,4,3,50,10,52,0,0.5,High,7.2
IAM-004722,ORG-004,AST-04722,328,14,11,9,30,8,106,8,0.66,High,9.2
IAM-004723,ORG-019,AST-04723,348,13,6,10,31,10,166,22,0.46,High,10.0
IAM-004724,ORG-001,AST-04724,224,18,0,22,41,3,105,2,0.66,Medium,4.5
IAM-004725,ORG-002,AST-04725,372,29,5,33,67,10,30,6,0.48,Medium,4.4
IAM-004726,ORG-008,AST-04726,484,20,23,40,31,11,124,10,0.74,High,10
IAM-004727,ORG-020,AST-04727,73,6,3,6,73,0,149,29,0.91,Low,5.4
IAM-004728,ORG-013,AST-04728,498,7,5,39,30,3,14,2,0.48,Medium,7.4
IAM-004729,ORG-003,AST-04729,153,5,2,4,52,0,44,5,0.97,Low,4.3
IAM-004730,ORG-001,AST-04730,425,4,21,37,32,1,82,7,0.98,Low,10.0
IAM-004731,ORG-022,AST-04731,207,7,8,1,50,5,18,0,0.47,High,6.8
IAM-004732,ORG-009,AST-04732,494,48,21,35,94,40,79,12,0.93,High,8.2
IAM-004733,ORG-015,AST-04733,221,11,4,5,94,4,47,8,0.97,Medium,3.5
IAM-004734,ORG-005,AST-04734,248,15,9,3,32,10,19,1,0.49,High,8.4
IAM-004735,ORG-019,AST-04735,230,15,5,5,31,9,164,27,0.44,High,9.8
IAM-004736,ORG-011,AST-04736,80,6,0,0,88,5,127,12,0.67,High,4.4
IAM-004737,ORG-006,AST-04737,74,7,0,4,31,2,22,3,0.79,Low,5.9
IAM-004738,ORG-014,AST-04738,68,1,3,4,36,1,157,19,0.85,High,10
IAM-004739,ORG-018,AST-04739,330,27,1,10,86,10,158,0,0.93,Medium,1.9
IAM-004740,ORG-018,AST-04740,467,7,5,7,53,5,47,9,0.33,High,6.9
IAM-004741,ORG-021,AST-04741,196,13,2,18,74,1,3,0,0.67,Low,2.2
IAM-004742,ORG-007,AST-04742,293,9,13,22,88,2,32,0,0.35,Low,3.6
IAM-004743,ORG-001,AST-04743,179,14,0,2,40,9,17,3,0.91,High,6.6
IAM-004744,ORG-014,AST-04744,69,2,0,1,64,1,148,16,0.39,Low,5.0
IAM-004745,ORG-002,AST-04745,465,18,10,44,95,9,21,3,0.73,Medium,3.7
IAM-004746,ORG-001,AST-04746,422,42,0,36,61,16,15,2,0.62,Medium,3.8
IAM-004747,ORG-024,AST-04747,419,39,2,38,74,8,167,20,0.4,Medium,4.3
IAM-004748,ORG-003,AST-04748,124,2,6,9,73,1,191,37,0.99,Low,8.7
IAM-004749,ORG-008,AST-04749,96,9,3,5,69,0,197,7,0.6,Low,3.2
IAM-004750,ORG-017,AST-04750,236,15,2,22,51,0,159,11,0.57,Low,4.7
IAM-004751,ORG-024,AST-04751,183,5,0,9,78,3,182,24,0.32,High,5.9
IAM-004752,ORG-011,AST-04752,418,14,2,8,64,2,60,10,0.96,Low,4.0
IAM-004753,ORG-008,AST-04753,408,27,7,35,33,13,5,0,0.43,Medium,7.8
IAM-004754,ORG-008,AST-04754,273,13,1,25,40,13,17,2,0.59,High,7.6
IAM-004755,ORG-010,AST-04755,499,34,10,48,51,11,57,6,0.68,Medium,7.0
IAM-004756,ORG-023,AST-04756,204,19,4,5,75,0,4,1,0.51,Low,2.6
IAM-004757,ORG-012,AST-04757,500,45,7,6,48,3,182,9,0.94,Medium,6.5
IAM-004758,ORG-001,AST-04758,494,2,8,44,52,1,3,0,0.96,Low,6.0
IAM-004759,ORG-003,AST-04759,368,34,17,25,72,28,13,2,0.46,High,8.4
IAM-004760,ORG-004,AST-04760,302,12,13,11,65,2,111,7,0.63,Low,5.7
IAM-004761,ORG-003,AST-04761,97,4,0,5,75,0,13,0,0.92,Low,1.2
IAM-004762,ORG-016,AST-04762,77,2,1,3,75,2,21,1,0.53,High,4.9
IAM-004763,ORG-001,AST-04763,236,23,1,21,55,20,154,17,0.76,High,7.5
IAM-004764,ORG-004,AST-04764,164,12,5,10,87,10,48,6,0.69,High,4.9
IAM-004765,ORG-025,AST-04765,409,17,16,34,63,17,101,18,0.77,High,10
IAM-004766,ORG-003,AST-04766,111,11,2,1,43,7,194,5,0.52,High,6.8
IAM-004767,ORG-020,AST-04767,493,45,9,21,42,33,16,0,0.32,High,7.4
IAM-004768,ORG-006,AST-04768,394,38,8,14,59,34,131,21,0.77,High,9.2
IAM-004769,ORG-011,AST-04769,332,18,15,17,34,15,173,14,0.43,High,10
IAM-004770,ORG-018,AST-04770,422,17,7,33,59,9,158,18,0.89,High,7.1
IAM-004771,ORG-006,AST-04771,496,5,20,45,38,0,194,14,0.4,Low,9.1
IAM-004772,ORG-008,AST-04772,483,11,23,18,58,8,109,18,0.95,High,10
IAM-004773,ORG-007,AST-04773,285,23,7,19,79,0,53,3,0.99,Low,2.6
IAM-004774,ORG-011,AST-04774,35,3,0,0,98,1,77,1,0.8,Low,0.8
IAM-004775,ORG-017,AST-04775,276,7,1,3,65,0,145,6,0.61,Low,3.2
IAM-004776,ORG-021,AST-04776,316,28,3,18,41,3,127,10,0.55,Medium,5.8
IAM-004777,ORG-009,AST-04777,236,2,6,14,65,1,14,2,0.67,Low,4.9
IAM-004778,ORG-011,AST-04778,220,4,6,9,80,2,199,13,0.96,Low,5.4
IAM-004779,ORG-023,AST-04779,460,35,13,16,61,21,98,18,0.92,High,8.6
IAM-004780,ORG-007,AST-04780,395,20,13,20,99,7,61,10,0.78,Medium,4.8
IAM-004781,ORG-015,AST-04781,239,6,4,8,93,2,28,2,0.79,Low,2.1
IAM-004782,ORG-011,AST-04782,383,10,17,5,33,3,89,3,0.56,Medium,9.2
IAM-004783,ORG-002,AST-04783,170,12,4,14,47,8,2,1,0.64,High,6.2
IAM-004784,ORG-001,AST-04784,67,6,3,2,98,4,67,7,0.58,High,3.6
IAM-004785,ORG-012,AST-04785,408,12,17,32,54,8,68,13,0.9,High,9.8
IAM-004786,ORG-001,AST-04786,173,14,2,1,63,1,3,1,0.79,Low,3.1
IAM-004787,ORG-015,AST-04787,159,7,1,7,45,2,58,5,0.92,Low,5.0
IAM-004788,ORG-007,AST-04788,336,28,11,16,86,28,101,15,0.49,High,7.7
IAM-004789,ORG-018,AST-04789,172,12,3,14,41,1,72,9,0.89,Low,5.2
IAM-004790,ORG-009,AST-04790,10,2,0,1,55,2,182,1,0.51,High,5.8
IAM-004791,ORG-004,AST-04791,413,30,18,12,60,3,93,13,0.7,Medium,8.0
IAM-004792,ORG-012,AST-04792,204,20,1,15,61,15,5,0,0.54,High,5.1
IAM-004793,ORG-006,AST-04793,334,29,14,10,32,26,175,29,0.32,High,10
IAM-004794,ORG-002,AST-04794,188,3,0,1,35,1,63,7,0.75,Low,5.9
IAM-004795,ORG-001,AST-04795,278,9,8,15,58,6,172,8,0.98,High,7.5
IAM-004796,ORG-021,AST-04796,104,5,3,9,69,0,191,25,0.89,Low,4.9
IAM-004797,ORG-014,AST-04797,42,4,2,4,47,0,38,2,0.45,Low,3.7
IAM-004798,ORG-017,AST-04798,218,16,0,18,76,9,12,2,0.34,High,3.2
IAM-004799,ORG-007,AST-04799,480,17,12,46,48,8,158,12,0.79,Medium,9.0
IAM-004800,ORG-025,AST-04800,347,7,11,4,43,5,169,21,0.53,High,10
IAM-004801,ORG-018,AST-04801,112,4,1,3,59,4,91,7,0.67,High,6.3
IAM-004802,ORG-004,AST-04802,25,2,1,1,42,1,137,10,0.99,Low,6.4
IAM-004803,ORG-013,AST-04803,486,23,2,26,86,18,72,11,0.41,High,4.9
IAM-004804,ORG-006,AST-04804,102,7,5,0,77,3,103,1,0.73,Medium,3.5
IAM-004805,ORG-007,AST-04805,75,6,1,6,82,6,25,1,0.33,High,4.5
IAM-004806,ORG-002,AST-04806,197,8,1,19,43,0,136,1,0.83,Low,4.1
IAM-004807,ORG-025,AST-04807,287,6,13,3,74,6,156,22,0.61,High,9.9
IAM-004808,ORG-016,AST-04808,81,4,0,2,100,1,147,1,0.97,Low,0.6
IAM-004809,ORG-024,AST-04809,272,4,5,2,94,2,33,4,0.67,Low,3.0
IAM-004810,ORG-004,AST-04810,460,27,18,16,53,8,198,12,0.93,Medium,8.3
IAM-004811,ORG-021,AST-04811,156,2,4,2,76,2,100,9,0.86,High,6.4
IAM-004812,ORG-017,AST-04812,483,28,10,34,86,9,40,7,0.69,Medium,4.6
IAM-004813,ORG-001,AST-04813,498,37,6,47,81,11,98,0,0.63,Medium,3.0
IAM-004814,ORG-012,AST-04814,143,1,5,0,50,0,64,7,0.4,Low,5.4
IAM-004815,ORG-021,AST-04815,331,20,2,9,62,12,134,9,0.52,High,6.1
IAM-004816,ORG-025,AST-04816,479,5,3,24,76,1,175,10,0.57,Low,3.3
IAM-004817,ORG-017,AST-04817,279,9,1,23,74,4,132,0,0.57,Medium,3.2
IAM-004818,ORG-008,AST-04818,348,7,8,7,65,6,65,10,0.49,High,7.5
IAM-004819,ORG-018,AST-04819,371,8,4,17,78,7,87,0,0.57,High,5.3
IAM-004820,ORG-009,AST-04820,295,20,12,7,36,0,52,2,0.43,Low,7.3
IAM-004821,ORG-005,AST-04821,309,15,6,6,84,13,147,4,0.43,High,5.0
IAM-004822,ORG-006,AST-04822,437,2,13,40,63,0,163,10,0.98,Low,5.8
IAM-004823,ORG-013,AST-04823,496,8,23,25,95,2,39,3,0.85,Low,5.7
IAM-004824,ORG-023,AST-04824,477,6,2,2,95,5,174,22,0.79,High,5.5
IAM-004825,ORG-014,AST-04825,457,27,10,4,72,4,58,2,0.55,Medium,5.0
IAM-004826,ORG-008,AST-04826,11,1,0,1,90,0,0,0,0.34,Low,0.3
IAM-004827,ORG-025,AST-04827,65,5,1,3,69,5,52,5,0.49,High,5.8
IAM-004828,ORG-024,AST-04828,390,34,10,29,74,16,138,27,0.71,Medium,7.6
IAM-004829,ORG-005,AST-04829,410,25,9,0,58,12,100,9,0.8,Medium,7.4
IAM-004830,ORG-017,AST-04830,161,9,1,14,48,7,39,2,0.58,High,6.1
IAM-004831,ORG-017,AST-04831,185,5,0,6,72,3,8,0,0.92,High,3.5
IAM-004832,ORG-022,AST-04832,356,17,0,4,60,9,88,0,0.81,High,4.5
IAM-004833,ORG-013,AST-04833,83,6,2,1,54,2,114,0,0.35,Low,4.9
IAM-004834,ORG-005,AST-04834,330,29,4,25,47,20,155,9,0.64,High,7.1
IAM-004835,ORG-001,AST-04835,179,15,1,7,60,7,140,21,0.94,Medium,6.9
IAM-004836,ORG-019,AST-04836,316,10,3,12,85,10,138,2,0.38,High,5.1
IAM-004837,ORG-023,AST-04837,327,27,12,4,88,22,155,9,0.91,High,6.2
IAM-004838,ORG-001,AST-04838,21,1,0,0,32,0,164,31,0.52,Low,7.7
IAM-004839,ORG-014,AST-04839,6,1,0,0,66,1,96,14,0.43,High,6.2
IAM-004840,ORG-018,AST-04840,334,6,6,20,70,4,77,10,0.73,High,6.1
IAM-004841,ORG-017,AST-04841,30,2,1,0,95,1,51,6,0.45,Low,2.4
IAM-004842,ORG-011,AST-04842,206,1,7,2,75,1,137,18,0.33,High,7.8
IAM-004843,ORG-018,AST-04843,123,3,4,10,54,2,90,15,0.91,High,7.0
IAM-004844,ORG-016,AST-04844,350,9,2,10,61,6,34,5,0.78,High,5.3
IAM-004845,ORG-014,AST-04845,392,8,15,29,37,5,46,9,0.39,High,9.8
IAM-004846,ORG-008,AST-04846,405,3,6,24,56,2,148,14,0.93,High,7.0
IAM-004847,ORG-013,AST-04847,305,23,5,28,51,13,45,8,0.76,High,7.1
IAM-004848,ORG-005,AST-04848,253,8,5,2,61,5,121,16,0.45,High,6.6
IAM-004849,ORG-014,AST-04849,349,21,15,31,78,21,158,19,0.8,High,9.1
IAM-004850,ORG-009,AST-04850,129,6,5,1,63,6,139,15,0.99,High,8.0
IAM-004851,ORG-015,AST-04851,185,16,3,1,63,1,3,1,0.47,Low,3.0
IAM-004852,ORG-023,AST-04852,412,13,16,35,95,13,91,10,0.75,High,7.6
IAM-004853,ORG-009,AST-04853,109,10,1,1,93,4,69,0,0.65,Medium,2.1
IAM-004854,ORG-024,AST-04854,158,15,4,13,49,2,50,6,0.92,Low,5.0
IAM-004855,ORG-015,AST-04855,239,18,9,5,56,1,92,11,0.81,Low,5.8
IAM-004856,ORG-025,AST-04856,168,7,3,14,70,5,51,5,0.74,High,4.8
IAM-004857,ORG-024,AST-04857,377,27,5,17,59,10,37,5,0.45,Medium,5.4
IAM-004858,ORG-005,AST-04858,457,1,7,36,66,1,21,3,0.79,High,7.3
IAM-004859,ORG-019,AST-04859,398,25,7,21,55,2,191,35,0.41,Low,7.8
IAM-004860,ORG-025,AST-04860,24,1,1,0,92,1,57,5,0.95,High,4.4
IAM-004861,ORG-012,AST-04861,289,4,0,20,75,1,89,11,0.73,Low,3.1
IAM-004862,ORG-005,AST-04862,60,3,3,4,39,3,64,12,0.54,High,9.0
IAM-004863,ORG-014,AST-04863,362,8,17,3,41,4,177,0,0.73,Medium,9.2
IAM-004864,ORG-022,AST-04864,351,26,1,13,73,9,138,22,0.81,Medium,5.1
IAM-004865,ORG-017,AST-04865,141,11,7,5,39,9,196,10,0.4,High,9.3
IAM-004866,ORG-001,AST-04866,295,4,11,29,36,4,129,10,1.0,High,10.0
IAM-004867,ORG-003,AST-04867,133,6,1,2,66,2,95,8,0.3,Low,4.7
IAM-004868,ORG-010,AST-04868,214,20,0,7,33,9,186,33,1.0,Medium,9.2
IAM-004869,ORG-001,AST-04869,220,3,2,18,91,1,51,0,0.5,Low,1.9
IAM-004870,ORG-010,AST-04870,398,36,6,16,52,27,187,21,0.5,High,9.2
IAM-004871,ORG-012,AST-04871,137,11,3,0,45,3,141,19,0.62,Medium,6.8
IAM-004872,ORG-012,AST-04872,304,12,0,4,92,12,21,0,0.39,High,3.3
IAM-004873,ORG-012,AST-04873,166,10,1,12,44,8,31,6,0.9,High,7.2
IAM-004874,ORG-022,AST-04874,5,1,0,0,54,0,152,4,0.71,Low,3.6
IAM-004875,ORG-012,AST-04875,76,2,1,4,30,2,189,7,0.66,High,8.6
IAM-004876,ORG-021,AST-04876,111,2,1,4,79,0,29,3,0.7,Low,2.3
IAM-004877,ORG-013,AST-04877,329,23,1,22,72,17,171,9,0.39,High,4.7
IAM-004878,ORG-015,AST-04878,382,24,17,37,37,11,131,1,0.3,Medium,9.4
IAM-004879,ORG-011,AST-04879,179,12,3,11,90,1,33,2,0.61,Low,1.6
IAM-004880,ORG-021,AST-04880,415,39,19,15,51,4,184,26,0.98,Medium,9.8
IAM-004881,ORG-021,AST-04881,416,25,1,8,49,22,87,17,0.87,High,7.5
IAM-004882,ORG-003,AST-04882,320,6,7,17,96,1,200,14,0.98,Low,3.6
IAM-004883,ORG-010,AST-04883,78,3,0,2,95,2,196,17,0.65,High,4.5
IAM-004884,ORG-022,AST-04884,431,7,14,16,82,5,97,6,0.6,High,6.6
IAM-004885,ORG-010,AST-04885,149,9,1,11,87,9,178,2,0.41,High,4.2
IAM-004886,ORG-012,AST-04886,439,24,1,26,48,16,102,7,0.55,High,6.8
IAM-004887,ORG-012,AST-04887,72,3,1,5,88,1,25,2,0.44,Low,2.2
IAM-004888,ORG-020,AST-04888,493,12,19,37,92,8,142,1,0.72,High,6.1
IAM-004889,ORG-013,AST-04889,493,45,15,19,81,22,42,1,0.63,Medium,6.0
IAM-004890,ORG-014,AST-04890,113,9,5,1,35,0,168,2,0.57,Low,5.4
IAM-004891,ORG-007,AST-04891,398,37,5,17,36,27,28,0,0.85,High,7.6
IAM-004892,ORG-001,AST-04892,497,30,18,45,75,23,188,13,0.4,High,9.0
IAM-004893,ORG-005,AST-04893,245,5,4,1,82,1,172,33,0.5,Low,6.3
IAM-004894,ORG-019,AST-04894,417,5,14,38,71,1,34,2,0.68,Low,5.4
IAM-004895,ORG-020,AST-04895,59,4,0,5,62,0,22,3,0.37,Low,2.4
IAM-004896,ORG-010,AST-04896,133,13,2,0,64,7,74,9,0.56,High,5.7
IAM-004897,ORG-022,AST-04897,363,7,5,19,42,1,157,19,0.79,Low,7.6
IAM-004898,ORG-002,AST-04898,484,31,24,48,31,8,64,7,0.95,Medium,10
IAM-004899,ORG-018,AST-04899,362,22,14,23,37,19,151,8,0.76,High,10
IAM-004900,ORG-018,AST-04900,197,5,4,9,84,4,196,9,0.61,High,5.6
IAM-004901,ORG-024,AST-04901,282,5,4,4,41,3,196,13,0.83,High,7.4
IAM-004902,ORG-002,AST-04902,99,5,3,2,77,5,54,10,0.83,High,6.4
IAM-004903,ORG-019,AST-04903,339,12,5,22,34,11,84,1,0.77,High,7.8
IAM-004904,ORG-013,AST-04904,122,8,5,0,50,7,66,12,0.67,High,8.6
IAM-004905,ORG-004,AST-04905,269,20,1,22,54,6,142,11,0.68,Medium,5.5
IAM-004906,ORG-021,AST-04906,216,5,6,6,58,1,17,3,0.34,Low,5.0
IAM-004907,ORG-005,AST-04907,257,4,4,2,84,1,77,10,0.63,Low,4.1
IAM-004908,ORG-004,AST-04908,268,6,13,1,66,4,109,16,0.54,High,8.4
IAM-004909,ORG-003,AST-04909,266,19,0,20,63,0,196,38,0.83,Low,6.5
IAM-004910,ORG-024,AST-04910,307,8,12,28,91,1,19,1,0.31,Low,3.8
IAM-004911,ORG-002,AST-04911,296,4,1,7,53,2,3,0,0.35,Low,4.4
IAM-004912,ORG-006,AST-04912,358,5,10,34,49,4,21,4,0.32,High,8.0
IAM-004913,ORG-002,AST-04913,375,37,14,34,51,24,21,2,0.56,High,8.3
IAM-004914,ORG-015,AST-04914,334,8,5,16,34,4,160,25,0.84,Medium,9.4
IAM-004915,ORG-025,AST-04915,337,4,12,30,41,0,96,16,0.56,Low,8.4
IAM-004916,ORG-019,AST-04916,333,29,3,31,100,16,129,15,0.56,High,3.5
IAM-004917,ORG-020,AST-04917,168,5,5,16,44,0,25,5,0.93,Low,5.5
IAM-004918,ORG-007,AST-04918,126,2,5,1,76,2,30,5,0.84,High,6.3
IAM-004919,ORG-003,AST-04919,450,37,5,17,83,10,178,2,0.44,Medium,3.6
IAM-004920,ORG-025,AST-04920,142,7,3,2,59,1,122,8,0.76,Low,4.4
IAM-004921,ORG-015,AST-04921,484,12,0,11,65,10,52,10,0.75,High,6.1
IAM-004922,ORG-020,AST-04922,277,24,8,2,98,14,196,27,0.71,High,5.8
IAM-004923,ORG-005,AST-04923,212,8,5,3,79,2,82,0,0.49,Low,3.1
IAM-004924,ORG-019,AST-04924,224,6,4,19,43,5,60,4,0.87,High,7.5
IAM-004925,ORG-024,AST-04925,384,8,13,31,64,0,87,3,0.4,Low,4.8
IAM-004926,ORG-005,AST-04926,130,1,0,11,90,0,171,27,0.89,Low,3.3
IAM-004927,ORG-020,AST-04927,287,17,7,0,93,17,31,2,0.88,High,5.2
IAM-004928,ORG-001,AST-04928,328,29,10,8,72,25,6,0,0.43,High,6.5
IAM-004929,ORG-022,AST-04929,77,7,0,1,79,2,49,5,0.58,Low,2.4
IAM-004930,ORG-014,AST-04930,84,4,0,4,41,4,134,1,0.58,High,6.9
IAM-004931,ORG-016,AST-04931,386,9,6,6,80,0,169,21,0.87,Low,4.5
IAM-004932,ORG-023,AST-04932,375,26,14,27,100,5,153,25,0.9,Medium,6.3
IAM-004933,ORG-011,AST-04933,68,2,2,1,74,2,156,28,0.5,High,8.4
IAM-004934,ORG-012,AST-04934,298,6,1,25,78,3,48,4,0.46,Medium,3.8
IAM-004935,ORG-003,AST-04935,90,5,1,8,68,5,170,8,0.99,High,5.7
IAM-004936,ORG-022,AST-04936,294,2,12,27,39,1,154,12,0.3,Low,9.5
IAM-004937,ORG-024,AST-04937,137,7,6,3,43,6,181,7,0.97,High,8.6
IAM-004938,ORG-018,AST-04938,153,10,3,6,58,2,151,1,0.77,Low,4.5
IAM-004939,ORG-013,AST-04939,37,1,1,1,45,0,165,24,0.73,Low,6.4
IAM-004940,ORG-010,AST-04940,210,19,4,2,35,4,38,7,0.36,Medium,6.6
IAM-004941,ORG-012,AST-04941,165,2,4,6,38,1,84,5,0.66,Low,6.9
IAM-004942,ORG-017,AST-04942,419,38,13,5,45,33,105,1,0.55,High,8.6
IAM-004943,ORG-022,AST-04943,60,3,2,5,59,1,6,1,0.96,Low,4.1
IAM-004944,ORG-010,AST-04944,60,4,2,0,44,3,95,9,0.39,High,6.9
IAM-004945,ORG-018,AST-04945,220,16,9,22,74,11,49,0,0.82,High,5.3
IAM-004946,ORG-015,AST-04946,307,15,3,27,94,11,124,4,0.93,High,3.7
IAM-004947,ORG-013,AST-04947,331,28,3,10,78,1,12,1,0.86,Low,2.1
IAM-004948,ORG-018,AST-04948,351,26,8,5,69,16,112,17,0.65,High,7.1
IAM-004949,ORG-008,AST-04949,289,10,0,24,32,5,41,4,0.8,Medium,6.4
IAM-004950,ORG-007,AST-04950,224,13,4,11,93,3,107,15,0.82,Medium,3.4
IAM-004951,ORG-010,AST-04951,400,8,16,19,75,4,192,32,0.99,Medium,9.7
IAM-004952,ORG-019,AST-04952,358,1,1,20,91,0,19,2,0.65,Low,1.4
IAM-004953,ORG-025,AST-04953,189,2,3,10,68,0,186,34,0.88,Low,6.5
IAM-004954,ORG-025,AST-04954,225,19,7,18,82,7,126,11,0.95,Medium,4.4
IAM-004955,ORG-014,AST-04955,20,2,0,0,38,0,34,1,0.95,Low,3.8
IAM-004956,ORG-008,AST-04956,76,6,3,7,94,4,58,8,0.38,High,3.4
IAM-004957,ORG-008,AST-04957,18,2,0,1,65,2,141,22,0.33,High,7.8
IAM-004958,ORG-021,AST-04958,497,5,20,44,61,4,197,33,0.83,High,10
IAM-004959,ORG-008,AST-04959,226,5,0,21,46,2,147,25,0.36,Low,6.9
IAM-004960,ORG-012,AST-04960,190,12,5,1,52,11,186,27,0.41,High,10
IAM-004961,ORG-003,AST-04961,5,1,0,0,67,1,144,14,0.47,High,6.6
IAM-004962,ORG-019,AST-04962,80,2,4,4,98,2,125,14,0.46,High,5.7
IAM-004963,ORG-016,AST-04963,47,2,2,1,58,2,93,14,0.67,High,7.7
IAM-004964,ORG-025,AST-04964,325,6,8,24,68,2,152,6,0.72,Low,5.3
IAM-004965,ORG-009,AST-04965,253,24,4,21,47,12,118,13,0.39,Medium,7.0
IAM-004966,ORG-010,AST-04966,91,2,1,2,49,2,149,17,0.69,High,8.4
IAM-004967,ORG-005,AST-04967,254,18,11,8,80,3,96,15,0.33,Medium,5.6
IAM-004968,ORG-003,AST-04968,45,3,1,2,100,3,48,4,0.32,High,3.7
IAM-004969,ORG-003,AST-04969,107,6,0,4,51,4,20,4,0.92,High,5.9
IAM-004970,ORG-013,AST-04970,411,38,20,16,34,0,125,16,0.63,Low,10
IAM-004971,ORG-010,AST-04971,457,8,13,19,55,3,46,4,0.42,Medium,6.9
IAM-004972,ORG-003,AST-04972,98,8,3,9,87,0,131,20,0.37,Low,3.2
IAM-004973,ORG-013,AST-04973,359,29,2,27,33,12,88,13,0.7,Medium,7.0
IAM-004974,ORG-005,AST-04974,140,10,7,11,100,4,43,8,0.85,Medium,3.9
IAM-004975,ORG-017,AST-04975,225,6,11,12,33,2,167,13,0.74,Low,9.0
IAM-004976,ORG-015,AST-04976,85,2,3,7,76,1,182,17,0.3,Low,5.2
IAM-004977,ORG-023,AST-04977,140,14,5,3,63,7,154,4,0.63,Medium,5.6
IAM-004978,ORG-017,AST-04978,245,7,3,0,88,0,7,0,0.53,Low,1.4
IAM-004979,ORG-015,AST-04979,230,18,0,16,46,3,170,33,0.49,Medium,7.6
IAM-004980,ORG-008,AST-04980,325,20,4,15,83,7,95,7,0.97,Medium,3.5
IAM-004981,ORG-014,AST-04981,125,10,2,9,55,8,86,17,0.39,High,7.9
IAM-004982,ORG-011,AST-04982,133,1,3,5,61,0,131,4,0.92,Low,3.6
IAM-004983,ORG-011,AST-04983,122,7,6,5,88,4,108,16,0.95,High,4.9
IAM-004984,ORG-024,AST-04984,245,1,4,3,66,1,134,20,0.51,High,7.9
IAM-004985,ORG-021,AST-04985,17,1,0,1,91,0,181,17,0.55,Low,2.4
IAM-004986,ORG-006,AST-04986,465,42,8,6,75,37,76,12,0.35,High,7.1
IAM-004987,ORG-007,AST-04987,496,5,24,12,83,4,136,8,0.55,High,8.7
IAM-004988,ORG-014,AST-04988,336,11,13,30,39,2,42,3,0.98,Low,7.8
IAM-004989,ORG-015,AST-04989,242,4,7,8,99,1,12,1,0.7,Low,2.1
IAM-004990,ORG-007,AST-04990,94,5,3,7,97,5,173,30,0.68,High,6.4
IAM-004991,ORG-011,AST-04991,39,2,0,3,59,0,47,4,0.3,Low,3.2
IAM-004992,ORG-022,AST-04992,324,28,10,16,52,13,99,4,0.43,Medium,6.9
IAM-004993,ORG-006,AST-04993,474,4,7,8,54,3,68,3,0.38,High,6.8
IAM-004994,ORG-018,AST-04994,128,1,3,5,76,1,146,6,0.5,High,5.6
IAM-004995,ORG-004,AST-04995,203,4,1,4,83,0,93,6,0.89,Low,1.8
IAM-004996,ORG-009,AST-04996,409,15,5,3,35,14,200,39,0.96,High,10
IAM-004997,ORG-002,AST-04997,258,14,8,14,41,10,90,18,0.71,High,9.9
IAM-004998,ORG-008,AST-04998,32,2,1,0,59,0,82,10,0.64,Low,4.0
IAM-004999,ORG-013,AST-04999,45,1,1,3,33,1,54,10,0.83,High,8.8
IAM-005000,ORG-022,AST-05000,321,7,15,25,82,3,41,5,0.92,Medium,6.2
IAM-005001,ORG-005,AST-05001,42,3,0,1,78,1,45,5,0.7,Low,2.9
IAM-005002,ORG-024,AST-05002,153,4,4,11,83,0,110,19,0.51,Low,3.4
IAM-005003,ORG-025,AST-05003,384,29,15,31,35,24,157,13,0.76,High,10
IAM-005004,ORG-023,AST-05004,383,20,10,13,41,19,167,22,0.67,High,10
IAM-005005,ORG-023,AST-05005,239,3,4,21,96,3,134,16,0.6,High,5.5
IAM-005006,ORG-024,AST-05006,205,14,3,20,72,2,61,12,0.35,Low,4.2
IAM-005007,ORG-016,AST-05007,468,32,18,42,57,24,82,2,0.77,High,9.1
IAM-005008,ORG-023,AST-05008,391,8,8,24,44,6,114,15,0.8,High,9.2
IAM-005009,ORG-022,AST-05009,168,15,2,15,82,15,127,24,0.96,High,7.1
IAM-005010,ORG-024,AST-05010,228,18,2,17,61,18,89,16,0.51,High,8.1
IAM-005011,ORG-014,AST-05011,368,13,9,2,81,3,39,3,0.64,Medium,3.9
IAM-005012,ORG-016,AST-05012,247,4,11,22,73,4,56,3,0.56,High,7.3
IAM-005013,ORG-018,AST-05013,404,16,12,18,42,12,29,3,0.51,High,8.3
IAM-005014,ORG-021,AST-05014,82,7,1,7,78,5,165,31,0.98,High,6.5
IAM-005015,ORG-004,AST-05015,310,22,6,13,59,10,4,0,0.61,Medium,5.5
IAM-005016,ORG-003,AST-05016,93,4,3,8,69,4,159,20,0.85,High,7.3
IAM-005017,ORG-011,AST-05017,287,24,12,9,66,4,30,2,0.77,Medium,5.7
IAM-005018,ORG-024,AST-05018,63,4,1,1,44,3,137,23,0.9,High,8.8
IAM-005019,ORG-016,AST-05019,264,20,13,17,49,3,152,29,0.66,Medium,9.3
IAM-005020,ORG-013,AST-05020,487,24,0,25,86,18,69,12,0.61,High,4.0
IAM-005021,ORG-024,AST-05021,30,1,0,1,82,0,14,1,0.37,Low,1.6
IAM-005022,ORG-020,AST-05022,305,17,12,1,55,12,8,1,0.81,High,7.4
IAM-005023,ORG-023,AST-05023,152,5,0,8,71,2,93,12,0.89,Low,4.2
IAM-005024,ORG-014,AST-05024,407,24,7,34,65,24,173,27,0.97,High,9.6
IAM-005025,ORG-015,AST-05025,394,12,17,33,57,1,3,0,0.91,Low,6.2
IAM-005026,ORG-010,AST-05026,298,1,13,25,44,0,179,2,0.53,Low,6.6
IAM-005027,ORG-004,AST-05027,156,2,7,14,55,2,197,38,0.44,High,10
IAM-005028,ORG-014,AST-05028,428,37,12,31,58,1,51,10,0.97,Low,6.0
IAM-005029,ORG-020,AST-05029,169,15,6,16,46,2,33,1,0.95,Low,4.9
IAM-005030,ORG-020,AST-05030,45,3,2,4,74,3,21,0,0.96,High,5.4
IAM-005031,ORG-013,AST-05031,224,18,3,13,81,2,60,12,0.9,Low,3.1
IAM-005032,ORG-002,AST-05032,453,22,22,7,56,21,53,0,0.71,High,9.9
IAM-005033,ORG-023,AST-05033,322,29,11,13,69,6,19,0,0.56,Medium,4.7
IAM-005034,ORG-009,AST-05034,428,3,21,1,40,2,120,16,0.58,High,10
IAM-005035,ORG-019,AST-05035,362,26,16,17,51,5,146,14,0.85,Medium,8.4
IAM-005036,ORG-004,AST-05036,205,11,7,18,53,10,199,2,0.41,High,7.8
IAM-005037,ORG-010,AST-05037,486,43,18,46,74,10,197,23,0.34,Medium,8.8
IAM-005038,ORG-025,AST-05038,495,15,17,21,85,14,80,10,0.78,High,8.1
IAM-005039,ORG-018,AST-05039,336,4,14,11,58,1,84,13,0.59,Low,7.4
IAM-005040,ORG-009,AST-05040,14,2,0,0,95,0,127,15,0.46,Low,2.1
IAM-005041,ORG-019,AST-05041,286,10,13,17,47,8,141,11,0.99,High,9.5
IAM-005042,ORG-023,AST-05042,117,3,1,5,59,2,106,6,0.78,High,5.4
IAM-005043,ORG-012,AST-05043,464,5,5,26,48,0,91,2,0.35,Low,4.2
IAM-005044,ORG-025,AST-05044,161,15,6,1,63,6,68,2,0.51,Medium,5.0
IAM-005045,ORG-015,AST-05045,126,6,2,9,83,2,49,9,0.68,Low,3.7
IAM-005046,ORG-022,AST-05046,73,5,3,2,41,0,200,33,0.94,Low,7.6
IAM-005047,ORG-017,AST-05047,473,9,9,24,82,7,192,14,0.36,High,6.8
IAM-005048,ORG-005,AST-05048,56,4,2,5,41,2,123,24,0.63,Low,8.2
IAM-005049,ORG-024,AST-05049,260,19,13,10,38,17,182,2,0.48,High,9.8
IAM-005050,ORG-002,AST-05050,430,7,13,26,91,1,64,12,0.82,Low,4.7
IAM-005051,ORG-020,AST-05051,398,27,17,24,69,15,123,19,0.72,High,9.3
IAM-005052,ORG-015,AST-05052,496,6,5,46,47,6,58,2,0.42,High,8.0
IAM-005053,ORG-013,AST-05053,191,9,7,18,87,5,131,11,0.77,High,5.3
IAM-005054,ORG-011,AST-05054,320,30,7,4,98,13,170,24,0.33,Medium,5.4
IAM-005055,ORG-014,AST-05055,166,1,7,3,49,0,28,5,0.57,Low,5.5
IAM-005056,ORG-021,AST-05056,425,3,0,13,74,0,10,1,0.82,Low,1.3
IAM-005057,ORG-021,AST-05057,396,2,1,19,92,2,144,27,0.88,High,6.0
IAM-005058,ORG-009,AST-05058,187,11,7,5,89,8,47,3,0.88,High,4.1
IAM-005059,ORG-025,AST-05059,210,11,0,3,88,7,147,15,0.9,High,3.7
IAM-005060,ORG-024,AST-05060,265,12,13,2,42,12,23,1,0.52,High,9.7
IAM-005061,ORG-025,AST-05061,177,9,5,17,50,0,98,1,0.89,Low,4.4
IAM-005062,ORG-002,AST-05062,8,2,0,0,91,2,53,5,0.54,High,3.7
IAM-005063,ORG-012,AST-05063,259,24,3,22,54,22,97,17,0.54,High,8.6
IAM-005064,ORG-003,AST-05064,294,26,13,14,69,8,143,22,0.67,Medium,8.3
IAM-005065,ORG-025,AST-05065,206,9,9,14,32,8,15,2,0.7,High,9.1
IAM-005066,ORG-015,AST-05066,72,2,1,2,75,1,180,27,0.82,Low,5.6
IAM-005067,ORG-017,AST-05067,436,36,2,3,82,26,181,28,0.99,High,6.4
IAM-005068,ORG-016,AST-05068,326,19,3,0,32,19,126,21,0.62,High,9.9
IAM-005069,ORG-014,AST-05069,320,18,12,2,87,4,194,0,0.45,Medium,4.3
IAM-005070,ORG-013,AST-05070,303,6,8,15,44,4,15,2,0.59,High,7.1
IAM-005071,ORG-002,AST-05071,402,5,12,37,87,0,163,4,0.82,Low,3.3
IAM-005072,ORG-003,AST-05072,152,5,5,12,71,3,159,10,0.95,High,5.8
IAM-005073,ORG-015,AST-05073,298,18,1,19,47,17,101,1,0.67,High,6.4
IAM-005074,ORG-010,AST-05074,283,15,8,11,79,12,83,14,0.7,High,7.0
IAM-005075,ORG-016,AST-05075,348,7,7,19,42,0,17,0,0.61,Low,5.8
IAM-005076,ORG-013,AST-05076,424,11,1,12,96,1,111,8,0.43,Low,1.9
IAM-005077,ORG-011,AST-05077,398,33,6,20,39,19,2,0,0.99,High,7.1
IAM-005078,ORG-009,AST-05078,451,19,4,10,85,14,0,1,0.52,High,4.3
IAM-005079,ORG-006,AST-05079,256,3,0,18,68,2,125,22,0.67,High,6.1
IAM-005080,ORG-023,AST-05080,203,6,0,9,58,4,117,21,0.82,High,6.9
IAM-005081,ORG-002,AST-05081,295,4,7,24,80,3,134,1,0.66,High,5.3
IAM-005082,ORG-012,AST-05082,282,27,11,3,92,7,35,6,0.63,Medium,3.8
IAM-005083,ORG-024,AST-05083,247,1,2,21,70,0,96,11,0.33,Low,3.2
IAM-005084,ORG-005,AST-05084,47,4,0,2,65,4,82,4,0.88,High,5.8
IAM-005085,ORG-005,AST-05085,478,22,12,8,77,15,196,37,0.39,High,9.9
IAM-005086,ORG-001,AST-05086,479,34,16,13,94,6,3,0,0.42,Medium,3.7
IAM-005087,ORG-017,AST-05087,277,22,7,24,37,1,20,1,0.56,Low,5.5
IAM-005088,ORG-020,AST-05088,142,3,0,7,66,2,170,24,0.8,High,6.8
IAM-005089,ORG-023,AST-05089,48,1,0,3,66,1,47,7,0.87,High,5.6
IAM-005090,ORG-023,AST-05090,465,23,21,18,76,4,36,6,0.88,Medium,7.3
IAM-005091,ORG-016,AST-05091,86,1,1,0,41,1,104,15,0.99,High,8.5
IAM-005092,ORG-024,AST-05092,138,11,0,4,98,5,175,0,0.81,Medium,1.3
IAM-005093,ORG-024,AST-05093,407,21,7,17,31,10,190,16,0.52,Medium,8.9
IAM-005094,ORG-003,AST-05094,257,25,7,21,69,16,167,23,0.43,High,8.1
IAM-005095,ORG-016,AST-05095,105,2,5,3,69,2,99,13,0.96,High,7.0
IAM-005096,ORG-009,AST-05096,42,1,0,1,61,1,47,5,0.49,High,5.8
IAM-005097,ORG-004,AST-05097,32,1,0,3,90,1,105,14,0.7,High,4.6
IAM-005098,ORG-007,AST-05098,340,16,15,0,65,15,134,21,0.96,High,10
IAM-005099,ORG-002,AST-05099,426,31,7,15,40,1,117,18,0.67,Low,7.0
IAM-005100,ORG-024,AST-05100,155,15,7,8,61,1,188,24,0.68,Low,6.8
IAM-005101,ORG-014,AST-05101,301,8,1,0,50,8,171,21,0.52,High,8.7
IAM-005102,ORG-006,AST-05102,198,9,7,17,30,5,52,8,0.67,High,8.5
IAM-005103,ORG-004,AST-05103,22,1,1,0,53,0,135,15,0.53,Low,5.3
IAM-005104,ORG-005,AST-05104,165,4,6,16,45,3,180,21,0.9,High,9.4
IAM-005105,ORG-011,AST-05105,409,30,0,0,87,3,60,6,0.83,Medium,1.9
IAM-005106,ORG-003,AST-05106,347,28,16,6,59,14,51,1,0.43,Medium,7.8
IAM-005107,ORG-016,AST-05107,222,16,10,20,77,1,50,0,0.8,Low,3.2
IAM-005108,ORG-010,AST-05108,221,14,5,9,59,0,77,4,0.76,Low,4.5
IAM-005109,ORG-011,AST-05109,104,8,5,7,40,7,11,0,0.69,High,7.3
IAM-005110,ORG-013,AST-05110,366,5,11,32,45,2,172,1,0.79,Low,6.9
IAM-005111,ORG-022,AST-05111,312,5,11,13,72,5,149,16,0.74,High,8.9
IAM-005112,ORG-003,AST-05112,171,6,8,10,41,0,19,0,0.46,Low,5.1
IAM-005113,ORG-019,AST-05113,162,13,2,7,51,4,77,8,0.62,Medium,5.6
IAM-005114,ORG-008,AST-05114,26,1,0,0,88,0,86,2,0.78,Low,0.9
IAM-005115,ORG-018,AST-05115,203,4,10,4,30,0,89,6,0.8,Low,7.0
IAM-005116,ORG-010,AST-05116,477,45,12,43,37,22,144,25,0.42,Medium,10
IAM-005117,ORG-017,AST-05117,153,9,5,11,54,3,148,26,0.47,Medium,7.4
IAM-005118,ORG-002,AST-05118,91,8,2,8,68,3,24,4,0.7,Medium,4.0
IAM-005119,ORG-019,AST-05119,475,15,4,21,77,10,96,1,0.47,High,4.7
IAM-005120,ORG-015,AST-05120,147,4,1,8,70,1,173,33,0.65,Low,6.1
IAM-005121,ORG-001,AST-05121,195,3,8,9,89,3,35,5,0.62,High,6.3
IAM-005122,ORG-014,AST-05122,354,31,11,32,51,1,189,34,0.47,Low,9.1
IAM-005123,ORG-023,AST-05123,25,1,1,2,63,1,93,13,0.51,High,7.5
IAM-005124,ORG-014,AST-05124,300,18,15,14,95,9,143,7,0.51,Medium,5.9
IAM-005125,ORG-022,AST-05125,224,9,10,9,50,8,110,18,0.96,High,10
IAM-005126,ORG-022,AST-05126,180,11,0,16,38,1,129,19,0.99,Low,6.2
IAM-005127,ORG-024,AST-05127,263,1,4,23,71,1,89,8,0.54,High,6.1
IAM-005128,ORG-016,AST-05128,380,9,3,17,58,0,73,0,0.43,Low,3.1
IAM-005129,ORG-021,AST-05129,51,3,2,4,94,0,148,1,0.82,Low,0.5
IAM-005130,ORG-003,AST-05130,117,3,2,3,74,1,74,8,0.48,Low,3.6
IAM-005131,ORG-025,AST-05131,330,15,9,10,51,5,127,23,0.38,Medium,8.6
IAM-005132,ORG-023,AST-05132,362,33,3,12,43,30,77,13,0.43,High,8.5
IAM-005133,ORG-017,AST-05133,407,20,8,37,73,5,179,15,0.36,Medium,5.6
IAM-005134,ORG-012,AST-05134,231,5,1,19,50,2,195,9,0.72,Low,5.7
IAM-005135,ORG-013,AST-05135,426,24,0,21,49,16,70,2,0.55,High,5.1
IAM-005136,ORG-021,AST-05136,119,1,5,1,49,1,104,12,0.45,High,8.9
IAM-005137,ORG-015,AST-05137,164,2,6,4,44,1,22,0,1.0,Low,6.5
IAM-005138,ORG-019,AST-05138,234,8,3,4,54,8,69,1,0.63,High,6.7
IAM-005139,ORG-002,AST-05139,319,31,7,6,97,15,110,22,0.9,Medium,5.0
IAM-005140,ORG-019,AST-05140,187,10,4,9,56,4,146,3,0.46,Medium,4.9
IAM-005141,ORG-014,AST-05141,356,16,5,22,40,3,166,2,0.42,Medium,5.5
IAM-005142,ORG-021,AST-05142,135,11,3,8,36,10,116,11,0.39,High,9.1
IAM-005143,ORG-020,AST-05143,37,1,1,0,96,0,85,16,0.44,Low,2.5
IAM-005144,ORG-001,AST-05144,500,6,0,32,37,6,140,19,0.61,High,9.6
IAM-005145,ORG-012,AST-05145,138,9,1,3,71,6,68,4,0.89,High,4.0
IAM-005146,ORG-014,AST-05146,28,2,1,1,63,0,159,21,0.51,Low,4.8
IAM-005147,ORG-008,AST-05147,475,11,7,19,56,9,197,16,0.93,High,8.7
IAM-005148,ORG-003,AST-05148,412,35,20,2,86,32,78,14,0.9,High,8.8
IAM-005149,ORG-011,AST-05149,62,4,3,2,67,4,170,3,0.4,High,6.0
IAM-005150,ORG-002,AST-05150,268,21,9,26,72,15,50,9,0.48,High,6.6
IAM-005151,ORG-016,AST-05151,57,4,2,1,69,2,148,24,0.55,Low,6.3
IAM-005152,ORG-013,AST-05152,343,5,10,6,44,0,80,5,0.88,Low,6.7
IAM-005153,ORG-010,AST-05153,334,3,12,9,73,1,151,28,0.72,Low,7.7
IAM-005154,ORG-019,AST-05154,166,2,4,1,83,1,81,5,0.76,Low,3.8
IAM-005155,ORG-020,AST-05155,425,41,3,13,67,9,197,29,0.63,Medium,6.0
IAM-005156,ORG-024,AST-05156,32,1,0,2,86,1,47,8,0.91,High,4.2
IAM-005157,ORG-006,AST-05157,241,22,6,1,98,11,38,5,0.34,Medium,3.5
IAM-005158,ORG-016,AST-05158,144,1,6,11,98,0,57,8,0.75,Low,2.5
IAM-005159,ORG-014,AST-05159,494,49,15,46,65,0,104,13,0.87,Low,6.6
IAM-005160,ORG-022,AST-05160,51,5,0,0,83,2,136,21,0.78,Low,4.8
IAM-005161,ORG-006,AST-05161,139,5,5,13,40,4,43,5,0.73,High,8.2
IAM-005162,ORG-012,AST-05162,312,14,4,20,30,8,0,1,0.52,High,7.7
IAM-005163,ORG-025,AST-05163,125,12,2,8,78,2,189,15,0.62,Low,4.2
IAM-005164,ORG-023,AST-05164,182,3,9,0,58,0,191,23,0.45,Low,7.0
IAM-005165,ORG-024,AST-05165,483,10,17,23,41,1,42,5,0.54,Low,8.2
IAM-005166,ORG-012,AST-05166,377,28,6,21,48,18,167,22,0.91,High,9.1
IAM-005167,ORG-003,AST-05167,47,3,2,0,61,1,154,9,0.76,Low,4.5
IAM-005168,ORG-015,AST-05168,55,2,0,2,75,0,65,3,0.72,Low,2.0
IAM-005169,ORG-023,AST-05169,194,1,6,18,72,0,187,18,0.93,Low,5.3
IAM-005170,ORG-011,AST-05170,463,27,23,35,90,14,89,6,0.78,High,7.3
IAM-005171,ORG-015,AST-05171,447,34,8,24,87,18,46,2,0.32,High,4.4
IAM-005172,ORG-023,AST-05172,302,29,8,4,42,24,48,2,0.83,High,8.5
IAM-005173,ORG-018,AST-05173,89,3,4,4,75,2,93,1,0.86,High,4.5
IAM-005174,ORG-011,AST-05174,303,30,1,11,83,17,9,1,0.75,High,2.8
IAM-005175,ORG-020,AST-05175,334,15,11,0,87,4,73,9,0.45,Medium,5.1
IAM-005176,ORG-017,AST-05176,143,6,1,14,50,5,73,5,0.59,High,7.0
IAM-005177,ORG-007,AST-05177,398,12,7,28,83,1,185,1,0.38,Low,2.8
IAM-005178,ORG-022,AST-05178,229,20,10,16,83,3,130,21,0.72,Medium,5.4
IAM-005179,ORG-017,AST-05179,410,17,5,35,89,9,18,1,0.4,High,3.3
IAM-005180,ORG-014,AST-05180,359,27,5,35,34,1,152,21,0.37,Low,7.6
IAM-005181,ORG-016,AST-05181,268,26,6,4,67,23,36,3,0.47,High,6.4
IAM-005182,ORG-015,AST-05182,456,39,3,23,68,20,175,19,0.6,High,5.9
IAM-005183,ORG-003,AST-05183,405,19,19,12,65,1,16,1,0.69,Low,6.7
IAM-005184,ORG-024,AST-05184,465,6,4,25,47,3,17,2,0.66,Medium,5.7
IAM-005185,ORG-006,AST-05185,432,2,7,37,44,1,57,2,0.34,Low,7.2
IAM-005186,ORG-019,AST-05186,189,12,2,11,45,11,44,4,0.54,High,7.7
IAM-005187,ORG-003,AST-05187,309,14,15,1,47,1,176,32,0.95,Low,10
IAM-005188,ORG-002,AST-05188,306,20,4,28,100,13,21,1,0.84,High,2.7
IAM-005189,ORG-002,AST-05189,144,4,5,1,35,1,6,0,0.85,Low,6.0
IAM-005190,ORG-022,AST-05190,159,11,7,14,39,10,126,3,0.45,High,8.0
IAM-005191,ORG-009,AST-05191,26,2,0,2,77,1,19,0,0.89,Low,3.1
IAM-005192,ORG-025,AST-05192,440,7,5,27,53,4,90,6,0.64,High,6.4
IAM-005193,ORG-025,AST-05193,380,28,19,0,81,25,94,15,0.8,High,9.2
IAM-005194,ORG-011,AST-05194,197,1,5,16,64,0,164,14,0.55,Low,5.2
IAM-005195,ORG-007,AST-05195,130,13,2,6,45,12,157,31,0.83,High,9.6
IAM-005196,ORG-006,AST-05196,160,7,3,11,64,5,178,25,0.67,High,7.7
IAM-005197,ORG-005,AST-05197,99,3,3,9,99,1,2,0,0.74,Low,1.2
IAM-005198,ORG-007,AST-05198,353,2,5,29,90,1,92,15,0.6,Low,5.0
IAM-005199,ORG-013,AST-05199,85,1,1,4,96,1,145,23,0.79,High,5.5
IAM-005200,ORG-004,AST-05200,273,12,2,25,51,4,104,16,0.8,Medium,6.3
IAM-005201,ORG-003,AST-05201,279,20,2,15,76,10,10,0,0.92,Medium,3.2
IAM-005202,ORG-008,AST-05202,192,13,2,5,50,11,161,8,0.44,High,6.8
IAM-005203,ORG-022,AST-05203,244,11,4,5,92,4,104,9,0.41,Medium,3.8
IAM-005204,ORG-007,AST-05204,378,24,10,17,34,21,158,8,0.33,High,9.6
IAM-005205,ORG-025,AST-05205,475,4,23,24,91,3,104,13,0.61,High,8.3
IAM-005206,ORG-013,AST-05206,438,29,20,2,79,19,162,10,0.37,High,8.4
IAM-005207,ORG-016,AST-05207,428,41,5,25,40,34,81,3,0.43,High,7.5
IAM-005208,ORG-013,AST-05208,205,15,1,20,54,7,140,25,0.4,Medium,7.6
IAM-005209,ORG-008,AST-05209,70,1,1,7,56,0,155,16,0.6,Low,4.4
IAM-005210,ORG-007,AST-05210,11,2,0,1,90,0,91,3,0.53,Low,0.6
IAM-005211,ORG-004,AST-05211,97,4,1,5,98,4,195,10,0.62,High,4.0
IAM-005212,ORG-017,AST-05212,226,15,8,12,76,7,32,2,0.32,Medium,4.8
IAM-005213,ORG-012,AST-05213,382,33,12,13,96,27,27,0,0.36,High,5.0
IAM-005214,ORG-023,AST-05214,190,11,5,13,63,9,54,2,0.5,High,6.6
IAM-005215,ORG-015,AST-05215,309,24,14,9,64,1,52,6,0.89,Low,5.5
IAM-005216,ORG-021,AST-05216,78,6,3,3,44,6,26,1,0.94,High,7.7
IAM-005217,ORG-011,AST-05217,384,15,2,23,40,3,189,37,0.73,Medium,8.4
IAM-005218,ORG-013,AST-05218,368,21,3,23,51,11,52,6,0.49,High,5.6
IAM-005219,ORG-017,AST-05219,364,35,7,12,57,30,122,11,0.45,High,7.6
IAM-005220,ORG-009,AST-05220,18,1,0,1,74,1,78,4,0.85,High,5.0
IAM-005221,ORG-010,AST-05221,482,46,18,35,83,33,138,17,0.36,High,8.5
IAM-005222,ORG-006,AST-05222,405,37,14,5,48,21,57,2,0.3,High,8.3
IAM-005223,ORG-006,AST-05223,461,17,3,25,53,6,181,29,0.44,Medium,7.8
IAM-005224,ORG-001,AST-05224,344,14,1,1,72,5,91,6,0.7,Medium,4.1
IAM-005225,ORG-021,AST-05225,185,3,2,1,51,2,129,6,0.72,High,6.2
IAM-005226,ORG-020,AST-05226,320,20,9,0,39,15,127,13,0.81,High,9.2
IAM-005227,ORG-004,AST-05227,261,21,11,9,90,18,50,2,0.5,High,5.5
IAM-005228,ORG-023,AST-05228,90,7,3,5,68,0,146,0,0.37,Low,3.1
IAM-005229,ORG-023,AST-05229,142,12,6,14,48,10,147,25,0.5,High,9.8
IAM-005230,ORG-025,AST-05230,412,3,7,3,73,0,23,4,0.83,Low,3.5
IAM-005231,ORG-005,AST-05231,389,38,5,11,86,21,126,23,0.63,High,6.3
IAM-005232,ORG-002,AST-05232,180,8,3,9,53,4,35,5,0.65,Medium,5.6
IAM-005233,ORG-015,AST-05233,26,2,0,1,100,2,79,5,0.87,High,3.5
IAM-005234,ORG-015,AST-05234,282,23,4,23,98,23,11,1,0.4,High,3.6
IAM-005235,ORG-012,AST-05235,451,30,10,38,82,20,196,6,0.8,High,6.0
IAM-005236,ORG-018,AST-05236,210,11,2,20,74,10,71,2,0.97,High,4.8
IAM-005237,ORG-016,AST-05237,45,2,1,1,31,1,6,1,0.86,Low,6.3
IAM-005238,ORG-001,AST-05238,464,27,4,26,81,2,100,10,0.54,Low,2.9
IAM-005239,ORG-003,AST-05239,137,12,1,13,55,8,94,11,0.65,High,6.3
IAM-005240,ORG-005,AST-05240,202,12,10,4,79,5,73,5,0.53,Medium,4.9
IAM-005241,ORG-022,AST-05241,298,11,7,24,63,5,152,24,0.83,Medium,7.6
IAM-005242,ORG-007,AST-05242,362,6,13,30,51,1,133,18,0.54,Low,8.3
IAM-005243,ORG-011,AST-05243,288,22,14,7,31,4,80,12,0.54,Medium,9.4
IAM-005244,ORG-024,AST-05244,260,13,0,11,90,5,166,24,0.42,Medium,3.9
IAM-005245,ORG-025,AST-05245,330,20,6,8,70,9,121,7,0.48,Medium,5.6
IAM-005246,ORG-009,AST-05246,358,30,15,22,52,24,164,25,0.43,High,10
IAM-005247,ORG-010,AST-05247,329,17,2,27,90,7,38,2,0.99,Medium,2.8
IAM-005248,ORG-001,AST-05248,463,40,6,23,41,38,17,3,0.88,High,8.0
IAM-005249,ORG-015,AST-05249,151,6,7,10,73,6,58,3,0.63,High,6.4
IAM-005250,ORG-020,AST-05250,284,20,2,7,67,13,145,27,0.69,High,7.0
IAM-005251,ORG-024,AST-05251,480,12,22,38,86,0,124,2,0.36,Low,5.7
IAM-005252,ORG-018,AST-05252,343,13,0,31,36,12,50,6,0.69,High,8.0
IAM-005253,ORG-007,AST-05253,244,23,11,22,44,10,200,25,0.64,Medium,9.3
IAM-005254,ORG-013,AST-05254,34,1,1,1,33,0,9,1,0.81,Low,4.3
IAM-005255,ORG-010,AST-05255,183,3,6,2,30,3,35,1,0.43,High,8.5
IAM-005256,ORG-009,AST-05256,98,9,3,1,30,8,20,3,0.53,High,8.6
IAM-005257,ORG-016,AST-05257,453,11,1,10,36,0,114,14,0.83,Low,5.9
IAM-005258,ORG-013,AST-05258,111,7,5,7,35,2,33,4,0.87,Low,6.4
IAM-005259,ORG-003,AST-05259,201,15,1,6,97,11,4,1,0.95,High,2.6
IAM-005260,ORG-022,AST-05260,221,15,5,4,58,8,144,2,0.65,High,5.5
IAM-005261,ORG-002,AST-05261,46,3,1,1,59,3,95,18,0.66,High,7.6
IAM-005262,ORG-016,AST-05262,200,11,8,20,60,3,188,3,0.77,Medium,5.1
IAM-005263,ORG-004,AST-05263,16,1,0,0,86,0,121,7,0.97,Low,1.8
IAM-005264,ORG-021,AST-05264,463,13,12,14,100,10,122,6,0.52,High,5.2
IAM-005265,ORG-020,AST-05265,308,27,5,27,71,27,155,25,0.43,High,8.8
IAM-005266,ORG-011,AST-05266,198,7,0,16,41,0,197,35,0.38,Low,7.6
IAM-005267,ORG-022,AST-05267,60,6,0,5,56,2,117,7,0.99,Low,4.2
IAM-005268,ORG-019,AST-05268,9,1,0,0,62,1,97,0,0.94,High,5.2
IAM-005269,ORG-012,AST-05269,268,17,9,11,42,11,196,3,0.62,High,8.4
IAM-005270,ORG-012,AST-05270,67,4,3,3,50,3,184,17,0.57,High,8.0
IAM-005271,ORG-018,AST-05271,96,3,0,8,42,1,81,14,0.68,Low,6.3
IAM-005272,ORG-008,AST-05272,202,12,0,13,32,1,158,4,0.52,Low,4.7
IAM-005273,ORG-008,AST-05273,476,35,1,37,85,12,172,17,0.86,Medium,3.6
IAM-005274,ORG-005,AST-05274,140,9,3,3,95,5,47,7,0.45,High,3.6
IAM-005275,ORG-025,AST-05275,180,12,6,3,45,1,18,3,0.9,Low,5.1
IAM-005276,ORG-010,AST-05276,498,45,16,40,48,44,97,13,0.5,High,10
IAM-005277,ORG-002,AST-05277,329,22,9,1,48,10,105,3,0.41,Medium,6.9
IAM-005278,ORG-006,AST-05278,233,1,5,12,63,1,189,13,0.39,High,8.1
IAM-005279,ORG-020,AST-05279,55,3,0,1,42,1,130,8,0.4,Low,5.2
IAM-005280,ORG-023,AST-05280,211,4,8,19,89,0,86,13,0.64,Low,3.9
IAM-005281,ORG-006,AST-05281,105,2,3,9,67,2,83,5,0.89,High,6.5
IAM-005282,ORG-024,AST-05282,408,8,17,27,96,6,53,1,0.96,High,5.5
IAM-005283,ORG-005,AST-05283,398,37,7,2,52,36,198,17,0.78,High,9.0
IAM-005284,ORG-017,AST-05284,159,4,0,7,44,3,151,28,0.44,High,9.0
IAM-005285,ORG-024,AST-05285,411,31,14,13,93,4,181,22,0.4,Medium,5.6
IAM-005286,ORG-003,AST-05286,152,13,1,6,52,10,196,15,0.89,High,7.7
IAM-005287,ORG-022,AST-05287,397,33,5,6,33,12,31,0,0.7,Medium,6.9
IAM-005288,ORG-024,AST-05288,364,12,3,11,98,9,123,3,0.37,High,3.3
IAM-005289,ORG-011,AST-05289,442,43,6,34,57,35,133,10,0.94,High,7.3
IAM-005290,ORG-016,AST-05290,496,12,6,16,89,5,61,3,0.79,Medium,3.7
IAM-005291,ORG-014,AST-05291,189,15,9,10,57,3,96,10,0.66,Medium,6.0
IAM-005292,ORG-020,AST-05292,244,14,0,8,71,6,60,9,0.79,Medium,4.3
IAM-005293,ORG-002,AST-05293,178,2,6,3,91,1,200,36,0.35,Low,7.2
IAM-005294,ORG-010,AST-05294,80,1,0,7,54,0,200,0,0.47,Low,3.3
IAM-005295,ORG-020,AST-05295,164,16,1,6,59,5,12,1,0.66,Medium,3.7
IAM-005296,ORG-016,AST-05296,147,12,5,5,93,11,127,25,0.7,High,6.5
IAM-005297,ORG-001,AST-05297,396,34,8,18,40,19,47,8,0.63,High,8.2
IAM-005298,ORG-011,AST-05298,453,26,17,39,93,8,7,1,0.51,Medium,5.4
IAM-005299,ORG-018,AST-05299,365,24,17,1,67,11,139,14,0.61,Medium,7.9
IAM-005300,ORG-010,AST-05300,292,12,3,3,39,2,183,5,0.92,Low,6.1
IAM-005301,ORG-004,AST-05301,78,1,1,3,62,1,21,4,0.39,High,6.5
IAM-005302,ORG-011,AST-05302,42,2,1,1,47,0,174,16,0.56,Low,5.6
IAM-005303,ORG-007,AST-05303,71,2,1,6,98,2,160,27,0.67,High,6.4
IAM-005304,ORG-005,AST-05304,329,5,11,29,65,3,59,9,0.72,High,7.0
IAM-005305,ORG-016,AST-05305,442,34,22,21,38,23,167,21,0.68,High,10
IAM-005306,ORG-018,AST-05306,25,2,1,0,60,1,84,8,0.93,Low,5.2
IAM-005307,ORG-004,AST-05307,79,4,0,5,30,4,39,5,0.93,High,8.3
IAM-005308,ORG-006,AST-05308,437,42,4,8,79,31,112,10,0.96,High,5.5
IAM-005309,ORG-019,AST-05309,265,7,0,24,61,6,156,25,0.8,High,7.9
IAM-005310,ORG-008,AST-05310,403,13,5,4,34,10,22,4,0.51,High,8.1
IAM-005311,ORG-003,AST-05311,266,22,8,10,30,2,9,0,0.32,Low,6.5
IAM-005312,ORG-014,AST-05312,308,5,2,30,47,4,113,18,0.61,High,8.4
IAM-005313,ORG-010,AST-05313,211,2,3,18,34,2,119,15,0.83,High,9.4
IAM-005314,ORG-004,AST-05314,495,19,22,9,84,6,140,22,0.82,Medium,8.8
IAM-005315,ORG-020,AST-05315,342,17,1,26,60,3,143,24,0.42,Medium,5.4
IAM-005316,ORG-022,AST-05316,109,8,2,1,82,1,155,7,0.79,Low,3.0
IAM-005317,ORG-020,AST-05317,58,2,2,3,97,2,10,0,0.36,High,4.1
IAM-005318,ORG-010,AST-05318,35,2,0,3,52,1,34,1,0.6,Low,5.1
IAM-005319,ORG-006,AST-05319,286,7,11,1,42,6,13,2,0.7,High,8.9
IAM-005320,ORG-015,AST-05320,481,11,15,5,100,8,74,1,0.64,High,5.5
IAM-005321,ORG-004,AST-05321,362,18,5,31,34,15,42,7,0.57,High,9.0
IAM-005322,ORG-025,AST-05322,173,8,6,3,49,4,121,17,0.74,Medium,7.3
IAM-005323,ORG-022,AST-05323,487,3,13,33,97,2,141,5,0.66,High,5.4
IAM-005324,ORG-018,AST-05324,158,3,2,11,86,2,107,19,0.99,High,4.8
IAM-005325,ORG-002,AST-05325,19,2,0,1,88,1,82,3,0.39,Low,3.0
IAM-005326,ORG-018,AST-05326,171,10,1,10,35,10,78,4,0.56,High,8.4
IAM-005327,ORG-015,AST-05327,140,7,3,13,33,1,145,2,0.48,Low,6.0
IAM-005328,ORG-005,AST-05328,50,5,0,0,91,1,87,9,0.53,Low,2.0
IAM-005329,ORG-013,AST-05329,111,3,4,11,76,3,97,16,0.64,High,7.0
IAM-005330,ORG-017,AST-05330,464,39,5,31,33,2,3,0,0.64,Low,5.5
IAM-005331,ORG-016,AST-05331,62,5,1,3,50,1,94,4,0.99,Low,4.1
IAM-005332,ORG-022,AST-05332,282,16,7,25,41,14,74,12,0.53,High,8.8
IAM-005333,ORG-005,AST-05333,405,15,3,24,65,2,135,25,0.53,Low,5.8
IAM-005334,ORG-025,AST-05334,496,2,11,22,47,1,1,1,0.39,Low,7.1
IAM-005335,ORG-006,AST-05335,207,8,3,18,78,2,143,6,0.75,Low,3.1
IAM-005336,ORG-002,AST-05336,256,1,8,19,57,0,32,0,0.6,Low,4.4
IAM-005337,ORG-023,AST-05337,459,22,0,26,58,12,19,1,0.64,High,4.5
IAM-005338,ORG-025,AST-05338,441,27,6,17,92,3,90,10,0.45,Medium,3.3
IAM-005339,ORG-003,AST-05339,202,14,9,20,58,1,121,4,0.63,Low,4.8
IAM-005340,ORG-002,AST-05340,178,14,1,1,70,8,187,10,0.67,High,4.9
IAM-005341,ORG-023,AST-05341,252,22,10,19,55,11,34,6,0.59,Medium,7.3
IAM-005342,ORG-014,AST-05342,355,23,6,13,66,18,29,0,0.74,High,5.9
IAM-005343,ORG-002,AST-05343,431,11,18,13,74,8,65,9,0.94,High,8.7
IAM-005344,ORG-009,AST-05344,220,21,4,4,81,6,45,4,0.48,Medium,3.7
IAM-005345,ORG-022,AST-05345,238,1,4,20,77,0,78,13,0.9,Low,3.3
IAM-005346,ORG-014,AST-05346,7,2,0,0,94,0,15,2,0.42,Low,0.8
IAM-005347,ORG-022,AST-05347,438,18,4,25,39,3,25,5,0.98,Medium,5.5
IAM-005348,ORG-024,AST-05348,90,8,4,4,43,2,196,3,0.46,Low,5.7
IAM-005349,ORG-023,AST-05349,337,1,12,1,36,0,120,5,0.57,Low,7.5
IAM-005350,ORG-021,AST-05350,368,34,7,2,51,11,9,0,0.37,Medium,5.3
IAM-005351,ORG-019,AST-05351,197,19,8,8,86,8,34,2,0.85,Medium,3.8
IAM-005352,ORG-015,AST-05352,72,4,2,4,95,4,30,6,0.32,High,4.7
IAM-005353,ORG-019,AST-05353,16,2,0,1,96,1,191,20,0.56,Low,4.0
IAM-005354,ORG-002,AST-05354,203,18,3,6,91,7,53,1,0.37,Medium,2.3
IAM-005355,ORG-013,AST-05355,261,10,5,6,46,9,173,31,0.91,High,10
IAM-005356,ORG-017,AST-05356,193,12,1,9,87,5,154,21,0.39,Medium,4.0
IAM-005357,ORG-017,AST-05357,271,23,9,20,99,5,97,10,0.92,Medium,3.2
IAM-005358,ORG-005,AST-05358,9,1,0,0,53,1,184,6,0.51,High,6.4
IAM-005359,ORG-015,AST-05359,318,14,13,11,74,4,20,2,0.88,Medium,5.8
IAM-005360,ORG-014,AST-05360,353,7,7,9,90,7,28,5,0.93,High,5.9
IAM-005361,ORG-018,AST-05361,475,43,18,30,52,37,2,0,0.61,High,9.9
IAM-005362,ORG-002,AST-05362,336,23,15,3,32,6,110,12,0.72,Medium,10.0
IAM-005363,ORG-005,AST-05363,6,1,0,0,85,1,198,2,0.78,High,3.9
IAM-005364,ORG-008,AST-05364,246,23,5,3,43,16,78,1,0.8,High,6.9
IAM-005365,ORG-011,AST-05365,120,11,1,12,31,1,86,2,0.57,Low,5.5
IAM-005366,ORG-022,AST-05366,116,10,0,7,70,4,127,12,0.35,Medium,4.0
IAM-005367,ORG-010,AST-05367,292,25,9,25,65,15,88,3,0.64,High,6.0
IAM-005368,ORG-011,AST-05368,398,33,15,26,89,3,173,14,0.51,Medium,5.3
IAM-005369,ORG-001,AST-05369,28,1,0,0,74,0,148,8,0.31,Low,2.9
IAM-005370,ORG-021,AST-05370,431,15,10,18,33,12,1,1,0.61,High,9.2
IAM-005371,ORG-007,AST-05371,195,5,8,10,62,5,70,13,0.54,High,8.5
IAM-005372,ORG-015,AST-05372,374,26,1,32,60,12,79,8,0.62,Medium,5.3
IAM-005373,ORG-021,AST-05373,304,8,0,20,79,2,38,1,0.54,Low,2.5
IAM-005374,ORG-017,AST-05374,456,10,9,17,31,8,60,6,0.79,High,9.2
IAM-005375,ORG-001,AST-05375,350,22,10,23,67,16,42,1,0.88,High,6.8
IAM-005376,ORG-012,AST-05376,25,1,0,1,49,1,121,2,0.72,High,6.8
IAM-005377,ORG-008,AST-05377,339,10,3,25,84,9,77,3,0.42,High,4.2
IAM-005378,ORG-012,AST-05378,34,1,0,3,84,1,199,8,0.85,High,5.2
IAM-005379,ORG-021,AST-05379,464,24,2,3,66,10,111,18,0.3,Medium,5.2
IAM-005380,ORG-004,AST-05380,109,9,1,4,71,8,167,5,0.41,High,4.8
IAM-005381,ORG-012,AST-05381,445,43,18,14,65,7,107,21,0.52,Medium,8.4
IAM-005382,ORG-017,AST-05382,313,5,4,23,87,2,8,1,0.32,Low,2.8
IAM-005383,ORG-024,AST-05383,304,23,7,21,81,5,1,0,0.41,Medium,3.4
IAM-005384,ORG-019,AST-05384,493,44,19,32,90,6,55,0,0.39,Medium,4.8
IAM-005385,ORG-003,AST-05385,117,4,4,3,99,0,22,2,0.38,Low,1.1
IAM-005386,ORG-014,AST-05386,198,15,7,2,39,3,187,4,0.87,Medium,6.0
IAM-005387,ORG-019,AST-05387,439,16,12,31,49,16,133,13,0.87,High,10
IAM-005388,ORG-003,AST-05388,97,7,1,1,76,2,169,16,0.57,Low,3.8
IAM-005389,ORG-006,AST-05389,173,5,7,1,54,4,170,17,0.83,High,8.4
IAM-005390,ORG-014,AST-05390,242,15,0,2,91,0,120,22,0.54,Low,3.2
IAM-005391,ORG-005,AST-05391,118,4,3,11,59,4,138,9,0.59,High,7.5
IAM-005392,ORG-006,AST-05392,156,11,5,4,45,10,113,7,0.81,High,7.9
IAM-005393,ORG-010,AST-05393,200,9,7,12,84,9,89,9,0.31,High,6.5
IAM-005394,ORG-023,AST-05394,266,11,2,5,49,1,178,23,0.69,Low,6.3
IAM-005395,ORG-007,AST-05395,454,14,15,40,96,10,164,27,0.56,High,8.5
IAM-005396,ORG-002,AST-05396,219,3,6,19,62,0,13,2,0.58,Low,4.4
IAM-005397,ORG-016,AST-05397,372,5,7,14,59,1,106,3,1.0,Low,4.7
IAM-005398,ORG-005,AST-05398,21,2,1,0,100,1,187,17,0.83,Low,3.1
IAM-005399,ORG-019,AST-05399,496,17,23,22,76,7,72,13,0.81,Medium,8.4
IAM-005400,ORG-009,AST-05400,173,13,5,6,35,7,27,5,0.83,High,7.1
IAM-005401,ORG-012,AST-05401,403,26,14,29,54,7,140,8,0.72,Medium,7.2
IAM-005402,ORG-014,AST-05402,493,9,3,45,92,3,145,7,0.3,Medium,3.1
IAM-005403,ORG-021,AST-05403,368,16,2,0,97,16,6,1,0.32,High,3.9
IAM-005404,ORG-018,AST-05404,266,13,11,7,72,2,110,12,0.79,Low,6.0
IAM-005405,ORG-005,AST-05405,366,13,14,0,92,13,169,18,0.32,High,8.5
IAM-005406,ORG-023,AST-05406,107,1,2,1,72,0,36,2,0.66,Low,2.7
IAM-005407,ORG-021,AST-05407,321,5,15,21,30,2,154,17,0.42,Low,10
IAM-005408,ORG-019,AST-05408,48,4,2,1,30,2,159,12,0.35,Low,7.4
IAM-005409,ORG-001,AST-05409,384,13,15,33,43,3,144,15,0.67,Medium,8.6
IAM-005410,ORG-018,AST-05410,150,13,5,9,86,5,126,1,0.76,Medium,3.4
IAM-005411,ORG-004,AST-05411,338,13,4,28,89,0,14,2,0.32,Low,1.8
IAM-005412,ORG-009,AST-05412,446,2,18,35,91,2,190,18,0.51,High,9.1
IAM-005413,ORG-017,AST-05413,139,8,3,10,51,5,189,4,0.61,High,6.1
IAM-005414,ORG-002,AST-05414,215,13,3,11,64,6,51,5,0.98,Medium,5.1
IAM-005415,ORG-020,AST-05415,358,35,14,7,38,21,142,21,0.99,High,10
IAM-005416,ORG-001,AST-05416,94,5,0,2,39,5,127,24,0.87,High,9.7
IAM-005417,ORG-003,AST-05417,130,4,2,12,66,1,112,9,0.61,Low,4.5
IAM-005418,ORG-004,AST-05418,462,41,18,20,79,39,159,22,0.77,High,9.7
IAM-005419,ORG-014,AST-05419,480,5,12,35,77,4,109,7,1.0,High,7.4
IAM-005420,ORG-021,AST-05420,451,37,14,14,100,4,175,8,0.9,Medium,3.8
IAM-005421,ORG-012,AST-05421,97,2,3,0,36,0,61,10,0.77,Low,5.7
IAM-005422,ORG-006,AST-05422,292,3,6,6,31,1,60,1,0.54,Low,6.4
IAM-005423,ORG-014,AST-05423,38,3,1,1,47,0,170,14,0.48,Low,4.9
IAM-005424,ORG-008,AST-05424,334,21,1,11,90,10,103,15,0.67,Medium,3.6
IAM-005425,ORG-020,AST-05425,47,2,0,3,48,1,43,6,0.44,Low,5.3
IAM-005426,ORG-008,AST-05426,16,1,0,1,82,1,164,30,0.67,High,6.8
IAM-005427,ORG-002,AST-05427,38,2,1,3,100,1,104,4,0.51,Low,2.0
IAM-005428,ORG-010,AST-05428,500,18,21,18,43,2,39,2,0.68,Low,8.7
IAM-005429,ORG-007,AST-05429,120,10,5,7,85,1,200,1,0.77,Low,1.9
IAM-005430,ORG-019,AST-05430,208,4,6,0,37,0,61,2,0.86,Low,5.6
IAM-005431,ORG-013,AST-05431,86,6,4,4,55,2,94,7,0.84,Low,5.5
IAM-005432,ORG-004,AST-05432,190,18,4,2,82,12,51,8,0.56,High,4.6
IAM-005433,ORG-025,AST-05433,173,16,7,10,99,5,72,11,0.73,Medium,3.1
IAM-005434,ORG-018,AST-05434,379,23,13,0,44,7,130,15,0.74,Medium,9.0
IAM-005435,ORG-008,AST-05435,273,7,2,3,86,7,57,9,0.96,High,5.0
IAM-005436,ORG-014,AST-05436,184,11,9,2,45,1,96,19,0.59,Low,8.1
IAM-005437,ORG-024,AST-05437,153,4,2,13,83,1,125,15,0.51,Low,3.9
IAM-005438,ORG-004,AST-05438,286,19,9,27,66,2,7,1,0.92,Low,4.7
IAM-005439,ORG-014,AST-05439,286,6,2,17,75,2,6,1,0.89,Low,2.7
IAM-005440,ORG-014,AST-05440,193,2,7,4,42,1,175,10,0.7,Low,8.0
IAM-005441,ORG-004,AST-05441,471,9,13,43,75,9,30,3,0.76,High,7.8
IAM-005442,ORG-007,AST-05442,15,1,0,1,38,1,161,27,0.58,High,10
IAM-005443,ORG-011,AST-05443,454,39,11,42,40,39,98,11,0.9,High,10
IAM-005444,ORG-014,AST-05444,149,8,1,8,44,5,95,7,0.72,High,7.0
IAM-005445,ORG-021,AST-05445,243,17,8,24,31,5,170,10,0.81,Medium,7.8
IAM-005446,ORG-024,AST-05446,233,4,0,6,32,4,110,18,0.41,High,8.9
IAM-005447,ORG-016,AST-05447,259,24,8,22,35,12,99,10,0.77,Medium,8.3
IAM-005448,ORG-010,AST-05448,121,6,4,10,85,5,91,14,0.54,High,5.3
IAM-005449,ORG-024,AST-05449,399,15,19,29,66,8,160,17,0.3,High,9.7
IAM-005450,ORG-021,AST-05450,106,2,0,5,95,1,149,25,0.39,Low,4.7
IAM-005451,ORG-004,AST-05451,183,16,9,8,37,7,25,3,0.38,Medium,7.9
IAM-005452,ORG-017,AST-05452,238,3,6,2,47,1,22,4,0.32,Low,6.2
IAM-005453,ORG-007,AST-05453,243,16,5,14,79,16,139,3,0.99,High,6.2
IAM-005454,ORG-003,AST-05454,370,1,3,16,53,1,163,25,0.56,High,9.3
IAM-005455,ORG-004,AST-05455,126,9,0,10,42,0,107,1,0.55,Low,4.0
IAM-005456,ORG-009,AST-05456,55,1,0,2,69,1,190,14,0.95,High,6.0
IAM-005457,ORG-022,AST-05457,154,11,1,3,76,5,168,10,0.59,Medium,3.8
IAM-005458,ORG-017,AST-05458,132,8,6,7,71,8,94,13,0.64,High,7.1
IAM-005459,ORG-020,AST-05459,460,40,10,43,48,16,67,13,0.84,Medium,8.4
IAM-005460,ORG-024,AST-05460,151,9,1,1,76,3,79,7,0.69,Medium,4.0
IAM-005461,ORG-015,AST-05461,113,9,5,8,93,8,59,10,0.43,High,5.3
IAM-005462,ORG-025,AST-05462,50,1,1,1,54,1,41,8,0.78,High,6.9
IAM-005463,ORG-020,AST-05463,146,7,6,1,94,3,177,34,0.38,Medium,6.7
IAM-005464,ORG-008,AST-05464,168,1,3,8,32,1,4,0,0.46,High,7.8
IAM-005465,ORG-004,AST-05465,476,8,12,33,62,1,198,31,0.42,Low,8.3
IAM-005466,ORG-018,AST-05466,334,26,4,16,79,19,121,0,0.56,High,4.0
IAM-005467,ORG-016,AST-05467,227,14,4,2,90,3,76,2,0.36,Medium,2.0
IAM-005468,ORG-018,AST-05468,259,4,2,22,83,1,168,25,0.5,Low,4.8
IAM-005469,ORG-016,AST-05469,497,49,2,6,57,23,189,16,0.33,Medium,6.7
IAM-005470,ORG-025,AST-05470,222,5,4,21,95,4,172,1,0.78,High,3.2
IAM-005471,ORG-002,AST-05471,342,29,12,1,45,13,168,8,0.87,Medium,8.3
IAM-005472,ORG-001,AST-05472,397,21,16,10,80,1,160,24,0.63,Low,6.9
IAM-005473,ORG-014,AST-05473,72,7,3,3,38,5,44,6,0.55,High,7.8
IAM-005474,ORG-004,AST-05474,298,26,9,7,60,7,135,5,0.74,Medium,5.4
IAM-005475,ORG-019,AST-05475,111,6,1,2,66,2,52,4,0.85,Low,4.2
IAM-005476,ORG-019,AST-05476,176,11,3,7,61,8,140,1,0.36,High,5.6
IAM-005477,ORG-001,AST-05477,19,2,0,1,34,0,195,31,0.93,Low,7.6
IAM-005478,ORG-013,AST-05478,370,31,8,1,67,12,109,11,0.72,Medium,6.0
IAM-005479,ORG-025,AST-05479,493,35,2,12,82,3,109,14,0.58,Medium,3.1
IAM-005480,ORG-003,AST-05480,149,1,6,4,54,0,109,10,0.75,Low,5.4
IAM-005481,ORG-013,AST-05481,399,11,14,12,61,3,39,2,0.42,Medium,6.9
IAM-005482,ORG-013,AST-05482,318,8,10,4,78,4,28,3,0.59,Medium,5.5
IAM-005483,ORG-014,AST-05483,119,10,4,2,43,7,114,17,0.97,High,8.8
IAM-005484,ORG-019,AST-05484,306,12,13,17,92,7,117,5,0.5,High,5.6
IAM-005485,ORG-009,AST-05485,470,15,13,21,90,15,199,34,0.51,High,9.2
IAM-005486,ORG-023,AST-05486,96,6,1,8,64,4,40,2,0.98,High,5.2
IAM-005487,ORG-015,AST-05487,442,6,19,36,85,3,184,21,0.8,Medium,8.1
IAM-005488,ORG-004,AST-05488,157,15,2,13,46,2,109,17,0.51,Low,5.9
IAM-005489,ORG-010,AST-05489,334,17,4,13,48,16,43,8,0.63,High,8.2
IAM-005490,ORG-025,AST-05490,359,10,9,19,99,1,189,33,0.66,Low,5.5
IAM-005491,ORG-010,AST-05491,391,25,10,13,42,3,189,0,0.86,Medium,6.6
IAM-005492,ORG-009,AST-05492,315,12,2,4,62,5,127,5,0.67,Medium,4.5
IAM-005493,ORG-007,AST-05493,326,2,16,26,79,1,117,23,0.67,Low,8.4
IAM-005494,ORG-020,AST-05494,370,29,17,5,94,11,55,11,0.82,Medium,6.5
IAM-005495,ORG-008,AST-05495,263,1,10,20,59,0,32,2,0.69,Low,4.8
IAM-005496,ORG-014,AST-05496,491,37,4,44,77,2,95,15,0.59,Low,3.7
IAM-005497,ORG-005,AST-05497,412,31,7,18,30,18,7,0,0.33,High,7.9
IAM-005498,ORG-015,AST-05498,425,30,11,22,42,17,108,2,0.48,High,7.9
IAM-005499,ORG-003,AST-05499,340,18,7,17,85,2,128,7,0.86,Low,3.8
IAM-005500,ORG-015,AST-05500,41,2,0,4,42,2,8,1,0.72,High,6.8
IAM-005501,ORG-024,AST-05501,249,14,9,13,35,2,128,8,0.38,Low,7.2
IAM-005502,ORG-005,AST-05502,31,1,1,1,39,1,90,15,0.69,High,8.9
IAM-005503,ORG-007,AST-05503,7,1,0,0,40,1,68,6,0.84,High,7.2
IAM-005504,ORG-009,AST-05504,420,18,5,4,50,18,27,5,0.9,High,8.2
IAM-005505,ORG-015,AST-05505,464,27,7,34,66,27,30,5,0.92,High,6.9
IAM-005506,ORG-024,AST-05506,301,16,11,19,73,11,134,7,0.72,High,7.2
IAM-005507,ORG-007,AST-05507,336,13,5,25,32,3,115,13,0.89,Medium,7.2
IAM-005508,ORG-007,AST-05508,292,13,12,12,40,13,38,5,0.85,High,9.6
IAM-005509,ORG-018,AST-05509,117,11,3,11,33,1,99,3,0.31,Low,6.1
IAM-005510,ORG-009,AST-05510,488,13,20,22,93,7,167,0,0.58,High,6.3
IAM-005511,ORG-011,AST-05511,377,25,15,18,75,3,160,24,0.44,Medium,7.3
IAM-005512,ORG-001,AST-05512,17,2,0,0,68,2,111,8,0.54,High,6.1
IAM-005513,ORG-001,AST-05513,84,8,0,8,62,6,87,15,0.76,High,6.2
IAM-005514,ORG-008,AST-05514,363,31,4,3,90,21,17,0,0.57,High,3.9
IAM-005515,ORG-019,AST-05515,209,2,4,14,73,1,111,21,0.72,Low,6.0
IAM-005516,ORG-003,AST-05516,267,17,5,11,63,5,145,26,0.62,Medium,6.7
IAM-005517,ORG-024,AST-05517,481,15,9,44,59,14,64,10,0.38,High,8.7
IAM-005518,ORG-002,AST-05518,253,20,11,2,75,18,50,1,0.86,High,6.9
IAM-005519,ORG-003,AST-05519,9,2,0,0,36,1,179,23,0.93,Low,7.9
IAM-005520,ORG-023,AST-05520,116,5,4,3,84,4,133,5,0.36,High,5.0
IAM-005521,ORG-010,AST-05521,197,12,6,16,45,9,17,3,0.36,High,7.6
IAM-005522,ORG-016,AST-05522,450,29,18,20,61,0,45,6,0.78,Low,6.3
IAM-005523,ORG-016,AST-05523,321,15,0,15,82,0,91,18,0.51,Low,3.4
IAM-005524,ORG-019,AST-05524,212,18,7,20,32,3,125,4,0.48,Medium,6.7
IAM-005525,ORG-019,AST-05525,164,9,0,7,85,3,111,7,0.8,Medium,2.3
IAM-005526,ORG-007,AST-05526,443,37,12,42,41,12,51,7,0.76,Medium,8.0
IAM-005527,ORG-011,AST-05527,424,30,2,5,39,6,55,6,0.66,Medium,5.8
IAM-005528,ORG-018,AST-05528,85,4,3,6,100,4,96,7,0.97,High,4.2
IAM-005529,ORG-001,AST-05529,278,3,8,9,44,0,101,12,0.67,Low,6.9
IAM-005530,ORG-008,AST-05530,56,4,2,4,60,0,21,0,0.75,Low,3.5
IAM-005531,ORG-013,AST-05531,33,1,0,0,49,1,199,11,0.63,High,7.9
IAM-005532,ORG-007,AST-05532,75,3,2,6,100,0,134,13,0.31,Low,1.8
IAM-005533,ORG-013,AST-05533,109,6,3,5,49,1,122,0,0.64,Low,4.6
IAM-005534,ORG-013,AST-05534,185,5,3,10,90,3,62,7,0.7,High,3.6
IAM-005535,ORG-025,AST-05535,470,14,9,26,59,3,140,22,0.69,Medium,7.5
IAM-005536,ORG-022,AST-05536,358,13,0,28,46,10,178,24,0.65,High,8.5
IAM-005537,ORG-023,AST-05537,437,23,20,7,51,9,108,11,0.86,Medium,9.3
IAM-005538,ORG-008,AST-05538,182,9,5,2,81,1,134,26,0.88,Low,5.5
IAM-005539,ORG-006,AST-05539,64,4,0,4,30,4,99,18,0.5,High,9.5
IAM-005540,ORG-010,AST-05540,150,5,3,3,71,2,190,8,0.82,Low,5.0
IAM-005541,ORG-020,AST-05541,286,24,4,12,74,23,23,4,0.95,High,5.3
IAM-005542,ORG-019,AST-05542,353,20,7,17,34,17,33,4,0.71,High,8.9
IAM-005543,ORG-025,AST-05543,141,7,6,6,71,2,184,7,0.36,Low,5.0
IAM-005544,ORG-005,AST-05544,181,8,9,16,55,0,179,30,0.49,Low,7.8
IAM-005545,ORG-019,AST-05545,178,12,0,13,85,1,84,5,0.86,Low,1.4
IAM-005546,ORG-009,AST-05546,367,28,1,8,86,21,102,7,0.99,High,4.5
IAM-005547,ORG-002,AST-05547,152,2,4,10,90,1,104,9,0.41,Low,3.4
IAM-005548,ORG-022,AST-05548,467,14,21,46,40,14,106,16,0.66,High,10
IAM-005549,ORG-021,AST-05549,250,24,9,9,43,22,22,4,0.58,High,9.0
IAM-005550,ORG-019,AST-05550,92,5,2,1,48,2,176,13,0.38,Low,6.1
IAM-005551,ORG-003,AST-05551,228,5,4,6,79,2,2,0,0.59,Low,3.5
IAM-005552,ORG-016,AST-05552,361,23,1,5,33,8,99,13,0.39,Medium,7.5
IAM-005553,ORG-007,AST-05553,403,2,16,14,41,2,108,8,0.73,High,10
IAM-005554,ORG-018,AST-05554,465,28,22,8,69,8,66,12,0.83,Medium,8.2
IAM-005555,ORG-023,AST-05555,433,29,17,25,41,28,128,24,0.89,High,10
IAM-005556,ORG-013,AST-05556,77,7,0,6,100,2,88,2,0.97,Low,1.4
IAM-005557,ORG-006,AST-05557,156,7,1,13,71,2,70,3,0.49,Low,3.5
IAM-005558,ORG-011,AST-05558,127,2,2,3,84,1,65,1,0.67,Low,2.7
IAM-005559,ORG-016,AST-05559,349,27,17,23,84,9,174,4,0.41,Medium,6.2
IAM-005560,ORG-005,AST-05560,226,2,4,19,31,2,195,28,0.59,High,10
IAM-005561,ORG-015,AST-05561,275,22,3,10,54,8,41,3,0.55,Medium,4.7
IAM-005562,ORG-009,AST-05562,358,10,6,30,98,7,150,15,0.37,High,5.0
IAM-005563,ORG-001,AST-05563,490,9,11,49,31,2,52,7,0.45,Low,8.3
IAM-005564,ORG-016,AST-05564,270,14,10,23,83,13,11,1,0.35,High,5.7
IAM-005565,ORG-010,AST-05565,182,13,7,6,64,12,12,0,0.65,High,6.6
IAM-005566,ORG-010,AST-05566,119,7,5,10,78,3,9,1,0.88,Medium,3.7
IAM-005567,ORG-020,AST-05567,432,16,0,42,76,9,92,16,0.69,High,5.2
IAM-005568,ORG-025,AST-05568,138,1,2,1,72,1,182,20,0.38,High,7.4
IAM-005569,ORG-022,AST-05569,20,2,1,2,95,1,97,4,0.37,Low,2.6
IAM-005570,ORG-007,AST-05570,208,11,7,0,67,4,70,11,0.44,Medium,5.8
IAM-005571,ORG-001,AST-05571,93,3,4,2,100,2,17,2,0.59,High,2.6
IAM-005572,ORG-016,AST-05572,285,28,4,16,50,28,132,12,0.73,High,8.5
IAM-005573,ORG-007,AST-05573,275,20,9,8,85,13,180,9,0.66,High,6.1
IAM-005574,ORG-019,AST-05574,73,1,1,0,52,1,102,9,0.35,High,7.3
IAM-005575,ORG-004,AST-05575,112,8,0,10,64,8,51,2,0.61,High,5.7
IAM-005576,ORG-011,AST-05576,54,2,0,2,61,2,191,35,0.83,High,8.9
IAM-005577,ORG-016,AST-05577,175,5,8,15,47,3,193,34,0.31,High,10
IAM-005578,ORG-006,AST-05578,30,2,0,2,84,2,94,3,0.58,High,4.0
IAM-005579,ORG-012,AST-05579,443,5,11,33,80,4,163,26,0.39,High,8.3
IAM-005580,ORG-003,AST-05580,452,36,16,26,75,32,96,0,0.32,High,7.6
IAM-005581,ORG-002,AST-05581,42,2,0,1,96,0,59,0,0.47,Low,0.8
IAM-005582,ORG-005,AST-05582,453,21,11,4,58,18,105,7,0.79,High,8.7
IAM-005583,ORG-024,AST-05583,23,2,0,2,67,2,16,1,0.36,High,5.0
IAM-005584,ORG-015,AST-05584,23,2,0,0,74,0,15,1,0.94,Low,2.1
IAM-005585,ORG-025,AST-05585,229,14,1,7,89,10,165,3,0.43,High,3.8
IAM-005586,ORG-010,AST-05586,401,5,11,4,58,5,178,15,0.82,High,9.4
IAM-005587,ORG-016,AST-05587,411,17,3,4,32,11,118,15,0.95,High,8.8
IAM-005588,ORG-025,AST-05588,65,5,3,5,39,2,59,5,0.79,Low,6.4
IAM-005589,ORG-013,AST-05589,54,5,2,2,97,4,142,14,0.67,High,4.8
IAM-005590,ORG-002,AST-05590,325,32,14,6,68,17,116,6,0.33,High,7.3
IAM-005591,ORG-017,AST-05591,435,31,18,22,39,19,156,30,0.74,High,10
IAM-005592,ORG-018,AST-05592,190,6,3,13,30,6,195,30,0.47,High,10
IAM-005593,ORG-001,AST-05593,408,24,9,10,66,13,17,0,0.7,High,6.1
IAM-005594,ORG-023,AST-05594,141,3,6,10,96,1,39,2,0.89,Low,2.6
IAM-005595,ORG-015,AST-05595,257,17,12,25,64,6,132,12,0.59,Medium,6.8
IAM-005596,ORG-006,AST-05596,433,23,9,17,77,4,146,8,0.66,Medium,5.0
IAM-005597,ORG-010,AST-05597,7,1,0,0,88,0,63,9,0.69,Low,1.6
IAM-005598,ORG-007,AST-05598,159,8,6,6,84,2,170,21,0.45,Low,4.9
IAM-005599,ORG-004,AST-05599,168,7,8,7,97,5,147,18,0.87,High,5.3
IAM-005600,ORG-018,AST-05600,116,7,4,11,98,7,32,0,0.72,High,4.4
IAM-005601,ORG-019,AST-05601,22,2,0,1,46,2,145,17,0.73,High,8.5
IAM-005602,ORG-009,AST-05602,87,5,0,7,37,0,107,5,0.66,Low,4.5
IAM-005603,ORG-015,AST-05603,270,3,11,24,84,1,150,11,0.97,Low,5.0
IAM-005604,ORG-007,AST-05604,38,1,0,2,38,1,83,1,0.61,High,6.8
IAM-005605,ORG-015,AST-05605,337,1,13,20,81,1,54,2,0.93,High,6.6
IAM-005606,ORG-012,AST-05606,222,4,10,9,61,3,190,24,0.32,High,9.7
IAM-005607,ORG-012,AST-05607,161,14,6,10,33,2,139,7,0.34,Low,6.8
IAM-005608,ORG-021,AST-05608,350,26,2,22,68,15,103,13,0.54,High,5.5
IAM-005609,ORG-023,AST-05609,205,14,3,7,74,9,45,6,0.75,High,5.1
IAM-005610,ORG-021,AST-05610,308,24,6,20,78,12,164,32,0.51,Medium,7.2
IAM-005611,ORG-016,AST-05611,375,30,11,12,76,1,123,15,0.41,Low,5.0
IAM-005612,ORG-023,AST-05612,363,29,9,32,38,6,104,4,0.48,Medium,7.0
IAM-005613,ORG-004,AST-05613,441,25,11,14,56,13,172,29,0.64,High,9.2
IAM-005614,ORG-018,AST-05614,130,11,0,5,72,5,114,16,0.93,Medium,4.7
IAM-005615,ORG-018,AST-05615,484,6,1,19,91,5,130,22,0.91,High,5.5
IAM-005616,ORG-023,AST-05616,473,28,2,4,99,2,61,11,0.56,Low,1.6
IAM-005617,ORG-012,AST-05617,240,7,3,18,96,0,117,17,0.36,Low,2.2
IAM-005618,ORG-020,AST-05618,150,5,2,2,75,3,74,12,0.75,High,5.3
IAM-005619,ORG-013,AST-05619,355,5,1,4,38,4,191,25,0.59,High,9.7
IAM-005620,ORG-015,AST-05620,336,6,11,3,91,4,38,6,0.43,High,5.1
IAM-005621,ORG-011,AST-05621,286,2,14,20,87,0,42,6,0.45,Low,4.4
IAM-005622,ORG-023,AST-05622,447,28,5,33,40,12,123,1,0.58,Medium,6.5
IAM-005623,ORG-022,AST-05623,321,14,3,28,69,2,178,12,0.66,Low,4.5
IAM-005624,ORG-013,AST-05624,316,27,13,3,55,7,56,6,0.47,Medium,6.6
IAM-005625,ORG-008,AST-05625,108,10,2,8,76,3,159,29,0.78,Medium,5.9
IAM-005626,ORG-012,AST-05626,290,4,2,13,77,0,52,7,0.59,Low,2.6
IAM-005627,ORG-016,AST-05627,379,30,0,5,100,5,96,2,0.42,Medium,0.3
IAM-005628,ORG-015,AST-05628,405,30,4,12,60,24,134,2,0.42,High,6.4
IAM-005629,ORG-005,AST-05629,124,4,4,8,53,3,194,2,0.79,High,6.2
IAM-005630,ORG-018,AST-05630,240,20,3,20,77,3,122,9,0.34,Medium,3.3
IAM-005631,ORG-010,AST-05631,359,29,17,12,37,4,112,15,0.68,Medium,9.2
IAM-005632,ORG-021,AST-05632,282,18,14,15,96,1,151,14,0.69,Low,4.6
IAM-005633,ORG-001,AST-05633,299,19,1,20,54,19,159,15,0.34,High,7.9
IAM-005634,ORG-014,AST-05634,210,7,4,2,63,6,126,17,0.71,High,7.7
IAM-005635,ORG-025,AST-05635,389,18,2,3,45,18,66,3,0.9,High,7.1
IAM-005636,ORG-025,AST-05636,434,40,7,18,58,0,60,0,0.34,Low,3.7
IAM-005637,ORG-013,AST-05637,396,16,9,39,65,3,108,2,0.98,Medium,4.5
IAM-005638,ORG-004,AST-05638,420,5,14,21,65,1,186,36,0.82,Low,9.5
IAM-005639,ORG-005,AST-05639,407,7,2,30,75,1,181,14,0.35,Low,3.7
IAM-005640,ORG-020,AST-05640,485,24,3,38,46,15,173,34,0.64,High,9.4
IAM-005641,ORG-005,AST-05641,141,7,1,6,42,5,95,16,0.51,High,7.4
IAM-005642,ORG-018,AST-05642,466,46,12,29,32,38,187,3,0.8,High,9.7
IAM-005643,ORG-022,AST-05643,15,2,0,1,88,2,35,1,0.63,High,4.3
IAM-005644,ORG-016,AST-05644,257,15,12,18,67,3,124,8,0.92,Medium,5.6
IAM-005645,ORG-011,AST-05645,185,7,5,7,40,7,77,14,0.88,High,9.2
IAM-005646,ORG-023,AST-05646,106,1,0,7,63,0,48,6,0.88,Low,3.0
IAM-005647,ORG-014,AST-05647,21,2,1,0,58,2,125,0,0.33,High,5.6
IAM-005648,ORG-008,AST-05648,296,28,10,14,94,18,87,7,0.62,High,5.1
IAM-005649,ORG-021,AST-05649,325,13,2,27,36,0,48,1,0.35,Low,4.5
IAM-005650,ORG-006,AST-05650,118,10,1,3,85,7,194,1,0.97,High,3.6
IAM-005651,ORG-022,AST-05651,412,36,5,0,69,16,106,10,0.32,Medium,5.0
IAM-005652,ORG-013,AST-05652,361,33,1,4,32,25,143,10,0.39,High,8.0
IAM-005653,ORG-017,AST-05653,43,3,2,3,34,3,99,18,0.59,High,9.8
IAM-005654,ORG-002,AST-05654,271,15,12,22,51,11,7,0,0.33,High,7.6
IAM-005655,ORG-009,AST-05655,439,23,4,4,83,23,44,7,0.66,High,5.7
IAM-005656,ORG-023,AST-05656,280,11,12,17,100,9,52,10,0.96,High,6.0
IAM-005657,ORG-005,AST-05657,275,14,11,14,90,12,129,15,0.84,High,6.7
IAM-005658,ORG-023,AST-05658,416,9,3,14,50,6,146,15,0.5,High,7.0
IAM-005659,ORG-016,AST-05659,406,8,15,39,77,5,11,0,0.57,High,6.6
IAM-005660,ORG-002,AST-05660,164,12,5,10,96,11,18,2,0.6,High,4.7
IAM-005661,ORG-019,AST-05661,454,44,22,31,38,40,22,0,0.4,High,10
IAM-005662,ORG-004,AST-05662,322,30,2,17,31,22,110,14,0.7,High,8.8
IAM-005663,ORG-013,AST-05663,372,36,3,17,67,17,38,0,0.59,Medium,4.3
IAM-005664,ORG-023,AST-05664,18,2,0,1,60,0,107,16,0.88,Low,4.3
IAM-005665,ORG-018,AST-05665,90,2,1,1,79,2,101,2,0.44,High,4.9
IAM-005666,ORG-007,AST-05666,494,4,18,42,33,0,74,11,0.63,Low,8.8
IAM-005667,ORG-015,AST-05667,181,3,7,14,45,2,50,10,0.45,High,8.1
IAM-005668,ORG-001,AST-05668,327,28,5,2,57,20,89,5,0.62,High,6.5
IAM-005669,ORG-017,AST-05669,228,22,3,10,69,13,19,2,0.32,High,4.3
IAM-005670,ORG-015,AST-05670,409,22,15,30,61,16,12,1,0.61,High,7.5
IAM-005671,ORG-019,AST-05671,173,4,6,15,46,0,94,6,0.99,Low,5.1
IAM-005672,ORG-009,AST-05672,123,2,0,9,38,1,33,5,0.37,Low,6.0
IAM-005673,ORG-014,AST-05673,184,18,8,17,89,6,45,0,0.42,Medium,3.6
IAM-005674,ORG-006,AST-05674,416,10,16,24,90,10,3,0,0.51,High,7.3
IAM-005675,ORG-004,AST-05675,305,4,12,30,80,3,93,2,0.92,High,6.3
IAM-005676,ORG-003,AST-05676,372,23,1,3,61,0,19,2,0.8,Low,2.7
IAM-005677,ORG-023,AST-05677,323,21,0,10,34,2,184,2,0.9,Low,5.1
IAM-005678,ORG-012,AST-05678,173,10,3,6,33,7,73,0,0.72,High,7.0
IAM-005679,ORG-001,AST-05679,451,1,8,30,54,0,194,11,0.49,Low,6.0
IAM-005680,ORG-019,AST-05680,206,14,7,10,92,8,127,12,0.78,High,5.3
IAM-005681,ORG-006,AST-05681,37,3,0,1,69,3,9,1,0.41,High,4.8
IAM-005682,ORG-007,AST-05682,340,23,12,18,66,19,161,17,0.58,High,8.9
IAM-005683,ORG-007,AST-05683,76,2,3,5,86,2,171,21,0.4,High,6.5
IAM-005684,ORG-016,AST-05684,233,1,11,21,83,0,146,1,0.86,Low,3.7
IAM-005685,ORG-019,AST-05685,495,32,15,35,49,31,48,1,0.98,High,9.8
IAM-005686,ORG-007,AST-05686,320,19,4,26,38,3,151,23,0.54,Medium,7.8
IAM-005687,ORG-020,AST-05687,389,6,8,7,56,1,116,11,0.64,Low,6.2
IAM-005688,ORG-011,AST-05688,416,22,10,28,56,16,42,3,0.32,High,7.7
IAM-005689,ORG-021,AST-05689,230,15,1,7,76,3,10,1,0.57,Medium,2.1
IAM-005690,ORG-010,AST-05690,315,26,2,16,79,17,4,0,0.7,High,3.6
IAM-005691,ORG-008,AST-05691,122,1,4,2,37,1,13,1,0.61,High,8.1
IAM-005692,ORG-006,AST-05692,110,6,5,10,68,2,63,12,0.99,Low,5.5
IAM-005693,ORG-002,AST-05693,249,23,1,10,60,9,4,0,0.61,Medium,3.6
IAM-005694,ORG-009,AST-05694,494,47,9,0,82,31,126,2,0.99,High,5.7
IAM-005695,ORG-002,AST-05695,103,10,0,10,89,2,157,26,0.97,Low,4.1
IAM-005696,ORG-021,AST-05696,226,17,3,14,96,15,66,0,0.37,High,3.3
IAM-005697,ORG-004,AST-05697,144,2,7,10,65,2,59,5,0.34,High,7.2
IAM-005698,ORG-021,AST-05698,240,12,1,6,83,12,138,3,0.62,High,4.4
IAM-005699,ORG-019,AST-05699,413,37,7,40,53,35,64,11,0.77,High,8.0
IAM-005700,ORG-014,AST-05700,322,26,7,19,48,2,104,0,0.6,Low,5.5
IAM-005701,ORG-005,AST-05701,182,18,4,6,32,3,73,2,0.44,Medium,5.8
IAM-005702,ORG-005,AST-05702,103,8,3,5,91,3,161,19,0.37,Medium,3.8
IAM-005703,ORG-021,AST-05703,8,1,0,0,49,0,131,17,0.54,Low,4.8
IAM-005704,ORG-003,AST-05704,366,12,18,21,64,0,100,19,0.9,Low,7.5
IAM-005705,ORG-008,AST-05705,470,47,17,33,45,36,96,1,0.37,High,9.7
IAM-005706,ORG-024,AST-05706,240,13,3,11,59,13,16,1,0.65,High,6.7
IAM-005707,ORG-015,AST-05707,55,5,1,5,93,1,12,0,0.35,Low,0.9
IAM-005708,ORG-004,AST-05708,291,25,11,23,93,21,192,35,0.65,High,8.6
IAM-005709,ORG-017,AST-05709,128,2,6,9,76,2,187,24,0.98,High,8.4
IAM-005710,ORG-015,AST-05710,228,22,8,22,39,12,78,15,0.66,High,8.7
IAM-005711,ORG-006,AST-05711,125,1,6,8,55,1,182,22,0.83,High,9.5
IAM-005712,ORG-007,AST-05712,104,4,1,9,69,3,10,1,0.74,High,4.9
IAM-005713,ORG-020,AST-05713,466,33,23,6,44,2,190,21,0.58,Low,10
IAM-005714,ORG-015,AST-05714,320,26,5,20,57,21,184,5,0.49,High,6.6
IAM-005715,ORG-021,AST-05715,290,3,10,13,94,0,97,8,0.57,Low,3.4
IAM-005716,ORG-013,AST-05716,260,4,9,11,37,0,27,1,0.39,Low,5.7
IAM-005717,ORG-019,AST-05717,238,21,7,22,75,2,170,11,0.95,Low,4.5
IAM-005718,ORG-003,AST-05718,422,18,5,25,81,15,111,22,0.38,High,7.0
IAM-005719,ORG-010,AST-05719,482,11,13,22,65,8,147,24,0.46,High,10.0
IAM-005720,ORG-022,AST-05720,83,7,3,1,87,6,129,8,0.34,High,4.4
IAM-005721,ORG-025,AST-05721,258,6,8,11,67,1,124,20,0.59,Low,6.6
IAM-005722,ORG-022,AST-05722,236,21,8,0,71,21,98,5,0.71,High,7.0
IAM-005723,ORG-022,AST-05723,255,18,6,14,80,9,140,12,0.64,Medium,5.4
IAM-005724,ORG-022,AST-05724,140,10,1,2,88,3,64,8,0.86,Medium,3.2
IAM-005725,ORG-016,AST-05725,391,28,15,20,56,18,40,4,0.48,High,8.3
IAM-005726,ORG-001,AST-05726,355,17,5,31,65,13,99,8,0.83,High,6.0
IAM-005727,ORG-011,AST-05727,332,29,5,28,71,29,35,3,0.5,High,6.2
IAM-005728,ORG-008,AST-05728,275,25,7,25,64,24,144,27,0.54,High,9.3
IAM-005729,ORG-017,AST-05729,175,8,6,9,71,5,31,3,0.62,High,5.1
IAM-005730,ORG-012,AST-05730,218,11,7,17,100,0,17,1,0.3,Low,1.8
IAM-005731,ORG-018,AST-05731,93,3,3,1,66,0,140,19,0.39,Low,4.8
IAM-005732,ORG-008,AST-05732,11,2,0,0,82,0,197,26,0.78,Low,3.6
IAM-005733,ORG-009,AST-05733,453,9,9,24,44,5,96,8,0.58,High,8.4
IAM-005734,ORG-018,AST-05734,462,46,3,37,53,33,2,0,0.45,High,6.3
IAM-005735,ORG-002,AST-05735,108,5,0,5,92,3,169,32,0.63,High,5.5
IAM-005736,ORG-011,AST-05736,185,18,7,6,57,18,7,0,0.5,High,7.6
IAM-005737,ORG-008,AST-05737,464,21,12,12,82,3,111,17,0.56,Medium,5.7
IAM-005738,ORG-005,AST-05738,484,35,5,0,40,12,100,6,0.91,Medium,6.6
IAM-005739,ORG-016,AST-05739,117,11,4,4,39,9,100,1,0.61,High,7.3
IAM-005740,ORG-019,AST-05740,399,25,19,1,100,1,113,21,0.44,Low,6.4
IAM-005741,ORG-004,AST-05741,425,33,19,33,71,13,196,34,0.64,Medium,9.8
IAM-005742,ORG-007,AST-05742,447,28,4,35,30,28,195,19,0.36,High,10
IAM-005743,ORG-023,AST-05743,266,4,12,15,46,2,55,9,0.95,Low,8.6
IAM-005744,ORG-009,AST-05744,440,31,1,16,42,30,101,11,0.64,High,8.3
IAM-005745,ORG-010,AST-05745,26,2,1,0,91,0,1,1,0.38,Low,0.9
IAM-005746,ORG-019,AST-05746,470,44,19,44,62,10,24,4,0.71,Medium,7.0
IAM-005747,ORG-002,AST-05747,241,8,0,4,75,4,118,9,0.83,Medium,4.5
IAM-005748,ORG-021,AST-05748,400,14,13,13,86,13,81,2,0.62,High,6.8
IAM-005749,ORG-017,AST-05749,158,9,1,4,47,1,84,13,0.62,Low,5.6
IAM-005750,ORG-019,AST-05750,6,2,0,0,49,0,181,14,0.5,Low,4.4
IAM-005751,ORG-007,AST-05751,285,15,6,10,91,12,88,14,0.32,High,5.2
IAM-005752,ORG-007,AST-05752,228,4,5,17,45,2,75,5,0.3,Low,7.2
IAM-005753,ORG-003,AST-05753,252,19,4,10,78,11,42,0,0.32,High,3.8
IAM-005754,ORG-018,AST-05754,356,22,11,33,70,19,173,5,0.47,High,7.6
IAM-005755,ORG-005,AST-05755,368,15,7,22,35,4,91,11,0.32,Medium,7.5
IAM-005756,ORG-023,AST-05756,87,8,0,1,57,5,7,0,0.79,High,4.5
IAM-005757,ORG-017,AST-05757,245,20,4,4,40,11,176,34,0.62,High,9.9
IAM-005758,ORG-008,AST-05758,153,6,5,14,44,0,178,28,0.89,Low,7.2
IAM-005759,ORG-005,AST-05759,284,18,14,21,69,18,135,2,0.99,High,8.2
IAM-005760,ORG-022,AST-05760,61,3,2,3,82,2,150,25,0.76,High,6.0
IAM-005761,ORG-022,AST-05761,135,4,1,10,94,3,78,6,1.0,High,3.1
IAM-005762,ORG-019,AST-05762,456,9,20,17,100,9,102,15,0.56,High,8.5
IAM-005763,ORG-022,AST-05763,274,23,6,3,56,20,7,0,0.37,High,6.8
IAM-005764,ORG-021,AST-05764,471,39,6,35,82,11,60,9,0.52,Medium,4.1
IAM-005765,ORG-001,AST-05765,96,4,1,7,64,4,63,2,0.41,High,5.7
IAM-005766,ORG-025,AST-05766,435,27,17,7,58,2,190,3,0.47,Low,6.8
IAM-005767,ORG-006,AST-05767,173,1,6,4,59,0,172,9,0.74,Low,4.8
IAM-005768,ORG-004,AST-05768,168,14,0,7,83,5,196,23,0.37,Medium,4.1
IAM-005769,ORG-023,AST-05769,363,19,15,15,77,9,56,7,0.5,Medium,6.2
IAM-005770,ORG-006,AST-05770,170,8,4,14,93,1,56,8,0.63,Low,2.1
IAM-005771,ORG-010,AST-05771,251,1,1,3,69,1,109,14,0.52,High,6.4
IAM-005772,ORG-021,AST-05772,9,1,0,0,44,1,168,12,0.46,High,7.6
IAM-005773,ORG-006,AST-05773,439,30,6,33,62,2,95,14,0.45,Low,5.8
IAM-005774,ORG-013,AST-05774,406,11,12,35,36,9,122,5,0.75,High,9.2
IAM-005775,ORG-023,AST-05775,236,13,1,13,88,3,175,14,0.41,Medium,3.4
IAM-005776,ORG-009,AST-05776,429,23,18,5,52,19,180,23,0.87,High,10
IAM-005777,ORG-022,AST-05777,234,9,4,16,69,0,162,32,0.48,Low,6.5
IAM-005778,ORG-002,AST-05778,132,1,2,9,64,0,86,17,0.56,Low,4.4
IAM-005779,ORG-020,AST-05779,39,1,1,1,86,0,147,15,0.92,Low,2.6
IAM-005780,ORG-001,AST-05780,256,17,11,10,87,4,50,5,0.43,Medium,4.3
IAM-005781,ORG-005,AST-05781,467,33,15,41,92,3,87,5,0.46,Medium,3.8
IAM-005782,ORG-024,AST-05782,360,35,2,15,63,17,10,0,0.36,Medium,4.2
IAM-005783,ORG-005,AST-05783,26,1,0,1,59,1,13,2,0.67,High,5.9
IAM-005784,ORG-012,AST-05784,490,5,19,0,80,0,82,4,0.64,Low,5.4
IAM-005785,ORG-024,AST-05785,190,2,2,9,91,0,188,7,0.41,Low,1.3
IAM-005786,ORG-025,AST-05786,399,25,6,5,35,7,153,30,0.99,Medium,9.1
IAM-005787,ORG-005,AST-05787,114,4,3,11,65,4,7,0,0.84,High,5.6
IAM-005788,ORG-005,AST-05788,453,40,12,28,87,10,76,12,0.55,Medium,5.7
IAM-005789,ORG-011,AST-05789,123,12,2,0,49,12,80,3,0.64,High,7.4
IAM-005790,ORG-022,AST-05790,19,2,0,1,92,1,11,2,0.81,Low,2.6
IAM-005791,ORG-020,AST-05791,131,8,2,4,41,7,178,11,0.74,High,7.8
IAM-005792,ORG-014,AST-05792,130,13,3,0,45,1,86,0,0.73,Low,4.3
IAM-005793,ORG-013,AST-05793,287,11,7,6,74,5,60,10,0.89,Medium,5.4
IAM-005794,ORG-015,AST-05794,226,12,1,13,43,9,22,1,0.47,High,6.2
IAM-005795,ORG-011,AST-05795,59,2,1,0,57,2,188,16,0.42,High,7.6
IAM-005796,ORG-001,AST-05796,155,9,3,8,53,9,16,3,0.43,High,7.0
IAM-005797,ORG-012,AST-05797,261,7,8,5,55,6,109,0,0.35,High,7.1
IAM-005798,ORG-016,AST-05798,435,33,8,25,46,25,48,6,0.69,High,8.0
IAM-005799,ORG-021,AST-05799,401,37,5,28,53,18,27,1,0.36,Medium,6.0
IAM-005800,ORG-020,AST-05800,237,19,3,17,84,10,35,1,0.94,High,2.9
IAM-005801,ORG-011,AST-05801,297,17,12,20,94,17,44,0,0.55,High,5.4
IAM-005802,ORG-006,AST-05802,53,3,2,0,84,1,74,5,0.54,Low,3.5
IAM-005803,ORG-024,AST-05803,412,38,18,12,66,16,119,16,0.84,Medium,8.4
IAM-005804,ORG-010,AST-05804,181,2,5,18,74,1,45,0,0.62,Low,3.9
IAM-005805,ORG-017,AST-05805,150,13,0,5,78,2,92,8,0.44,Low,3.1
IAM-005806,ORG-024,AST-05806,208,19,3,17,55,7,102,8,1.0,Medium,5.0
IAM-005807,ORG-008,AST-05807,338,23,6,31,32,21,39,1,0.73,High,8.4
IAM-005808,ORG-021,AST-05808,64,5,2,1,96,3,185,8,0.94,High,3.2
IAM-005809,ORG-008,AST-05809,122,4,2,4,34,2,46,1,0.91,Low,6.5
IAM-005810,ORG-014,AST-05810,349,28,0,20,44,18,32,5,0.37,High,6.1
IAM-005811,ORG-010,AST-05811,460,44,12,13,32,7,24,4,0.54,Medium,7.6
IAM-005812,ORG-006,AST-05812,52,1,2,2,76,1,98,15,0.79,High,6.6
IAM-005813,ORG-013,AST-05813,199,18,4,0,67,11,133,9,0.9,High,5.8
IAM-005814,ORG-001,AST-05814,164,11,4,1,62,0,5,1,0.91,Low,3.2
IAM-005815,ORG-022,AST-05815,323,11,7,22,67,2,71,14,0.4,Low,5.8
IAM-005816,ORG-012,AST-05816,267,18,4,24,60,9,26,2,0.93,Medium,5.3
IAM-005817,ORG-024,AST-05817,419,34,20,31,88,27,34,5,0.98,High,7.7
IAM-005818,ORG-017,AST-05818,316,11,7,12,30,5,103,20,0.88,Medium,9.2
IAM-005819,ORG-025,AST-05819,150,15,3,11,46,6,160,15,0.38,Medium,7.4
IAM-005820,ORG-001,AST-05820,72,6,2,3,57,1,32,2,0.88,Low,4.1
IAM-005821,ORG-013,AST-05821,498,15,4,5,60,5,91,15,0.8,Medium,6.0
IAM-005822,ORG-010,AST-05822,467,28,15,16,68,9,30,5,0.46,Medium,7.0
IAM-005823,ORG-001,AST-05823,336,2,6,6,98,2,67,12,0.37,High,5.3
IAM-005824,ORG-017,AST-05824,404,11,14,33,88,6,109,19,0.39,High,6.7
IAM-005825,ORG-005,AST-05825,227,21,2,11,52,17,129,23,0.65,High,8.7
IAM-005826,ORG-009,AST-05826,311,7,10,30,94,7,58,4,0.87,High,5.4
IAM-005827,ORG-015,AST-05827,198,11,4,8,38,6,49,6,0.84,High,7.1
IAM-005828,ORG-022,AST-05828,251,11,4,14,85,2,11,0,0.33,Low,2.4
IAM-005829,ORG-009,AST-05829,166,5,1,3,33,0,31,6,0.68,Low,5.5
IAM-005830,ORG-014,AST-05830,250,5,0,18,81,4,148,15,0.98,High,4.9
IAM-005831,ORG-016,AST-05831,418,13,0,8,58,12,47,8,0.6,High,6.2
IAM-005832,ORG-025,AST-05832,277,18,8,13,97,12,107,1,0.42,High,3.6
IAM-005833,ORG-016,AST-05833,194,18,8,9,91,0,95,15,0.99,Low,4.0
IAM-005834,ORG-019,AST-05834,210,2,3,21,93,2,93,3,0.58,High,4.2
IAM-005835,ORG-018,AST-05835,466,37,5,44,66,22,198,32,0.89,High,8.5
IAM-005836,ORG-011,AST-05836,391,1,10,19,87,1,53,1,0.88,High,6.1
IAM-005837,ORG-006,AST-05837,312,14,0,27,64,11,24,2,0.67,High,5.4
IAM-005838,ORG-024,AST-05838,49,4,0,3,57,2,22,4,0.42,Low,4.9
IAM-005839,ORG-005,AST-05839,85,6,4,8,79,0,114,20,0.51,Low,4.0
IAM-005840,ORG-013,AST-05840,392,9,13,14,81,7,172,13,0.32,High,7.8
IAM-005841,ORG-011,AST-05841,148,2,3,12,97,1,73,14,0.51,Low,3.3
IAM-005842,ORG-018,AST-05842,489,8,0,3,59,8,86,15,0.89,High,7.2
IAM-005843,ORG-022,AST-05843,254,3,0,15,34,0,172,33,0.39,Low,8.0
IAM-005844,ORG-023,AST-05844,165,5,7,8,96,4,142,21,0.79,High,6.4
IAM-005845,ORG-001,AST-05845,207,16,7,19,47,13,166,11,0.53,High,8.9
IAM-005846,ORG-012,AST-05846,333,32,13,6,42,11,11,1,0.77,Medium,7.2
IAM-005847,ORG-016,AST-05847,494,49,2,40,93,39,14,2,0.84,High,3.8
IAM-005848,ORG-013,AST-05848,33,3,1,3,80,1,73,6,0.32,Low,2.8
IAM-005849,ORG-010,AST-05849,381,34,7,20,69,4,97,0,0.42,Medium,4.0
IAM-005850,ORG-012,AST-05850,202,7,7,0,93,0,64,1,0.97,Low,2.2
IAM-005851,ORG-011,AST-05851,372,13,7,10,99,6,140,12,0.48,Medium,4.2
IAM-005852,ORG-007,AST-05852,73,3,3,4,88,1,54,1,0.88,Low,2.9
IAM-005853,ORG-010,AST-05853,200,8,1,4,34,1,97,8,0.94,Low,5.3
IAM-005854,ORG-002,AST-05854,434,11,17,25,78,3,22,2,0.95,Medium,5.8
IAM-005855,ORG-019,AST-05855,53,2,2,1,63,2,56,2,0.58,High,5.9
IAM-005856,ORG-021,AST-05856,445,39,12,27,80,30,6,0,0.8,High,5.9
IAM-005857,ORG-016,AST-05857,21,2,0,0,31,2,113,4,0.56,High,8.2
IAM-005858,ORG-022,AST-05858,289,14,7,5,91,3,176,26,0.31,Medium,5.5
IAM-005859,ORG-017,AST-05859,46,1,0,2,77,0,173,31,0.41,Low,4.7
IAM-005860,ORG-022,AST-05860,142,5,2,0,88,3,46,8,0.5,High,4.3
IAM-005861,ORG-003,AST-05861,238,19,9,17,53,16,175,22,0.66,High,9.5
IAM-005862,ORG-014,AST-05862,241,12,11,21,30,10,71,9,0.89,High,10
IAM-005863,ORG-024,AST-05863,317,12,3,22,35,4,80,1,0.81,Medium,6.2
IAM-005864,ORG-012,AST-05864,195,17,2,7,68,3,124,17,0.41,Medium,4.7
IAM-005865,ORG-005,AST-05865,90,3,3,2,90,1,119,6,0.68,Low,2.8
IAM-005866,ORG-004,AST-05866,134,5,5,12,58,4,87,8,1.0,High,6.9
IAM-005867,ORG-022,AST-05867,193,6,6,18,97,6,28,4,0.75,High,4.9
IAM-005868,ORG-002,AST-05868,83,7,2,0,60,7,189,13,0.57,High,7.6
IAM-005869,ORG-024,AST-05869,456,40,10,36,77,6,106,13,0.39,Medium,5.4
IAM-005870,ORG-001,AST-05870,36,3,0,3,100,0,111,17,0.9,Low,1.7
IAM-005871,ORG-003,AST-05871,266,6,0,22,96,5,52,4,0.58,High,3.0
IAM-005872,ORG-003,AST-05872,399,22,0,33,48,12,56,0,0.37,High,4.8
IAM-005873,ORG-023,AST-05873,14,1,0,1,47,0,54,5,0.92,Low,4.1
IAM-005874,ORG-001,AST-05874,423,14,17,27,50,7,92,0,0.92,Medium,8.7
IAM-005875,ORG-025,AST-05875,374,37,3,26,76,10,51,7,0.86,Medium,3.3
IAM-005876,ORG-006,AST-05876,299,22,4,1,78,3,162,27,0.88,Medium,5.7
IAM-005877,ORG-025,AST-05877,74,6,2,3,89,6,3,1,0.7,High,4.4
IAM-005878,ORG-022,AST-05878,83,6,0,1,97,4,35,2,0.52,High,2.8
IAM-005879,ORG-002,AST-05879,288,1,9,3,89,1,35,5,0.91,High,6.5
IAM-005880,ORG-006,AST-05880,384,28,4,8,100,13,56,3,0.41,Medium,2.8
IAM-005881,ORG-006,AST-05881,314,25,11,15,82,17,121,9,0.31,High,6.0
IAM-005882,ORG-018,AST-05882,25,2,1,1,59,1,22,2,0.39,Low,4.4
IAM-005883,ORG-003,AST-05883,402,26,2,19,37,24,63,0,0.91,High,7.7
IAM-005884,ORG-017,AST-05884,433,7,19,17,41,1,188,8,0.41,Low,8.6
IAM-005885,ORG-025,AST-05885,205,14,2,17,47,0,156,0,0.75,Low,3.6
IAM-005886,ORG-001,AST-05886,423,2,14,33,92,0,0,1,0.99,Low,3.6
IAM-005887,ORG-020,AST-05887,328,24,9,22,91,4,177,3,0.79,Medium,3.6
IAM-005888,ORG-008,AST-05888,207,16,9,16,80,11,198,34,0.95,High,9.0
IAM-005889,ORG-018,AST-05889,365,13,5,28,96,8,132,7,0.43,High,3.7
IAM-005890,ORG-015,AST-05890,439,16,15,22,47,15,162,29,0.74,High,10
IAM-005891,ORG-014,AST-05891,484,7,10,0,85,4,143,8,0.91,High,5.6
IAM-005892,ORG-005,AST-05892,412,13,1,28,86,11,142,12,0.52,High,4.7
IAM-005893,ORG-001,AST-05893,251,8,7,18,80,4,164,32,0.64,Medium,7.0
IAM-005894,ORG-014,AST-05894,476,39,10,40,72,2,5,0,0.48,Low,4.4
IAM-005895,ORG-007,AST-05895,14,1,0,1,53,0,174,11,0.35,Low,4.1
IAM-005896,ORG-012,AST-05896,23,2,1,1,45,2,83,16,0.94,High,8.6
IAM-005897,ORG-005,AST-05897,130,7,6,8,56,1,17,1,0.48,Low,4.3
IAM-005898,ORG-019,AST-05898,61,3,3,1,81,0,29,5,0.32,Low,2.1
IAM-005899,ORG-009,AST-05899,238,7,8,17,44,3,28,3,0.51,Medium,6.7
IAM-005900,ORG-004,AST-05900,241,19,5,18,64,17,23,3,0.81,High,6.0
IAM-005901,ORG-024,AST-05901,198,5,8,14,55,0,74,12,0.82,Low,5.9
IAM-005902,ORG-015,AST-05902,120,5,5,5,86,1,71,11,0.78,Low,3.2
IAM-005903,ORG-002,AST-05903,249,6,8,21,97,1,195,39,0.67,Low,6.1
IAM-005904,ORG-002,AST-05904,89,6,3,4,90,2,188,11,0.49,Low,3.3
IAM-005905,ORG-023,AST-05905,329,8,16,14,77,0,129,19,0.98,Low,7.0
IAM-005906,ORG-023,AST-05906,407,16,3,15,77,16,118,23,0.85,High,7.0
IAM-005907,ORG-019,AST-05907,61,2,1,6,91,2,25,2,0.94,High,4.2
IAM-005908,ORG-011,AST-05908,87,2,0,7,58,1,174,20,0.89,Low,6.4
IAM-005909,ORG-014,AST-05909,482,7,8,5,89,1,93,0,0.43,Low,2.9
IAM-005910,ORG-005,AST-05910,431,28,15,41,64,0,169,6,0.92,Low,6.2
IAM-005911,ORG-017,AST-05911,24,1,1,0,75,0,38,7,0.66,Low,2.4
IAM-005912,ORG-023,AST-05912,293,26,4,27,54,19,108,4,0.71,High,6.6
IAM-005913,ORG-017,AST-05913,482,47,6,1,73,37,55,1,0.82,High,5.3
IAM-005914,ORG-025,AST-05914,167,14,8,14,61,6,186,1,0.74,Medium,5.2
IAM-005915,ORG-021,AST-05915,476,46,1,19,78,7,88,9,0.84,Medium,2.6
IAM-005916,ORG-024,AST-05916,328,21,7,24,46,21,120,17,0.82,High,9.3
IAM-005917,ORG-021,AST-05917,449,44,16,17,89,10,114,17,0.89,Medium,6.6
IAM-005918,ORG-015,AST-05918,30,2,1,2,48,2,51,1,0.95,High,7.1
IAM-005919,ORG-003,AST-05919,247,23,4,23,50,16,49,5,0.82,High,6.6
IAM-005920,ORG-020,AST-05920,7,1,0,0,64,1,198,26,0.96,High,7.8
IAM-005921,ORG-001,AST-05921,174,5,7,11,47,0,180,29,0.44,Low,7.7
IAM-005922,ORG-016,AST-05922,439,1,0,33,98,0,31,2,0.9,Low,0.4
IAM-005923,ORG-003,AST-05923,288,16,11,4,74,12,143,2,0.4,High,6.7
IAM-005924,ORG-022,AST-05924,358,5,9,15,59,2,41,7,0.47,Low,6.1
IAM-005925,ORG-014,AST-05925,145,5,2,9,49,0,160,7,0.7,Low,4.7
IAM-005926,ORG-005,AST-05926,144,4,1,5,57,4,187,1,0.54,High,6.1
IAM-005927,ORG-022,AST-05927,231,16,9,23,78,4,148,22,0.46,Medium,6.6
IAM-005928,ORG-003,AST-05928,91,2,0,3,69,2,174,13,0.35,High,6.2
IAM-005929,ORG-003,AST-05929,427,10,9,38,42,9,183,15,0.68,High,10
IAM-005930,ORG-018,AST-05930,364,6,3,23,66,4,112,2,0.33,High,5.1
IAM-005931,ORG-011,AST-05931,363,6,7,33,90,6,140,22,1.0,High,7.4
IAM-005932,ORG-011,AST-05932,414,5,18,10,39,1,195,10,0.54,Low,9.0
IAM-005933,ORG-020,AST-05933,328,11,8,0,85,4,84,13,0.72,Medium,5.2
IAM-005934,ORG-006,AST-05934,178,4,0,17,31,2,11,1,0.56,Low,6.3
IAM-005935,ORG-014,AST-05935,201,11,7,19,53,3,74,10,0.67,Medium,6.2
IAM-005936,ORG-012,AST-05936,343,7,15,33,84,3,90,13,0.59,Medium,6.2
IAM-005937,ORG-023,AST-05937,279,17,13,26,71,15,148,22,0.94,High,9.0
IAM-005938,ORG-021,AST-05938,222,10,0,16,91,3,190,13,0.49,Medium,2.4
IAM-005939,ORG-001,AST-05939,244,15,8,24,84,5,161,27,0.76,Medium,6.6
IAM-005940,ORG-022,AST-05940,494,12,15,8,40,0,1,1,0.36,Low,7.0
IAM-005941,ORG-024,AST-05941,80,4,3,7,71,1,106,12,0.34,Low,4.8
IAM-005942,ORG-011,AST-05942,474,20,18,35,40,15,60,6,0.57,High,10
IAM-005943,ORG-025,AST-05943,178,16,2,12,96,0,190,33,0.59,Low,4.2
IAM-005944,ORG-010,AST-05944,274,9,0,12,75,1,107,17,0.7,Low,3.6
IAM-005945,ORG-021,AST-05945,153,1,0,5,33,1,80,6,0.64,High,8.3
IAM-005946,ORG-006,AST-05946,194,12,5,8,80,3,28,3,0.42,Medium,3.9
IAM-005947,ORG-003,AST-05947,43,3,1,0,78,3,109,20,0.49,High,6.4
IAM-005948,ORG-002,AST-05948,441,25,9,10,63,2,38,4,0.49,Low,4.7
IAM-005949,ORG-019,AST-05949,322,18,12,0,86,9,157,5,0.54,Medium,5.2
IAM-005950,ORG-022,AST-05950,107,2,4,3,82,1,22,0,1.0,Low,3.9
IAM-005951,ORG-017,AST-05951,31,1,1,1,80,0,87,8,0.61,Low,2.6
IAM-005952,ORG-006,AST-05952,370,28,2,21,62,16,161,1,0.79,High,4.8
IAM-005953,ORG-002,AST-05953,381,6,9,36,33,3,141,8,0.67,Medium,8.5
IAM-005954,ORG-015,AST-05954,265,17,13,6,49,0,170,12,0.99,Low,7.2
IAM-005955,ORG-020,AST-05955,58,4,1,0,88,1,110,1,0.8,Low,1.5
IAM-005956,ORG-011,AST-05956,308,21,13,13,86,3,63,12,0.43,Medium,4.9
IAM-005957,ORG-015,AST-05957,432,43,9,34,37,20,23,1,0.52,Medium,7.4
IAM-005958,ORG-009,AST-05958,49,4,1,3,94,4,8,1,0.73,High,3.4
IAM-005959,ORG-020,AST-05959,102,5,2,0,33,5,190,29,0.4,High,10
IAM-005960,ORG-019,AST-05960,247,13,7,7,33,12,119,14,0.5,High,10
IAM-005961,ORG-008,AST-05961,465,45,12,18,48,32,76,1,0.49,High,8.1
IAM-005962,ORG-014,AST-05962,143,14,6,9,49,2,65,7,0.5,Low,5.4
IAM-005963,ORG-019,AST-05963,24,2,1,2,39,0,195,8,0.96,Low,5.0
IAM-005964,ORG-019,AST-05964,379,12,13,1,36,1,102,18,0.55,Low,9.0
IAM-005965,ORG-008,AST-05965,138,13,5,13,76,8,76,0,0.55,High,4.6
IAM-005966,ORG-015,AST-05966,400,30,0,31,95,2,31,1,0.74,Low,1.0
IAM-005967,ORG-007,AST-05967,444,17,13,7,36,0,175,30,0.93,Low,10
IAM-005968,ORG-024,AST-05968,45,3,2,4,41,3,47,2,0.64,High,7.5
IAM-005969,ORG-003,AST-05969,162,13,4,1,95,12,70,3,0.83,High,4.2
IAM-005970,ORG-024,AST-05970,357,24,11,11,88,22,42,6,0.39,High,6.8
IAM-005971,ORG-016,AST-05971,483,2,1,27,91,0,141,6,0.34,Low,1.1
IAM-005972,ORG-019,AST-05972,29,1,1,2,48,0,13,0,0.54,Low,4.1
IAM-005973,ORG-008,AST-05973,71,6,0,6,66,2,145,17,0.66,Low,4.7
IAM-005974,ORG-005,AST-05974,442,43,11,20,32,6,82,15,0.31,Medium,8.7
IAM-005975,ORG-015,AST-05975,259,22,9,15,100,15,34,3,0.54,High,4.2
IAM-005976,ORG-024,AST-05976,461,34,7,40,44,0,9,0,0.8,Low,5.5
IAM-005977,ORG-009,AST-05977,185,9,8,18,98,3,197,32,0.67,Medium,5.4
IAM-005978,ORG-002,AST-05978,70,3,0,2,37,0,200,3,0.68,Low,4.1
IAM-005979,ORG-024,AST-05979,234,3,4,19,47,2,35,6,0.97,High,7.4
IAM-005980,ORG-023,AST-05980,261,12,6,9,40,10,173,8,0.93,High,8.1
IAM-005981,ORG-015,AST-05981,26,2,0,2,75,0,3,0,0.79,Low,1.6
IAM-005982,ORG-003,AST-05982,170,10,1,17,31,8,49,5,0.36,High,7.4
IAM-005983,ORG-002,AST-05983,475,2,22,47,81,1,59,8,0.42,Low,7.9
IAM-005984,ORG-017,AST-05984,415,20,14,22,91,16,71,12,0.45,High,7.2
IAM-005985,ORG-019,AST-05985,452,30,18,2,35,6,174,21,0.73,Medium,10
IAM-005986,ORG-013,AST-05986,9,2,0,0,100,1,76,8,0.66,Low,2.5
IAM-005987,ORG-002,AST-05987,244,10,4,1,64,7,164,28,0.63,High,7.7
IAM-005988,ORG-019,AST-05988,333,33,13,6,92,27,76,10,0.83,High,6.9
IAM-005989,ORG-003,AST-05989,361,16,12,0,56,1,97,6,0.45,Low,6.3
IAM-005990,ORG-001,AST-05990,138,1,4,3,55,1,69,12,0.38,High,8.4
IAM-005991,ORG-012,AST-05991,452,26,9,41,94,9,76,11,0.56,Medium,4.5
IAM-005992,ORG-012,AST-05992,154,1,2,4,75,0,87,7,0.59,Low,3.1
IAM-005993,ORG-008,AST-05993,435,40,17,3,38,14,38,2,0.81,Medium,8.6
IAM-005994,ORG-025,AST-05994,33,1,0,1,56,1,198,3,0.46,High,5.8
IAM-005995,ORG-006,AST-05995,52,4,2,5,69,1,131,2,0.96,Low,3.0
IAM-005996,ORG-012,AST-05996,345,26,17,27,67,24,125,12,0.92,High,9.9
IAM-005997,ORG-017,AST-05997,200,20,0,1,50,15,134,15,0.85,High,7.5
IAM-005998,ORG-014,AST-05998,90,8,1,6,92,6,183,30,0.91,High,6.2
IAM-005999,ORG-006,AST-05999,24,1,1,0,37,1,192,25,0.92,High,10
IAM-006000,ORG-019,AST-06000,208,11,2,18,79,10,115,13,0.76,High,5.9
IAM-006001,ORG-009,AST-06001,77,2,2,0,80,2,84,14,0.38,High,5.8
IAM-006002,ORG-014,AST-06002,450,22,16,10,32,3,200,29,0.48,Medium,10
IAM-006003,ORG-024,AST-06003,319,11,1,19,64,6,22,0,0.97,High,4.5
IAM-006004,ORG-002,AST-06004,329,15,9,3,60,13,99,15,0.35,High,8.1
IAM-006005,ORG-021,AST-06005,370,16,9,1,30,1,40,1,0.56,Low,6.8
IAM-006006,ORG-021,AST-06006,468,8,6,37,32,4,38,5,0.82,Medium,7.8
IAM-006007,ORG-001,AST-06007,487,3,17,20,51,2,170,8,0.4,High,9.4
IAM-006008,ORG-005,AST-06008,247,17,8,5,82,17,14,2,0.69,High,5.7
IAM-006009,ORG-025,AST-06009,270,27,8,22,88,14,43,5,0.98,High,4.7
IAM-006010,ORG-008,AST-06010,444,15,14,11,67,3,58,5,0.42,Medium,5.6
IAM-006011,ORG-013,AST-06011,374,8,11,14,34,3,118,19,0.53,Medium,9.6
IAM-006012,ORG-011,AST-06012,438,39,13,20,62,6,31,3,0.68,Medium,5.5
IAM-006013,ORG-022,AST-06013,381,16,12,2,50,6,122,23,0.47,Medium,8.7
IAM-006014,ORG-001,AST-06014,291,4,2,26,41,4,138,5,0.91,High,8.1
IAM-006015,ORG-023,AST-06015,95,4,0,7,88,2,98,7,0.34,Low,2.6
IAM-006016,ORG-007,AST-06016,339,32,14,2,31,21,140,20,0.73,High,10
IAM-006017,ORG-009,AST-06017,201,2,8,2,59,2,133,17,0.86,High,9.5
IAM-006018,ORG-024,AST-06018,20,1,1,2,54,0,39,0,0.52,Low,3.6
IAM-006019,ORG-008,AST-06019,105,4,5,8,42,2,182,23,0.87,Low,9.1
IAM-006020,ORG-002,AST-06020,443,38,21,26,39,11,61,1,0.89,Medium,9.3
IAM-006021,ORG-009,AST-06021,298,16,14,15,73,15,94,13,0.82,High,9.1
IAM-006022,ORG-001,AST-06022,333,30,1,24,46,1,15,3,0.79,Low,4.6
IAM-006023,ORG-006,AST-06023,26,2,0,0,37,2,191,10,0.91,High,8.1
IAM-006024,ORG-021,AST-06024,160,11,5,7,54,2,72,0,0.68,Low,4.7
IAM-006025,ORG-009,AST-06025,39,3,0,3,78,0,32,1,0.66,Low,1.9
IAM-006026,ORG-003,AST-06026,438,11,4,36,30,0,49,4,0.94,Low,5.6
IAM-006027,ORG-004,AST-06027,417,27,14,38,74,21,196,10,0.84,High,8.2
IAM-006028,ORG-021,AST-06028,435,17,8,36,77,15,39,6,0.99,High,6.1
IAM-006029,ORG-011,AST-06029,66,1,0,1,43,0,115,9,0.9,Low,4.5
IAM-006030,ORG-012,AST-06030,47,1,0,4,68,0,186,27,0.57,Low,4.3
IAM-006031,ORG-010,AST-06031,63,5,3,1,50,1,53,5,0.79,Low,4.8
IAM-006032,ORG-009,AST-06032,146,3,6,3,94,2,18,2,0.3,High,3.7
IAM-006033,ORG-015,AST-06033,153,15,5,12,83,10,66,1,0.61,High,3.8
IAM-006034,ORG-011,AST-06034,380,30,6,28,36,17,101,9,0.65,High,8.3
IAM-006035,ORG-009,AST-06035,358,17,13,1,99,14,37,7,0.72,High,5.8
IAM-006036,ORG-012,AST-06036,167,2,0,0,73,2,40,6,0.44,High,5.8
IAM-006037,ORG-016,AST-06037,251,12,7,1,51,3,66,2,0.75,Medium,5.9
IAM-006038,ORG-009,AST-06038,289,3,4,28,81,3,166,33,0.82,High,7.9
IAM-006039,ORG-015,AST-06039,95,1,4,7,52,0,137,27,0.47,Low,6.5
IAM-006040,ORG-010,AST-06040,473,4,14,30,57,3,117,3,0.82,High,8.6
IAM-006041,ORG-002,AST-06041,77,1,3,6,100,1,24,1,0.34,High,3.6
IAM-006042,ORG-004,AST-06042,46,2,0,0,65,0,94,5,0.88,Low,2.6
IAM-006043,ORG-020,AST-06043,153,15,4,6,39,8,173,1,0.76,High,6.2
IAM-006044,ORG-022,AST-06044,182,14,0,5,79,6,26,0,0.33,Medium,3.1
IAM-006045,ORG-009,AST-06045,17,2,0,1,60,2,6,0,0.95,High,5.9
IAM-006046,ORG-017,AST-06046,291,4,7,20,45,1,32,3,0.81,Low,6.6
IAM-006047,ORG-007,AST-06047,425,9,11,29,33,7,170,12,0.9,High,10
IAM-006048,ORG-018,AST-06048,182,8,0,13,43,5,94,4,0.98,High,6.4
IAM-006049,ORG-013,AST-06049,250,24,9,23,60,11,40,8,0.59,Medium,7.0
IAM-006050,ORG-005,AST-06050,168,1,5,5,76,1,3,0,0.95,High,5.2
IAM-006051,ORG-014,AST-06051,369,25,12,13,90,7,62,11,0.56,Medium,5.2
IAM-006052,ORG-009,AST-06052,226,8,9,17,93,6,127,19,0.64,High,6.8
IAM-006053,ORG-008,AST-06053,337,27,16,1,98,16,89,16,0.8,High,6.3
IAM-006054,ORG-015,AST-06054,122,8,1,8,93,4,29,5,0.43,Medium,2.6
IAM-006055,ORG-002,AST-06055,376,30,6,15,75,21,142,21,0.66,High,7.3
IAM-006056,ORG-010,AST-06056,357,22,17,5,41,15,146,23,0.38,High,10
IAM-006057,ORG-012,AST-06057,244,5,2,22,86,5,168,21,0.71,High,6.3
IAM-006058,ORG-022,AST-06058,209,13,10,5,37,5,53,10,0.31,Medium,8.1
IAM-006059,ORG-023,AST-06059,499,43,2,40,53,2,54,2,0.44,Low,4.3
IAM-006060,ORG-008,AST-06060,351,24,2,15,76,12,184,8,0.72,Medium,4.3
IAM-006061,ORG-003,AST-06061,245,20,8,10,86,18,151,14,0.46,High,6.9
IAM-006062,ORG-025,AST-06062,152,6,3,9,50,5,51,8,0.45,High,6.7
IAM-006063,ORG-002,AST-06063,305,11,10,7,96,2,101,0,0.58,Low,2.5
IAM-006064,ORG-007,AST-06064,112,5,0,0,88,4,123,2,0.43,High,3.4
IAM-006065,ORG-010,AST-06065,389,38,19,25,86,3,42,0,0.59,Medium,4.8
IAM-006066,ORG-023,AST-06066,103,5,2,3,70,4,183,3,0.99,High,4.6
IAM-006067,ORG-022,AST-06067,210,19,4,9,55,0,64,5,0.36,Low,4.1
IAM-006068,ORG-012,AST-06068,30,1,0,2,46,0,139,26,0.63,Low,6.4
IAM-006069,ORG-008,AST-06069,159,13,2,2,88,0,146,27,0.72,Low,3.5
IAM-006070,ORG-012,AST-06070,155,4,6,3,36,4,192,21,0.34,High,10
IAM-006071,ORG-024,AST-06071,373,31,4,34,81,1,161,2,0.42,Low,2.8
IAM-006072,ORG-014,AST-06072,466,43,5,14,96,5,147,2,0.7,Medium,1.9
IAM-006073,ORG-002,AST-06073,118,7,1,2,83,5,146,20,0.59,High,5.6
IAM-006074,ORG-001,AST-06074,347,16,12,28,70,6,54,10,0.72,Medium,6.9
IAM-006075,ORG-009,AST-06075,213,19,6,16,95,2,14,1,0.51,Low,1.6
IAM-006076,ORG-002,AST-06076,475,24,0,6,59,12,87,16,0.62,Medium,5.8
IAM-006077,ORG-017,AST-06077,437,9,14,33,51,2,101,6,0.87,Low,7.2
IAM-006078,ORG-005,AST-06078,263,23,1,1,51,0,48,4,0.54,Low,3.7
IAM-006079,ORG-018,AST-06079,388,25,2,25,50,1,37,4,0.76,Low,3.8
IAM-006080,ORG-013,AST-06080,263,12,11,18,48,2,94,15,0.74,Low,7.8
IAM-006081,ORG-014,AST-06081,351,33,1,8,78,27,133,1,0.67,High,4.5
IAM-006082,ORG-009,AST-06082,236,19,4,7,44,9,68,0,0.73,Medium,5.7
IAM-006083,ORG-004,AST-06083,10,2,0,0,51,2,193,6,0.38,High,6.9
IAM-006084,ORG-018,AST-06084,225,7,9,15,72,7,175,26,0.83,High,9.0
IAM-006085,ORG-021,AST-06085,277,21,12,26,49,12,85,2,0.32,High,8.2
IAM-006086,ORG-005,AST-06086,302,29,0,6,63,28,50,5,0.91,High,6.3
IAM-006087,ORG-013,AST-06087,92,7,3,4,33,1,125,25,0.44,Low,8.2
IAM-006088,ORG-009,AST-06088,345,19,9,29,78,13,101,2,0.38,High,5.4
IAM-006089,ORG-005,AST-06089,355,30,10,35,51,17,6,0,0.55,High,6.5
IAM-006090,ORG-017,AST-06090,337,12,7,5,75,4,80,12,0.71,Medium,5.4
IAM-006091,ORG-011,AST-06091,74,2,0,1,49,1,80,7,0.63,Low,5.7
IAM-006092,ORG-024,AST-06092,392,37,5,17,39,10,98,2,0.33,Medium,6.4
IAM-006093,ORG-019,AST-06093,218,7,9,14,95,7,186,24,0.74,High,7.3
IAM-006094,ORG-002,AST-06094,100,9,1,3,51,0,93,6,0.32,Low,3.8
IAM-006095,ORG-014,AST-06095,270,16,3,25,97,15,134,23,0.49,High,6.1
IAM-006096,ORG-007,AST-06096,401,9,5,14,41,6,129,9,0.64,High,8.0
IAM-006097,ORG-015,AST-06097,63,5,1,3,79,1,37,7,0.54,Low,2.8
IAM-006098,ORG-019,AST-06098,82,6,0,0,38,6,135,3,0.37,High,7.5
IAM-006099,ORG-025,AST-06099,97,7,1,5,82,5,94,8,0.57,High,4.1
IAM-006100,ORG-023,AST-06100,446,40,7,32,31,12,161,16,0.66,Medium,8.0
IAM-006101,ORG-014,AST-06101,9,1,0,0,100,1,150,14,0.42,High,4.3
IAM-006102,ORG-003,AST-06102,186,6,1,4,95,3,109,2,0.42,Medium,2.5
IAM-006103,ORG-015,AST-06103,388,19,6,7,60,7,39,5,0.69,Medium,5.2
IAM-006104,ORG-010,AST-06104,106,8,1,8,87,6,144,18,0.81,High,5.0
IAM-006105,ORG-021,AST-06105,86,8,1,3,59,7,23,2,0.58,High,5.7
IAM-006106,ORG-021,AST-06106,278,20,7,22,40,8,36,3,0.67,Medium,6.9
IAM-006107,ORG-016,AST-06107,184,17,2,13,94,1,62,0,0.57,Low,1.3
IAM-006108,ORG-025,AST-06108,384,35,12,3,71,30,61,12,0.39,High,8.2
IAM-006109,ORG-007,AST-06109,250,14,0,23,48,9,193,6,0.32,High,6.3
IAM-006110,ORG-007,AST-06110,270,2,11,11,87,0,73,2,0.87,Low,3.4
IAM-006111,ORG-013,AST-06111,262,24,11,24,32,20,108,15,0.93,High,10
IAM-006112,ORG-004,AST-06112,367,9,1,30,34,9,52,4,0.61,High,7.7
IAM-006113,ORG-025,AST-06113,324,13,5,2,99,4,140,20,0.5,Medium,4.0
IAM-006114,ORG-012,AST-06114,21,2,0,2,59,0,177,27,0.77,Low,5.3
IAM-006115,ORG-012,AST-06115,477,28,3,14,56,9,185,32,0.5,Medium,8.0
IAM-006116,ORG-002,AST-06116,341,12,13,29,72,9,160,11,0.32,High,7.9
IAM-006117,ORG-009,AST-06117,221,3,8,11,90,1,50,2,0.68,Low,3.1
IAM-006118,ORG-005,AST-06118,364,25,4,32,31,8,25,2,0.76,Medium,6.9
IAM-006119,ORG-008,AST-06119,255,19,10,5,44,8,196,8,0.98,Medium,7.4
IAM-006120,ORG-017,AST-06120,435,41,7,5,59,4,69,10,0.82,Medium,5.5
IAM-006121,ORG-011,AST-06121,116,7,0,2,69,1,59,8,0.83,Low,3.7
IAM-006122,ORG-004,AST-06122,389,34,3,37,72,7,70,6,0.7,Medium,3.6
IAM-006123,ORG-024,AST-06123,378,24,18,8,70,12,104,2,0.8,Medium,7.1
IAM-006124,ORG-007,AST-06124,226,5,6,21,74,1,123,0,0.41,Low,3.1
IAM-006125,ORG-010,AST-06125,83,3,1,3,86,0,193,37,0.58,Low,5.2
IAM-006126,ORG-003,AST-06126,335,15,10,24,76,3,125,1,0.81,Medium,4.3
IAM-006127,ORG-001,AST-06127,161,6,4,14,60,1,92,13,0.41,Low,4.8
IAM-006128,ORG-008,AST-06128,253,10,12,0,50,9,147,10,0.84,High,9.3
IAM-006129,ORG-016,AST-06129,199,16,9,5,60,12,174,2,0.33,High,6.6
IAM-006130,ORG-002,AST-06130,347,28,9,4,32,11,78,9,0.55,Medium,8.8
IAM-006131,ORG-016,AST-06131,400,35,9,24,64,32,70,14,0.32,High,8.4
IAM-006132,ORG-018,AST-06132,225,9,10,6,30,1,61,2,0.76,Low,7.7
IAM-006133,ORG-023,AST-06133,470,7,21,30,60,6,185,11,0.58,High,10
IAM-006134,ORG-023,AST-06134,7,2,0,0,82,1,2,1,0.71,Low,2.5
IAM-006135,ORG-007,AST-06135,386,37,4,6,93,27,7,1,0.61,High,3.2
IAM-006136,ORG-017,AST-06136,211,8,2,2,38,3,91,7,0.79,Medium,6.6
IAM-006137,ORG-012,AST-06137,155,7,7,8,73,3,171,31,0.92,Medium,7.7
IAM-006138,ORG-024,AST-06138,187,10,8,10,65,3,111,22,0.88,Medium,6.9
IAM-006139,ORG-006,AST-06139,423,5,10,34,57,5,76,7,0.89,High,8.4
IAM-006140,ORG-011,AST-06140,494,26,24,42,41,10,151,18,0.44,Medium,10
IAM-006141,ORG-022,AST-06141,359,11,10,20,58,9,191,28,0.79,High,10.0
IAM-006142,ORG-019,AST-06142,459,18,9,32,73,14,96,7,0.79,High,6.8
IAM-006143,ORG-010,AST-06143,423,38,2,36,55,23,48,4,0.62,High,5.9
IAM-006144,ORG-008,AST-06144,252,19,2,7,87,5,105,19,0.79,Medium,4.1
IAM-006145,ORG-016,AST-06145,148,14,6,3,39,2,163,5,0.31,Low,6.4
IAM-006146,ORG-013,AST-06146,391,25,19,4,43,22,194,28,0.94,High,10
IAM-006147,ORG-009,AST-06147,142,8,7,7,45,6,168,15,0.36,High,8.5
IAM-006148,ORG-008,AST-06148,190,9,3,1,48,5,24,3,0.82,High,6.3
IAM-006149,ORG-018,AST-06149,219,4,7,2,54,4,189,0,0.61,High,7.1
IAM-006150,ORG-013,AST-06150,444,44,20,5,82,8,148,4,0.4,Medium,5.9
IAM-006151,ORG-007,AST-06151,435,25,16,3,94,22,81,14,0.33,High,7.9
IAM-006152,ORG-002,AST-06152,88,5,2,2,85,3,127,14,0.63,High,4.2
IAM-006153,ORG-017,AST-06153,47,1,0,4,30,1,76,6,0.36,High,8.7
IAM-006154,ORG-006,AST-06154,356,21,16,3,69,2,117,15,0.76,Low,7.5
IAM-006155,ORG-003,AST-06155,67,1,1,2,63,0,187,9,0.83,Low,4.0
IAM-006156,ORG-002,AST-06156,173,10,4,2,68,6,42,2,0.38,High,4.6
IAM-006157,ORG-001,AST-06157,177,6,4,1,70,4,87,6,0.82,High,5.2
IAM-006158,ORG-021,AST-06158,185,3,4,14,92,1,67,3,0.9,Low,2.5
IAM-006159,ORG-024,AST-06159,238,12,7,15,88,5,63,9,0.89,Medium,4.2
IAM-006160,ORG-013,AST-06160,378,29,7,21,30,12,171,9,0.89,Medium,8.3
IAM-006161,ORG-002,AST-06161,296,20,10,18,82,19,163,3,0.73,High,6.0
IAM-006162,ORG-025,AST-06162,122,2,1,5,71,0,193,37,0.78,Low,6.1
IAM-006163,ORG-025,AST-06163,147,7,3,4,50,2,39,5,0.35,Low,5.3
IAM-006164,ORG-023,AST-06164,241,12,2,19,37,8,110,17,0.53,High,8.5
IAM-006165,ORG-002,AST-06165,496,8,7,7,30,3,96,15,0.34,Medium,8.3
IAM-006166,ORG-009,AST-06166,5,2,0,0,32,2,25,2,0.61,High,7.8
IAM-006167,ORG-022,AST-06167,217,1,8,0,78,0,57,6,0.86,Low,3.3
IAM-006168,ORG-023,AST-06168,37,2,1,2,45,1,192,38,0.53,Low,9.6
IAM-006169,ORG-020,AST-06169,229,15,7,20,74,2,160,0,0.89,Low,3.2
IAM-006170,ORG-015,AST-06170,20,1,1,0,78,1,66,2,0.38,High,4.6
IAM-006171,ORG-021,AST-06171,477,36,14,29,72,22,61,8,0.41,High,7.1
IAM-006172,ORG-010,AST-06172,364,21,17,19,71,3,42,1,1.0,Medium,6.1
IAM-006173,ORG-020,AST-06173,146,13,6,7,100,6,124,5,0.79,Medium,2.8
IAM-006174,ORG-024,AST-06174,111,10,0,5,86,4,78,15,0.92,Medium,3.6
IAM-006175,ORG-023,AST-06175,329,32,9,26,41,24,94,8,0.87,High,8.6
IAM-006176,ORG-018,AST-06176,124,1,6,6,83,0,48,1,0.5,Low,2.7
IAM-006177,ORG-007,AST-06177,234,21,3,1,74,9,36,7,0.41,Medium,4.1
IAM-006178,ORG-023,AST-06178,86,5,0,0,97,5,193,10,0.68,High,4.3
IAM-006179,ORG-004,AST-06179,333,10,2,19,95,9,4,0,0.39,High,3.7
IAM-006180,ORG-004,AST-06180,79,7,3,3,31,3,63,3,0.53,Medium,6.6
IAM-006181,ORG-021,AST-06181,33,3,0,2,98,1,13,0,0.83,Low,0.9
IAM-006182,ORG-009,AST-06182,200,1,0,1,60,1,91,18,0.67,High,7.9
IAM-006183,ORG-023,AST-06183,146,7,4,5,64,4,180,25,0.95,High,7.5
IAM-006184,ORG-015,AST-06184,286,9,6,1,59,8,13,0,0.52,High,6.8
IAM-006185,ORG-005,AST-06185,207,6,10,4,62,3,180,14,0.73,Medium,7.6
IAM-006186,ORG-006,AST-06186,74,2,2,1,69,2,138,25,0.47,High,7.5
IAM-006187,ORG-008,AST-06187,305,1,0,19,91,0,193,21,0.96,Low,2.2
IAM-006188,ORG-003,AST-06188,59,2,1,1,70,2,113,7,0.73,High,6.3
IAM-006189,ORG-005,AST-06189,128,11,5,5,43,7,88,15,0.83,High,8.0
IAM-006190,ORG-013,AST-06190,186,15,9,0,30,3,148,16,0.58,Medium,9.1
IAM-006191,ORG-019,AST-06191,218,6,8,15,65,3,154,14,0.9,Medium,6.9
IAM-006192,ORG-019,AST-06192,149,8,6,1,90,4,47,3,0.46,Medium,4.1
IAM-006193,ORG-016,AST-06193,208,20,1,11,39,1,28,3,0.74,Low,4.7
IAM-006194,ORG-005,AST-06194,421,42,18,27,99,23,89,14,0.87,High,6.8
IAM-006195,ORG-025,AST-06195,329,16,2,9,91,13,155,10,0.67,High,4.8
IAM-006196,ORG-023,AST-06196,331,7,12,1,60,3,103,3,0.64,Medium,6.7
IAM-006197,ORG-024,AST-06197,279,15,6,27,76,1,102,5,0.68,Low,3.9
IAM-006198,ORG-021,AST-06198,383,37,8,13,85,34,4,0,0.42,High,5.0
IAM-006199,ORG-001,AST-06199,319,18,13,28,63,17,119,19,0.8,High,9.4
IAM-006200,ORG-016,AST-06200,115,11,4,5,34,3,42,5,0.87,Medium,6.3
IAM-006201,ORG-011,AST-06201,172,5,2,16,49,2,146,2,0.89,Low,4.8
IAM-006202,ORG-024,AST-06202,178,11,0,14,62,3,163,13,0.91,Medium,4.8
IAM-006203,ORG-004,AST-06203,368,11,12,12,75,9,152,20,0.64,High,8.3
IAM-006204,ORG-005,AST-06204,422,19,4,31,87,7,34,5,0.38,Medium,2.8
IAM-006205,ORG-025,AST-06205,42,4,0,3,87,3,95,1,0.82,High,3.0
IAM-006206,ORG-006,AST-06206,442,43,12,1,62,24,138,19,0.62,High,8.6
IAM-006207,ORG-002,AST-06207,237,19,5,20,82,8,6,1,0.37,Medium,3.3
IAM-006208,ORG-017,AST-06208,51,1,1,3,68,0,98,5,0.41,Low,3.3
IAM-006209,ORG-007,AST-06209,190,4,4,17,89,1,19,2,0.55,Low,2.4
IAM-006210,ORG-010,AST-06210,170,6,3,4,48,3,111,8,0.59,Medium,6.7
IAM-006211,ORG-006,AST-06211,499,22,20,30,80,15,136,27,0.67,High,10
IAM-006212,ORG-008,AST-06212,128,7,4,4,44,7,100,8,0.97,High,8.0
IAM-006213,ORG-022,AST-06213,253,12,2,12,38,6,171,23,0.72,Medium,8.2
IAM-006214,ORG-008,AST-06214,470,46,3,33,75,4,77,9,0.88,Medium,3.4
IAM-006215,ORG-016,AST-06215,398,27,5,36,56,25,25,5,0.58,High,6.8
IAM-006216,ORG-010,AST-06216,173,16,2,10,85,7,187,17,0.5,Medium,4.4
IAM-006217,ORG-002,AST-06217,103,8,3,1,91,1,162,23,0.9,Low,4.3
IAM-006218,ORG-007,AST-06218,84,1,1,7,39,0,86,13,0.8,Low,5.3
IAM-006219,ORG-022,AST-06219,149,6,5,12,90,1,78,12,0.63,Low,3.8
IAM-006220,ORG-018,AST-06220,212,17,1,2,36,1,88,17,0.32,Low,6.6
IAM-006221,ORG-007,AST-06221,183,8,6,14,95,0,22,1,0.77,Low,2.1
IAM-006222,ORG-019,AST-06222,303,28,13,24,52,18,18,1,0.78,High,8.0
IAM-006223,ORG-010,AST-06223,247,13,11,13,98,1,0,1,0.71,Low,3.0
IAM-006224,ORG-018,AST-06224,259,9,8,12,34,5,87,15,0.79,High,8.9
IAM-006225,ORG-012,AST-06225,70,2,1,4,53,1,33,0,0.49,Low,4.4
IAM-006226,ORG-013,AST-06226,343,25,14,3,33,13,128,1,0.42,High,8.6
IAM-006227,ORG-005,AST-06227,156,11,4,11,64,0,179,3,0.89,Low,3.9
IAM-006228,ORG-005,AST-06228,254,22,11,4,39,10,109,18,0.43,Medium,9.6
IAM-006229,ORG-004,AST-06229,7,2,0,0,32,0,31,1,0.62,Low,4.9
IAM-006230,ORG-024,AST-06230,132,11,2,1,94,2,92,1,0.53,Low,1.1
IAM-006231,ORG-001,AST-06231,246,22,3,7,38,10,86,2,0.44,Medium,6.1
IAM-006232,ORG-024,AST-06232,467,41,18,38,40,37,54,1,0.54,High,10
IAM-006233,ORG-020,AST-06233,304,10,13,18,82,5,18,1,0.92,Medium,5.3
IAM-006234,ORG-002,AST-06234,7,2,0,0,66,1,95,0,0.84,Low,4.2
IAM-006235,ORG-023,AST-06235,113,3,0,7,82,1,143,1,0.89,Low,2.0
IAM-006236,ORG-019,AST-06236,99,7,0,3,79,0,17,2,0.95,Low,1.5
IAM-006237,ORG-020,AST-06237,412,18,2,35,97,13,104,1,0.41,High,3.2
IAM-006238,ORG-004,AST-06238,468,42,20,36,56,12,93,12,0.67,Medium,9.2
IAM-006239,ORG-007,AST-06239,454,21,2,2,35,5,37,2,0.8,Medium,6.0
IAM-006240,ORG-005,AST-06240,262,15,3,8,100,1,50,0,0.53,Low,1.3
IAM-006241,ORG-010,AST-06241,425,5,4,11,78,2,84,2,0.47,Low,3.3
IAM-006242,ORG-003,AST-06242,55,1,2,1,78,0,96,2,0.39,Low,1.9
IAM-006243,ORG-013,AST-06243,48,2,1,3,89,2,184,0,0.69,High,4.4
IAM-006244,ORG-025,AST-06244,260,26,3,8,100,24,120,8,0.52,High,3.8
IAM-006245,ORG-016,AST-06245,157,8,0,11,83,2,2,1,0.57,Low,1.8
IAM-006246,ORG-006,AST-06246,69,5,0,2,46,0,61,2,0.43,Low,3.8
IAM-006247,ORG-009,AST-06247,131,3,1,0,63,1,93,17,0.83,Low,4.9
IAM-006248,ORG-019,AST-06248,121,2,6,0,62,0,19,1,0.5,Low,3.8
IAM-006249,ORG-004,AST-06249,237,6,2,11,68,5,161,0,0.34,High,5.2
IAM-006250,ORG-003,AST-06250,254,20,10,25,80,18,8,1,0.5,High,6.3
IAM-006251,ORG-018,AST-06251,313,8,6,24,38,1,184,19,0.5,Low,7.1
IAM-006252,ORG-019,AST-06252,283,7,9,20,41,6,9,1,0.62,High,8.0
IAM-006253,ORG-005,AST-06253,26,1,0,2,98,1,96,5,0.99,High,3.8
IAM-006254,ORG-011,AST-06254,396,33,1,12,93,24,178,5,0.61,High,3.3
IAM-006255,ORG-002,AST-06255,43,4,2,0,30,2,84,4,0.73,Low,7.4
IAM-006256,ORG-019,AST-06256,478,18,16,30,100,8,78,3,0.83,Medium,5.1
IAM-006257,ORG-002,AST-06257,412,38,16,38,73,34,160,2,0.95,High,7.6
IAM-006258,ORG-011,AST-06258,113,7,0,1,96,0,2,0,0.66,Low,0.2
IAM-006259,ORG-011,AST-06259,95,6,3,4,54,6,79,12,0.78,High,7.4
IAM-006260,ORG-009,AST-06260,478,23,11,1,82,11,147,7,0.96,Medium,6.0
IAM-006261,ORG-003,AST-06261,205,4,2,2,53,0,170,13,0.5,Low,4.5
IAM-006262,ORG-025,AST-06262,368,15,5,24,96,2,177,29,0.54,Low,4.3
IAM-006263,ORG-013,AST-06263,303,23,4,29,80,7,134,17,0.94,Medium,4.6
IAM-006264,ORG-007,AST-06264,440,8,19,30,49,8,33,6,0.4,High,10
IAM-006265,ORG-001,AST-06265,220,8,1,6,78,0,112,18,0.58,Low,3.0
IAM-006266,ORG-018,AST-06266,36,2,0,0,55,1,19,1,0.35,Low,4.4
IAM-006267,ORG-007,AST-06267,204,17,9,4,77,14,30,2,0.7,High,6.3
IAM-006268,ORG-010,AST-06268,237,1,7,18,46,0,113,2,0.55,Low,5.3
IAM-006269,ORG-002,AST-06269,236,4,5,11,74,4,29,3,0.56,High,6.0
IAM-006270,ORG-024,AST-06270,196,1,6,0,30,0,171,14,0.88,Low,7.7
IAM-006271,ORG-014,AST-06271,418,17,2,5,52,8,71,2,0.36,Medium,5.2
IAM-006272,ORG-019,AST-06272,367,11,10,4,70,7,25,0,0.47,High,6.1
IAM-006273,ORG-014,AST-06273,458,22,0,4,37,11,184,11,0.86,Medium,7.2
IAM-006274,ORG-016,AST-06274,383,25,8,35,70,12,128,15,0.61,Medium,6.8
IAM-006275,ORG-023,AST-06275,19,2,0,1,34,1,52,0,0.44,Low,6.2
IAM-006276,ORG-011,AST-06276,186,16,4,10,41,1,198,18,0.39,Low,7.0
IAM-006277,ORG-018,AST-06277,330,14,9,9,31,14,44,1,0.92,High,9.6
IAM-006278,ORG-004,AST-06278,283,2,5,7,40,2,177,17,0.46,High,9.4
IAM-006279,ORG-013,AST-06279,487,28,16,36,55,7,181,17,0.8,Medium,9.0
IAM-006280,ORG-019,AST-06280,288,6,14,7,53,3,71,10,0.56,Medium,8.4
IAM-006281,ORG-009,AST-06281,300,22,10,14,31,5,14,1,0.74,Medium,6.9
IAM-006282,ORG-024,AST-06282,71,3,2,1,98,0,31,0,0.48,Low,0.8
IAM-006283,ORG-005,AST-06283,199,9,7,6,79,7,117,7,0.99,High,5.7
IAM-006284,ORG-004,AST-06284,61,1,3,4,41,1,164,16,0.3,High,8.8
IAM-006285,ORG-019,AST-06285,347,29,14,10,64,3,150,25,0.99,Medium,8.5
IAM-006286,ORG-015,AST-06286,326,30,16,23,94,22,101,4,0.66,High,5.9
IAM-006287,ORG-003,AST-06287,300,4,12,13,89,2,54,10,0.66,Low,5.6
IAM-006288,ORG-020,AST-06288,96,7,4,5,97,4,142,19,0.72,High,4.4
IAM-006289,ORG-011,AST-06289,229,7,3,18,33,1,153,21,0.38,Low,7.9
IAM-006290,ORG-013,AST-06290,201,5,6,2,74,4,191,4,0.89,High,5.7
IAM-006291,ORG-021,AST-06291,102,1,0,6,84,0,165,19,0.73,Low,2.7
IAM-006292,ORG-021,AST-06292,336,21,5,9,52,5,40,3,0.32,Medium,5.6
IAM-006293,ORG-014,AST-06293,176,9,2,1,41,8,14,1,0.38,High,6.8
IAM-006294,ORG-004,AST-06294,447,36,7,31,77,13,146,16,0.79,Medium,5.8
IAM-006295,ORG-007,AST-06295,214,21,2,14,32,1,4,0,0.85,Low,4.7
IAM-006296,ORG-007,AST-06296,374,8,12,29,94,2,191,36,0.33,Low,7.6
IAM-006297,ORG-002,AST-06297,37,2,0,0,54,0,77,0,0.58,Low,3.0
IAM-006298,ORG-014,AST-06298,143,10,6,6,39,0,109,10,0.96,Low,6.2
IAM-006299,ORG-020,AST-06299,112,11,4,2,34,11,119,1,0.82,High,8.1
IAM-006300,ORG-018,AST-06300,311,26,1,29,67,20,124,5,0.84,High,5.6
IAM-006301,ORG-015,AST-06301,183,13,3,10,74,3,150,5,0.86,Medium,3.6
IAM-006302,ORG-017,AST-06302,75,5,3,6,57,0,195,30,0.63,Low,6.5
IAM-006303,ORG-014,AST-06303,393,11,1,9,34,6,25,5,0.76,High,7.0
IAM-006304,ORG-007,AST-06304,371,7,17,34,88,6,123,12,0.38,High,7.9
IAM-006305,ORG-019,AST-06305,200,3,6,18,57,2,148,28,0.49,High,8.9
IAM-006306,ORG-008,AST-06306,24,1,0,1,42,0,5,0,0.6,Low,3.6
IAM-006307,ORG-013,AST-06307,218,11,8,20,72,8,57,6,0.61,High,6.4
IAM-006308,ORG-003,AST-06308,469,14,4,45,75,6,12,1,0.83,Medium,4.2
IAM-006309,ORG-017,AST-06309,164,11,3,16,54,4,186,24,0.51,Medium,7.4
IAM-006310,ORG-002,AST-06310,18,1,0,0,38,1,75,9,0.63,High,8.4
IAM-006311,ORG-009,AST-06311,24,2,1,2,62,1,27,4,0.47,Low,4.5
IAM-006312,ORG-007,AST-06312,112,11,4,5,59,9,127,0,0.55,High,6.1
IAM-006313,ORG-025,AST-06313,189,6,9,8,60,5,125,8,0.76,High,7.9
IAM-006314,ORG-024,AST-06314,395,30,15,1,100,17,193,18,0.79,High,6.4
IAM-006315,ORG-022,AST-06315,152,1,6,11,96,1,32,1,0.75,High,4.4
IAM-006316,ORG-016,AST-06316,423,20,19,10,71,1,197,23,0.98,Low,7.7
IAM-006317,ORG-001,AST-06317,132,12,5,1,97,9,152,5,0.41,High,4.2
IAM-006318,ORG-003,AST-06318,500,30,7,14,65,17,145,8,0.92,High,6.6
IAM-006319,ORG-019,AST-06319,181,15,2,10,34,4,111,1,0.48,Medium,6.0
IAM-006320,ORG-017,AST-06320,236,2,7,22,77,2,20,0,0.4,High,5.9
IAM-006321,ORG-020,AST-06321,11,2,0,1,56,0,174,14,0.81,Low,4.3
IAM-006322,ORG-010,AST-06322,125,5,2,7,57,2,114,5,0.45,Low,5.3
IAM-006323,ORG-023,AST-06323,293,28,7,28,45,9,82,11,0.93,Medium,7.0
IAM-006324,ORG-008,AST-06324,176,7,1,4,69,7,75,2,0.69,High,5.7
IAM-006325,ORG-024,AST-06325,478,20,15,2,93,19,72,4,0.72,High,6.4
IAM-006326,ORG-009,AST-06326,247,13,7,3,48,1,145,18,0.76,Low,6.7
IAM-006327,ORG-020,AST-06327,410,32,0,29,92,30,64,3,0.81,High,3.3
IAM-006328,ORG-004,AST-06328,268,23,6,25,87,14,144,27,0.64,High,6.5
IAM-006329,ORG-023,AST-06329,161,12,0,10,98,3,103,11,0.91,Medium,1.9
IAM-006330,ORG-010,AST-06330,58,5,1,3,96,1,30,0,0.76,Low,0.9
IAM-006331,ORG-008,AST-06331,88,6,3,5,85,1,75,11,0.41,Low,3.6
IAM-006332,ORG-013,AST-06332,319,15,2,30,92,5,66,5,0.49,Medium,2.6
IAM-006333,ORG-015,AST-06333,386,15,17,2,73,1,195,0,0.62,Low,5.5
IAM-006334,ORG-024,AST-06334,405,38,3,34,38,36,50,9,0.92,High,8.6
IAM-006335,ORG-018,AST-06335,93,1,4,2,85,0,123,7,0.66,Low,2.6
IAM-006336,ORG-013,AST-06336,239,14,7,7,72,3,111,0,0.97,Medium,3.9
IAM-006337,ORG-009,AST-06337,493,12,14,34,85,4,152,13,0.69,Medium,5.7
IAM-006338,ORG-005,AST-06338,329,27,6,10,61,22,156,27,0.38,High,8.7
IAM-006339,ORG-012,AST-06339,400,7,18,27,84,3,196,38,0.54,Medium,9.8
IAM-006340,ORG-001,AST-06340,334,1,10,33,35,0,48,6,0.44,Low,6.5
IAM-006341,ORG-025,AST-06341,274,4,8,10,72,1,198,1,0.99,Low,4.1
IAM-006342,ORG-024,AST-06342,362,30,5,21,44,19,46,3,0.34,High,6.6
IAM-006343,ORG-016,AST-06343,211,16,0,21,51,9,76,15,0.54,High,6.1
IAM-006344,ORG-004,AST-06344,318,4,9,9,34,4,136,24,0.43,High,10
IAM-006345,ORG-025,AST-06345,17,2,0,1,79,1,74,11,0.87,Low,4.4
IAM-006346,ORG-002,AST-06346,260,14,3,14,91,0,35,2,0.83,Low,0.9
IAM-006347,ORG-020,AST-06347,440,38,21,39,46,17,86,2,0.73,Medium,9.1
IAM-006348,ORG-022,AST-06348,208,11,9,5,31,10,4,1,0.32,High,9.3
IAM-006349,ORG-002,AST-06349,374,8,15,23,61,2,147,4,0.35,Low,6.4
IAM-006350,ORG-009,AST-06350,424,13,5,36,56,0,197,8,0.64,Low,5.0
IAM-006351,ORG-014,AST-06351,9,1,0,0,41,1,88,1,0.39,High,7.2
IAM-006352,ORG-011,AST-06352,397,29,6,17,30,7,42,7,0.4,Medium,7.0
IAM-006353,ORG-020,AST-06353,146,14,1,9,57,1,95,16,0.46,Low,4.9
IAM-006354,ORG-023,AST-06354,65,5,2,2,83,3,157,21,0.93,High,5.1
IAM-006355,ORG-004,AST-06355,225,16,3,14,63,4,137,12,0.99,Medium,4.7
IAM-006356,ORG-010,AST-06356,42,3,2,0,100,2,125,22,0.36,High,4.8
IAM-006357,ORG-022,AST-06357,347,25,10,11,59,23,166,19,0.55,High,9.7
IAM-006358,ORG-018,AST-06358,21,2,0,2,63,2,77,12,0.62,High,6.9
IAM-006359,ORG-015,AST-06359,92,8,2,6,83,5,80,2,0.98,High,3.8
IAM-006360,ORG-010,AST-06360,439,38,16,21,65,16,108,18,0.79,Medium,8.1
IAM-006361,ORG-020,AST-06361,427,24,3,2,81,18,130,17,0.7,High,6.1
IAM-006362,ORG-021,AST-06362,478,31,8,39,46,7,194,15,0.5,Medium,7.0
IAM-006363,ORG-018,AST-06363,88,1,4,2,46,0,159,1,0.51,Low,4.1
IAM-006364,ORG-012,AST-06364,292,24,2,24,69,19,80,9,0.43,High,5.6
IAM-006365,ORG-011,AST-06365,137,1,4,5,100,0,71,14,0.47,Low,2.2
IAM-006366,ORG-009,AST-06366,88,2,2,5,69,2,79,7,0.65,High,6.5
IAM-006367,ORG-024,AST-06367,164,8,6,4,33,1,6,0,0.89,Low,6.1
IAM-006368,ORG-002,AST-06368,485,6,14,25,56,5,122,9,0.74,High,9.5
IAM-006369,ORG-001,AST-06369,263,19,2,12,72,6,119,9,0.78,Medium,4.6
IAM-006370,ORG-009,AST-06370,187,7,3,18,43,1,23,3,0.84,Low,5.2
IAM-006371,ORG-004,AST-06371,22,2,1,0,41,2,63,1,0.82,High,7.4
IAM-006372,ORG-015,AST-06372,354,25,6,9,95,0,89,16,0.81,Low,3.5
IAM-006373,ORG-010,AST-06373,266,1,1,17,43,0,185,15,0.51,Low,5.8
IAM-006374,ORG-023,AST-06374,349,1,13,28,35,0,41,3,0.62,Low,7.4
IAM-006375,ORG-012,AST-06375,216,20,10,19,52,8,88,15,0.72,Medium,7.9
IAM-006376,ORG-015,AST-06376,412,7,1,7,81,1,173,16,0.53,Low,3.8
IAM-006377,ORG-004,AST-06377,202,15,2,16,57,7,8,0,0.69,Medium,4.7
IAM-006378,ORG-006,AST-06378,190,16,5,9,53,3,122,10,0.91,Medium,5.2
IAM-006379,ORG-006,AST-06379,125,3,5,9,100,3,190,1,0.36,High,3.9
IAM-006380,ORG-008,AST-06380,35,2,0,0,33,2,82,10,0.94,High,8.7
IAM-006381,ORG-009,AST-06381,393,14,9,16,60,12,76,4,0.98,High,7.5
IAM-006382,ORG-006,AST-06382,173,5,0,4,37,4,183,17,0.85,High,8.7
IAM-006383,ORG-022,AST-06383,498,4,9,15,84,3,37,2,0.39,High,5.7
IAM-006384,ORG-008,AST-06384,325,28,4,23,33,1,10,2,0.98,Low,5.3
IAM-006385,ORG-009,AST-06385,246,11,2,8,86,10,24,3,0.93,High,4.7
IAM-006386,ORG-018,AST-06386,121,2,3,5,33,0,150,11,0.49,Low,6.6
IAM-006387,ORG-013,AST-06387,167,6,1,16,59,4,58,1,0.95,High,5.3
IAM-006388,ORG-006,AST-06388,342,31,1,13,55,1,135,8,0.99,Low,4.1
IAM-006389,ORG-014,AST-06389,360,22,8,2,70,1,173,3,0.84,Low,4.5
IAM-006390,ORG-015,AST-06390,282,23,11,13,47,11,102,16,0.61,Medium,8.3
IAM-006391,ORG-017,AST-06391,114,8,1,9,85,3,43,2,0.85,Medium,3.0
IAM-006392,ORG-012,AST-06392,413,26,2,25,76,0,181,36,0.96,Low,5.7
IAM-006393,ORG-008,AST-06393,485,41,21,7,45,33,157,16,0.84,High,10
IAM-006394,ORG-001,AST-06394,352,12,6,21,48,9,56,2,0.94,High,7.1
IAM-006395,ORG-017,AST-06395,319,30,4,29,75,26,67,9,0.66,High,6.3
IAM-006396,ORG-005,AST-06396,466,12,21,46,37,0,118,22,1.0,Low,10
IAM-006397,ORG-015,AST-06397,243,8,1,17,87,5,99,16,0.59,High,4.9
IAM-006398,ORG-013,AST-06398,491,3,17,5,71,2,33,2,0.79,High,7.3
IAM-006399,ORG-021,AST-06399,443,14,15,9,45,13,182,15,0.8,High,10
IAM-006400,ORG-004,AST-06400,92,2,4,3,41,1,119,3,0.71,Low,6.4
IAM-006401,ORG-018,AST-06401,420,37,8,3,53,1,98,18,0.79,Low,6.7
IAM-006402,ORG-022,AST-06402,460,1,17,20,47,1,56,5,0.53,High,10
IAM-006403,ORG-023,AST-06403,228,9,7,11,59,1,109,6,0.7,Low,5.3
IAM-006404,ORG-025,AST-06404,362,19,17,10,88,1,69,2,0.31,Low,4.4
IAM-006405,ORG-002,AST-06405,17,1,0,0,49,0,167,9,0.78,Low,4.1
IAM-006406,ORG-005,AST-06406,333,3,15,19,31,1,171,24,0.34,Low,10
IAM-006407,ORG-003,AST-06407,499,28,18,5,64,16,48,8,0.49,High,8.5
IAM-006408,ORG-012,AST-06408,140,9,4,8,61,9,58,1,0.94,High,6.4
IAM-006409,ORG-002,AST-06409,111,7,2,3,94,4,21,4,0.58,High,2.6
IAM-006410,ORG-015,AST-06410,8,1,0,0,49,0,36,4,0.55,Low,3.8
IAM-006411,ORG-024,AST-06411,374,4,8,33,56,0,162,10,0.51,Low,5.6
IAM-006412,ORG-014,AST-06412,17,2,0,1,100,1,122,4,0.74,Low,1.5
IAM-006413,ORG-019,AST-06413,416,37,5,21,90,6,104,9,0.65,Medium,3.0
IAM-006414,ORG-021,AST-06414,172,5,5,13,87,1,97,11,0.66,Low,3.6
IAM-006415,ORG-025,AST-06415,433,35,9,38,43,12,179,5,0.72,Medium,7.5
IAM-006416,ORG-015,AST-06416,167,12,7,1,80,2,34,4,0.93,Low,3.6
IAM-006417,ORG-007,AST-06417,110,1,1,0,72,0,19,0,0.63,Low,2.5
IAM-006418,ORG-023,AST-06418,151,9,7,6,60,8,94,13,0.51,High,8.4
IAM-006419,ORG-008,AST-06419,104,10,5,10,54,3,57,6,0.57,Medium,6.0
IAM-006420,ORG-010,AST-06420,46,3,1,3,93,2,17,1,0.93,High,2.3
IAM-006421,ORG-001,AST-06421,458,26,9,7,89,12,90,5,0.39,Medium,4.0
IAM-006422,ORG-022,AST-06422,202,18,2,17,32,18,49,8,0.6,High,8.7
IAM-006423,ORG-005,AST-06423,458,17,21,36,74,8,23,4,0.46,Medium,7.4
IAM-006424,ORG-003,AST-06424,331,17,2,27,92,3,70,13,0.58,Medium,2.5
IAM-006425,ORG-025,AST-06425,40,4,1,4,100,0,77,4,0.86,Low,0.3
IAM-006426,ORG-004,AST-06426,221,18,10,22,57,0,184,5,0.42,Low,5.4
IAM-006427,ORG-016,AST-06427,170,5,2,13,33,5,148,2,0.87,High,8.0
IAM-006428,ORG-022,AST-06428,72,6,2,0,81,6,46,0,0.44,High,4.5
IAM-006429,ORG-011,AST-06429,60,3,1,4,52,1,84,12,0.4,Low,5.7
IAM-006430,ORG-021,AST-06430,393,1,8,24,47,0,7,1,0.42,Low,4.8
IAM-006431,ORG-004,AST-06431,289,27,4,9,79,20,178,24,0.41,High,6.5
IAM-006432,ORG-025,AST-06432,294,24,9,1,38,7,163,2,0.39,Medium,7.1
IAM-006433,ORG-017,AST-06433,89,2,4,8,54,2,80,13,0.37,High,7.9
IAM-006434,ORG-017,AST-06434,470,36,16,9,83,19,71,0,0.93,High,6.1
IAM-006435,ORG-014,AST-06435,487,10,7,25,32,5,53,5,0.44,Medium,7.5
IAM-006436,ORG-012,AST-06436,138,13,6,5,69,6,81,8,0.63,Medium,5.2
IAM-006437,ORG-004,AST-06437,443,7,21,18,46,4,197,16,0.58,High,10
IAM-006438,ORG-019,AST-06438,152,6,0,1,44,0,20,4,0.89,Low,4.6
IAM-006439,ORG-001,AST-06439,411,19,15,15,37,12,107,3,0.5,High,9.3
IAM-006440,ORG-017,AST-06440,290,21,10,15,91,12,68,13,0.34,High,5.4
IAM-006441,ORG-022,AST-06441,412,7,14,40,91,1,19,2,0.87,Low,3.6
IAM-006442,ORG-002,AST-06442,82,2,0,2,40,2,136,10,0.99,High,8.1
IAM-006443,ORG-002,AST-06443,228,5,10,16,34,1,154,2,0.37,Low,7.3
IAM-006444,ORG-014,AST-06444,25,2,0,2,43,1,3,0,0.79,Low,5.8
IAM-006445,ORG-020,AST-06445,100,3,5,0,87,0,129,8,0.83,Low,2.4
IAM-006446,ORG-008,AST-06446,246,13,12,20,72,9,49,9,0.83,High,7.2
IAM-006447,ORG-017,AST-06447,423,39,19,40,92,14,179,32,0.99,Medium,9.0
IAM-006448,ORG-006,AST-06448,172,8,8,11,78,4,72,7,0.62,Medium,5.1
IAM-006449,ORG-014,AST-06449,362,33,1,4,38,12,79,14,0.61,Medium,6.4
IAM-006450,ORG-010,AST-06450,463,5,12,26,78,2,176,20,0.98,Low,6.8
IAM-006451,ORG-003,AST-06451,265,5,10,17,69,4,39,0,0.45,High,6.9
IAM-006452,ORG-010,AST-06452,394,15,2,18,71,2,121,18,0.74,Low,4.5
IAM-006453,ORG-014,AST-06453,247,2,7,13,64,2,156,8,0.88,High,8.1
IAM-006454,ORG-022,AST-06454,195,10,0,0,53,3,67,7,0.31,Medium,4.3
IAM-006455,ORG-001,AST-06455,69,4,0,0,71,3,29,0,0.31,High,4.6
IAM-006456,ORG-021,AST-06456,139,13,3,1,79,1,183,31,0.97,Low,5.5
IAM-006457,ORG-003,AST-06457,183,17,8,8,94,11,28,0,0.39,High,4.1
IAM-006458,ORG-019,AST-06458,309,26,8,29,53,8,183,25,0.78,Medium,7.9
IAM-006459,ORG-015,AST-06459,293,21,0,19,59,5,58,9,0.31,Medium,4.4
IAM-006460,ORG-015,AST-06460,210,16,10,7,68,0,189,11,0.32,Low,5.2
IAM-006461,ORG-007,AST-06461,55,1,1,3,81,1,55,7,0.8,High,4.7
IAM-006462,ORG-009,AST-06462,346,13,2,8,67,3,50,1,0.4,Medium,3.9
IAM-006463,ORG-013,AST-06463,205,18,9,15,83,13,116,17,0.98,High,6.4
IAM-006464,ORG-003,AST-06464,239,23,0,1,56,0,121,11,0.84,Low,4.2
IAM-006465,ORG-003,AST-06465,28,1,0,0,42,0,94,8,0.36,Low,4.4
IAM-006466,ORG-016,AST-06466,366,5,10,28,76,2,31,1,0.55,Low,4.7
IAM-006467,ORG-006,AST-06467,46,1,2,4,89,0,183,32,0.62,Low,4.2
IAM-006468,ORG-011,AST-06468,320,20,7,27,43,20,48,2,0.46,High,7.9
IAM-006469,ORG-014,AST-06469,398,27,10,37,34,17,73,4,0.4,High,9.1
IAM-006470,ORG-022,AST-06470,375,6,5,16,100,4,56,0,0.32,High,2.6
IAM-006471,ORG-006,AST-06471,494,3,5,47,43,2,20,2,0.33,High,6.6
IAM-006472,ORG-023,AST-06472,133,8,3,2,35,3,84,6,0.38,Medium,6.6
IAM-006473,ORG-023,AST-06473,295,19,0,28,69,18,106,13,0.48,High,6.2
IAM-006474,ORG-008,AST-06474,192,5,8,6,72,5,17,3,0.31,High,6.3
IAM-006475,ORG-024,AST-06475,322,6,8,4,41,3,1,0,0.48,Medium,6.8
IAM-006476,ORG-022,AST-06476,40,2,0,2,93,2,92,8,0.76,High,4.5
IAM-006477,ORG-011,AST-06477,15,1,0,0,67,0,168,12,0.84,Low,3.2
IAM-006478,ORG-009,AST-06478,489,38,3,13,40,19,76,8,0.88,Medium,6.4
IAM-006479,ORG-007,AST-06479,413,17,2,13,89,3,164,30,0.35,Medium,4.7
IAM-006480,ORG-009,AST-06480,418,17,3,9,55,4,28,3,0.4,Medium,4.3
IAM-006481,ORG-019,AST-06481,337,5,9,11,40,2,31,0,0.71,Low,6.9
IAM-006482,ORG-020,AST-06482,63,6,3,3,32,5,7,1,0.4,High,7.8
IAM-006483,ORG-006,AST-06483,79,3,0,1,56,0,190,0,0.87,Low,3.2
IAM-006484,ORG-014,AST-06484,322,6,3,31,99,5,52,8,0.38,High,4.2
IAM-006485,ORG-002,AST-06485,186,10,2,17,36,5,44,2,0.59,Medium,6.3
IAM-006486,ORG-023,AST-06486,446,32,6,30,86,16,29,0,0.45,Medium,3.8
IAM-006487,ORG-014,AST-06487,27,2,0,1,53,1,163,26,0.82,Low,7.1
IAM-006488,ORG-010,AST-06488,12,1,0,1,40,0,56,5,0.96,Low,4.5
IAM-006489,ORG-007,AST-06489,70,5,2,4,90,0,103,12,0.75,Low,2.7
IAM-006490,ORG-017,AST-06490,240,1,11,20,64,1,85,4,0.41,High,8.3
IAM-006491,ORG-023,AST-06491,460,44,11,34,37,37,49,6,0.69,High,9.3
IAM-006492,ORG-015,AST-06492,179,10,2,3,65,9,46,3,0.65,High,6.2
IAM-006493,ORG-016,AST-06493,357,31,13,17,96,23,79,3,0.95,High,5.8
IAM-006494,ORG-003,AST-06494,427,21,9,23,61,9,29,2,0.91,Medium,5.9
IAM-006495,ORG-010,AST-06495,299,12,7,4,45,3,199,7,0.72,Medium,6.4
IAM-006496,ORG-017,AST-06496,218,20,5,16,69,17,26,4,0.86,High,6.1
IAM-006497,ORG-003,AST-06497,101,10,5,5,32,8,0,1,0.96,High,8.4
IAM-006498,ORG-006,AST-06498,108,1,4,10,79,1,170,5,0.57,High,5.4
IAM-006499,ORG-008,AST-06499,355,25,6,28,50,9,115,7,0.95,Medium,6.2
IAM-006500,ORG-001,AST-06500,403,20,3,26,84,3,90,7,0.93,Medium,2.9
IAM-006501,ORG-020,AST-06501,90,8,0,3,64,8,149,8,0.49,High,6.6
IAM-006502,ORG-002,AST-06502,175,7,5,15,39,4,157,4,0.43,High,7.3
IAM-006503,ORG-013,AST-06503,253,12,8,22,53,12,100,3,0.74,High,8.3
IAM-006504,ORG-012,AST-06504,279,25,13,21,68,22,37,1,0.99,High,7.2
IAM-006505,ORG-014,AST-06505,449,28,12,30,96,1,191,26,0.67,Low,5.7
IAM-006506,ORG-009,AST-06506,196,1,1,5,59,0,181,20,0.53,Low,5.0
IAM-006507,ORG-007,AST-06507,112,7,0,8,57,6,33,5,0.52,High,5.6
IAM-006508,ORG-007,AST-06508,41,2,0,3,48,0,78,5,0.97,Low,3.9
IAM-006509,ORG-005,AST-06509,327,11,7,17,33,2,198,19,0.98,Low,8.2
IAM-006510,ORG-020,AST-06510,436,6,3,9,44,3,104,16,0.99,Medium,7.8
IAM-006511,ORG-009,AST-06511,383,34,17,17,74,12,125,5,0.92,Medium,6.6
IAM-006512,ORG-010,AST-06512,169,6,7,3,62,1,91,9,0.57,Low,5.3
IAM-006513,ORG-020,AST-06513,430,17,2,34,97,8,41,7,0.58,Medium,2.8
IAM-006514,ORG-012,AST-06514,73,4,1,2,38,1,172,3,0.47,Low,4.9
IAM-006515,ORG-017,AST-06515,259,7,4,4,40,2,109,10,0.51,Low,6.4
IAM-006516,ORG-016,AST-06516,348,15,5,24,52,11,119,17,0.92,High,8.4
IAM-006517,ORG-002,AST-06517,466,37,1,34,86,32,193,35,0.97,High,7.6
IAM-006518,ORG-019,AST-06518,55,3,0,4,67,2,31,5,0.87,High,4.3
IAM-006519,ORG-024,AST-06519,102,9,3,6,50,5,43,3,0.53,High,5.8
IAM-006520,ORG-001,AST-06520,234,12,5,7,30,1,97,10,0.6,Low,6.7
IAM-006521,ORG-014,AST-06521,291,19,6,18,55,17,72,11,0.69,High,8.2
IAM-006522,ORG-013,AST-06522,431,13,15,22,83,0,104,7,0.56,Low,5.1
IAM-006523,ORG-012,AST-06523,16,2,0,1,40,2,31,1,0.55,High,6.9
IAM-006524,ORG-021,AST-06524,470,11,18,19,72,4,58,9,0.43,Medium,7.4
IAM-006525,ORG-024,AST-06525,27,1,0,2,39,1,132,19,0.63,High,9.2
IAM-006526,ORG-010,AST-06526,13,1,0,0,78,1,97,18,0.52,High,6.0
IAM-006527,ORG-017,AST-06527,411,9,6,6,93,8,143,4,0.61,High,4.9
IAM-006528,ORG-023,AST-06528,291,7,9,16,55,7,85,5,0.98,High,8.8
IAM-006529,ORG-023,AST-06529,412,9,17,19,38,9,160,26,0.82,High,10
IAM-006530,ORG-024,AST-06530,410,37,5,20,56,31,1,1,0.37,High,7.0
IAM-006531,ORG-019,AST-06531,476,31,2,20,49,3,83,6,0.74,Medium,4.5
IAM-006532,ORG-011,AST-06532,372,23,9,23,42,21,10,2,0.34,High,8.5
IAM-006533,ORG-021,AST-06533,232,8,5,14,76,4,52,7,0.86,Medium,5.2
IAM-006534,ORG-010,AST-06534,173,15,3,10,77,13,70,6,0.96,High,5.6
IAM-006535,ORG-004,AST-06535,447,2,15,36,63,2,1,1,0.78,High,8.9
IAM-006536,ORG-004,AST-06536,365,18,17,5,74,1,130,15,0.48,Low,7.3
IAM-006537,ORG-009,AST-06537,13,2,0,0,47,2,44,4,0.95,High,6.7
IAM-006538,ORG-022,AST-06538,115,4,3,8,31,1,37,0,0.46,Low,6.4
IAM-006539,ORG-006,AST-06539,333,23,11,29,56,15,38,0,0.54,High,6.9
IAM-006540,ORG-024,AST-06540,415,32,3,35,45,22,7,0,0.5,High,5.9
IAM-006541,ORG-009,AST-06541,477,35,5,39,38,15,146,16,0.58,Medium,8.2
IAM-006542,ORG-004,AST-06542,499,6,24,5,82,5,183,17,0.65,High,10
IAM-006543,ORG-021,AST-06543,25,1,1,1,37,1,120,23,0.6,High,9.6
IAM-006544,ORG-011,AST-06544,389,31,7,29,40,6,56,3,0.97,Medium,6.8
IAM-006545,ORG-025,AST-06545,204,6,4,12,50,3,103,1,0.55,Medium,6.2
IAM-006546,ORG-014,AST-06546,329,3,10,17,49,3,152,9,0.77,High,9.0
IAM-006547,ORG-006,AST-06547,18,1,0,0,38,0,188,13,0.74,Low,5.8
IAM-006548,ORG-004,AST-06548,117,8,5,4,30,4,177,17,0.89,Medium,9.0
IAM-006549,ORG-006,AST-06549,127,2,1,10,71,1,96,5,0.3,Low,4.6
IAM-006550,ORG-020,AST-06550,80,6,0,6,72,4,42,2,0.74,High,3.8
IAM-006551,ORG-024,AST-06551,82,3,2,1,62,2,184,0,0.85,High,4.7
IAM-006552,ORG-025,AST-06552,318,27,9,18,77,25,129,10,0.35,High,7.2
IAM-006553,ORG-003,AST-06553,49,3,2,1,76,1,23,3,0.32,Low,3.2
IAM-006554,ORG-020,AST-06554,231,22,5,7,96,2,26,5,0.55,Low,2.3
IAM-006555,ORG-002,AST-06555,130,10,2,12,40,9,27,0,0.35,High,7.0
IAM-006556,ORG-016,AST-06556,131,3,5,8,40,2,84,8,0.47,High,7.6
IAM-006557,ORG-016,AST-06557,416,37,14,32,50,14,90,3,0.82,Medium,8.0
IAM-006558,ORG-009,AST-06558,41,4,2,2,81,3,84,16,1.0,High,5.5
IAM-006559,ORG-021,AST-06559,85,5,3,1,76,0,146,24,1.0,Low,4.5
IAM-006560,ORG-002,AST-06560,263,15,5,6,52,9,108,13,0.95,High,7.2
IAM-006561,ORG-010,AST-06561,484,47,17,5,55,7,162,2,0.47,Medium,7.4
IAM-006562,ORG-024,AST-06562,403,34,19,12,37,22,154,2,0.92,High,10
IAM-006563,ORG-020,AST-06563,459,32,21,39,82,21,108,12,0.59,High,8.3
IAM-006564,ORG-008,AST-06564,491,20,17,36,41,14,161,2,0.4,High,9.7
IAM-006565,ORG-015,AST-06565,8,1,0,0,64,1,102,12,0.33,High,6.9
IAM-006566,ORG-016,AST-06566,369,36,3,24,61,5,153,17,0.5,Medium,5.5
IAM-006567,ORG-005,AST-06567,305,27,14,6,100,22,78,7,0.4,High,6.0
IAM-006568,ORG-008,AST-06568,144,12,3,5,70,1,46,3,0.91,Low,3.0
IAM-006569,ORG-001,AST-06569,200,15,9,20,98,2,37,3,0.77,Low,2.4
IAM-006570,ORG-016,AST-06570,352,8,9,17,68,7,92,1,0.88,High,6.3
IAM-006571,ORG-022,AST-06571,398,33,14,23,30,24,23,1,0.83,High,9.8
IAM-006572,ORG-004,AST-06572,184,8,2,5,47,3,149,22,0.78,Medium,7.1
IAM-006573,ORG-022,AST-06573,166,3,0,1,68,0,187,31,0.76,Low,5.6
IAM-006574,ORG-018,AST-06574,180,1,3,4,56,0,20,0,0.94,Low,3.5
IAM-006575,ORG-014,AST-06575,168,7,6,4,87,4,54,2,0.97,High,3.8
IAM-006576,ORG-015,AST-06576,51,4,0,1,38,1,64,10,0.32,Low,5.5
IAM-006577,ORG-024,AST-06577,69,1,1,2,36,0,89,12,0.91,Low,5.6
IAM-006578,ORG-004,AST-06578,60,6,3,2,60,3,165,27,0.52,Medium,7.7
IAM-006579,ORG-008,AST-06579,267,15,5,18,69,8,165,15,0.46,High,6.5
IAM-006580,ORG-025,AST-06580,131,3,4,7,45,1,123,3,0.63,Low,5.5
IAM-006581,ORG-008,AST-06581,340,17,11,28,91,12,157,28,0.37,High,7.6
IAM-006582,ORG-025,AST-06582,236,23,4,1,83,16,78,0,0.91,High,4.1
IAM-006583,ORG-021,AST-06583,83,8,0,4,100,8,198,34,0.36,High,6.2
IAM-006584,ORG-018,AST-06584,389,31,8,15,42,8,55,8,0.39,Medium,7.0
IAM-006585,ORG-014,AST-06585,376,36,2,25,37,12,19,2,0.98,Medium,5.6
IAM-006586,ORG-012,AST-06586,223,21,11,4,57,19,68,9,0.3,High,9.1
IAM-006587,ORG-024,AST-06587,201,10,1,17,68,4,0,1,0.82,Medium,3.2
IAM-006588,ORG-013,AST-06588,445,44,1,18,69,22,33,2,0.73,Medium,3.8
IAM-006589,ORG-002,AST-06589,156,4,5,4,38,4,190,0,0.61,High,8.5
IAM-006590,ORG-025,AST-06590,383,21,16,14,61,21,19,2,0.4,High,8.7
IAM-006591,ORG-006,AST-06591,46,3,1,0,76,3,41,4,0.95,High,5.4
IAM-006592,ORG-017,AST-06592,82,8,1,2,79,8,5,0,0.35,High,4.3
IAM-006593,ORG-010,AST-06593,405,21,17,6,72,18,170,16,0.48,High,9.6
IAM-006594,ORG-001,AST-06594,490,24,16,10,86,10,62,8,0.72,Medium,6.3
IAM-006595,ORG-006,AST-06595,386,25,11,22,62,16,148,4,0.86,High,7.0
IAM-006596,ORG-004,AST-06596,98,8,3,0,43,1,77,2,0.99,Low,5.4
IAM-006597,ORG-003,AST-06597,128,9,5,3,94,6,51,2,0.6,High,3.9
IAM-006598,ORG-023,AST-06598,269,13,8,21,73,6,65,4,0.84,Medium,5.7
IAM-006599,ORG-020,AST-06599,24,2,1,2,42,0,17,0,0.64,Low,4.4
IAM-006600,ORG-010,AST-06600,471,24,9,19,89,21,150,28,0.3,High,8.1
IAM-006601,ORG-023,AST-06601,217,18,5,17,64,13,179,11,0.31,High,6.6
IAM-006602,ORG-015,AST-06602,457,23,1,1,97,2,110,11,0.31,Low,1.7
IAM-006603,ORG-015,AST-06603,471,21,13,11,85,8,71,13,0.93,Medium,5.9
IAM-006604,ORG-020,AST-06604,301,28,12,27,32,10,18,3,0.36,Medium,8.4
IAM-006605,ORG-002,AST-06605,423,26,21,16,78,7,172,23,0.59,Medium,8.5
IAM-006606,ORG-005,AST-06606,469,21,15,14,73,17,126,18,0.83,High,8.6
IAM-006607,ORG-021,AST-06607,491,45,9,36,87,26,88,17,0.72,High,5.7
IAM-006608,ORG-004,AST-06608,416,25,16,4,93,23,54,9,0.55,High,7.6
IAM-006609,ORG-008,AST-06609,204,12,9,5,59,2,148,10,0.96,Low,6.4
IAM-006610,ORG-015,AST-06610,382,12,19,8,82,1,126,0,0.89,Low,5.5
IAM-006611,ORG-018,AST-06611,32,2,0,0,51,0,83,2,0.53,Low,3.2
IAM-006612,ORG-014,AST-06612,373,15,0,12,65,6,135,15,0.88,Medium,4.9
IAM-006613,ORG-010,AST-06613,164,14,8,4,40,9,77,5,0.96,High,7.9
IAM-006614,ORG-013,AST-06614,195,14,6,3,63,0,194,23,0.76,Low,6.1
IAM-006615,ORG-012,AST-06615,428,29,15,34,93,16,88,2,0.56,High,5.6
IAM-006616,ORG-003,AST-06616,118,1,1,2,49,1,89,1,0.7,High,6.8
IAM-006617,ORG-011,AST-06617,46,3,0,2,35,0,193,14,0.4,Low,6.0
IAM-006618,ORG-010,AST-06618,478,17,16,35,40,12,76,11,0.32,High,10
IAM-006619,ORG-022,AST-06619,90,4,3,1,44,4,36,5,0.45,High,8.3
IAM-006620,ORG-015,AST-06620,197,4,2,17,46,1,99,15,0.82,Low,5.9
IAM-006621,ORG-007,AST-06621,229,4,0,18,70,1,112,12,0.47,Low,3.5
IAM-006622,ORG-020,AST-06622,498,32,24,32,32,0,146,15,0.85,Low,10
IAM-006623,ORG-020,AST-06623,304,21,13,15,32,18,142,6,0.93,High,10
IAM-006624,ORG-014,AST-06624,253,25,4,8,78,10,92,1,0.59,Medium,3.9
IAM-006625,ORG-022,AST-06625,40,3,2,2,81,1,162,32,0.96,Low,5.4
IAM-006626,ORG-003,AST-06626,484,14,10,44,97,11,5,0,0.6,High,4.7
IAM-006627,ORG-007,AST-06627,184,5,0,17,98,4,86,15,0.8,High,3.9
IAM-006628,ORG-023,AST-06628,235,12,6,20,96,1,186,20,0.36,Low,3.5
IAM-006629,ORG-003,AST-06629,246,10,11,21,88,9,35,0,0.95,High,5.7
IAM-006630,ORG-001,AST-06630,83,6,0,5,67,4,106,13,1.0,High,5.9
IAM-006631,ORG-014,AST-06631,263,14,2,5,97,13,192,17,0.54,High,5.3
IAM-006632,ORG-013,AST-06632,283,17,2,28,49,3,42,5,0.75,Medium,5.3
IAM-006633,ORG-009,AST-06633,376,19,5,15,44,4,193,25,0.88,Medium,7.6
IAM-006634,ORG-023,AST-06634,473,39,2,35,86,23,12,1,0.66,High,3.5
IAM-006635,ORG-022,AST-06635,241,21,1,19,81,18,96,9,0.75,High,4.9
IAM-006636,ORG-006,AST-06636,101,9,2,3,87,6,198,28,0.57,High,5.7
IAM-006637,ORG-024,AST-06637,251,23,10,9,37,14,31,6,0.31,High,8.6
IAM-006638,ORG-003,AST-06638,460,44,21,32,47,33,155,27,0.98,High,10
IAM-006639,ORG-021,AST-06639,296,10,2,24,35,9,147,2,0.73,High,8.1
IAM-006640,ORG-011,AST-06640,102,7,1,4,70,3,113,9,0.53,Medium,4.7
IAM-006641,ORG-002,AST-06641,311,6,10,5,30,2,125,2,0.59,Low,8.1
IAM-006642,ORG-025,AST-06642,176,13,2,6,63,8,138,20,0.71,High,6.3
IAM-006643,ORG-008,AST-06643,454,31,22,43,41,21,1,1,0.97,High,10
IAM-006644,ORG-025,AST-06644,307,4,1,2,39,4,22,3,0.98,High,7.4
IAM-006645,ORG-013,AST-06645,292,21,1,6,35,15,131,0,0.33,High,6.2
IAM-006646,ORG-008,AST-06646,390,4,1,21,98,2,194,10,0.73,Low,2.6
IAM-006647,ORG-016,AST-06647,429,20,8,14,36,11,167,6,0.47,High,8.4
IAM-006648,ORG-013,AST-06648,456,11,1,19,74,0,189,27,0.98,Low,4.4
IAM-006649,ORG-005,AST-06649,297,1,9,13,75,0,41,4,0.54,Low,3.4
IAM-006650,ORG-013,AST-06650,142,6,0,2,64,1,21,4,0.54,Low,3.3
IAM-006651,ORG-005,AST-06651,9,2,0,0,77,0,196,38,0.92,Low,4.9
IAM-006652,ORG-011,AST-06652,6,1,0,0,73,0,99,19,0.63,Low,3.9
IAM-006653,ORG-011,AST-06653,437,30,16,40,60,11,1,0,0.5,Medium,6.6
IAM-006654,ORG-018,AST-06654,370,28,18,26,32,7,12,1,0.47,Medium,8.7
IAM-006655,ORG-010,AST-06655,361,22,12,34,87,1,186,10,0.51,Low,4.0
IAM-006656,ORG-021,AST-06656,497,12,18,11,96,4,46,2,0.73,Medium,5.3
IAM-006657,ORG-017,AST-06657,276,16,3,19,89,4,172,19,0.49,Medium,3.9
IAM-006658,ORG-025,AST-06658,351,12,12,26,90,9,64,8,0.5,High,6.0
IAM-006659,ORG-025,AST-06659,468,43,1,14,44,11,169,26,0.98,Medium,7.5
IAM-006660,ORG-006,AST-06660,468,23,4,5,98,21,141,2,0.55,High,3.8
IAM-006661,ORG-020,AST-06661,434,15,20,34,92,4,186,37,0.56,Medium,8.7
IAM-006662,ORG-006,AST-06662,162,12,8,2,97,0,9,1,0.89,Low,1.7
IAM-006663,ORG-021,AST-06663,415,31,4,6,49,4,104,18,0.95,Medium,6.1
IAM-006664,ORG-016,AST-06664,61,2,3,1,93,0,51,3,0.79,Low,1.4
IAM-006665,ORG-025,AST-06665,204,13,7,9,58,7,54,6,0.85,High,6.1
IAM-006666,ORG-009,AST-06666,437,35,3,39,44,20,58,1,0.54,High,5.7
IAM-006667,ORG-023,AST-06667,88,3,4,0,73,2,94,4,0.88,High,4.9
IAM-006668,ORG-010,AST-06668,178,12,1,10,72,1,169,7,0.36,Low,2.8
IAM-006669,ORG-009,AST-06669,483,32,4,5,62,2,48,2,0.38,Low,4.0
IAM-006670,ORG-011,AST-06670,197,1,5,12,80,0,146,6,0.44,Low,3.2
IAM-006671,ORG-002,AST-06671,229,8,8,15,48,6,172,15,0.76,High,8.5
IAM-006672,ORG-005,AST-06672,499,13,19,34,51,0,26,5,0.49,Low,7.4
IAM-006673,ORG-016,AST-06673,123,6,4,4,77,3,9,1,0.56,Medium,3.6
IAM-006674,ORG-025,AST-06674,473,2,0,1,39,1,101,3,0.87,Low,6.1
IAM-006675,ORG-001,AST-06675,67,6,2,2,81,5,54,0,0.33,High,3.9
IAM-006676,ORG-015,AST-06676,61,3,1,5,84,1,32,1,0.64,Low,2.6
IAM-006677,ORG-005,AST-06677,223,17,1,7,67,16,31,5,0.81,High,5.5
IAM-006678,ORG-025,AST-06678,291,3,13,4,71,1,36,7,0.87,Low,5.7
IAM-006679,ORG-019,AST-06679,331,9,14,17,70,4,89,8,0.83,Medium,6.8
IAM-006680,ORG-016,AST-06680,250,2,2,9,77,1,96,1,0.88,Low,3.7
IAM-006681,ORG-025,AST-06681,347,1,12,14,51,1,1,1,0.72,High,8.8
IAM-006682,ORG-017,AST-06682,283,19,12,19,81,6,119,8,0.53,Medium,5.9
IAM-006683,ORG-017,AST-06683,489,23,8,5,53,19,80,8,0.67,High,7.8
IAM-006684,ORG-016,AST-06684,246,8,9,22,33,4,31,2,0.89,Medium,7.8
IAM-006685,ORG-025,AST-06685,444,25,7,5,54,12,55,2,0.63,Medium,5.8
IAM-006686,ORG-001,AST-06686,89,4,0,8,98,3,4,1,0.83,High,2.4
IAM-006687,ORG-018,AST-06687,337,9,10,32,59,5,172,1,0.87,High,6.3
IAM-006688,ORG-011,AST-06688,404,28,13,2,81,26,155,15,0.63,High,8.1
IAM-006689,ORG-012,AST-06689,274,5,9,0,87,0,122,12,0.83,Low,3.8
IAM-006690,ORG-021,AST-06690,171,13,2,17,95,10,181,10,0.79,High,3.7
IAM-006691,ORG-016,AST-06691,173,15,0,4,41,10,188,26,0.73,High,8.9
IAM-006692,ORG-017,AST-06692,320,23,15,22,79,4,54,8,0.58,Medium,5.5
IAM-006693,ORG-020,AST-06693,251,17,6,13,34,3,65,8,0.38,Medium,6.8
IAM-006694,ORG-016,AST-06694,202,20,0,10,80,17,82,7,0.44,High,4.1
IAM-006695,ORG-021,AST-06695,211,3,5,3,31,3,73,3,0.84,High,9.3
IAM-006696,ORG-001,AST-06696,268,10,12,25,70,5,191,24,0.47,Medium,8.6
IAM-006697,ORG-010,AST-06697,53,2,2,3,99,1,54,6,0.33,Low,2.6
IAM-006698,ORG-020,AST-06698,204,13,4,9,100,7,167,11,0.48,High,3.4
IAM-006699,ORG-018,AST-06699,205,7,7,19,41,4,93,8,0.87,High,7.4
IAM-006700,ORG-007,AST-06700,56,1,2,1,58,1,23,0,0.82,High,6.2
IAM-006701,ORG-024,AST-06701,362,19,8,22,80,1,130,6,0.33,Low,3.9
IAM-006702,ORG-004,AST-06702,314,16,11,12,40,8,147,21,0.62,Medium,9.4
IAM-006703,ORG-023,AST-06703,188,1,0,5,93,0,128,7,0.34,Low,1.1
IAM-006704,ORG-015,AST-06704,449,1,1,41,65,0,177,29,0.57,Low,5.4
IAM-006705,ORG-023,AST-06705,363,32,2,23,77,0,170,19,0.62,Low,4.0
IAM-006706,ORG-008,AST-06706,338,32,12,20,47,28,22,4,0.8,High,9.1
IAM-006707,ORG-011,AST-06707,496,1,23,23,85,1,142,1,0.68,High,8.3
IAM-006708,ORG-017,AST-06708,22,2,1,1,42,2,10,2,0.68,High,7.5
IAM-006709,ORG-012,AST-06709,124,2,4,7,38,0,15,3,0.59,Low,5.0
IAM-006710,ORG-018,AST-06710,410,19,5,17,75,17,119,20,0.69,High,7.7
IAM-006711,ORG-008,AST-06711,212,2,5,15,45,2,33,6,0.96,High,8.4
IAM-006712,ORG-007,AST-06712,464,29,18,41,54,13,200,21,0.42,Medium,9.8
IAM-006713,ORG-024,AST-06713,308,22,14,4,54,22,56,4,0.94,High,9.6
IAM-006714,ORG-014,AST-06714,351,6,3,30,37,6,119,8,0.32,High,8.2
IAM-006715,ORG-017,AST-06715,164,12,1,3,50,9,195,33,0.65,High,9.1
IAM-006716,ORG-007,AST-06716,177,14,1,3,66,8,171,20,0.65,High,6.1
IAM-006717,ORG-018,AST-06717,32,1,1,3,35,1,161,9,0.68,High,8.9
IAM-006718,ORG-006,AST-06718,139,2,6,12,99,2,142,19,0.59,High,5.8
IAM-006719,ORG-008,AST-06719,40,1,1,4,77,1,28,3,0.74,High,5.1
IAM-006720,ORG-001,AST-06720,15,2,0,1,71,0,153,3,0.64,Low,2.7
IAM-006721,ORG-015,AST-06721,181,11,1,16,46,0,91,12,0.63,Low,4.9
IAM-006722,ORG-011,AST-06722,121,10,3,10,51,2,151,11,0.7,Low,5.9
IAM-006723,ORG-010,AST-06723,265,13,12,23,71,13,147,10,0.49,High,8.6
IAM-006724,ORG-009,AST-06724,409,40,4,25,67,1,29,2,0.75,Low,3.6
IAM-006725,ORG-011,AST-06725,251,18,6,24,37,8,73,8,0.34,Medium,7.6
IAM-006726,ORG-014,AST-06726,221,18,2,6,84,11,199,15,0.85,High,5.0
IAM-006727,ORG-018,AST-06727,135,3,0,3,87,1,17,1,0.95,Low,1.9
IAM-006728,ORG-022,AST-06728,285,9,10,7,36,6,141,4,0.84,High,8.3
IAM-006729,ORG-002,AST-06729,320,19,4,24,84,19,131,19,0.58,High,6.6
IAM-006730,ORG-002,AST-06730,155,13,7,11,66,1,104,4,0.71,Low,4.3
IAM-006731,ORG-012,AST-06731,494,5,23,32,95,3,122,17,0.81,High,8.5
IAM-006732,ORG-006,AST-06732,447,23,7,43,96,23,179,13,0.8,High,5.9
IAM-006733,ORG-018,AST-06733,311,18,8,0,89,8,7,1,0.55,Medium,4.0
IAM-006734,ORG-022,AST-06734,250,1,0,15,61,1,139,23,0.74,High,7.5
IAM-006735,ORG-001,AST-06735,222,1,2,13,76,0,145,22,0.63,Low,3.8
IAM-006736,ORG-020,AST-06736,153,1,5,14,73,1,43,0,0.76,High,5.8
IAM-006737,ORG-021,AST-06737,226,18,8,12,62,13,175,27,0.94,High,9.0
IAM-006738,ORG-023,AST-06738,393,28,18,25,33,24,83,6,0.43,High,10
IAM-006739,ORG-011,AST-06739,486,38,3,34,82,9,105,15,0.68,Medium,3.8
IAM-006740,ORG-025,AST-06740,263,11,2,25,33,10,15,0,0.38,High,7.9
IAM-006741,ORG-022,AST-06741,370,11,2,10,35,11,194,0,0.67,High,7.4
IAM-006742,ORG-002,AST-06742,14,1,0,0,67,1,63,3,0.31,High,5.2
IAM-006743,ORG-001,AST-06743,78,6,3,5,52,4,66,7,0.93,High,6.3
IAM-006744,ORG-014,AST-06744,211,5,8,3,46,4,168,18,0.96,High,9.7
IAM-006745,ORG-019,AST-06745,424,14,4,14,76,0,182,10,0.97,Low,3.2
IAM-006746,ORG-006,AST-06746,300,14,8,18,78,13,176,29,0.65,High,8.5
IAM-006747,ORG-022,AST-06747,222,7,9,14,43,4,139,11,0.46,High,8.9
IAM-006748,ORG-006,AST-06748,180,17,3,3,72,3,24,1,0.84,Medium,2.7
IAM-006749,ORG-018,AST-06749,211,17,1,21,76,11,134,10,0.34,High,5.0
IAM-006750,ORG-013,AST-06750,317,15,6,21,76,9,57,11,0.85,High,5.2
IAM-006751,ORG-018,AST-06751,179,3,0,7,48,3,110,10,0.72,High,7.1
IAM-006752,ORG-002,AST-06752,65,6,0,5,33,3,187,12,0.82,Medium,7.1
IAM-006753,ORG-009,AST-06753,74,5,2,2,72,2,136,25,0.79,Low,5.8
IAM-006754,ORG-001,AST-06754,280,8,12,6,74,1,126,0,0.49,Low,5.0
IAM-006755,ORG-010,AST-06755,485,28,19,18,78,9,181,30,0.4,Medium,9.5
IAM-006756,ORG-016,AST-06756,485,34,17,33,90,14,49,1,0.81,Medium,5.3
IAM-006757,ORG-023,AST-06757,334,2,2,10,63,2,83,5,0.49,High,6.5
IAM-006758,ORG-010,AST-06758,271,23,13,10,46,3,140,9,0.61,Medium,7.9
IAM-006759,ORG-016,AST-06759,358,18,7,31,95,3,57,9,0.79,Medium,3.4
IAM-006760,ORG-023,AST-06760,279,17,4,6,97,16,10,2,0.87,High,3.9
IAM-006761,ORG-013,AST-06761,353,35,1,20,85,7,146,26,0.48,Medium,4.7
IAM-006762,ORG-025,AST-06762,278,15,3,3,49,7,160,30,0.34,Medium,8.8
IAM-006763,ORG-008,AST-06763,247,22,9,0,31,13,20,0,0.39,High,8.0
IAM-006764,ORG-024,AST-06764,433,32,4,33,100,10,106,3,0.38,Medium,1.9
IAM-006765,ORG-013,AST-06765,155,4,1,15,83,4,141,24,0.33,High,6.7
IAM-006766,ORG-019,AST-06766,44,2,0,4,61,2,73,12,0.53,High,6.8
IAM-006767,ORG-011,AST-06767,308,14,2,6,61,5,194,25,0.46,Medium,7.0
IAM-006768,ORG-011,AST-06768,443,4,1,36,94,1,24,0,0.95,Low,1.4
IAM-006769,ORG-021,AST-06769,387,15,18,12,100,15,173,22,0.61,High,8.7
IAM-006770,ORG-011,AST-06770,409,40,11,22,83,26,155,29,0.79,High,8.2
IAM-006771,ORG-009,AST-06771,424,13,18,26,30,10,139,23,0.65,High,10
IAM-006772,ORG-021,AST-06772,234,11,11,20,99,3,71,0,0.86,Medium,2.9
IAM-006773,ORG-022,AST-06773,71,6,0,6,72,5,54,1,0.48,High,4.8
IAM-006774,ORG-001,AST-06774,337,33,12,25,45,26,1,1,0.56,High,9.0
IAM-006775,ORG-025,AST-06775,324,17,9,10,49,4,89,6,0.82,Medium,6.9
IAM-006776,ORG-019,AST-06776,317,27,7,4,94,17,91,6,0.93,High,4.0
IAM-006777,ORG-024,AST-06777,407,24,19,13,96,20,105,17,0.8,High,8.0
IAM-006778,ORG-009,AST-06778,28,1,0,0,93,0,51,5,0.65,Low,1.3
IAM-006779,ORG-021,AST-06779,21,2,0,0,73,1,165,15,0.64,Low,4.3
IAM-006780,ORG-017,AST-06780,222,1,2,19,62,0,157,19,0.88,Low,4.7
IAM-006781,ORG-010,AST-06781,496,7,14,21,38,0,20,4,0.86,Low,7.7
IAM-006782,ORG-019,AST-06782,272,26,3,1,81,1,70,11,0.55,Low,3.4
IAM-006783,ORG-007,AST-06783,337,9,1,19,56,2,172,12,0.31,Low,4.8
IAM-006784,ORG-014,AST-06784,239,9,2,21,58,3,122,1,0.67,Medium,4.4
IAM-006785,ORG-022,AST-06785,119,11,1,2,38,5,15,2,0.42,Medium,5.4
IAM-006786,ORG-021,AST-06786,150,9,2,8,72,5,199,20,0.59,High,6.3
IAM-006787,ORG-003,AST-06787,156,1,7,6,34,1,83,15,0.42,High,10
IAM-006788,ORG-019,AST-06788,268,15,2,25,48,8,199,14,0.47,High,7.2
IAM-006789,ORG-005,AST-06789,340,21,1,3,56,7,191,26,0.45,Medium,7.1
IAM-006790,ORG-014,AST-06790,161,7,0,10,37,4,167,24,0.9,High,8.6
IAM-006791,ORG-006,AST-06791,207,3,7,14,47,1,55,4,0.82,Low,6.3
IAM-006792,ORG-004,AST-06792,355,33,1,4,65,29,78,4,0.6,High,5.1
IAM-006793,ORG-006,AST-06793,166,10,1,4,50,6,197,16,0.73,High,7.0
IAM-006794,ORG-017,AST-06794,184,1,3,5,93,0,180,11,0.75,Low,2.2
IAM-006795,ORG-003,AST-06795,276,9,2,1,39,5,197,37,0.62,High,10
IAM-006796,ORG-006,AST-06796,377,3,7,35,83,1,192,0,0.53,Low,3.4
IAM-006797,ORG-025,AST-06797,23,2,1,0,72,2,150,7,0.71,High,5.3
IAM-006798,ORG-001,AST-06798,377,20,6,36,90,3,171,9,0.42,Medium,3.2
IAM-006799,ORG-003,AST-06799,189,18,7,3,43,1,134,13,0.84,Low,6.3
IAM-006800,ORG-005,AST-06800,404,12,13,27,79,5,32,3,0.92,Medium,5.8
IAM-006801,ORG-011,AST-06801,134,3,3,8,57,3,90,10,0.79,High,7.1
IAM-006802,ORG-002,AST-06802,331,21,4,26,90,16,91,10,0.57,High,5.1
IAM-006803,ORG-016,AST-06803,376,36,10,35,42,13,122,13,0.47,Medium,8.3
IAM-006804,ORG-021,AST-06804,129,6,0,4,44,3,27,4,0.76,Medium,6.1
IAM-006805,ORG-012,AST-06805,413,20,4,33,76,19,21,3,0.39,High,5.4
IAM-006806,ORG-008,AST-06806,293,14,5,20,39,6,18,2,0.53,Medium,6.3
IAM-006807,ORG-021,AST-06807,6,2,0,0,31,1,48,9,0.56,Low,6.6
IAM-006808,ORG-008,AST-06808,39,3,1,0,39,1,76,7,0.6,Low,6.1
IAM-006809,ORG-008,AST-06809,91,5,4,2,35,5,121,19,0.37,High,10
IAM-006810,ORG-019,AST-06810,205,8,5,18,43,2,155,25,0.74,Low,7.9
IAM-006811,ORG-021,AST-06811,164,5,0,5,98,2,142,24,0.62,Low,3.4
IAM-006812,ORG-014,AST-06812,500,24,7,23,44,5,183,16,0.71,Medium,7.1
IAM-006813,ORG-005,AST-06813,383,9,10,27,96,2,79,4,0.78,Low,2.9
IAM-006814,ORG-019,AST-06814,347,5,7,31,43,5,116,15,0.71,High,9.3
IAM-006815,ORG-019,AST-06815,343,24,9,20,94,18,130,11,0.52,High,6.0
IAM-006816,ORG-003,AST-06816,26,2,1,0,77,1,133,0,0.8,Low,3.1
IAM-006817,ORG-024,AST-06817,116,8,3,8,40,5,38,2,0.63,High,6.9
IAM-006818,ORG-021,AST-06818,223,18,3,2,73,17,150,17,0.7,High,6.9
IAM-006819,ORG-018,AST-06819,237,1,0,12,51,0,12,2,0.43,Low,3.1
IAM-006820,ORG-023,AST-06820,223,9,10,17,56,3,35,5,0.62,Medium,6.3
IAM-006821,ORG-010,AST-06821,335,17,6,24,56,5,24,1,0.63,Medium,4.9
IAM-006822,ORG-010,AST-06822,148,12,6,5,41,1,195,36,0.38,Low,8.5
IAM-006823,ORG-019,AST-06823,152,8,3,7,89,7,186,15,0.78,High,5.4
IAM-006824,ORG-020,AST-06824,439,23,17,36,65,19,105,10,0.31,High,9.0
IAM-006825,ORG-013,AST-06825,264,23,9,21,85,5,132,4,0.78,Medium,3.6
IAM-006826,ORG-022,AST-06826,439,35,4,8,59,31,19,1,0.44,High,6.3
IAM-006827,ORG-006,AST-06827,299,9,11,8,65,7,192,33,0.34,High,10
IAM-006828,ORG-014,AST-06828,29,2,0,1,80,1,181,26,0.63,Low,5.9
IAM-006829,ORG-009,AST-06829,26,2,1,1,32,2,111,13,0.5,High,9.4
IAM-006830,ORG-012,AST-06830,495,46,21,49,78,42,31,4,0.7,High,8.9
IAM-006831,ORG-005,AST-06831,421,26,16,4,71,2,186,31,1.0,Low,8.0
IAM-006832,ORG-018,AST-06832,263,9,9,18,69,2,154,23,0.44,Low,6.5
IAM-006833,ORG-025,AST-06833,118,5,5,0,58,5,8,0,0.78,High,7.0
IAM-006834,ORG-011,AST-06834,119,11,1,0,84,3,182,29,0.59,Medium,5.3
IAM-006835,ORG-021,AST-06835,57,5,0,2,59,4,181,36,0.85,High,9.2
IAM-006836,ORG-006,AST-06836,393,12,0,7,58,10,170,17,0.33,High,7.1
IAM-006837,ORG-014,AST-06837,150,2,2,13,56,0,127,13,0.52,Low,5.0
IAM-006838,ORG-019,AST-06838,294,23,3,9,42,10,101,15,0.91,Medium,7.2
IAM-006839,ORG-004,AST-06839,382,6,9,27,74,6,171,22,0.89,High,8.8
IAM-006840,ORG-025,AST-06840,306,10,6,23,97,6,187,25,0.44,High,5.6
IAM-006841,ORG-021,AST-06841,278,6,9,24,33,0,95,3,0.6,Low,6.8
IAM-006842,ORG-023,AST-06842,268,5,12,8,75,4,28,5,0.51,High,7.3
IAM-006843,ORG-016,AST-06843,148,7,1,1,95,2,81,15,0.96,Low,2.8
IAM-006844,ORG-018,AST-06844,435,17,7,41,88,6,68,6,0.56,Medium,3.9
IAM-006845,ORG-007,AST-06845,461,20,18,16,31,13,83,10,0.31,High,10
IAM-006846,ORG-003,AST-06846,248,6,5,8,70,2,163,6,1.0,Low,4.2
IAM-006847,ORG-014,AST-06847,60,6,1,3,39,5,200,36,0.65,High,10
IAM-006848,ORG-001,AST-06848,483,47,8,28,59,0,170,6,0.75,Low,5.0
IAM-006849,ORG-006,AST-06849,429,7,11,16,97,6,114,8,0.9,High,6.2
IAM-006850,ORG-002,AST-06850,123,7,2,1,39,6,67,10,0.98,High,7.8
IAM-006851,ORG-010,AST-06851,111,4,5,0,87,3,38,6,0.63,High,4.9
IAM-006852,ORG-018,AST-06852,286,4,8,28,74,3,170,24,0.6,High,8.1
IAM-006853,ORG-003,AST-06853,179,15,6,0,64,6,89,8,0.95,Medium,5.9
IAM-006854,ORG-013,AST-06854,157,4,5,15,55,2,33,4,0.44,Low,5.4
IAM-006855,ORG-017,AST-06855,147,7,1,12,87,6,168,8,0.77,High,3.9
IAM-006856,ORG-022,AST-06856,41,4,0,1,94,3,70,11,0.35,High,3.8
IAM-006857,ORG-024,AST-06857,311,8,12,13,56,7,129,21,0.89,High,10
IAM-006858,ORG-009,AST-06858,22,2,0,0,90,0,161,16,0.37,Low,1.8
IAM-006859,ORG-019,AST-06859,357,19,8,1,77,15,18,0,0.45,High,5.6
IAM-006860,ORG-010,AST-06860,250,3,7,19,37,3,1,0,0.68,High,8.5
IAM-006861,ORG-002,AST-06861,83,6,2,2,30,2,101,9,0.38,Low,7.3
IAM-006862,ORG-025,AST-06862,396,31,18,12,54,8,162,0,0.76,Medium,7.9
IAM-006863,ORG-023,AST-06863,408,21,3,0,56,16,61,8,0.93,High,6.4
IAM-006864,ORG-024,AST-06864,375,14,8,12,69,9,28,0,0.64,High,5.9
IAM-006865,ORG-002,AST-06865,234,2,6,4,37,1,39,7,0.75,Low,7.8
IAM-006866,ORG-022,AST-06866,89,4,4,1,49,0,155,28,0.41,Low,7.1
IAM-006867,ORG-003,AST-06867,121,9,3,12,90,9,126,4,0.55,High,4.7
IAM-006868,ORG-006,AST-06868,435,43,10,12,85,30,74,10,1.0,High,6.2
IAM-006869,ORG-021,AST-06869,266,9,4,17,43,1,109,1,0.72,Low,4.8
IAM-006870,ORG-009,AST-06870,424,2,13,21,68,2,164,29,0.57,High,10
IAM-006871,ORG-003,AST-06871,345,32,2,33,37,2,42,3,0.33,Low,4.9
IAM-006872,ORG-024,AST-06872,274,23,1,16,74,17,79,5,0.89,High,5.0
IAM-006873,ORG-024,AST-06873,400,5,3,30,65,1,86,3,0.75,Low,3.6
IAM-006874,ORG-005,AST-06874,265,7,4,1,45,4,59,5,0.3,High,6.3
IAM-006875,ORG-021,AST-06875,195,10,5,17,62,2,73,5,0.91,Low,5.0
IAM-006876,ORG-001,AST-06876,445,41,21,25,89,16,81,13,0.49,Medium,7.1
IAM-006877,ORG-025,AST-06877,260,6,9,2,99,5,80,16,0.9,High,6.2
IAM-006878,ORG-014,AST-06878,424,8,8,20,73,3,22,0,0.36,Medium,4.4
IAM-006879,ORG-014,AST-06879,170,13,5,10,47,12,195,11,0.79,High,8.6
IAM-006880,ORG-019,AST-06880,146,12,7,11,81,4,38,1,0.99,Medium,3.7
IAM-006881,ORG-024,AST-06881,153,15,6,6,76,6,189,19,0.54,Medium,5.6
IAM-006882,ORG-019,AST-06882,466,21,17,36,46,0,7,1,0.46,Low,6.7
IAM-006883,ORG-002,AST-06883,137,13,0,10,96,10,166,10,0.93,High,3.8
IAM-006884,ORG-024,AST-06884,199,1,4,6,54,1,64,11,0.32,High,8.1
IAM-006885,ORG-012,AST-06885,139,10,2,8,58,9,167,15,0.92,High,7.2
IAM-006886,ORG-014,AST-06886,334,15,8,16,96,2,118,10,0.81,Low,3.1
IAM-006887,ORG-021,AST-06887,408,14,10,28,79,5,128,22,0.81,Medium,6.5
IAM-006888,ORG-020,AST-06888,123,9,5,5,80,4,146,20,0.55,Medium,5.2
IAM-006889,ORG-017,AST-06889,21,1,0,2,57,0,11,0,0.9,Low,2.8
IAM-006890,ORG-024,AST-06890,127,7,0,0,76,6,87,6,0.32,High,5.0
IAM-006891,ORG-004,AST-06891,371,9,13,4,64,7,88,4,0.99,High,7.9
IAM-006892,ORG-010,AST-06892,436,37,6,0,73,6,136,27,0.99,Medium,6.2
IAM-006893,ORG-023,AST-06893,96,7,4,8,42,2,16,2,0.41,Low,5.8
IAM-006894,ORG-020,AST-06894,185,11,7,18,30,2,173,4,0.67,Low,7.3
IAM-006895,ORG-005,AST-06895,349,4,17,14,98,0,147,18,0.56,Low,5.7
IAM-006896,ORG-007,AST-06896,479,45,2,17,36,5,129,8,0.73,Medium,6.1
IAM-006897,ORG-019,AST-06897,23,2,0,1,77,1,158,31,0.81,Low,5.8
IAM-006898,ORG-004,AST-06898,452,12,21,15,57,4,167,15,0.54,Medium,9.7
IAM-006899,ORG-009,AST-06899,467,13,22,41,67,10,38,0,0.74,High,8.7
IAM-006900,ORG-011,AST-06900,11,2,0,0,52,1,81,15,0.73,Low,6.2
IAM-006901,ORG-011,AST-06901,293,8,4,26,70,2,47,9,0.4,Low,4.4
IAM-006902,ORG-015,AST-06902,129,3,2,9,87,0,120,2,0.89,Low,1.6
IAM-006903,ORG-023,AST-06903,40,4,0,3,69,2,167,22,0.57,Low,5.4
IAM-006904,ORG-003,AST-06904,87,3,0,3,69,2,110,18,0.49,High,5.4
IAM-006905,ORG-019,AST-06905,350,14,5,4,80,10,138,16,0.37,High,5.9
IAM-006906,ORG-003,AST-06906,272,4,4,10,78,0,22,2,0.88,Low,2.6
IAM-006907,ORG-008,AST-06907,70,1,3,6,66,1,58,1,0.76,High,5.9
IAM-006908,ORG-003,AST-06908,265,7,8,13,65,1,136,2,0.61,Low,4.8
IAM-006909,ORG-014,AST-06909,379,19,7,10,66,3,157,1,0.8,Medium,4.4
IAM-006910,ORG-008,AST-06910,389,7,7,2,76,6,54,0,0.74,High,5.2
IAM-006911,ORG-024,AST-06911,412,11,14,21,91,6,55,1,0.95,High,4.8
IAM-006912,ORG-021,AST-06912,168,12,2,8,95,6,134,18,0.34,Medium,4.0
IAM-006913,ORG-006,AST-06913,442,44,2,5,92,7,105,1,0.43,Medium,1.5
IAM-006914,ORG-020,AST-06914,216,15,1,15,75,2,86,4,0.58,Low,3.1
IAM-006915,ORG-002,AST-06915,77,3,0,1,88,1,71,2,0.97,Low,1.9
IAM-006916,ORG-012,AST-06916,209,12,0,12,39,7,59,3,0.9,High,6.5
IAM-006917,ORG-019,AST-06917,224,6,11,14,43,0,43,4,0.64,Low,6.8
IAM-006918,ORG-014,AST-06918,448,22,16,40,54,13,11,2,0.85,High,7.9
IAM-006919,ORG-023,AST-06919,375,10,16,16,85,3,57,11,0.99,Medium,6.1
IAM-006920,ORG-017,AST-06920,374,32,2,28,30,23,72,1,0.55,High,7.8
IAM-006921,ORG-015,AST-06921,435,30,20,38,30,8,26,3,0.66,Medium,9.7
IAM-006922,ORG-006,AST-06922,104,8,5,1,83,2,74,9,0.54,Low,3.5
IAM-006923,ORG-015,AST-06923,243,23,2,1,41,18,103,13,0.99,High,8.3
IAM-006924,ORG-010,AST-06924,482,16,18,7,74,6,196,35,0.49,Medium,9.9
IAM-006925,ORG-013,AST-06925,414,26,15,14,81,24,44,0,0.72,High,7.3
IAM-006926,ORG-011,AST-06926,321,24,6,1,37,1,125,16,0.84,Low,6.7
IAM-006927,ORG-004,AST-06927,34,1,0,0,60,0,69,5,0.52,Low,3.5
IAM-006928,ORG-007,AST-06928,381,6,1,5,71,0,134,18,0.32,Low,4.1
IAM-006929,ORG-014,AST-06929,429,13,12,25,58,7,52,5,0.57,High,7.0
IAM-006930,ORG-008,AST-06930,364,1,3,35,39,0,149,11,0.46,Low,5.6
IAM-006931,ORG-013,AST-06931,335,2,6,12,91,0,113,10,0.83,Low,3.1
IAM-006932,ORG-012,AST-06932,351,8,6,17,89,8,12,1,0.58,High,5.0
IAM-006933,ORG-025,AST-06933,500,35,21,12,70,2,99,19,0.92,Low,8.6
IAM-006934,ORG-004,AST-06934,83,6,0,6,48,1,47,8,0.44,Low,4.3
IAM-006935,ORG-009,AST-06935,205,2,6,4,58,2,172,11,0.52,High,8.5
IAM-006936,ORG-024,AST-06936,335,1,4,22,36,1,16,2,0.73,High,8.1
IAM-006937,ORG-015,AST-06937,142,4,0,11,55,2,193,3,0.64,Low,5.2
IAM-006938,ORG-009,AST-06938,249,14,6,12,91,2,44,6,0.5,Low,2.4
IAM-006939,ORG-014,AST-06939,329,11,9,25,76,3,126,19,0.62,Medium,6.5
IAM-006940,ORG-015,AST-06940,43,2,2,4,32,1,37,5,0.49,Low,7.2
IAM-006941,ORG-019,AST-06941,467,42,20,10,89,22,158,23,0.76,High,8.2
IAM-006942,ORG-012,AST-06942,122,11,3,9,39,2,28,3,0.66,Low,5.6
IAM-006943,ORG-004,AST-06943,445,17,19,35,60,11,158,17,0.59,High,10
IAM-006944,ORG-013,AST-06944,64,2,3,0,77,0,93,7,0.93,Low,3.2
IAM-006945,ORG-005,AST-06945,266,6,4,17,33,4,15,3,0.34,High,7.5
IAM-006946,ORG-013,AST-06946,34,1,0,0,46,0,144,19,0.9,Low,5.7
IAM-006947,ORG-002,AST-06947,185,16,8,6,32,14,127,1,0.56,High,8.5
IAM-006948,ORG-008,AST-06948,77,7,2,1,30,4,164,6,0.89,High,7.7
IAM-006949,ORG-007,AST-06949,443,41,17,8,63,9,187,20,0.45,Medium,8.0
IAM-006950,ORG-016,AST-06950,378,22,11,0,51,17,19,0,0.47,High,7.8
IAM-006951,ORG-003,AST-06951,310,7,6,2,54,7,96,7,0.43,High,8.3
IAM-006952,ORG-007,AST-06952,55,5,2,5,47,0,31,2,0.62,Low,4.5
IAM-006953,ORG-003,AST-06953,172,17,0,2,99,14,14,2,0.64,High,2.6
IAM-006954,ORG-008,AST-06954,76,3,2,4,95,3,181,22,0.56,High,6.2
IAM-006955,ORG-005,AST-06955,379,1,7,12,82,0,16,0,0.84,Low,2.4
IAM-006956,ORG-002,AST-06956,31,1,1,3,69,0,61,9,0.59,Low,3.7
IAM-006957,ORG-021,AST-06957,40,1,0,1,95,0,113,13,0.48,Low,1.9
IAM-006958,ORG-018,AST-06958,295,1,11,23,97,0,65,0,0.77,Low,2.7
IAM-006959,ORG-006,AST-06959,223,21,10,16,92,1,110,17,0.78,Low,4.0
IAM-006960,ORG-017,AST-06960,364,17,13,11,72,9,33,1,0.66,High,6.1
IAM-006961,ORG-001,AST-06961,60,4,1,2,60,4,89,7,0.49,High,6.1
IAM-006962,ORG-005,AST-06962,173,1,7,4,62,1,161,12,0.97,High,7.9
IAM-006963,ORG-010,AST-06963,47,4,2,3,33,0,128,13,0.92,Low,6.5
IAM-006964,ORG-011,AST-06964,358,16,10,0,59,6,46,5,0.31,Medium,6.4
IAM-006965,ORG-025,AST-06965,132,11,0,9,53,11,52,1,0.52,High,5.8
IAM-006966,ORG-025,AST-06966,194,2,6,19,32,2,196,2,0.67,High,8.8
IAM-006967,ORG-005,AST-06967,95,2,1,3,92,1,78,11,0.95,Low,3.1
IAM-006968,ORG-020,AST-06968,178,10,8,14,50,7,128,18,0.65,High,8.9
IAM-006969,ORG-010,AST-06969,378,27,1,17,33,1,120,17,0.74,Low,6.2
IAM-006970,ORG-001,AST-06970,74,3,2,2,94,3,73,13,0.55,High,5.4
IAM-006971,ORG-001,AST-06971,110,10,3,8,32,9,11,0,0.92,High,7.7
IAM-006972,ORG-023,AST-06972,8,1,0,0,56,0,34,2,0.33,Low,2.7
IAM-006973,ORG-020,AST-06973,391,12,5,9,63,5,21,4,0.58,Medium,4.7
IAM-006974,ORG-003,AST-06974,259,21,10,12,77,6,33,1,0.94,Medium,4.8
IAM-006975,ORG-023,AST-06975,153,15,0,1,60,1,9,0,0.74,Low,2.9
IAM-006976,ORG-007,AST-06976,325,13,6,30,78,9,156,10,0.89,High,6.2
IAM-006977,ORG-001,AST-06977,193,11,0,18,98,2,9,1,0.51,Low,1.0
IAM-006978,ORG-002,AST-06978,317,15,4,22,51,0,188,16,0.79,Low,5.2
IAM-006979,ORG-001,AST-06979,445,30,21,31,52,17,56,7,0.97,High,9.3
IAM-006980,ORG-020,AST-06980,485,1,11,39,60,0,17,0,0.83,Low,5.0
IAM-006981,ORG-007,AST-06981,262,6,5,1,74,6,138,9,0.8,High,7.0
IAM-006982,ORG-017,AST-06982,35,1,0,2,40,0,35,1,0.8,Low,4.2
IAM-006983,ORG-018,AST-06983,474,19,8,10,91,1,34,3,0.31,Low,2.7
IAM-006984,ORG-023,AST-06984,284,13,5,21,89,0,109,6,0.58,Low,2.2
IAM-006985,ORG-006,AST-06985,231,18,9,7,64,7,124,8,0.63,Medium,6.6
IAM-006986,ORG-008,AST-06986,149,14,6,12,80,1,157,30,0.95,Low,6.2
IAM-006987,ORG-018,AST-06987,454,37,11,19,76,5,27,2,0.45,Medium,4.6
IAM-006988,ORG-016,AST-06988,246,5,7,6,76,4,172,5,0.79,High,6.3
IAM-006989,ORG-025,AST-06989,302,14,8,23,38,11,106,7,0.8,High,8.8
IAM-006990,ORG-008,AST-06990,401,34,7,8,81,27,49,3,0.93,High,5.8
IAM-006991,ORG-006,AST-06991,439,14,21,18,53,12,43,2,0.5,High,10
IAM-006992,ORG-012,AST-06992,359,13,15,28,99,4,177,21,0.34,Medium,5.9
IAM-006993,ORG-001,AST-06993,104,6,3,1,43,5,148,2,0.32,High,7.5
IAM-006994,ORG-020,AST-06994,86,5,2,5,52,2,49,2,0.74,Low,4.8
IAM-006995,ORG-004,AST-06995,368,22,6,15,44,9,124,8,0.42,Medium,7.3
IAM-006996,ORG-021,AST-06996,163,8,4,13,69,3,43,8,0.67,Medium,4.3
IAM-006997,ORG-016,AST-06997,29,1,0,2,55,1,13,0,0.86,High,5.5
IAM-006998,ORG-025,AST-06998,304,30,5,20,64,26,114,12,0.43,High,7.1
IAM-006999,ORG-021,AST-06999,484,32,8,20,64,17,15,0,0.3,High,5.9
IAM-007000,ORG-022,AST-07000,280,24,13,16,93,7,98,9,0.61,Medium,4.5
IAM-007001,ORG-016,AST-07001,392,14,15,18,55,0,72,14,0.68,Low,7.4
IAM-007002,ORG-019,AST-07002,313,28,12,29,58,6,166,1,0.72,Medium,5.6
IAM-007003,ORG-004,AST-07003,383,32,0,5,42,18,156,15,0.58,High,6.7
IAM-007004,ORG-017,AST-07004,280,28,9,3,80,23,32,2,0.54,High,5.8
IAM-007005,ORG-012,AST-07005,106,6,5,5,97,1,113,13,0.58,Low,2.5
IAM-007006,ORG-004,AST-07006,224,12,0,2,97,1,162,31,0.41,Low,3.2
IAM-007007,ORG-011,AST-07007,300,11,5,17,90,9,134,6,0.35,High,4.9
IAM-007008,ORG-005,AST-07008,37,1,1,1,77,1,135,5,0.76,High,4.9
IAM-007009,ORG-010,AST-07009,126,12,2,5,30,4,167,2,0.68,Medium,6.7
IAM-007010,ORG-004,AST-07010,341,30,13,4,78,19,24,3,0.68,High,6.6
IAM-007011,ORG-005,AST-07011,446,35,4,3,91,23,147,27,0.72,High,6.6
IAM-007012,ORG-025,AST-07012,419,31,19,14,53,2,138,14,0.63,Low,8.5
IAM-007013,ORG-023,AST-07013,431,42,17,7,42,35,80,9,0.99,High,10
IAM-007014,ORG-005,AST-07014,429,39,17,27,84,38,153,4,0.4,High,7.6
IAM-007015,ORG-015,AST-07015,198,9,8,6,62,9,199,9,0.4,High,8.0
IAM-007016,ORG-007,AST-07016,359,31,15,30,53,7,200,13,0.51,Medium,8.5
IAM-007017,ORG-011,AST-07017,459,11,19,11,41,10,40,6,0.94,High,10
IAM-007018,ORG-023,AST-07018,228,1,2,22,48,0,85,6,0.79,Low,4.6
IAM-007019,ORG-023,AST-07019,210,21,8,12,85,0,155,20,0.62,Low,4.2
IAM-007020,ORG-008,AST-07020,455,15,10,1,82,13,116,12,0.87,High,6.6
IAM-007021,ORG-023,AST-07021,221,21,10,11,56,6,139,0,0.57,Medium,6.2
IAM-007022,ORG-008,AST-07022,470,29,7,26,70,11,130,2,0.53,Medium,4.4
IAM-007023,ORG-006,AST-07023,35,2,1,2,85,0,28,5,0.92,Low,1.5
IAM-007024,ORG-011,AST-07024,246,4,5,1,89,3,196,5,0.76,High,4.4
IAM-007025,ORG-020,AST-07025,323,27,5,21,54,9,4,1,0.4,Medium,5.5
IAM-007026,ORG-003,AST-07026,251,10,0,6,72,7,168,33,0.56,High,7.1
IAM-007027,ORG-008,AST-07027,311,23,13,3,57,11,80,11,0.76,Medium,8.2
IAM-007028,ORG-019,AST-07028,69,2,2,2,32,1,19,3,0.83,Low,6.9
IAM-007029,ORG-016,AST-07029,106,9,3,6,56,2,182,10,0.98,Low,5.1
IAM-007030,ORG-022,AST-07030,387,5,4,9,79,2,96,4,0.46,Low,3.5
IAM-007031,ORG-005,AST-07031,234,15,8,11,74,1,180,32,0.65,Low,6.3
IAM-007032,ORG-017,AST-07032,266,13,0,22,39,4,92,2,0.82,Medium,4.8
IAM-007033,ORG-011,AST-07033,64,2,3,2,76,0,73,0,0.66,Low,2.4
IAM-007034,ORG-018,AST-07034,444,4,11,43,30,4,102,20,0.82,High,10
IAM-007035,ORG-015,AST-07035,263,13,8,2,93,3,188,35,0.53,Medium,6.0
IAM-007036,ORG-023,AST-07036,362,5,2,11,31,1,93,11,0.85,Low,6.7
IAM-007037,ORG-004,AST-07037,410,30,19,21,95,10,143,14,0.99,Medium,6.8
IAM-007038,ORG-024,AST-07038,204,5,1,20,65,4,66,8,0.58,High,5.7
IAM-007039,ORG-002,AST-07039,449,37,0,21,87,11,175,2,0.82,Medium,1.9
IAM-007040,ORG-011,AST-07040,167,13,8,9,80,4,46,4,0.6,Medium,4.5
IAM-007041,ORG-008,AST-07041,56,4,2,5,99,2,37,6,0.57,Low,2.4
IAM-007042,ORG-004,AST-07042,24,2,0,1,97,1,187,36,0.75,Low,5.7
IAM-007043,ORG-004,AST-07043,123,12,5,11,67,5,168,10,0.75,Medium,5.1
IAM-007044,ORG-005,AST-07044,258,21,4,20,81,18,173,28,0.45,High,7.4
IAM-007045,ORG-024,AST-07045,400,23,20,28,32,2,148,11,0.54,Low,9.6
IAM-007046,ORG-012,AST-07046,424,26,17,14,100,11,17,0,0.99,Medium,4.6
IAM-007047,ORG-017,AST-07047,383,26,4,17,62,10,84,15,0.75,Medium,5.9
IAM-007048,ORG-005,AST-07048,216,17,5,19,63,6,30,3,0.94,Medium,4.7
IAM-007049,ORG-021,AST-07049,167,15,6,16,87,7,182,13,0.79,Medium,4.6
IAM-007050,ORG-006,AST-07050,53,5,2,5,64,4,91,4,0.48,High,5.8
IAM-007051,ORG-007,AST-07051,290,3,8,27,38,1,142,19,0.97,Low,8.6
IAM-007052,ORG-019,AST-07052,94,8,0,8,95,4,62,8,0.66,Medium,2.4
IAM-007053,ORG-023,AST-07053,74,6,1,7,90,2,194,8,0.82,Low,2.3
IAM-007054,ORG-002,AST-07054,304,7,7,6,92,2,194,28,0.43,Low,5.3
IAM-007055,ORG-003,AST-07055,356,7,14,26,99,3,123,6,0.82,Medium,4.9
IAM-007056,ORG-010,AST-07056,26,2,0,2,65,0,115,10,0.44,Low,3.0
IAM-007057,ORG-004,AST-07057,353,17,16,14,70,16,119,0,0.89,High,8.4
IAM-007058,ORG-022,AST-07058,486,32,20,37,48,23,188,29,0.44,High,10
IAM-007059,ORG-018,AST-07059,431,3,16,36,90,1,102,15,0.81,Low,6.6
IAM-007060,ORG-016,AST-07060,434,5,3,29,36,2,143,21,0.39,Low,8.5
IAM-007061,ORG-004,AST-07061,171,14,1,14,68,10,53,9,0.37,High,5.3
IAM-007062,ORG-012,AST-07062,366,18,12,8,81,18,112,12,0.78,High,8.1
IAM-007063,ORG-020,AST-07063,316,25,6,9,55,14,12,2,0.41,High,6.1
IAM-007064,ORG-018,AST-07064,185,17,7,16,52,16,171,3,0.71,High,8.2
IAM-007065,ORG-005,AST-07065,393,14,2,20,39,2,68,5,0.88,Low,5.8
IAM-007066,ORG-017,AST-07066,486,41,15,27,72,13,175,31,0.66,Medium,9.4
IAM-007067,ORG-021,AST-07067,454,15,8,3,37,11,190,14,0.44,High,9.7
IAM-007068,ORG-003,AST-07068,157,12,7,11,41,11,16,0,0.38,High,8.5
IAM-007069,ORG-021,AST-07069,390,15,11,31,66,11,134,1,0.61,High,6.7
IAM-007070,ORG-017,AST-07070,158,2,3,1,83,1,166,2,0.71,Low,3.5
IAM-007071,ORG-015,AST-07071,477,4,6,43,97,3,87,7,0.69,High,4.0
IAM-007072,ORG-023,AST-07072,196,1,2,7,92,1,121,16,0.34,High,6.0
IAM-007073,ORG-024,AST-07073,180,1,6,9,71,1,47,5,0.6,High,6.9
IAM-007074,ORG-017,AST-07074,152,14,2,8,57,4,133,18,0.31,Medium,5.7
IAM-007075,ORG-025,AST-07075,249,21,2,20,97,21,98,16,0.33,High,5.5
IAM-007076,ORG-020,AST-07076,138,6,2,3,36,2,195,2,0.42,Low,5.5
IAM-007077,ORG-008,AST-07077,399,1,6,3,50,0,184,12,0.78,Low,5.9
IAM-007078,ORG-010,AST-07078,92,3,1,3,51,1,185,21,0.75,Low,6.5
IAM-007079,ORG-021,AST-07079,168,11,1,9,73,8,102,1,0.85,High,4.7
IAM-007080,ORG-010,AST-07080,34,2,0,3,64,0,31,2,0.88,Low,2.8
IAM-007081,ORG-022,AST-07081,207,15,9,9,41,5,94,4,0.49,Medium,7.2
IAM-007082,ORG-018,AST-07082,66,2,1,5,58,0,169,3,0.71,Low,3.1
IAM-007083,ORG-024,AST-07083,34,2,1,1,68,2,68,6,0.56,High,5.8
IAM-007084,ORG-016,AST-07084,125,3,5,2,73,2,40,3,0.98,High,5.0
IAM-007085,ORG-009,AST-07085,354,15,17,33,58,5,39,6,0.47,Medium,7.6
IAM-007086,ORG-016,AST-07086,272,4,10,15,41,1,21,1,0.89,Low,6.5
IAM-007087,ORG-009,AST-07087,64,3,0,1,72,2,172,16,0.88,High,5.6
IAM-007088,ORG-009,AST-07088,138,8,1,0,82,6,78,7,0.33,High,4.5
IAM-007089,ORG-024,AST-07089,51,5,1,0,60,0,91,10,0.91,Low,4.2
IAM-007090,ORG-018,AST-07090,78,2,2,7,35,2,53,2,0.86,High,8.0
IAM-007091,ORG-008,AST-07091,298,7,6,15,51,4,117,15,0.97,High,7.6
IAM-007092,ORG-001,AST-07092,223,11,2,14,94,5,38,5,0.57,Medium,3.1
IAM-007093,ORG-022,AST-07093,198,19,0,10,89,16,124,7,0.57,High,3.5
IAM-007094,ORG-020,AST-07094,429,23,12,16,48,1,144,17,0.49,Low,7.9
IAM-007095,ORG-013,AST-07095,141,4,6,10,73,2,18,3,0.68,Low,5.2
IAM-007096,ORG-022,AST-07096,52,3,2,2,55,2,26,1,0.5,High,5.4
IAM-007097,ORG-020,AST-07097,454,16,14,6,99,10,66,4,0.45,High,5.2
IAM-007098,ORG-020,AST-07098,442,44,21,16,53,40,14,0,0.51,High,10
IAM-007099,ORG-001,AST-07099,376,18,2,28,36,13,109,7,0.81,High,7.5
IAM-007100,ORG-014,AST-07100,370,10,0,11,66,2,178,34,0.83,Low,6.5
IAM-007101,ORG-020,AST-07101,420,39,21,1,90,10,22,2,0.6,Medium,5.5
IAM-007102,ORG-005,AST-07102,471,3,7,40,60,3,148,0,0.64,High,7.5
IAM-007103,ORG-018,AST-07103,441,43,22,6,87,8,150,30,0.46,Medium,8.8
IAM-007104,ORG-008,AST-07104,53,1,0,4,54,0,43,7,0.8,Low,3.3
IAM-007105,ORG-006,AST-07105,457,29,5,35,83,29,51,2,0.82,High,5.5
IAM-007106,ORG-017,AST-07106,389,4,6,24,54,2,141,14,0.42,Low,7.2
IAM-007107,ORG-024,AST-07107,249,22,11,4,79,18,121,14,0.79,High,7.1
IAM-007108,ORG-007,AST-07108,387,12,2,12,67,9,70,3,0.43,High,5.2
IAM-007109,ORG-004,AST-07109,409,31,8,33,48,24,148,25,0.64,High,9.7
IAM-007110,ORG-005,AST-07110,395,19,15,18,30,7,74,2,0.45,Medium,9.2
IAM-007111,ORG-023,AST-07111,447,21,19,33,45,0,165,22,0.42,Low,9.8
IAM-007112,ORG-014,AST-07112,341,16,5,25,86,15,150,0,0.6,High,4.8
IAM-007113,ORG-001,AST-07113,352,8,1,1,39,4,99,8,0.73,Medium,6.3
IAM-007114,ORG-007,AST-07114,37,3,1,2,76,3,97,16,0.91,High,6.6
IAM-007115,ORG-024,AST-07115,207,18,8,13,32,15,85,9,0.88,High,9.5
IAM-007116,ORG-013,AST-07116,168,6,6,3,100,4,130,10,0.98,High,4.7
IAM-007117,ORG-010,AST-07117,273,4,1,11,39,2,116,1,0.65,Low,5.4
IAM-007118,ORG-005,AST-07118,496,49,19,3,98,7,48,8,0.54,Medium,4.8
IAM-007119,ORG-022,AST-07119,73,4,0,4,93,0,121,24,0.37,Low,3.1
IAM-007120,ORG-016,AST-07120,222,7,4,7,84,2,77,5,0.5,Low,2.9
IAM-007121,ORG-015,AST-07121,142,8,4,1,96,7,158,9,0.67,High,4.3
IAM-007122,ORG-012,AST-07122,19,2,0,0,50,0,153,16,0.98,Low,5.0
IAM-007123,ORG-006,AST-07123,393,11,16,38,66,9,195,27,0.87,High,10
IAM-007124,ORG-019,AST-07124,269,8,12,20,42,1,188,13,0.35,Low,7.9
IAM-007125,ORG-014,AST-07125,289,16,0,2,94,6,196,2,0.77,Medium,1.4
IAM-007126,ORG-010,AST-07126,124,6,1,8,50,0,133,2,0.49,Low,3.7
IAM-007127,ORG-019,AST-07127,265,20,7,25,58,8,69,8,0.77,Medium,6.7
IAM-007128,ORG-023,AST-07128,12,2,0,0,42,1,109,15,0.49,Low,6.7
IAM-007129,ORG-013,AST-07129,344,31,5,26,91,3,55,6,0.32,Medium,2.6
IAM-007130,ORG-005,AST-07130,76,7,3,3,30,2,96,6,0.63,Low,6.7
IAM-007131,ORG-009,AST-07131,485,41,13,25,72,14,135,14,0.37,Medium,7.3
IAM-007132,ORG-022,AST-07132,332,33,5,8,88,18,18,0,0.48,High,3.2
IAM-007133,ORG-023,AST-07133,175,11,5,13,55,9,9,0,0.93,High,6.4
IAM-007134,ORG-025,AST-07134,128,6,0,3,40,4,45,3,0.41,High,6.6
IAM-007135,ORG-003,AST-07135,48,4,0,0,33,3,108,13,0.93,High,8.0
IAM-007136,ORG-003,AST-07136,50,3,0,5,67,3,48,1,0.58,High,5.5
IAM-007137,ORG-004,AST-07137,172,4,3,1,58,2,37,1,0.86,Low,5.2
IAM-007138,ORG-017,AST-07138,457,32,7,4,89,0,197,22,0.73,Low,4.0
IAM-007139,ORG-008,AST-07139,129,6,4,4,94,6,14,2,0.88,High,4.2
IAM-007140,ORG-017,AST-07140,112,7,0,3,47,4,187,14,0.51,High,6.9
IAM-007141,ORG-023,AST-07141,388,1,0,7,68,1,28,1,0.75,High,4.8
IAM-007142,ORG-020,AST-07142,137,10,2,8,66,6,17,0,0.7,High,4.2
IAM-007143,ORG-008,AST-07143,95,3,3,3,87,0,135,12,0.68,Low,2.5
IAM-007144,ORG-007,AST-07144,39,1,1,2,46,1,1,1,0.4,High,6.9
IAM-007145,ORG-013,AST-07145,196,14,6,6,58,5,21,2,0.83,Medium,4.9
IAM-007146,ORG-020,AST-07146,296,6,14,19,58,1,44,1,0.77,Low,5.8
IAM-007147,ORG-010,AST-07147,220,22,2,15,65,3,109,5,0.87,Medium,3.2
IAM-007148,ORG-022,AST-07148,118,9,0,1,42,8,146,3,0.56,High,6.5
IAM-007149,ORG-024,AST-07149,71,1,0,2,68,1,59,10,0.39,High,6.0
IAM-007150,ORG-008,AST-07150,263,26,7,9,96,17,93,0,0.88,High,3.5
IAM-007151,ORG-011,AST-07151,307,5,13,15,65,2,161,9,0.51,Low,6.9
IAM-007152,ORG-015,AST-07152,206,3,8,5,74,3,199,2,0.87,High,7.0
IAM-007153,ORG-007,AST-07153,131,10,5,12,75,1,140,8,0.52,Low,3.9
IAM-007154,ORG-022,AST-07154,185,2,3,1,32,2,10,0,0.58,High,8.3
IAM-007155,ORG-016,AST-07155,328,15,9,8,90,14,0,1,0.33,High,5.8
IAM-007156,ORG-014,AST-07156,5,1,0,0,77,1,127,8,0.4,High,5.3
IAM-007157,ORG-016,AST-07157,185,2,2,4,85,0,101,12,0.55,Low,2.9
IAM-007158,ORG-025,AST-07158,393,8,16,3,37,8,35,3,0.39,High,10
IAM-007159,ORG-025,AST-07159,134,12,4,8,34,0,44,3,0.55,Low,5.5
IAM-007160,ORG-025,AST-07160,128,11,5,2,80,1,88,4,0.5,Low,2.8
IAM-007161,ORG-012,AST-07161,26,1,0,0,74,1,91,1,0.91,High,4.4
IAM-007162,ORG-014,AST-07162,452,13,8,7,59,4,25,1,0.58,Medium,4.9
IAM-007163,ORG-008,AST-07163,23,1,1,0,82,0,117,18,0.75,Low,3.0
IAM-007164,ORG-003,AST-07164,243,11,0,7,37,7,170,1,0.47,High,6.7
IAM-007165,ORG-005,AST-07165,11,1,0,1,39,0,101,10,0.84,Low,4.8
IAM-007166,ORG-023,AST-07166,341,10,4,16,78,8,40,1,0.52,High,5.2
IAM-007167,ORG-013,AST-07167,195,9,4,2,87,6,30,6,0.92,High,3.9
IAM-007168,ORG-018,AST-07168,44,3,0,2,55,1,200,25,0.86,Low,6.4
IAM-007169,ORG-024,AST-07169,452,33,0,19,75,7,14,2,0.32,Medium,2.0
IAM-007170,ORG-018,AST-07170,152,5,1,14,94,5,84,13,0.3,High,5.0
IAM-007171,ORG-005,AST-07171,70,1,1,0,52,0,10,1,0.84,Low,3.6
IAM-007172,ORG-004,AST-07172,128,11,3,9,67,6,139,26,0.88,High,7.3
IAM-007173,ORG-012,AST-07173,237,10,7,21,62,9,65,3,0.47,High,6.8
IAM-007174,ORG-007,AST-07174,302,10,7,22,56,8,23,0,0.5,High,6.8
IAM-007175,ORG-009,AST-07175,321,22,6,31,38,13,91,12,0.82,High,8.4
IAM-007176,ORG-009,AST-07176,173,13,3,6,68,3,0,1,0.89,Medium,3.5
IAM-007177,ORG-008,AST-07177,253,3,7,1,94,2,66,13,0.94,High,4.8
IAM-007178,ORG-023,AST-07178,78,2,3,1,50,2,186,20,0.45,High,9.1
IAM-007179,ORG-008,AST-07179,403,38,0,18,64,14,164,19,0.8,Medium,5.9
IAM-007180,ORG-012,AST-07180,111,1,2,10,80,0,165,7,0.66,Low,2.7
IAM-007181,ORG-025,AST-07181,90,7,3,2,74,3,12,0,0.47,Medium,3.6
IAM-007182,ORG-024,AST-07182,207,5,6,17,60,3,25,4,0.88,High,6.2
IAM-007183,ORG-001,AST-07183,430,23,12,24,44,18,113,13,0.47,High,10
IAM-007184,ORG-016,AST-07184,391,14,17,15,36,2,48,0,0.69,Low,7.6
IAM-007185,ORG-013,AST-07185,431,22,7,1,59,5,128,13,0.85,Medium,6.2
IAM-007186,ORG-025,AST-07186,484,47,10,0,51,29,79,6,0.84,High,7.5
IAM-007187,ORG-016,AST-07187,34,1,1,3,55,1,49,9,0.46,High,6.8
IAM-007188,ORG-016,AST-07188,10,1,0,1,31,1,44,3,0.96,High,7.8
IAM-007189,ORG-001,AST-07189,228,18,10,14,93,16,21,2,0.89,High,5.1
IAM-007190,ORG-001,AST-07190,479,9,3,25,69,9,69,12,0.54,High,6.9
IAM-007191,ORG-007,AST-07191,65,6,0,5,44,6,62,4,0.57,High,6.7
IAM-007192,ORG-021,AST-07192,275,10,0,27,33,10,87,3,0.8,High,7.8
IAM-007193,ORG-024,AST-07193,418,16,14,29,47,7,35,4,0.32,Medium,8.1
IAM-007194,ORG-015,AST-07194,446,26,13,12,81,19,109,13,0.49,High,7.5
IAM-007195,ORG-024,AST-07195,54,3,0,2,80,1,94,11,0.48,Low,3.3
IAM-007196,ORG-012,AST-07196,163,11,8,14,48,0,33,4,0.71,Low,5.1
IAM-007197,ORG-015,AST-07197,384,13,11,5,46,6,184,35,0.82,Medium,10
IAM-007198,ORG-006,AST-07198,72,2,1,5,65,2,175,23,0.83,High,8.1
IAM-007199,ORG-010,AST-07199,272,4,1,7,82,3,61,11,0.73,High,4.3
IAM-007200,ORG-016,AST-07200,311,11,1,10,36,8,13,2,0.52,High,6.8
IAM-007201,ORG-015,AST-07201,161,3,7,11,52,3,72,2,0.53,High,7.7
IAM-007202,ORG-007,AST-07202,22,1,1,1,71,1,9,1,0.67,High,5.0
IAM-007203,ORG-020,AST-07203,45,3,0,2,85,1,159,4,0.64,Low,2.1
IAM-007204,ORG-008,AST-07204,324,25,13,17,83,21,106,14,0.69,High,7.2
IAM-007205,ORG-006,AST-07205,277,16,10,14,40,12,155,1,0.55,High,8.2
IAM-007206,ORG-017,AST-07206,107,3,5,1,60,1,49,0,0.98,Low,4.8
IAM-007207,ORG-002,AST-07207,340,23,16,22,83,7,187,17,0.81,Medium,6.8
IAM-007208,ORG-006,AST-07208,330,8,13,17,37,3,63,10,0.32,Medium,8.7
IAM-007209,ORG-019,AST-07209,81,2,0,3,95,0,171,18,0.38,Low,2.0
IAM-007210,ORG-003,AST-07210,341,18,11,33,43,17,5,1,0.47,High,8.8
IAM-007211,ORG-008,AST-07211,126,4,4,3,99,4,192,19,0.53,High,5.8
IAM-007212,ORG-004,AST-07212,102,10,5,4,95,9,161,17,0.61,High,5.4
IAM-007213,ORG-006,AST-07213,453,7,10,0,60,3,82,15,0.54,Medium,7.8
IAM-007214,ORG-007,AST-07214,190,17,9,17,37,2,102,5,0.65,Low,6.4
IAM-007215,ORG-001,AST-07215,465,26,7,17,34,2,106,7,0.41,Low,6.3
IAM-007216,ORG-003,AST-07216,185,12,7,3,49,1,183,24,0.5,Low,7.0
IAM-007217,ORG-002,AST-07217,162,1,1,0,65,0,175,17,0.4,Low,4.6
IAM-007218,ORG-022,AST-07218,288,21,9,9,30,15,153,12,0.48,High,9.4
IAM-007219,ORG-019,AST-07219,63,6,1,2,32,1,75,11,0.77,Low,6.5
IAM-007220,ORG-014,AST-07220,355,11,8,33,34,6,104,1,0.56,High,7.5
IAM-007221,ORG-006,AST-07221,411,12,5,24,59,4,190,1,0.77,Medium,5.1
IAM-007222,ORG-024,AST-07222,285,23,9,4,50,18,155,12,0.72,High,8.2
IAM-007223,ORG-004,AST-07223,423,11,0,16,93,10,105,9,0.96,High,3.8
IAM-007224,ORG-021,AST-07224,320,32,6,4,72,22,52,8,0.71,High,6.2
IAM-007225,ORG-013,AST-07225,186,5,7,13,65,3,16,0,0.64,High,5.5
IAM-007226,ORG-005,AST-07226,135,13,4,1,100,3,13,0,0.46,Medium,1.0
IAM-007227,ORG-011,AST-07227,31,3,0,1,82,2,49,3,0.73,High,3.2
IAM-007228,ORG-002,AST-07228,224,5,8,12,39,2,78,5,0.4,Low,7.5
IAM-007229,ORG-009,AST-07229,323,12,4,30,58,4,156,29,0.72,Medium,7.8
IAM-007230,ORG-013,AST-07230,344,20,11,10,99,1,193,15,0.54,Low,4.4
IAM-007231,ORG-016,AST-07231,50,3,2,5,42,1,183,15,0.42,Low,7.1
IAM-007232,ORG-002,AST-07232,70,4,2,5,80,2,124,4,0.6,Low,3.8
IAM-007233,ORG-007,AST-07233,161,8,3,6,65,1,22,4,0.68,Low,3.6
IAM-007234,ORG-013,AST-07234,277,17,11,14,78,3,138,8,0.81,Medium,4.9
IAM-007235,ORG-001,AST-07235,310,4,15,25,78,4,139,9,0.6,High,8.7
IAM-007236,ORG-007,AST-07236,19,1,0,1,61,0,14,2,0.73,Low,2.8
IAM-007237,ORG-025,AST-07237,257,13,9,6,92,2,120,14,0.65,Low,4.2
IAM-007238,ORG-017,AST-07238,124,8,2,5,99,6,10,2,0.87,High,3.4
IAM-007239,ORG-018,AST-07239,438,12,16,41,78,11,4,1,0.8,High,7.3
IAM-007240,ORG-001,AST-07240,27,1,1,2,88,0,169,3,0.81,Low,1.2
IAM-007241,ORG-025,AST-07241,400,21,2,26,76,14,79,11,0.54,High,5.6
IAM-007242,ORG-013,AST-07242,483,2,1,30,63,2,127,10,0.47,High,6.9
IAM-007243,ORG-020,AST-07243,68,1,1,3,100,1,157,16,0.88,High,5.1
IAM-007244,ORG-020,AST-07244,262,3,0,18,38,1,184,14,0.63,Low,6.8
IAM-007245,ORG-003,AST-07245,101,7,3,2,92,5,101,4,0.68,High,3.9
IAM-007246,ORG-022,AST-07246,480,9,15,35,96,9,184,22,0.57,High,8.0
IAM-007247,ORG-023,AST-07247,236,9,9,20,86,0,19,0,0.38,Low,2.3
IAM-007248,ORG-013,AST-07248,353,9,3,29,67,6,95,15,0.45,High,6.2
IAM-007249,ORG-017,AST-07249,445,40,21,36,100,15,6,1,0.99,Medium,5.8
IAM-007250,ORG-016,AST-07250,147,4,2,13,54,0,35,0,0.44,Low,3.0
IAM-007251,ORG-001,AST-07251,94,6,0,3,54,3,25,5,0.36,Medium,5.0
IAM-007252,ORG-022,AST-07252,68,2,2,1,45,0,20,2,0.77,Low,4.0
IAM-007253,ORG-006,AST-07253,342,1,3,0,80,0,194,14,0.46,Low,3.1
IAM-007254,ORG-021,AST-07254,352,23,5,1,73,22,69,11,0.63,High,6.5
IAM-007255,ORG-021,AST-07255,152,3,6,14,41,2,170,19,0.38,High,8.9
IAM-007256,ORG-018,AST-07256,389,3,13,14,54,0,48,1,0.98,Low,6.0
IAM-007257,ORG-021,AST-07257,409,37,19,6,42,26,78,5,0.43,High,9.9
IAM-007258,ORG-023,AST-07258,481,29,24,26,74,7,102,19,0.51,Medium,9.4
IAM-007259,ORG-016,AST-07259,301,21,5,4,81,4,55,5,0.5,Medium,3.7
IAM-007260,ORG-007,AST-07260,448,11,8,13,40,10,177,30,0.72,High,10
IAM-007261,ORG-007,AST-07261,207,3,9,15,88,2,10,0,0.44,High,5.0
IAM-007262,ORG-010,AST-07262,10,1,0,0,40,0,166,30,0.47,Low,7.3
IAM-007263,ORG-012,AST-07263,159,4,5,2,41,3,189,33,0.3,High,10
IAM-007264,ORG-013,AST-07264,464,16,23,14,54,16,48,7,0.65,High,10
IAM-007265,ORG-017,AST-07265,260,7,6,6,50,7,113,17,0.92,High,9.1
IAM-007266,ORG-019,AST-07266,420,12,9,24,98,7,101,12,0.6,High,4.6
IAM-007267,ORG-014,AST-07267,398,34,18,2,30,17,138,19,0.54,Medium,10
IAM-007268,ORG-006,AST-07268,113,11,1,4,64,9,161,24,0.9,High,7.7
IAM-007269,ORG-008,AST-07269,266,11,4,19,65,10,177,34,0.91,High,8.8
IAM-007270,ORG-011,AST-07270,149,7,3,6,71,6,4,0,0.38,High,4.9
IAM-007271,ORG-004,AST-07271,114,11,0,10,85,11,24,4,0.62,High,4.7
IAM-007272,ORG-001,AST-07272,354,4,2,5,99,2,156,2,0.65,Low,2.3
IAM-007273,ORG-004,AST-07273,189,16,3,14,44,4,122,0,0.78,Medium,4.9
IAM-007274,ORG-014,AST-07274,193,19,2,3,33,17,172,2,0.43,High,8.2
IAM-007275,ORG-014,AST-07275,387,7,0,30,94,0,174,33,0.49,Low,4.0
IAM-007276,ORG-017,AST-07276,49,3,2,4,50,1,43,1,0.76,Low,4.5
IAM-007277,ORG-011,AST-07277,138,4,3,9,41,4,59,6,0.85,High,7.8
IAM-007278,ORG-009,AST-07278,299,1,12,17,44,1,81,6,0.72,High,9.6
IAM-007279,ORG-010,AST-07279,52,2,0,3,67,2,101,14,0.32,High,6.1
IAM-007280,ORG-021,AST-07280,289,3,5,25,89,3,149,8,0.87,High,5.2
IAM-007281,ORG-020,AST-07281,255,7,7,24,71,0,98,3,0.52,Low,3.9
IAM-007282,ORG-022,AST-07282,442,12,9,39,61,12,40,2,0.51,High,7.4
IAM-007283,ORG-019,AST-07283,264,16,6,4,38,2,72,10,0.34,Low,7.2
IAM-007284,ORG-017,AST-07284,490,5,2,25,56,3,22,3,0.77,High,5.7
IAM-007285,ORG-007,AST-07285,177,16,4,2,73,11,102,4,0.72,High,5.0
IAM-007286,ORG-004,AST-07286,143,12,0,13,70,11,98,13,0.41,High,6.1
IAM-007287,ORG-021,AST-07287,344,25,2,30,63,1,74,13,0.48,Low,4.8
IAM-007288,ORG-003,AST-07288,94,7,4,0,88,5,162,10,0.76,High,4.7
IAM-007289,ORG-016,AST-07289,262,17,0,13,74,13,42,7,0.97,High,4.4
IAM-007290,ORG-004,AST-07290,291,5,10,1,55,2,88,2,0.69,Low,6.7
IAM-007291,ORG-021,AST-07291,156,8,0,6,87,6,75,2,0.36,High,2.8
IAM-007292,ORG-024,AST-07292,155,4,3,12,97,4,156,26,0.79,High,6.8
IAM-007293,ORG-018,AST-07293,222,2,9,17,41,2,67,7,0.91,High,9.8
IAM-007294,ORG-022,AST-07294,163,10,3,5,59,3,34,2,0.84,Medium,4.0
IAM-007295,ORG-016,AST-07295,355,26,12,34,51,5,132,25,0.56,Medium,8.2
IAM-007296,ORG-024,AST-07296,86,7,2,8,89,5,137,20,0.56,High,5.1
IAM-007297,ORG-010,AST-07297,272,16,3,8,31,14,196,28,0.65,High,10
IAM-007298,ORG-024,AST-07298,286,27,2,4,51,17,142,2,0.37,High,5.8
IAM-007299,ORG-014,AST-07299,315,2,8,7,39,0,71,8,0.47,Low,6.4
IAM-007300,ORG-010,AST-07300,340,1,14,28,98,0,82,12,0.55,Low,3.8
IAM-007301,ORG-013,AST-07301,408,32,11,9,100,4,47,2,0.85,Medium,3.2
IAM-007302,ORG-025,AST-07302,311,3,14,11,79,3,53,2,0.49,High,7.1
IAM-007303,ORG-013,AST-07303,176,6,8,11,91,5,145,26,0.45,High,7.2
IAM-007304,ORG-010,AST-07304,50,5,2,2,95,3,6,0,0.51,High,2.5
IAM-007305,ORG-017,AST-07305,105,4,1,1,66,3,82,12,0.98,High,6.0
IAM-007306,ORG-005,AST-07306,161,2,4,15,57,2,7,0,0.48,High,7.0
IAM-007307,ORG-024,AST-07307,368,26,1,36,47,11,69,0,0.67,Medium,4.8
IAM-007308,ORG-018,AST-07308,217,5,9,13,36,1,38,5,0.81,Low,6.9
IAM-007309,ORG-025,AST-07309,105,3,1,3,72,2,19,2,0.53,High,4.1
IAM-007310,ORG-022,AST-07310,227,14,10,19,96,4,20,1,0.89,Medium,3.3
IAM-007311,ORG-008,AST-07311,246,1,4,13,67,0,114,16,0.67,Low,4.4
IAM-007312,ORG-020,AST-07312,314,8,3,8,35,0,142,6,0.6,Low,5.4
IAM-007313,ORG-024,AST-07313,92,2,4,0,82,1,106,1,0.98,Low,4.0
IAM-007314,ORG-009,AST-07314,500,17,11,11,64,12,157,2,0.85,High,7.0
IAM-007315,ORG-018,AST-07315,362,26,5,6,69,5,91,6,0.49,Medium,4.6
IAM-007316,ORG-013,AST-07316,404,32,0,6,76,7,170,10,0.76,Medium,3.3
IAM-007317,ORG-024,AST-07317,46,3,1,2,51,1,82,3,0.99,Low,4.6
IAM-007318,ORG-008,AST-07318,63,5,2,0,72,4,140,25,0.61,High,7.4
IAM-007319,ORG-022,AST-07319,327,3,11,28,73,1,140,10,0.72,Low,6.3
IAM-007320,ORG-016,AST-07320,67,6,0,2,98,3,64,0,0.3,Medium,1.8
IAM-007321,ORG-013,AST-07321,28,2,0,1,44,2,149,14,0.79,High,8.5
IAM-007322,ORG-008,AST-07322,51,4,1,2,35,4,165,4,0.3,High,7.7
IAM-007323,ORG-006,AST-07323,97,1,1,8,95,1,152,25,0.58,High,6.0
IAM-007324,ORG-018,AST-07324,86,5,2,4,44,3,146,24,0.49,High,8.8
IAM-007325,ORG-017,AST-07325,209,8,7,20,98,6,1,0,0.44,High,4.2
IAM-007326,ORG-003,AST-07326,422,22,12,6,80,14,109,9,0.75,High,6.8
IAM-007327,ORG-001,AST-07327,421,37,17,2,54,10,85,15,0.76,Medium,8.4
IAM-007328,ORG-002,AST-07328,393,8,10,7,86,0,51,4,0.34,Low,3.0
IAM-007329,ORG-005,AST-07329,177,17,7,12,59,13,87,17,0.77,High,8.3
IAM-007330,ORG-019,AST-07330,388,29,18,37,75,25,113,21,0.74,High,10
IAM-007331,ORG-004,AST-07331,466,14,9,14,82,7,39,2,0.91,Medium,4.7
IAM-007332,ORG-016,AST-07332,196,6,8,18,39,3,169,17,0.85,Medium,8.8
IAM-007333,ORG-001,AST-07333,127,8,6,1,45,5,169,29,0.53,High,9.3
IAM-007334,ORG-024,AST-07334,83,7,2,4,47,4,41,7,0.96,High,6.0
IAM-007335,ORG-024,AST-07335,469,22,9,39,74,18,83,5,0.4,High,6.6
IAM-007336,ORG-025,AST-07336,115,6,0,4,69,3,157,7,0.6,Medium,4.0
IAM-007337,ORG-025,AST-07337,210,12,1,16,71,1,12,1,0.91,Low,2.7
IAM-007338,ORG-014,AST-07338,484,39,20,22,85,6,84,3,0.64,Medium,5.3
IAM-007339,ORG-019,AST-07339,115,5,0,2,75,1,156,5,0.62,Low,3.2
IAM-007340,ORG-007,AST-07340,340,10,1,24,32,1,92,11,0.73,Low,5.9
IAM-007341,ORG-008,AST-07341,89,3,2,7,48,1,34,3,1.0,Low,5.1
IAM-007342,ORG-016,AST-07342,499,38,13,37,52,32,84,15,0.94,High,10
IAM-007343,ORG-011,AST-07343,329,32,9,4,67,26,82,15,0.52,High,8.0
IAM-007344,ORG-014,AST-07344,329,9,12,17,95,4,169,19,0.48,Medium,6.4
IAM-007345,ORG-003,AST-07345,313,18,8,9,69,16,12,0,0.8,High,6.0
IAM-007346,ORG-016,AST-07346,403,4,0,2,86,3,197,7,0.93,High,4.0
IAM-007347,ORG-024,AST-07347,180,1,0,9,68,0,92,18,0.92,Low,4.1
IAM-007348,ORG-025,AST-07348,415,23,6,7,78,10,39,0,0.65,Medium,4.3
IAM-007349,ORG-014,AST-07349,353,26,10,2,35,4,176,33,0.6,Medium,10
IAM-007350,ORG-009,AST-07350,399,11,18,34,84,4,146,17,0.84,Medium,7.2
IAM-007351,ORG-015,AST-07351,314,17,8,20,38,12,56,11,0.85,High,8.6
IAM-007352,ORG-017,AST-07352,417,26,16,16,99,6,179,15,0.47,Medium,5.1
IAM-007353,ORG-010,AST-07353,264,9,6,11,73,4,193,16,0.4,Medium,6.2
IAM-007354,ORG-005,AST-07354,37,2,0,0,86,2,195,32,0.99,High,7.1
IAM-007355,ORG-023,AST-07355,227,9,5,10,71,3,151,23,0.31,Medium,5.9
IAM-007356,ORG-021,AST-07356,168,3,1,5,37,0,6,1,0.36,Low,4.5
IAM-007357,ORG-010,AST-07357,419,29,13,4,98,19,49,4,0.72,High,5.2
IAM-007358,ORG-006,AST-07358,301,3,4,28,65,0,184,12,0.99,Low,4.7
IAM-007359,ORG-024,AST-07359,329,7,8,5,51,1,133,19,0.72,Low,7.3
IAM-007360,ORG-015,AST-07360,83,6,3,8,80,3,84,16,0.46,Medium,5.4
IAM-007361,ORG-015,AST-07361,343,2,12,27,43,1,70,10,0.84,Low,9.0
IAM-007362,ORG-022,AST-07362,449,3,18,9,58,2,26,3,0.71,High,8.6
IAM-007363,ORG-009,AST-07363,215,2,6,11,67,0,82,12,0.7,Low,4.6
IAM-007364,ORG-023,AST-07364,246,21,8,3,64,18,195,0,0.68,High,6.6
IAM-007365,ORG-018,AST-07365,223,14,1,7,49,9,146,19,0.68,High,7.4
IAM-007366,ORG-001,AST-07366,494,4,3,38,71,2,57,6,0.47,Low,4.4
IAM-007367,ORG-020,AST-07367,482,43,2,43,84,38,118,7,0.92,High,4.8
IAM-007368,ORG-007,AST-07368,332,7,6,33,46,7,87,12,0.35,High,8.6
IAM-007369,ORG-021,AST-07369,204,18,2,0,93,12,37,0,0.81,High,2.5
IAM-007370,ORG-010,AST-07370,366,12,1,1,42,9,179,12,0.36,High,7.5
IAM-007371,ORG-006,AST-07371,190,1,6,14,43,1,139,19,0.95,High,10
IAM-007372,ORG-005,AST-07372,214,6,1,14,46,6,82,10,0.73,High,7.8
IAM-007373,ORG-006,AST-07373,340,21,12,4,77,4,123,20,0.85,Medium,6.8
IAM-007374,ORG-023,AST-07374,478,40,10,11,70,24,182,12,0.64,High,6.9
IAM-007375,ORG-023,AST-07375,345,18,0,25,82,6,14,2,0.95,Medium,2.7
IAM-007376,ORG-004,AST-07376,469,5,23,45,30,2,129,25,0.55,Low,10
IAM-007377,ORG-006,AST-07377,79,3,2,2,45,2,171,25,0.32,High,8.3
IAM-007378,ORG-002,AST-07378,477,37,0,21,74,21,153,22,0.85,High,5.6
IAM-007379,ORG-022,AST-07379,86,7,0,7,67,4,12,1,0.47,High,3.6
IAM-007380,ORG-024,AST-07380,378,36,0,11,84,17,84,16,0.81,Medium,4.4
IAM-007381,ORG-009,AST-07381,185,14,9,11,80,4,134,23,0.3,Medium,6.7
IAM-007382,ORG-001,AST-07382,392,14,8,28,53,6,173,8,0.8,Medium,6.8
IAM-007383,ORG-016,AST-07383,196,18,0,8,37,8,50,3,0.64,Medium,6.0
IAM-007384,ORG-003,AST-07384,391,32,18,30,38,26,68,8,0.33,High,10
IAM-007385,ORG-023,AST-07385,53,1,2,0,88,1,198,3,0.7,High,4.9
IAM-007386,ORG-012,AST-07386,155,3,5,1,57,0,14,1,0.36,Low,4.4
IAM-007387,ORG-015,AST-07387,106,1,4,8,42,1,174,29,0.37,High,10
IAM-007388,ORG-015,AST-07388,221,5,3,2,87,4,87,6,0.75,High,4.2
IAM-007389,ORG-002,AST-07389,352,11,0,21,62,8,171,15,0.56,High,6.3
IAM-007390,ORG-004,AST-07390,299,7,11,9,31,3,93,1,0.91,Medium,7.9
IAM-007391,ORG-012,AST-07391,190,14,7,9,34,5,173,34,0.44,Medium,10
IAM-007392,ORG-014,AST-07392,106,10,3,7,79,4,24,4,0.73,Medium,3.5
IAM-007393,ORG-023,AST-07393,340,5,5,20,91,1,65,11,0.92,Low,3.0
IAM-007394,ORG-007,AST-07394,238,16,3,14,89,7,48,9,0.48,Medium,4.0
IAM-007395,ORG-012,AST-07395,296,11,7,10,57,1,131,2,0.64,Low,5.0
IAM-007396,ORG-018,AST-07396,345,28,9,25,80,8,194,23,0.76,Medium,6.5
IAM-007397,ORG-017,AST-07397,15,2,0,1,41,2,138,18,0.42,High,9.1
IAM-007398,ORG-015,AST-07398,41,4,0,2,93,1,68,10,0.32,Low,2.5
IAM-007399,ORG-002,AST-07399,188,1,1,16,95,0,187,0,0.34,Low,0.5
IAM-007400,ORG-005,AST-07400,157,13,1,3,70,5,129,3,0.54,Medium,3.7
IAM-007401,ORG-008,AST-07401,433,27,1,28,59,5,169,25,0.48,Medium,6.2
IAM-007402,ORG-021,AST-07402,84,3,4,0,40,3,15,0,0.35,High,7.8
IAM-007403,ORG-006,AST-07403,12,2,0,0,47,1,96,8,0.73,Low,5.4
IAM-007404,ORG-014,AST-07404,33,1,0,0,52,1,120,4,0.86,High,6.3
IAM-007405,ORG-016,AST-07405,116,2,4,4,84,1,142,5,0.97,Low,4.0
IAM-007406,ORG-017,AST-07406,408,6,9,15,58,3,120,3,0.5,Medium,6.1
IAM-007407,ORG-001,AST-07407,201,14,8,13,66,12,30,2,0.46,High,6.7
IAM-007408,ORG-021,AST-07408,427,28,19,23,32,27,139,15,0.38,High,10
IAM-007409,ORG-024,AST-07409,391,19,13,13,50,3,167,1,0.49,Medium,6.6
IAM-007410,ORG-004,AST-07410,163,4,3,6,94,4,87,11,0.91,High,4.7
IAM-007411,ORG-001,AST-07411,463,16,10,35,76,2,174,10,0.37,Low,4.8
IAM-007412,ORG-012,AST-07412,133,9,4,9,93,8,84,5,0.4,High,4.8
IAM-007413,ORG-001,AST-07413,343,21,10,26,42,13,64,1,0.77,High,7.7
IAM-007414,ORG-022,AST-07414,18,2,0,0,54,1,170,0,0.84,Low,4.1
IAM-007415,ORG-006,AST-07415,456,45,15,10,46,20,23,4,0.31,Medium,8.6
IAM-007416,ORG-020,AST-07416,234,13,5,12,42,7,80,5,0.5,High,7.3
IAM-007417,ORG-004,AST-07417,305,25,7,14,53,1,103,13,0.56,Low,6.4
IAM-007418,ORG-019,AST-07418,233,13,0,16,67,7,190,21,0.9,High,5.7
IAM-007419,ORG-013,AST-07419,356,7,15,16,69,7,10,2,0.33,High,7.9
IAM-007420,ORG-003,AST-07420,123,2,4,0,69,0,114,8,0.39,Low,3.6
IAM-007421,ORG-019,AST-07421,264,12,1,15,79,7,159,1,0.6,High,3.2
IAM-007422,ORG-025,AST-07422,58,5,0,5,54,4,118,9,0.78,High,6.2
IAM-007423,ORG-004,AST-07423,444,17,11,43,62,11,119,7,0.66,High,7.4
IAM-007424,ORG-011,AST-07424,376,2,1,17,67,0,86,12,0.78,Low,3.7
IAM-007425,ORG-010,AST-07425,247,12,5,24,74,11,117,7,0.7,High,6.3
IAM-007426,ORG-006,AST-07426,478,39,18,38,89,13,112,22,0.86,Medium,7.1
IAM-007427,ORG-024,AST-07427,78,6,0,3,77,4,179,30,0.47,High,6.4
IAM-007428,ORG-023,AST-07428,5,1,0,0,38,1,140,16,0.63,High,9.2
IAM-007429,ORG-017,AST-07429,62,3,2,1,86,1,132,12,0.47,Low,3.3
IAM-007430,ORG-002,AST-07430,161,13,1,6,55,13,166,27,0.71,High,9.2
IAM-007431,ORG-010,AST-07431,372,4,5,15,58,0,109,8,0.41,Low,5.0
IAM-007432,ORG-011,AST-07432,432,40,11,21,77,3,150,5,0.82,Medium,4.5
IAM-007433,ORG-003,AST-07433,351,5,0,29,71,5,82,9,0.77,High,5.9
IAM-007434,ORG-014,AST-07434,480,48,16,29,47,0,125,25,0.82,Low,9.1
IAM-007435,ORG-003,AST-07435,148,13,3,3,50,1,121,24,0.53,Low,6.1
IAM-007436,ORG-023,AST-07436,177,4,6,1,85,3,140,13,0.87,High,6.1
IAM-007437,ORG-001,AST-07437,406,4,15,6,58,0,104,0,0.42,Low,5.4
IAM-007438,ORG-019,AST-07438,132,1,6,0,41,1,182,21,0.49,High,10
IAM-007439,ORG-007,AST-07439,426,11,21,1,49,11,4,0,0.66,High,10
IAM-007440,ORG-013,AST-07440,399,11,12,39,46,5,79,11,0.66,Medium,8.2
IAM-007441,ORG-021,AST-07441,480,14,1,4,83,1,135,2,0.73,Low,2.1
IAM-007442,ORG-010,AST-07442,168,12,2,14,75,12,57,7,0.55,High,5.3
IAM-007443,ORG-021,AST-07443,457,40,5,20,70,30,105,0,0.69,High,4.9
IAM-007444,ORG-021,AST-07444,225,17,8,1,94,15,161,4,0.38,High,4.8
IAM-007445,ORG-013,AST-07445,476,25,22,28,58,12,144,26,0.54,Medium,10
IAM-007446,ORG-013,AST-07446,140,10,5,11,47,2,49,4,0.98,Low,5.6
IAM-007447,ORG-005,AST-07447,227,21,6,6,54,3,93,6,0.42,Medium,5.6
IAM-007448,ORG-012,AST-07448,32,2,1,3,38,0,105,17,0.44,Low,5.8
IAM-007449,ORG-010,AST-07449,296,22,1,1,51,16,130,7,0.71,High,6.4
IAM-007450,ORG-012,AST-07450,343,27,1,15,57,4,52,0,0.99,Medium,3.6
IAM-007451,ORG-001,AST-07451,128,2,4,10,55,2,32,4,0.69,High,7.7
IAM-007452,ORG-006,AST-07452,372,15,3,20,56,9,50,4,0.62,High,5.3
IAM-007453,ORG-025,AST-07453,227,9,0,6,100,7,69,4,0.67,High,2.5
IAM-007454,ORG-021,AST-07454,26,1,1,0,33,1,19,1,0.5,High,7.8
IAM-007455,ORG-015,AST-07455,120,4,5,2,98,0,110,21,0.9,Low,3.5
IAM-007456,ORG-017,AST-07456,180,3,9,7,47,1,148,22,0.58,Low,8.4
IAM-007457,ORG-017,AST-07457,382,1,14,22,64,0,79,9,0.36,Low,6.3
IAM-007458,ORG-003,AST-07458,92,4,2,7,100,2,170,2,0.67,Low,2.3
IAM-007459,ORG-015,AST-07459,95,3,3,8,73,0,95,2,0.57,Low,2.7
IAM-007460,ORG-016,AST-07460,128,6,1,1,65,5,162,4,0.44,High,5.8
IAM-007461,ORG-014,AST-07461,298,19,1,23,85,17,21,2,0.89,High,4.2
IAM-007462,ORG-021,AST-07462,228,22,1,3,81,21,159,28,0.35,High,7.0
IAM-007463,ORG-011,AST-07463,23,1,0,0,54,1,199,27,0.55,High,9.0
IAM-007464,ORG-009,AST-07464,189,6,2,8,51,5,82,9,0.68,High,7.5
IAM-007465,ORG-025,AST-07465,62,3,0,2,33,0,63,2,0.79,Low,5.0
IAM-007466,ORG-022,AST-07466,351,31,7,18,98,19,91,15,0.97,High,5.2
IAM-007467,ORG-009,AST-07467,360,12,2,10,53,9,165,28,0.72,High,8.6
IAM-007468,ORG-003,AST-07468,224,4,2,1,40,2,14,2,0.39,Low,5.9
IAM-007469,ORG-002,AST-07469,75,5,2,2,71,0,31,0,0.46,Low,2.5
IAM-007470,ORG-016,AST-07470,66,6,2,0,90,1,110,14,0.93,Low,2.9
IAM-007471,ORG-005,AST-07471,50,2,1,5,83,1,147,23,0.88,Low,4.9
IAM-007472,ORG-013,AST-07472,66,1,2,2,54,1,93,18,0.46,High,8.8
IAM-007473,ORG-025,AST-07473,277,1,4,11,79,1,23,4,0.69,High,5.3
IAM-007474,ORG-018,AST-07474,6,2,0,0,98,1,137,0,0.37,Low,1.5
IAM-007475,ORG-020,AST-07475,79,5,2,4,90,2,177,29,0.4,Low,5.0
IAM-007476,ORG-005,AST-07476,133,3,2,3,60,0,35,3,0.78,Low,3.8
IAM-007477,ORG-025,AST-07477,248,21,8,24,36,21,169,24,0.92,High,10
IAM-007478,ORG-003,AST-07478,70,3,1,5,73,3,189,36,0.8,High,9.1
IAM-007479,ORG-005,AST-07479,146,1,3,2,100,1,159,23,0.59,High,5.5
IAM-007480,ORG-003,AST-07480,133,2,6,6,66,0,15,3,0.94,Low,3.8
IAM-007481,ORG-004,AST-07481,88,3,2,3,84,3,82,6,0.88,High,5.4
IAM-007482,ORG-016,AST-07482,467,27,16,31,63,9,171,33,0.96,Medium,10
IAM-007483,ORG-025,AST-07483,436,16,16,27,49,7,75,2,0.4,Medium,8.0
IAM-007484,ORG-008,AST-07484,457,23,14,23,34,2,171,30,0.44,Low,10
IAM-007485,ORG-016,AST-07485,221,20,4,3,64,17,79,13,0.71,High,7.4
IAM-007486,ORG-019,AST-07486,243,13,2,13,77,1,124,18,0.31,Low,4.4
IAM-007487,ORG-021,AST-07487,214,8,5,7,68,0,169,26,0.64,Low,6.1
IAM-007488,ORG-001,AST-07488,354,11,7,17,83,0,16,2,0.7,Low,2.6
IAM-007489,ORG-006,AST-07489,495,14,8,8,41,6,142,10,0.32,Medium,7.9
IAM-007490,ORG-022,AST-07490,468,37,1,38,65,6,5,1,0.32,Medium,3.0
IAM-007491,ORG-006,AST-07491,326,11,12,4,58,7,37,3,0.98,High,7.5
IAM-007492,ORG-017,AST-07492,215,2,7,1,80,2,160,10,0.64,High,6.5
IAM-007493,ORG-001,AST-07493,279,20,8,26,44,1,197,7,0.99,Low,6.2
IAM-007494,ORG-017,AST-07494,468,20,10,18,33,4,29,5,0.76,Medium,7.2
IAM-007495,ORG-014,AST-07495,311,7,13,17,64,7,30,1,0.54,High,7.7
IAM-007496,ORG-009,AST-07496,340,33,5,25,74,1,136,24,0.88,Low,5.2
IAM-007497,ORG-023,AST-07497,393,1,1,2,60,1,34,6,0.64,High,6.8
IAM-007498,ORG-018,AST-07498,474,15,4,24,50,5,55,4,0.46,Medium,5.7
IAM-007499,ORG-015,AST-07499,156,13,1,15,39,6,164,23,0.74,Medium,8.4
IAM-007500,ORG-021,AST-07500,272,2,5,19,30,0,147,7,0.59,Low,6.7
IAM-007501,ORG-025,AST-07501,299,21,10,8,80,17,83,1,0.45,High,5.7
IAM-007502,ORG-002,AST-07502,418,8,10,36,56,7,51,1,0.73,High,7.3
IAM-007503,ORG-007,AST-07503,407,31,20,13,43,3,63,8,0.78,Medium,8.9
IAM-007504,ORG-017,AST-07504,273,20,3,3,89,0,11,1,1.0,Low,1.5
IAM-007505,ORG-020,AST-07505,339,18,16,29,72,7,95,10,0.53,Medium,7.3
IAM-007506,ORG-021,AST-07506,144,6,7,2,82,4,124,12,0.82,High,6.0
IAM-007507,ORG-002,AST-07507,368,15,16,17,95,12,19,2,0.48,High,5.7
IAM-007508,ORG-024,AST-07508,221,20,4,5,90,19,68,5,0.96,High,4.6
IAM-007509,ORG-017,AST-07509,173,3,3,11,43,2,174,24,0.89,High,9.3
IAM-007510,ORG-005,AST-07510,86,7,4,8,75,1,141,5,0.31,Low,3.8
IAM-007511,ORG-024,AST-07511,286,25,11,22,71,16,99,15,0.83,High,7.6
IAM-007512,ORG-024,AST-07512,463,38,4,35,79,38,33,2,0.53,High,5.7
IAM-007513,ORG-016,AST-07513,398,22,5,11,97,2,142,9,0.43,Low,2.5
IAM-007514,ORG-016,AST-07514,132,10,2,1,61,7,183,16,0.77,High,6.3
IAM-007515,ORG-001,AST-07515,430,40,14,24,40,35,89,17,0.64,High,10
IAM-007516,ORG-003,AST-07516,119,8,0,8,88,1,13,2,0.58,Low,1.4
IAM-007517,ORG-016,AST-07517,284,24,10,25,30,12,144,5,0.91,Medium,8.3
IAM-007518,ORG-018,AST-07518,275,1,13,26,100,1,81,12,0.86,High,7.0
IAM-007519,ORG-016,AST-07519,185,16,5,16,80,7,184,12,0.69,Medium,5.3
IAM-007520,ORG-006,AST-07520,78,4,1,4,86,1,97,0,0.9,Low,2.4
IAM-007521,ORG-019,AST-07521,179,12,5,1,38,0,76,0,0.75,Low,5.2
IAM-007522,ORG-023,AST-07522,385,15,4,13,67,11,39,1,0.97,High,5.7
IAM-007523,ORG-008,AST-07523,427,20,5,13,53,6,163,29,0.77,Medium,7.9
IAM-007524,ORG-023,AST-07524,194,9,7,0,89,5,128,8,0.9,High,4.2
IAM-007525,ORG-023,AST-07525,294,20,12,12,77,9,11,0,0.84,Medium,5.5
IAM-007526,ORG-011,AST-07526,220,20,11,3,53,2,49,5,0.99,Low,6.1
IAM-007527,ORG-024,AST-07527,80,3,0,6,90,1,29,1,0.6,Low,1.9
IAM-007528,ORG-019,AST-07528,129,4,4,1,94,3,56,4,0.48,High,4.3
IAM-007529,ORG-015,AST-07529,421,38,17,36,40,27,116,12,0.33,High,10
IAM-007530,ORG-009,AST-07530,346,9,0,25,57,2,74,3,0.54,Low,3.6
IAM-007531,ORG-022,AST-07531,111,7,2,7,47,6,183,34,0.42,High,9.9
IAM-007532,ORG-022,AST-07532,123,4,3,12,51,4,30,1,0.43,High,6.6
IAM-007533,ORG-010,AST-07533,447,34,8,41,41,8,99,15,0.89,Medium,7.8
IAM-007534,ORG-001,AST-07534,477,27,7,31,37,22,153,30,0.93,High,10
IAM-007535,ORG-018,AST-07535,191,7,1,17,85,6,74,10,0.97,High,4.9
IAM-007536,ORG-006,AST-07536,281,6,14,13,43,5,160,21,0.55,High,10
IAM-007537,ORG-008,AST-07537,56,1,0,5,44,0,62,12,0.96,Low,5.0
IAM-007538,ORG-009,AST-07538,340,7,2,29,97,3,94,10,0.93,Medium,3.3
IAM-007539,ORG-006,AST-07539,80,6,2,8,71,0,124,15,0.59,Low,4.0
IAM-007540,ORG-006,AST-07540,235,7,5,10,60,4,58,1,0.96,High,5.3
IAM-007541,ORG-003,AST-07541,168,9,1,6,49,9,24,4,0.67,High,6.8
IAM-007542,ORG-010,AST-07542,109,6,2,8,81,2,187,0,0.84,Low,2.6
IAM-007543,ORG-009,AST-07543,149,7,3,5,42,4,167,8,0.4,High,7.1
IAM-007544,ORG-002,AST-07544,324,4,3,21,56,2,0,0,0.34,Low,4.7
IAM-007545,ORG-012,AST-07545,483,42,9,31,95,33,94,18,0.95,High,6.7
IAM-007546,ORG-025,AST-07546,229,15,6,7,53,14,132,5,0.56,High,7.4
IAM-007547,ORG-023,AST-07547,32,3,0,1,69,0,131,13,0.9,Low,3.2
IAM-007548,ORG-025,AST-07548,228,14,11,15,97,3,115,16,0.53,Medium,4.6
IAM-007549,ORG-017,AST-07549,371,4,3,25,53,0,10,1,0.96,Low,4.1
IAM-007550,ORG-009,AST-07550,239,22,1,16,37,8,173,29,0.37,Medium,8.6
IAM-007551,ORG-022,AST-07551,378,31,9,25,53,7,63,3,0.85,Medium,6.0
IAM-007552,ORG-022,AST-07552,329,3,8,22,92,3,156,5,0.34,High,5.7
IAM-007553,ORG-016,AST-07553,339,8,9,26,71,6,184,34,0.83,High,9.6
IAM-007554,ORG-014,AST-07554,309,11,9,4,38,7,56,7,0.61,High,8.7
IAM-007555,ORG-012,AST-07555,327,32,14,13,87,28,150,16,0.94,High,7.5
IAM-007556,ORG-006,AST-07556,364,9,6,18,83,9,112,1,0.3,High,5.8
IAM-007557,ORG-002,AST-07557,71,6,3,3,33,5,163,16,0.5,High,8.7
IAM-007558,ORG-021,AST-07558,389,30,13,5,75,16,149,18,0.82,High,8.1
IAM-007559,ORG-006,AST-07559,241,4,0,5,43,2,198,31,0.56,Low,8.2
IAM-007560,ORG-006,AST-07560,334,19,8,26,63,11,101,0,0.92,High,6.2
IAM-007561,ORG-013,AST-07561,462,1,1,37,52,1,118,21,0.51,High,8.9
IAM-007562,ORG-014,AST-07562,305,26,8,5,75,6,32,5,0.72,Medium,4.3
IAM-007563,ORG-011,AST-07563,257,7,1,0,38,5,79,14,0.36,High,7.9
IAM-007564,ORG-023,AST-07564,394,18,9,35,45,14,103,11,0.84,High,9.0
IAM-007565,ORG-004,AST-07565,54,3,2,1,66,1,144,2,0.37,Low,3.5
IAM-007566,ORG-004,AST-07566,152,14,5,9,82,2,25,3,0.97,Low,2.6
IAM-007567,ORG-014,AST-07567,10,1,0,1,52,0,59,6,0.39,Low,3.8
IAM-007568,ORG-023,AST-07568,56,5,1,4,36,4,30,4,0.39,High,7.5
IAM-007569,ORG-003,AST-07569,264,17,8,1,98,1,161,20,0.99,Low,3.5
IAM-007570,ORG-007,AST-07570,60,1,3,0,42,0,37,5,0.67,Low,4.5
IAM-007571,ORG-024,AST-07571,85,7,3,8,41,5,116,13,0.5,High,7.9
IAM-007572,ORG-021,AST-07572,31,2,1,0,64,2,71,4,0.51,High,5.8
IAM-007573,ORG-010,AST-07573,163,1,7,12,39,1,17,2,0.83,High,8.3
IAM-007574,ORG-011,AST-07574,415,38,17,28,94,22,89,6,0.32,High,5.8
IAM-007575,ORG-006,AST-07575,109,3,0,9,57,1,169,12,0.71,Low,5.2
IAM-007576,ORG-019,AST-07576,141,11,1,8,61,7,125,20,0.74,High,6.7
IAM-007577,ORG-013,AST-07577,172,1,2,2,30,0,131,9,0.67,Low,5.8
IAM-007578,ORG-004,AST-07578,421,42,12,38,91,9,177,5,0.54,Medium,3.7
IAM-007579,ORG-011,AST-07579,442,5,20,10,65,0,41,3,0.48,Low,6.7
IAM-007580,ORG-016,AST-07580,52,5,1,3,63,1,54,0,0.31,Low,3.1
IAM-007581,ORG-002,AST-07581,103,3,5,9,78,2,32,4,0.84,High,5.3
IAM-007582,ORG-007,AST-07582,342,10,15,18,31,0,142,18,0.88,Low,9.2
IAM-007583,ORG-021,AST-07583,261,17,2,0,47,6,141,17,0.6,Medium,6.3
IAM-007584,ORG-006,AST-07584,386,13,17,2,90,6,22,1,0.81,Medium,5.5
IAM-007585,ORG-013,AST-07585,231,5,9,20,46,4,158,28,0.98,High,10
IAM-007586,ORG-022,AST-07586,210,1,6,19,46,1,148,12,0.8,High,9.1
IAM-007587,ORG-012,AST-07587,213,20,5,5,67,11,73,1,0.78,High,5.4
IAM-007588,ORG-006,AST-07588,156,3,4,15,59,1,36,3,0.92,Low,5.0
IAM-007589,ORG-011,AST-07589,96,6,2,6,75,3,31,5,0.54,Medium,4.1
IAM-007590,ORG-018,AST-07590,315,16,8,7,31,14,77,0,0.3,High,9.0
IAM-007591,ORG-016,AST-07591,269,7,2,4,45,6,137,20,0.34,High,8.8
IAM-007592,ORG-020,AST-07592,343,15,9,4,73,10,58,11,0.95,High,6.4
IAM-007593,ORG-016,AST-07593,182,2,1,0,80,1,137,15,0.93,Low,4.2
IAM-007594,ORG-017,AST-07594,377,35,18,14,45,35,125,12,0.87,High,10
IAM-007595,ORG-014,AST-07595,346,33,5,33,30,13,22,2,0.67,Medium,7.1
IAM-007596,ORG-023,AST-07596,24,1,1,2,92,0,171,8,0.52,Low,1.2
IAM-007597,ORG-025,AST-07597,206,17,4,9,56,17,111,6,0.38,High,7.3
IAM-007598,ORG-008,AST-07598,433,17,14,20,87,8,135,20,0.72,Medium,6.6
IAM-007599,ORG-008,AST-07599,155,11,1,7,83,1,97,9,0.86,Low,2.6
IAM-007600,ORG-014,AST-07600,399,9,13,18,39,9,156,17,0.5,High,10
IAM-007601,ORG-017,AST-07601,37,3,1,0,82,3,108,15,0.93,High,5.4
IAM-007602,ORG-006,AST-07602,414,4,3,5,60,1,116,23,0.41,Low,6.1
IAM-007603,ORG-011,AST-07603,203,3,3,3,34,3,29,3,0.91,High,8.2
IAM-007604,ORG-016,AST-07604,79,5,1,0,91,1,147,23,0.42,Low,3.7
IAM-007605,ORG-001,AST-07605,6,1,0,0,58,0,27,3,0.68,Low,3.5
IAM-007606,ORG-003,AST-07606,479,33,6,36,96,9,75,10,0.95,Medium,3.1
IAM-007607,ORG-015,AST-07607,427,12,5,17,85,9,144,26,0.69,High,6.6
IAM-007608,ORG-020,AST-07608,334,5,7,10,65,4,87,8,0.49,High,7.3
IAM-007609,ORG-020,AST-07609,301,19,0,20,75,16,0,0,0.98,High,4.5
IAM-007610,ORG-006,AST-07610,194,13,9,17,54,5,116,10,0.6,Medium,7.2
IAM-007611,ORG-021,AST-07611,489,44,17,7,34,4,164,31,0.89,Medium,10
IAM-007612,ORG-020,AST-07612,168,1,7,15,47,1,142,19,0.67,High,9.7
IAM-007613,ORG-022,AST-07613,482,41,14,27,56,33,102,11,0.86,High,9.7
IAM-007614,ORG-021,AST-07614,34,2,0,2,63,1,3,0,1.0,Low,4.2
IAM-007615,ORG-002,AST-07615,22,1,0,1,73,1,95,3,0.53,High,5.2
IAM-007616,ORG-014,AST-07616,286,21,3,2,56,15,199,35,0.87,High,9.0
IAM-007617,ORG-014,AST-07617,167,8,7,14,64,2,149,29,0.3,Low,7.0
IAM-007618,ORG-018,AST-07618,293,29,10,18,37,21,43,6,0.43,High,9.4
IAM-007619,ORG-025,AST-07619,432,33,3,25,60,9,10,2,0.36,Medium,4.4
IAM-007620,ORG-020,AST-07620,212,15,10,20,78,3,88,17,0.74,Medium,5.9
IAM-007621,ORG-020,AST-07621,191,19,6,12,47,18,108,12,0.57,High,8.7
IAM-007622,ORG-025,AST-07622,34,3,1,3,92,2,91,18,0.31,High,4.1
IAM-007623,ORG-023,AST-07623,443,23,17,29,97,5,123,2,0.32,Medium,4.7
IAM-007624,ORG-002,AST-07624,481,47,24,41,95,31,20,2,0.49,High,7.8
IAM-007625,ORG-007,AST-07625,311,9,8,23,31,9,151,24,0.63,High,10
IAM-007626,ORG-020,AST-07626,86,1,2,2,90,0,131,0,0.35,Low,0.6
IAM-007627,ORG-024,AST-07627,176,16,0,14,61,15,157,18,0.76,High,7.2
IAM-007628,ORG-003,AST-07628,383,16,12,16,32,15,111,14,0.6,High,10
IAM-007629,ORG-022,AST-07629,79,5,1,3,38,5,118,19,0.75,High,9.6
IAM-007630,ORG-019,AST-07630,492,30,15,19,37,29,29,0,0.34,High,10.0
IAM-007631,ORG-021,AST-07631,230,18,5,5,59,1,0,1,0.56,Low,4.3
IAM-007632,ORG-005,AST-07632,78,2,0,3,31,2,103,1,0.83,High,8.0
IAM-007633,ORG-006,AST-07633,93,5,2,9,37,5,188,18,0.81,High,9.2
IAM-007634,ORG-007,AST-07634,165,13,8,14,90,4,59,0,0.89,Medium,3.1
IAM-007635,ORG-022,AST-07635,141,2,3,1,98,0,73,1,0.6,Low,0.5
IAM-007636,ORG-020,AST-07636,67,4,1,6,82,4,88,10,0.41,High,5.9
IAM-007637,ORG-022,AST-07637,167,3,7,0,100,2,162,20,0.33,High,5.6
IAM-007638,ORG-022,AST-07638,131,8,6,1,35,3,45,0,0.63,Medium,6.6
IAM-007639,ORG-017,AST-07639,225,13,8,16,40,2,172,25,0.48,Low,8.9
IAM-007640,ORG-002,AST-07640,388,12,10,4,92,6,190,10,0.56,Medium,5.5
IAM-007641,ORG-004,AST-07641,227,9,3,2,62,8,40,3,0.51,High,6.2
IAM-007642,ORG-017,AST-07642,139,6,1,5,79,6,41,1,0.75,High,4.6
IAM-007643,ORG-009,AST-07643,200,7,5,5,30,2,122,17,0.84,Low,8.2
IAM-007644,ORG-008,AST-07644,219,17,2,6,31,17,107,7,0.77,High,8.8
IAM-007645,ORG-016,AST-07645,180,3,8,11,97,3,200,13,0.78,High,5.9
IAM-007646,ORG-010,AST-07646,65,6,1,2,76,1,108,14,0.99,Low,3.6
IAM-007647,ORG-024,AST-07647,219,1,7,3,30,1,41,0,0.32,High,9.5
IAM-007648,ORG-019,AST-07648,49,1,0,4,74,1,1,0,0.67,High,5.2
IAM-007649,ORG-015,AST-07649,25,2,0,1,63,0,56,4,0.42,Low,2.6
IAM-007650,ORG-005,AST-07650,432,32,2,22,74,30,183,15,0.39,High,6.1
IAM-007651,ORG-005,AST-07651,213,13,8,5,44,3,130,21,0.74,Medium,7.8
IAM-007652,ORG-010,AST-07652,404,5,1,27,39,0,192,5,0.96,Low,4.9
IAM-007653,ORG-024,AST-07653,53,3,0,0,31,2,56,7,0.92,High,7.0
IAM-007654,ORG-013,AST-07654,349,7,12,6,57,7,150,26,0.31,High,10
IAM-007655,ORG-002,AST-07655,435,34,3,15,52,3,193,38,0.77,Medium,8.1
IAM-007656,ORG-018,AST-07656,33,3,0,2,92,2,62,12,0.72,High,3.5
IAM-007657,ORG-012,AST-07657,74,5,1,2,54,0,196,7,0.4,Low,3.8
IAM-007658,ORG-002,AST-07658,80,8,4,6,36,1,16,2,0.65,Low,5.7
IAM-007659,ORG-014,AST-07659,499,3,16,31,37,0,179,34,0.88,Low,10
IAM-007660,ORG-011,AST-07660,419,3,0,10,47,3,114,0,0.61,High,6.8
IAM-007661,ORG-022,AST-07661,198,2,9,9,94,1,75,12,0.35,Low,5.0
IAM-007662,ORG-025,AST-07662,56,4,2,1,85,2,66,10,0.44,Low,3.9
IAM-007663,ORG-009,AST-07663,276,12,1,3,41,10,42,2,0.93,High,6.3
IAM-007664,ORG-022,AST-07664,441,40,15,34,82,11,69,7,0.49,Medium,6.1
IAM-007665,ORG-011,AST-07665,433,29,5,4,92,3,158,16,0.68,Medium,3.3
IAM-007666,ORG-016,AST-07666,427,11,4,28,65,8,13,2,0.77,High,5.6
IAM-007667,ORG-021,AST-07667,43,2,2,3,57,1,192,13,0.37,Low,5.9
IAM-007668,ORG-001,AST-07668,6,2,0,0,94,1,179,26,0.8,Low,4.3
IAM-007669,ORG-024,AST-07669,8,2,0,0,52,2,127,21,0.71,High,8.7
IAM-007670,ORG-011,AST-07670,165,7,7,3,38,2,143,20,0.46,Low,8.3
IAM-007671,ORG-015,AST-07671,313,27,12,27,50,14,194,16,0.32,High,8.4
IAM-007672,ORG-012,AST-07672,241,6,2,14,52,1,194,26,0.51,Low,7.1
IAM-007673,ORG-013,AST-07673,265,7,5,21,60,2,159,15,0.9,Low,5.9
IAM-007674,ORG-005,AST-07674,451,17,18,5,92,8,191,37,0.67,Medium,8.8
IAM-007675,ORG-012,AST-07675,218,2,4,20,66,1,163,24,0.63,Low,6.6
IAM-007676,ORG-016,AST-07676,44,4,1,2,97,3,200,20,0.73,High,4.2
IAM-007677,ORG-006,AST-07677,114,3,1,4,78,1,11,0,0.6,Low,2.3
IAM-007678,ORG-018,AST-07678,410,34,0,10,69,14,88,14,0.42,Medium,4.6
IAM-007679,ORG-018,AST-07679,165,13,7,7,91,10,52,10,0.59,High,4.9
IAM-007680,ORG-005,AST-07680,16,2,0,1,94,2,79,2,0.71,High,4.1
IAM-007681,ORG-015,AST-07681,271,13,5,27,50,3,186,2,0.6,Medium,5.5
IAM-007682,ORG-003,AST-07682,29,1,1,0,55,1,84,7,0.7,High,6.8
IAM-007683,ORG-003,AST-07683,27,2,1,1,57,1,127,19,0.39,Low,6.4
IAM-007684,ORG-025,AST-07684,318,25,9,27,40,2,99,15,0.36,Low,7.5
IAM-007685,ORG-021,AST-07685,127,4,1,2,56,4,179,21,0.61,High,7.9
IAM-007686,ORG-014,AST-07686,91,6,2,5,69,2,35,3,0.43,Low,3.4
IAM-007687,ORG-010,AST-07687,218,21,10,19,56,20,15,1,0.71,High,8.3
IAM-007688,ORG-012,AST-07688,271,15,9,26,73,9,41,2,0.42,High,5.6
IAM-007689,ORG-016,AST-07689,268,9,4,18,65,3,198,21,0.95,Medium,6.2
IAM-007690,ORG-005,AST-07690,258,8,12,7,97,4,76,9,0.79,Medium,5.5
IAM-007691,ORG-009,AST-07691,203,20,6,12,90,15,101,18,0.4,High,6.1
IAM-007692,ORG-023,AST-07692,497,7,7,14,34,4,67,0,0.5,High,7.1
IAM-007693,ORG-003,AST-07693,255,17,3,20,69,0,57,5,0.95,Low,2.9
IAM-007694,ORG-012,AST-07694,481,22,1,36,95,16,61,11,0.7,High,4.2
IAM-007695,ORG-016,AST-07695,247,22,9,18,79,20,147,18,0.81,High,8.0
IAM-007696,ORG-018,AST-07696,496,30,22,28,76,4,145,29,0.84,Medium,8.9
IAM-007697,ORG-014,AST-07697,163,15,2,3,63,12,177,3,0.68,High,5.4
IAM-007698,ORG-013,AST-07698,305,29,7,25,96,25,30,2,0.86,High,4.5
IAM-007699,ORG-005,AST-07699,372,28,6,4,69,14,110,7,0.44,Medium,5.5
IAM-007700,ORG-017,AST-07700,203,15,6,8,62,15,21,1,0.84,High,6.9
IAM-007701,ORG-008,AST-07701,441,14,14,42,72,8,193,17,0.95,High,8.2
IAM-007702,ORG-024,AST-07702,448,3,17,21,80,2,77,7,0.93,High,7.5
IAM-007703,ORG-008,AST-07703,500,4,12,12,68,4,155,17,0.7,High,9.6
IAM-007704,ORG-011,AST-07704,250,24,8,7,63,6,174,13,0.8,Medium,5.7
IAM-007705,ORG-006,AST-07705,250,5,10,8,80,5,56,3,0.37,High,6.3
IAM-007706,ORG-010,AST-07706,93,1,1,9,87,0,48,2,0.72,Low,1.5
IAM-007707,ORG-003,AST-07707,362,22,10,16,86,6,81,13,0.37,Medium,4.8
IAM-007708,ORG-025,AST-07708,92,3,0,1,89,1,9,0,0.83,Low,2.2
IAM-007709,ORG-019,AST-07709,476,10,14,41,31,10,188,26,0.54,High,10
IAM-007710,ORG-019,AST-07710,20,1,0,0,94,1,159,10,0.75,High,4.4
IAM-007711,ORG-022,AST-07711,25,2,0,0,93,2,96,18,0.55,High,5.6
IAM-007712,ORG-015,AST-07712,210,5,8,5,65,2,20,1,0.92,Low,5.6
IAM-007713,ORG-005,AST-07713,161,7,1,0,44,1,97,18,0.48,Low,6.6
IAM-007714,ORG-001,AST-07714,40,1,0,2,97,0,170,30,0.46,Low,3.4
IAM-007715,ORG-005,AST-07715,444,11,1,1,49,6,137,22,0.39,High,7.2
IAM-007716,ORG-022,AST-07716,389,33,19,18,80,15,53,6,0.81,Medium,7.1
IAM-007717,ORG-006,AST-07717,259,21,5,24,41,8,196,32,0.3,Medium,9.0
IAM-007718,ORG-007,AST-07718,60,5,2,4,80,5,0,1,0.64,High,5.1
IAM-007719,ORG-001,AST-07719,80,1,1,7,80,1,45,4,0.76,High,5.4
IAM-007720,ORG-015,AST-07720,215,1,1,7,99,0,67,2,0.75,Low,1.0
IAM-007721,ORG-001,AST-07721,41,4,0,2,86,1,106,14,0.5,Low,3.1
IAM-007722,ORG-003,AST-07722,89,4,2,7,69,3,108,14,0.77,High,6.3
IAM-007723,ORG-020,AST-07723,308,7,5,8,65,5,51,6,0.69,High,6.1
IAM-007724,ORG-013,AST-07724,283,10,4,1,87,5,27,5,0.52,Medium,3.8
IAM-007725,ORG-017,AST-07725,127,10,0,0,100,5,146,12,0.95,Medium,2.3
IAM-007726,ORG-025,AST-07726,152,9,6,11,42,2,174,24,0.59,Low,7.8
IAM-007727,ORG-006,AST-07727,347,12,4,19,71,1,90,9,0.51,Low,4.2
IAM-007728,ORG-009,AST-07728,433,34,10,24,84,24,143,4,0.49,High,5.4
IAM-007729,ORG-008,AST-07729,341,14,4,23,92,8,104,2,0.34,High,3.1
IAM-007730,ORG-006,AST-07730,95,4,1,8,71,2,110,18,0.98,Low,5.2
IAM-007731,ORG-013,AST-07731,376,13,18,25,39,13,161,2,0.75,High,10
IAM-007732,ORG-022,AST-07732,269,7,13,26,90,1,44,6,0.76,Low,4.5
IAM-007733,ORG-020,AST-07733,101,3,0,6,54,0,161,10,0.75,Low,3.7
IAM-007734,ORG-003,AST-07734,160,5,7,3,46,2,156,17,0.98,Low,8.3
IAM-007735,ORG-008,AST-07735,453,16,11,14,85,14,160,12,0.8,High,6.7
IAM-007736,ORG-002,AST-07736,349,13,7,17,52,4,59,5,0.32,Medium,5.5
IAM-007737,ORG-024,AST-07737,191,13,7,19,62,5,22,4,0.87,Medium,5.3
IAM-007738,ORG-023,AST-07738,62,3,1,5,32,0,109,6,0.4,Low,5.3
IAM-007739,ORG-025,AST-07739,285,6,7,1,77,4,2,1,0.48,High,5.5
IAM-007740,ORG-001,AST-07740,88,5,3,6,48,0,191,15,0.39,Low,5.3
IAM-007741,ORG-003,AST-07741,136,2,2,5,85,0,188,30,0.37,Low,4.1
IAM-007742,ORG-020,AST-07742,254,10,7,20,97,0,124,3,0.47,Low,2.3
IAM-007743,ORG-004,AST-07743,296,21,8,25,95,10,102,5,0.34,Medium,3.9
IAM-007744,ORG-020,AST-07744,241,17,9,22,84,7,26,1,0.43,Medium,3.8
IAM-007745,ORG-001,AST-07745,158,5,4,9,49,5,116,7,0.38,High,7.9
IAM-007746,ORG-020,AST-07746,331,7,10,16,81,5,160,9,0.53,High,6.6
IAM-007747,ORG-008,AST-07747,95,2,1,8,56,1,158,28,0.86,Low,7.7
IAM-007748,ORG-004,AST-07748,465,30,7,30,51,11,153,16,0.32,Medium,7.6
IAM-007749,ORG-004,AST-07749,67,2,2,4,98,2,11,1,0.54,High,3.9
IAM-007750,ORG-017,AST-07750,326,13,14,17,68,12,60,4,0.3,High,8.0
IAM-007751,ORG-024,AST-07751,167,6,5,5,80,4,156,28,0.31,High,6.8
IAM-007752,ORG-001,AST-07752,284,3,9,18,48,1,49,7,0.79,Low,6.8
IAM-007753,ORG-011,AST-07753,371,10,6,29,59,2,176,13,0.66,Low,6.1
IAM-007754,ORG-011,AST-07754,129,9,5,10,56,0,62,2,0.36,Low,3.6
IAM-007755,ORG-020,AST-07755,195,18,9,7,35,13,83,3,0.79,High,8.8
IAM-007756,ORG-001,AST-07756,123,12,0,2,91,9,34,3,0.99,High,3.2
IAM-007757,ORG-024,AST-07757,232,13,11,17,32,9,127,23,0.67,High,10
IAM-007758,ORG-009,AST-07758,24,1,1,2,75,1,61,11,0.66,High,6.4
IAM-007759,ORG-015,AST-07759,319,16,3,3,69,12,167,19,0.34,High,7.0
IAM-007760,ORG-009,AST-07760,122,12,5,9,54,4,37,4,0.77,Medium,5.9
IAM-007761,ORG-022,AST-07761,250,22,0,11,72,22,5,0,0.72,High,4.8
IAM-007762,ORG-006,AST-07762,91,1,3,9,31,1,29,1,0.55,High,8.5
IAM-007763,ORG-018,AST-07763,33,3,1,1,48,2,58,6,0.32,High,5.9
IAM-007764,ORG-010,AST-07764,350,32,6,22,31,7,114,16,0.96,Medium,8.2
IAM-007765,ORG-023,AST-07765,447,29,6,33,79,29,65,5,0.58,High,6.4
IAM-007766,ORG-004,AST-07766,115,9,1,3,52,0,81,8,0.42,Low,3.9
IAM-007767,ORG-010,AST-07767,348,32,10,9,64,11,10,1,0.62,Medium,5.9
IAM-007768,ORG-015,AST-07768,378,16,6,29,67,16,31,0,0.71,High,6.5
IAM-007769,ORG-015,AST-07769,39,1,1,0,68,0,162,7,0.75,Low,2.8
IAM-007770,ORG-018,AST-07770,473,27,20,3,93,3,71,3,0.78,Medium,5.5
IAM-007771,ORG-021,AST-07771,461,8,20,21,57,7,175,28,0.46,High,10
IAM-007772,ORG-020,AST-07772,403,37,19,40,82,4,69,9,0.53,Medium,6.0
IAM-007773,ORG-014,AST-07773,60,2,2,1,38,2,38,5,0.49,High,7.6
IAM-007774,ORG-010,AST-07774,140,5,7,7,83,1,6,1,0.75,Low,3.5
IAM-007775,ORG-010,AST-07775,216,20,2,0,42,16,91,5,0.56,High,7.2
IAM-007776,ORG-021,AST-07776,135,1,2,0,91,1,193,21,0.32,High,6.2
IAM-007777,ORG-021,AST-07777,485,24,7,35,93,9,164,7,0.95,Medium,4.0
IAM-007778,ORG-013,AST-07778,280,16,9,17,92,4,132,21,0.37,Medium,5.4
IAM-007779,ORG-001,AST-07779,266,7,2,19,96,6,3,1,0.7,High,3.8
IAM-007780,ORG-020,AST-07780,91,4,0,6,35,4,29,1,0.35,High,7.9
IAM-007781,ORG-015,AST-07781,19,2,0,0,94,0,151,2,0.39,Low,1.1
IAM-007782,ORG-006,AST-07782,87,5,3,3,53,4,25,2,0.84,High,5.9
IAM-007783,ORG-014,AST-07783,257,19,9,6,51,8,170,3,0.64,Medium,7.0
IAM-007784,ORG-021,AST-07784,361,32,12,6,90,18,127,10,0.61,High,5.7
IAM-007785,ORG-013,AST-07785,366,29,16,8,55,21,58,4,0.72,High,9.0
IAM-007786,ORG-015,AST-07786,348,23,12,11,78,5,188,24,0.94,Medium,6.6
IAM-007787,ORG-015,AST-07787,110,4,4,5,77,3,21,0,0.93,High,4.8
IAM-007788,ORG-007,AST-07788,178,17,0,5,38,17,62,0,0.45,High,7.1
IAM-007789,ORG-008,AST-07789,414,38,0,19,75,0,105,12,0.85,Low,2.8
IAM-007790,ORG-021,AST-07790,130,11,1,12,70,3,24,4,0.68,Medium,2.9
IAM-007791,ORG-023,AST-07791,318,21,7,17,55,4,62,6,0.91,Medium,5.6
IAM-007792,ORG-022,AST-07792,312,5,1,30,61,3,128,7,0.97,High,5.5
IAM-007793,ORG-017,AST-07793,28,1,1,1,80,0,78,13,0.87,Low,3.3
IAM-007794,ORG-006,AST-07794,271,18,2,13,94,17,46,9,0.62,High,4.2
IAM-007795,ORG-020,AST-07795,394,34,6,13,58,21,200,13,0.42,High,7.0
IAM-007796,ORG-005,AST-07796,444,25,11,20,89,9,90,14,0.87,Medium,5.4
IAM-007797,ORG-023,AST-07797,96,9,1,4,78,7,78,13,0.58,High,5.5
IAM-007798,ORG-025,AST-07798,311,30,1,3,33,5,91,16,0.43,Medium,6.8
IAM-007799,ORG-017,AST-07799,163,3,7,16,70,1,1,1,1.0,Low,4.2
IAM-007800,ORG-002,AST-07800,206,5,10,6,40,3,29,5,0.87,High,7.8
IAM-007801,ORG-022,AST-07801,453,34,21,39,31,8,109,3,0.95,Medium,10.0
IAM-007802,ORG-013,AST-07802,328,19,11,32,53,2,32,5,0.76,Low,5.8
IAM-007803,ORG-016,AST-07803,14,1,0,0,45,1,156,22,0.64,High,8.4
IAM-007804,ORG-003,AST-07804,402,19,1,5,69,16,85,7,0.54,High,5.7
IAM-007805,ORG-006,AST-07805,362,8,5,30,60,1,135,2,0.73,Low,4.6
IAM-007806,ORG-008,AST-07806,431,30,2,37,32,26,115,2,0.59,High,7.3
IAM-007807,ORG-003,AST-07807,280,12,11,15,41,3,118,16,0.49,Medium,8.4
IAM-007808,ORG-021,AST-07808,359,2,16,19,32,1,196,35,0.6,Low,10
IAM-007809,ORG-006,AST-07809,254,9,5,0,54,4,110,2,0.99,Medium,5.5
IAM-007810,ORG-022,AST-07810,121,1,1,2,74,0,44,1,0.91,Low,2.4
IAM-007811,ORG-005,AST-07811,319,22,9,9,52,20,129,24,0.66,High,10
IAM-007812,ORG-007,AST-07812,299,8,1,27,87,6,188,34,0.32,High,7.2
IAM-007813,ORG-024,AST-07813,160,13,8,6,43,0,15,1,0.89,Low,5.3
IAM-007814,ORG-017,AST-07814,227,5,6,3,35,5,191,25,0.79,High,10
IAM-007815,ORG-003,AST-07815,144,8,7,10,66,4,108,1,0.52,Medium,5.7
IAM-007816,ORG-019,AST-07816,486,42,4,43,67,22,115,0,0.65,High,4.3
IAM-007817,ORG-005,AST-07817,409,15,18,8,61,7,74,2,0.52,Medium,7.6
IAM-007818,ORG-011,AST-07818,276,9,10,15,84,4,22,1,0.31,Medium,4.3
IAM-007819,ORG-002,AST-07819,482,9,23,46,52,2,159,19,0.67,Low,10
IAM-007820,ORG-012,AST-07820,380,32,2,9,32,8,49,0,0.35,Medium,5.7
IAM-007821,ORG-013,AST-07821,260,4,0,15,84,1,112,17,0.32,Low,3.3
IAM-007822,ORG-022,AST-07822,317,18,13,22,79,0,161,10,0.47,Low,4.7
IAM-007823,ORG-022,AST-07823,441,18,19,16,69,15,59,1,0.77,High,8.4
IAM-007824,ORG-017,AST-07824,386,11,18,27,44,5,30,5,0.36,Medium,9.4
IAM-007825,ORG-019,AST-07825,66,2,2,6,50,2,33,2,0.99,High,7.2
IAM-007826,ORG-002,AST-07826,317,6,4,12,85,1,120,6,0.92,Low,3.1
IAM-007827,ORG-014,AST-07827,147,5,2,5,56,5,162,0,0.66,High,6.6
IAM-007828,ORG-003,AST-07828,236,11,9,16,32,9,48,8,0.68,High,9.8
IAM-007829,ORG-025,AST-07829,212,4,5,3,99,3,43,4,0.39,High,3.3
IAM-007830,ORG-003,AST-07830,265,12,13,24,77,11,49,6,0.95,High,7.6
IAM-007831,ORG-003,AST-07831,262,10,1,12,82,0,6,1,0.69,Low,1.3
IAM-007832,ORG-018,AST-07832,106,3,3,1,95,3,15,2,0.98,High,4.2
IAM-007833,ORG-005,AST-07833,297,7,6,7,97,3,42,2,0.65,Medium,3.2
IAM-007834,ORG-023,AST-07834,328,20,15,30,42,19,154,10,0.47,High,10
IAM-007835,ORG-018,AST-07835,131,1,3,5,60,1,61,8,0.65,High,7.0
IAM-007836,ORG-025,AST-07836,334,12,13,4,66,3,16,0,0.62,Medium,5.5
IAM-007837,ORG-001,AST-07837,66,5,1,3,95,0,71,0,0.94,Low,0.2
IAM-007838,ORG-009,AST-07838,320,6,8,28,98,2,125,5,0.96,Low,3.2
IAM-007839,ORG-013,AST-07839,464,4,6,36,46,2,39,4,0.65,Low,6.6
IAM-007840,ORG-009,AST-07840,363,3,1,12,55,1,177,35,0.4,Low,7.9
IAM-007841,ORG-008,AST-07841,304,27,2,9,80,2,118,15,0.69,Low,3.1
IAM-007842,ORG-020,AST-07842,283,28,4,12,47,0,171,19,0.43,Low,6.0
IAM-007843,ORG-004,AST-07843,345,5,10,24,89,5,43,8,0.9,High,6.5
IAM-007844,ORG-010,AST-07844,297,7,13,2,94,5,32,1,0.81,High,4.9
IAM-007845,ORG-009,AST-07845,318,28,6,6,59,13,165,6,0.34,Medium,5.9
IAM-007846,ORG-016,AST-07846,476,11,11,46,34,0,88,10,0.39,Low,7.9
IAM-007847,ORG-012,AST-07847,313,12,2,17,49,6,65,0,0.94,Medium,5.3
IAM-007848,ORG-005,AST-07848,500,20,14,46,73,13,19,2,0.61,High,7.1
IAM-007849,ORG-022,AST-07849,100,5,3,1,92,5,109,3,0.51,High,4.3
IAM-007850,ORG-019,AST-07850,138,3,6,11,73,3,150,4,0.46,High,6.3
IAM-007851,ORG-004,AST-07851,77,4,2,5,34,0,199,5,0.41,Low,5.2
IAM-007852,ORG-011,AST-07852,27,1,0,2,90,0,114,11,0.49,Low,1.5
IAM-007853,ORG-025,AST-07853,136,8,0,8,65,8,82,0,0.7,High,5.1
IAM-007854,ORG-008,AST-07854,308,11,1,21,52,7,198,14,0.47,High,6.2
IAM-007855,ORG-007,AST-07855,55,1,1,3,38,1,167,4,0.81,High,8.0
IAM-007856,ORG-016,AST-07856,268,11,7,14,34,4,28,3,0.54,Medium,7.3
IAM-007857,ORG-006,AST-07857,405,31,13,19,97,24,182,33,0.47,High,8.0
IAM-007858,ORG-024,AST-07858,14,2,0,1,64,0,62,5,0.91,Low,3.2
IAM-007859,ORG-023,AST-07859,360,27,14,15,72,7,79,5,0.42,Medium,5.7
IAM-007860,ORG-024,AST-07860,363,3,10,18,85,1,145,17,0.36,Low,5.8
IAM-007861,ORG-013,AST-07861,185,15,3,15,37,7,68,2,0.48,Medium,6.9
IAM-007862,ORG-004,AST-07862,402,37,0,14,44,0,86,8,0.76,Low,4.3
IAM-007863,ORG-014,AST-07863,267,19,11,13,52,5,174,31,0.6,Medium,9.3
IAM-007864,ORG-015,AST-07864,201,9,9,2,43,3,22,0,0.64,Medium,6.6
IAM-007865,ORG-020,AST-07865,53,3,2,2,77,0,34,3,0.8,Low,2.4
IAM-007866,ORG-021,AST-07866,467,1,12,18,32,1,39,7,0.92,High,10
IAM-007867,ORG-005,AST-07867,7,2,0,0,88,2,33,2,0.59,High,3.5
IAM-007868,ORG-003,AST-07868,340,16,13,15,32,15,182,13,0.7,High,10
IAM-007869,ORG-009,AST-07869,459,14,3,7,93,8,171,3,0.5,High,2.9
IAM-007870,ORG-023,AST-07870,247,10,10,18,42,8,4,1,0.5,High,8.7
IAM-007871,ORG-006,AST-07871,452,31,1,17,43,2,46,2,0.75,Low,4.8
IAM-007872,ORG-012,AST-07872,227,12,1,13,95,0,166,11,0.62,Low,1.7
IAM-007873,ORG-023,AST-07873,465,1,17,26,40,0,81,1,0.45,Low,7.9
IAM-007874,ORG-006,AST-07874,196,14,1,13,53,2,195,30,0.88,Low,7.0
IAM-007875,ORG-014,AST-07875,265,8,11,2,37,4,97,8,0.63,Medium,8.9
IAM-007876,ORG-020,AST-07876,96,9,0,7,39,6,114,10,0.66,High,6.8
IAM-007877,ORG-003,AST-07877,203,15,10,4,82,10,165,3,0.47,High,5.4
IAM-007878,ORG-022,AST-07878,52,4,0,4,80,1,68,9,0.66,Low,2.7
IAM-007879,ORG-009,AST-07879,313,17,11,26,39,11,127,23,0.35,High,10
IAM-007880,ORG-025,AST-07880,143,2,1,8,51,2,122,7,0.78,High,6.7
IAM-007881,ORG-018,AST-07881,105,3,2,1,78,1,155,6,0.57,Low,3.4
IAM-007882,ORG-016,AST-07882,477,42,1,37,58,17,4,0,0.56,Medium,4.4
IAM-007883,ORG-011,AST-07883,381,14,18,28,36,9,76,2,0.66,High,10
IAM-007884,ORG-001,AST-07884,218,21,5,10,52,9,87,6,0.44,Medium,6.0
IAM-007885,ORG-010,AST-07885,420,1,4,36,89,0,121,5,0.82,Low,2.0
IAM-007886,ORG-023,AST-07886,359,24,5,28,93,4,7,0,0.87,Medium,1.7
IAM-007887,ORG-012,AST-07887,123,9,3,4,47,3,20,3,0.69,Medium,5.7
IAM-007888,ORG-023,AST-07888,369,14,9,34,66,4,61,11,0.54,Medium,5.8
IAM-007889,ORG-011,AST-07889,320,2,13,14,52,0,198,23,0.35,Low,8.1
IAM-007890,ORG-016,AST-07890,414,13,19,22,77,8,172,5,0.83,High,7.5
IAM-007891,ORG-002,AST-07891,217,16,4,14,83,6,33,5,0.31,Medium,4.1
IAM-007892,ORG-025,AST-07892,105,9,1,6,30,2,183,30,0.62,Low,8.4
IAM-007893,ORG-007,AST-07893,252,19,1,12,57,9,196,22,0.51,Medium,7.1
IAM-007894,ORG-006,AST-07894,495,11,12,16,40,5,82,12,0.36,Medium,8.5
IAM-007895,ORG-013,AST-07895,209,15,7,11,85,3,9,1,0.83,Medium,3.5
IAM-007896,ORG-006,AST-07896,166,4,2,4,52,4,17,1,0.77,High,6.7
IAM-007897,ORG-014,AST-07897,241,2,1,9,52,1,189,37,0.34,Low,8.1
IAM-007898,ORG-021,AST-07898,494,22,18,42,86,10,117,21,0.94,Medium,8.0
IAM-007899,ORG-015,AST-07899,431,16,20,4,55,0,29,2,0.49,Low,7.7
IAM-007900,ORG-008,AST-07900,332,12,6,20,71,7,5,0,0.95,High,5.1
IAM-007901,ORG-021,AST-07901,210,18,7,5,54,18,153,26,0.66,High,10
IAM-007902,ORG-016,AST-07902,300,11,6,2,58,3,80,2,0.74,Medium,4.8
IAM-007903,ORG-025,AST-07903,288,22,9,21,96,13,5,0,0.58,High,3.5
IAM-007904,ORG-024,AST-07904,110,6,5,2,94,1,81,7,0.63,Low,2.8
IAM-007905,ORG-011,AST-07905,38,2,0,0,53,2,119,0,0.53,High,6.3
IAM-007906,ORG-001,AST-07906,289,9,1,5,85,9,90,11,0.4,High,4.9
IAM-007907,ORG-022,AST-07907,139,10,1,1,90,3,62,2,0.97,Medium,1.9
IAM-007908,ORG-025,AST-07908,222,17,11,8,73,10,80,16,0.55,High,7.8
IAM-007909,ORG-005,AST-07909,27,2,1,2,85,2,36,3,0.91,High,4.4
IAM-007910,ORG-014,AST-07910,25,2,1,0,83,0,167,21,0.55,Low,3.2
IAM-007911,ORG-020,AST-07911,93,9,3,3,80,6,100,19,0.74,High,6.0
IAM-007912,ORG-020,AST-07912,319,22,15,12,77,17,77,6,0.89,High,7.5
IAM-007913,ORG-004,AST-07913,209,17,7,16,33,15,120,1,0.9,High,9.1
IAM-007914,ORG-001,AST-07914,195,8,0,6,57,5,52,8,0.76,High,5.7
IAM-007915,ORG-022,AST-07915,282,19,8,24,54,18,3,0,0.74,High,7.8
IAM-007916,ORG-004,AST-07916,27,2,1,1,37,1,48,0,0.38,Low,6.2
IAM-007917,ORG-008,AST-07917,129,1,3,5,62,1,49,8,0.63,High,7.2
IAM-007918,ORG-003,AST-07918,384,20,7,8,68,3,156,6,0.46,Medium,4.3
IAM-007919,ORG-012,AST-07919,401,38,3,10,51,12,88,12,0.37,Medium,6.0
IAM-007920,ORG-022,AST-07920,495,43,0,26,92,11,192,19,0.98,Medium,3.3
IAM-007921,ORG-015,AST-07921,484,18,19,17,41,0,1,1,0.65,Low,8.2
IAM-007922,ORG-006,AST-07922,280,23,11,12,45,1,90,16,0.92,Low,7.1
IAM-007923,ORG-023,AST-07923,455,40,21,21,92,24,31,1,0.36,High,6.3
IAM-007924,ORG-008,AST-07924,463,24,2,24,30,5,149,9,0.66,Medium,6.6
IAM-007925,ORG-014,AST-07925,45,2,0,1,80,2,185,20,0.57,High,6.7
IAM-007926,ORG-004,AST-07926,184,9,9,16,91,0,122,22,0.93,Low,4.3
IAM-007927,ORG-024,AST-07927,10,2,0,0,94,1,41,6,0.44,Low,2.5
IAM-007928,ORG-005,AST-07928,357,18,8,13,42,6,15,1,0.83,Medium,6.9
IAM-007929,ORG-009,AST-07929,395,20,8,8,88,2,74,3,0.48,Low,3.5
IAM-007930,ORG-002,AST-07930,108,2,5,4,30,1,99,11,0.65,Low,8.1
IAM-007931,ORG-004,AST-07931,416,25,14,8,43,21,76,4,0.89,High,9.1
IAM-007932,ORG-014,AST-07932,316,26,7,22,98,4,30,6,0.58,Medium,2.3
IAM-007933,ORG-011,AST-07933,406,21,17,24,39,12,191,36,0.54,High,10
IAM-007934,ORG-011,AST-07934,405,13,14,5,57,11,32,4,0.83,High,8.3
IAM-007935,ORG-001,AST-07935,193,18,8,16,68,3,126,7,0.7,Medium,5.1
IAM-007936,ORG-022,AST-07936,283,25,2,20,71,14,69,0,0.32,High,4.3
IAM-007937,ORG-006,AST-07937,358,8,15,30,33,1,46,3,0.44,Low,8.3
IAM-007938,ORG-009,AST-07938,237,1,0,7,71,0,49,6,0.98,Low,2.9
IAM-007939,ORG-008,AST-07939,175,6,6,9,33,3,160,7,0.62,Medium,7.9
IAM-007940,ORG-007,AST-07940,167,5,7,10,46,1,13,1,0.62,Low,5.2
IAM-007941,ORG-006,AST-07941,461,13,3,43,45,5,169,25,0.64,Medium,7.9
IAM-007942,ORG-019,AST-07942,173,11,7,9,66,2,50,1,0.57,Low,4.6
IAM-007943,ORG-005,AST-07943,119,9,3,8,66,7,138,17,0.58,High,7.2
IAM-007944,ORG-006,AST-07944,16,1,0,0,36,1,57,0,0.85,High,7.2
IAM-007945,ORG-006,AST-07945,125,7,4,5,74,2,49,8,0.39,Low,4.2
IAM-007946,ORG-011,AST-07946,97,1,2,6,52,0,29,5,0.67,Low,3.7
IAM-007947,ORG-002,AST-07947,271,2,2,19,100,1,25,0,0.39,Low,2.2
IAM-007948,ORG-022,AST-07948,117,5,2,1,36,2,172,0,0.7,Low,5.8
IAM-007949,ORG-013,AST-07949,469,28,11,24,51,17,194,34,0.77,High,10
IAM-007950,ORG-017,AST-07950,431,3,10,43,67,2,65,8,0.42,High,7.3
IAM-007951,ORG-003,AST-07951,348,34,5,12,92,18,91,0,0.92,High,3.1
IAM-007952,ORG-008,AST-07952,11,2,0,1,75,2,147,1,0.99,High,4.3
IAM-007953,ORG-024,AST-07953,121,6,5,8,82,5,65,9,0.41,High,6.0
IAM-007954,ORG-014,AST-07954,66,6,3,4,72,6,33,0,0.52,High,5.8
IAM-007955,ORG-007,AST-07955,69,5,2,4,65,5,45,1,0.92,High,5.9
IAM-007956,ORG-020,AST-07956,468,41,0,44,70,30,31,5,0.91,High,5.2
IAM-007957,ORG-018,AST-07957,457,1,22,36,31,0,71,7,0.71,Low,9.7
IAM-007958,ORG-004,AST-07958,124,8,2,4,55,8,40,8,0.67,High,7.2
IAM-007959,ORG-012,AST-07959,171,4,8,11,90,0,186,8,0.97,Low,3.1
IAM-007960,ORG-014,AST-07960,68,3,2,3,36,2,92,11,0.65,High,8.2
IAM-007961,ORG-018,AST-07961,305,17,9,8,64,12,6,0,0.33,High,6.5
IAM-007962,ORG-020,AST-07962,173,17,7,17,69,5,38,3,0.43,Medium,5.1
IAM-007963,ORG-010,AST-07963,152,15,6,1,41,1,94,3,0.49,Low,5.6
IAM-007964,ORG-010,AST-07964,266,7,7,15,71,3,20,2,0.53,Medium,4.9
IAM-007965,ORG-020,AST-07965,84,2,0,1,95,1,60,1,0.9,Low,2.1
IAM-007966,ORG-008,AST-07966,49,3,1,1,40,1,186,18,0.78,Low,7.1
IAM-007967,ORG-020,AST-07967,444,6,12,13,95,4,48,2,0.59,High,5.3
IAM-007968,ORG-009,AST-07968,84,4,1,2,80,1,22,2,0.49,Low,2.6
IAM-007969,ORG-025,AST-07969,290,20,7,11,32,18,151,18,0.94,High,10
IAM-007970,ORG-011,AST-07970,136,8,6,2,38,7,5,0,0.9,High,8.0
IAM-007971,ORG-012,AST-07971,448,36,20,41,71,9,73,3,0.4,Medium,7.3
IAM-007972,ORG-022,AST-07972,158,10,5,5,86,4,42,2,0.54,Medium,3.7
IAM-007973,ORG-022,AST-07973,191,19,5,9,56,18,172,34,0.94,High,10
IAM-007974,ORG-007,AST-07974,184,9,9,12,68,1,36,0,0.93,Low,3.9
IAM-007975,ORG-021,AST-07975,494,40,2,3,57,35,28,5,0.62,High,6.2
IAM-007976,ORG-011,AST-07976,363,17,13,19,39,16,58,10,0.99,High,10
IAM-007977,ORG-021,AST-07977,82,8,2,0,48,1,19,2,0.84,Low,4.8
IAM-007978,ORG-024,AST-07978,109,1,3,7,87,1,148,16,0.79,High,6.4
IAM-007979,ORG-012,AST-07979,375,32,11,28,80,1,177,21,0.58,Low,5.6
IAM-007980,ORG-006,AST-07980,375,26,18,25,81,22,69,13,0.73,High,8.3
IAM-007981,ORG-007,AST-07981,61,5,2,0,91,2,139,11,0.82,Low,3.6
IAM-007982,ORG-001,AST-07982,209,9,1,0,63,2,13,2,0.61,Low,3.1
IAM-007983,ORG-020,AST-07983,258,8,10,17,46,2,65,12,0.48,Low,7.5
IAM-007984,ORG-009,AST-07984,68,1,0,3,42,0,12,0,0.59,Low,3.7
IAM-007985,ORG-011,AST-07985,301,3,3,16,36,1,171,18,0.65,Low,7.7
IAM-007986,ORG-004,AST-07986,331,5,6,6,72,1,134,2,0.62,Low,4.1
IAM-007987,ORG-025,AST-07987,52,3,0,3,41,3,99,0,0.91,High,7.0
IAM-007988,ORG-007,AST-07988,56,3,0,2,44,0,117,21,0.67,Low,5.7
IAM-007989,ORG-019,AST-07989,237,11,7,4,52,11,164,23,0.4,High,10
IAM-007990,ORG-004,AST-07990,278,2,5,23,43,1,52,8,0.72,Low,6.6
IAM-007991,ORG-012,AST-07991,383,27,16,0,42,0,69,4,0.54,Low,7.9
IAM-007992,ORG-011,AST-07992,289,9,7,3,80,9,101,12,0.46,High,6.8
IAM-007993,ORG-022,AST-07993,13,1,0,0,69,1,167,26,0.39,High,8.0
IAM-007994,ORG-008,AST-07994,130,4,6,11,68,3,23,2,0.86,High,6.1
IAM-007995,ORG-012,AST-07995,300,20,9,7,65,2,98,14,0.86,Low,5.7
IAM-007996,ORG-005,AST-07996,307,19,2,17,36,16,132,0,0.85,High,7.2
IAM-007997,ORG-005,AST-07997,167,9,0,2,56,2,2,1,0.63,Low,3.9
IAM-007998,ORG-010,AST-07998,294,8,11,23,66,7,15,2,0.75,High,7.6
IAM-007999,ORG-020,AST-07999,189,9,8,13,35,9,184,29,0.55,High,10
IAM-008000,ORG-004,AST-08000,275,12,13,10,61,6,191,0,0.6,Medium,6.9
IAM-008001,ORG-006,AST-08001,402,28,9,34,99,4,41,3,0.95,Medium,2.7
IAM-008002,ORG-004,AST-08002,107,6,3,4,32,1,62,9,0.93,Low,6.8
IAM-008003,ORG-007,AST-08003,101,8,2,1,65,7,145,0,0.72,High,5.2
IAM-008004,ORG-010,AST-08004,74,4,0,0,80,1,180,10,0.43,Low,3.4
IAM-008005,ORG-009,AST-08005,29,2,1,2,65,2,151,4,0.31,High,5.5
IAM-008006,ORG-001,AST-08006,88,7,1,4,69,2,159,17,0.51,Low,4.9
IAM-008007,ORG-021,AST-08007,311,23,10,17,33,19,86,9,0.66,High,9.9
IAM-008008,ORG-011,AST-08008,386,4,16,34,63,0,6,0,0.47,Low,5.8
IAM-008009,ORG-023,AST-08009,481,35,9,27,62,6,162,21,0.95,Medium,6.6
IAM-008010,ORG-023,AST-08010,159,4,7,0,67,2,47,8,0.4,Low,5.6
IAM-008011,ORG-025,AST-08011,487,45,17,46,53,3,166,17,0.52,Medium,8.7
IAM-008012,ORG-017,AST-08012,48,4,0,1,63,4,38,1,0.48,High,5.5
IAM-008013,ORG-011,AST-08013,353,11,9,16,57,5,162,16,0.82,Medium,7.4
IAM-008014,ORG-004,AST-08014,138,8,6,6,52,7,149,5,0.79,High,7.9
IAM-008015,ORG-014,AST-08015,401,31,12,24,90,21,126,5,0.79,High,5.2
IAM-008016,ORG-003,AST-08016,288,28,11,3,64,23,104,10,0.9,High,8.2
IAM-008017,ORG-020,AST-08017,348,2,16,19,89,0,114,9,0.42,Low,4.9
IAM-008018,ORG-001,AST-08018,421,8,21,22,67,5,68,13,0.82,High,9.3
IAM-008019,ORG-009,AST-08019,57,2,2,0,48,2,12,2,0.47,High,7.5
IAM-008020,ORG-019,AST-08020,271,1,4,25,66,0,166,32,0.54,Low,6.2
IAM-008021,ORG-011,AST-08021,381,21,9,18,63,14,141,25,0.82,High,8.7
IAM-008022,ORG-001,AST-08022,339,30,13,4,65,20,89,7,0.82,High,8.1
IAM-008023,ORG-006,AST-08023,9,2,0,0,64,1,145,9,0.49,Low,5.1
IAM-008024,ORG-021,AST-08024,142,14,1,10,72,3,45,3,0.34,Medium,2.9
IAM-008025,ORG-004,AST-08025,132,10,6,9,66,1,145,5,0.33,Low,4.2
IAM-008026,ORG-012,AST-08026,491,33,23,22,60,10,38,7,0.55,Medium,8.8
IAM-008027,ORG-023,AST-08027,237,6,4,8,37,6,87,0,0.54,High,8.1
IAM-008028,ORG-022,AST-08028,420,6,6,10,41,5,154,27,0.5,High,10
IAM-008029,ORG-002,AST-08029,339,16,15,3,54,12,76,15,0.96,High,10
IAM-008030,ORG-015,AST-08030,60,4,2,6,93,2,149,27,0.93,Low,4.9
IAM-008031,ORG-012,AST-08031,87,5,2,2,80,1,114,3,0.51,Low,2.3
IAM-008032,ORG-021,AST-08032,76,7,3,7,57,7,97,11,0.49,High,7.1
IAM-008033,ORG-024,AST-08033,351,2,11,26,42,2,142,2,0.64,High,9.2
IAM-008034,ORG-023,AST-08034,489,18,6,2,54,9,162,27,0.68,Medium,8.1
IAM-008035,ORG-009,AST-08035,374,35,1,17,76,12,77,9,0.78,Medium,4.1
IAM-008036,ORG-014,AST-08036,286,4,2,18,51,3,53,8,0.65,High,6.4
IAM-008037,ORG-017,AST-08037,456,41,20,36,72,27,21,3,0.41,High,7.8
IAM-008038,ORG-011,AST-08038,102,1,0,10,38,1,81,8,0.42,High,7.6
IAM-008039,ORG-017,AST-08039,209,4,7,17,31,0,38,1,0.53,Low,6.2
IAM-008040,ORG-005,AST-08040,124,8,0,4,49,3,70,3,0.94,Medium,5.1
IAM-008041,ORG-011,AST-08041,494,34,1,5,93,12,186,12,0.61,Medium,2.4
IAM-008042,ORG-011,AST-08042,443,2,4,25,84,2,39,7,0.62,High,5.2
IAM-008043,ORG-019,AST-08043,305,8,5,22,90,0,55,0,0.49,Low,1.6
IAM-008044,ORG-025,AST-08044,259,6,11,17,53,6,33,1,0.74,High,8.3
IAM-008045,ORG-006,AST-08045,370,2,18,16,68,1,37,7,0.74,Low,8.3
IAM-008046,ORG-015,AST-08046,206,7,3,14,44,5,169,29,0.84,High,9.8
IAM-008047,ORG-006,AST-08047,233,11,3,5,57,5,129,17,0.5,Medium,6.5
IAM-008048,ORG-005,AST-08048,323,22,9,15,61,6,107,18,0.45,Medium,6.7
IAM-008049,ORG-025,AST-08049,184,5,3,11,75,0,120,14,0.76,Low,3.3
IAM-008050,ORG-016,AST-08050,57,3,2,4,97,0,18,2,0.41,Low,0.8
IAM-008051,ORG-004,AST-08051,208,12,5,10,73,10,124,9,0.41,High,6.6
IAM-008052,ORG-023,AST-08052,215,15,1,11,30,7,27,2,0.49,Medium,6.3
IAM-008053,ORG-006,AST-08053,410,38,10,4,66,19,39,3,0.99,Medium,5.8
IAM-008054,ORG-015,AST-08054,271,9,12,2,85,3,18,3,0.69,Medium,4.5
IAM-008055,ORG-017,AST-08055,210,16,1,18,79,10,96,12,0.4,High,5.0
IAM-008056,ORG-024,AST-08056,418,32,18,36,77,5,175,14,0.44,Medium,6.6
IAM-008057,ORG-021,AST-08057,411,16,5,25,46,1,15,0,0.42,Low,4.5
IAM-008058,ORG-005,AST-08058,115,9,4,0,34,3,31,6,0.38,Medium,6.9
IAM-008059,ORG-005,AST-08059,497,48,6,20,43,38,152,25,0.57,High,10
IAM-008060,ORG-006,AST-08060,196,1,1,2,91,1,60,12,0.77,High,4.8
IAM-008061,ORG-016,AST-08061,437,17,17,23,59,0,162,19,0.65,Low,8.3
IAM-008062,ORG-023,AST-08062,156,1,0,11,47,0,181,27,0.63,Low,6.1
IAM-008063,ORG-002,AST-08063,468,9,1,24,62,8,2,1,0.5,High,5.6
IAM-008064,ORG-022,AST-08064,294,20,14,1,52,12,22,1,0.49,High,7.7
IAM-008065,ORG-003,AST-08065,140,5,3,7,86,2,141,11,0.4,Low,3.7
IAM-008066,ORG-010,AST-08066,154,9,4,11,95,1,58,1,0.55,Low,1.6
IAM-008067,ORG-015,AST-08067,337,32,8,6,83,13,182,33,0.36,Medium,7.4
IAM-008068,ORG-015,AST-08068,227,9,10,8,67,9,43,6,0.83,High,8.2
IAM-008069,ORG-022,AST-08069,417,11,7,12,74,5,54,10,0.71,Medium,5.1
IAM-008070,ORG-010,AST-08070,377,17,17,25,41,1,71,3,0.88,Low,7.6
IAM-008071,ORG-021,AST-08071,28,2,1,1,58,2,49,2,0.92,High,6.5
IAM-008072,ORG-021,AST-08072,154,8,0,15,43,6,51,1,0.49,High,5.8
IAM-008073,ORG-017,AST-08073,175,5,1,6,92,3,100,8,0.8,High,3.5
IAM-008074,ORG-009,AST-08074,332,9,9,7,95,4,120,7,0.34,Medium,3.9
IAM-008075,ORG-002,AST-08075,31,3,0,1,60,3,103,11,0.92,High,6.7
IAM-008076,ORG-009,AST-08076,165,5,8,13,58,1,92,9,0.67,Low,5.7
IAM-008077,ORG-019,AST-08077,374,1,17,34,81,1,176,21,0.63,High,10
IAM-008078,ORG-006,AST-08078,250,17,7,2,37,9,2,0,0.43,High,7.0
IAM-008079,ORG-002,AST-08079,398,15,3,12,89,13,120,6,0.57,High,4.7
IAM-008080,ORG-016,AST-08080,185,4,8,8,76,4,100,10,0.42,High,7.5
IAM-008081,ORG-005,AST-08081,57,3,0,5,92,1,47,4,0.95,Low,2.2
IAM-008082,ORG-018,AST-08082,109,9,2,2,52,2,145,15,0.54,Low,5.4
IAM-008083,ORG-004,AST-08083,106,5,0,0,83,2,51,0,0.63,Low,2.0
IAM-008084,ORG-020,AST-08084,336,25,1,27,67,23,69,9,0.32,High,5.8
IAM-008085,ORG-009,AST-08085,255,15,3,23,74,4,45,3,0.89,Medium,3.5
IAM-008086,ORG-010,AST-08086,189,1,6,12,48,0,82,14,0.41,Low,6.3
IAM-008087,ORG-008,AST-08087,267,6,2,23,94,2,5,0,0.99,Low,2.2
IAM-008088,ORG-024,AST-08088,331,10,13,26,68,10,11,1,0.39,High,7.6
IAM-008089,ORG-002,AST-08089,434,20,17,24,34,17,178,24,0.52,High,10
IAM-008090,ORG-018,AST-08090,477,17,4,27,80,7,74,4,0.93,Medium,3.4
IAM-008091,ORG-009,AST-08091,379,6,14,9,59,0,171,15,0.68,Low,6.9
IAM-008092,ORG-017,AST-08092,334,25,8,18,64,24,136,25,0.6,High,9.1
IAM-008093,ORG-009,AST-08093,369,28,1,5,95,7,157,26,0.65,Medium,4.3
IAM-008094,ORG-004,AST-08094,142,12,1,14,67,8,104,10,0.69,High,5.7
IAM-008095,ORG-004,AST-08095,488,5,4,8,61,3,162,14,0.34,High,7.0
IAM-008096,ORG-022,AST-08096,183,10,6,7,96,9,159,9,0.39,High,4.7
IAM-008097,ORG-005,AST-08097,190,10,4,19,96,0,25,3,0.3,Low,1.4
IAM-008098,ORG-018,AST-08098,405,25,20,21,85,15,55,10,0.83,High,8.3
IAM-008099,ORG-014,AST-08099,67,1,1,5,86,1,84,8,0.47,High,5.4
IAM-008100,ORG-016,AST-08100,335,22,15,29,39,11,15,3,0.56,Medium,8.4
IAM-008101,ORG-024,AST-08101,95,6,2,2,80,4,180,1,0.33,High,4.1
IAM-008102,ORG-011,AST-08102,470,23,1,33,84,16,68,0,0.63,High,2.9
IAM-008103,ORG-015,AST-08103,174,7,1,17,37,1,185,18,0.81,Low,6.2
IAM-008104,ORG-019,AST-08104,111,6,5,3,74,6,145,24,0.3,High,8.1
IAM-008105,ORG-011,AST-08105,47,4,1,2,56,4,90,1,0.88,High,5.8
IAM-008106,ORG-002,AST-08106,481,25,19,30,35,20,121,11,0.86,High,10
IAM-008107,ORG-009,AST-08107,358,19,11,7,44,19,154,18,0.72,High,10
IAM-008108,ORG-003,AST-08108,376,29,11,35,45,27,172,21,0.92,High,10
IAM-008109,ORG-024,AST-08109,368,26,4,22,55,12,87,11,0.91,Medium,6.0
IAM-008110,ORG-022,AST-08110,382,12,15,27,63,1,121,18,0.4,Low,8.0
IAM-008111,ORG-024,AST-08111,170,4,6,1,75,1,117,22,0.62,Low,6.1
IAM-008112,ORG-003,AST-08112,11,2,0,1,63,0,199,36,0.53,Low,5.6
IAM-008113,ORG-021,AST-08113,394,6,16,2,95,6,102,6,0.76,High,6.8
IAM-008114,ORG-007,AST-08114,323,24,16,16,99,12,77,11,0.38,Medium,6.2
IAM-008115,ORG-005,AST-08115,226,7,1,20,37,6,43,3,0.35,High,7.6
IAM-008116,ORG-009,AST-08116,462,11,8,16,40,11,45,9,0.67,High,9.4
IAM-008117,ORG-005,AST-08117,412,34,6,1,47,0,122,12,0.52,Low,5.7
IAM-008118,ORG-011,AST-08118,459,22,19,27,68,9,83,16,0.61,Medium,8.6
IAM-008119,ORG-022,AST-08119,74,1,0,6,80,0,186,26,0.57,Low,3.6
IAM-008120,ORG-019,AST-08120,194,10,7,0,72,2,137,5,0.54,Low,4.0
IAM-008121,ORG-008,AST-08121,310,22,11,23,40,22,192,11,0.33,High,10
IAM-008122,ORG-025,AST-08122,48,4,0,0,77,0,106,0,0.4,Low,1.8
IAM-008123,ORG-011,AST-08123,141,1,7,3,77,0,62,2,0.94,Low,2.9
IAM-008124,ORG-007,AST-08124,244,24,1,1,67,10,53,1,0.85,Medium,3.5
IAM-008125,ORG-010,AST-08125,37,1,0,3,85,0,71,0,0.88,Low,1.0
IAM-008126,ORG-012,AST-08126,467,43,5,14,38,32,144,24,0.53,High,10
IAM-008127,ORG-025,AST-08127,260,15,8,21,55,3,10,2,0.6,Medium,5.3
IAM-008128,ORG-005,AST-08128,375,8,4,11,82,2,55,11,0.35,Low,4.1
IAM-008129,ORG-005,AST-08129,45,4,2,4,66,4,78,10,0.55,High,6.2
IAM-008130,ORG-019,AST-08130,445,18,13,43,49,6,34,0,0.74,Medium,6.7
IAM-008131,ORG-012,AST-08131,376,35,11,25,58,34,107,15,0.92,High,9.8
IAM-008132,ORG-022,AST-08132,480,17,13,23,80,15,44,8,0.36,High,7.0
IAM-008133,ORG-006,AST-08133,308,2,5,1,64,0,102,4,0.58,Low,3.6
IAM-008134,ORG-016,AST-08134,74,5,3,2,97,2,35,3,0.65,Low,2.2
IAM-008135,ORG-023,AST-08135,128,4,5,1,47,3,82,9,0.72,High,7.5
IAM-008136,ORG-009,AST-08136,135,10,2,3,73,5,87,2,0.81,Medium,3.6
IAM-008137,ORG-009,AST-08137,405,2,17,11,77,2,125,9,0.48,High,9.3
IAM-008138,ORG-009,AST-08138,57,2,2,3,90,1,131,20,0.7,Low,4.2
IAM-008139,ORG-006,AST-08139,14,2,0,1,78,0,0,1,0.62,Low,1.6
IAM-008140,ORG-020,AST-08140,210,19,9,21,36,18,129,9,0.63,High,9.9
IAM-008141,ORG-008,AST-08141,439,39,17,0,71,5,74,13,0.4,Medium,6.8
IAM-008142,ORG-011,AST-08142,205,13,8,5,98,4,49,3,0.9,Medium,3.3
IAM-008143,ORG-014,AST-08143,56,4,1,3,84,1,149,10,0.82,Low,2.9
IAM-008144,ORG-005,AST-08144,316,17,13,29,62,3,191,13,0.79,Medium,6.9
IAM-008145,ORG-019,AST-08145,125,1,2,6,54,1,134,2,0.93,High,6.2
IAM-008146,ORG-020,AST-08146,149,13,1,0,98,8,37,6,0.66,High,2.6
IAM-008147,ORG-013,AST-08147,238,13,3,3,86,4,81,10,0.46,Medium,3.0
IAM-008148,ORG-010,AST-08148,125,6,0,2,71,5,139,15,0.4,High,6.2
IAM-008149,ORG-023,AST-08149,382,21,16,10,99,14,199,34,0.47,High,8.4
IAM-008150,ORG-005,AST-08150,451,12,14,13,50,5,93,5,0.67,Medium,7.9
IAM-008151,ORG-011,AST-08151,353,3,5,22,39,1,123,10,0.63,Low,7.3
IAM-008152,ORG-019,AST-08152,138,7,4,4,65,7,69,1,0.34,High,5.7
IAM-008153,ORG-015,AST-08153,100,4,3,6,61,4,45,7,0.93,High,6.9
IAM-008154,ORG-008,AST-08154,119,1,0,8,71,1,71,1,0.48,High,5.1
IAM-008155,ORG-023,AST-08155,457,26,22,19,89,0,71,2,0.53,Low,5.8
IAM-008156,ORG-020,AST-08156,250,19,5,3,61,9,40,7,0.68,Medium,5.4
IAM-008157,ORG-022,AST-08157,219,3,3,3,96,0,95,1,0.74,Low,1.5
IAM-008158,ORG-016,AST-08158,389,12,8,22,86,0,174,2,0.38,Low,2.6
IAM-008159,ORG-016,AST-08159,246,16,10,2,52,3,125,23,0.45,Medium,8.2
IAM-008160,ORG-006,AST-08160,58,4,1,4,87,0,42,3,0.39,Low,1.3
IAM-008161,ORG-013,AST-08161,24,2,1,0,98,0,113,10,0.8,Low,1.0
IAM-008162,ORG-005,AST-08162,211,2,8,0,95,0,35,5,0.54,Low,2.9
IAM-008163,ORG-015,AST-08163,155,3,3,4,32,3,94,9,0.79,High,9.0
IAM-008164,ORG-002,AST-08164,61,5,2,4,65,4,115,21,0.69,High,7.6
IAM-008165,ORG-022,AST-08165,345,31,0,29,37,15,10,1,0.83,Medium,5.6
IAM-008166,ORG-016,AST-08166,45,4,1,1,33,4,164,16,0.67,High,8.9
IAM-008167,ORG-006,AST-08167,411,4,4,27,35,4,61,9,0.57,High,9.0
IAM-008168,ORG-012,AST-08168,205,14,1,14,89,7,81,14,0.67,Medium,4.0
IAM-008169,ORG-008,AST-08169,41,2,2,3,62,2,107,15,0.77,High,7.9
IAM-008170,ORG-022,AST-08170,243,24,0,11,56,11,172,29,0.41,Medium,7.1
IAM-008171,ORG-008,AST-08171,404,40,2,11,74,26,106,15,0.63,High,5.5
IAM-008172,ORG-022,AST-08172,162,12,6,7,48,0,107,15,0.85,Low,6.6
IAM-008173,ORG-015,AST-08173,103,7,3,9,42,1,86,2,0.95,Low,4.8
IAM-008174,ORG-009,AST-08174,182,1,7,0,92,1,163,22,0.66,High,7.5
IAM-008175,ORG-017,AST-08175,480,8,22,17,33,1,109,18,0.43,Low,10
IAM-008176,ORG-010,AST-08176,82,2,0,0,65,0,9,1,0.84,Low,2.5
IAM-008177,ORG-013,AST-08177,154,10,0,1,52,0,72,10,0.63,Low,3.9
IAM-008178,ORG-012,AST-08178,204,1,0,15,82,0,180,14,0.4,Low,2.5
IAM-008179,ORG-005,AST-08179,285,6,12,21,42,6,152,2,0.97,High,9.7
IAM-008180,ORG-016,AST-08180,58,1,2,3,98,1,123,3,0.72,High,3.4
IAM-008181,ORG-021,AST-08181,479,7,21,18,39,3,86,5,0.68,Medium,10
IAM-008182,ORG-004,AST-08182,81,1,0,6,46,1,196,37,0.62,High,10
IAM-008183,ORG-019,AST-08183,19,1,0,0,94,0,164,20,0.52,Low,2.0
IAM-008184,ORG-009,AST-08184,485,12,3,10,60,6,188,19,0.39,Medium,6.3
IAM-008185,ORG-014,AST-08185,10,2,0,0,44,0,115,9,0.34,Low,4.4
IAM-008186,ORG-011,AST-08186,430,15,0,30,52,11,9,0,0.58,High,5.0
IAM-008187,ORG-021,AST-08187,17,2,0,1,69,0,70,1,0.47,Low,2.1
IAM-008188,ORG-015,AST-08188,273,5,5,12,60,0,200,9,0.91,Low,4.6
IAM-008189,ORG-014,AST-08189,172,7,1,2,57,6,125,22,0.77,High,7.8
IAM-008190,ORG-019,AST-08190,361,20,17,11,97,10,53,6,0.44,Medium,5.6
IAM-008191,ORG-022,AST-08191,454,24,16,4,77,15,148,28,0.6,High,9.9
IAM-008192,ORG-005,AST-08192,339,12,7,22,43,3,108,16,0.93,Medium,7.2
IAM-008193,ORG-008,AST-08193,447,10,0,39,89,10,19,2,0.88,High,4.2
IAM-008194,ORG-014,AST-08194,378,36,15,13,31,6,71,12,0.71,Medium,9.1
IAM-008195,ORG-017,AST-08195,492,17,4,8,32,7,80,15,0.62,Medium,8.3
IAM-008196,ORG-022,AST-08196,357,13,9,15,74,12,44,0,0.83,High,6.5
IAM-008197,ORG-011,AST-08197,132,8,6,3,35,0,109,17,0.44,Low,7.2
IAM-008198,ORG-009,AST-08198,380,3,2,19,88,2,38,0,0.52,High,3.2
IAM-008199,ORG-007,AST-08199,81,8,4,6,80,7,10,2,0.92,High,5.4
IAM-008200,ORG-003,AST-08200,291,5,11,10,97,1,69,3,0.93,Low,3.5
IAM-008201,ORG-013,AST-08201,342,32,15,4,31,23,48,7,0.6,High,10
IAM-008202,ORG-018,AST-08202,303,30,11,8,32,12,29,0,0.62,Medium,7.9
IAM-008203,ORG-001,AST-08203,205,20,4,18,46,8,20,3,0.3,Medium,5.7
IAM-008204,ORG-019,AST-08204,89,2,1,4,51,2,123,10,0.58,High,7.3
IAM-008205,ORG-002,AST-08205,284,10,3,15,99,8,5,1,0.85,High,2.9
IAM-008206,ORG-003,AST-08206,178,15,2,7,91,10,96,6,0.51,High,3.4
IAM-008207,ORG-008,AST-08207,149,4,1,11,49,1,141,4,0.55,Low,4.7
IAM-008208,ORG-002,AST-08208,465,38,15,11,48,18,12,2,0.73,Medium,8.2
IAM-008209,ORG-005,AST-08209,157,7,7,5,83,0,119,13,0.74,Low,4.0
IAM-008210,ORG-005,AST-08210,352,10,16,5,51,9,177,1,0.87,High,8.9
IAM-008211,ORG-011,AST-08211,390,4,2,18,51,1,20,0,0.74,Low,4.2
IAM-008212,ORG-017,AST-08212,486,23,23,8,77,21,106,7,0.86,High,9.5
IAM-008213,ORG-004,AST-08213,189,6,4,18,81,6,155,5,0.86,High,5.1
IAM-008214,ORG-023,AST-08214,80,8,3,5,90,2,129,22,0.93,Low,4.1
IAM-008215,ORG-018,AST-08215,227,5,6,10,85,1,53,3,0.48,Low,2.8
IAM-008216,ORG-011,AST-08216,486,5,8,24,74,4,30,1,0.77,High,5.8
IAM-008217,ORG-014,AST-08217,368,20,9,9,98,16,77,14,0.99,High,5.7
IAM-008218,ORG-016,AST-08218,117,7,2,6,87,0,20,4,0.96,Low,2.0
IAM-008219,ORG-003,AST-08219,236,2,9,16,80,2,162,0,0.96,High,6.6
IAM-008220,ORG-009,AST-08220,242,9,0,4,32,8,129,23,0.66,High,9.2
IAM-008221,ORG-011,AST-08221,163,12,6,7,91,6,120,9,0.79,Medium,3.7
IAM-008222,ORG-001,AST-08222,474,27,12,22,87,1,159,29,0.53,Low,5.9
IAM-008223,ORG-019,AST-08223,45,1,2,4,53,0,48,7,0.56,Low,3.9
IAM-008224,ORG-001,AST-08224,407,10,3,36,41,7,180,13,0.6,High,8.1
IAM-008225,ORG-002,AST-08225,356,15,0,13,39,8,36,0,0.4,High,5.5
IAM-008226,ORG-015,AST-08226,420,25,16,41,49,8,21,3,0.76,Medium,8.0
IAM-008227,ORG-016,AST-08227,215,20,6,17,38,3,18,2,0.96,Medium,5.9
IAM-008228,ORG-013,AST-08228,60,6,0,5,43,6,160,30,0.6,High,9.7
IAM-008229,ORG-019,AST-08229,467,19,20,14,76,2,24,2,0.67,Low,6.2
IAM-008230,ORG-018,AST-08230,128,7,2,4,52,5,23,4,0.69,High,6.0
IAM-008231,ORG-007,AST-08231,444,9,19,29,33,5,60,6,0.48,High,10
IAM-008232,ORG-015,AST-08232,91,5,1,4,87,1,63,5,0.87,Low,1.8
IAM-008233,ORG-025,AST-08233,69,6,0,4,82,2,118,15,0.59,Low,3.3
IAM-008234,ORG-012,AST-08234,165,3,8,8,51,3,192,19,0.55,High,9.8
IAM-008235,ORG-022,AST-08235,126,11,2,4,61,6,158,14,0.99,High,6.3
IAM-008236,ORG-003,AST-08236,150,4,2,1,90,3,169,23,0.35,High,6.0
IAM-008237,ORG-017,AST-08237,132,9,2,12,73,1,12,2,0.62,Low,3.1
IAM-008238,ORG-009,AST-08238,391,31,1,39,68,12,40,4,0.54,Medium,4.0
IAM-008239,ORG-018,AST-08239,10,2,0,1,91,1,120,15,0.31,Low,3.5
IAM-008240,ORG-001,AST-08240,368,11,13,9,63,3,38,4,0.64,Medium,6.2
IAM-008241,ORG-005,AST-08241,129,10,2,2,85,6,106,21,0.85,High,5.7
IAM-008242,ORG-011,AST-08242,298,13,13,29,39,3,189,35,0.99,Medium,10
IAM-008243,ORG-017,AST-08243,25,1,0,0,34,0,36,5,0.37,Low,4.5
IAM-008244,ORG-024,AST-08244,42,3,1,3,93,0,31,1,0.62,Low,0.3
IAM-008245,ORG-018,AST-08245,213,3,4,14,62,0,107,2,0.82,Low,3.4
IAM-008246,ORG-008,AST-08246,445,6,3,39,31,4,97,4,0.71,High,7.4
IAM-008247,ORG-011,AST-08247,362,26,18,6,61,13,180,13,0.59,Medium,8.6
IAM-008248,ORG-025,AST-08248,123,1,1,9,97,1,42,8,0.64,High,4.5
IAM-008249,ORG-011,AST-08249,27,1,1,0,90,0,31,5,0.52,Low,1.4
IAM-008250,ORG-004,AST-08250,52,4,0,3,52,1,36,5,0.62,Low,4.1
IAM-008251,ORG-005,AST-08251,366,28,2,14,49,5,168,24,0.35,Medium,7.1
IAM-008252,ORG-014,AST-08252,340,10,14,11,44,8,74,4,0.73,High,9.8
IAM-008253,ORG-005,AST-08253,373,33,1,28,77,23,13,2,0.86,High,3.8
IAM-008254,ORG-020,AST-08254,89,3,4,4,92,2,132,11,0.4,High,4.5
IAM-008255,ORG-011,AST-08255,312,18,6,29,98,9,144,20,0.9,Medium,4.7
IAM-008256,ORG-023,AST-08256,430,21,3,29,90,4,128,22,0.91,Medium,4.1
IAM-008257,ORG-021,AST-08257,397,3,11,11,31,0,128,11,0.49,Low,8.4
IAM-008258,ORG-015,AST-08258,297,3,13,4,80,2,168,25,0.33,High,8.7
IAM-008259,ORG-007,AST-08259,287,3,14,4,48,2,92,15,0.75,High,9.3
IAM-008260,ORG-007,AST-08260,175,11,6,3,94,7,160,26,0.66,High,6.2
IAM-008261,ORG-004,AST-08261,13,1,0,0,77,1,139,4,0.65,High,5.3
IAM-008262,ORG-003,AST-08262,261,2,6,15,69,1,33,0,0.78,Low,5.3
IAM-008263,ORG-002,AST-08263,294,17,6,20,90,11,159,1,0.32,High,3.6
IAM-008264,ORG-004,AST-08264,332,28,12,24,82,23,121,4,0.91,High,6.4
IAM-008265,ORG-019,AST-08265,125,3,0,6,66,1,168,20,0.96,Low,4.8
IAM-008266,ORG-019,AST-08266,328,25,4,27,59,18,33,6,0.69,High,5.9
IAM-008267,ORG-009,AST-08267,450,12,5,27,32,12,84,16,0.39,High,10
IAM-008268,ORG-006,AST-08268,409,10,17,33,76,8,151,12,0.78,High,8.8
IAM-008269,ORG-025,AST-08269,72,3,2,3,65,2,93,8,0.82,High,6.0
IAM-008270,ORG-007,AST-08270,53,1,1,0,77,1,157,0,0.81,High,4.4
IAM-008271,ORG-019,AST-08271,265,10,5,4,54,9,29,0,0.31,High,6.3
IAM-008272,ORG-019,AST-08272,305,7,2,23,93,3,15,2,0.8,Medium,2.2
IAM-008273,ORG-022,AST-08273,370,22,18,32,66,14,200,28,0.48,High,10
IAM-008274,ORG-021,AST-08274,134,10,3,6,71,8,86,12,0.48,High,6.0
IAM-008275,ORG-004,AST-08275,236,10,7,20,43,8,188,36,0.82,High,10
IAM-008276,ORG-022,AST-08276,316,9,5,19,30,1,21,2,0.37,Low,6.1
IAM-008277,ORG-014,AST-08277,263,11,8,22,51,0,171,32,0.41,Low,8.0
IAM-008278,ORG-018,AST-08278,236,21,1,11,35,21,79,14,0.43,High,8.6
IAM-008279,ORG-024,AST-08279,124,1,6,4,85,0,160,15,0.76,Low,4.2
IAM-008280,ORG-022,AST-08280,253,21,10,14,38,6,125,24,0.7,Medium,8.9
IAM-008281,ORG-011,AST-08281,389,12,5,27,90,8,2,1,0.41,High,3.7
IAM-008282,ORG-020,AST-08282,62,6,0,2,94,2,137,0,0.67,Low,1.4
IAM-008283,ORG-017,AST-08283,18,2,0,1,51,0,151,25,0.67,Low,5.6
IAM-008284,ORG-015,AST-08284,11,2,0,1,77,0,187,28,0.69,Low,4.6
IAM-008285,ORG-020,AST-08285,91,1,1,5,91,1,158,16,0.37,High,5.6
IAM-008286,ORG-006,AST-08286,62,1,0,2,93,0,18,3,0.35,Low,0.4
IAM-008287,ORG-002,AST-08287,313,26,2,0,69,1,125,8,0.61,Low,3.2
IAM-008288,ORG-024,AST-08288,305,28,2,14,75,20,183,32,0.49,High,7.2
IAM-008289,ORG-012,AST-08289,288,13,5,21,77,4,54,10,0.98,Medium,4.4
IAM-008290,ORG-003,AST-08290,288,11,2,13,73,1,15,3,0.54,Low,2.5
IAM-008291,ORG-014,AST-08291,308,20,0,11,82,18,50,6,0.56,High,4.4
IAM-008292,ORG-013,AST-08292,331,23,1,1,48,0,140,8,0.38,Low,4.3
IAM-008293,ORG-019,AST-08293,183,11,8,15,48,2,36,1,0.78,Low,5.5
IAM-008294,ORG-018,AST-08294,306,30,15,0,62,6,87,10,0.48,Medium,7.2
IAM-008295,ORG-015,AST-08295,139,8,0,3,66,2,85,16,0.68,Low,4.6
IAM-008296,ORG-006,AST-08296,262,8,6,23,42,5,51,8,0.81,High,7.7
IAM-008297,ORG-002,AST-08297,334,20,8,12,79,8,15,1,0.5,Medium,4.3
IAM-008298,ORG-009,AST-08298,58,4,0,4,48,1,59,7,0.79,Low,5.2
IAM-008299,ORG-013,AST-08299,9,2,0,0,45,2,59,8,0.77,High,7.7
IAM-008300,ORG-011,AST-08300,47,4,1,4,83,1,31,2,0.87,Low,2.6
IAM-008301,ORG-010,AST-08301,470,25,1,21,64,19,76,5,0.85,High,5.2
IAM-008302,ORG-008,AST-08302,213,2,4,13,36,2,19,1,0.76,High,8.6
IAM-008303,ORG-013,AST-08303,377,11,15,28,40,5,2,0,0.65,Medium,8.6
IAM-008304,ORG-003,AST-08304,277,12,10,22,93,1,91,9,0.41,Low,3.6
IAM-008305,ORG-022,AST-08305,344,19,10,29,60,10,167,2,0.74,High,6.0
IAM-008306,ORG-023,AST-08306,401,28,17,21,90,11,156,8,0.64,Medium,6.4
IAM-008307,ORG-025,AST-08307,392,2,3,18,95,0,18,3,0.36,Low,1.0
IAM-008308,ORG-024,AST-08308,107,5,0,3,94,2,149,16,0.55,Low,3.2
IAM-008309,ORG-011,AST-08309,115,5,2,3,94,2,164,14,0.36,Low,3.0
IAM-008310,ORG-020,AST-08310,223,6,8,2,65,2,124,5,0.97,Low,5.9
IAM-008311,ORG-012,AST-08311,464,17,6,3,30,2,173,26,0.33,Low,9.0
IAM-008312,ORG-018,AST-08312,90,1,0,9,56,1,139,24,0.41,High,8.0
IAM-008313,ORG-022,AST-08313,86,2,0,0,46,2,91,17,0.39,High,8.8
IAM-008314,ORG-004,AST-08314,98,2,2,2,32,0,192,19,0.8,Low,7.2
IAM-008315,ORG-019,AST-08315,495,32,10,24,99,26,200,20,0.95,High,6.7
IAM-008316,ORG-023,AST-08316,284,2,4,20,32,1,12,1,0.42,Low,6.9
IAM-008317,ORG-007,AST-08317,135,3,0,11,59,2,162,24,0.57,High,7.2
IAM-008318,ORG-014,AST-08318,259,10,8,15,99,5,140,9,0.33,Medium,4.4
IAM-008319,ORG-006,AST-08319,465,45,10,12,95,13,169,21,0.9,Medium,5.7
IAM-008320,ORG-013,AST-08320,369,3,2,22,100,3,60,12,0.52,High,4.7
IAM-008321,ORG-023,AST-08321,429,34,21,14,33,27,82,14,0.48,High,10
IAM-008322,ORG-009,AST-08322,234,15,2,0,36,8,157,19,0.68,High,7.7
IAM-008323,ORG-014,AST-08323,19,1,0,0,34,1,27,3,0.96,High,7.6
IAM-008324,ORG-008,AST-08324,141,6,4,9,83,3,21,1,0.57,Medium,3.9
IAM-008325,ORG-014,AST-08325,253,3,11,7,97,0,21,0,0.35,Low,2.2
IAM-008326,ORG-015,AST-08326,448,15,8,1,83,3,180,29,0.54,Medium,6.5
IAM-008327,ORG-009,AST-08327,428,18,16,31,56,4,28,1,0.98,Medium,7.0
IAM-008328,ORG-017,AST-08328,374,18,15,36,68,6,151,10,0.91,Medium,7.6
IAM-008329,ORG-022,AST-08329,407,26,6,32,56,19,120,22,0.81,High,8.4
IAM-008330,ORG-024,AST-08330,41,1,2,1,72,0,87,7,0.43,Low,2.8
IAM-008331,ORG-017,AST-08331,259,3,8,0,98,1,104,18,0.78,Low,4.4
IAM-008332,ORG-015,AST-08332,337,15,4,21,56,13,54,2,0.67,High,6.3
IAM-008333,ORG-018,AST-08333,386,34,0,32,75,3,171,13,0.64,Medium,3.0
IAM-008334,ORG-007,AST-08334,25,2,1,2,60,1,165,23,0.73,Low,6.4
IAM-008335,ORG-024,AST-08335,89,5,3,7,38,0,48,7,0.37,Low,5.8
IAM-008336,ORG-020,AST-08336,163,12,8,4,95,2,77,6,0.38,Low,3.5
IAM-008337,ORG-018,AST-08337,282,5,1,8,75,5,31,4,0.66,High,5.5
IAM-008338,ORG-024,AST-08338,223,21,2,8,45,16,31,0,0.88,High,6.2
IAM-008339,ORG-008,AST-08339,490,27,18,14,77,11,85,9,0.73,Medium,7.3
IAM-008340,ORG-022,AST-08340,389,4,9,22,60,3,118,21,0.98,High,9.0
IAM-008341,ORG-024,AST-08341,379,20,0,21,55,17,122,22,0.75,High,8.1
IAM-008342,ORG-002,AST-08342,272,17,7,14,98,15,36,3,0.58,High,4.3
IAM-008343,ORG-014,AST-08343,397,37,15,10,88,34,101,0,0.6,High,6.1
IAM-008344,ORG-020,AST-08344,239,10,2,17,99,9,108,13,0.82,High,4.4
IAM-008345,ORG-013,AST-08345,223,15,2,3,41,1,11,2,0.51,Low,5.0
IAM-008346,ORG-022,AST-08346,457,1,16,40,75,0,168,9,0.99,Low,5.3
IAM-008347,ORG-022,AST-08347,78,1,1,4,64,1,35,6,0.73,High,6.6
IAM-008348,ORG-023,AST-08348,35,2,0,0,78,2,175,21,0.49,High,6.4
IAM-008349,ORG-011,AST-08349,164,5,4,8,83,4,14,0,0.85,High,4.6
IAM-008350,ORG-015,AST-08350,488,15,6,36,78,13,137,8,0.81,High,6.3
IAM-008351,ORG-020,AST-08351,484,47,2,17,42,19,73,14,0.62,Medium,7.1
IAM-008352,ORG-010,AST-08352,69,1,2,5,40,1,128,15,0.31,High,9.0
IAM-008353,ORG-023,AST-08353,226,5,5,6,58,5,193,6,0.53,High,7.6
IAM-008354,ORG-020,AST-08354,306,16,14,24,89,0,174,16,0.45,Low,5.2
IAM-008355,ORG-008,AST-08355,236,21,6,22,31,0,149,19,0.89,Low,8.2
IAM-008356,ORG-014,AST-08356,498,1,0,41,67,0,143,9,0.43,Low,3.1
IAM-008357,ORG-012,AST-08357,359,28,0,7,67,2,118,11,0.68,Low,3.3
IAM-008358,ORG-007,AST-08358,15,2,0,1,84,0,84,12,0.95,Low,2.8
IAM-008359,ORG-008,AST-08359,176,6,4,7,32,5,61,0,0.32,High,7.8
IAM-008360,ORG-008,AST-08360,53,4,1,1,100,2,60,5,0.84,Low,2.4
IAM-008361,ORG-025,AST-08361,418,29,12,13,61,15,177,26,0.42,High,8.8
IAM-008362,ORG-025,AST-08362,362,23,6,11,81,11,198,35,0.5,Medium,7.2
IAM-008363,ORG-003,AST-08363,248,12,8,14,52,7,117,16,0.86,High,8.0
IAM-008364,ORG-008,AST-08364,225,3,10,15,90,1,11,0,0.93,Low,3.3
IAM-008365,ORG-003,AST-08365,338,22,5,22,70,11,12,2,0.4,Medium,4.6
IAM-008366,ORG-022,AST-08366,299,11,7,3,65,1,33,6,0.3,Low,4.6
IAM-008367,ORG-023,AST-08367,59,4,2,0,74,1,100,11,0.73,Low,4.5
IAM-008368,ORG-012,AST-08368,465,15,8,12,88,0,176,28,0.53,Low,5.7
IAM-008369,ORG-011,AST-08369,255,7,8,16,41,2,30,3,0.32,Low,6.9
IAM-008370,ORG-010,AST-08370,101,6,2,1,30,1,190,18,0.61,Low,7.5
IAM-008371,ORG-016,AST-08371,117,4,5,7,49,3,100,17,0.87,High,8.5
IAM-008372,ORG-020,AST-08372,89,7,3,1,75,4,18,2,0.97,High,4.6
IAM-008373,ORG-011,AST-08373,309,14,13,8,78,7,17,2,0.88,Medium,5.8
IAM-008374,ORG-001,AST-08374,340,34,3,31,69,7,149,13,0.39,Medium,4.6
IAM-008375,ORG-002,AST-08375,299,28,2,19,63,25,39,0,0.87,High,5.2
IAM-008376,ORG-024,AST-08376,431,40,18,38,37,34,174,27,0.39,High,10
IAM-008377,ORG-011,AST-08377,45,4,0,4,47,0,35,1,0.9,Low,3.2
IAM-008378,ORG-014,AST-08378,351,7,8,25,82,2,25,4,0.49,Low,3.8
IAM-008379,ORG-002,AST-08379,493,16,17,16,32,4,175,33,0.67,Medium,10
IAM-008380,ORG-018,AST-08380,356,19,6,21,35,15,109,9,0.45,High,8.3
IAM-008381,ORG-011,AST-08381,333,28,0,10,97,16,52,9,0.84,High,2.5
IAM-008382,ORG-020,AST-08382,155,8,4,8,96,8,49,7,0.31,High,4.4
IAM-008383,ORG-003,AST-08383,289,21,8,13,92,6,94,1,0.99,Medium,3.3
IAM-008384,ORG-002,AST-08384,316,2,10,20,36,2,21,2,0.89,High,9.7
IAM-008385,ORG-025,AST-08385,346,12,14,2,32,12,58,8,0.91,High,10
IAM-008386,ORG-007,AST-08386,214,3,2,20,79,0,165,30,0.79,Low,4.5
IAM-008387,ORG-011,AST-08387,341,8,9,14,61,0,40,5,0.72,Low,5.2
IAM-008388,ORG-005,AST-08388,468,23,23,34,98,7,148,7,0.71,Medium,6.1
IAM-008389,ORG-004,AST-08389,261,13,3,8,68,13,173,22,0.83,High,8.2
IAM-008390,ORG-025,AST-08390,177,8,3,17,60,6,170,18,0.68,High,7.5
IAM-008391,ORG-021,AST-08391,488,23,6,7,98,6,47,2,0.48,Medium,2.5
IAM-008392,ORG-004,AST-08392,385,38,8,13,57,28,8,1,0.76,High,6.3
IAM-008393,ORG-014,AST-08393,358,23,5,19,86,19,140,14,0.34,High,5.4
IAM-008394,ORG-019,AST-08394,430,29,5,1,63,3,67,11,0.95,Medium,4.5
IAM-008395,ORG-022,AST-08395,83,2,0,2,32,2,2,0,0.95,High,7.9
IAM-008396,ORG-007,AST-08396,451,12,7,27,34,8,44,4,0.59,High,7.8
IAM-008397,ORG-018,AST-08397,214,11,0,19,50,7,139,20,0.31,High,7.6
IAM-008398,ORG-005,AST-08398,396,28,19,5,56,20,186,4,0.48,High,9.2
IAM-008399,ORG-022,AST-08399,7,1,0,0,41,0,71,6,0.77,Low,4.6
IAM-008400,ORG-018,AST-08400,124,3,4,9,67,2,121,2,0.66,High,4.8
IAM-008401,ORG-011,AST-08401,377,14,0,35,85,3,195,25,0.72,Medium,3.7
IAM-008402,ORG-023,AST-08402,39,2,1,0,41,1,137,10,0.81,Low,6.3
IAM-008403,ORG-021,AST-08403,366,10,7,23,78,4,30,4,0.75,Medium,4.4
IAM-008404,ORG-021,AST-08404,437,17,18,43,48,5,179,17,0.5,Medium,9.4
IAM-008405,ORG-011,AST-08405,110,11,3,2,33,9,10,0,0.88,High,7.3
IAM-008406,ORG-023,AST-08406,342,18,2,24,94,6,78,13,0.55,Medium,3.5
IAM-008407,ORG-010,AST-08407,91,6,2,3,78,1,169,10,0.53,Low,2.9
IAM-008408,ORG-024,AST-08408,427,25,20,9,84,4,176,2,0.33,Medium,5.7
IAM-008409,ORG-010,AST-08409,372,23,17,15,82,18,83,3,0.88,High,7.2
IAM-008410,ORG-004,AST-08410,116,10,1,7,64,4,157,9,0.6,Medium,4.7
IAM-008411,ORG-002,AST-08411,84,3,1,2,54,0,174,9,0.31,Low,4.5
IAM-008412,ORG-011,AST-08412,110,2,2,7,33,2,120,18,0.35,High,9.7
IAM-008413,ORG-024,AST-08413,357,8,7,0,66,7,63,11,0.31,High,7.7
IAM-008414,ORG-002,AST-08414,372,18,2,3,99,10,82,3,0.91,High,2.1
IAM-008415,ORG-002,AST-08415,476,10,5,46,37,1,81,9,0.74,Low,6.7
IAM-008416,ORG-004,AST-08416,233,5,6,18,50,5,154,18,0.94,High,9.0
IAM-008417,ORG-015,AST-08417,327,5,16,6,53,4,87,6,0.33,High,8.9
IAM-008418,ORG-005,AST-08418,202,17,0,2,66,8,143,16,0.7,Medium,5.5
IAM-008419,ORG-010,AST-08419,238,1,7,20,68,0,101,4,0.64,Low,3.9
IAM-008420,ORG-009,AST-08420,356,20,1,9,71,0,102,2,0.63,Low,2.6
IAM-008421,ORG-019,AST-08421,61,4,2,3,64,0,192,23,0.3,Low,5.3
IAM-008422,ORG-018,AST-08422,142,3,6,0,63,1,8,0,0.34,Low,5.0
IAM-008423,ORG-011,AST-08423,457,17,16,37,65,5,149,13,0.73,Medium,8.2
IAM-008424,ORG-016,AST-08424,109,8,5,4,53,3,189,34,0.67,Medium,8.6
IAM-008425,ORG-019,AST-08425,419,38,10,26,74,15,6,0,0.89,Medium,4.7
IAM-008426,ORG-020,AST-08426,118,6,5,7,76,3,133,20,0.92,Medium,6.4
IAM-008427,ORG-009,AST-08427,32,1,1,0,61,1,21,0,0.65,High,5.6
IAM-008428,ORG-015,AST-08428,281,3,14,11,44,3,4,1,0.78,High,9.5
IAM-008429,ORG-008,AST-08429,371,17,14,32,65,7,123,3,0.49,Medium,6.6
IAM-008430,ORG-007,AST-08430,453,40,6,14,79,23,59,6,0.61,High,4.4
IAM-008431,ORG-021,AST-08431,156,15,0,7,94,4,107,1,0.62,Medium,1.3
IAM-008432,ORG-007,AST-08432,111,6,1,5,80,1,151,14,0.65,Low,3.8
IAM-008433,ORG-014,AST-08433,392,35,13,9,95,27,121,6,0.33,High,6.0
IAM-008434,ORG-006,AST-08434,315,6,5,7,36,4,10,1,0.53,High,7.7
IAM-008435,ORG-023,AST-08435,458,28,17,16,72,21,164,20,0.75,High,9.4
IAM-008436,ORG-023,AST-08436,25,2,0,0,62,0,152,13,0.8,Low,3.5
IAM-008437,ORG-019,AST-08437,208,7,1,6,43,6,94,7,0.47,High,7.3
IAM-008438,ORG-015,AST-08438,478,38,6,28,69,6,45,4,0.38,Medium,4.2
IAM-008439,ORG-018,AST-08439,109,6,0,7,76,1,28,5,0.39,Low,2.3
IAM-008440,ORG-012,AST-08440,124,8,3,1,80,0,76,7,0.45,Low,2.3
IAM-008441,ORG-004,AST-08441,66,2,3,6,94,1,108,13,0.66,Low,3.6
IAM-008442,ORG-003,AST-08442,210,9,4,11,72,3,181,17,0.95,Medium,5.4
IAM-008443,ORG-022,AST-08443,304,29,2,0,35,15,186,14,0.62,High,7.4
IAM-008444,ORG-006,AST-08444,55,4,2,3,90,2,109,5,0.94,Low,2.9
IAM-008445,ORG-015,AST-08445,482,11,5,18,39,6,45,5,0.88,High,6.8
IAM-008446,ORG-023,AST-08446,48,1,1,2,57,1,97,0,0.94,High,6.2
IAM-008447,ORG-024,AST-08447,113,1,3,8,75,1,55,7,0.45,High,5.7
IAM-008448,ORG-003,AST-08448,378,5,16,3,66,4,117,5,0.4,High,8.8
IAM-008449,ORG-013,AST-08449,407,20,7,35,49,0,31,0,0.37,Low,4.7
IAM-008450,ORG-008,AST-08450,349,6,16,18,41,3,82,13,0.37,Medium,9.7
IAM-008451,ORG-025,AST-08451,427,5,18,13,60,2,0,1,0.94,Low,7.3
IAM-008452,ORG-008,AST-08452,356,8,11,35,45,4,138,14,0.91,Medium,8.3
IAM-008453,ORG-011,AST-08453,303,13,10,5,89,1,194,30,0.72,Low,5.6
IAM-008454,ORG-008,AST-08454,98,2,2,4,93,1,119,5,0.77,Low,2.4
IAM-008455,ORG-011,AST-08455,76,6,2,1,86,5,54,8,0.94,High,4.2
IAM-008456,ORG-013,AST-08456,103,10,4,3,39,7,9,0,0.71,High,7.3
IAM-008457,ORG-020,AST-08457,66,3,1,4,30,3,184,22,0.76,High,10
IAM-008458,ORG-021,AST-08458,273,11,4,4,70,11,181,16,0.83,High,7.7
IAM-008459,ORG-022,AST-08459,228,4,5,10,95,4,195,20,0.79,High,6.6
IAM-008460,ORG-025,AST-08460,383,31,15,35,37,10,53,7,0.97,Medium,8.5
IAM-008461,ORG-010,AST-08461,367,15,18,14,73,6,90,17,0.91,Medium,7.9
IAM-008462,ORG-014,AST-08462,419,22,4,2,98,11,46,3,0.57,Medium,2.7
IAM-008463,ORG-004,AST-08463,156,3,1,14,37,0,54,6,0.62,Low,5.3
IAM-008464,ORG-020,AST-08464,129,7,2,7,79,6,81,5,0.99,High,5.3
IAM-008465,ORG-023,AST-08465,324,29,1,1,52,25,138,5,0.7,High,6.6
IAM-008466,ORG-019,AST-08466,130,8,4,10,60,3,37,5,0.99,Medium,4.8
IAM-008467,ORG-003,AST-08467,303,1,12,24,70,1,181,5,0.92,High,8.3
IAM-008468,ORG-022,AST-08468,290,6,10,13,60,1,71,5,0.61,Low,5.6
IAM-008469,ORG-009,AST-08469,392,31,8,32,76,10,8,0,0.37,Medium,4.4
IAM-008470,ORG-012,AST-08470,59,4,2,3,35,2,124,19,0.55,Low,8.4
IAM-008471,ORG-012,AST-08471,348,5,13,26,93,1,137,4,0.39,Low,3.6
IAM-008472,ORG-010,AST-08472,178,13,0,14,74,9,138,10,0.91,High,5.0
IAM-008473,ORG-002,AST-08473,306,22,7,23,85,22,118,11,0.54,High,6.6
IAM-008474,ORG-023,AST-08474,171,15,8,11,77,12,110,21,0.98,High,7.5
IAM-008475,ORG-011,AST-08475,206,1,8,15,92,1,94,15,0.73,High,6.7
IAM-008476,ORG-004,AST-08476,365,1,14,21,69,0,169,15,0.43,Low,5.9
IAM-008477,ORG-013,AST-08477,433,37,16,24,68,36,83,1,0.35,High,8.4
IAM-008478,ORG-001,AST-08478,276,2,1,2,32,1,92,2,0.97,Low,6.4
IAM-008479,ORG-007,AST-08479,459,44,18,10,56,9,58,9,0.55,Medium,8.0
IAM-008480,ORG-009,AST-08480,225,13,5,0,33,5,130,22,0.31,Medium,8.6
IAM-008481,ORG-018,AST-08481,135,11,0,11,88,10,131,20,0.75,High,6.0
IAM-008482,ORG-009,AST-08482,99,7,0,3,87,1,55,0,0.56,Low,1.2
IAM-008483,ORG-015,AST-08483,339,12,5,31,73,9,175,34,0.37,High,8.7
IAM-008484,ORG-019,AST-08484,483,24,19,8,42,8,101,0,0.71,Medium,8.7
IAM-008485,ORG-007,AST-08485,105,3,4,4,93,3,70,5,0.47,High,4.4
IAM-008486,ORG-016,AST-08486,184,4,5,3,46,3,159,3,0.36,High,7.2
IAM-008487,ORG-013,AST-08487,345,14,5,25,66,1,37,2,0.6,Low,3.3
IAM-008488,ORG-008,AST-08488,163,7,5,11,53,1,106,16,0.69,Low,6.4
IAM-008489,ORG-025,AST-08489,340,12,0,28,56,11,55,0,0.71,High,5.4
IAM-008490,ORG-025,AST-08490,480,30,21,22,83,17,111,3,0.72,High,7.8
IAM-008491,ORG-019,AST-08491,311,12,13,7,47,9,129,23,0.58,High,10
IAM-008492,ORG-001,AST-08492,285,3,4,5,31,0,15,1,0.52,Low,5.3
IAM-008493,ORG-003,AST-08493,64,6,1,2,99,5,175,34,0.58,High,6.4
IAM-008494,ORG-002,AST-08494,471,44,14,32,68,23,186,1,0.52,High,6.2
IAM-008495,ORG-021,AST-08495,476,3,11,23,92,3,33,5,0.91,High,6.4
IAM-008496,ORG-009,AST-08496,73,4,0,4,72,0,12,1,0.71,Low,1.8
IAM-008497,ORG-017,AST-08497,202,13,4,8,51,9,48,7,0.79,High,6.7
IAM-008498,ORG-021,AST-08498,262,17,9,22,83,11,161,4,0.42,High,5.4
IAM-008499,ORG-015,AST-08499,327,31,10,16,83,14,57,7,0.36,Medium,5.3
IAM-008500,ORG-020,AST-08500,213,18,1,20,52,12,48,1,0.69,High,5.2
IAM-008501,ORG-018,AST-08501,120,9,4,9,65,2,103,12,0.34,Low,5.2
IAM-008502,ORG-009,AST-08502,499,17,6,3,98,14,133,13,0.7,High,4.8
IAM-008503,ORG-013,AST-08503,434,4,21,10,65,0,42,4,0.38,Low,6.8
IAM-008504,ORG-021,AST-08504,487,4,1,10,43,1,70,8,0.93,Low,5.9
IAM-008505,ORG-010,AST-08505,427,18,4,26,94,17,52,0,0.3,High,4.1
IAM-008506,ORG-016,AST-08506,200,4,10,16,80,1,114,18,0.37,Low,5.9
IAM-008507,ORG-004,AST-08507,302,5,2,13,52,1,100,0,0.37,Low,4.5
IAM-008508,ORG-002,AST-08508,236,11,11,11,54,6,2,0,0.31,High,6.7
IAM-008509,ORG-024,AST-08509,249,17,0,3,91,0,47,1,0.56,Low,0.8
IAM-008510,ORG-024,AST-08510,9,1,0,0,68,1,107,14,0.83,High,6.7
IAM-008511,ORG-013,AST-08511,189,9,4,17,50,0,76,6,0.92,Low,4.7
IAM-008512,ORG-011,AST-08512,460,18,9,32,60,7,36,6,0.56,Medium,6.2
IAM-008513,ORG-007,AST-08513,40,2,2,3,88,0,42,1,0.53,Low,0.9
IAM-008514,ORG-003,AST-08514,231,13,3,8,30,5,57,4,0.69,Medium,6.6
IAM-008515,ORG-024,AST-08515,221,2,6,1,51,0,50,8,0.64,Low,5.6
IAM-008516,ORG-015,AST-08516,388,35,0,12,98,22,181,9,0.69,High,2.7
IAM-008517,ORG-008,AST-08517,14,2,0,1,91,2,58,4,0.66,High,4.4
IAM-008518,ORG-018,AST-08518,30,2,1,3,35,2,63,8,0.69,High,8.3
IAM-008519,ORG-025,AST-08519,204,1,3,17,94,1,103,8,0.54,High,4.6
IAM-008520,ORG-004,AST-08520,418,34,1,40,49,29,127,7,0.82,High,6.7
IAM-008521,ORG-014,AST-08521,287,4,5,20,83,3,126,10,0.31,High,5.8
IAM-008522,ORG-007,AST-08522,340,7,4,30,37,6,29,0,0.96,High,8.0
IAM-008523,ORG-013,AST-08523,365,18,15,15,80,17,165,31,0.56,High,9.8
IAM-008524,ORG-025,AST-08524,381,21,8,34,67,20,166,30,0.74,High,9.9
IAM-008525,ORG-023,AST-08525,40,4,0,4,82,0,79,15,0.38,Low,2.3
IAM-008526,ORG-009,AST-08526,21,1,0,1,45,0,161,3,0.58,Low,3.5
IAM-008527,ORG-012,AST-08527,370,15,18,37,89,12,53,0,0.7,High,6.7
IAM-008528,ORG-005,AST-08528,264,4,12,14,79,4,109,11,0.84,High,7.7
IAM-008529,ORG-010,AST-08529,371,25,15,32,50,19,73,0,0.93,High,8.6
IAM-008530,ORG-018,AST-08530,67,4,3,0,50,1,45,5,0.37,Low,5.1
IAM-008531,ORG-013,AST-08531,84,6,1,6,95,0,132,16,0.88,Low,2.6
IAM-008532,ORG-004,AST-08532,428,1,20,28,54,1,179,22,0.51,High,10
IAM-008533,ORG-022,AST-08533,341,17,8,3,59,10,134,26,0.65,High,8.9
IAM-008534,ORG-001,AST-08534,168,8,8,1,40,1,199,31,0.67,Low,9.3
IAM-008535,ORG-009,AST-08535,178,11,2,17,41,6,6,1,0.95,High,5.8
IAM-008536,ORG-005,AST-08536,413,26,6,22,49,5,164,2,1.0,Medium,5.8
IAM-008537,ORG-005,AST-08537,334,32,16,8,75,10,199,39,0.84,Medium,9.8
IAM-008538,ORG-008,AST-08538,263,14,9,13,55,11,71,8,0.98,High,7.8
IAM-008539,ORG-018,AST-08539,441,17,6,44,54,10,184,9,0.46,High,6.6
IAM-008540,ORG-016,AST-08540,472,43,8,6,90,1,36,7,0.57,Low,3.1
IAM-008541,ORG-025,AST-08541,453,10,17,38,70,5,82,13,0.41,Medium,8.2
IAM-008542,ORG-023,AST-08542,66,1,2,2,69,0,1,0,0.77,Low,2.7
IAM-008543,ORG-007,AST-08543,221,15,5,21,72,5,159,16,0.39,Medium,5.5
IAM-008544,ORG-002,AST-08544,84,1,3,5,100,1,133,19,0.89,High,5.7
IAM-008545,ORG-002,AST-08545,269,15,11,24,41,13,122,15,0.87,High,10
IAM-008546,ORG-019,AST-08546,291,2,13,5,70,1,101,3,0.3,Low,6.8
IAM-008547,ORG-020,AST-08547,309,22,0,13,93,5,25,3,0.47,Medium,1.0
IAM-008548,ORG-019,AST-08548,410,3,19,20,36,3,125,1,0.64,High,10
IAM-008549,ORG-009,AST-08549,224,1,2,2,76,1,192,33,0.94,High,8.0
IAM-008550,ORG-015,AST-08550,466,7,15,2,65,2,113,3,0.94,Low,6.8
IAM-008551,ORG-008,AST-08551,274,22,8,17,83,6,174,29,0.75,Medium,6.1
IAM-008552,ORG-020,AST-08552,295,14,3,9,95,5,131,12,0.41,Medium,3.6
IAM-008553,ORG-011,AST-08553,363,28,6,34,74,0,115,20,0.7,Low,4.6
IAM-008554,ORG-023,AST-08554,229,10,0,22,67,5,148,9,0.83,Medium,4.5
IAM-008555,ORG-004,AST-08555,340,23,5,32,38,2,103,2,0.81,Low,5.2
IAM-008556,ORG-009,AST-08556,411,35,17,10,73,26,76,2,0.37,High,7.9
IAM-008557,ORG-002,AST-08557,337,3,6,27,65,1,109,7,0.64,Low,4.8
IAM-008558,ORG-009,AST-08558,27,2,1,0,35,0,137,24,0.99,Low,6.5
IAM-008559,ORG-014,AST-08559,300,11,3,1,61,7,105,0,0.59,High,5.0
IAM-008560,ORG-013,AST-08560,480,47,22,46,80,47,161,7,0.97,High,9.5
IAM-008561,ORG-018,AST-08561,222,1,5,13,93,1,124,2,0.31,High,4.3
IAM-008562,ORG-020,AST-08562,44,2,2,2,84,2,144,23,0.33,High,6.4
IAM-008563,ORG-002,AST-08563,374,34,14,26,74,23,126,6,0.94,High,7.4
IAM-008564,ORG-015,AST-08564,378,16,4,13,62,15,198,37,0.6,High,9.8
IAM-008565,ORG-007,AST-08565,445,17,13,38,33,14,92,10,0.85,High,10
IAM-008566,ORG-014,AST-08566,168,6,8,2,90,3,68,5,0.96,Medium,4.1
IAM-008567,ORG-016,AST-08567,299,11,10,7,99,5,23,2,0.61,Medium,4.0
IAM-008568,ORG-020,AST-08568,236,17,4,4,49,4,170,14,0.76,Medium,6.7
IAM-008569,ORG-022,AST-08569,80,2,1,6,35,2,109,4,0.38,High,7.8
IAM-008570,ORG-021,AST-08570,358,7,15,34,64,1,66,12,0.42,Low,7.0
IAM-008571,ORG-019,AST-08571,37,2,0,2,32,2,85,8,0.84,High,8.0
IAM-008572,ORG-010,AST-08572,380,32,13,36,48,30,74,9,0.34,High,10
IAM-008573,ORG-025,AST-08573,73,6,3,6,68,0,150,5,0.59,Low,2.8
IAM-008574,ORG-025,AST-08574,495,48,17,39,38,32,133,14,0.7,High,10
IAM-008575,ORG-017,AST-08575,288,7,5,13,79,1,26,4,0.78,Low,3.6
IAM-008576,ORG-009,AST-08576,452,22,22,0,62,1,117,11,0.86,Low,7.8
IAM-008577,ORG-007,AST-08577,432,36,11,10,66,17,165,13,0.53,Medium,7.5
IAM-008578,ORG-008,AST-08578,94,5,3,3,32,2,126,16,0.41,Low,8.1
IAM-008579,ORG-003,AST-08579,442,4,5,24,44,2,179,24,0.92,Low,8.2
IAM-008580,ORG-023,AST-08580,121,3,4,2,86,2,15,2,0.74,High,3.7
IAM-008581,ORG-013,AST-08581,441,3,16,18,70,2,157,28,0.82,High,9.5
IAM-008582,ORG-004,AST-08582,445,31,22,2,38,8,191,30,0.67,Medium,10
IAM-008583,ORG-025,AST-08583,325,2,11,8,71,1,107,5,0.38,Low,6.5
IAM-008584,ORG-003,AST-08584,200,3,9,3,46,1,87,10,0.54,Low,7.4
IAM-008585,ORG-003,AST-08585,163,10,3,14,90,8,107,16,0.75,High,5.7
IAM-008586,ORG-024,AST-08586,483,48,3,23,96,44,108,21,0.38,High,6.1
IAM-008587,ORG-022,AST-08587,229,19,10,19,73,7,167,26,0.88,Medium,7.5
IAM-008588,ORG-018,AST-08588,259,8,2,11,96,1,50,4,0.57,Low,1.0
IAM-008589,ORG-023,AST-08589,265,17,5,21,62,13,71,6,0.65,High,6.9
IAM-008590,ORG-009,AST-08590,391,14,11,30,75,9,38,3,0.56,High,5.9
IAM-008591,ORG-023,AST-08591,382,8,4,36,77,7,122,2,0.34,High,5.1
IAM-008592,ORG-015,AST-08592,481,9,8,42,53,4,148,14,0.6,Medium,7.0
IAM-008593,ORG-018,AST-08593,99,5,2,6,79,3,72,0,0.96,High,3.6
IAM-008594,ORG-021,AST-08594,255,15,0,24,55,11,116,22,0.58,High,7.3
IAM-008595,ORG-012,AST-08595,493,18,13,40,76,16,122,11,0.57,High,7.6
IAM-008596,ORG-005,AST-08596,440,41,6,34,43,30,9,1,0.82,High,7.1
IAM-008597,ORG-022,AST-08597,128,12,0,0,35,2,186,30,0.52,Low,7.5
IAM-008598,ORG-014,AST-08598,130,12,3,1,65,5,109,7,0.78,Medium,4.5
IAM-008599,ORG-016,AST-08599,399,36,12,8,89,20,180,1,0.43,High,4.4
IAM-008600,ORG-024,AST-08600,101,6,1,3,54,4,47,3,0.94,High,5.8
IAM-008601,ORG-016,AST-08601,447,37,15,22,35,31,196,17,0.35,High,10
IAM-008602,ORG-022,AST-08602,184,16,4,11,99,7,39,3,0.69,Medium,2.5
IAM-008603,ORG-018,AST-08603,144,4,5,13,89,0,85,10,0.89,Low,2.6
IAM-008604,ORG-010,AST-08604,348,2,1,16,30,0,99,12,0.92,Low,6.1
IAM-008605,ORG-012,AST-08605,307,13,10,12,70,7,79,12,0.62,High,7.2
IAM-008606,ORG-019,AST-08606,193,14,9,3,63,11,6,1,0.68,High,6.6
IAM-008607,ORG-013,AST-08607,119,2,4,6,43,0,58,11,0.9,Low,6.1
IAM-008608,ORG-003,AST-08608,92,6,4,6,72,2,173,32,0.93,Low,6.8
IAM-008609,ORG-023,AST-08609,205,13,4,13,68,1,181,33,0.32,Low,6.4
IAM-008610,ORG-020,AST-08610,367,17,3,2,92,3,199,13,0.99,Medium,2.5
IAM-008611,ORG-020,AST-08611,392,30,19,14,64,8,48,2,0.38,Medium,7.5
IAM-008612,ORG-010,AST-08612,299,6,3,12,85,4,10,1,0.71,High,4.1
IAM-008613,ORG-016,AST-08613,285,3,0,1,61,0,196,32,0.66,Low,5.7
IAM-008614,ORG-025,AST-08614,334,2,5,9,58,0,71,8,0.48,Low,5.0
IAM-008615,ORG-007,AST-08615,66,2,1,3,55,1,37,3,0.88,Low,4.6
IAM-008616,ORG-011,AST-08616,21,2,1,2,87,1,81,9,0.36,Low,3.4
IAM-008617,ORG-002,AST-08617,335,23,1,28,42,22,159,2,0.83,High,7.5
IAM-008618,ORG-001,AST-08618,330,19,10,20,67,4,101,2,0.35,Medium,4.8
IAM-008619,ORG-004,AST-08619,369,32,10,36,65,29,156,18,0.33,High,8.6
IAM-008620,ORG-012,AST-08620,452,7,8,40,47,3,93,10,0.43,Medium,7.0
IAM-008621,ORG-016,AST-08621,261,11,7,6,62,7,179,12,0.65,High,7.4
IAM-008622,ORG-005,AST-08622,109,10,5,6,77,0,49,5,0.75,Low,3.4
IAM-008623,ORG-004,AST-08623,111,9,5,8,70,0,187,8,0.54,Low,3.9
IAM-008624,ORG-005,AST-08624,61,4,0,6,33,1,114,22,0.34,Low,7.1
IAM-008625,ORG-021,AST-08625,318,26,10,17,53,16,124,14,0.8,High,8.4
IAM-008626,ORG-019,AST-08626,177,13,2,15,67,7,123,23,0.74,High,6.7
IAM-008627,ORG-009,AST-08627,207,7,10,20,90,4,64,11,0.34,High,5.6
IAM-008628,ORG-024,AST-08628,145,3,4,14,45,0,43,3,0.68,Low,5.0
IAM-008629,ORG-004,AST-08629,39,3,0,2,69,1,200,33,0.45,Low,6.2
IAM-008630,ORG-009,AST-08630,57,4,2,4,89,2,185,15,0.67,Low,4.5
IAM-008631,ORG-005,AST-08631,27,1,0,0,81,0,93,14,0.58,Low,2.5
IAM-008632,ORG-014,AST-08632,453,2,17,30,45,2,54,5,0.44,High,10
IAM-008633,ORG-018,AST-08633,110,1,1,1,76,0,24,4,0.67,Low,2.6
IAM-008634,ORG-024,AST-08634,168,11,6,16,70,11,177,0,0.33,High,6.4
IAM-008635,ORG-003,AST-08635,227,12,3,4,33,8,128,17,0.99,High,9.2
IAM-008636,ORG-017,AST-08636,415,3,5,28,93,0,175,11,0.89,Low,2.5
IAM-008637,ORG-012,AST-08637,184,13,1,7,49,4,99,13,0.72,Medium,6.2
IAM-008638,ORG-024,AST-08638,90,6,4,3,55,3,58,6,0.75,Medium,6.3
IAM-008639,ORG-006,AST-08639,234,7,6,19,99,0,138,8,0.86,Low,1.8
IAM-008640,ORG-015,AST-08640,257,23,9,14,73,16,54,8,0.93,High,6.5
IAM-008641,ORG-004,AST-08641,410,3,8,9,36,0,172,30,0.54,Low,8.8
IAM-008642,ORG-010,AST-08642,128,8,4,9,53,7,197,25,0.78,High,9.1
IAM-008643,ORG-018,AST-08643,462,4,14,36,38,0,194,5,0.99,Low,7.0
IAM-008644,ORG-004,AST-08644,216,16,10,7,65,14,195,11,0.9,High,7.7
IAM-008645,ORG-022,AST-08645,267,10,7,2,75,8,30,5,0.59,High,6.4
IAM-008646,ORG-001,AST-08646,34,1,0,3,99,1,148,25,0.44,High,5.8
IAM-008647,ORG-022,AST-08647,238,2,2,8,95,2,29,2,0.96,High,4.2
IAM-008648,ORG-008,AST-08648,187,2,3,7,89,2,75,4,0.84,High,4.8
IAM-008649,ORG-025,AST-08649,63,6,0,2,61,4,127,19,0.99,High,6.6
IAM-008650,ORG-016,AST-08650,26,1,1,0,49,0,186,34,0.52,Low,6.6
IAM-008651,ORG-013,AST-08651,197,6,2,7,95,1,15,0,0.32,Low,0.9
IAM-008652,ORG-016,AST-08652,73,2,0,4,54,0,29,0,0.59,Low,3.0
IAM-008653,ORG-013,AST-08653,451,34,21,31,61,12,101,6,0.52,Medium,8.7
IAM-008654,ORG-009,AST-08654,83,3,0,3,30,2,149,13,0.98,High,8.2
IAM-008655,ORG-010,AST-08655,113,3,0,11,39,3,68,13,1.0,High,7.9
IAM-008656,ORG-022,AST-08656,316,22,12,21,94,13,172,5,0.7,High,4.6
IAM-008657,ORG-001,AST-08657,384,9,18,10,48,8,165,17,0.84,High,10
IAM-008658,ORG-022,AST-08658,187,12,1,9,72,8,149,4,0.7,High,4.0
IAM-008659,ORG-002,AST-08659,426,18,7,17,66,16,117,20,0.42,High,8.0
IAM-008660,ORG-007,AST-08660,387,2,7,26,77,0,131,5,0.53,Low,3.2
IAM-008661,ORG-010,AST-08661,106,2,5,2,56,0,52,0,0.55,Low,4.0
IAM-008662,ORG-014,AST-08662,65,2,1,1,87,2,113,1,0.73,High,4.0
IAM-008663,ORG-016,AST-08663,266,9,1,4,94,8,138,11,0.43,High,4.6
IAM-008664,ORG-006,AST-08664,162,2,2,7,66,1,164,1,0.9,Low,4.2
IAM-008665,ORG-011,AST-08665,339,9,4,24,75,7,20,3,0.86,High,5.0
IAM-008666,ORG-007,AST-08666,299,5,3,19,31,2,64,9,0.69,Low,7.7
IAM-008667,ORG-017,AST-08667,186,16,1,5,76,1,145,17,0.91,Low,3.9
IAM-008668,ORG-021,AST-08668,432,18,14,17,66,18,36,5,0.66,High,8.9
IAM-008669,ORG-018,AST-08669,38,3,0,3,83,0,118,4,0.98,Low,2.0
IAM-008670,ORG-010,AST-08670,341,30,4,28,83,25,80,16,0.65,High,5.9
IAM-008671,ORG-011,AST-08671,186,8,5,18,77,2,17,2,0.67,Low,3.3
IAM-008672,ORG-008,AST-08672,340,26,15,34,60,1,60,4,0.62,Low,6.2
IAM-008673,ORG-025,AST-08673,231,5,2,19,58,1,31,2,0.9,Low,4.3
IAM-008674,ORG-016,AST-08674,405,5,2,9,33,1,191,36,0.82,Low,8.9
IAM-008675,ORG-018,AST-08675,375,37,4,4,100,27,154,15,0.54,High,4.4
IAM-008676,ORG-022,AST-08676,178,14,1,1,32,3,53,10,0.77,Medium,6.2
IAM-008677,ORG-025,AST-08677,378,9,9,26,87,6,60,9,0.33,High,5.2
IAM-008678,ORG-013,AST-08678,384,38,0,35,38,24,200,11,0.39,High,7.6
IAM-008679,ORG-009,AST-08679,35,3,0,2,70,2,71,2,0.85,High,3.9
IAM-008680,ORG-005,AST-08680,322,20,14,9,38,4,75,8,0.71,Medium,8.0
IAM-008681,ORG-016,AST-08681,9,2,0,0,30,2,40,8,0.71,High,8.7
IAM-008682,ORG-023,AST-08682,483,4,6,12,71,2,64,3,0.42,Low,5.1
IAM-008683,ORG-004,AST-08683,12,1,0,0,75,0,139,15,0.89,Low,3.3
IAM-008684,ORG-009,AST-08684,187,8,5,4,71,6,81,6,0.89,High,5.3
IAM-008685,ORG-016,AST-08685,259,8,12,9,92,5,184,30,0.75,High,8.1
IAM-008686,ORG-016,AST-08686,144,2,2,13,36,1,174,1,0.94,Low,6.3
IAM-008687,ORG-016,AST-08687,169,5,0,10,57,3,33,6,0.95,High,5.6
IAM-008688,ORG-017,AST-08688,14,2,0,1,43,1,84,7,0.56,Low,6.2
IAM-008689,ORG-001,AST-08689,17,2,0,1,78,2,61,6,0.77,High,5.0
IAM-008690,ORG-024,AST-08690,18,2,0,0,40,0,50,10,0.83,Low,4.8
IAM-008691,ORG-011,AST-08691,272,12,8,16,93,8,174,21,0.72,High,6.4
IAM-008692,ORG-022,AST-08692,382,15,1,16,30,6,40,1,0.7,Medium,5.8
IAM-008693,ORG-003,AST-08693,243,18,6,18,77,1,17,0,0.82,Low,2.4
IAM-008694,ORG-010,AST-08694,416,4,10,29,83,3,43,2,0.53,High,6.0
IAM-008695,ORG-025,AST-08695,166,8,7,7,32,8,135,23,0.5,High,10
IAM-008696,ORG-008,AST-08696,262,16,1,12,65,1,123,13,0.93,Low,4.4
IAM-008697,ORG-014,AST-08697,48,3,1,0,89,0,155,14,0.54,Low,2.2
IAM-008698,ORG-012,AST-08698,357,26,5,31,35,13,19,1,0.45,Medium,6.7
IAM-008699,ORG-020,AST-08699,297,13,6,10,81,9,109,9,0.85,High,5.9
IAM-008700,ORG-011,AST-08700,474,18,16,7,64,0,0,1,0.76,Low,6.1
IAM-008701,ORG-025,AST-08701,430,33,5,24,66,0,170,1,0.63,Low,3.3
IAM-008702,ORG-022,AST-08702,314,9,9,22,91,9,150,18,0.93,High,6.8
IAM-008703,ORG-018,AST-08703,303,22,15,0,80,7,172,7,0.52,Medium,6.3
IAM-008704,ORG-003,AST-08704,295,3,10,1,91,2,177,12,0.7,High,5.5
IAM-008705,ORG-011,AST-08705,418,23,5,12,67,17,194,6,0.34,High,5.7
IAM-008706,ORG-022,AST-08706,500,24,21,8,59,11,145,11,0.88,Medium,9.5
IAM-008707,ORG-011,AST-08707,32,3,1,2,60,1,37,0,0.39,Low,4.0
IAM-008708,ORG-022,AST-08708,43,2,0,2,30,2,104,1,0.97,High,8.0
IAM-008709,ORG-015,AST-08709,209,1,1,6,83,1,123,4,0.85,High,4.3
IAM-008710,ORG-019,AST-08710,377,13,1,6,82,11,150,29,0.77,High,6.5
IAM-008711,ORG-021,AST-08711,127,4,2,9,82,0,124,5,0.87,Low,2.3
IAM-008712,ORG-003,AST-08712,410,30,0,11,49,16,108,16,0.53,High,6.1
IAM-008713,ORG-022,AST-08713,17,2,0,1,92,1,50,10,0.94,Low,3.1
IAM-008714,ORG-019,AST-08714,90,8,1,8,33,8,180,16,0.36,High,9.7
IAM-008715,ORG-012,AST-08715,492,16,22,49,76,16,179,29,0.97,High,10
IAM-008716,ORG-013,AST-08716,202,14,9,11,87,2,166,14,0.91,Low,4.7
IAM-008717,ORG-015,AST-08717,209,6,0,11,66,0,147,2,0.52,Low,2.5
IAM-008718,ORG-024,AST-08718,494,44,2,24,92,20,166,24,0.34,Medium,4.4
IAM-008719,ORG-009,AST-08719,8,2,0,0,81,0,23,0,0.42,Low,1.2
IAM-008720,ORG-019,AST-08720,277,6,6,12,65,5,103,15,0.96,High,7.1
IAM-008721,ORG-005,AST-08721,394,13,19,18,39,5,121,18,0.88,Medium,10
IAM-008722,ORG-009,AST-08722,415,34,10,14,66,22,90,11,0.94,High,7.5
IAM-008723,ORG-022,AST-08723,67,1,0,4,47,0,63,8,0.82,Low,4.5
IAM-008724,ORG-014,AST-08724,403,32,13,19,88,12,90,9,0.78,Medium,5.2
IAM-008725,ORG-021,AST-08725,363,18,1,14,48,16,106,1,0.61,High,6.9
IAM-008726,ORG-010,AST-08726,283,24,2,1,86,3,106,18,0.63,Medium,3.8
IAM-008727,ORG-023,AST-08727,281,21,10,8,46,10,149,8,0.65,Medium,8.3
IAM-008728,ORG-019,AST-08728,354,9,1,13,59,1,124,14,0.34,Low,4.6
IAM-008729,ORG-005,AST-08729,438,17,17,9,76,3,109,17,0.72,Medium,7.1
IAM-008730,ORG-006,AST-08730,374,25,16,3,98,0,78,7,0.53,Low,4.3
IAM-008731,ORG-022,AST-08731,194,6,1,16,37,3,155,14,0.41,Medium,7.7
IAM-008732,ORG-002,AST-08732,203,16,2,7,47,6,85,3,0.56,Medium,5.1
IAM-008733,ORG-017,AST-08733,163,5,8,0,32,3,31,6,0.54,High,8.9
IAM-008734,ORG-003,AST-08734,189,8,3,15,57,6,148,20,0.82,High,7.5
IAM-008735,ORG-024,AST-08735,159,3,1,7,62,2,178,26,0.94,High,7.8
IAM-008736,ORG-001,AST-08736,333,29,7,3,94,16,64,10,0.68,High,4.1
IAM-008737,ORG-010,AST-08737,173,5,2,16,36,1,131,14,0.44,Low,7.0
IAM-008738,ORG-013,AST-08738,135,9,3,9,30,4,51,2,0.62,Medium,6.9
IAM-008739,ORG-007,AST-08739,191,18,4,11,48,3,195,3,0.69,Medium,5.3
IAM-008740,ORG-009,AST-08740,394,21,8,23,40,19,116,4,0.36,High,8.9
IAM-008741,ORG-019,AST-08741,180,9,7,15,84,0,99,9,0.83,Low,3.5
IAM-008742,ORG-017,AST-08742,387,38,13,36,94,16,199,7,0.8,Medium,5.0
IAM-008743,ORG-020,AST-08743,184,12,5,4,87,10,51,2,0.75,High,4.3
IAM-008744,ORG-004,AST-08744,158,10,2,12,66,1,192,9,0.63,Low,3.7
IAM-008745,ORG-006,AST-08745,97,8,4,2,33,2,186,10,0.64,Low,7.5
IAM-008746,ORG-009,AST-08746,334,32,11,16,77,3,38,2,0.45,Medium,4.0
IAM-008747,ORG-010,AST-08747,463,11,2,43,50,6,22,2,0.81,High,5.5
IAM-008748,ORG-017,AST-08748,215,6,8,10,47,1,162,20,0.97,Low,8.1
IAM-008749,ORG-025,AST-08749,307,30,2,4,99,4,29,4,0.92,Medium,1.0
IAM-008750,ORG-006,AST-08750,305,25,13,9,57,12,153,26,0.63,Medium,9.7
IAM-008751,ORG-003,AST-08751,490,29,12,30,30,15,174,30,0.73,High,10
IAM-008752,ORG-008,AST-08752,449,28,0,2,68,23,31,5,0.51,High,5.3
IAM-008753,ORG-002,AST-08753,437,7,20,31,76,3,36,2,0.68,Medium,7.5
IAM-008754,ORG-015,AST-08754,481,37,4,31,76,11,157,22,0.45,Medium,5.7
IAM-008755,ORG-013,AST-08755,34,3,0,0,86,1,63,12,0.48,Low,2.8
IAM-008756,ORG-019,AST-08756,499,18,21,32,37,14,132,16,0.89,High,10
IAM-008757,ORG-008,AST-08757,422,16,16,29,81,11,182,26,0.84,High,9.1
IAM-008758,ORG-015,AST-08758,236,19,6,11,42,0,58,3,0.46,Low,5.3
IAM-008759,ORG-022,AST-08759,388,28,8,28,96,20,94,18,0.44,High,5.4
IAM-008760,ORG-004,AST-08760,339,15,4,11,62,4,51,1,0.96,Medium,4.2
IAM-008761,ORG-016,AST-08761,459,21,7,24,54,12,169,18,0.87,High,7.7
IAM-008762,ORG-009,AST-08762,88,1,2,3,58,1,18,0,0.66,High,6.1
IAM-008763,ORG-017,AST-08763,292,2,7,27,44,2,15,0,0.42,High,7.9
IAM-008764,ORG-004,AST-08764,347,23,10,33,58,11,80,10,0.96,Medium,7.6
IAM-008765,ORG-022,AST-08765,181,2,3,3,71,2,197,5,0.45,High,5.8
IAM-008766,ORG-025,AST-08766,445,34,13,3,76,6,26,4,0.97,Medium,5.6
IAM-008767,ORG-003,AST-08767,472,12,8,5,84,12,160,21,0.83,High,7.9
IAM-008768,ORG-009,AST-08768,174,16,3,5,45,4,80,1,0.34,Medium,5.2
IAM-008769,ORG-024,AST-08769,426,6,13,42,97,1,71,10,0.64,Low,4.3
IAM-008770,ORG-016,AST-08770,11,1,0,1,51,1,10,0,0.89,High,6.1
IAM-008771,ORG-008,AST-08771,369,34,2,20,54,15,138,3,0.38,Medium,5.5
IAM-008772,ORG-015,AST-08772,158,3,6,2,78,3,92,14,0.57,High,6.8
IAM-008773,ORG-016,AST-08773,389,27,3,30,71,21,32,0,0.98,High,5.1
IAM-008774,ORG-006,AST-08774,475,29,5,39,99,13,179,13,0.87,Medium,3.3
IAM-008775,ORG-006,AST-08775,393,26,14,19,66,8,111,21,0.74,Medium,8.5
IAM-008776,ORG-014,AST-08776,313,30,7,5,55,26,71,1,0.74,High,7.3
IAM-008777,ORG-015,AST-08777,441,24,16,10,95,10,66,0,0.81,Medium,5.2
IAM-008778,ORG-020,AST-08778,328,23,11,9,78,4,97,19,0.41,Medium,6.4
IAM-008779,ORG-008,AST-08779,299,4,13,2,87,2,132,16,0.37,Low,6.6
IAM-008780,ORG-013,AST-08780,301,22,15,20,81,6,1,1,0.47,Medium,5.1
IAM-008781,ORG-009,AST-08781,26,2,0,1,67,0,151,17,0.45,Low,4.2
IAM-008782,ORG-018,AST-08782,132,11,2,2,97,6,74,0,0.92,High,2.1
IAM-008783,ORG-001,AST-08783,440,16,19,40,51,16,139,22,0.91,High,10
IAM-008784,ORG-003,AST-08784,125,8,0,8,69,7,80,11,0.44,High,5.8
IAM-008785,ORG-020,AST-08785,348,19,12,9,49,0,70,11,0.8,Low,7.3
IAM-008786,ORG-013,AST-08786,92,6,4,2,77,5,35,3,0.96,High,5.5
IAM-008787,ORG-008,AST-08787,406,1,9,11,44,0,149,12,0.89,Low,6.8
IAM-008788,ORG-024,AST-08788,171,13,7,14,38,4,159,27,0.34,Medium,9.0
IAM-008789,ORG-017,AST-08789,233,12,7,19,77,10,117,4,0.5,High,5.8
IAM-008790,ORG-010,AST-08790,65,1,3,1,56,0,190,31,0.93,Low,6.6
IAM-008791,ORG-005,AST-08791,123,8,5,7,65,7,24,0,1.0,High,5.9
IAM-008792,ORG-018,AST-08792,67,1,0,5,99,1,199,1,0.73,High,3.0
IAM-008793,ORG-012,AST-08793,10,1,0,0,86,1,143,17,0.75,High,5.2
IAM-008794,ORG-005,AST-08794,191,1,6,16,67,0,117,9,0.84,Low,4.2
IAM-008795,ORG-012,AST-08795,480,7,8,19,75,2,200,6,0.92,Low,5.2
IAM-008796,ORG-019,AST-08796,478,9,5,45,40,8,105,6,0.8,High,8.5
IAM-008797,ORG-010,AST-08797,471,3,10,14,41,1,50,4,0.58,Low,7.6
IAM-008798,ORG-021,AST-08798,398,32,10,28,55,26,182,36,0.92,High,10
IAM-008799,ORG-004,AST-08799,185,3,6,14,51,3,137,14,0.47,High,8.4
IAM-008800,ORG-010,AST-08800,415,30,10,5,50,8,184,25,0.99,Medium,9.1
IAM-008801,ORG-014,AST-08801,332,31,13,10,36,16,164,20,0.92,High,10
IAM-008802,ORG-008,AST-08802,92,5,2,6,72,5,121,0,0.58,High,5.6
IAM-008803,ORG-002,AST-08803,392,29,17,2,39,27,183,14,0.33,High,10
IAM-008804,ORG-001,AST-08804,109,5,3,2,61,4,2,0,0.89,High,5.6
IAM-008805,ORG-016,AST-08805,442,11,13,18,99,11,149,18,0.45,High,7.1
IAM-008806,ORG-025,AST-08806,298,26,6,15,67,3,129,19,0.4,Medium,6.1
IAM-008807,ORG-024,AST-08807,397,24,16,9,97,22,19,2,0.31,High,6.4
IAM-008808,ORG-002,AST-08808,263,24,0,13,85,0,126,11,0.5,Low,2.3
IAM-008809,ORG-010,AST-08809,416,14,9,29,56,9,64,4,0.37,High,6.8
IAM-008810,ORG-009,AST-08810,253,1,9,24,82,0,77,9,0.34,Low,3.8
IAM-008811,ORG-006,AST-08811,16,1,0,1,75,0,24,0,0.42,Low,1.6
IAM-008812,ORG-008,AST-08812,25,2,0,0,88,2,77,3,0.36,High,4.5
IAM-008813,ORG-013,AST-08813,38,3,0,1,73,1,174,2,0.48,Low,3.0
IAM-008814,ORG-015,AST-08814,374,21,1,2,88,9,153,27,0.32,Medium,4.9
IAM-008815,ORG-012,AST-08815,52,2,0,2,71,2,186,8,0.7,High,6.2
IAM-008816,ORG-003,AST-08816,196,18,6,6,56,2,51,3,0.46,Low,5.0
IAM-008817,ORG-009,AST-08817,487,13,5,25,63,1,110,11,0.63,Low,4.6
IAM-008818,ORG-013,AST-08818,375,33,6,7,94,23,150,17,0.99,High,5.8
IAM-008819,ORG-001,AST-08819,45,3,2,3,39,3,189,4,0.74,High,7.8
IAM-008820,ORG-018,AST-08820,288,20,8,26,45,10,142,18,0.46,Medium,9.0
IAM-008821,ORG-010,AST-08821,230,23,8,20,78,5,47,7,0.85,Medium,4.5
IAM-008822,ORG-006,AST-08822,55,1,0,1,60,1,141,22,0.86,High,7.7
IAM-008823,ORG-003,AST-08823,228,14,10,20,79,4,142,9,0.52,Medium,4.9
IAM-008824,ORG-018,AST-08824,78,2,3,6,41,1,85,4,0.71,Low,6.9
IAM-008825,ORG-001,AST-08825,12,1,0,1,89,1,189,32,0.81,High,7.2
IAM-008826,ORG-007,AST-08826,302,7,2,0,81,6,1,1,0.52,High,4.1
IAM-008827,ORG-002,AST-08827,190,13,1,19,71,9,126,15,0.94,High,5.8
IAM-008828,ORG-022,AST-08828,450,16,2,21,98,2,103,19,0.9,Low,3.1
IAM-008829,ORG-003,AST-08829,210,13,3,21,63,6,59,9,0.96,Medium,5.5
IAM-008830,ORG-007,AST-08830,132,13,4,3,89,12,57,1,0.96,High,4.9
IAM-008831,ORG-023,AST-08831,407,24,17,36,48,2,98,10,0.6,Low,8.1
IAM-008832,ORG-013,AST-08832,295,26,3,22,44,4,194,29,0.83,Medium,7.7
IAM-008833,ORG-004,AST-08833,473,3,7,37,89,3,166,25,0.94,High,7.5
IAM-008834,ORG-011,AST-08834,180,5,8,18,44,5,60,6,0.66,High,9.0
IAM-008835,ORG-004,AST-08835,319,20,2,30,60,13,89,9,0.36,High,5.9
IAM-008836,ORG-013,AST-08836,112,2,3,9,72,0,87,5,0.83,Low,3.4
IAM-008837,ORG-020,AST-08837,339,32,1,4,94,1,166,18,0.62,Low,2.1
IAM-008838,ORG-022,AST-08838,201,8,8,16,36,3,42,7,0.68,Medium,7.6
IAM-008839,ORG-023,AST-08839,236,23,1,8,100,21,200,10,0.99,High,4.2
IAM-008840,ORG-016,AST-08840,487,2,22,41,79,1,87,6,0.59,Low,7.5
IAM-008841,ORG-006,AST-08841,148,10,7,0,81,8,179,20,0.56,High,6.6
IAM-008842,ORG-009,AST-08842,117,1,0,3,49,0,10,1,1.0,Low,3.7
IAM-008843,ORG-002,AST-08843,440,40,14,7,69,2,22,3,0.74,Low,4.9
IAM-008844,ORG-022,AST-08844,25,2,1,0,61,0,101,16,0.76,Low,4.8
IAM-008845,ORG-002,AST-08845,127,2,2,8,45,2,11,0,0.73,High,7.2
IAM-008846,ORG-010,AST-08846,42,3,1,1,47,2,43,6,0.91,High,6.8
IAM-008847,ORG-008,AST-08847,232,14,4,11,39,0,120,13,0.63,Low,6.2
IAM-008848,ORG-010,AST-08848,487,2,18,22,83,0,127,18,0.88,Low,6.4
IAM-008849,ORG-016,AST-08849,401,22,5,38,89,5,185,7,0.62,Medium,3.6
IAM-008850,ORG-017,AST-08850,421,20,12,4,86,5,88,11,0.88,Medium,5.1
IAM-008851,ORG-002,AST-08851,393,16,2,34,93,11,119,1,0.9,High,3.5
IAM-008852,ORG-017,AST-08852,210,7,0,8,38,5,15,1,0.67,High,6.4
IAM-008853,ORG-018,AST-08853,158,9,2,5,87,2,190,20,0.49,Low,3.6
IAM-008854,ORG-019,AST-08854,451,45,15,30,83,31,142,15,0.53,High,7.3
IAM-008855,ORG-005,AST-08855,64,3,0,5,81,3,52,9,0.43,High,5.3
IAM-008856,ORG-021,AST-08856,423,19,6,37,36,12,67,3,0.56,High,7.9
IAM-008857,ORG-018,AST-08857,331,27,4,19,100,16,17,3,0.7,High,2.7
IAM-008858,ORG-002,AST-08858,204,17,8,16,92,0,81,5,0.78,Low,2.7
IAM-008859,ORG-019,AST-08859,194,6,8,12,54,1,119,9,0.8,Low,6.4
IAM-008860,ORG-020,AST-08860,112,10,4,1,95,2,6,1,0.56,Low,1.4
IAM-008861,ORG-022,AST-08861,281,13,10,8,62,3,156,3,0.54,Medium,5.9
IAM-008862,ORG-009,AST-08862,219,6,5,12,85,6,50,1,0.98,High,5.3
IAM-008863,ORG-012,AST-08863,226,10,5,21,30,9,133,22,0.66,High,10
IAM-008864,ORG-004,AST-08864,172,10,7,2,93,6,168,14,0.44,High,4.7
IAM-008865,ORG-019,AST-08865,155,7,4,0,35,0,164,6,0.84,Low,6.0
IAM-008866,ORG-013,AST-08866,422,17,16,11,65,14,80,8,0.56,High,8.4
IAM-008867,ORG-014,AST-08867,445,11,17,10,55,7,104,6,0.73,High,9.1
IAM-008868,ORG-013,AST-08868,23,2,0,2,78,0,172,17,0.85,Low,2.9
IAM-008869,ORG-007,AST-08869,363,13,2,13,69,0,126,13,0.36,Low,3.4
IAM-008870,ORG-004,AST-08870,83,3,0,4,41,2,191,10,0.52,High,7.2
IAM-008871,ORG-021,AST-08871,195,15,1,4,74,2,176,33,0.37,Low,5.5
IAM-008872,ORG-014,AST-08872,256,8,0,22,43,0,78,3,0.62,Low,4.4
IAM-008873,ORG-001,AST-08873,355,10,1,8,77,3,105,19,0.73,Medium,4.2
IAM-008874,ORG-002,AST-08874,316,23,6,29,75,2,190,8,0.68,Low,3.8
IAM-008875,ORG-011,AST-08875,292,14,1,19,86,6,36,3,0.4,Medium,3.2
IAM-008876,ORG-008,AST-08876,222,21,8,8,73,19,160,10,0.5,High,7.2
IAM-008877,ORG-009,AST-08877,120,9,5,9,96,6,73,8,0.71,High,3.7
IAM-008878,ORG-023,AST-08878,42,1,1,4,75,0,73,1,0.7,Low,1.9
IAM-008879,ORG-005,AST-08879,346,13,10,9,78,9,146,9,0.71,High,6.5
IAM-008880,ORG-004,AST-08880,309,10,9,12,44,6,53,0,0.39,High,7.6
IAM-008881,ORG-020,AST-08881,19,2,0,0,70,0,40,3,0.98,Low,1.9
IAM-008882,ORG-001,AST-08882,80,3,0,0,71,3,137,24,0.54,High,7.7
IAM-008883,ORG-002,AST-08883,269,10,12,16,86,4,164,15,0.32,Medium,5.9
IAM-008884,ORG-014,AST-08884,280,8,1,4,61,1,200,0,0.72,Low,3.2
IAM-008885,ORG-002,AST-08885,176,15,4,5,70,13,92,5,0.6,High,5.7
IAM-008886,ORG-007,AST-08886,151,10,2,2,40,3,4,1,0.41,Medium,5.2
IAM-008887,ORG-006,AST-08887,24,2,1,1,56,1,61,8,0.92,Low,5.3
IAM-008888,ORG-006,AST-08888,309,3,0,27,44,2,89,15,0.34,High,6.8
IAM-008889,ORG-001,AST-08889,188,15,6,12,61,6,70,3,0.83,Medium,5.6
IAM-008890,ORG-021,AST-08890,212,4,8,5,51,1,58,7,0.73,Low,6.8
IAM-008891,ORG-007,AST-08891,485,9,11,13,72,9,42,2,0.93,High,7.0
IAM-008892,ORG-007,AST-08892,365,31,11,12,81,21,29,3,0.47,High,5.5
IAM-008893,ORG-023,AST-08893,318,22,2,2,32,11,70,8,0.4,Medium,7.6
IAM-008894,ORG-014,AST-08894,477,5,8,39,32,4,102,14,0.83,High,9.9
IAM-008895,ORG-016,AST-08895,142,8,2,4,54,7,178,15,0.5,High,7.3
IAM-008896,ORG-007,AST-08896,178,16,6,11,95,0,15,1,0.51,Low,1.3
IAM-008897,ORG-024,AST-08897,238,14,6,10,36,9,18,0,0.85,High,7.1
IAM-008898,ORG-003,AST-08898,449,15,1,6,85,15,90,4,0.5,High,4.4
IAM-008899,ORG-012,AST-08899,54,4,1,1,35,4,23,3,0.92,High,8.3
IAM-008900,ORG-001,AST-08900,390,16,7,17,97,14,63,6,0.73,High,5.1
IAM-008901,ORG-002,AST-08901,148,14,0,13,54,14,180,34,0.61,High,9.6
IAM-008902,ORG-011,AST-08902,53,4,0,2,62,2,197,5,0.68,Low,4.5
IAM-008903,ORG-002,AST-08903,233,15,8,21,67,0,77,9,0.55,Low,4.9
IAM-008904,ORG-014,AST-08904,73,7,1,0,36,6,168,24,0.65,High,9.8
IAM-008905,ORG-016,AST-08905,225,1,1,13,87,0,15,2,0.64,Low,1.2
IAM-008906,ORG-005,AST-08906,473,37,4,32,61,25,149,18,0.49,High,7.2
IAM-008907,ORG-003,AST-08907,277,11,13,17,45,9,5,0,0.56,High,9.1
IAM-008908,ORG-001,AST-08908,373,23,9,13,66,13,159,3,0.49,High,6.2
IAM-008909,ORG-006,AST-08909,169,1,7,9,67,1,99,8,0.8,High,7.8
IAM-008910,ORG-008,AST-08910,66,3,0,6,100,2,118,13,0.36,High,3.3
IAM-008911,ORG-008,AST-08911,374,4,12,37,75,1,49,4,0.49,Low,5.7
IAM-008912,ORG-001,AST-08912,374,26,13,12,69,3,73,10,0.73,Medium,6.2
IAM-008913,ORG-013,AST-08913,470,19,21,40,83,13,69,4,0.32,High,8.1
IAM-008914,ORG-013,AST-08914,16,2,0,0,94,1,68,0,0.95,Low,1.6
IAM-008915,ORG-008,AST-08915,426,23,17,12,100,16,148,24,0.68,High,8.2
IAM-008916,ORG-024,AST-08916,424,40,10,33,72,10,2,0,0.82,Medium,4.4
IAM-008917,ORG-022,AST-08917,298,3,3,17,54,0,125,3,0.96,Low,3.5
IAM-008918,ORG-016,AST-08918,288,19,13,13,41,18,9,1,0.57,High,9.3
IAM-008919,ORG-012,AST-08919,114,6,5,7,70,4,193,34,0.31,High,8.8
IAM-008920,ORG-009,AST-08920,446,42,22,20,42,33,190,23,0.69,High,10
IAM-008921,ORG-025,AST-08921,494,11,10,11,65,1,45,1,0.46,Low,4.2
IAM-008922,ORG-020,AST-08922,159,13,3,2,92,12,20,2,0.9,High,4.4
IAM-008923,ORG-010,AST-08923,267,26,7,15,84,2,71,2,0.31,Low,2.8
IAM-008924,ORG-013,AST-08924,369,26,12,26,46,15,156,12,0.59,High,9.4
IAM-008925,ORG-008,AST-08925,181,16,1,12,65,4,19,0,0.98,Medium,2.9
IAM-008926,ORG-014,AST-08926,238,9,0,21,50,1,154,6,0.9,Low,4.3
IAM-008927,ORG-011,AST-08927,354,20,10,26,53,8,94,1,0.42,Medium,6.0
IAM-008928,ORG-019,AST-08928,458,5,19,26,92,1,156,18,0.34,Low,6.8
IAM-008929,ORG-017,AST-08929,475,5,16,1,70,4,17,1,0.81,High,7.5
IAM-008930,ORG-017,AST-08930,34,2,0,3,85,2,43,7,0.39,High,4.6
IAM-008931,ORG-004,AST-08931,286,28,4,24,65,18,149,12,0.66,High,6.3
IAM-008932,ORG-013,AST-08932,38,1,1,1,55,0,21,2,0.88,Low,3.1
IAM-008933,ORG-015,AST-08933,188,8,2,1,60,5,188,21,0.62,High,7.1
IAM-008934,ORG-016,AST-08934,387,19,16,32,90,8,185,21,0.51,Medium,7.5
IAM-008935,ORG-016,AST-08935,477,26,17,11,43,12,86,12,0.47,Medium,9.6
IAM-008936,ORG-017,AST-08936,364,31,17,1,81,25,68,13,0.7,High,8.8
IAM-008937,ORG-008,AST-08937,153,6,6,8,48,4,17,1,0.33,High,6.8
IAM-008938,ORG-023,AST-08938,490,30,23,30,97,2,20,0,0.53,Low,5.0
IAM-008939,ORG-017,AST-08939,184,9,2,15,81,9,11,0,0.3,High,4.6
IAM-008940,ORG-024,AST-08940,444,37,14,23,84,28,89,15,0.39,High,7.4
IAM-008941,ORG-005,AST-08941,298,3,0,19,70,3,104,4,0.7,High,5.6
IAM-008942,ORG-021,AST-08942,256,15,10,2,47,14,82,3,0.65,High,8.1
IAM-008943,ORG-013,AST-08943,360,14,12,22,47,11,7,1,0.74,High,8.2
IAM-008944,ORG-015,AST-08944,221,7,10,16,93,4,149,7,0.68,High,4.7
IAM-008945,ORG-022,AST-08945,398,11,6,24,44,10,27,1,0.5,High,7.6
IAM-008946,ORG-020,AST-08946,44,2,2,1,47,2,56,7,0.5,High,7.8
IAM-008947,ORG-006,AST-08947,367,34,10,13,71,19,20,3,0.65,High,6.3
IAM-008948,ORG-019,AST-08948,469,3,3,9,92,2,37,0,0.47,High,2.9
IAM-008949,ORG-011,AST-08949,123,10,5,9,57,1,164,31,0.79,Low,7.0
IAM-008950,ORG-009,AST-08950,349,12,17,27,32,12,12,0,0.85,High,10
IAM-008951,ORG-006,AST-08951,326,17,8,4,50,0,44,2,0.9,Low,4.7
IAM-008952,ORG-011,AST-08952,384,8,19,16,87,0,66,13,0.33,Low,5.8
IAM-008953,ORG-019,AST-08953,329,27,11,30,63,1,16,1,0.76,Low,5.3
IAM-008954,ORG-011,AST-08954,64,6,3,4,61,3,64,9,0.65,Medium,5.8
IAM-008955,ORG-019,AST-08955,165,6,7,10,34,0,183,15,0.85,Low,7.6
IAM-008956,ORG-025,AST-08956,463,32,1,32,64,17,45,0,0.63,High,4.4
IAM-008957,ORG-024,AST-08957,45,4,2,3,67,0,12,0,0.6,Low,2.6
IAM-008958,ORG-015,AST-08958,153,13,3,12,42,10,80,0,0.82,High,6.7
IAM-008959,ORG-008,AST-08959,56,5,0,5,67,5,61,10,0.63,High,6.0
IAM-008960,ORG-014,AST-08960,367,14,6,23,61,12,168,15,0.62,High,8.1
IAM-008961,ORG-010,AST-08961,222,8,4,17,53,6,186,14,0.78,High,7.2
IAM-008962,ORG-024,AST-08962,77,7,2,1,38,5,6,0,0.96,High,6.4
IAM-008963,ORG-025,AST-08963,126,9,6,9,58,1,44,4,0.31,Low,4.6
IAM-008964,ORG-022,AST-08964,437,17,10,40,88,17,9,0,0.9,High,5.5
IAM-008965,ORG-022,AST-08965,484,8,9,7,72,4,51,9,0.44,Medium,6.3
IAM-008966,ORG-014,AST-08966,498,3,2,33,45,2,82,16,0.46,High,7.8
IAM-008967,ORG-006,AST-08967,328,25,1,12,84,9,158,19,0.93,Medium,4.5
IAM-008968,ORG-023,AST-08968,126,9,3,4,48,7,185,8,0.78,High,7.4
IAM-008969,ORG-025,AST-08969,61,1,3,3,45,1,162,12,0.89,High,8.6
IAM-008970,ORG-010,AST-08970,315,21,0,27,50,7,200,24,0.68,Medium,6.6
IAM-008971,ORG-001,AST-08971,225,15,9,6,56,15,132,20,0.55,High,9.7
IAM-008972,ORG-008,AST-08972,483,18,18,13,91,15,34,4,0.94,High,7.6
IAM-008973,ORG-007,AST-08973,265,2,0,12,95,2,33,0,0.43,High,3.0
IAM-008974,ORG-006,AST-08974,395,25,17,3,50,25,184,35,0.86,High,10
IAM-008975,ORG-015,AST-08975,349,2,2,0,87,1,39,5,0.31,Low,3.5
IAM-008976,ORG-025,AST-08976,180,6,0,10,73,4,10,1,0.68,High,3.5
IAM-008977,ORG-024,AST-08977,282,3,9,21,79,2,61,6,0.44,High,5.9
IAM-008978,ORG-013,AST-08978,121,4,6,11,51,3,124,24,0.99,High,9.3
IAM-008979,ORG-011,AST-08979,433,27,13,11,65,18,124,6,0.85,High,7.3
IAM-008980,ORG-017,AST-08980,47,4,1,4,89,2,96,9,0.31,Low,3.1
IAM-008981,ORG-008,AST-08981,437,13,6,27,49,5,113,14,0.96,Medium,7.2
IAM-008982,ORG-015,AST-08982,410,4,7,8,95,1,49,6,0.85,Low,2.8
IAM-008983,ORG-009,AST-08983,140,3,2,8,85,2,126,2,0.33,High,3.6
IAM-008984,ORG-019,AST-08984,470,16,17,20,40,7,32,1,0.76,Medium,9.1
IAM-008985,ORG-023,AST-08985,112,8,1,8,90,2,17,2,0.75,Low,1.5
IAM-008986,ORG-002,AST-08986,287,3,1,16,55,2,130,21,0.84,High,7.0
IAM-008987,ORG-009,AST-08987,194,9,0,3,32,3,55,6,0.71,Medium,6.3
IAM-008988,ORG-022,AST-08988,362,35,9,6,36,28,50,9,0.93,High,9.5
IAM-008989,ORG-013,AST-08989,222,6,2,8,36,5,1,0,0.58,High,7.3
IAM-008990,ORG-010,AST-08990,124,5,2,10,96,5,0,1,0.98,High,3.4
IAM-008991,ORG-001,AST-08991,169,8,8,14,52,7,117,17,0.46,High,9.1
IAM-008992,ORG-013,AST-08992,164,13,3,10,74,2,147,5,0.48,Low,3.0
IAM-008993,ORG-025,AST-08993,478,21,5,6,75,7,182,27,0.69,Medium,6.5
IAM-008994,ORG-006,AST-08994,198,11,0,13,56,7,14,0,0.51,High,5.1
IAM-008995,ORG-012,AST-08995,447,23,11,41,92,16,104,6,0.84,High,5.4
IAM-008996,ORG-015,AST-08996,252,11,11,0,48,9,151,25,0.48,High,10
IAM-008997,ORG-003,AST-08997,175,10,3,3,77,10,177,22,0.94,High,7.8
IAM-008998,ORG-015,AST-08998,448,23,1,11,40,7,136,9,0.9,Medium,5.8
IAM-008999,ORG-010,AST-08999,185,16,6,6,64,4,197,15,0.84,Medium,5.5
IAM-009000,ORG-025,AST-09000,400,19,13,9,92,17,161,32,0.97,High,8.9
IAM-009001,ORG-007,AST-09001,449,3,19,36,50,2,132,23,0.59,High,10
IAM-009002,ORG-015,AST-09002,465,7,14,44,76,0,165,21,0.31,Low,6.4
IAM-009003,ORG-012,AST-09003,356,9,14,17,32,7,100,8,0.37,High,10
IAM-009004,ORG-002,AST-09004,268,14,5,14,50,11,167,33,0.47,High,9.8
IAM-009005,ORG-013,AST-09005,37,3,0,1,65,0,185,21,0.64,Low,4.2
IAM-009006,ORG-016,AST-09006,14,1,0,0,45,0,40,2,0.5,Low,3.7
IAM-009007,ORG-015,AST-09007,289,27,10,18,65,14,190,17,0.43,High,7.2
IAM-009008,ORG-015,AST-09008,258,9,7,25,86,4,69,10,0.72,Medium,4.8
IAM-009009,ORG-014,AST-09009,220,6,9,5,80,4,45,0,0.85,High,5.2
IAM-009010,ORG-019,AST-09010,226,18,1,0,99,12,25,3,0.38,High,2.6
IAM-009011,ORG-023,AST-09011,80,4,3,2,41,1,145,4,0.45,Low,6.0
IAM-009012,ORG-018,AST-09012,218,19,7,8,99,4,159,7,0.61,Medium,2.6
IAM-009013,ORG-024,AST-09013,50,5,0,0,55,0,152,13,0.86,Low,4.5
IAM-009014,ORG-014,AST-09014,89,8,2,6,47,4,40,7,0.41,Medium,6.5
IAM-009015,ORG-014,AST-09015,117,7,1,4,65,3,163,19,0.93,Medium,5.6
IAM-009016,ORG-005,AST-09016,19,1,0,1,61,0,122,7,0.71,Low,3.0
IAM-009017,ORG-017,AST-09017,391,31,10,28,48,26,150,30,0.55,High,10
IAM-009018,ORG-018,AST-09018,214,5,3,12,47,2,111,4,0.4,Low,5.6
IAM-009019,ORG-022,AST-09019,211,17,4,4,31,5,3,1,0.51,Medium,6.0
IAM-009020,ORG-020,AST-09020,68,3,0,4,73,3,94,18,0.99,High,6.2
IAM-009021,ORG-025,AST-09021,84,6,2,6,95,4,82,12,0.64,High,3.7
IAM-009022,ORG-004,AST-09022,437,3,3,26,85,0,99,5,0.99,Low,2.3
IAM-009023,ORG-001,AST-09023,150,7,7,8,53,7,122,12,0.53,High,8.7
IAM-009024,ORG-018,AST-09024,86,3,2,2,38,1,95,13,0.72,Low,6.8
IAM-009025,ORG-021,AST-09025,229,14,9,4,75,9,113,18,0.62,High,7.3
IAM-009026,ORG-018,AST-09026,87,7,0,3,35,7,27,1,0.71,High,7.5
IAM-009027,ORG-011,AST-09027,80,4,4,5,76,4,114,10,0.96,High,5.9
IAM-009028,ORG-013,AST-09028,146,12,1,11,32,8,75,9,1.0,High,8.1
IAM-009029,ORG-005,AST-09029,106,8,3,10,96,1,13,2,0.52,Low,1.9
IAM-009030,ORG-008,AST-09030,90,1,1,6,30,1,95,13,0.99,High,9.4
IAM-009031,ORG-006,AST-09031,392,10,19,29,68,7,82,13,0.54,High,9.7
IAM-009032,ORG-014,AST-09032,381,18,12,34,49,11,132,9,0.37,High,8.5
IAM-009033,ORG-022,AST-09033,385,5,11,20,90,5,196,17,0.37,High,7.8
IAM-009034,ORG-021,AST-09034,191,4,9,2,35,4,141,11,0.45,High,10
IAM-009035,ORG-009,AST-09035,396,5,15,16,91,2,185,6,0.39,Low,5.8
IAM-009036,ORG-002,AST-09036,145,6,1,6,52,3,5,0,0.74,Medium,4.5
IAM-009037,ORG-024,AST-09037,62,6,2,3,98,2,189,6,0.37,Low,2.3
IAM-009038,ORG-008,AST-09038,266,22,9,18,35,18,43,1,0.61,High,9.1
IAM-009039,ORG-024,AST-09039,342,10,17,2,37,4,163,23,0.88,Medium,10
IAM-009040,ORG-010,AST-09040,211,1,4,11,76,1,12,0,0.53,High,5.3
IAM-009041,ORG-006,AST-09041,14,1,0,1,74,0,139,24,0.31,Low,4.6
IAM-009042,ORG-018,AST-09042,56,4,2,2,39,3,31,6,0.91,High,7.3
IAM-009043,ORG-007,AST-09043,299,29,10,7,59,1,43,5,0.75,Low,5.8
IAM-009044,ORG-006,AST-09044,381,18,13,4,57,11,7,1,0.74,High,7.6
IAM-009045,ORG-023,AST-09045,232,23,1,21,36,16,124,9,0.99,High,7.3
IAM-009046,ORG-014,AST-09046,286,24,14,12,84,3,153,4,0.83,Medium,4.6
IAM-009047,ORG-022,AST-09047,311,1,3,16,51,1,13,2,0.62,High,7.5
IAM-009048,ORG-003,AST-09048,93,1,3,0,95,0,150,19,0.31,Low,2.8
IAM-009049,ORG-007,AST-09049,82,7,4,8,53,7,168,22,0.53,High,8.8
IAM-009050,ORG-002,AST-09050,495,4,4,12,89,3,107,13,0.97,High,5.4
IAM-009051,ORG-002,AST-09051,418,14,14,35,94,1,107,13,0.78,Low,4.7
IAM-009052,ORG-002,AST-09052,47,2,2,4,56,2,135,18,0.93,High,8.1
IAM-009053,ORG-018,AST-09053,268,13,11,20,46,12,199,30,0.9,High,10
IAM-009054,ORG-023,AST-09054,15,1,0,1,47,0,131,21,0.68,Low,6.1
IAM-009055,ORG-005,AST-09055,291,7,10,13,68,2,106,11,0.87,Low,5.9
IAM-009056,ORG-011,AST-09056,86,4,1,2,100,1,59,3,0.83,Low,1.0
IAM-009057,ORG-015,AST-09057,48,2,2,3,30,1,160,18,0.72,Low,8.2
IAM-009058,ORG-017,AST-09058,111,9,5,4,31,4,151,19,0.45,Medium,8.6
IAM-009059,ORG-025,AST-09059,394,14,5,25,61,12,93,9,0.72,High,7.1
IAM-009060,ORG-018,AST-09060,378,16,5,6,60,13,13,1,0.88,High,6.6
IAM-009061,ORG-021,AST-09061,148,12,7,12,41,4,119,5,0.54,Medium,7.3
IAM-009062,ORG-012,AST-09062,54,3,1,1,35,0,49,7,0.55,Low,5.1
IAM-009063,ORG-001,AST-09063,393,35,3,29,79,34,200,17,0.43,High,6.8
IAM-009064,ORG-003,AST-09064,481,6,6,21,66,3,29,3,0.58,Medium,5.0
IAM-009065,ORG-024,AST-09065,194,7,5,15,76,4,104,2,0.67,High,4.6
IAM-009066,ORG-006,AST-09066,9,2,0,0,86,2,18,3,0.34,High,4.5
IAM-009067,ORG-024,AST-09067,239,23,2,4,100,10,185,27,0.3,Medium,4.1
IAM-009068,ORG-020,AST-09068,453,37,11,4,75,2,104,4,0.62,Low,4.6
IAM-009069,ORG-007,AST-09069,285,16,5,2,44,4,1,0,0.6,Medium,5.9
IAM-009070,ORG-014,AST-09070,315,12,15,22,47,12,104,4,0.68,High,9.6
IAM-009071,ORG-005,AST-09071,348,34,3,5,64,7,120,7,0.32,Medium,4.4
IAM-009072,ORG-025,AST-09072,393,35,8,23,81,30,200,8,0.89,High,6.2
IAM-009073,ORG-022,AST-09073,308,9,7,19,78,2,91,2,0.49,Low,3.2
IAM-009074,ORG-013,AST-09074,245,20,2,5,95,0,64,7,0.4,Low,1.7
IAM-009075,ORG-007,AST-09075,487,16,24,27,54,7,13,1,0.71,Medium,9.7
IAM-009076,ORG-024,AST-09076,383,4,17,32,96,3,186,28,0.88,High,8.7
IAM-009077,ORG-011,AST-09077,150,8,5,5,78,8,2,1,0.51,High,5.1
IAM-009078,ORG-008,AST-09078,311,5,9,22,69,1,40,6,0.32,Low,5.5
IAM-009079,ORG-015,AST-09079,248,2,10,20,88,2,65,9,0.57,High,6.4
IAM-009080,ORG-019,AST-09080,393,19,0,38,34,17,57,11,0.82,High,8.1
IAM-009081,ORG-012,AST-09081,493,1,11,46,84,0,158,24,0.58,Low,6.0
IAM-009082,ORG-008,AST-09082,365,10,16,24,64,1,63,4,0.32,Low,6.2
IAM-009083,ORG-005,AST-09083,331,25,0,15,84,0,176,3,0.47,Low,1.4
IAM-009084,ORG-015,AST-09084,374,7,14,33,41,0,110,5,0.99,Low,7.7
IAM-009085,ORG-022,AST-09085,73,4,3,5,72,0,153,14,0.95,Low,3.5
IAM-009086,ORG-025,AST-09086,156,14,1,5,94,14,70,14,0.74,High,4.9
IAM-009087,ORG-023,AST-09087,289,15,12,3,67,1,199,25,0.41,Low,6.9
IAM-009088,ORG-003,AST-09088,459,40,20,39,58,38,130,2,0.39,High,9.8
IAM-009089,ORG-008,AST-09089,222,12,2,10,98,3,153,29,0.32,Medium,3.9
IAM-009090,ORG-007,AST-09090,158,15,5,4,56,8,98,6,0.39,High,6.2
IAM-009091,ORG-009,AST-09091,5,2,0,0,68,0,44,7,0.83,Low,2.5
IAM-009092,ORG-010,AST-09092,26,1,1,0,58,0,3,1,0.35,Low,2.8
IAM-009093,ORG-013,AST-09093,373,29,15,34,65,27,95,12,0.41,High,9.1
IAM-009094,ORG-017,AST-09094,308,29,13,5,72,18,106,16,0.74,High,7.8
IAM-009095,ORG-018,AST-09095,165,11,3,10,65,6,101,10,0.88,High,5.5
IAM-009096,ORG-013,AST-09096,236,19,2,3,64,8,23,4,0.55,Medium,4.3
IAM-009097,ORG-013,AST-09097,288,24,11,3,65,17,51,1,0.94,High,6.6
IAM-009098,ORG-010,AST-09098,322,22,6,8,57,5,21,1,0.68,Medium,4.5
IAM-009099,ORG-014,AST-09099,318,9,11,15,55,9,9,0,0.74,High,8.6
IAM-009100,ORG-020,AST-09100,383,7,8,8,59,7,131,3,0.9,High,7.3
IAM-009101,ORG-009,AST-09101,245,14,12,3,89,7,171,3,0.87,Medium,4.5
IAM-009102,ORG-016,AST-09102,423,17,5,28,44,11,82,6,0.6,High,7.3
IAM-009103,ORG-023,AST-09103,310,30,3,13,90,8,44,4,0.54,Medium,2.8
IAM-009104,ORG-014,AST-09104,312,13,14,16,36,3,90,2,0.62,Medium,8.0
IAM-009105,ORG-002,AST-09105,26,1,1,1,44,1,79,8,0.51,High,7.9
IAM-009106,ORG-014,AST-09106,170,15,7,3,87,5,182,18,0.46,Medium,5.1
IAM-009107,ORG-017,AST-09107,59,3,2,4,55,3,194,20,0.91,High,8.8
IAM-009108,ORG-012,AST-09108,12,1,0,0,85,1,70,9,0.43,High,5.0
IAM-009109,ORG-006,AST-09109,473,25,18,32,58,2,168,12,0.92,Low,7.8
IAM-009110,ORG-001,AST-09110,148,7,6,11,57,7,70,1,0.72,High,6.7
IAM-009111,ORG-015,AST-09111,293,3,0,3,63,1,191,20,0.97,Low,5.2
IAM-009112,ORG-005,AST-09112,235,10,1,14,43,1,93,7,0.31,Low,4.9
IAM-009113,ORG-018,AST-09113,28,1,1,2,31,1,74,8,0.4,High,8.1
IAM-009114,ORG-004,AST-09114,141,9,4,10,53,8,18,3,0.44,High,7.1
IAM-009115,ORG-020,AST-09115,357,22,13,1,78,8,34,5,0.32,Medium,5.7
IAM-009116,ORG-004,AST-09116,45,2,0,2,33,1,51,3,0.42,Low,6.2
IAM-009117,ORG-014,AST-09117,227,18,11,5,87,13,85,5,0.62,High,6.1
IAM-009118,ORG-014,AST-09118,82,4,3,7,63,0,58,11,0.63,Low,3.9
IAM-009119,ORG-003,AST-09119,129,7,1,4,99,4,168,2,0.65,High,2.4
IAM-009120,ORG-007,AST-09120,370,29,4,9,74,14,47,1,0.61,Medium,4.4
IAM-009121,ORG-010,AST-09121,15,2,0,1,68,1,140,0,0.87,Low,4.0
IAM-009122,ORG-006,AST-09122,118,7,4,3,99,2,190,30,0.55,Low,4.6
IAM-009123,ORG-013,AST-09123,330,16,0,30,84,6,91,1,0.48,Medium,1.8
IAM-009124,ORG-005,AST-09124,59,2,2,4,48,1,46,9,0.36,Low,5.8
IAM-009125,ORG-015,AST-09125,249,17,5,5,46,8,57,11,0.52,Medium,7.3
IAM-009126,ORG-025,AST-09126,433,14,13,29,56,7,166,0,0.79,Medium,6.8
IAM-009127,ORG-025,AST-09127,463,42,12,8,61,38,149,19,0.68,High,9.5
IAM-009128,ORG-011,AST-09128,202,15,8,17,45,10,78,12,0.4,High,8.4
IAM-009129,ORG-002,AST-09129,282,19,3,7,32,2,119,0,0.4,Low,5.2
IAM-009130,ORG-003,AST-09130,333,5,3,0,85,3,130,6,0.66,High,4.3
IAM-009131,ORG-014,AST-09131,232,8,7,21,45,4,44,8,0.5,Medium,7.7
IAM-009132,ORG-016,AST-09132,181,5,1,12,35,3,6,0,0.76,High,6.0
IAM-009133,ORG-011,AST-09133,200,2,3,17,47,0,129,2,0.3,Low,4.6
IAM-009134,ORG-005,AST-09134,430,19,15,27,77,15,139,22,0.92,High,9.5
IAM-009135,ORG-003,AST-09135,473,29,14,16,35,18,147,18,0.81,High,10
IAM-009136,ORG-013,AST-09136,496,45,9,5,78,41,51,0,0.51,High,5.7
IAM-009137,ORG-025,AST-09137,331,10,16,6,78,9,88,14,0.81,High,9.3
IAM-009138,ORG-014,AST-09138,370,4,10,32,99,1,192,6,0.91,Low,3.9
IAM-009139,ORG-015,AST-09139,486,3,22,3,80,2,73,12,0.72,High,8.4
IAM-009140,ORG-019,AST-09140,362,7,0,10,91,2,181,34,0.32,Low,4.4
IAM-009141,ORG-023,AST-09141,321,8,10,4,31,2,53,5,0.54,Low,7.6
IAM-009142,ORG-012,AST-09142,337,17,2,24,75,8,87,5,0.34,Medium,4.5
IAM-009143,ORG-003,AST-09143,456,3,4,5,70,1,37,2,0.51,Low,4.4
IAM-009144,ORG-024,AST-09144,457,17,17,29,95,7,124,13,0.61,Medium,6.2
IAM-009145,ORG-016,AST-09145,257,5,11,10,51,0,113,21,0.87,Low,7.6
IAM-009146,ORG-002,AST-09146,263,8,9,19,87,4,131,10,0.64,Medium,4.7
IAM-009147,ORG-002,AST-09147,239,23,1,10,94,9,28,3,0.85,Medium,1.7
IAM-009148,ORG-013,AST-09148,308,10,11,1,83,7,184,14,0.56,High,7.3
IAM-009149,ORG-014,AST-09149,42,1,0,0,31,1,174,11,0.39,High,9.1
IAM-009150,ORG-012,AST-09150,19,1,0,1,99,1,160,17,0.37,High,4.7
IAM-009151,ORG-019,AST-09151,280,17,14,0,44,8,167,16,0.66,Medium,9.2
IAM-009152,ORG-012,AST-09152,103,3,1,9,98,2,116,3,0.74,High,2.6
IAM-009153,ORG-001,AST-09153,73,5,0,4,72,2,46,0,0.78,Low,3.3
IAM-009154,ORG-012,AST-09154,206,20,7,3,61,20,123,2,0.56,High,6.9
IAM-009155,ORG-020,AST-09155,28,2,0,2,76,0,179,10,0.78,Low,3.0
IAM-009156,ORG-023,AST-09156,270,12,10,27,36,11,51,1,0.47,High,9.5
IAM-009157,ORG-025,AST-09157,396,13,14,9,80,10,139,23,0.77,High,8.9
IAM-009158,ORG-019,AST-09158,258,9,2,14,41,9,180,25,0.61,High,10
IAM-009159,ORG-011,AST-09159,37,1,0,0,35,1,92,5,0.6,High,7.4
IAM-009160,ORG-009,AST-09160,302,9,2,1,61,8,127,24,0.41,High,8.3
IAM-009161,ORG-013,AST-09161,151,9,7,8,52,6,120,18,0.62,High,8.0
IAM-009162,ORG-025,AST-09162,451,45,7,10,64,44,155,0,0.52,High,7.1
IAM-009163,ORG-008,AST-09163,181,17,2,3,82,5,181,15,0.44,Medium,4.0
IAM-009164,ORG-004,AST-09164,371,20,11,30,81,13,122,20,0.61,High,7.5
IAM-009165,ORG-009,AST-09165,168,6,1,1,80,2,115,13,0.42,Low,4.1
IAM-009166,ORG-009,AST-09166,499,38,16,13,66,14,0,0,0.99,Medium,7.0
IAM-009167,ORG-008,AST-09167,335,18,8,25,66,11,93,16,0.86,High,7.6
IAM-009168,ORG-015,AST-09168,74,1,0,0,41,1,158,25,0.73,High,9.0
IAM-009169,ORG-013,AST-09169,144,8,0,5,84,8,168,18,0.39,High,6.3
IAM-009170,ORG-025,AST-09170,455,29,8,18,62,26,90,12,0.9,High,7.6
IAM-009171,ORG-024,AST-09171,480,13,20,26,67,13,106,20,0.38,High,10
IAM-009172,ORG-003,AST-09172,277,21,6,18,51,21,21,3,0.49,High,7.8
IAM-009173,ORG-023,AST-09173,21,1,1,1,35,1,143,18,0.36,High,9.7
IAM-009174,ORG-003,AST-09174,374,3,7,17,70,1,179,17,0.7,Low,6.1
IAM-009175,ORG-001,AST-09175,368,32,13,25,49,4,88,16,0.56,Medium,7.7
IAM-009176,ORG-015,AST-09176,285,5,1,17,45,2,118,9,0.37,Low,6.4
IAM-009177,ORG-015,AST-09177,136,4,0,5,95,3,11,0,0.31,High,2.3
IAM-009178,ORG-016,AST-09178,93,7,2,4,39,5,83,13,0.58,High,7.9
IAM-009179,ORG-002,AST-09179,26,2,1,2,99,2,63,6,0.55,High,4.3
IAM-009180,ORG-004,AST-09180,224,19,4,10,87,14,156,23,0.74,High,6.4
IAM-009181,ORG-014,AST-09181,491,12,20,26,88,5,60,5,0.94,Medium,6.5
IAM-009182,ORG-001,AST-09182,348,21,14,10,62,0,109,20,0.54,Low,7.3
IAM-009183,ORG-013,AST-09183,33,3,0,0,31,0,165,12,0.58,Low,5.9
IAM-009184,ORG-007,AST-09184,428,10,18,22,90,8,55,4,0.85,High,7.0
IAM-009185,ORG-015,AST-09185,225,8,1,19,46,6,91,8,0.65,High,7.3
IAM-009186,ORG-018,AST-09186,187,4,1,6,32,0,23,1,0.61,Low,4.9
IAM-009187,ORG-006,AST-09187,428,36,5,5,33,35,118,10,0.94,High,9.7
IAM-009188,ORG-022,AST-09188,345,14,4,8,77,1,161,8,0.55,Low,3.3
IAM-009189,ORG-005,AST-09189,41,3,0,3,62,0,75,5,0.59,Low,3.2
IAM-009190,ORG-003,AST-09190,370,15,5,35,88,7,172,26,0.67,Medium,5.9
IAM-009191,ORG-015,AST-09191,424,17,6,0,55,4,62,5,0.86,Medium,4.9
IAM-009192,ORG-020,AST-09192,492,7,8,39,80,5,34,0,0.72,High,5.3
IAM-009193,ORG-005,AST-09193,276,17,5,4,83,13,191,12,0.47,High,5.6
IAM-009194,ORG-003,AST-09194,346,9,12,34,45,9,73,1,0.64,High,9.3
IAM-009195,ORG-024,AST-09195,281,21,9,23,34,3,91,2,0.48,Medium,7.3
IAM-009196,ORG-012,AST-09196,219,3,10,8,99,3,89,14,0.97,High,7.0
IAM-009197,ORG-002,AST-09197,452,24,6,18,75,24,157,1,0.76,High,6.3
IAM-009198,ORG-018,AST-09198,452,25,16,15,96,19,50,7,0.73,High,6.9
IAM-009199,ORG-003,AST-09199,171,5,5,8,97,1,28,2,0.53,Low,1.7
IAM-009200,ORG-010,AST-09200,196,12,5,17,37,11,117,18,0.79,High,10
IAM-009201,ORG-016,AST-09201,251,5,11,11,87,4,133,22,0.32,High,7.2
IAM-009202,ORG-024,AST-09202,36,1,1,1,64,0,73,5,0.81,Low,3.3
IAM-009203,ORG-023,AST-09203,390,8,2,28,63,4,9,1,0.94,Medium,4.5
IAM-009204,ORG-004,AST-09204,385,31,4,24,97,23,157,19,0.3,High,5.0
IAM-009205,ORG-017,AST-09205,253,10,2,16,86,7,124,6,0.31,High,3.7
IAM-009206,ORG-003,AST-09206,253,3,0,23,30,3,160,22,0.94,High,9.6
IAM-009207,ORG-001,AST-09207,412,35,2,5,65,14,4,1,0.82,Medium,4.2
IAM-009208,ORG-019,AST-09208,467,14,15,44,98,10,28,3,0.91,High,5.9
IAM-009209,ORG-007,AST-09209,18,1,0,0,99,1,158,16,0.88,High,4.8
IAM-009210,ORG-008,AST-09210,305,6,15,8,31,0,99,17,0.41,Low,8.9
IAM-009211,ORG-002,AST-09211,6,2,0,0,62,2,200,34,0.34,High,9.3
IAM-009212,ORG-020,AST-09212,282,4,6,10,59,4,99,19,0.67,High,9.0
IAM-009213,ORG-021,AST-09213,303,9,0,22,48,0,84,14,0.34,Low,5.3
IAM-009214,ORG-020,AST-09214,346,26,13,34,41,22,168,23,0.85,High,10
IAM-009215,ORG-001,AST-09215,61,4,3,6,34,0,59,8,0.46,Low,5.8
IAM-009216,ORG-002,AST-09216,139,6,1,10,40,0,160,23,0.37,Low,6.3
IAM-009217,ORG-011,AST-09217,462,17,6,41,60,5,145,15,0.45,Medium,6.2
IAM-009218,ORG-015,AST-09218,45,4,0,4,35,4,62,2,0.71,High,7.3
IAM-009219,ORG-017,AST-09219,55,1,1,4,79,0,86,4,0.48,Low,2.1
IAM-009220,ORG-015,AST-09220,419,5,7,6,68,5,8,0,0.93,High,6.9
IAM-009221,ORG-004,AST-09221,125,10,3,5,49,9,165,13,0.43,High,8.0
IAM-009222,ORG-011,AST-09222,399,13,8,3,87,4,96,10,0.49,Medium,4.8
IAM-009223,ORG-001,AST-09223,69,5,3,6,94,3,67,7,0.87,High,3.6
IAM-009224,ORG-023,AST-09224,323,32,3,5,62,15,126,20,0.8,Medium,6.9
IAM-009225,ORG-012,AST-09225,363,28,13,29,77,14,173,9,0.84,Medium,6.5
IAM-009226,ORG-017,AST-09226,375,34,3,23,95,20,143,23,0.53,High,5.2
IAM-009227,ORG-013,AST-09227,394,7,15,27,40,2,102,7,0.73,Low,9.0
IAM-009228,ORG-023,AST-09228,486,35,13,30,77,11,123,11,0.64,Medium,6.5
IAM-009229,ORG-014,AST-09229,89,2,2,2,44,0,26,0,0.83,Low,3.8
IAM-009230,ORG-021,AST-09230,283,28,4,25,48,25,137,15,0.75,High,8.9
IAM-009231,ORG-008,AST-09231,366,19,4,27,82,7,198,19,0.87,Medium,5.3
IAM-009232,ORG-003,AST-09232,22,1,1,1,73,0,167,5,0.32,Low,2.3
IAM-009233,ORG-016,AST-09233,356,8,0,29,30,5,131,25,0.31,High,9.5
IAM-009234,ORG-019,AST-09234,72,6,3,2,71,4,68,7,0.87,High,5.5
IAM-009235,ORG-009,AST-09235,406,29,10,35,96,29,145,4,0.52,High,5.9
IAM-009236,ORG-004,AST-09236,301,7,5,9,98,2,9,1,0.4,Low,1.7
IAM-009237,ORG-022,AST-09237,110,8,3,8,91,0,41,7,0.66,Low,1.8
IAM-009238,ORG-017,AST-09238,127,8,3,3,59,3,23,4,0.75,Medium,4.5
IAM-009239,ORG-007,AST-09239,29,1,1,0,91,1,164,10,0.41,High,4.9
IAM-009240,ORG-018,AST-09240,435,15,5,27,45,5,148,20,0.64,Medium,8.2
IAM-009241,ORG-025,AST-09241,80,1,1,4,74,0,128,16,0.67,Low,3.2
IAM-009242,ORG-017,AST-09242,99,4,4,6,76,3,186,34,0.97,High,7.6
IAM-009243,ORG-014,AST-09243,320,23,11,6,39,4,48,7,0.73,Medium,7.6
IAM-009244,ORG-006,AST-09244,428,28,6,38,53,16,93,16,0.45,High,7.4
IAM-009245,ORG-010,AST-09245,84,5,1,3,34,3,0,0,0.39,High,6.0
IAM-009246,ORG-018,AST-09246,204,15,1,14,52,15,152,29,0.35,High,9.6
IAM-009247,ORG-011,AST-09247,116,5,5,9,99,5,190,4,0.94,High,4.4
IAM-009248,ORG-021,AST-09248,265,6,2,17,59,3,89,6,0.77,Medium,5.0
IAM-009249,ORG-011,AST-09249,204,12,6,13,84,9,159,31,0.35,High,7.7
IAM-009250,ORG-025,AST-09250,81,3,1,8,30,0,146,23,0.56,Low,7.1
IAM-009251,ORG-023,AST-09251,66,6,1,0,32,2,156,18,0.55,Low,7.6
IAM-009252,ORG-021,AST-09252,187,16,7,9,77,4,16,0,0.6,Medium,3.8
IAM-009253,ORG-021,AST-09253,325,6,8,2,35,4,192,3,0.73,High,8.5
IAM-009254,ORG-013,AST-09254,124,10,4,8,49,7,99,15,0.52,High,8.3
IAM-009255,ORG-023,AST-09255,304,26,14,3,35,16,41,4,0.49,High,9.2
IAM-009256,ORG-015,AST-09256,171,1,8,14,35,0,171,34,0.54,Low,9.8
IAM-009257,ORG-020,AST-09257,380,19,12,23,35,14,188,7,1.0,High,9.6
IAM-009258,ORG-018,AST-09258,7,2,0,0,95,2,135,20,0.91,High,5.1
IAM-009259,ORG-003,AST-09259,317,19,12,20,38,4,111,4,0.83,Medium,7.5
IAM-009260,ORG-005,AST-09260,308,26,3,28,37,18,93,18,0.66,High,8.9
IAM-009261,ORG-022,AST-09261,327,19,0,18,34,19,28,2,0.6,High,8.0
IAM-009262,ORG-009,AST-09262,104,9,4,5,94,0,66,10,0.32,Low,2.1
IAM-009263,ORG-014,AST-09263,248,10,3,0,49,10,49,9,0.41,High,7.5
IAM-009264,ORG-008,AST-09264,421,16,6,6,41,16,50,6,0.31,High,8.4
IAM-009265,ORG-009,AST-09265,336,7,11,5,49,5,104,15,0.52,High,9.5
IAM-009266,ORG-013,AST-09266,59,1,0,3,94,1,144,2,0.83,High,3.1
IAM-009267,ORG-007,AST-09267,170,3,0,7,81,1,186,22,0.73,Low,4.4
IAM-009268,ORG-025,AST-09268,213,11,1,18,86,1,85,15,0.58,Low,3.1
IAM-009269,ORG-013,AST-09269,409,14,14,6,69,14,118,23,0.41,High,10
IAM-009270,ORG-010,AST-09270,218,8,7,7,98,5,111,17,0.47,High,5.1
IAM-009271,ORG-013,AST-09271,381,35,2,34,41,21,176,23,0.98,High,8.1
IAM-009272,ORG-004,AST-09272,197,6,1,14,58,4,65,6,0.39,High,5.3
IAM-009273,ORG-018,AST-09273,468,12,7,27,33,2,36,2,0.78,Low,6.1
IAM-009274,ORG-003,AST-09274,371,2,0,12,97,1,151,23,0.97,Low,4.1
IAM-009275,ORG-009,AST-09275,75,7,0,7,82,0,48,1,0.4,Low,0.9
IAM-009276,ORG-001,AST-09276,385,24,8,18,50,12,133,14,0.41,Medium,7.6
IAM-009277,ORG-013,AST-09277,351,25,3,7,35,25,141,25,0.76,High,10
IAM-009278,ORG-018,AST-09278,62,6,3,2,84,5,145,1,0.32,High,4.7
IAM-009279,ORG-017,AST-09279,111,8,1,0,79,4,196,19,0.62,Medium,5.5
IAM-009280,ORG-018,AST-09280,261,17,4,26,84,15,36,1,0.83,High,4.5
IAM-009281,ORG-021,AST-09281,478,1,9,22,73,0,149,26,0.41,Low,6.7
IAM-009282,ORG-022,AST-09282,450,43,6,5,74,5,39,3,1.0,Medium,3.4
IAM-009283,ORG-011,AST-09283,66,6,3,1,82,2,161,15,0.91,Low,4.0
IAM-009284,ORG-002,AST-09284,14,2,0,1,99,0,100,17,0.66,Low,1.3
IAM-009285,ORG-024,AST-09285,373,13,2,28,67,3,22,3,0.65,Medium,3.9
IAM-009286,ORG-012,AST-09286,417,26,9,11,43,15,64,10,0.89,High,7.8
IAM-009287,ORG-007,AST-09287,220,16,4,5,35,6,87,15,0.44,Medium,8.2
IAM-009288,ORG-019,AST-09288,182,2,2,1,67,0,97,8,0.85,Low,3.8
IAM-009289,ORG-005,AST-09289,352,15,5,24,88,5,56,2,0.66,Medium,2.9
IAM-009290,ORG-021,AST-09290,322,23,7,10,51,20,184,15,0.76,High,9.1
IAM-009291,ORG-018,AST-09291,312,20,10,17,42,3,115,11,0.58,Medium,7.2
IAM-009292,ORG-006,AST-09292,28,2,0,1,78,1,58,9,0.88,Low,3.4
IAM-009293,ORG-015,AST-09293,445,42,3,41,36,18,107,5,0.81,Medium,6.3
IAM-009294,ORG-012,AST-09294,297,29,6,7,45,29,103,8,0.93,High,8.7
IAM-009295,ORG-024,AST-09295,354,9,16,25,95,2,68,5,0.4,Low,4.8
IAM-009296,ORG-017,AST-09296,101,1,5,5,54,1,36,1,0.74,High,6.8
IAM-009297,ORG-010,AST-09297,353,11,4,19,92,2,154,6,0.91,Low,2.6
IAM-009298,ORG-007,AST-09298,200,16,6,13,33,4,57,7,0.44,Medium,7.0
IAM-009299,ORG-025,AST-09299,378,4,6,32,45,2,136,1,0.49,Low,6.0
IAM-009300,ORG-011,AST-09300,372,10,10,34,42,3,54,8,0.42,Medium,7.7
IAM-009301,ORG-016,AST-09301,295,24,6,9,62,0,198,0,0.77,Low,4.1
IAM-009302,ORG-012,AST-09302,78,6,3,1,96,6,110,19,0.42,High,6.0
IAM-009303,ORG-021,AST-09303,489,3,1,9,85,0,72,7,0.62,Low,1.5
IAM-009304,ORG-019,AST-09304,453,1,16,5,74,0,72,3,0.43,Low,4.9
IAM-009305,ORG-018,AST-09305,447,6,9,38,93,6,195,23,0.4,High,8.0
IAM-009306,ORG-015,AST-09306,107,6,5,4,60,0,104,17,0.71,Low,5.6
IAM-009307,ORG-001,AST-09307,312,19,5,29,84,19,68,0,0.46,High,4.6
IAM-009308,ORG-012,AST-09308,246,9,4,9,31,7,98,5,0.93,High,8.5
IAM-009309,ORG-010,AST-09309,124,9,6,7,45,3,164,14,0.98,Medium,7.0
IAM-009310,ORG-016,AST-09310,342,6,7,32,39,5,66,2,0.55,High,7.7
IAM-009311,ORG-022,AST-09311,48,2,2,3,58,0,68,3,0.38,Low,3.5
IAM-009312,ORG-007,AST-09312,28,1,0,1,61,0,165,14,0.66,Low,3.8
IAM-009313,ORG-013,AST-09313,337,22,8,16,55,20,157,14,0.81,High,8.7
IAM-009314,ORG-003,AST-09314,105,7,4,9,30,7,195,19,0.56,High,10
IAM-009315,ORG-024,AST-09315,163,2,4,14,44,1,128,15,0.74,Low,7.6
IAM-009316,ORG-021,AST-09316,400,12,19,6,71,4,181,3,0.96,Medium,7.4
IAM-009317,ORG-021,AST-09317,381,11,3,10,51,1,85,2,0.57,Low,4.6
IAM-009318,ORG-014,AST-09318,44,4,2,2,77,2,89,4,0.64,Low,3.6
IAM-009319,ORG-024,AST-09319,10,1,0,1,74,0,173,23,0.6,Low,4.5
IAM-009320,ORG-023,AST-09320,80,7,0,1,49,3,153,18,0.36,Medium,6.8
IAM-009321,ORG-009,AST-09321,459,24,3,25,38,7,18,3,0.92,Medium,5.4
IAM-009322,ORG-014,AST-09322,200,7,6,12,39,4,136,17,0.79,High,8.3
IAM-009323,ORG-015,AST-09323,483,2,14,23,35,1,7,1,0.96,Low,8.9
IAM-009324,ORG-023,AST-09324,115,10,3,2,94,9,34,1,0.53,High,4.3
IAM-009325,ORG-010,AST-09325,175,16,6,1,48,14,183,26,0.88,High,9.4
IAM-009326,ORG-009,AST-09326,17,2,0,1,44,1,122,18,0.61,Low,7.2
IAM-009327,ORG-010,AST-09327,296,27,6,12,33,25,157,17,0.51,High,10
IAM-009328,ORG-016,AST-09328,427,17,21,19,60,11,39,7,0.58,High,9.8
IAM-009329,ORG-018,AST-09329,115,11,0,8,87,5,131,15,0.97,Medium,3.7
IAM-009330,ORG-023,AST-09330,109,6,2,6,91,6,74,13,0.65,High,5.5
IAM-009331,ORG-018,AST-09331,352,31,16,32,70,6,146,23,0.88,Medium,8.2
IAM-009332,ORG-004,AST-09332,447,41,0,4,54,35,197,9,0.75,High,6.9
IAM-009333,ORG-001,AST-09333,311,7,11,19,88,3,200,9,0.3,Medium,5.3
IAM-009334,ORG-003,AST-09334,341,20,8,26,52,14,42,3,0.32,High,7.6
IAM-009335,ORG-022,AST-09335,461,18,19,28,42,8,105,5,0.96,Medium,9.9
IAM-009336,ORG-025,AST-09336,237,8,6,15,57,8,3,0,0.86,High,6.6
IAM-009337,ORG-002,AST-09337,222,11,8,4,90,3,190,4,0.4,Medium,3.7
IAM-009338,ORG-003,AST-09338,432,38,15,37,36,10,37,0,0.75,Medium,8.4
IAM-009339,ORG-010,AST-09339,29,1,1,2,42,0,125,21,0.98,Low,6.1
IAM-009340,ORG-010,AST-09340,43,1,2,2,44,0,56,10,0.83,Low,4.9
IAM-009341,ORG-009,AST-09341,413,12,14,18,54,5,82,6,0.78,Medium,7.6
IAM-009342,ORG-013,AST-09342,292,17,10,8,83,1,84,11,0.69,Low,4.4
IAM-009343,ORG-001,AST-09343,178,17,0,14,43,5,68,5,0.49,Medium,4.9
IAM-009344,ORG-022,AST-09344,221,1,3,21,61,1,58,7,0.67,High,6.6
IAM-009345,ORG-021,AST-09345,390,11,12,19,75,5,112,8,0.49,Medium,6.1
IAM-009346,ORG-022,AST-09346,43,2,0,4,39,0,112,16,0.71,Low,5.8
IAM-009347,ORG-023,AST-09347,313,17,6,12,44,5,118,23,0.54,Medium,7.9
IAM-009348,ORG-003,AST-09348,446,9,16,16,63,8,39,1,0.6,High,8.9
IAM-009349,ORG-004,AST-09349,362,36,5,24,69,26,130,21,0.34,High,7.1
IAM-009350,ORG-019,AST-09350,37,2,1,2,68,1,55,4,0.88,Low,4.1
IAM-009351,ORG-011,AST-09351,190,3,1,9,86,3,42,0,0.95,High,4.4
IAM-009352,ORG-025,AST-09352,384,20,9,8,64,17,155,28,0.44,High,9.6
IAM-009353,ORG-014,AST-09353,397,34,3,19,65,8,83,15,0.52,Medium,4.9
IAM-009354,ORG-016,AST-09354,220,2,6,3,34,1,190,16,0.93,Low,8.6
IAM-009355,ORG-025,AST-09355,132,4,3,1,88,1,73,9,0.98,Low,3.4
IAM-009356,ORG-015,AST-09356,430,2,6,31,69,1,69,7,0.41,Low,5.1
IAM-009357,ORG-025,AST-09357,347,21,10,19,31,3,195,6,0.52,Medium,7.5
IAM-009358,ORG-014,AST-09358,237,17,2,1,76,16,100,15,0.77,High,6.1
IAM-009359,ORG-002,AST-09359,74,2,2,3,80,2,61,10,0.97,High,6.1
IAM-009360,ORG-015,AST-09360,440,21,8,10,92,6,84,4,0.57,Medium,3.7
IAM-009361,ORG-016,AST-09361,9,2,0,0,37,2,45,8,0.61,High,7.6
IAM-009362,ORG-007,AST-09362,401,13,4,0,85,1,6,1,0.95,Low,2.4
IAM-009363,ORG-013,AST-09363,264,1,12,15,89,0,132,20,0.89,Low,5.0
IAM-009364,ORG-025,AST-09364,142,14,6,1,75,13,60,1,0.91,High,5.4
IAM-009365,ORG-010,AST-09365,382,26,5,36,68,19,60,11,0.47,High,6.8
IAM-009366,ORG-005,AST-09366,330,10,2,14,33,3,31,5,0.74,Medium,6.1
IAM-009367,ORG-015,AST-09367,474,24,16,47,81,11,162,18,0.85,Medium,7.3
IAM-009368,ORG-011,AST-09368,474,39,23,22,58,6,4,1,0.48,Medium,8.0
IAM-009369,ORG-001,AST-09369,319,17,9,12,61,1,111,5,0.76,Low,5.5
IAM-009370,ORG-015,AST-09370,256,25,4,4,83,12,148,27,0.76,Medium,5.9
IAM-009371,ORG-003,AST-09371,277,12,4,15,48,7,132,11,1.0,High,7.2
IAM-009372,ORG-024,AST-09372,202,5,10,17,82,4,18,2,0.66,High,5.4
IAM-009373,ORG-002,AST-09373,118,1,5,11,33,1,73,3,0.49,High,9.1
IAM-009374,ORG-017,AST-09374,404,21,8,0,47,6,78,3,0.68,Medium,6.6
IAM-009375,ORG-020,AST-09375,108,5,0,6,93,5,178,17,0.38,High,5.0
IAM-009376,ORG-001,AST-09376,56,3,2,0,51,2,85,17,0.5,High,7.7
IAM-009377,ORG-001,AST-09377,394,23,10,27,68,11,86,12,0.85,Medium,6.4
IAM-009378,ORG-015,AST-09378,45,1,2,3,59,1,191,16,0.74,High,8.0
IAM-009379,ORG-006,AST-09379,271,5,1,17,50,4,85,11,0.68,High,6.9
IAM-009380,ORG-015,AST-09380,77,1,1,0,56,1,170,18,0.51,High,7.5
IAM-009381,ORG-016,AST-09381,422,33,1,31,90,33,93,11,0.59,High,4.8
IAM-009382,ORG-004,AST-09382,115,9,3,4,90,7,26,0,0.59,High,3.5
IAM-009383,ORG-008,AST-09383,320,1,13,13,86,1,95,6,0.88,High,7.0
IAM-009384,ORG-001,AST-09384,277,18,1,17,46,4,78,12,0.96,Medium,5.6
IAM-009385,ORG-011,AST-09385,303,4,14,18,96,1,157,7,0.81,Low,4.1
IAM-009386,ORG-015,AST-09386,122,6,0,2,84,3,172,12,0.86,Medium,3.3
IAM-009387,ORG-019,AST-09387,101,10,4,10,83,6,88,13,0.96,High,5.3
IAM-009388,ORG-005,AST-09388,444,43,3,22,53,6,107,4,0.35,Medium,4.8
IAM-009389,ORG-019,AST-09389,334,2,13,24,79,2,124,21,0.47,High,9.1
IAM-009390,ORG-014,AST-09390,398,34,6,13,33,18,136,23,0.57,High,9.7
IAM-009391,ORG-022,AST-09391,431,36,15,5,79,35,123,11,0.81,High,8.8
IAM-009392,ORG-022,AST-09392,488,12,13,32,53,6,40,1,0.97,Medium,7.5
IAM-009393,ORG-009,AST-09393,344,17,7,8,36,2,91,2,0.52,Low,5.8
IAM-009394,ORG-002,AST-09394,398,39,18,1,67,28,69,3,0.63,High,8.0
IAM-009395,ORG-004,AST-09395,81,6,1,1,39,2,138,27,0.71,Low,7.5
IAM-009396,ORG-005,AST-09396,183,18,8,8,35,1,79,2,0.33,Low,6.4
IAM-009397,ORG-008,AST-09397,213,7,2,9,57,7,169,1,0.54,High,6.2
IAM-009398,ORG-016,AST-09398,446,37,12,21,57,32,64,8,0.92,High,9.1
IAM-009399,ORG-005,AST-09399,296,9,11,7,93,7,54,4,0.92,High,5.2
IAM-009400,ORG-008,AST-09400,157,15,1,12,53,14,27,3,0.55,High,6.6
IAM-009401,ORG-006,AST-09401,8,1,0,0,55,0,193,36,0.94,Low,6.7
IAM-009402,ORG-015,AST-09402,411,24,19,30,50,8,111,7,0.84,Medium,8.9
IAM-009403,ORG-007,AST-09403,159,8,6,12,50,4,126,6,0.55,Medium,6.5
IAM-009404,ORG-012,AST-09404,457,19,15,26,99,11,61,9,0.42,High,6.1
IAM-009405,ORG-009,AST-09405,327,11,11,3,83,5,156,15,0.95,Medium,6.0
IAM-009406,ORG-006,AST-09406,215,9,3,6,70,1,90,0,0.34,Low,3.1
IAM-009407,ORG-018,AST-09407,175,16,3,16,54,8,120,17,0.43,Medium,7.3
IAM-009408,ORG-014,AST-09408,173,6,6,14,49,2,80,11,0.68,Low,6.5
IAM-009409,ORG-011,AST-09409,342,23,11,16,52,1,178,15,0.35,Low,6.6
IAM-009410,ORG-006,AST-09410,332,10,12,32,45,6,78,1,0.52,High,8.3
IAM-009411,ORG-018,AST-09411,380,19,3,6,90,11,139,20,0.31,High,5.5
IAM-009412,ORG-012,AST-09412,499,43,18,36,60,24,71,0,0.47,High,7.5
IAM-009413,ORG-013,AST-09413,170,4,1,3,55,1,124,0,0.57,Low,4.0
IAM-009414,ORG-003,AST-09414,99,8,2,7,70,1,135,14,0.74,Low,3.7
IAM-009415,ORG-012,AST-09415,266,16,11,25,87,3,94,2,0.37,Medium,3.9
IAM-009416,ORG-020,AST-09416,102,3,5,5,30,3,132,7,0.47,High,9.4
IAM-009417,ORG-006,AST-09417,490,47,10,17,45,29,12,2,0.79,High,8.1
IAM-009418,ORG-019,AST-09418,408,3,0,34,88,3,124,20,0.73,High,5.9
IAM-009419,ORG-020,AST-09419,315,12,3,15,85,3,29,5,0.62,Medium,2.8
IAM-009420,ORG-011,AST-09420,249,19,6,14,48,0,36,5,0.85,Low,5.3
IAM-009421,ORG-008,AST-09421,301,15,13,24,33,12,183,34,0.4,High,10
IAM-009422,ORG-003,AST-09422,275,17,8,10,57,12,47,2,0.47,High,6.8
IAM-009423,ORG-022,AST-09423,320,11,7,14,69,4,192,0,0.64,Medium,4.5
IAM-009424,ORG-024,AST-09424,153,1,6,11,46,1,141,24,0.87,High,9.9
IAM-009425,ORG-013,AST-09425,431,10,0,28,90,3,104,18,0.96,Medium,3.3
IAM-009426,ORG-016,AST-09426,98,2,3,4,69,0,8,1,0.56,Low,2.7
IAM-009427,ORG-005,AST-09427,150,6,6,5,41,4,193,38,0.69,High,10
IAM-009428,ORG-001,AST-09428,165,16,3,8,96,9,123,6,0.63,High,2.7
IAM-009429,ORG-014,AST-09429,321,32,9,18,45,1,60,8,0.45,Low,6.2
IAM-009430,ORG-020,AST-09430,275,7,5,13,48,4,16,0,0.67,High,6.1
IAM-009431,ORG-021,AST-09431,274,16,5,25,59,8,62,5,0.46,Medium,5.8
IAM-009432,ORG-019,AST-09432,112,11,0,2,77,9,117,10,0.33,High,5.0
IAM-009433,ORG-024,AST-09433,152,4,0,6,57,0,191,33,0.5,Low,6.5
IAM-009434,ORG-025,AST-09434,411,8,3,15,32,6,163,30,0.75,High,10
IAM-009435,ORG-002,AST-09435,29,2,0,1,92,1,51,5,0.89,Low,2.7
IAM-009436,ORG-003,AST-09436,100,3,4,8,37,0,82,5,0.97,Low,5.5
IAM-009437,ORG-024,AST-09437,440,28,1,32,79,18,180,19,0.94,High,5.1
IAM-009438,ORG-022,AST-09438,176,3,6,3,57,1,135,8,1.0,Low,6.1
IAM-009439,ORG-003,AST-09439,139,11,1,9,74,2,53,5,0.33,Low,3.2
IAM-009440,ORG-025,AST-09440,67,6,1,1,90,3,124,7,0.54,Medium,2.9
IAM-009441,ORG-016,AST-09441,232,1,11,8,51,0,200,25,0.69,Low,7.9
IAM-009442,ORG-001,AST-09442,390,37,13,5,36,4,62,9,0.41,Medium,7.9
IAM-009443,ORG-020,AST-09443,270,26,11,25,98,12,145,15,0.56,Medium,4.8
IAM-009444,ORG-025,AST-09444,418,27,13,8,71,0,35,7,0.4,Low,5.0
IAM-009445,ORG-001,AST-09445,316,24,13,16,81,7,138,24,0.5,Medium,6.9
IAM-009446,ORG-025,AST-09446,221,6,3,16,59,4,37,5,0.38,High,6.0
IAM-009447,ORG-013,AST-09447,201,10,8,7,47,3,0,0,0.6,Medium,6.1
IAM-009448,ORG-012,AST-09448,416,21,11,34,93,13,4,1,0.8,High,5.1
IAM-009449,ORG-002,AST-09449,418,24,4,38,35,15,131,0,0.62,High,6.6
IAM-009450,ORG-015,AST-09450,235,12,6,19,32,2,65,13,0.81,Low,7.6
IAM-009451,ORG-016,AST-09451,476,19,23,2,84,10,115,4,0.43,High,7.6
IAM-009452,ORG-018,AST-09452,324,30,4,2,82,7,64,11,0.92,Medium,3.9
IAM-009453,ORG-014,AST-09453,207,15,8,18,95,10,179,34,0.96,High,7.0
IAM-009454,ORG-009,AST-09454,193,14,5,17,98,12,122,12,0.98,High,4.9
IAM-009455,ORG-012,AST-09455,484,36,14,47,99,8,194,28,0.43,Medium,6.5
IAM-009456,ORG-011,AST-09456,238,6,3,11,54,5,191,33,0.51,High,9.6
IAM-009457,ORG-008,AST-09457,121,3,5,0,50,0,200,9,0.91,Low,5.7
IAM-009458,ORG-016,AST-09458,311,16,3,11,36,12,7,1,0.88,High,7.2
IAM-009459,ORG-007,AST-09459,317,26,1,9,67,3,183,6,0.37,Medium,3.0
IAM-009460,ORG-017,AST-09460,83,1,0,1,88,0,9,1,0.49,Low,1.2
IAM-009461,ORG-013,AST-09461,321,28,13,10,37,25,44,5,0.72,High,9.9
IAM-009462,ORG-014,AST-09462,405,25,12,2,75,11,116,21,0.45,Medium,7.4
IAM-009463,ORG-021,AST-09463,145,7,5,12,91,6,18,0,0.76,High,3.8
IAM-009464,ORG-012,AST-09464,172,8,6,4,39,3,106,18,0.38,Medium,8.3
IAM-009465,ORG-018,AST-09465,214,12,4,6,80,11,84,9,0.85,High,5.4
IAM-009466,ORG-024,AST-09466,286,18,9,21,82,11,15,3,0.3,High,5.3
IAM-009467,ORG-004,AST-09467,275,13,3,26,55,4,180,11,0.84,Medium,5.8
IAM-009468,ORG-011,AST-09468,55,5,0,0,56,1,163,16,0.56,Low,4.7
IAM-009469,ORG-016,AST-09469,372,9,11,29,32,2,171,19,0.68,Low,9.7
IAM-009470,ORG-007,AST-09470,290,14,7,16,34,1,118,1,0.8,Low,6.4
IAM-009471,ORG-020,AST-09471,250,23,8,20,32,20,60,5,0.77,High,9.3
IAM-009472,ORG-004,AST-09472,362,11,12,7,83,7,120,21,0.64,High,7.9
IAM-009473,ORG-009,AST-09473,398,23,16,10,92,5,65,13,0.34,Medium,5.3
IAM-009474,ORG-012,AST-09474,194,5,1,14,68,1,107,19,0.95,Low,4.7
IAM-009475,ORG-021,AST-09475,483,41,14,15,38,12,28,3,0.46,Medium,8.0
IAM-009476,ORG-013,AST-09476,380,38,16,34,84,23,130,24,0.57,High,8.4
IAM-009477,ORG-016,AST-09477,198,16,4,4,98,0,97,5,0.84,Low,1.9
IAM-009478,ORG-013,AST-09478,93,5,2,0,96,5,131,13,0.39,High,4.5
IAM-009479,ORG-001,AST-09479,263,12,8,15,46,5,40,4,0.36,Medium,7.3
IAM-009480,ORG-008,AST-09480,398,20,13,36,40,20,69,1,0.86,High,9.6
IAM-009481,ORG-019,AST-09481,399,21,1,17,45,16,48,2,0.51,High,6.5
IAM-009482,ORG-016,AST-09482,469,22,9,15,97,7,5,1,0.62,Medium,2.7
IAM-009483,ORG-010,AST-09483,68,5,1,3,72,2,21,2,0.71,Low,3.1
IAM-009484,ORG-009,AST-09484,347,30,16,16,74,11,160,17,0.64,Medium,7.6
IAM-009485,ORG-009,AST-09485,232,1,2,19,69,0,155,17,0.73,Low,4.6
IAM-009486,ORG-025,AST-09486,251,18,8,11,71,10,33,5,0.4,High,5.6
IAM-009487,ORG-008,AST-09487,5,1,0,0,56,1,96,9,0.6,High,7.0
IAM-009488,ORG-022,AST-09488,322,22,3,9,50,21,113,4,0.51,High,7.2
IAM-009489,ORG-016,AST-09489,413,5,2,7,73,1,87,7,0.55,Low,3.5
IAM-009490,ORG-001,AST-09490,277,19,11,10,87,5,186,30,0.3,Medium,6.5
IAM-009491,ORG-010,AST-09491,492,41,17,37,65,18,181,36,0.55,Medium,10
IAM-009492,ORG-012,AST-09492,66,4,1,0,61,0,14,2,0.86,Low,2.9
IAM-009493,ORG-005,AST-09493,187,15,0,0,44,11,130,4,0.33,High,6.2
IAM-009494,ORG-015,AST-09494,226,17,1,1,88,12,158,4,0.76,High,3.7
IAM-009495,ORG-015,AST-09495,98,1,0,7,32,1,200,11,0.73,High,8.7
IAM-009496,ORG-015,AST-09496,136,3,0,9,98,2,13,1,0.67,High,2.1
IAM-009497,ORG-019,AST-09497,180,1,1,14,86,1,156,4,0.71,High,4.6
IAM-009498,ORG-015,AST-09498,25,1,1,1,44,0,130,4,0.87,Low,3.9
IAM-009499,ORG-017,AST-09499,331,20,3,22,54,16,136,16,0.67,High,7.3
IAM-009500,ORG-021,AST-09500,434,24,14,5,35,13,17,2,0.52,High,9.3
IAM-009501,ORG-002,AST-09501,299,17,5,16,31,13,165,1,0.56,High,8.2
IAM-009502,ORG-005,AST-09502,473,9,11,7,44,7,164,12,0.51,High,9.8
IAM-009503,ORG-009,AST-09503,174,3,4,0,84,0,97,14,0.86,Low,3.5
IAM-009504,ORG-024,AST-09504,178,9,3,4,70,4,163,12,0.4,Medium,4.7
IAM-009505,ORG-023,AST-09505,58,5,1,1,65,3,41,6,0.66,High,5.4
IAM-009506,ORG-017,AST-09506,380,21,3,12,59,5,17,0,0.44,Medium,4.2
IAM-009507,ORG-022,AST-09507,147,14,2,13,47,12,166,12,0.96,High,7.9
IAM-009508,ORG-012,AST-09508,435,38,0,30,35,27,75,1,0.88,High,7.0
IAM-009509,ORG-009,AST-09509,388,2,16,12,46,0,127,1,0.42,Low,7.1
IAM-009510,ORG-006,AST-09510,155,12,7,2,89,5,11,2,0.79,Medium,3.5
IAM-009511,ORG-014,AST-09511,66,2,2,0,37,0,137,3,0.38,Low,4.9
IAM-009512,ORG-003,AST-09512,278,26,0,18,77,20,31,4,0.83,High,3.9
IAM-009513,ORG-018,AST-09513,450,33,14,26,64,33,108,11,0.7,High,9.6
IAM-009514,ORG-023,AST-09514,254,11,10,13,96,10,41,1,0.97,High,4.7
IAM-009515,ORG-020,AST-09515,211,14,10,7,71,7,125,3,0.81,Medium,5.3
IAM-009516,ORG-020,AST-09516,330,15,14,33,63,9,48,1,0.42,High,7.3
IAM-009517,ORG-016,AST-09517,98,7,4,8,59,2,176,17,0.71,Low,5.8
IAM-009518,ORG-018,AST-09518,432,7,1,26,37,5,43,2,0.79,High,6.2
IAM-009519,ORG-017,AST-09519,43,4,1,0,43,0,82,16,0.47,Low,5.8
IAM-009520,ORG-004,AST-09520,214,21,2,4,79,13,37,3,0.33,High,3.6
IAM-009521,ORG-017,AST-09521,12,2,0,0,46,1,117,3,0.38,Low,5.3
IAM-009522,ORG-006,AST-09522,69,2,2,2,94,2,172,24,0.89,High,6.3
IAM-009523,ORG-016,AST-09523,138,1,4,4,61,1,164,12,0.57,High,7.7
IAM-009524,ORG-017,AST-09524,61,3,3,3,42,2,132,20,0.66,High,8.1
IAM-009525,ORG-007,AST-09525,127,6,1,4,48,4,90,17,0.53,High,6.9
IAM-009526,ORG-007,AST-09526,216,15,0,20,35,8,10,2,0.64,High,6.4
IAM-009527,ORG-025,AST-09527,75,5,2,2,77,2,175,31,0.88,Low,5.9
IAM-009528,ORG-021,AST-09528,239,16,9,8,43,8,102,2,0.68,Medium,7.5
IAM-009529,ORG-021,AST-09529,193,2,3,18,77,1,43,8,0.38,Low,4.5
IAM-009530,ORG-009,AST-09530,153,14,4,2,73,12,171,29,0.9,High,7.8
IAM-009531,ORG-010,AST-09531,417,14,15,8,52,5,176,31,0.43,Medium,10
IAM-009532,ORG-020,AST-09532,181,17,2,17,40,6,90,3,0.89,Medium,6.0
IAM-009533,ORG-010,AST-09533,324,10,12,28,76,5,181,35,0.77,Medium,9.5
IAM-009534,ORG-001,AST-09534,228,13,6,9,100,3,149,2,0.94,Medium,1.7
IAM-009535,ORG-008,AST-09535,145,5,2,8,69,2,53,5,0.43,Low,4.3
IAM-009536,ORG-018,AST-09536,156,6,1,1,74,3,190,20,0.36,Medium,5.6
IAM-009537,ORG-022,AST-09537,191,9,1,13,95,1,116,0,0.3,Low,1.1
IAM-009538,ORG-002,AST-09538,166,11,1,8,72,4,27,2,0.98,Medium,3.8
IAM-009539,ORG-025,AST-09539,152,1,7,7,98,0,144,13,0.78,Low,2.8
IAM-009540,ORG-019,AST-09540,162,11,0,10,49,10,12,1,0.56,High,6.0
IAM-009541,ORG-019,AST-09541,351,33,9,25,49,31,89,4,0.43,High,8.8
IAM-009542,ORG-025,AST-09542,123,1,5,1,72,0,18,3,0.33,Low,3.0
IAM-009543,ORG-015,AST-09543,190,7,2,15,96,1,155,21,0.92,Low,3.6
IAM-009544,ORG-003,AST-09544,460,7,15,45,61,2,67,11,0.41,Low,7.1
IAM-009545,ORG-007,AST-09545,14,1,0,0,88,1,119,4,0.71,High,3.8
IAM-009546,ORG-024,AST-09546,386,35,0,8,49,35,3,0,0.45,High,6.5
IAM-009547,ORG-023,AST-09547,234,12,10,18,84,5,50,0,0.67,Medium,4.8
IAM-009548,ORG-019,AST-09548,340,23,14,27,63,1,154,11,0.8,Low,6.3
IAM-009549,ORG-005,AST-09549,362,36,13,20,48,0,0,1,0.61,Low,5.7
IAM-009550,ORG-016,AST-09550,216,3,3,12,97,2,192,10,0.81,High,3.8
IAM-009551,ORG-024,AST-09551,163,8,2,1,71,4,130,10,0.64,Medium,5.1
IAM-009552,ORG-017,AST-09552,106,10,4,7,58,5,63,7,0.74,Medium,6.0
IAM-009553,ORG-010,AST-09553,80,8,1,4,93,1,1,1,0.51,Low,1.5
IAM-009554,ORG-006,AST-09554,425,26,6,14,93,21,125,24,0.9,High,6.8
IAM-009555,ORG-007,AST-09555,115,8,0,0,83,6,135,22,0.34,High,5.8
IAM-009556,ORG-009,AST-09556,347,30,15,29,58,9,30,0,1.0,Medium,7.0
IAM-009557,ORG-020,AST-09557,83,8,4,8,65,6,164,6,0.41,High,6.3
IAM-009558,ORG-020,AST-09558,195,16,9,11,96,12,80,10,0.55,High,5.3
IAM-009559,ORG-003,AST-09559,406,37,9,8,62,5,7,1,0.42,Medium,4.4
IAM-009560,ORG-025,AST-09560,360,31,9,36,93,4,181,0,0.98,Medium,2.9
IAM-009561,ORG-015,AST-09561,191,8,6,19,60,1,197,31,0.96,Low,7.0
IAM-009562,ORG-013,AST-09562,381,14,5,5,61,2,177,18,0.55,Low,5.8
IAM-009563,ORG-012,AST-09563,234,13,7,5,40,10,27,3,0.44,High,7.7
IAM-009564,ORG-021,AST-09564,125,11,0,11,70,8,34,6,0.86,High,4.5
IAM-009565,ORG-018,AST-09565,134,9,0,6,33,4,189,28,0.81,Medium,8.4
IAM-009566,ORG-015,AST-09566,149,9,2,4,81,2,41,4,0.33,Low,3.1
IAM-009567,ORG-012,AST-09567,115,2,2,5,69,2,23,2,0.99,High,5.7
IAM-009568,ORG-023,AST-09568,365,34,7,25,73,31,100,9,0.86,High,6.6
IAM-009569,ORG-005,AST-09569,270,3,0,3,46,1,10,2,0.92,Low,5.1
IAM-009570,ORG-002,AST-09570,96,6,4,4,84,2,190,26,0.86,Low,5.7
IAM-009571,ORG-015,AST-09571,196,8,3,15,30,0,168,16,0.84,Low,7.0
IAM-009572,ORG-023,AST-09572,355,25,3,10,67,16,163,5,0.86,High,5.0
IAM-009573,ORG-010,AST-09573,408,2,10,10,37,2,49,3,0.58,High,9.1
IAM-009574,ORG-024,AST-09574,45,1,0,0,45,0,167,17,0.38,Low,5.7
IAM-009575,ORG-001,AST-09575,428,12,15,18,97,11,162,9,0.94,High,6.8
IAM-009576,ORG-014,AST-09576,5,2,0,0,96,0,174,8,0.51,Low,1.0
IAM-009577,ORG-019,AST-09577,273,1,2,5,50,0,117,0,0.32,Low,3.2
IAM-009578,ORG-008,AST-09578,278,7,10,27,100,5,145,29,0.71,High,7.3
IAM-009579,ORG-021,AST-09579,164,3,4,13,82,1,25,0,0.66,Low,3.2
IAM-009580,ORG-022,AST-09580,491,23,2,37,60,15,67,11,0.86,High,6.6
IAM-009581,ORG-010,AST-09581,417,25,0,8,34,0,164,30,0.58,Low,7.4
IAM-009582,ORG-001,AST-09582,16,2,0,1,64,0,78,2,0.31,Low,2.3
IAM-009583,ORG-012,AST-09583,148,3,4,7,85,1,171,15,0.89,Low,4.5
IAM-009584,ORG-007,AST-09584,354,22,12,12,95,20,135,19,0.45,High,7.8
IAM-009585,ORG-024,AST-09585,424,42,7,40,80,20,155,22,0.81,Medium,6.0
IAM-009586,ORG-003,AST-09586,194,3,6,11,70,0,129,5,0.92,Low,3.4
IAM-009587,ORG-011,AST-09587,358,3,2,31,63,3,188,10,0.4,High,6.4
IAM-009588,ORG-008,AST-09588,233,18,2,13,95,12,27,2,0.77,High,3.1
IAM-009589,ORG-016,AST-09589,223,14,9,19,53,4,41,5,0.54,Medium,6.7
IAM-009590,ORG-004,AST-09590,253,16,7,20,62,2,99,15,0.81,Low,6.2
IAM-009591,ORG-007,AST-09591,485,2,1,20,41,0,187,37,0.63,Low,7.4
IAM-009592,ORG-015,AST-09592,248,2,6,23,81,0,185,4,0.43,Low,2.7
IAM-009593,ORG-011,AST-09593,308,19,5,16,46,15,50,7,0.5,High,7.4
IAM-009594,ORG-013,AST-09594,432,6,0,3,58,2,69,11,0.7,Low,5.0
IAM-009595,ORG-018,AST-09595,98,1,2,8,77,0,22,1,0.76,Low,2.5
IAM-009596,ORG-018,AST-09596,54,5,1,2,79,2,45,6,0.93,Low,3.3
IAM-009597,ORG-005,AST-09597,399,21,4,16,93,9,147,0,0.3,Medium,2.5
IAM-009598,ORG-019,AST-09598,294,22,5,17,58,8,112,8,0.81,Medium,6.2
IAM-009599,ORG-018,AST-09599,480,33,13,35,68,33,197,2,0.99,High,8.2
IAM-009600,ORG-002,AST-09600,273,5,4,12,85,1,32,4,0.4,Low,2.7
IAM-009601,ORG-016,AST-09601,76,1,3,1,77,0,24,0,0.89,Low,2.4
IAM-009602,ORG-002,AST-09602,495,7,18,16,92,6,20,4,0.39,High,6.7
IAM-009603,ORG-017,AST-09603,192,2,7,8,85,1,24,1,0.74,Low,4.3
IAM-009604,ORG-007,AST-09604,280,8,0,15,83,2,191,27,0.44,Low,4.1
IAM-009605,ORG-010,AST-09605,467,44,21,35,66,29,30,2,0.88,High,8.9
IAM-009606,ORG-009,AST-09606,305,5,13,25,80,4,59,11,0.61,High,7.5
IAM-009607,ORG-010,AST-09607,239,23,11,14,32,2,10,1,0.92,Low,7.0
IAM-009608,ORG-025,AST-09608,180,8,4,18,56,4,197,34,0.67,Medium,8.6
IAM-009609,ORG-018,AST-09609,85,8,1,7,62,0,119,21,0.49,Low,5.3
IAM-009610,ORG-017,AST-09610,44,4,2,3,75,4,119,18,0.44,High,6.4
IAM-009611,ORG-021,AST-09611,6,1,0,0,97,1,130,12,0.32,High,4.3
IAM-009612,ORG-023,AST-09612,398,20,12,36,72,17,114,22,0.85,High,9.5
IAM-009613,ORG-011,AST-09613,234,1,4,23,79,1,14,1,0.41,High,5.5
IAM-009614,ORG-013,AST-09614,466,4,2,39,76,0,160,8,0.63,Low,3.0
IAM-009615,ORG-013,AST-09615,374,10,17,22,84,1,28,5,0.39,Low,5.2
IAM-009616,ORG-021,AST-09616,490,29,15,30,70,13,127,23,0.86,Medium,8.3
IAM-009617,ORG-016,AST-09617,290,25,12,12,66,23,3,0,0.64,High,7.8
IAM-009618,ORG-011,AST-09618,456,45,10,45,30,6,8,1,0.65,Medium,6.7
IAM-009619,ORG-022,AST-09619,63,2,1,4,58,0,6,1,0.38,Low,3.5
IAM-009620,ORG-008,AST-09620,168,9,2,9,93,6,48,9,0.55,High,3.5
IAM-009621,ORG-007,AST-09621,246,5,6,4,80,2,80,8,0.68,Low,4.8
IAM-009622,ORG-015,AST-09622,318,7,0,4,89,0,129,5,0.76,Low,1.2
IAM-009623,ORG-006,AST-09623,181,18,1,18,93,10,179,12,0.54,High,3.4
IAM-009624,ORG-021,AST-09624,98,1,3,1,74,1,145,9,0.75,High,6.3
IAM-009625,ORG-004,AST-09625,234,22,0,0,36,4,44,7,0.75,Medium,5.1
IAM-009626,ORG-025,AST-09626,135,3,0,11,45,2,29,1,0.51,High,5.7
IAM-009627,ORG-008,AST-09627,184,2,0,3,36,1,80,15,0.56,Low,7.7
IAM-009628,ORG-001,AST-09628,338,26,8,6,64,23,28,4,0.75,High,7.3
IAM-009629,ORG-009,AST-09629,21,2,0,1,83,0,12,1,0.5,Low,1.4
IAM-009630,ORG-006,AST-09630,246,11,7,19,79,11,24,2,0.51,High,6.3
IAM-009631,ORG-025,AST-09631,242,15,6,9,74,7,96,19,0.4,Medium,6.0
IAM-009632,ORG-008,AST-09632,166,16,1,8,33,16,107,4,0.32,High,8.4
IAM-009633,ORG-008,AST-09633,77,1,3,6,40,1,144,4,0.54,High,7.7
IAM-009634,ORG-005,AST-09634,248,12,10,13,67,0,131,10,0.75,Low,5.3
IAM-009635,ORG-005,AST-09635,68,5,2,1,39,2,120,7,0.4,Low,6.6
IAM-009636,ORG-001,AST-09636,446,9,9,19,32,5,77,3,0.31,High,8.0
IAM-009637,ORG-020,AST-09637,287,10,14,19,94,3,40,5,0.5,Medium,4.5
IAM-009638,ORG-003,AST-09638,488,38,4,40,71,24,153,14,0.75,High,5.9
IAM-009639,ORG-008,AST-09639,428,15,2,13,72,8,182,15,0.59,High,5.2
IAM-009640,ORG-013,AST-09640,403,17,5,13,50,5,15,2,0.94,Medium,5.9
IAM-009641,ORG-017,AST-09641,444,33,16,3,53,33,185,29,0.98,High,10
IAM-009642,ORG-015,AST-09642,348,2,12,0,41,1,133,26,0.45,Low,10
IAM-009643,ORG-003,AST-09643,412,13,19,40,44,13,141,17,0.61,High,10
IAM-009644,ORG-012,AST-09644,253,23,0,23,52,23,98,11,0.99,High,7.7
IAM-009645,ORG-017,AST-09645,267,19,5,0,47,5,42,5,0.66,Medium,5.4
IAM-009646,ORG-004,AST-09646,167,6,8,8,58,0,108,16,0.8,Low,6.0
IAM-009647,ORG-014,AST-09647,13,1,0,1,87,0,36,2,0.68,Low,1.3
IAM-009648,ORG-019,AST-09648,465,26,18,9,84,6,106,13,0.66,Medium,6.6
IAM-009649,ORG-020,AST-09649,13,2,0,1,70,2,110,0,0.37,High,4.5
IAM-009650,ORG-020,AST-09650,155,6,4,15,35,2,163,10,0.66,Low,7.5
IAM-009651,ORG-019,AST-09651,367,19,18,2,42,5,4,1,0.42,Medium,8.1
IAM-009652,ORG-021,AST-09652,429,5,20,42,60,2,96,6,0.67,Low,8.4
IAM-009653,ORG-023,AST-09653,458,36,7,41,32,18,93,10,0.51,Medium,8.9
IAM-009654,ORG-002,AST-09654,484,42,1,11,80,3,5,1,0.39,Medium,1.7
IAM-009655,ORG-020,AST-09655,122,9,6,9,91,2,199,9,0.7,Low,2.9
IAM-009656,ORG-007,AST-09656,298,3,2,22,93,3,198,19,0.75,High,5.8
IAM-009657,ORG-007,AST-09657,446,20,2,34,71,9,36,1,0.79,Medium,4.0
IAM-009658,ORG-011,AST-09658,59,2,1,0,41,1,156,28,0.95,Low,8.4
IAM-009659,ORG-016,AST-09659,186,15,9,2,78,3,170,2,0.96,Medium,4.5
IAM-009660,ORG-014,AST-09660,219,9,10,6,50,7,13,1,0.92,High,7.4
IAM-009661,ORG-011,AST-09661,415,10,17,19,47,3,32,6,0.76,Medium,8.2
IAM-009662,ORG-023,AST-09662,168,7,3,15,100,7,138,7,0.85,High,4.7
IAM-009663,ORG-016,AST-09663,479,43,15,23,73,33,68,2,0.33,High,6.8
IAM-009664,ORG-001,AST-09664,41,3,0,1,44,3,138,24,0.95,High,9.0
IAM-009665,ORG-001,AST-09665,124,12,4,5,76,0,194,15,0.33,Low,4.0
IAM-009666,ORG-024,AST-09666,277,6,12,16,51,5,72,7,0.57,High,9.0
IAM-009667,ORG-019,AST-09667,497,34,20,21,54,18,147,11,0.4,High,10
IAM-009668,ORG-015,AST-09668,250,22,9,23,55,16,90,9,0.59,High,7.6
IAM-009669,ORG-004,AST-09669,299,17,2,25,59,11,187,37,0.82,High,8.7
IAM-009670,ORG-019,AST-09670,131,12,0,8,99,1,132,8,0.37,Low,1.2
IAM-009671,ORG-007,AST-09671,367,36,1,11,73,7,152,8,0.36,Medium,3.5
IAM-009672,ORG-015,AST-09672,23,1,1,1,31,0,8,1,0.38,Low,5.2
IAM-009673,ORG-004,AST-09673,342,12,15,2,38,5,198,4,0.54,Medium,8.5
IAM-009674,ORG-003,AST-09674,111,5,1,4,30,3,21,4,0.64,High,7.2
IAM-009675,ORG-007,AST-09675,297,11,10,10,66,4,165,24,0.46,Medium,7.4
IAM-009676,ORG-013,AST-09676,405,25,13,40,87,9,47,9,0.79,Medium,5.2
IAM-009677,ORG-002,AST-09677,28,1,0,1,37,1,84,2,0.92,High,7.8
IAM-009678,ORG-023,AST-09678,340,13,4,7,46,1,129,19,0.96,Low,6.7
IAM-009679,ORG-022,AST-09679,237,2,11,16,57,2,14,2,0.97,High,8.3
IAM-009680,ORG-003,AST-09680,305,7,12,17,60,0,165,10,0.48,Low,5.7
IAM-009681,ORG-024,AST-09681,52,2,0,0,74,2,28,4,0.66,High,5.6
IAM-009682,ORG-004,AST-09682,298,18,0,20,68,9,198,4,0.65,Medium,4.5
IAM-009683,ORG-025,AST-09683,353,24,3,19,37,5,134,13,0.43,Medium,6.6
IAM-009684,ORG-010,AST-09684,35,2,1,0,88,0,192,27,0.31,Low,3.2
IAM-009685,ORG-006,AST-09685,214,10,0,16,100,0,138,7,0.47,Low,1.0
IAM-009686,ORG-012,AST-09686,28,1,0,0,97,0,87,14,0.46,Low,1.3
IAM-009687,ORG-004,AST-09687,437,7,1,28,36,1,155,2,0.53,Low,4.9
IAM-009688,ORG-020,AST-09688,132,6,1,7,51,4,133,2,0.39,High,5.2
IAM-009689,ORG-014,AST-09689,359,13,15,12,52,2,113,19,0.84,Low,8.2
IAM-009690,ORG-007,AST-09690,413,40,17,34,99,15,154,19,0.51,Medium,6.8
IAM-009691,ORG-019,AST-09691,487,33,22,34,81,32,107,3,0.37,High,8.8
IAM-009692,ORG-024,AST-09692,158,13,6,9,92,11,68,10,0.85,High,5.6
IAM-009693,ORG-019,AST-09693,104,1,0,5,58,1,73,1,0.42,High,6.1
IAM-009694,ORG-004,AST-09694,295,1,3,1,75,0,103,5,0.65,Low,2.4
IAM-009695,ORG-003,AST-09695,384,27,3,38,52,3,181,31,0.32,Medium,7.2
IAM-009696,ORG-019,AST-09696,71,4,1,4,41,3,123,1,0.31,High,6.7
IAM-009697,ORG-013,AST-09697,75,1,3,0,80,1,2,0,0.42,High,4.7
IAM-009698,ORG-013,AST-09698,481,23,17,41,41,8,107,12,0.55,Medium,9.6
IAM-009699,ORG-008,AST-09699,68,4,3,6,75,1,52,2,0.51,Low,2.9
IAM-009700,ORG-020,AST-09700,335,26,2,18,40,3,92,15,0.31,Medium,5.8
IAM-009701,ORG-016,AST-09701,323,2,12,26,45,1,139,11,0.48,Low,8.4
IAM-009702,ORG-001,AST-09702,48,3,1,3,77,3,112,8,0.86,High,5.3
IAM-009703,ORG-022,AST-09703,134,4,1,5,49,1,170,2,0.4,Low,4.2
IAM-009704,ORG-007,AST-09704,473,40,23,27,30,12,149,10,0.78,Medium,10
IAM-009705,ORG-010,AST-09705,224,18,0,0,30,17,18,1,0.93,High,8.0
IAM-009706,ORG-003,AST-09706,500,1,8,12,58,0,48,5,0.93,Low,4.5
IAM-009707,ORG-023,AST-09707,375,36,3,33,71,25,68,7,0.53,High,5.0
IAM-009708,ORG-020,AST-09708,126,12,1,12,36,12,101,9,0.39,High,8.8
IAM-009709,ORG-018,AST-09709,215,20,7,14,55,2,195,25,0.49,Low,7.3
IAM-009710,ORG-001,AST-09710,22,1,0,0,48,1,55,3,0.81,High,6.5
IAM-009711,ORG-002,AST-09711,377,24,13,5,52,6,154,27,0.34,Medium,9.1
IAM-009712,ORG-001,AST-09712,398,6,18,35,46,3,73,9,0.38,Medium,9.4
IAM-009713,ORG-007,AST-09713,72,5,0,2,79,5,171,25,0.32,High,6.9
IAM-009714,ORG-012,AST-09714,422,31,7,7,37,7,65,10,0.38,Medium,7.1
IAM-009715,ORG-010,AST-09715,485,37,16,15,63,22,98,4,0.85,High,8.2
IAM-009716,ORG-008,AST-09716,261,20,1,5,85,17,35,5,0.62,High,4.0
IAM-009717,ORG-013,AST-09717,465,45,9,42,39,3,179,24,0.89,Medium,8.8
IAM-009718,ORG-008,AST-09718,103,9,1,7,98,9,135,17,0.78,High,4.8
IAM-009719,ORG-018,AST-09719,195,6,2,8,35,4,12,1,0.41,High,6.9
IAM-009720,ORG-008,AST-09720,372,6,17,7,49,5,69,3,0.3,High,9.5
IAM-009721,ORG-022,AST-09721,285,20,6,28,56,19,170,23,0.68,High,9.2
IAM-009722,ORG-001,AST-09722,173,3,1,17,93,0,42,0,0.77,Low,0.4
IAM-009723,ORG-015,AST-09723,48,1,1,1,95,0,196,30,0.7,Low,3.3
IAM-009724,ORG-021,AST-09724,292,29,8,6,92,26,111,2,0.37,High,5.5
IAM-009725,ORG-024,AST-09725,241,11,7,1,32,10,132,18,0.82,High,10
IAM-009726,ORG-004,AST-09726,88,3,1,4,32,1,181,27,0.3,Low,8.7
IAM-009727,ORG-019,AST-09727,344,26,6,31,73,24,28,0,0.68,High,5.9
IAM-009728,ORG-010,AST-09728,475,38,16,47,74,32,156,24,0.7,High,10.0
IAM-009729,ORG-023,AST-09729,485,38,9,27,97,36,157,24,0.55,High,7.7
IAM-009730,ORG-017,AST-09730,77,6,3,6,34,0,51,0,0.82,Low,4.6
IAM-009731,ORG-011,AST-09731,130,5,0,4,51,2,119,15,0.92,Low,5.6
IAM-009732,ORG-006,AST-09732,434,26,13,42,83,22,166,28,0.5,High,8.9
IAM-009733,ORG-020,AST-09733,353,16,17,29,70,10,30,4,0.88,High,7.9
IAM-009734,ORG-014,AST-09734,10,1,0,0,75,0,167,5,0.51,Low,2.4
IAM-009735,ORG-014,AST-09735,143,10,5,10,38,5,166,17,0.85,Medium,8.2
IAM-009736,ORG-008,AST-09736,92,2,2,6,40,2,2,1,0.75,High,7.5
IAM-009737,ORG-021,AST-09737,114,2,1,2,36,2,163,0,0.57,High,7.8
IAM-009738,ORG-018,AST-09738,12,2,0,1,81,2,1,1,0.82,High,4.8
IAM-009739,ORG-013,AST-09739,253,18,8,25,57,3,95,19,0.92,Medium,6.4
IAM-009740,ORG-003,AST-09740,156,8,2,8,62,4,175,23,0.84,Medium,6.8
IAM-009741,ORG-012,AST-09741,478,25,14,47,95,1,178,7,0.56,Low,4.1
IAM-009742,ORG-025,AST-09742,381,7,19,4,75,0,181,11,0.79,Low,7.0
IAM-009743,ORG-003,AST-09743,190,5,0,11,69,4,25,0,0.3,High,4.3
IAM-009744,ORG-010,AST-09744,417,5,11,33,64,4,157,19,0.61,High,9.2
IAM-009745,ORG-025,AST-09745,436,11,4,2,77,0,93,10,0.9,Low,2.9
IAM-009746,ORG-018,AST-09746,199,9,9,13,46,3,129,5,0.45,Medium,6.9
IAM-009747,ORG-019,AST-09747,330,9,6,5,39,9,172,8,0.87,High,8.9
IAM-009748,ORG-013,AST-09748,279,1,12,17,89,1,31,6,0.98,High,6.5
IAM-009749,ORG-015,AST-09749,219,11,7,14,69,11,45,6,0.41,High,7.2
IAM-009750,ORG-008,AST-09750,84,8,4,3,67,5,55,2,0.31,High,5.1
IAM-009751,ORG-002,AST-09751,203,18,4,10,88,14,10,0,0.9,High,3.6
IAM-009752,ORG-010,AST-09752,106,7,3,2,55,7,154,20,0.32,High,8.4
IAM-009753,ORG-011,AST-09753,117,7,4,6,40,6,124,15,0.3,High,8.7
IAM-009754,ORG-023,AST-09754,452,3,0,36,45,1,88,4,0.68,Low,5.4
IAM-009755,ORG-014,AST-09755,105,5,2,2,82,5,68,6,0.52,High,5.3
IAM-009756,ORG-009,AST-09756,312,20,6,11,97,20,166,32,0.68,High,7.9
IAM-009757,ORG-010,AST-09757,300,17,8,7,56,13,150,15,0.81,High,7.9
IAM-009758,ORG-007,AST-09758,226,22,9,11,52,19,48,8,0.75,High,8.7
IAM-009759,ORG-013,AST-09759,83,1,3,8,92,0,84,15,0.41,Low,2.3
IAM-009760,ORG-013,AST-09760,407,15,1,37,93,11,86,9,0.76,High,4.2
IAM-009761,ORG-009,AST-09761,170,14,3,10,93,8,1,1,0.88,High,2.6
IAM-009762,ORG-009,AST-09762,499,1,15,24,83,1,46,5,0.32,High,8.1
IAM-009763,ORG-024,AST-09763,369,7,8,15,90,1,38,2,0.42,Low,3.2
IAM-009764,ORG-021,AST-09764,61,5,2,0,81,3,20,0,0.68,High,3.2
IAM-009765,ORG-016,AST-09765,114,6,5,1,100,1,45,6,0.31,Low,1.8
IAM-009766,ORG-001,AST-09766,254,23,0,5,47,2,39,2,0.68,Low,4.1
IAM-009767,ORG-022,AST-09767,57,3,1,2,49,3,99,2,0.66,High,6.9
IAM-009768,ORG-009,AST-09768,30,2,0,0,35,0,70,0,0.58,Low,4.5
IAM-009769,ORG-001,AST-09769,438,38,17,26,40,31,128,21,0.98,High,10
IAM-009770,ORG-010,AST-09770,48,1,2,3,86,1,1,0,0.47,High,4.1
IAM-009771,ORG-004,AST-09771,113,5,1,3,39,0,114,14,0.42,Low,5.5
IAM-009772,ORG-008,AST-09772,169,12,1,11,45,12,56,1,0.99,High,7.1
IAM-009773,ORG-011,AST-09773,397,25,19,25,87,1,29,0,0.55,Low,5.1
IAM-009774,ORG-005,AST-09774,478,41,20,29,61,16,173,0,0.8,Medium,8.2
IAM-009775,ORG-024,AST-09775,237,12,7,11,97,4,118,22,0.9,Medium,5.2
IAM-009776,ORG-021,AST-09776,435,32,4,7,92,29,16,2,0.7,High,3.8
IAM-009777,ORG-013,AST-09777,271,6,2,9,45,3,75,0,0.51,Medium,5.6
IAM-009778,ORG-010,AST-09778,244,23,3,12,96,20,11,0,0.9,High,3.7
IAM-009779,ORG-024,AST-09779,11,1,0,1,76,0,180,34,0.62,Low,5.3
IAM-009780,ORG-010,AST-09780,419,34,2,15,35,12,51,6,0.93,Medium,6.1
IAM-009781,ORG-001,AST-09781,432,34,18,27,62,22,72,14,0.39,High,9.2
IAM-009782,ORG-022,AST-09782,319,21,15,25,87,12,3,1,0.81,High,5.8
IAM-009783,ORG-002,AST-09783,472,26,17,47,78,21,87,12,0.61,High,8.1
IAM-009784,ORG-007,AST-09784,244,11,6,21,32,0,36,3,0.71,Low,6.4
IAM-009785,ORG-011,AST-09785,267,22,8,19,42,2,157,22,0.33,Low,7.6
IAM-009786,ORG-020,AST-09786,141,6,5,12,39,2,197,38,0.38,Low,9.7
IAM-009787,ORG-024,AST-09787,466,41,17,6,50,29,112,14,0.61,High,10
IAM-009788,ORG-015,AST-09788,394,13,17,2,53,5,165,18,0.93,Medium,9.2
IAM-009789,ORG-013,AST-09789,410,5,0,28,84,1,168,26,0.41,Low,4.5
IAM-009790,ORG-011,AST-09790,186,3,6,13,82,1,112,12,0.59,Low,4.4
IAM-009791,ORG-021,AST-09791,26,1,1,1,58,0,172,5,0.7,Low,3.1
IAM-009792,ORG-024,AST-09792,448,9,11,15,98,8,81,1,0.59,High,5.2
IAM-009793,ORG-019,AST-09793,294,4,1,24,68,4,192,16,0.99,High,7.0
IAM-009794,ORG-008,AST-09794,390,1,1,20,83,0,62,12,0.32,Low,2.4
IAM-009795,ORG-016,AST-09795,267,4,2,20,92,4,92,18,0.56,High,5.7
IAM-009796,ORG-005,AST-09796,498,35,5,20,61,16,13,0,0.45,Medium,4.8
IAM-009797,ORG-013,AST-09797,197,12,9,8,46,7,121,17,0.31,High,8.4
IAM-009798,ORG-018,AST-09798,145,9,3,5,43,9,178,19,0.99,High,9.8
IAM-009799,ORG-019,AST-09799,64,6,3,1,45,0,85,7,0.33,Low,4.9
IAM-009800,ORG-009,AST-09800,298,7,14,24,88,3,179,5,0.61,Medium,4.9
IAM-009801,ORG-002,AST-09801,443,21,15,20,38,5,147,15,0.86,Medium,9.4
IAM-009802,ORG-020,AST-09802,53,1,2,4,100,1,165,9,0.74,High,4.3
IAM-009803,ORG-022,AST-09803,390,1,5,22,64,0,131,14,0.33,Low,4.6
IAM-009804,ORG-019,AST-09804,368,1,15,13,81,1,196,27,0.48,High,9.7
IAM-009805,ORG-010,AST-09805,422,35,5,27,37,27,124,19,0.81,High,9.4
IAM-009806,ORG-017,AST-09806,367,26,13,6,63,1,16,2,0.72,Low,5.6
IAM-009807,ORG-004,AST-09807,108,5,2,2,48,3,49,5,0.4,High,5.8
IAM-009808,ORG-017,AST-09808,467,41,0,5,82,25,183,29,0.83,High,5.6
IAM-009809,ORG-023,AST-09809,71,2,0,5,45,2,151,1,0.85,High,6.3
IAM-009810,ORG-008,AST-09810,333,29,2,7,63,17,115,4,0.79,High,4.6
IAM-009811,ORG-022,AST-09811,18,1,0,0,56,0,0,1,0.31,Low,2.8
IAM-009812,ORG-018,AST-09812,410,40,10,5,73,30,110,0,0.87,High,6.5
IAM-009813,ORG-003,AST-09813,435,10,19,36,31,0,108,18,0.58,Low,10
IAM-009814,ORG-006,AST-09814,339,18,8,1,34,9,175,18,0.98,Medium,9.4
IAM-009815,ORG-002,AST-09815,50,1,0,1,56,0,163,6,0.85,Low,3.3
IAM-009816,ORG-021,AST-09816,310,14,8,31,31,2,16,0,0.42,Low,6.3
IAM-009817,ORG-014,AST-09817,57,5,2,1,80,5,180,26,0.8,High,7.8
IAM-009818,ORG-023,AST-09818,379,9,14,36,94,6,70,10,0.88,High,6.4
IAM-009819,ORG-018,AST-09819,214,9,9,17,58,1,200,36,0.39,Low,8.5
IAM-009820,ORG-014,AST-09820,158,10,6,9,64,7,168,9,0.44,High,7.0
IAM-009821,ORG-023,AST-09821,168,7,4,6,73,0,125,12,0.32,Low,4.3
IAM-009822,ORG-025,AST-09822,191,10,5,13,84,7,177,34,0.41,High,8.0
IAM-009823,ORG-023,AST-09823,96,8,1,8,86,8,189,22,0.63,High,6.8
IAM-009824,ORG-001,AST-09824,362,6,14,17,40,0,18,2,0.32,Low,6.6
IAM-009825,ORG-015,AST-09825,432,28,19,16,64,13,110,15,0.91,Medium,9.4
IAM-009826,ORG-018,AST-09826,360,6,0,4,34,4,102,16,0.8,High,7.6
IAM-009827,ORG-007,AST-09827,140,5,2,10,98,0,125,6,0.93,Low,0.9
IAM-009828,ORG-003,AST-09828,121,5,4,8,74,2,52,2,0.33,Low,4.3
IAM-009829,ORG-002,AST-09829,320,9,2,2,66,4,18,0,0.31,Medium,4.3
IAM-009830,ORG-011,AST-09830,368,30,10,4,82,24,137,27,0.49,High,8.8
IAM-009831,ORG-011,AST-09831,42,1,1,4,89,1,43,2,0.76,High,4.0
IAM-009832,ORG-002,AST-09832,423,5,15,17,36,2,141,0,0.61,Low,8.9
IAM-009833,ORG-002,AST-09833,254,24,8,2,62,10,126,5,0.61,Medium,5.7
IAM-009834,ORG-006,AST-09834,370,30,5,34,88,27,175,9,0.97,High,5.7
IAM-009835,ORG-001,AST-09835,12,1,0,1,48,0,84,16,0.77,Low,5.5
IAM-009836,ORG-017,AST-09836,226,2,1,19,66,1,57,2,0.81,Low,4.2
IAM-009837,ORG-019,AST-09837,109,4,0,3,84,0,187,22,0.92,Low,3.0
IAM-009838,ORG-009,AST-09838,481,2,20,16,53,1,109,9,0.84,Low,9.7
IAM-009839,ORG-021,AST-09839,410,15,19,10,30,4,99,15,0.73,Medium,10
IAM-009840,ORG-005,AST-09840,387,27,13,4,41,14,34,5,0.46,High,8.7
IAM-009841,ORG-014,AST-09841,234,5,11,8,64,0,99,0,0.53,Low,4.2
IAM-009842,ORG-023,AST-09842,316,9,5,14,63,8,82,11,0.64,High,7.6
IAM-009843,ORG-014,AST-09843,445,4,9,9,35,4,153,1,0.4,High,9.3
IAM-009844,ORG-023,AST-09844,297,29,12,13,34,4,194,37,0.52,Medium,10
IAM-009845,ORG-022,AST-09845,87,6,1,4,96,4,7,0,0.97,High,2.1
IAM-009846,ORG-015,AST-09846,141,4,6,9,100,2,38,1,0.63,Low,3.1
IAM-009847,ORG-014,AST-09847,353,32,12,9,45,5,114,14,0.54,Medium,8.0
IAM-009848,ORG-003,AST-09848,79,7,0,1,41,2,16,0,0.69,Low,4.4
IAM-009849,ORG-011,AST-09849,459,35,3,17,98,23,75,15,0.96,High,4.3
IAM-009850,ORG-011,AST-09850,83,7,0,7,97,4,29,1,0.78,High,2.4
IAM-009851,ORG-006,AST-09851,288,1,4,1,50,0,114,2,0.98,Low,4.1
IAM-009852,ORG-018,AST-09852,137,2,6,0,59,1,20,0,0.58,Low,5.9
IAM-009853,ORG-019,AST-09853,104,3,1,6,74,1,165,32,0.92,Low,5.8
IAM-009854,ORG-002,AST-09854,255,25,4,24,35,0,162,8,0.97,Low,6.2
IAM-009855,ORG-006,AST-09855,233,19,9,9,84,11,117,20,0.82,High,6.9
IAM-009856,ORG-022,AST-09856,22,2,1,1,62,0,16,2,0.61,Low,3.0
IAM-009857,ORG-003,AST-09857,112,4,3,0,84,0,5,0,0.61,Low,2.1
IAM-009858,ORG-008,AST-09858,23,1,1,2,54,0,87,4,0.84,Low,3.6
IAM-009859,ORG-022,AST-09859,76,1,1,6,33,0,198,31,0.74,Low,8.1
IAM-009860,ORG-005,AST-09860,224,17,3,9,78,17,176,9,0.94,High,6.3
IAM-009861,ORG-003,AST-09861,402,13,4,19,44,13,35,6,0.95,High,8.6
IAM-009862,ORG-018,AST-09862,390,25,1,25,54,23,169,18,0.75,High,7.3
IAM-009863,ORG-010,AST-09863,138,3,2,4,73,0,126,25,0.96,Low,4.8
IAM-009864,ORG-013,AST-09864,203,13,2,7,48,11,58,10,0.38,High,7.1
IAM-009865,ORG-005,AST-09865,285,15,9,26,45,4,56,2,0.94,Medium,6.4
IAM-009866,ORG-020,AST-09866,195,14,7,0,75,5,154,30,0.87,Medium,6.8
IAM-009867,ORG-001,AST-09867,160,2,3,7,48,2,184,26,0.85,High,10
IAM-009868,ORG-010,AST-09868,342,15,3,16,83,0,158,16,0.38,Low,3.2
IAM-009869,ORG-003,AST-09869,174,7,1,14,88,4,68,8,0.48,High,3.5
IAM-009870,ORG-003,AST-09870,490,10,11,9,61,9,167,26,0.71,High,10.0
IAM-009871,ORG-008,AST-09871,429,11,9,28,54,0,76,13,0.36,Low,6.1
IAM-009872,ORG-020,AST-09872,185,10,7,8,62,9,143,13,0.77,High,7.9
IAM-009873,ORG-025,AST-09873,289,20,7,15,90,18,10,2,0.58,High,4.9
IAM-009874,ORG-023,AST-09874,224,19,9,19,51,12,151,1,0.78,High,7.2
IAM-009875,ORG-015,AST-09875,23,1,1,2,47,1,200,26,0.93,High,9.5
IAM-009876,ORG-019,AST-09876,281,3,3,18,47,0,193,18,0.48,Low,5.9
IAM-009877,ORG-016,AST-09877,159,10,7,3,68,1,58,0,0.64,Low,4.3
IAM-009878,ORG-011,AST-09878,73,2,3,6,48,2,192,36,0.96,High,10
IAM-009879,ORG-023,AST-09879,89,5,0,7,92,1,156,14,0.75,Low,3.0
IAM-009880,ORG-013,AST-09880,422,8,15,29,43,3,42,1,0.48,Medium,8.1
IAM-009881,ORG-003,AST-09881,465,31,6,25,30,19,75,12,0.33,High,9.0
IAM-009882,ORG-001,AST-09882,7,1,0,0,46,0,139,6,0.56,Low,4.0
IAM-009883,ORG-010,AST-09883,141,14,0,5,95,12,134,10,0.72,High,3.6
IAM-009884,ORG-023,AST-09884,246,4,6,0,49,4,62,8,0.82,High,8.7
IAM-009885,ORG-009,AST-09885,27,2,0,1,43,1,39,7,0.97,Low,5.9
IAM-009886,ORG-018,AST-09886,369,34,13,36,46,31,62,1,0.5,High,8.9
IAM-009887,ORG-013,AST-09887,339,2,13,33,84,1,106,3,0.82,Low,5.8
IAM-009888,ORG-024,AST-09888,107,3,1,6,47,0,36,5,0.69,Low,3.8
IAM-009889,ORG-007,AST-09889,283,27,11,23,49,3,61,2,0.63,Medium,5.9
IAM-009890,ORG-005,AST-09890,106,5,3,1,39,4,80,1,0.55,High,7.1
IAM-009891,ORG-005,AST-09891,165,13,4,0,81,2,102,19,0.93,Low,4.1
IAM-009892,ORG-010,AST-09892,17,2,0,0,93,2,61,11,0.93,High,4.8
IAM-009893,ORG-020,AST-09893,65,4,1,5,67,3,158,24,0.78,High,6.9
IAM-009894,ORG-014,AST-09894,498,35,6,46,92,35,112,12,0.48,High,6.3
IAM-009895,ORG-014,AST-09895,455,27,6,4,80,17,149,17,0.98,High,6.1
IAM-009896,ORG-020,AST-09896,222,19,6,12,59,9,180,33,0.44,Medium,8.3
IAM-009897,ORG-019,AST-09897,272,14,13,23,96,11,11,1,0.32,High,5.0
IAM-009898,ORG-004,AST-09898,40,1,0,0,37,1,187,0,0.51,High,7.1
IAM-009899,ORG-025,AST-09899,404,14,15,0,36,0,172,4,0.65,Low,8.0
IAM-009900,ORG-006,AST-09900,440,11,7,12,76,3,71,11,0.52,Medium,5.4
IAM-009901,ORG-023,AST-09901,90,4,1,0,31,0,139,26,0.74,Low,7.8
IAM-009902,ORG-018,AST-09902,258,21,10,4,68,11,114,1,0.49,High,6.1
IAM-009903,ORG-025,AST-09903,362,28,13,2,68,27,179,7,0.78,High,8.6
IAM-009904,ORG-005,AST-09904,301,27,10,4,92,4,58,7,0.31,Medium,3.5
IAM-009905,ORG-013,AST-09905,112,4,3,8,36,4,41,3,0.98,High,8.3
IAM-009906,ORG-014,AST-09906,323,4,0,28,90,3,146,12,0.99,High,4.0
IAM-009907,ORG-002,AST-09907,373,18,3,30,70,15,53,8,0.81,High,6.3
IAM-009908,ORG-004,AST-09908,433,2,14,33,75,2,177,33,0.96,High,10
IAM-009909,ORG-018,AST-09909,426,13,7,2,67,12,8,1,0.87,High,6.7
IAM-009910,ORG-022,AST-09910,165,12,4,13,71,1,28,5,0.79,Low,3.5
IAM-009911,ORG-003,AST-09911,387,30,3,21,62,17,145,17,0.33,High,6.3
IAM-009912,ORG-020,AST-09912,433,17,17,14,33,9,103,20,0.93,High,10
IAM-009913,ORG-013,AST-09913,423,30,11,28,84,22,121,7,0.42,High,6.1
IAM-009914,ORG-021,AST-09914,106,8,5,2,66,3,104,7,0.71,Medium,5.5
IAM-009915,ORG-021,AST-09915,350,17,0,27,90,15,69,13,0.67,High,4.3
IAM-009916,ORG-020,AST-09916,253,6,4,18,49,0,66,2,0.38,Low,4.1
IAM-009917,ORG-013,AST-09917,242,3,8,17,70,2,129,10,0.49,High,6.2
IAM-009918,ORG-014,AST-09918,231,9,0,11,82,7,119,4,0.32,High,3.6
IAM-009919,ORG-014,AST-09919,27,1,0,0,87,0,166,10,0.6,Low,2.0
IAM-009920,ORG-005,AST-09920,198,13,1,1,94,1,100,15,0.43,Low,2.8
IAM-009921,ORG-007,AST-09921,170,13,8,14,77,8,84,2,0.56,High,5.5
IAM-009922,ORG-005,AST-09922,61,3,0,2,54,2,58,4,0.62,High,5.6
IAM-009923,ORG-025,AST-09923,36,1,0,3,88,1,108,16,0.52,High,5.4
IAM-009924,ORG-015,AST-09924,57,3,1,4,76,3,93,2,0.63,High,5.1
IAM-009925,ORG-002,AST-09925,391,15,5,16,76,0,170,18,0.93,Low,4.8
IAM-009926,ORG-010,AST-09926,333,21,13,4,77,14,101,18,0.81,High,7.9
IAM-009927,ORG-014,AST-09927,72,2,1,3,98,2,21,1,0.36,High,3.7
IAM-009928,ORG-016,AST-09928,120,5,6,5,63,0,131,10,0.89,Low,4.2
IAM-009929,ORG-023,AST-09929,409,7,3,8,40,1,137,24,0.73,Low,7.8
IAM-009930,ORG-025,AST-09930,294,14,7,29,61,13,56,3,0.69,High,7.5
IAM-009931,ORG-015,AST-09931,283,7,12,13,64,7,44,5,0.52,High,7.8
IAM-009932,ORG-022,AST-09932,61,4,1,5,89,4,115,18,0.54,High,6.2
IAM-009933,ORG-010,AST-09933,441,29,21,2,58,20,178,0,0.62,High,8.8
IAM-009934,ORG-019,AST-09934,367,30,1,26,55,26,74,13,0.75,High,7.3
IAM-009935,ORG-011,AST-09935,420,10,12,3,53,2,9,1,0.63,Low,6.6
IAM-009936,ORG-016,AST-09936,494,1,21,49,37,0,176,23,0.52,Low,10
IAM-009937,ORG-020,AST-09937,6,1,0,0,72,0,31,1,0.72,Low,1.7
IAM-009938,ORG-024,AST-09938,151,14,6,3,85,2,43,7,0.36,Low,3.7
IAM-009939,ORG-013,AST-09939,395,5,4,2,90,2,75,6,0.39,Low,3.1
IAM-009940,ORG-022,AST-09940,375,33,5,20,97,28,108,6,0.4,High,4.4
IAM-009941,ORG-019,AST-09941,63,2,2,5,30,2,24,2,0.75,High,8.4
IAM-009942,ORG-014,AST-09942,10,1,0,1,72,0,29,2,0.97,Low,2.2
IAM-009943,ORG-025,AST-09943,44,4,0,2,60,1,15,2,0.89,Low,3.7
IAM-009944,ORG-010,AST-09944,391,34,17,10,83,19,58,5,0.73,High,7.2
IAM-009945,ORG-011,AST-09945,326,12,4,10,55,7,23,4,0.77,High,6.4
IAM-009946,ORG-001,AST-09946,207,9,3,1,79,7,132,0,0.98,High,4.0
IAM-009947,ORG-014,AST-09947,280,19,4,14,79,2,200,8,0.73,Low,3.4
IAM-009948,ORG-002,AST-09948,428,30,13,35,57,15,153,16,0.69,Medium,8.5
IAM-009949,ORG-006,AST-09949,489,47,23,18,63,0,17,0,0.77,Low,6.6
IAM-009950,ORG-016,AST-09950,42,3,1,2,34,2,186,1,0.33,High,6.6
IAM-009951,ORG-003,AST-09951,317,25,8,7,59,15,62,9,0.92,High,7.4
IAM-009952,ORG-020,AST-09952,440,25,21,39,36,14,116,17,0.91,High,10
IAM-009953,ORG-011,AST-09953,159,11,1,12,52,8,100,9,0.7,High,6.5
IAM-009954,ORG-009,AST-09954,81,4,2,5,70,3,1,1,0.44,High,4.7
IAM-009955,ORG-009,AST-09955,464,45,15,0,92,18,195,33,0.43,Medium,8.1
IAM-009956,ORG-019,AST-09956,189,3,0,9,35,1,191,19,0.31,Low,7.7
IAM-009957,ORG-017,AST-09957,86,6,3,8,45,3,86,0,0.37,Medium,5.9
IAM-009958,ORG-010,AST-09958,486,26,9,1,92,22,141,21,0.4,High,7.2
IAM-009959,ORG-015,AST-09959,487,8,19,27,80,7,74,9,0.89,High,8.8
IAM-009960,ORG-001,AST-09960,404,8,14,8,100,8,187,33,0.92,High,9.3
IAM-009961,ORG-020,AST-09961,164,15,7,10,52,12,56,4,0.43,High,7.1
IAM-009962,ORG-022,AST-09962,120,12,2,7,63,5,56,0,0.57,Medium,3.9
IAM-009963,ORG-008,AST-09963,215,12,10,2,58,7,126,1,0.9,High,6.3
IAM-009964,ORG-007,AST-09964,192,3,2,8,86,1,192,10,0.52,Low,3.0
IAM-009965,ORG-022,AST-09965,225,7,0,19,93,2,91,14,0.92,Low,2.9
IAM-009966,ORG-001,AST-09966,271,20,9,20,32,16,182,5,0.85,High,9.6
IAM-009967,ORG-013,AST-09967,165,10,3,8,70,10,178,13,0.37,High,6.9
IAM-009968,ORG-010,AST-09968,476,12,1,47,86,10,162,31,0.61,High,7.2
IAM-009969,ORG-020,AST-09969,64,6,0,2,73,0,162,29,0.88,Low,4.5
IAM-009970,ORG-001,AST-09970,406,8,3,24,41,3,98,18,0.95,Medium,7.2
IAM-009971,ORG-015,AST-09971,138,1,6,5,42,1,167,18,0.5,High,9.8
IAM-009972,ORG-009,AST-09972,86,3,2,2,82,3,31,4,0.31,High,4.8
IAM-009973,ORG-009,AST-09973,411,40,9,29,75,13,76,9,0.47,Medium,4.9
IAM-009974,ORG-015,AST-09974,62,5,2,4,64,5,167,0,0.52,High,5.7
IAM-009975,ORG-008,AST-09975,65,2,0,6,64,1,147,3,0.42,Low,4.2
IAM-009976,ORG-008,AST-09976,98,6,4,9,84,3,192,33,0.89,Medium,7.2
IAM-009977,ORG-024,AST-09977,174,16,6,8,79,7,120,5,0.86,Medium,4.8
IAM-009978,ORG-018,AST-09978,132,1,0,13,49,0,115,10,0.6,Low,4.4
IAM-009979,ORG-007,AST-09979,400,30,20,32,69,7,176,10,0.62,Medium,8.1
IAM-009980,ORG-013,AST-09980,6,1,0,0,75,1,88,1,0.57,High,5.2
IAM-009981,ORG-004,AST-09981,265,7,4,6,36,1,90,4,0.96,Low,5.7
IAM-009982,ORG-011,AST-09982,407,11,9,1,80,1,60,2,0.49,Low,3.8
IAM-009983,ORG-021,AST-09983,427,1,3,29,85,0,171,10,0.49,Low,2.4
IAM-009984,ORG-006,AST-09984,105,2,3,10,83,0,180,9,0.96,Low,2.4
IAM-009985,ORG-012,AST-09985,484,48,18,6,91,31,88,16,0.71,High,7.8
IAM-009986,ORG-010,AST-09986,398,32,1,24,30,10,191,17,0.39,Medium,7.1
IAM-009987,ORG-020,AST-09987,89,2,1,7,46,1,20,4,0.4,Low,5.8
IAM-009988,ORG-012,AST-09988,209,9,4,19,72,9,71,5,0.78,High,5.9
IAM-009989,ORG-017,AST-09989,289,18,7,24,31,0,137,1,0.77,Low,6.1
IAM-009990,ORG-019,AST-09990,219,20,2,12,54,18,158,7,0.67,High,6.4
IAM-009991,ORG-009,AST-09991,70,4,0,3,34,2,110,2,0.96,Low,5.6
IAM-009992,ORG-006,AST-09992,412,39,20,36,93,17,35,4,0.51,Medium,6.0
IAM-009993,ORG-016,AST-09993,29,1,0,2,36,1,77,2,0.36,High,7.6
IAM-009994,ORG-019,AST-09994,78,6,1,7,74,4,199,27,0.95,High,6.9
IAM-009995,ORG-013,AST-09995,146,6,2,4,58,5,144,21,0.59,High,7.7
IAM-009996,ORG-017,AST-09996,296,23,0,20,80,6,25,1,0.72,Medium,2.5
IAM-009997,ORG-023,AST-09997,212,17,8,3,37,12,159,13,0.46,High,9.0
IAM-009998,ORG-017,AST-09998,353,29,14,21,51,17,53,8,0.37,High,8.9
IAM-009999,ORG-016,AST-09999,113,10,1,11,91,7,141,6,0.93,High,3.3
IAM-010000,ORG-015,AST-10000,311,4,5,7,36,2,39,4,0.36,Low,7.6
