threat_id,threat_actor,threat_category,attack_technique,targeted_industry,targeted_asset_type,campaign_active,threat_frequency,exploit_probability,geographic_scope,severity,intelligence_confidence,first_seen,last_seen,associated_cve,ransomware_indicator,data_exfiltration_risk
THREAT-00001,LockBit,Business Email Compromise,T1562 Impair Defenses,Energy,Domain Controller,True,14,0.56,EMEA,Low,Low,2025-10-21,2026-03-29,,False,True
THREAT-00002,TA505,Credential Theft,T1133 External Remote Services,Manufacturing,Database Server,True,51,0.43,Americas,Low,Low,2022-02-04,2022-04-02,CVE-2026-84764,False,False
THREAT-00003,Lazarus Group,Credential Theft,T1562 Impair Defenses,IT Services,Kubernetes Cluster,False,79,0.29,Asia-Pacific,Low,High,2022-03-12,2022-12-13,CVE-2026-81769,False,True
THREAT-00004,Kimsuky,Business Email Compromise,T1027 Obfuscated Files or Information,E-commerce,Storage Bucket,False,51,0.44,EMEA,Medium,Medium,2023-07-01,2023-10-20,CVE-2026-48331,False,True
THREAT-00005,LockBit,Supply Chain Attack,T1078 Valid Accounts,Government,Payment Gateway,False,47,0.12,EMEA,Low,High,2023-02-26,2023-08-19,,False,True
THREAT-00006,Lazarus Group,Supply Chain Attack,T1486 Data Encrypted for Impact,Education,Cloud VM,False,14,0.25,India,High,Medium,2025-11-05,2026-07-07,CVE-2026-78618,False,True
THREAT-00007,Kimsuky,Zero-Day Exploit,T1569 System Services,E-commerce,Domain Controller,False,72,0.48,Americas,Critical,Medium,2024-12-02,2025-08-08,CVE-2026-45782,False,False
THREAT-00008,Unknown,Web Application Attack,T1133 External Remote Services,Energy,Employee Laptop,False,34,0.31,EMEA,Medium,Medium,2022-01-11,2022-06-17,CVE-2026-79097,False,False
THREAT-00009,REvil,Data Exfiltration,T1070 Indicator Removal,Energy,API Gateway,False,8,0.45,EMEA,Low,Low,2021-10-01,2022-04-08,,False,False
THREAT-00010,Kimsuky,Web Application Attack,T1053 Scheduled Task/Job,IT Services,API Gateway,False,84,0.59,Asia-Pacific,High,High,2023-12-22,2024-08-14,,False,True
THREAT-00011,Mustang Panda,DDoS,T1071 Application Layer Protocol,Insurance,Kubernetes Cluster,False,115,0.61,Americas,Critical,Medium,2026-08-04,2026-09-04,CVE-2026-72800,False,False
THREAT-00012,Cybercrime Syndicate,Web Application Attack,T1053 Scheduled Task/Job,Manufacturing,Database Server,False,18,0.57,Americas,Critical,High,2025-01-10,2025-07-28,,False,False
THREAT-00013,Kimsuky,Data Exfiltration,T1133 External Remote Services,IT Services,Cloud VM,True,63,0.24,India,Medium,High,2021-12-24,2022-12-23,,False,True
THREAT-00014,FIN7,Zero-Day Exploit,T1082 System Information Discovery,Manufacturing,Database Server,False,55,0.59,EMEA,High,High,2025-05-03,2025-10-27,,False,False
THREAT-00015,Turla,DDoS,T1105 Ingress Tool Transfer,Education,API Gateway,True,31,0.76,India,High,Medium,2022-02-22,2022-05-11,CVE-2026-18602,False,False
THREAT-00016,Cybercrime Syndicate,Credential Theft,T1486 Data Encrypted for Impact,Energy,Storage Bucket,False,13,0.13,India,Low,Low,2023-11-21,2024-10-14,,False,False
THREAT-00017,Mustang Panda,Web Application Attack,T1190 Exploit Public-Facing Application,Education,Email Server,False,16,0.33,Global,Medium,Low,2025-08-17,2025-11-19,CVE-2026-76608,False,True
THREAT-00018,Lazarus Group,Ransomware,T1110 Brute Force,Government,Cloud VM,True,33,0.69,Americas,Medium,High,2023-07-03,2023-11-03,CVE-2026-63096,True,True
THREAT-00019,Mustang Panda,Zero-Day Exploit,T1036 Masquerading,Manufacturing,API Gateway,False,25,0.21,Americas,Low,High,2026-01-16,2026-09-04,CVE-2026-41304,False,False
THREAT-00020,Script Kiddie,Data Exfiltration,T1486 Data Encrypted for Impact,Government,Kubernetes Cluster,True,44,0.46,India,High,High,2021-11-24,2021-12-05,,False,True
THREAT-00021,Hacktivist Group,Business Email Compromise,T1110 Brute Force,Insurance,Kubernetes Cluster,False,35,0.12,EMEA,High,High,2022-08-13,2023-04-05,CVE-2026-75125,False,False
THREAT-00022,ALPHV,Business Email Compromise,T1003 OS Credential Dumping,Insurance,Storage Bucket,False,86,0.57,EMEA,Medium,Low,2026-06-19,2026-09-04,,False,True
THREAT-00023,Nation-State (Iran),DDoS,T1070 Indicator Removal,IT Services,Employee Laptop,False,29,0.63,India,Medium,High,2026-03-17,2026-09-04,CVE-2026-6195,False,False
THREAT-00024,ALPHV,Ransomware,T1105 Ingress Tool Transfer,E-commerce,API Gateway,False,36,0.32,Americas,Low,Medium,2026-01-12,2026-09-04,,True,False
THREAT-00025,Scattered Spider,Zero-Day Exploit,T1036 Masquerading,Manufacturing,API Gateway,False,56,0.46,EMEA,High,Medium,2026-03-02,2026-04-03,,False,True
THREAT-00026,FIN7,Cryptojacking,T1055 Process Injection,Insurance,Employee Laptop,False,41,0.39,EMEA,High,Low,2021-05-24,2021-08-19,,False,True
THREAT-00027,Script Kiddie,Cloud Misconfiguration Exploitation,T1133 External Remote Services,Energy,Email Server,True,42,0.28,Americas,Medium,High,2022-05-08,2023-03-06,,False,False
THREAT-00028,Nation-State (China),Data Exfiltration,T1053 Scheduled Task/Job,Energy,Payment Gateway,False,43,0.53,India,High,Low,2022-09-24,2023-04-12,CVE-2026-85157,False,True
THREAT-00029,FIN7,Phishing,T1078 Valid Accounts,Energy,Kubernetes Cluster,False,80,0.32,EMEA,Critical,Low,2022-09-22,2023-01-06,,False,True
THREAT-00030,SilverFox,Insider Threat,T1059 Command and Scripting Interpreter,Manufacturing,SaaS Application,False,7,0.39,Asia-Pacific,Critical,High,2024-10-29,2024-11-08,,False,True
THREAT-00031,FIN7,Zero-Day Exploit,T1133 External Remote Services,Government,Payment Gateway,False,81,0.39,Americas,Low,Low,2025-03-12,2026-01-20,CVE-2026-85242,False,False
THREAT-00032,Mustang Panda,Web Application Attack,T1133 External Remote Services,Government,Cloud VM,True,28,0.57,Asia-Pacific,Low,Low,2023-08-20,2024-05-31,,False,False
THREAT-00033,Turla,Supply Chain Attack,T1027 Obfuscated Files or Information,Energy,Database Server,False,57,0.32,Global,Medium,Medium,2024-12-17,2025-11-03,,False,True
THREAT-00034,REvil,Supply Chain Attack,T1562 Impair Defenses,Insurance,Domain Controller,True,58,0.41,India,Medium,Low,2021-12-09,2022-12-07,,True,False
THREAT-00035,APT28,Data Exfiltration,T1055 Process Injection,Energy,Database Server,True,11,0.19,Americas,Low,Medium,2023-04-21,2023-06-13,,False,True
THREAT-00036,Sandworm,Insider Threat,T1110 Brute Force,E-commerce,Payment Gateway,False,3,0.23,India,Medium,Medium,2022-04-22,2023-01-16,CVE-2026-81686,False,True
THREAT-00037,FIN7,Credential Theft,T1110 Brute Force,Education,Kubernetes Cluster,False,17,0.18,India,High,Medium,2025-05-21,2025-10-28,,False,False
THREAT-00038,Script Kiddie,Cryptojacking,T1059 Command and Scripting Interpreter,Energy,Storage Bucket,False,99,0.13,Global,Low,Low,2024-01-21,2024-04-24,CVE-2026-58567,False,True
THREAT-00039,Insider,Zero-Day Exploit,T1082 System Information Discovery,Insurance,Email Server,False,81,0.6,Global,Low,Medium,2022-01-31,2022-02-14,,False,False
THREAT-00040,Insider,Cloud Misconfiguration Exploitation,T1562 Impair Defenses,Manufacturing,Kubernetes Cluster,False,95,0.53,EMEA,Low,Low,2025-03-15,2025-12-20,,False,True
THREAT-00041,SilverFox,Ransomware,T1003 OS Credential Dumping,Energy,Domain Controller,True,48,0.6,Global,Medium,High,2024-06-17,2025-06-17,CVE-2026-68861,True,False
THREAT-00042,LockBit,Supply Chain Attack,T1053 Scheduled Task/Job,E-commerce,Cloud VM,False,61,0.33,EMEA,Critical,High,2024-04-25,2024-06-22,CVE-2026-85156,False,True
THREAT-00043,APT28,Cloud Misconfiguration Exploitation,T1021 Remote Services,Education,Domain Controller,True,19,0.44,India,Medium,Low,2024-07-22,2024-08-03,,False,False
THREAT-00044,REvil,DDoS,T1055 Process Injection,Energy,Domain Controller,False,103,0.43,Asia-Pacific,High,Low,2025-06-08,2026-01-03,,False,False
THREAT-00045,APT28,Ransomware,T1562 Impair Defenses,Energy,Email Server,False,50,0.79,EMEA,Medium,High,2022-09-29,2022-11-15,,True,True
THREAT-00046,Nation-State (China),Credential Theft,T1562 Impair Defenses,IT Services,Storage Bucket,False,38,0.53,Asia-Pacific,High,Low,2023-08-07,2023-08-20,CVE-2026-78684,False,False
THREAT-00047,TA505,Credential Theft,T1486 Data Encrypted for Impact,IT Services,Email Server,False,82,0.56,India,Low,Medium,2022-12-04,2023-01-12,CVE-2026-44792,True,False
THREAT-00048,Nation-State (Iran),Data Exfiltration,T1110 Brute Force,E-commerce,Domain Controller,True,32,0.27,Asia-Pacific,Medium,High,2022-07-24,2022-08-19,,False,True
THREAT-00049,TA505,Credential Theft,T1059 Command and Scripting Interpreter,Manufacturing,Kubernetes Cluster,False,88,0.38,India,High,Medium,2025-04-29,2025-10-03,CVE-2026-73297,False,False
THREAT-00050,TA505,Zero-Day Exploit,T1048 Exfiltration Over Alternative Protocol,IT Services,Email Server,False,13,0.35,Global,Medium,High,2025-07-15,2026-05-18,,False,False
THREAT-00051,Conti,Phishing,T1048 Exfiltration Over Alternative Protocol,Government,Domain Controller,True,18,0.21,Americas,High,High,2023-01-24,2023-03-08,CVE-2026-50160,False,False
THREAT-00052,REvil,Ransomware,T1105 Ingress Tool Transfer,Insurance,Payment Gateway,True,16,0.6,EMEA,Low,High,2022-09-17,2023-08-30,CVE-2026-55758,True,True
THREAT-00053,ALPHV,Ransomware,T1110 Brute Force,Government,Email Server,False,37,0.77,EMEA,Low,Medium,2025-12-31,2026-09-04,CVE-2026-81678,True,True
THREAT-00054,Scattered Spider,Ransomware,T1027 Obfuscated Files or Information,Energy,API Gateway,True,7,0.75,Americas,Low,Low,2025-05-14,2025-07-26,,True,True
THREAT-00055,TA505,Data Exfiltration,T1133 External Remote Services,Government,Storage Bucket,True,99,0.37,India,Low,High,2024-08-20,2024-10-24,,False,False
THREAT-00056,Hacktivist Group,Cryptojacking,T1190 Exploit Public-Facing Application,E-commerce,API Gateway,True,42,0.56,India,High,Medium,2025-04-24,2025-05-16,CVE-2026-9457,True,False
THREAT-00057,Insider,Cloud Misconfiguration Exploitation,T1053 Scheduled Task/Job,Insurance,Cloud VM,False,99,0.44,India,Low,Low,2021-12-18,2022-04-15,,False,False
THREAT-00058,Scattered Spider,Ransomware,T1566 Phishing,Manufacturing,Storage Bucket,False,38,0.57,Americas,Low,Medium,2025-08-12,2025-08-27,,True,True
THREAT-00059,Hacktivist Group,Ransomware,T1082 System Information Discovery,Telecom,Kubernetes Cluster,True,43,0.52,India,Critical,Low,2024-02-19,2024-11-02,,True,True
THREAT-00060,Kimsuky,Data Exfiltration,T1048 Exfiltration Over Alternative Protocol,Education,Web Server,False,88,0.3,Americas,Medium,Medium,2026-07-06,2026-09-04,CVE-2026-78205,False,True
THREAT-00061,ALPHV,DDoS,T1003 OS Credential Dumping,Government,Payment Gateway,True,136,0.44,EMEA,Low,High,2025-03-19,2025-05-22,CVE-2026-62381,False,False
THREAT-00062,Conti,Supply Chain Attack,T1190 Exploit Public-Facing Application,Energy,SaaS Application,False,17,0.14,EMEA,Low,Low,2022-03-15,2022-06-26,,True,False
THREAT-00063,APT29,Cryptojacking,T1048 Exfiltration Over Alternative Protocol,Government,API Gateway,False,7,0.28,India,Medium,Low,2023-05-06,2024-02-17,CVE-2026-84187,False,False
THREAT-00064,Nation-State (Iran),Data Exfiltration,T1021 Remote Services,Education,API Gateway,False,69,0.51,EMEA,High,Low,2026-05-18,2026-09-04,CVE-2026-78147,True,False
THREAT-00065,Script Kiddie,Credential Theft,T1569 System Services,E-commerce,Domain Controller,False,98,0.48,India,Critical,Low,2024-06-12,2024-06-30,,False,False
THREAT-00066,Sandworm,DDoS,T1569 System Services,Education,Database Server,False,182,0.84,Global,Critical,High,2024-05-20,2025-03-09,CVE-2026-18613,False,False
THREAT-00067,REvil,Cloud Misconfiguration Exploitation,T1021 Remote Services,Healthcare,Storage Bucket,True,85,0.52,Americas,Medium,Medium,2025-11-02,2026-08-16,CVE-2026-40873,False,False
THREAT-00068,APT29,Insider Threat,T1566 Phishing,Energy,Kubernetes Cluster,False,2,0.25,Asia-Pacific,Low,Low,2022-12-24,2023-11-11,CVE-2026-15511,False,True
THREAT-00069,ALPHV,Data Exfiltration,T1070 Indicator Removal,Energy,Employee Laptop,False,60,0.17,Americas,Critical,Medium,2022-11-03,2023-01-14,,False,False
THREAT-00070,Mustang Panda,Web Application Attack,T1071 Application Layer Protocol,IT Services,SaaS Application,True,76,0.46,Americas,Medium,Medium,2022-02-07,2022-10-08,CVE-2026-3703,False,False
THREAT-00071,Conti,Insider Threat,T1036 Masquerading,Energy,Storage Bucket,False,4,0.3,EMEA,Medium,High,2025-08-27,2025-09-22,,False,True
THREAT-00072,SilverFox,Phishing,T1055 Process Injection,E-commerce,Database Server,False,46,0.41,EMEA,High,Medium,2022-06-27,2022-08-22,,False,False
THREAT-00073,Unknown,Supply Chain Attack,T1027 Obfuscated Files or Information,Energy,API Gateway,True,99,0.58,Global,High,High,2024-02-28,2024-07-04,CVE-2026-76604,False,True
THREAT-00074,Nation-State (China),Phishing,T1021 Remote Services,IT Services,Email Server,False,63,0.57,India,Low,High,2022-11-07,2023-01-06,CVE-2026-65880,False,False
THREAT-00075,Kimsuky,Supply Chain Attack,T1059 Command and Scripting Interpreter,Government,SaaS Application,False,91,0.56,Asia-Pacific,Low,Low,2024-01-30,2024-02-17,,False,True
THREAT-00076,Mustang Panda,Web Application Attack,T1003 OS Credential Dumping,E-commerce,SaaS Application,False,91,0.12,Americas,High,Low,2026-03-25,2026-08-02,,False,False
THREAT-00077,Kimsuky,Business Email Compromise,T1055 Process Injection,Manufacturing,Employee Laptop,False,8,0.22,Asia-Pacific,Medium,Medium,2026-05-29,2026-09-04,CVE-2026-54350,False,True
THREAT-00078,Nation-State (Iran),Zero-Day Exploit,T1082 System Information Discovery,E-commerce,Employee Laptop,True,42,0.37,Asia-Pacific,High,Low,2024-07-26,2025-03-26,CVE-2026-9475,False,False
THREAT-00079,REvil,Phishing,T1021 Remote Services,Insurance,Employee Laptop,False,31,0.57,EMEA,Low,High,2023-05-05,2023-06-22,CVE-2026-22609,False,False
THREAT-00080,ALPHV,Cloud Misconfiguration Exploitation,T1078 Valid Accounts,Energy,Storage Bucket,False,30,0.55,India,High,Low,2021-07-30,2021-08-26,,False,False
THREAT-00081,Mustang Panda,Ransomware,T1059 Command and Scripting Interpreter,Insurance,SaaS Application,False,35,0.76,Americas,Low,Low,2021-12-16,2022-12-04,CVE-2026-33076,True,True
THREAT-00082,Nation-State (Iran),Business Email Compromise,T1027 Obfuscated Files or Information,Energy,Cloud VM,False,63,0.13,Americas,Medium,High,2025-07-18,2025-09-24,CVE-2026-57472,False,False
THREAT-00083,Nation-State (Iran),Web Application Attack,T1566 Phishing,Government,Email Server,False,64,0.33,Asia-Pacific,Medium,Medium,2021-04-27,2021-09-01,CVE-2026-76609,False,True
THREAT-00084,Scattered Spider,Phishing,T1082 System Information Discovery,Manufacturing,Employee Laptop,False,74,0.45,Americas,High,Medium,2025-12-25,2026-07-04,,False,True
THREAT-00085,Nation-State (Iran),Credential Theft,T1027 Obfuscated Files or Information,Insurance,Web Server,True,17,0.44,India,Low,Low,2023-08-05,2024-04-30,,False,False
THREAT-00086,Script Kiddie,Insider Threat,T1562 Impair Defenses,Government,Email Server,False,8,0.12,Americas,Critical,High,2023-08-02,2024-07-29,CVE-2026-84187,False,True
THREAT-00087,Lazarus Group,Cryptojacking,T1003 OS Credential Dumping,Insurance,Domain Controller,True,56,0.28,Americas,Low,Medium,2024-12-08,2025-09-21,,False,False
THREAT-00088,Insider,Cloud Misconfiguration Exploitation,T1105 Ingress Tool Transfer,E-commerce,Email Server,True,46,0.23,Asia-Pacific,Medium,High,2024-08-19,2025-07-29,,False,True
THREAT-00089,Scattered Spider,Data Exfiltration,T1003 OS Credential Dumping,Healthcare,Kubernetes Cluster,False,88,0.46,Asia-Pacific,High,Medium,2023-09-09,2024-07-09,,False,True
THREAT-00090,Mustang Panda,Cryptojacking,T1562 Impair Defenses,Government,Cloud VM,False,68,0.34,Global,Medium,High,2021-03-27,2021-12-09,,False,False
THREAT-00091,LockBit,Supply Chain Attack,T1059 Command and Scripting Interpreter,Energy,API Gateway,False,13,0.44,India,High,Low,2026-02-23,2026-03-31,CVE-2026-81724,False,False
THREAT-00092,Nation-State (China),Web Application Attack,T1036 Masquerading,IT Services,Kubernetes Cluster,False,75,0.4,Asia-Pacific,Low,Low,2025-07-16,2025-09-20,,False,False
THREAT-00093,SilverFox,Cloud Misconfiguration Exploitation,T1048 Exfiltration Over Alternative Protocol,Energy,Cloud VM,False,35,0.1,Americas,Low,Low,2023-01-25,2023-07-23,,True,False
THREAT-00094,Hacktivist Group,Cryptojacking,T1566 Phishing,Manufacturing,Cloud VM,True,100,0.59,Global,Medium,Low,2021-12-23,2022-10-10,CVE-2026-85053,False,False
THREAT-00095,Cybercrime Syndicate,Credential Theft,T1071 Application Layer Protocol,Government,Storage Bucket,True,57,0.43,Asia-Pacific,Critical,High,2021-12-22,2022-04-05,CVE-2026-21082,False,False
THREAT-00096,Script Kiddie,Insider Threat,T1071 Application Layer Protocol,Energy,Storage Bucket,False,8,0.36,Americas,High,Medium,2022-08-14,2022-12-05,CVE-2026-66409,False,True
THREAT-00097,TA505,Supply Chain Attack,T1059 Command and Scripting Interpreter,Government,Cloud VM,False,51,0.3,EMEA,High,High,2022-07-03,2022-08-10,,False,False
THREAT-00098,Turla,Insider Threat,T1190 Exploit Public-Facing Application,Telecom,Email Server,False,4,0.31,Asia-Pacific,Critical,High,2022-12-10,2022-12-30,CVE-2026-73610,False,True
THREAT-00099,Conti,Web Application Attack,T1110 Brute Force,Energy,SaaS Application,False,99,0.27,Global,High,Medium,2022-05-29,2022-08-11,,True,False
THREAT-00100,Cybercrime Syndicate,Supply Chain Attack,T1078 Valid Accounts,Energy,Kubernetes Cluster,True,85,0.43,India,Low,Low,2023-07-31,2024-02-29,,False,True
THREAT-00101,Insider,Insider Threat,T1110 Brute Force,Telecom,Storage Bucket,True,6,0.2,Americas,Critical,High,2021-03-28,2021-11-20,CVE-2026-54159,False,True
THREAT-00102,APT28,Web Application Attack,T1569 System Services,Manufacturing,Database Server,False,90,0.3,EMEA,Critical,Medium,2024-09-21,2025-05-22,CVE-2026-84671,False,False
THREAT-00103,TA505,Insider Threat,T1486 Data Encrypted for Impact,Insurance,Employee Laptop,True,3,0.31,EMEA,High,Low,2022-10-30,2023-05-22,CVE-2026-73704,False,True
THREAT-00104,REvil,Business Email Compromise,T1078 Valid Accounts,IT Services,Web Server,False,59,0.41,EMEA,High,Medium,2022-11-06,2023-03-26,CVE-2026-19116,False,False
THREAT-00105,Turla,Web Application Attack,T1190 Exploit Public-Facing Application,Manufacturing,Email Server,False,74,0.26,Asia-Pacific,Low,Medium,2024-11-23,2025-06-01,CVE-2026-41065,False,True
THREAT-00106,Lazarus Group,Insider Threat,T1059 Command and Scripting Interpreter,E-commerce,Payment Gateway,False,8,0.39,Americas,Medium,High,2023-03-04,2023-05-21,CVE-2026-81678,False,True
THREAT-00107,Scattered Spider,Business Email Compromise,T1055 Process Injection,E-commerce,Domain Controller,False,34,0.55,Asia-Pacific,Low,High,2025-04-25,2025-10-08,,False,False
THREAT-00108,FIN7,Insider Threat,T1070 Indicator Removal,IT Services,Employee Laptop,True,7,0.31,EMEA,High,High,2025-11-11,2026-02-14,CVE-2026-53965,False,True
THREAT-00109,Script Kiddie,Insider Threat,T1133 External Remote Services,Education,Payment Gateway,False,6,0.25,Global,Medium,High,2022-11-03,2023-08-05,CVE-2026-0931,False,True
THREAT-00110,REvil,Business Email Compromise,T1486 Data Encrypted for Impact,Government,Payment Gateway,True,43,0.26,Asia-Pacific,Medium,High,2022-01-26,2022-05-19,,False,True
THREAT-00111,Kimsuky,DDoS,T1566 Phishing,Education,Email Server,True,185,0.72,Global,Critical,Medium,2021-07-02,2022-05-02,,False,False
THREAT-00112,REvil,Data Exfiltration,T1055 Process Injection,E-commerce,Payment Gateway,True,57,0.38,EMEA,Critical,High,2024-11-20,2025-05-11,,False,False
THREAT-00113,Lazarus Group,DDoS,T1036 Masquerading,Education,Domain Controller,False,87,0.53,Americas,Low,Medium,2023-03-11,2023-06-16,,False,False
THREAT-00114,SilverFox,Credential Theft,T1110 Brute Force,Government,Web Server,True,78,0.51,Global,High,Medium,2023-03-14,2023-04-18,,False,True
THREAT-00115,Script Kiddie,Data Exfiltration,T1190 Exploit Public-Facing Application,Energy,API Gateway,False,23,0.17,India,High,High,2023-09-29,2023-10-09,CVE-2026-66803,False,False
THREAT-00116,Kimsuky,Cloud Misconfiguration Exploitation,T1027 Obfuscated Files or Information,Manufacturing,Cloud VM,False,98,0.27,Global,Critical,High,2023-02-16,2023-08-27,,False,False
THREAT-00117,Unknown,Business Email Compromise,T1070 Indicator Removal,Healthcare,Storage Bucket,True,75,0.38,India,Low,Medium,2021-08-25,2022-06-15,,False,False
THREAT-00118,Unknown,Cloud Misconfiguration Exploitation,T1562 Impair Defenses,Energy,Kubernetes Cluster,False,8,0.59,Global,Medium,Low,2022-08-12,2023-08-06,,False,False
THREAT-00119,APT28,DDoS,T1190 Exploit Public-Facing Application,E-commerce,Payment Gateway,False,179,0.6,India,Medium,Low,2025-05-24,2026-02-07,CVE-2026-75592,False,False
THREAT-00120,APT28,Cloud Misconfiguration Exploitation,T1133 External Remote Services,Manufacturing,Kubernetes Cluster,False,17,0.14,EMEA,Low,Medium,2025-01-12,2025-05-19,CVE-2026-79183,False,False
THREAT-00121,Nation-State (China),Supply Chain Attack,T1021 Remote Services,E-commerce,Database Server,False,77,0.35,India,Medium,High,2024-07-05,2024-08-13,CVE-2026-80234,False,False
THREAT-00122,Nation-State (China),Phishing,T1105 Ingress Tool Transfer,Energy,Domain Controller,False,39,0.45,Americas,Critical,Low,2023-08-02,2024-02-13,,True,False
THREAT-00123,Nation-State (China),Business Email Compromise,T1566 Phishing,Energy,API Gateway,True,78,0.22,EMEA,Medium,Medium,2023-05-13,2024-04-24,,False,False
THREAT-00124,Lazarus Group,Insider Threat,T1078 Valid Accounts,IT Services,Kubernetes Cluster,False,5,0.31,EMEA,Low,High,2024-06-13,2024-12-29,,False,True
THREAT-00125,Conti,Cryptojacking,T1071 Application Layer Protocol,E-commerce,Payment Gateway,True,17,0.48,EMEA,Critical,High,2024-10-30,2025-06-30,,False,False
THREAT-00126,Nation-State (China),Cryptojacking,T1562 Impair Defenses,Education,Employee Laptop,False,68,0.1,Americas,Low,Medium,2025-01-30,2025-03-15,CVE-2026-80635,False,True
THREAT-00127,Nation-State (Russia),Supply Chain Attack,T1078 Valid Accounts,Manufacturing,Web Server,False,83,0.34,EMEA,Medium,Medium,2022-10-09,2023-07-04,,False,False
THREAT-00128,Script Kiddie,Cloud Misconfiguration Exploitation,T1070 Indicator Removal,Healthcare,Cloud VM,False,20,0.35,EMEA,High,High,2025-12-29,2026-08-17,CVE-2026-60118,False,False
THREAT-00129,ALPHV,Data Exfiltration,T1071 Application Layer Protocol,Manufacturing,Domain Controller,False,86,0.34,India,High,Medium,2026-06-21,2026-09-04,,False,False
THREAT-00130,REvil,Credential Theft,T1486 Data Encrypted for Impact,Government,Kubernetes Cluster,True,35,0.12,Americas,Medium,Low,2025-01-28,2025-10-19,,False,False
THREAT-00131,APT29,Zero-Day Exploit,T1021 Remote Services,Telecom,API Gateway,False,31,0.59,Global,Critical,High,2021-12-05,2022-10-21,,False,False
THREAT-00132,Mustang Panda,Credential Theft,T1105 Ingress Tool Transfer,E-commerce,Cloud VM,True,38,0.23,Americas,Critical,High,2024-06-08,2025-05-22,,False,False
THREAT-00133,Nation-State (Iran),Business Email Compromise,T1566 Phishing,Healthcare,Database Server,True,51,0.18,India,Medium,Low,2022-08-18,2022-10-10,,False,False
THREAT-00134,APT28,Zero-Day Exploit,T1562 Impair Defenses,Energy,Cloud VM,False,76,0.23,EMEA,Critical,Low,2026-02-18,2026-09-04,,False,False
THREAT-00135,ALPHV,Phishing,T1082 System Information Discovery,IT Services,SaaS Application,False,23,0.4,EMEA,Critical,Medium,2021-03-26,2021-09-06,CVE-2026-78333,False,False
THREAT-00136,Unknown,Credential Theft,T1110 Brute Force,Manufacturing,Storage Bucket,True,62,0.6,Americas,Medium,High,2025-05-20,2025-12-25,CVE-2026-72812,False,False
THREAT-00137,TA505,Cloud Misconfiguration Exploitation,T1566 Phishing,Energy,Database Server,True,31,0.2,Americas,Low,High,2023-08-25,2024-06-09,CVE-2026-5996,False,True
THREAT-00138,Turla,Supply Chain Attack,T1048 Exfiltration Over Alternative Protocol,Energy,Storage Bucket,False,99,0.11,Global,Critical,Medium,2025-05-26,2025-09-18,,False,True
THREAT-00139,Lazarus Group,Cryptojacking,T1190 Exploit Public-Facing Application,Insurance,Kubernetes Cluster,False,27,0.55,Asia-Pacific,High,Low,2021-10-28,2022-02-22,,True,True
THREAT-00140,LockBit,Cloud Misconfiguration Exploitation,T1055 Process Injection,Healthcare,Domain Controller,False,67,0.5,EMEA,High,Medium,2023-12-23,2024-10-22,,False,False
THREAT-00141,Nation-State (Iran),Supply Chain Attack,T1059 Command and Scripting Interpreter,IT Services,Cloud VM,False,88,0.24,Asia-Pacific,High,Low,2023-09-28,2023-10-21,CVE-2026-65888,False,False
THREAT-00142,Turla,Data Exfiltration,T1110 Brute Force,Energy,Web Server,True,32,0.43,Americas,High,Low,2022-05-17,2022-07-15,CVE-2026-54463,False,False
THREAT-00143,Sandworm,DDoS,T1059 Command and Scripting Interpreter,Manufacturing,Cloud VM,False,185,0.79,Global,Critical,High,2021-03-30,2021-09-18,CVE-2026-72748,False,False
THREAT-00144,Unknown,Supply Chain Attack,T1082 System Information Discovery,E-commerce,Domain Controller,False,44,0.52,Americas,Low,Medium,2023-12-29,2024-05-18,,True,True
THREAT-00145,SilverFox,Data Exfiltration,T1082 System Information Discovery,Energy,SaaS Application,True,12,0.18,EMEA,High,High,2025-02-24,2026-02-12,CVE-2026-77998,False,False
THREAT-00146,FIN7,Data Exfiltration,T1190 Exploit Public-Facing Application,E-commerce,Storage Bucket,False,63,0.19,Global,Medium,Medium,2022-09-28,2023-06-11,,False,False
THREAT-00147,Scattered Spider,Phishing,T1055 Process Injection,Government,Email Server,False,17,0.45,India,Critical,Low,2021-12-10,2022-04-10,,False,True
THREAT-00148,Kimsuky,Zero-Day Exploit,T1569 System Services,Education,Email Server,True,52,0.31,Global,Critical,Medium,2024-09-02,2024-09-14,CVE-2026-75038,False,True
THREAT-00149,Hacktivist Group,Supply Chain Attack,T1070 Indicator Removal,IT Services,SaaS Application,False,26,0.13,Global,Critical,Low,2023-12-11,2023-12-19,CVE-2026-73702,False,False
THREAT-00150,Nation-State (Iran),Phishing,T1110 Brute Force,E-commerce,Payment Gateway,True,57,0.54,Asia-Pacific,High,High,2026-01-06,2026-06-28,,True,False
THREAT-00151,TA505,Insider Threat,T1562 Impair Defenses,E-commerce,Cloud VM,False,5,0.27,Asia-Pacific,High,High,2024-09-09,2025-01-19,,False,True
THREAT-00152,LockBit,Web Application Attack,T1036 Masquerading,Healthcare,Kubernetes Cluster,True,71,0.5,India,Medium,Low,2024-10-09,2025-03-08,,False,False
THREAT-00153,Lazarus Group,Data Exfiltration,T1082 System Information Discovery,Government,Payment Gateway,False,42,0.15,Americas,Medium,Low,2021-05-03,2021-10-30,CVE-2026-7244,False,False
THREAT-00154,Cybercrime Syndicate,Cryptojacking,T1021 Remote Services,Insurance,SaaS Application,False,13,0.11,Global,Critical,Medium,2023-08-02,2023-11-24,,False,False
THREAT-00155,Conti,Supply Chain Attack,T1190 Exploit Public-Facing Application,Manufacturing,API Gateway,False,15,0.41,Global,Critical,Medium,2025-08-01,2026-02-21,,False,True
THREAT-00156,Mustang Panda,Cloud Misconfiguration Exploitation,T1133 External Remote Services,Energy,Web Server,False,20,0.37,Asia-Pacific,High,High,2021-10-23,2022-07-01,,False,False
THREAT-00157,Nation-State (Iran),Cloud Misconfiguration Exploitation,T1027 Obfuscated Files or Information,Telecom,SaaS Application,True,17,0.28,Global,Low,High,2024-06-24,2024-08-26,CVE-2026-11756,False,True
THREAT-00158,SilverFox,Cloud Misconfiguration Exploitation,T1055 Process Injection,E-commerce,Kubernetes Cluster,False,65,0.5,India,Critical,Medium,2023-07-17,2024-01-09,,False,False
THREAT-00159,Cybercrime Syndicate,Insider Threat,T1105 Ingress Tool Transfer,Insurance,Payment Gateway,True,5,0.16,EMEA,Low,Medium,2026-02-14,2026-05-12,,False,True
THREAT-00160,Scattered Spider,Zero-Day Exploit,T1486 Data Encrypted for Impact,E-commerce,Email Server,False,9,0.35,Asia-Pacific,Low,Low,2025-03-21,2025-09-30,,False,False
THREAT-00161,Nation-State (China),Cloud Misconfiguration Exploitation,T1566 Phishing,IT Services,Payment Gateway,False,9,0.17,Asia-Pacific,Low,Low,2024-11-11,2025-01-30,,False,False
THREAT-00162,Scattered Spider,Business Email Compromise,T1105 Ingress Tool Transfer,E-commerce,Payment Gateway,False,70,0.3,India,High,Medium,2022-08-31,2023-02-01,CVE-2026-82643,False,False
THREAT-00163,Nation-State (China),Cloud Misconfiguration Exploitation,T1021 Remote Services,Government,Database Server,True,38,0.22,EMEA,Critical,Medium,2025-06-24,2025-08-27,,False,False
THREAT-00164,Kimsuky,DDoS,T1027 Obfuscated Files or Information,Government,Web Server,False,79,0.64,India,Medium,Low,2025-02-25,2026-01-26,CVE-2026-67440,False,False
THREAT-00165,Nation-State (Iran),Phishing,T1110 Brute Force,Energy,Database Server,True,85,0.19,India,Critical,Low,2023-04-11,2023-06-18,CVE-2026-65884,False,False
THREAT-00166,ALPHV,Data Exfiltration,T1059 Command and Scripting Interpreter,Energy,Cloud VM,True,17,0.19,Global,High,Low,2023-08-16,2024-04-29,,False,False
THREAT-00167,FIN7,Credential Theft,T1059 Command and Scripting Interpreter,Government,Payment Gateway,True,88,0.49,Americas,Low,Low,2022-06-23,2023-06-14,,False,False
THREAT-00168,Cybercrime Syndicate,Insider Threat,T1562 Impair Defenses,Education,SaaS Application,False,3,0.35,India,Medium,Low,2021-12-01,2022-03-30,CVE-2026-71932,False,True
THREAT-00169,FIN7,Credential Theft,T1055 Process Injection,Energy,API Gateway,False,20,0.17,EMEA,Medium,Medium,2024-01-24,2024-11-05,,False,False
THREAT-00170,TA505,Cryptojacking,T1036 Masquerading,Insurance,Cloud VM,False,22,0.48,India,Low,Medium,2025-08-30,2026-01-09,CVE-2026-84645,False,False
THREAT-00171,Sandworm,Zero-Day Exploit,T1055 Process Injection,Energy,Web Server,False,54,0.5,India,Critical,Medium,2025-05-04,2026-03-13,,False,True
THREAT-00172,Unknown,Web Application Attack,T1190 Exploit Public-Facing Application,E-commerce,Web Server,False,95,0.26,Asia-Pacific,Low,Medium,2023-09-04,2024-02-02,CVE-2026-44792,False,True
THREAT-00173,Script Kiddie,Supply Chain Attack,T1562 Impair Defenses,Government,Cloud VM,False,16,0.31,India,Critical,Low,2022-01-30,2022-05-24,,False,True
THREAT-00174,Sandworm,Web Application Attack,T1070 Indicator Removal,Education,Employee Laptop,False,50,0.12,Global,Low,Medium,2021-07-21,2021-12-22,,False,False
THREAT-00175,Script Kiddie,DDoS,T1048 Exfiltration Over Alternative Protocol,Education,Database Server,False,127,0.84,Global,High,High,2022-02-03,2022-12-05,,False,False
THREAT-00176,Hacktivist Group,DDoS,T1071 Application Layer Protocol,Energy,Domain Controller,True,166,0.5,Americas,Critical,Low,2021-04-05,2022-03-18,,False,False
THREAT-00177,REvil,DDoS,T1059 Command and Scripting Interpreter,E-commerce,Cloud VM,True,161,0.75,Asia-Pacific,Medium,High,2021-10-19,2022-02-25,CVE-2026-68585,False,False
THREAT-00178,Mustang Panda,Insider Threat,T1566 Phishing,Energy,Domain Controller,False,3,0.26,EMEA,Medium,Low,2023-09-25,2024-04-12,CVE-2026-24895,False,True
THREAT-00179,Lazarus Group,Phishing,T1070 Indicator Removal,Manufacturing,API Gateway,False,77,0.29,Global,Medium,Medium,2024-07-31,2024-12-27,,False,False
THREAT-00180,Nation-State (Russia),Ransomware,T1078 Valid Accounts,E-commerce,Storage Bucket,False,45,0.46,Americas,Medium,Low,2023-03-23,2023-12-15,CVE-2026-72791,True,False
THREAT-00181,Conti,Data Exfiltration,T1133 External Remote Services,E-commerce,Email Server,True,90,0.58,Global,High,Low,2022-02-03,2022-03-01,,False,True
THREAT-00182,LockBit,Cryptojacking,T1071 Application Layer Protocol,Education,Web Server,False,29,0.5,Global,High,Low,2025-03-11,2025-04-24,,False,True
THREAT-00183,TA505,Phishing,T1027 Obfuscated Files or Information,Manufacturing,API Gateway,True,65,0.44,Americas,Medium,Low,2026-07-09,2026-09-04,,False,False
THREAT-00184,Scattered Spider,DDoS,T1486 Data Encrypted for Impact,Government,Payment Gateway,False,88,0.76,Asia-Pacific,High,Medium,2025-12-13,2026-09-04,CVE-2026-75148,False,False
THREAT-00185,Unknown,Ransomware,T1566 Phishing,E-commerce,API Gateway,False,35,0.62,Global,Low,High,2023-09-14,2023-12-09,,True,True
THREAT-00186,TA505,Data Exfiltration,T1486 Data Encrypted for Impact,E-commerce,Database Server,True,97,0.21,Asia-Pacific,Critical,Low,2023-12-13,2024-09-10,,False,False
THREAT-00187,Kimsuky,Cloud Misconfiguration Exploitation,T1055 Process Injection,Energy,Database Server,False,69,0.46,EMEA,High,High,2026-04-24,2026-09-04,,False,True
THREAT-00188,Nation-State (Iran),Business Email Compromise,T1133 External Remote Services,Energy,Storage Bucket,True,52,0.2,India,Low,High,2026-07-21,2026-09-04,CVE-2026-9405,False,False
THREAT-00189,APT29,Credential Theft,T1027 Obfuscated Files or Information,E-commerce,Web Server,True,66,0.47,Asia-Pacific,Low,Low,2022-04-12,2022-09-27,,False,False
THREAT-00190,Scattered Spider,Business Email Compromise,T1078 Valid Accounts,IT Services,API Gateway,False,84,0.35,Asia-Pacific,Low,Medium,2026-03-23,2026-09-04,CVE-2026-59647,False,False
THREAT-00191,ALPHV,Credential Theft,T1003 OS Credential Dumping,Telecom,Web Server,True,52,0.17,Global,Low,Medium,2021-12-31,2022-01-20,,False,False
THREAT-00192,LockBit,Web Application Attack,T1036 Masquerading,Insurance,Domain Controller,True,24,0.35,Americas,Medium,High,2021-10-30,2021-11-26,,False,False
THREAT-00193,Insider,Cryptojacking,T1078 Valid Accounts,Government,Employee Laptop,False,40,0.52,Global,High,High,2024-02-25,2025-02-22,,False,False
THREAT-00194,Scattered Spider,Credential Theft,T1486 Data Encrypted for Impact,E-commerce,Domain Controller,True,54,0.18,EMEA,High,High,2024-12-16,2025-05-24,,False,False
THREAT-00195,TA505,Zero-Day Exploit,T1562 Impair Defenses,Government,Storage Bucket,True,8,0.47,India,High,Medium,2021-08-29,2022-07-20,,False,False
THREAT-00196,FIN7,Cloud Misconfiguration Exploitation,T1105 Ingress Tool Transfer,Government,Domain Controller,False,74,0.33,Americas,Low,High,2022-05-06,2022-12-10,CVE-2026-65887,False,False
THREAT-00197,Sandworm,Cloud Misconfiguration Exploitation,T1078 Valid Accounts,E-commerce,Domain Controller,False,16,0.47,EMEA,High,High,2026-02-19,2026-03-02,CVE-2026-55733,False,False
THREAT-00198,Sandworm,Web Application Attack,T1055 Process Injection,Government,Employee Laptop,True,100,0.56,Asia-Pacific,Low,Low,2024-09-23,2025-02-18,,False,True
THREAT-00199,Scattered Spider,Supply Chain Attack,T1190 Exploit Public-Facing Application,Energy,Web Server,False,27,0.11,Americas,High,Low,2022-04-16,2022-10-24,,False,False
THREAT-00200,Nation-State (Russia),Supply Chain Attack,T1071 Application Layer Protocol,Healthcare,Email Server,False,5,0.52,India,High,Low,2026-08-02,2026-09-04,CVE-2026-74280,False,True
THREAT-00201,APT29,Insider Threat,T1070 Indicator Removal,Education,Storage Bucket,False,7,0.24,India,High,Medium,2021-05-13,2022-04-09,,False,True
THREAT-00202,Scattered Spider,Cryptojacking,T1133 External Remote Services,Telecom,Web Server,False,69,0.18,Asia-Pacific,Low,Low,2023-08-22,2024-01-06,,False,False
THREAT-00203,LockBit,Cryptojacking,T1071 Application Layer Protocol,Energy,Database Server,False,71,0.46,EMEA,Critical,High,2023-06-28,2024-03-26,CVE-2026-73570,False,False
THREAT-00204,REvil,Zero-Day Exploit,T1569 System Services,Government,SaaS Application,False,45,0.38,Asia-Pacific,High,Low,2022-10-19,2023-03-16,,False,False
THREAT-00205,Insider,Zero-Day Exploit,T1566 Phishing,Education,API Gateway,False,12,0.42,EMEA,Low,Medium,2026-03-28,2026-09-04,,False,True
THREAT-00206,Kimsuky,Business Email Compromise,T1003 OS Credential Dumping,Education,Employee Laptop,False,100,0.6,Global,Medium,Low,2024-08-30,2024-09-28,,False,True
THREAT-00207,Unknown,Insider Threat,T1021 Remote Services,Education,API Gateway,True,5,0.23,Asia-Pacific,Low,High,2024-09-18,2025-02-16,,False,True
THREAT-00208,Scattered Spider,Cryptojacking,T1105 Ingress Tool Transfer,Government,Employee Laptop,True,97,0.59,Global,High,Low,2021-11-07,2022-10-31,,False,True
THREAT-00209,Nation-State (Russia),Zero-Day Exploit,T1071 Application Layer Protocol,Manufacturing,Cloud VM,True,25,0.36,Americas,Medium,Low,2024-12-05,2025-04-04,CVE-2026-54782,False,False
THREAT-00210,APT29,Cloud Misconfiguration Exploitation,T1566 Phishing,Government,Email Server,False,45,0.38,Asia-Pacific,High,Medium,2024-09-15,2024-11-20,,False,False
THREAT-00211,Conti,DDoS,T1082 System Information Discovery,Healthcare,Domain Controller,False,81,0.45,Global,Medium,Low,2022-06-28,2022-07-14,,False,False
THREAT-00212,FIN7,Cloud Misconfiguration Exploitation,T1027 Obfuscated Files or Information,Government,Domain Controller,False,44,0.18,India,Medium,High,2026-01-15,2026-07-27,,False,True
THREAT-00213,Nation-State (Russia),Cloud Misconfiguration Exploitation,T1021 Remote Services,E-commerce,Employee Laptop,False,87,0.26,EMEA,Low,High,2026-06-30,2026-09-04,,False,False
THREAT-00214,Hacktivist Group,Ransomware,T1036 Masquerading,Insurance,Employee Laptop,False,17,0.65,Americas,Low,Low,2022-12-30,2023-08-04,,True,True
THREAT-00215,REvil,Insider Threat,T1562 Impair Defenses,E-commerce,Employee Laptop,False,9,0.27,Asia-Pacific,High,High,2026-06-07,2026-09-04,,False,True
THREAT-00216,Nation-State (China),Ransomware,T1569 System Services,Education,Payment Gateway,False,27,0.76,Americas,High,Medium,2025-11-04,2026-09-04,CVE-2026-10187,True,True
THREAT-00217,Mustang Panda,Business Email Compromise,T1190 Exploit Public-Facing Application,Telecom,Email Server,False,69,0.27,India,Low,High,2021-05-28,2021-10-13,,False,False
THREAT-00218,TA505,DDoS,T1569 System Services,Insurance,Payment Gateway,False,23,0.42,Asia-Pacific,Medium,High,2022-11-12,2023-03-13,,False,False
THREAT-00219,Turla,Credential Theft,T1110 Brute Force,Energy,SaaS Application,True,36,0.3,India,High,Low,2025-04-09,2025-07-18,,False,False
THREAT-00220,Cybercrime Syndicate,DDoS,T1105 Ingress Tool Transfer,Government,SaaS Application,False,83,0.67,EMEA,Low,High,2025-04-05,2025-06-03,,False,False
THREAT-00221,Insider,Zero-Day Exploit,T1021 Remote Services,Healthcare,Employee Laptop,False,16,0.33,India,Low,Low,2023-12-08,2024-11-29,CVE-2026-66803,True,False
THREAT-00222,APT29,Business Email Compromise,T1082 System Information Discovery,Energy,Storage Bucket,True,95,0.13,EMEA,High,High,2025-10-07,2026-07-11,CVE-2026-76609,False,False
THREAT-00223,LockBit,Data Exfiltration,T1055 Process Injection,Manufacturing,Cloud VM,True,49,0.48,Global,High,High,2024-05-22,2025-05-04,CVE-2026-15511,False,True
THREAT-00224,Lazarus Group,Zero-Day Exploit,T1021 Remote Services,Healthcare,Storage Bucket,True,18,0.37,EMEA,Critical,Medium,2025-01-04,2025-12-26,,True,False
THREAT-00225,REvil,Data Exfiltration,T1027 Obfuscated Files or Information,IT Services,Payment Gateway,False,78,0.28,Americas,Low,High,2022-03-07,2022-08-13,,False,True
THREAT-00226,Script Kiddie,Cloud Misconfiguration Exploitation,T1003 OS Credential Dumping,Manufacturing,SaaS Application,False,54,0.21,EMEA,Low,High,2023-05-05,2024-04-12,CVE-2026-80208,False,True
THREAT-00227,Conti,Ransomware,T1048 Exfiltration Over Alternative Protocol,Insurance,Cloud VM,True,43,0.68,Global,Critical,Medium,2025-06-14,2025-10-22,CVE-2026-53667,True,False
THREAT-00228,APT29,Business Email Compromise,T1053 Scheduled Task/Job,Government,Storage Bucket,False,17,0.56,India,Low,High,2023-09-27,2024-09-24,,False,True
THREAT-00229,Kimsuky,Data Exfiltration,T1048 Exfiltration Over Alternative Protocol,Healthcare,Payment Gateway,False,23,0.25,Americas,Low,Low,2025-03-11,2025-12-08,CVE-2026-74820,False,False
THREAT-00230,Turla,Ransomware,T1053 Scheduled Task/Job,Insurance,Employee Laptop,False,37,0.38,EMEA,Low,High,2023-02-08,2023-06-17,CVE-2026-25737,True,True
THREAT-00231,Scattered Spider,Data Exfiltration,T1048 Exfiltration Over Alternative Protocol,Energy,Database Server,False,14,0.34,Americas,Critical,High,2021-04-10,2021-10-12,CVE-2026-79776,False,True
THREAT-00232,APT29,Data Exfiltration,T1055 Process Injection,Government,Employee Laptop,True,91,0.47,Americas,High,Low,2021-12-06,2022-10-29,,False,False
THREAT-00233,Insider,Supply Chain Attack,T1071 Application Layer Protocol,E-commerce,Email Server,True,26,0.46,India,Critical,Medium,2024-09-03,2025-08-28,,False,False
THREAT-00234,Nation-State (China),Ransomware,T1071 Application Layer Protocol,IT Services,Employee Laptop,False,14,0.45,Global,Medium,High,2025-06-01,2025-11-04,,True,False
THREAT-00235,Cybercrime Syndicate,Phishing,T1070 Indicator Removal,Government,API Gateway,False,98,0.14,Asia-Pacific,Low,Medium,2021-10-13,2021-11-18,,False,False
THREAT-00236,REvil,DDoS,T1027 Obfuscated Files or Information,Insurance,Database Server,True,25,0.89,Asia-Pacific,Critical,Low,2024-07-23,2024-12-05,CVE-2026-53576,False,False
THREAT-00237,Scattered Spider,Web Application Attack,T1110 Brute Force,E-commerce,Web Server,False,33,0.52,EMEA,Critical,High,2022-03-09,2022-09-04,,False,False
THREAT-00238,Nation-State (Russia),Data Exfiltration,T1070 Indicator Removal,Healthcare,Cloud VM,False,85,0.32,Americas,Medium,High,2023-05-22,2023-08-06,CVE-2026-44102,False,False
THREAT-00239,Script Kiddie,Cloud Misconfiguration Exploitation,T1059 Command and Scripting Interpreter,Government,Database Server,True,80,0.23,Global,High,Low,2022-11-06,2023-03-04,CVE-2026-8794,False,True
THREAT-00240,Nation-State (Russia),Credential Theft,T1021 Remote Services,E-commerce,Employee Laptop,False,25,0.31,Asia-Pacific,Medium,High,2023-08-02,2023-10-04,,False,False
THREAT-00241,LockBit,Web Application Attack,T1071 Application Layer Protocol,Education,Kubernetes Cluster,False,60,0.11,Asia-Pacific,Low,Low,2023-02-08,2023-02-20,CVE-2026-84650,False,False
THREAT-00242,Turla,Credential Theft,T1569 System Services,E-commerce,SaaS Application,True,21,0.46,India,High,High,2025-08-23,2026-04-07,,False,False
THREAT-00243,FIN7,Ransomware,T1027 Obfuscated Files or Information,Healthcare,Kubernetes Cluster,False,30,0.76,Asia-Pacific,High,Low,2023-05-19,2023-10-14,CVE-2026-47746,True,True
THREAT-00244,Nation-State (Russia),Web Application Attack,T1078 Valid Accounts,Government,Database Server,False,26,0.17,EMEA,Medium,Low,2025-06-17,2026-02-12,,False,True
THREAT-00245,Mustang Panda,Zero-Day Exploit,T1082 System Information Discovery,Manufacturing,Domain Controller,False,32,0.59,Global,Critical,High,2023-07-19,2023-10-06,CVE-2026-18810,False,True
THREAT-00246,Nation-State (Iran),Business Email Compromise,T1569 System Services,E-commerce,Web Server,False,65,0.37,India,Medium,Medium,2021-06-22,2022-03-22,CVE-2026-18630,False,False
THREAT-00247,Script Kiddie,Phishing,T1190 Exploit Public-Facing Application,E-commerce,Cloud VM,False,99,0.42,Asia-Pacific,Low,High,2022-11-23,2023-08-01,,False,False
THREAT-00248,Insider,Phishing,T1566 Phishing,IT Services,Domain Controller,True,68,0.52,Asia-Pacific,Critical,High,2021-12-31,2022-08-22,,True,False
THREAT-00249,Script Kiddie,Business Email Compromise,T1486 Data Encrypted for Impact,Energy,SaaS Application,False,34,0.14,EMEA,Low,High,2021-10-04,2022-09-30,CVE-2026-80672,False,True
THREAT-00250,Nation-State (Russia),Business Email Compromise,T1003 OS Credential Dumping,E-commerce,SaaS Application,False,100,0.57,Americas,Critical,High,2024-02-17,2024-05-22,CVE-2026-65051,False,True
THREAT-00251,Kimsuky,Credential Theft,T1190 Exploit Public-Facing Application,Government,Cloud VM,False,30,0.59,Global,Medium,High,2021-10-28,2022-09-07,,False,False
THREAT-00252,Nation-State (Iran),Zero-Day Exploit,T1082 System Information Discovery,Energy,Database Server,True,58,0.34,Global,Medium,Low,2023-04-07,2023-09-10,,False,False
THREAT-00253,Lazarus Group,Data Exfiltration,T1082 System Information Discovery,Government,Cloud VM,False,21,0.39,India,Critical,Low,2021-11-27,2022-06-28,CVE-2026-56451,False,False
THREAT-00254,Nation-State (China),Data Exfiltration,T1071 Application Layer Protocol,Energy,SaaS Application,False,35,0.58,Asia-Pacific,Low,Medium,2022-07-22,2023-02-17,CVE-2026-80638,False,False
THREAT-00255,Conti,Data Exfiltration,T1036 Masquerading,Insurance,Email Server,False,30,0.13,Global,Critical,Low,2021-09-07,2021-10-14,CVE-2026-6140,False,False
THREAT-00256,Mustang Panda,Phishing,T1566 Phishing,Energy,Domain Controller,True,64,0.26,EMEA,High,High,2022-07-17,2023-03-17,,False,False
THREAT-00257,APT28,Supply Chain Attack,T1059 Command and Scripting Interpreter,Energy,Employee Laptop,False,85,0.23,Global,Critical,Medium,2023-05-15,2023-11-23,,False,False
THREAT-00258,APT28,Credential Theft,T1486 Data Encrypted for Impact,Insurance,Storage Bucket,False,20,0.45,India,High,Low,2022-01-04,2022-05-23,CVE-2026-49208,False,False
THREAT-00259,Turla,DDoS,T1027 Obfuscated Files or Information,Telecom,API Gateway,True,133,0.58,Asia-Pacific,Medium,High,2024-10-12,2025-09-13,,False,False
THREAT-00260,Lazarus Group,Web Application Attack,T1055 Process Injection,IT Services,SaaS Application,False,27,0.23,Asia-Pacific,Medium,High,2025-01-17,2025-03-10,CVE-2026-58231,True,False
THREAT-00261,APT29,Phishing,T1078 Valid Accounts,IT Services,Cloud VM,True,7,0.38,Americas,Low,Low,2022-02-01,2022-05-16,CVE-2026-58424,False,False
THREAT-00262,APT28,Ransomware,T1036 Masquerading,Government,Cloud VM,True,31,0.39,India,Critical,Low,2023-09-17,2023-09-22,,True,False
THREAT-00263,Cybercrime Syndicate,Cloud Misconfiguration Exploitation,T1027 Obfuscated Files or Information,Government,Payment Gateway,False,19,0.39,EMEA,Low,Medium,2025-08-23,2025-10-27,,False,True
THREAT-00264,Insider,Business Email Compromise,T1562 Impair Defenses,Energy,API Gateway,False,77,0.53,Asia-Pacific,Medium,High,2024-06-23,2024-12-29,,False,False
THREAT-00265,Turla,Ransomware,T1036 Masquerading,IT Services,Database Server,False,6,0.62,Global,High,Medium,2022-05-07,2022-08-08,CVE-2026-76609,True,True
THREAT-00266,LockBit,Phishing,T1078 Valid Accounts,E-commerce,Domain Controller,False,81,0.24,EMEA,Critical,Low,2024-10-13,2025-01-03,CVE-2026-27590,False,False
THREAT-00267,Nation-State (Iran),Phishing,T1027 Obfuscated Files or Information,IT Services,Cloud VM,False,62,0.31,Americas,High,High,2026-07-10,2026-09-04,,False,False
THREAT-00268,LockBit,Cryptojacking,T1078 Valid Accounts,E-commerce,Payment Gateway,False,92,0.16,Asia-Pacific,Low,High,2025-08-13,2025-08-15,,False,False
THREAT-00269,Lazarus Group,Insider Threat,T1071 Application Layer Protocol,Energy,SaaS Application,False,9,0.21,Asia-Pacific,Low,Medium,2021-12-08,2022-11-14,,False,True
THREAT-00270,ALPHV,Business Email Compromise,T1569 System Services,Education,Email Server,False,61,0.59,Global,Medium,Medium,2022-10-14,2023-09-10,CVE-2026-69198,False,False
THREAT-00271,Kimsuky,Supply Chain Attack,T1110 Brute Force,E-commerce,API Gateway,False,76,0.52,India,Critical,Medium,2023-11-28,2024-06-08,,True,True
THREAT-00272,FIN7,Supply Chain Attack,T1082 System Information Discovery,Energy,Employee Laptop,False,70,0.19,Americas,Low,Medium,2022-04-25,2022-07-12,,False,False
THREAT-00273,Scattered Spider,DDoS,T1059 Command and Scripting Interpreter,E-commerce,API Gateway,True,171,0.66,Americas,Medium,Medium,2023-02-06,2024-01-07,,False,False
THREAT-00274,Conti,Data Exfiltration,T1059 Command and Scripting Interpreter,Education,API Gateway,True,36,0.17,India,High,Medium,2024-07-22,2025-06-18,,False,True
THREAT-00275,Nation-State (Russia),Phishing,T1036 Masquerading,Manufacturing,Email Server,False,98,0.29,Americas,Medium,High,2022-07-12,2023-06-19,CVE-2026-63741,False,False
THREAT-00276,Conti,Cryptojacking,T1078 Valid Accounts,E-commerce,Web Server,False,6,0.4,Global,Medium,High,2024-06-28,2024-07-20,CVE-2026-54201,False,False
THREAT-00277,REvil,Insider Threat,T1078 Valid Accounts,Telecom,Kubernetes Cluster,True,8,0.34,Asia-Pacific,Low,Low,2022-02-02,2022-11-07,,False,True
THREAT-00278,Cybercrime Syndicate,Supply Chain Attack,T1110 Brute Force,E-commerce,Storage Bucket,True,68,0.4,Americas,Critical,Medium,2025-01-26,2025-10-28,,False,False
THREAT-00279,TA505,Web Application Attack,T1110 Brute Force,Healthcare,SaaS Application,False,87,0.34,EMEA,Medium,Medium,2021-11-15,2021-12-09,CVE-2026-27875,False,False
THREAT-00280,APT28,Supply Chain Attack,T1070 Indicator Removal,Education,Payment Gateway,True,65,0.37,India,Low,Low,2021-11-13,2022-06-03,,False,False
THREAT-00281,Hacktivist Group,Ransomware,T1048 Exfiltration Over Alternative Protocol,Government,Employee Laptop,True,17,0.47,Global,Critical,Low,2021-11-03,2022-03-05,,True,True
THREAT-00282,ALPHV,Web Application Attack,T1055 Process Injection,Government,Kubernetes Cluster,False,95,0.15,EMEA,High,Medium,2022-02-21,2022-09-01,CVE-2026-75928,False,True
THREAT-00283,Lazarus Group,DDoS,T1105 Ingress Tool Transfer,Telecom,Domain Controller,False,127,0.59,Asia-Pacific,Medium,Low,2022-12-02,2023-01-18,CVE-2026-13782,False,False
THREAT-00284,Scattered Spider,Supply Chain Attack,T1070 Indicator Removal,Education,Email Server,True,96,0.21,Asia-Pacific,High,Medium,2021-05-31,2021-11-18,CVE-2026-76609,False,False
THREAT-00285,Mustang Panda,Credential Theft,T1566 Phishing,Telecom,Cloud VM,False,25,0.13,Global,Medium,High,2024-04-30,2024-06-04,,False,True
THREAT-00286,SilverFox,Cryptojacking,T1070 Indicator Removal,E-commerce,Web Server,False,60,0.38,Americas,Low,High,2023-12-15,2024-11-28,,False,False
THREAT-00287,TA505,Cloud Misconfiguration Exploitation,T1053 Scheduled Task/Job,Insurance,Web Server,False,71,0.2,India,Critical,Low,2022-11-14,2023-09-22,,False,False
THREAT-00288,Unknown,Zero-Day Exploit,T1105 Ingress Tool Transfer,Energy,Employee Laptop,False,13,0.25,Americas,Critical,High,2026-03-03,2026-09-04,CVE-2026-75592,False,False
THREAT-00289,Script Kiddie,Supply Chain Attack,T1048 Exfiltration Over Alternative Protocol,Energy,Web Server,True,62,0.2,India,High,Low,2026-06-14,2026-09-04,,False,False
THREAT-00290,Hacktivist Group,Cryptojacking,T1110 Brute Force,Insurance,Domain Controller,False,64,0.37,Global,Critical,Low,2026-01-06,2026-03-28,,False,False
THREAT-00291,Nation-State (Russia),Cryptojacking,T1569 System Services,IT Services,Payment Gateway,False,24,0.24,Global,Medium,Medium,2021-08-10,2022-04-11,CVE-2026-14828,False,True
THREAT-00292,Turla,Phishing,T1486 Data Encrypted for Impact,Energy,SaaS Application,True,81,0.17,Americas,Medium,Medium,2026-01-01,2026-07-11,,False,False
THREAT-00293,Kimsuky,Insider Threat,T1055 Process Injection,Government,SaaS Application,True,8,0.25,Asia-Pacific,Critical,Low,2023-06-13,2023-07-17,,False,True
THREAT-00294,FIN7,Cryptojacking,T1110 Brute Force,Education,Web Server,False,5,0.45,Global,High,High,2022-11-08,2023-01-14,,False,True
THREAT-00295,Kimsuky,Cryptojacking,T1036 Masquerading,Government,Employee Laptop,False,98,0.27,India,Medium,Low,2023-06-01,2023-07-06,CVE-2026-54364,False,False
THREAT-00296,Nation-State (China),Cryptojacking,T1105 Ingress Tool Transfer,Manufacturing,Web Server,False,5,0.35,EMEA,Critical,Low,2026-08-05,2026-09-04,CVE-2026-22869,False,False
THREAT-00297,Lazarus Group,Ransomware,T1003 OS Credential Dumping,Government,Domain Controller,False,44,0.49,Asia-Pacific,Medium,Low,2025-06-15,2025-07-14,,True,True
THREAT-00298,Insider,Data Exfiltration,T1059 Command and Scripting Interpreter,Energy,Employee Laptop,True,20,0.14,India,Critical,Medium,2025-05-19,2025-06-08,CVE-2026-62993,False,False
THREAT-00299,Scattered Spider,Supply Chain Attack,T1053 Scheduled Task/Job,Energy,Email Server,False,99,0.36,India,High,Medium,2022-03-19,2023-03-08,CVE-2026-4170,False,False
THREAT-00300,FIN7,Web Application Attack,T1110 Brute Force,Telecom,API Gateway,True,13,0.15,EMEA,Medium,Low,2022-01-22,2022-05-18,CVE-2026-55733,False,False
THREAT-00301,Sandworm,Credential Theft,T1105 Ingress Tool Transfer,Energy,Domain Controller,True,79,0.53,EMEA,Medium,Medium,2025-02-28,2025-03-31,,False,False
THREAT-00302,Hacktivist Group,Cloud Misconfiguration Exploitation,T1082 System Information Discovery,Telecom,API Gateway,False,20,0.26,EMEA,High,Low,2024-02-07,2025-02-02,,False,True
THREAT-00303,Sandworm,Phishing,T1027 Obfuscated Files or Information,Government,Storage Bucket,False,70,0.15,Americas,High,Medium,2022-10-27,2023-01-06,CVE-2026-84128,False,False
THREAT-00304,LockBit,Web Application Attack,T1059 Command and Scripting Interpreter,Manufacturing,Domain Controller,True,53,0.38,EMEA,High,High,2022-09-09,2023-03-11,CVE-2026-73703,False,False
THREAT-00305,Kimsuky,Cloud Misconfiguration Exploitation,T1078 Valid Accounts,Insurance,Domain Controller,True,54,0.55,Global,Low,Medium,2024-08-22,2025-06-01,,False,False
THREAT-00306,Kimsuky,Cloud Misconfiguration Exploitation,T1003 OS Credential Dumping,Telecom,Email Server,False,18,0.33,Americas,Critical,Medium,2023-09-07,2023-11-29,CVE-2026-6115,False,False
THREAT-00307,Sandworm,Ransomware,T1110 Brute Force,IT Services,API Gateway,False,48,0.47,India,Critical,High,2023-05-27,2023-06-19,CVE-2026-74905,True,True
THREAT-00308,REvil,Insider Threat,T1569 System Services,Insurance,Payment Gateway,True,8,0.17,EMEA,Critical,Low,2021-09-07,2022-07-21,,False,True
THREAT-00309,TA505,Zero-Day Exploit,T1133 External Remote Services,Insurance,Email Server,False,55,0.59,India,Critical,High,2023-07-29,2024-07-11,CVE-2026-68768,True,False
THREAT-00310,Kimsuky,DDoS,T1566 Phishing,E-commerce,Kubernetes Cluster,False,107,0.55,EMEA,Low,High,2026-01-02,2026-05-17,,False,False
THREAT-00311,Turla,Insider Threat,T1105 Ingress Tool Transfer,Government,Kubernetes Cluster,False,5,0.14,India,Critical,Low,2025-08-28,2026-08-06,,False,True
THREAT-00312,APT29,Cloud Misconfiguration Exploitation,T1078 Valid Accounts,Healthcare,Employee Laptop,True,47,0.43,India,Medium,Low,2022-12-04,2023-02-07,CVE-2026-9475,True,False
THREAT-00313,Conti,Cloud Misconfiguration Exploitation,T1027 Obfuscated Files or Information,Manufacturing,Domain Controller,False,100,0.5,India,High,Low,2022-01-14,2022-07-01,,True,False
THREAT-00314,FIN7,DDoS,T1021 Remote Services,Energy,Employee Laptop,False,150,0.63,India,High,High,2024-02-02,2024-06-25,,False,False
THREAT-00315,Turla,Credential Theft,T1070 Indicator Removal,Manufacturing,Storage Bucket,False,59,0.38,Global,High,High,2025-02-27,2025-12-22,,False,False
THREAT-00316,ALPHV,Web Application Attack,T1190 Exploit Public-Facing Application,Government,Database Server,False,64,0.28,EMEA,Critical,Low,2021-11-21,2022-08-08,CVE-2026-68585,False,False
THREAT-00317,Lazarus Group,Ransomware,T1082 System Information Discovery,Manufacturing,Kubernetes Cluster,False,48,0.49,India,High,High,2023-05-20,2024-05-15,CVE-2026-58567,True,False
THREAT-00318,Nation-State (Russia),Cryptojacking,T1078 Valid Accounts,Education,SaaS Application,False,34,0.25,EMEA,Medium,High,2023-04-27,2023-09-02,,False,True
THREAT-00319,Hacktivist Group,Supply Chain Attack,T1055 Process Injection,E-commerce,Web Server,False,47,0.21,Asia-Pacific,Medium,Medium,2021-07-06,2021-08-04,,False,False
THREAT-00320,Cybercrime Syndicate,Web Application Attack,T1566 Phishing,E-commerce,SaaS Application,False,67,0.52,EMEA,Medium,Medium,2026-06-18,2026-09-04,,False,False
THREAT-00321,SilverFox,Phishing,T1569 System Services,Education,API Gateway,False,23,0.39,Americas,Low,Medium,2021-12-02,2022-04-26,CVE-2026-72812,False,False
THREAT-00322,LockBit,Cryptojacking,T1027 Obfuscated Files or Information,Healthcare,Email Server,False,19,0.11,Americas,Critical,Medium,2022-04-03,2023-03-15,,True,False
THREAT-00323,Script Kiddie,Cryptojacking,T1048 Exfiltration Over Alternative Protocol,Government,Cloud VM,True,34,0.3,Global,Low,Low,2023-10-04,2024-02-04,,False,False
THREAT-00324,FIN7,Business Email Compromise,T1059 Command and Scripting Interpreter,Energy,Database Server,True,70,0.22,India,Critical,High,2022-01-24,2022-11-12,,False,False
THREAT-00325,Turla,Data Exfiltration,T1082 System Information Discovery,IT Services,Kubernetes Cluster,False,36,0.54,Asia-Pacific,Critical,High,2023-12-31,2024-12-28,,True,False
THREAT-00326,LockBit,Cloud Misconfiguration Exploitation,T1190 Exploit Public-Facing Application,Insurance,Database Server,True,46,0.14,Americas,Low,High,2025-12-29,2026-09-04,,False,False
THREAT-00327,Conti,Data Exfiltration,T1566 Phishing,Government,Database Server,True,50,0.36,EMEA,Critical,High,2026-03-10,2026-09-04,,False,False
THREAT-00328,SilverFox,Zero-Day Exploit,T1569 System Services,Energy,Domain Controller,True,76,0.24,Americas,Medium,Medium,2025-09-21,2026-06-15,,False,True
THREAT-00329,Mustang Panda,DDoS,T1562 Impair Defenses,E-commerce,Kubernetes Cluster,False,75,0.4,Global,Low,High,2021-09-22,2021-11-16,,False,False
THREAT-00330,Sandworm,Credential Theft,T1055 Process Injection,E-commerce,Database Server,False,22,0.14,Americas,Critical,High,2022-05-07,2022-12-24,CVE-2026-7037,False,False
THREAT-00331,Sandworm,Credential Theft,T1082 System Information Discovery,Energy,API Gateway,True,59,0.22,Global,High,Low,2025-03-04,2025-06-22,CVE-2026-83711,False,True
THREAT-00332,REvil,Credential Theft,T1190 Exploit Public-Facing Application,Energy,SaaS Application,False,50,0.2,EMEA,Low,High,2022-12-05,2023-04-04,,False,False
THREAT-00333,Nation-State (Russia),Insider Threat,T1059 Command and Scripting Interpreter,Healthcare,Payment Gateway,True,5,0.26,Americas,High,High,2021-09-27,2022-02-11,,False,True
THREAT-00334,Nation-State (China),Phishing,T1055 Process Injection,Manufacturing,Payment Gateway,False,41,0.22,India,Medium,Medium,2023-08-11,2024-02-17,,False,False
THREAT-00335,Sandworm,Phishing,T1071 Application Layer Protocol,IT Services,Cloud VM,False,95,0.53,Global,High,Medium,2025-06-30,2025-11-06,,False,True
THREAT-00336,LockBit,Credential Theft,T1486 Data Encrypted for Impact,Healthcare,API Gateway,False,68,0.22,Americas,High,High,2025-06-18,2026-01-23,,False,True
THREAT-00337,Nation-State (Iran),DDoS,T1133 External Remote Services,Education,Employee Laptop,False,81,0.72,India,Critical,Low,2026-01-10,2026-04-23,,False,False
THREAT-00338,Nation-State (Russia),Web Application Attack,T1021 Remote Services,Government,Employee Laptop,False,51,0.14,India,Critical,Medium,2024-05-10,2024-06-13,,True,False
THREAT-00339,LockBit,Phishing,T1055 Process Injection,Manufacturing,Storage Bucket,True,19,0.56,EMEA,High,Low,2022-08-03,2022-08-18,,False,False
THREAT-00340,Script Kiddie,DDoS,T1036 Masquerading,Insurance,Employee Laptop,True,184,0.86,Americas,Medium,Low,2025-08-15,2026-04-14,CVE-2026-33228,False,False
THREAT-00341,Turla,Ransomware,T1190 Exploit Public-Facing Application,Insurance,Kubernetes Cluster,False,10,0.34,Asia-Pacific,Critical,High,2021-12-29,2022-05-22,,True,True
THREAT-00342,Nation-State (Russia),Cryptojacking,T1110 Brute Force,Education,Payment Gateway,False,94,0.22,Global,Medium,Low,2026-01-08,2026-07-30,CVE-2026-69555,False,False
THREAT-00343,Kimsuky,Cryptojacking,T1486 Data Encrypted for Impact,Government,Payment Gateway,False,100,0.29,Asia-Pacific,Critical,High,2023-10-20,2024-09-29,,False,False
THREAT-00344,Insider,Cloud Misconfiguration Exploitation,T1486 Data Encrypted for Impact,Energy,SaaS Application,False,56,0.11,Global,Low,Medium,2024-09-13,2024-10-25,,False,True
THREAT-00345,APT28,Web Application Attack,T1071 Application Layer Protocol,E-commerce,Kubernetes Cluster,True,61,0.11,EMEA,Low,High,2026-02-13,2026-06-04,CVE-2026-52837,False,False
THREAT-00346,Script Kiddie,Ransomware,T1059 Command and Scripting Interpreter,E-commerce,Email Server,False,50,0.8,Asia-Pacific,Medium,High,2022-05-08,2023-02-20,,True,True
THREAT-00347,Kimsuky,DDoS,T1190 Exploit Public-Facing Application,Energy,Email Server,True,26,0.71,EMEA,Medium,Low,2021-06-11,2022-02-03,CVE-2026-57896,False,False
THREAT-00348,LockBit,Cryptojacking,T1048 Exfiltration Over Alternative Protocol,Government,Kubernetes Cluster,False,24,0.16,Americas,Medium,Medium,2021-04-07,2021-10-30,,False,False
THREAT-00349,APT28,Cloud Misconfiguration Exploitation,T1566 Phishing,E-commerce,Employee Laptop,False,7,0.19,Asia-Pacific,Low,Medium,2025-10-23,2026-08-11,,False,False
THREAT-00350,Insider,Zero-Day Exploit,T1053 Scheduled Task/Job,Insurance,Email Server,False,17,0.17,Americas,Medium,Medium,2022-03-11,2022-10-21,CVE-2026-7122,False,False
THREAT-00351,Conti,Data Exfiltration,T1036 Masquerading,E-commerce,Domain Controller,True,33,0.14,Americas,Critical,High,2022-12-26,2023-07-15,,False,False
THREAT-00352,Script Kiddie,Zero-Day Exploit,T1055 Process Injection,Manufacturing,Payment Gateway,False,16,0.23,Asia-Pacific,Low,High,2025-06-24,2025-10-25,,True,False
THREAT-00353,Nation-State (Iran),Ransomware,T1059 Command and Scripting Interpreter,Government,Web Server,False,35,0.7,India,High,Medium,2022-10-12,2022-10-27,CVE-2026-5852,True,False
THREAT-00354,TA505,Cloud Misconfiguration Exploitation,T1053 Scheduled Task/Job,Government,Storage Bucket,True,5,0.36,Americas,Medium,Low,2023-03-09,2023-10-09,,False,False
THREAT-00355,Nation-State (Iran),Insider Threat,T1078 Valid Accounts,Energy,SaaS Application,False,6,0.4,India,Critical,Low,2024-09-18,2024-12-12,CVE-2026-50746,False,True
THREAT-00356,Nation-State (China),Cloud Misconfiguration Exploitation,T1059 Command and Scripting Interpreter,Telecom,Storage Bucket,False,26,0.56,India,Low,Low,2021-08-25,2021-11-16,,False,False
THREAT-00357,LockBit,Business Email Compromise,T1027 Obfuscated Files or Information,Government,Domain Controller,False,72,0.19,EMEA,Low,High,2021-04-11,2021-09-04,,False,False
THREAT-00358,Turla,Supply Chain Attack,T1055 Process Injection,Education,API Gateway,True,59,0.21,Americas,High,High,2024-08-01,2025-07-08,,True,False
THREAT-00359,Conti,Business Email Compromise,T1027 Obfuscated Files or Information,Manufacturing,API Gateway,False,12,0.59,Americas,Critical,High,2025-03-31,2025-07-05,CVE-2026-72984,False,False
THREAT-00360,Conti,Ransomware,T1110 Brute Force,IT Services,SaaS Application,False,44,0.48,Asia-Pacific,Critical,Low,2026-04-09,2026-08-19,,True,False
THREAT-00361,LockBit,Web Application Attack,T1566 Phishing,Telecom,Storage Bucket,False,85,0.12,EMEA,Low,Medium,2023-07-01,2024-06-05,CVE-2026-33654,False,True
THREAT-00362,Hacktivist Group,Insider Threat,T1003 OS Credential Dumping,E-commerce,Web Server,True,4,0.19,India,Medium,Low,2026-05-02,2026-09-04,,False,True
THREAT-00363,Lazarus Group,Insider Threat,T1053 Scheduled Task/Job,Government,Domain Controller,True,8,0.12,Global,Low,High,2021-04-16,2021-05-03,,False,True
THREAT-00364,Nation-State (China),Cloud Misconfiguration Exploitation,T1562 Impair Defenses,Insurance,Kubernetes Cluster,True,57,0.59,India,Medium,Low,2025-11-13,2026-03-17,,True,True
THREAT-00365,FIN7,Ransomware,T1105 Ingress Tool Transfer,Energy,Kubernetes Cluster,True,9,0.6,EMEA,Medium,High,2021-07-30,2022-07-18,,True,False
THREAT-00366,Nation-State (Russia),Insider Threat,T1486 Data Encrypted for Impact,Government,Storage Bucket,False,4,0.16,Asia-Pacific,High,Medium,2021-05-27,2022-02-24,,False,True
THREAT-00367,SilverFox,Ransomware,T1105 Ingress Tool Transfer,Government,Storage Bucket,False,24,0.77,Americas,High,Medium,2026-03-27,2026-09-04,,True,True
THREAT-00368,Cybercrime Syndicate,Cryptojacking,T1071 Application Layer Protocol,Government,Payment Gateway,False,92,0.43,Asia-Pacific,Low,High,2022-12-30,2023-04-05,,True,False
THREAT-00369,Lazarus Group,Insider Threat,T1569 System Services,Energy,Database Server,False,7,0.38,Asia-Pacific,Critical,Low,2026-04-24,2026-09-04,,False,True
THREAT-00370,Lazarus Group,Cryptojacking,T1082 System Information Discovery,Government,Payment Gateway,True,68,0.44,EMEA,Critical,High,2023-09-01,2024-06-12,CVE-2026-9457,False,True
THREAT-00371,Hacktivist Group,DDoS,T1105 Ingress Tool Transfer,Education,SaaS Application,False,120,0.89,EMEA,Critical,High,2023-09-26,2023-11-11,CVE-2026-74871,False,False
THREAT-00372,REvil,Insider Threat,T1190 Exploit Public-Facing Application,E-commerce,Domain Controller,False,1,0.24,Global,Low,Medium,2022-06-14,2023-02-18,,False,True
THREAT-00373,Turla,Data Exfiltration,T1082 System Information Discovery,Insurance,Storage Bucket,False,5,0.37,Americas,High,Medium,2022-08-02,2022-08-24,CVE-2026-81101,False,False
THREAT-00374,Insider,Cloud Misconfiguration Exploitation,T1055 Process Injection,Insurance,Employee Laptop,True,55,0.23,Asia-Pacific,Medium,High,2021-04-27,2021-10-31,CVE-2026-56380,False,False
THREAT-00375,LockBit,Data Exfiltration,T1071 Application Layer Protocol,Manufacturing,Email Server,False,25,0.12,India,Critical,Low,2026-01-23,2026-06-22,,False,False
THREAT-00376,SilverFox,Cloud Misconfiguration Exploitation,T1190 Exploit Public-Facing Application,Telecom,Database Server,False,90,0.44,Americas,Critical,High,2023-06-04,2023-10-24,,True,False
THREAT-00377,REvil,Phishing,T1048 Exfiltration Over Alternative Protocol,Manufacturing,Kubernetes Cluster,True,61,0.39,Americas,Critical,High,2024-12-09,2025-11-13,,True,False
THREAT-00378,SilverFox,Supply Chain Attack,T1105 Ingress Tool Transfer,Insurance,Payment Gateway,False,74,0.45,Global,Critical,Medium,2023-03-24,2023-08-28,,False,False
THREAT-00379,APT29,Insider Threat,T1055 Process Injection,Energy,Cloud VM,True,10,0.18,India,Medium,Medium,2024-07-16,2025-05-28,,False,True
THREAT-00380,Hacktivist Group,Web Application Attack,T1055 Process Injection,Energy,Database Server,False,7,0.32,India,Critical,Low,2025-03-01,2026-01-31,,False,False
THREAT-00381,APT29,Phishing,T1486 Data Encrypted for Impact,E-commerce,Kubernetes Cluster,True,6,0.39,India,Medium,Low,2023-01-28,2023-05-26,CVE-2026-82456,False,True
THREAT-00382,TA505,Zero-Day Exploit,T1070 Indicator Removal,Education,Kubernetes Cluster,True,98,0.54,Asia-Pacific,Medium,High,2022-08-17,2023-03-18,CVE-2026-66409,False,False
THREAT-00383,TA505,Cloud Misconfiguration Exploitation,T1078 Valid Accounts,Government,Domain Controller,True,19,0.13,India,Critical,Low,2021-09-23,2022-09-13,CVE-2026-33591,False,False
THREAT-00384,TA505,Insider Threat,T1048 Exfiltration Over Alternative Protocol,E-commerce,Storage Bucket,True,8,0.32,Asia-Pacific,High,Low,2022-11-15,2022-11-26,,False,True
THREAT-00385,Nation-State (Russia),Web Application Attack,T1071 Application Layer Protocol,IT Services,Storage Bucket,False,89,0.45,EMEA,Low,Low,2024-06-12,2024-08-13,CVE-2026-46644,False,True
THREAT-00386,TA505,Supply Chain Attack,T1021 Remote Services,Telecom,API Gateway,True,13,0.12,India,High,Medium,2022-12-27,2023-11-28,,False,True
THREAT-00387,Conti,DDoS,T1021 Remote Services,Telecom,Kubernetes Cluster,True,103,0.45,Asia-Pacific,Low,High,2025-08-16,2026-05-06,,False,False
THREAT-00388,Nation-State (Iran),DDoS,T1569 System Services,IT Services,Kubernetes Cluster,True,120,0.51,Americas,Critical,High,2021-08-19,2022-03-16,,False,False
THREAT-00389,Script Kiddie,Zero-Day Exploit,T1070 Indicator Removal,E-commerce,Employee Laptop,False,52,0.42,India,High,High,2021-05-04,2021-05-05,,False,False
THREAT-00390,Conti,Cloud Misconfiguration Exploitation,T1055 Process Injection,Healthcare,Employee Laptop,True,19,0.54,EMEA,Low,Medium,2025-06-29,2025-10-20,,False,True
THREAT-00391,Scattered Spider,Cryptojacking,T1027 Obfuscated Files or Information,Energy,Domain Controller,False,20,0.33,EMEA,Medium,High,2021-09-23,2021-12-02,,False,False
THREAT-00392,Sandworm,Phishing,T1059 Command and Scripting Interpreter,Government,Domain Controller,False,7,0.58,Americas,High,High,2022-07-22,2023-01-08,,False,True
THREAT-00393,REvil,DDoS,T1569 System Services,Government,Domain Controller,False,59,0.87,Asia-Pacific,High,Medium,2022-01-23,2022-07-25,CVE-2026-72407,False,False
THREAT-00394,Hacktivist Group,Data Exfiltration,T1078 Valid Accounts,E-commerce,Email Server,True,30,0.59,Global,Critical,Medium,2024-11-11,2025-08-30,,False,False
THREAT-00395,Mustang Panda,Supply Chain Attack,T1566 Phishing,Energy,Storage Bucket,True,94,0.1,Americas,Critical,High,2024-05-22,2024-06-16,,False,True
THREAT-00396,LockBit,Cloud Misconfiguration Exploitation,T1059 Command and Scripting Interpreter,Energy,Storage Bucket,False,29,0.35,EMEA,Medium,Medium,2023-11-05,2024-05-07,,False,True
THREAT-00397,Hacktivist Group,Credential Theft,T1078 Valid Accounts,Energy,Email Server,False,94,0.24,Global,Low,Medium,2024-06-02,2025-04-10,CVE-2026-10195,False,False
THREAT-00398,Script Kiddie,Credential Theft,T1082 System Information Discovery,Energy,Kubernetes Cluster,False,71,0.22,India,Critical,High,2025-06-27,2026-05-02,CVE-2026-82456,False,False
THREAT-00399,Insider,Web Application Attack,T1003 OS Credential Dumping,E-commerce,Domain Controller,True,25,0.41,Americas,High,High,2023-08-23,2024-05-23,,False,False
THREAT-00400,FIN7,DDoS,T1053 Scheduled Task/Job,IT Services,Payment Gateway,True,170,0.63,EMEA,High,Medium,2026-07-01,2026-09-02,,False,False
THREAT-00401,Nation-State (Iran),Business Email Compromise,T1027 Obfuscated Files or Information,Insurance,Payment Gateway,False,29,0.42,India,Medium,Medium,2021-12-18,2022-02-19,,False,False
THREAT-00402,Cybercrime Syndicate,Phishing,T1486 Data Encrypted for Impact,Government,Web Server,True,26,0.16,India,High,Medium,2022-01-07,2022-10-08,,False,False
THREAT-00403,Scattered Spider,Credential Theft,T1110 Brute Force,Insurance,API Gateway,True,93,0.18,EMEA,Critical,Low,2023-04-02,2024-03-03,,False,False
THREAT-00404,Sandworm,Cryptojacking,T1190 Exploit Public-Facing Application,Insurance,Domain Controller,True,89,0.59,Asia-Pacific,Low,High,2023-06-19,2023-10-24,,False,False
THREAT-00405,Cybercrime Syndicate,Insider Threat,T1569 System Services,Education,Payment Gateway,False,3,0.27,Global,Critical,Medium,2024-09-21,2025-04-18,,False,True
THREAT-00406,APT28,Supply Chain Attack,T1055 Process Injection,E-commerce,API Gateway,False,9,0.29,Americas,High,High,2021-12-27,2022-02-16,,False,True
THREAT-00407,TA505,Insider Threat,T1569 System Services,Government,Database Server,True,5,0.14,Global,Medium,High,2022-06-04,2023-05-04,CVE-2026-49211,False,True
THREAT-00408,Insider,Phishing,T1003 OS Credential Dumping,Energy,Employee Laptop,False,48,0.33,Global,Critical,Medium,2026-06-14,2026-09-04,,False,False
THREAT-00409,Conti,Zero-Day Exploit,T1105 Ingress Tool Transfer,Energy,Payment Gateway,True,8,0.47,India,High,Low,2026-05-18,2026-09-04,CVE-2026-9434,True,True
THREAT-00410,Cybercrime Syndicate,Business Email Compromise,T1053 Scheduled Task/Job,Government,Domain Controller,False,96,0.18,EMEA,Low,Medium,2025-11-16,2026-06-20,CVE-2026-15511,False,False
THREAT-00411,REvil,Zero-Day Exploit,T1059 Command and Scripting Interpreter,Manufacturing,Kubernetes Cluster,False,92,0.32,Americas,Critical,High,2025-09-16,2025-11-28,,False,False
THREAT-00412,FIN7,Business Email Compromise,T1053 Scheduled Task/Job,Education,Email Server,True,9,0.36,Americas,High,Low,2023-06-29,2024-01-05,CVE-2026-48362,False,False
THREAT-00413,Turla,Web Application Attack,T1070 Indicator Removal,IT Services,Web Server,False,74,0.45,Americas,High,High,2025-06-26,2025-07-13,CVE-2026-20358,False,True
THREAT-00414,Nation-State (China),Supply Chain Attack,T1053 Scheduled Task/Job,Education,Cloud VM,True,100,0.1,EMEA,Critical,Medium,2023-11-08,2024-05-27,,False,False
THREAT-00415,Kimsuky,Supply Chain Attack,T1569 System Services,Healthcare,Employee Laptop,True,46,0.26,Global,Low,Medium,2026-07-13,2026-09-04,CVE-2026-17061,False,True
THREAT-00416,Cybercrime Syndicate,Insider Threat,T1105 Ingress Tool Transfer,Government,Storage Bucket,True,4,0.12,Americas,Critical,Low,2021-07-25,2021-12-31,CVE-2026-59240,False,True
THREAT-00417,Kimsuky,Credential Theft,T1133 External Remote Services,Government,Cloud VM,True,80,0.47,Americas,High,Medium,2025-11-17,2026-06-20,CVE-2026-55678,True,False
THREAT-00418,LockBit,Web Application Attack,T1190 Exploit Public-Facing Application,Manufacturing,Web Server,False,46,0.52,Americas,Medium,Medium,2022-01-13,2022-06-04,,False,False
THREAT-00419,Lazarus Group,DDoS,T1110 Brute Force,Insurance,Email Server,True,41,0.48,Americas,Low,Low,2023-01-31,2023-03-26,,False,False
THREAT-00420,Cybercrime Syndicate,Phishing,T1133 External Remote Services,Insurance,Email Server,False,93,0.16,India,Critical,Low,2022-12-31,2023-09-01,CVE-2026-67282,False,False
THREAT-00421,REvil,Zero-Day Exploit,T1105 Ingress Tool Transfer,IT Services,Employee Laptop,True,85,0.34,Asia-Pacific,Medium,High,2024-06-06,2025-02-14,,False,False
THREAT-00422,Insider,Ransomware,T1059 Command and Scripting Interpreter,IT Services,Cloud VM,False,28,0.64,Asia-Pacific,High,High,2021-09-28,2022-06-04,CVE-2026-81732,True,True
THREAT-00423,APT29,Phishing,T1133 External Remote Services,Healthcare,Database Server,False,97,0.35,India,High,Low,2022-04-19,2022-10-08,CVE-2026-63096,False,False
THREAT-00424,Sandworm,Cryptojacking,T1021 Remote Services,Energy,Employee Laptop,False,55,0.22,Global,High,Medium,2024-12-08,2025-11-27,,False,False
THREAT-00425,Nation-State (Russia),Insider Threat,T1078 Valid Accounts,Energy,Kubernetes Cluster,True,5,0.12,Americas,Low,High,2024-03-04,2024-03-12,,False,True
THREAT-00426,Mustang Panda,Cloud Misconfiguration Exploitation,T1082 System Information Discovery,Energy,Kubernetes Cluster,False,55,0.12,Global,Medium,High,2021-12-17,2022-08-20,,False,False
THREAT-00427,SilverFox,Data Exfiltration,T1059 Command and Scripting Interpreter,IT Services,Kubernetes Cluster,False,9,0.48,Global,Low,Low,2024-12-02,2025-08-01,CVE-2026-74905,False,False
THREAT-00428,Hacktivist Group,Insider Threat,T1027 Obfuscated Files or Information,E-commerce,Domain Controller,True,4,0.25,Global,Medium,Medium,2025-02-19,2025-06-28,,False,True
THREAT-00429,LockBit,DDoS,T1486 Data Encrypted for Impact,Energy,Employee Laptop,False,63,0.48,Americas,Medium,Medium,2023-07-01,2024-02-08,,False,False
THREAT-00430,FIN7,Zero-Day Exploit,T1071 Application Layer Protocol,Government,Cloud VM,False,15,0.46,Global,Critical,Low,2025-05-27,2026-01-20,CVE-2026-5978,False,True
THREAT-00431,APT28,Zero-Day Exploit,T1027 Obfuscated Files or Information,Insurance,Kubernetes Cluster,False,42,0.59,Americas,Low,High,2023-02-10,2023-09-22,,False,False
THREAT-00432,Scattered Spider,Credential Theft,T1053 Scheduled Task/Job,Energy,Storage Bucket,True,84,0.21,Americas,Low,High,2024-06-12,2024-12-07,CVE-2026-66665,False,True
THREAT-00433,SilverFox,Insider Threat,T1566 Phishing,Government,Employee Laptop,False,2,0.39,India,High,High,2023-02-18,2024-01-26,CVE-2026-55521,False,True
THREAT-00434,Nation-State (Russia),Data Exfiltration,T1048 Exfiltration Over Alternative Protocol,Manufacturing,Storage Bucket,False,81,0.44,Global,Critical,High,2026-03-20,2026-09-04,CVE-2026-80548,False,False
THREAT-00435,Sandworm,Supply Chain Attack,T1082 System Information Discovery,Government,Kubernetes Cluster,True,17,0.58,Americas,High,Medium,2025-06-07,2026-04-06,CVE-2026-53551,False,False
THREAT-00436,APT29,Zero-Day Exploit,T1486 Data Encrypted for Impact,Government,Cloud VM,False,64,0.56,Global,High,Medium,2023-02-28,2023-07-12,,False,False
THREAT-00437,Insider,Business Email Compromise,T1105 Ingress Tool Transfer,Energy,Email Server,True,66,0.31,Global,Medium,Medium,2022-09-11,2023-08-02,,True,False
THREAT-00438,Unknown,DDoS,T1070 Indicator Removal,Government,Web Server,False,89,0.82,Americas,Low,Medium,2024-09-20,2025-02-17,,False,False
THREAT-00439,Scattered Spider,Cloud Misconfiguration Exploitation,T1071 Application Layer Protocol,E-commerce,Employee Laptop,False,55,0.35,Global,Low,High,2023-11-24,2023-11-26,,False,False
THREAT-00440,Mustang Panda,Phishing,T1027 Obfuscated Files or Information,E-commerce,Employee Laptop,False,11,0.29,Americas,Low,Low,2024-07-15,2024-08-01,CVE-2026-48549,False,False
THREAT-00441,Scattered Spider,Business Email Compromise,T1071 Application Layer Protocol,Manufacturing,Employee Laptop,False,49,0.56,India,High,Medium,2021-07-11,2021-08-18,CVE-2026-81101,False,False
THREAT-00442,Insider,Business Email Compromise,T1486 Data Encrypted for Impact,IT Services,Database Server,True,66,0.24,Americas,Medium,Medium,2025-08-16,2026-05-07,,False,False
THREAT-00443,Nation-State (Iran),Supply Chain Attack,T1059 Command and Scripting Interpreter,E-commerce,Database Server,True,78,0.36,India,High,Medium,2025-09-16,2026-07-11,CVE-2026-84201,False,True
THREAT-00444,Nation-State (China),DDoS,T1566 Phishing,Government,Storage Bucket,False,138,0.82,India,Low,High,2022-11-03,2022-11-04,CVE-2026-65770,False,False
THREAT-00445,SilverFox,Supply Chain Attack,T1562 Impair Defenses,IT Services,Web Server,False,50,0.39,Asia-Pacific,Medium,Low,2022-01-01,2022-09-19,CVE-2026-10134,False,False
THREAT-00446,LockBit,Business Email Compromise,T1003 OS Credential Dumping,E-commerce,Payment Gateway,True,55,0.5,India,High,Low,2026-04-21,2026-09-04,CVE-2026-22608,False,False
THREAT-00447,Nation-State (Russia),Cloud Misconfiguration Exploitation,T1486 Data Encrypted for Impact,Insurance,Storage Bucket,True,84,0.59,India,Critical,High,2024-10-24,2025-06-15,,False,True
THREAT-00448,Mustang Panda,Credential Theft,T1055 Process Injection,Manufacturing,Cloud VM,True,59,0.18,Asia-Pacific,Critical,High,2025-04-25,2026-04-16,,False,False
THREAT-00449,Unknown,Phishing,T1055 Process Injection,Education,Domain Controller,True,96,0.18,EMEA,High,High,2024-03-04,2024-07-29,CVE-2026-60365,False,False
THREAT-00450,Cybercrime Syndicate,Phishing,T1053 Scheduled Task/Job,Education,Employee Laptop,True,81,0.47,India,Low,Medium,2025-08-23,2025-10-18,CVE-2026-1162,False,False
THREAT-00451,Sandworm,Business Email Compromise,T1133 External Remote Services,Healthcare,Domain Controller,False,57,0.43,Asia-Pacific,Critical,Medium,2022-11-27,2022-12-01,CVE-2026-26899,False,True
THREAT-00452,Nation-State (Iran),Cloud Misconfiguration Exploitation,T1070 Indicator Removal,Manufacturing,Employee Laptop,False,36,0.41,Asia-Pacific,High,High,2022-11-18,2023-05-15,CVE-2026-62193,False,False
THREAT-00453,SilverFox,Business Email Compromise,T1053 Scheduled Task/Job,E-commerce,SaaS Application,False,50,0.13,EMEA,Medium,Medium,2022-11-18,2022-12-16,,False,False
THREAT-00454,Nation-State (Iran),Business Email Compromise,T1003 OS Credential Dumping,Government,Domain Controller,True,45,0.41,EMEA,Low,Medium,2025-10-29,2026-02-28,,False,False
THREAT-00455,ALPHV,Supply Chain Attack,T1082 System Information Discovery,Government,Payment Gateway,True,45,0.5,Americas,Critical,Medium,2023-08-21,2023-09-13,CVE-2026-58001,True,False
THREAT-00456,LockBit,Supply Chain Attack,T1190 Exploit Public-Facing Application,Manufacturing,Employee Laptop,False,54,0.26,Asia-Pacific,High,Low,2023-05-23,2023-09-27,CVE-2026-79195,False,False
THREAT-00457,Hacktivist Group,Insider Threat,T1070 Indicator Removal,Energy,Web Server,True,6,0.34,Asia-Pacific,Critical,High,2023-11-02,2024-02-25,CVE-2026-76657,False,True
THREAT-00458,Scattered Spider,DDoS,T1569 System Services,Energy,Email Server,True,134,0.86,India,Medium,High,2026-01-11,2026-05-07,,False,False
THREAT-00459,Insider,Supply Chain Attack,T1562 Impair Defenses,Manufacturing,Cloud VM,False,24,0.24,Asia-Pacific,Medium,High,2024-03-07,2024-08-25,CVE-2026-84647,False,True
THREAT-00460,SilverFox,Data Exfiltration,T1486 Data Encrypted for Impact,Education,Payment Gateway,True,5,0.6,Asia-Pacific,High,Low,2026-06-10,2026-09-04,,False,True
THREAT-00461,APT28,Ransomware,T1059 Command and Scripting Interpreter,Energy,Domain Controller,False,43,0.63,India,Critical,Medium,2022-03-19,2022-12-22,,True,True
THREAT-00462,Nation-State (China),Phishing,T1078 Valid Accounts,IT Services,Database Server,False,34,0.3,Global,Medium,High,2026-02-14,2026-09-04,,False,False
THREAT-00463,SilverFox,Cloud Misconfiguration Exploitation,T1082 System Information Discovery,Healthcare,API Gateway,True,9,0.22,India,High,Medium,2023-07-31,2024-05-18,CVE-2026-81283,False,True
THREAT-00464,LockBit,Credential Theft,T1110 Brute Force,Telecom,Payment Gateway,True,89,0.41,Global,Critical,Low,2026-04-04,2026-09-04,CVE-2026-7248,False,False
THREAT-00465,TA505,Phishing,T1053 Scheduled Task/Job,Healthcare,Cloud VM,False,40,0.12,Global,Critical,High,2025-01-03,2025-09-19,,False,True
THREAT-00466,Scattered Spider,Ransomware,T1055 Process Injection,E-commerce,SaaS Application,True,29,0.43,Global,Low,Medium,2022-11-08,2022-12-11,CVE-2026-54739,True,True
THREAT-00467,TA505,Supply Chain Attack,T1078 Valid Accounts,E-commerce,Storage Bucket,True,86,0.24,EMEA,Low,Medium,2025-01-08,2025-01-16,CVE-2026-20030,True,True
THREAT-00468,Nation-State (Iran),Cloud Misconfiguration Exploitation,T1566 Phishing,Insurance,Domain Controller,True,95,0.15,Americas,High,Low,2025-07-13,2026-01-27,CVE-2026-73605,False,False
THREAT-00469,LockBit,DDoS,T1082 System Information Discovery,Manufacturing,Email Server,False,66,0.65,Global,Medium,Medium,2022-12-08,2023-10-27,,False,False
THREAT-00470,Script Kiddie,Insider Threat,T1486 Data Encrypted for Impact,Government,Cloud VM,False,1,0.29,Asia-Pacific,Critical,High,2022-05-31,2023-03-14,CVE-2026-58572,False,True
THREAT-00471,Sandworm,Ransomware,T1048 Exfiltration Over Alternative Protocol,Manufacturing,Email Server,False,39,0.62,India,Medium,Medium,2025-06-29,2025-09-25,CVE-2026-63750,True,False
THREAT-00472,FIN7,Ransomware,T1048 Exfiltration Over Alternative Protocol,Energy,Storage Bucket,True,20,0.53,EMEA,Critical,High,2023-10-11,2023-12-23,CVE-2026-59807,True,True
THREAT-00473,FIN7,Cryptojacking,T1110 Brute Force,E-commerce,API Gateway,True,44,0.33,Global,Low,Medium,2024-05-08,2025-01-05,,True,False
THREAT-00474,Insider,Cryptojacking,T1003 OS Credential Dumping,Government,Cloud VM,False,8,0.51,EMEA,High,Low,2023-03-10,2023-09-05,,False,True
THREAT-00475,Conti,Data Exfiltration,T1569 System Services,Healthcare,Cloud VM,False,57,0.19,Global,High,Low,2022-07-23,2022-10-12,,False,True
THREAT-00476,SilverFox,Data Exfiltration,T1569 System Services,Energy,Cloud VM,False,50,0.28,Asia-Pacific,Low,Low,2026-01-03,2026-05-18,CVE-2026-75484,False,True
THREAT-00477,ALPHV,DDoS,T1027 Obfuscated Files or Information,E-commerce,Storage Bucket,False,39,0.89,India,High,Low,2023-03-26,2023-08-16,,False,False
THREAT-00478,Turla,Ransomware,T1027 Obfuscated Files or Information,E-commerce,Storage Bucket,False,17,0.63,India,High,Low,2025-04-24,2025-05-09,,True,False
THREAT-00479,ALPHV,Data Exfiltration,T1036 Masquerading,E-commerce,SaaS Application,False,72,0.58,Asia-Pacific,Critical,High,2023-04-18,2023-06-10,CVE-2026-72791,False,False
THREAT-00480,Nation-State (Iran),DDoS,T1070 Indicator Removal,Government,Web Server,True,20,0.7,Global,Medium,High,2023-11-25,2024-04-28,CVE-2026-77218,False,False
THREAT-00481,Sandworm,Supply Chain Attack,T1190 Exploit Public-Facing Application,Education,Domain Controller,True,83,0.41,EMEA,Critical,Medium,2026-07-19,2026-08-17,,False,False
THREAT-00482,APT28,Supply Chain Attack,T1053 Scheduled Task/Job,E-commerce,Storage Bucket,False,31,0.54,Americas,Critical,High,2022-01-21,2023-01-20,CVE-2026-20315,True,False
THREAT-00483,APT29,Zero-Day Exploit,T1486 Data Encrypted for Impact,Telecom,Database Server,False,27,0.49,Asia-Pacific,Low,High,2022-07-09,2023-01-12,CVE-2026-69836,False,False
THREAT-00484,REvil,Phishing,T1082 System Information Discovery,Government,Cloud VM,True,71,0.4,India,Medium,Medium,2022-09-19,2023-07-06,CVE-2026-75951,False,False
THREAT-00485,Cybercrime Syndicate,Supply Chain Attack,T1055 Process Injection,IT Services,Storage Bucket,False,65,0.15,EMEA,Critical,High,2025-10-07,2026-09-01,CVE-2026-59807,False,True
THREAT-00486,Sandworm,Insider Threat,T1078 Valid Accounts,Energy,SaaS Application,False,3,0.14,Asia-Pacific,Medium,Medium,2021-09-03,2021-11-02,CVE-2026-80234,False,True
THREAT-00487,Cybercrime Syndicate,Credential Theft,T1569 System Services,IT Services,Kubernetes Cluster,False,38,0.3,Global,Critical,Low,2021-08-02,2022-03-09,,False,True
THREAT-00488,Kimsuky,Insider Threat,T1110 Brute Force,Government,Database Server,False,1,0.24,Global,High,Medium,2025-12-17,2026-05-12,CVE-2026-12894,False,True
THREAT-00489,APT29,Web Application Attack,T1036 Masquerading,Education,Payment Gateway,False,85,0.3,Americas,Critical,Medium,2021-08-31,2022-03-28,CVE-2026-81807,False,False
THREAT-00490,Lazarus Group,Ransomware,T1105 Ingress Tool Transfer,E-commerce,Web Server,False,15,0.46,Asia-Pacific,High,Low,2021-07-21,2022-02-24,CVE-2026-30934,True,True
THREAT-00491,Unknown,Insider Threat,T1059 Command and Scripting Interpreter,Insurance,Email Server,False,6,0.4,EMEA,Critical,High,2023-04-22,2024-03-10,,False,True
THREAT-00492,APT28,Cryptojacking,T1027 Obfuscated Files or Information,E-commerce,Email Server,True,24,0.16,Global,Medium,Medium,2023-01-31,2023-05-09,CVE-2026-82652,True,True
THREAT-00493,TA505,Credential Theft,T1071 Application Layer Protocol,Government,API Gateway,True,33,0.14,EMEA,Medium,Low,2024-03-26,2024-05-23,,False,False
THREAT-00494,Script Kiddie,Data Exfiltration,T1133 External Remote Services,Insurance,Web Server,False,32,0.1,Asia-Pacific,High,Medium,2024-06-13,2024-12-05,,False,False
THREAT-00495,Unknown,DDoS,T1569 System Services,E-commerce,Domain Controller,True,92,0.82,Asia-Pacific,Critical,Low,2026-02-10,2026-05-11,CVE-2026-6026,False,False
THREAT-00496,APT28,Cryptojacking,T1027 Obfuscated Files or Information,E-commerce,Web Server,True,31,0.42,Asia-Pacific,Critical,Low,2024-04-22,2025-01-13,,False,True
THREAT-00497,Insider,Zero-Day Exploit,T1070 Indicator Removal,Manufacturing,Database Server,False,16,0.19,Asia-Pacific,High,Low,2026-01-06,2026-02-22,CVE-2026-52837,False,False
THREAT-00498,Kimsuky,DDoS,T1566 Phishing,E-commerce,Employee Laptop,False,114,0.8,India,Critical,Low,2021-11-03,2022-10-19,,False,False
THREAT-00499,APT29,Zero-Day Exploit,T1486 Data Encrypted for Impact,Government,Email Server,False,23,0.55,Global,Low,High,2026-08-05,2026-09-04,,False,True
THREAT-00500,Scattered Spider,Zero-Day Exploit,T1078 Valid Accounts,Manufacturing,Cloud VM,True,7,0.36,Asia-Pacific,Low,Low,2021-10-07,2022-05-23,CVE-2026-66006,False,False
THREAT-00501,APT29,Credential Theft,T1566 Phishing,IT Services,Database Server,True,82,0.16,Americas,Medium,High,2025-07-31,2026-02-25,,False,False
THREAT-00502,Insider,DDoS,T1190 Exploit Public-Facing Application,Government,Domain Controller,True,20,0.61,Global,Critical,Low,2021-04-12,2021-07-08,,False,False
THREAT-00503,Lazarus Group,Phishing,T1562 Impair Defenses,E-commerce,Kubernetes Cluster,True,6,0.21,India,High,Low,2024-10-16,2025-09-03,,False,True
THREAT-00504,Unknown,Cloud Misconfiguration Exploitation,T1003 OS Credential Dumping,Government,Storage Bucket,False,64,0.22,Asia-Pacific,Medium,Medium,2023-02-18,2023-11-17,,False,False
THREAT-00505,Insider,DDoS,T1055 Process Injection,Insurance,Kubernetes Cluster,False,75,0.67,India,Medium,Medium,2026-06-21,2026-09-04,,False,False
THREAT-00506,Kimsuky,Business Email Compromise,T1110 Brute Force,E-commerce,Payment Gateway,False,32,0.14,Global,Medium,Low,2026-03-21,2026-09-04,,False,False
THREAT-00507,Conti,Insider Threat,T1021 Remote Services,Manufacturing,Storage Bucket,False,10,0.26,Americas,High,High,2021-05-02,2022-02-11,,False,True
THREAT-00508,Hacktivist Group,Ransomware,T1048 Exfiltration Over Alternative Protocol,Energy,Kubernetes Cluster,True,5,0.46,EMEA,Critical,High,2022-07-13,2023-02-05,CVE-2026-81633,True,False
THREAT-00509,Nation-State (Iran),DDoS,T1070 Indicator Removal,Insurance,Employee Laptop,True,193,0.41,EMEA,Medium,Low,2024-07-19,2024-11-14,,False,False
THREAT-00510,FIN7,Insider Threat,T1110 Brute Force,Healthcare,Employee Laptop,False,3,0.38,Asia-Pacific,Medium,Medium,2023-06-11,2023-07-21,CVE-2026-8983,False,True
THREAT-00511,REvil,Data Exfiltration,T1027 Obfuscated Files or Information,Insurance,Storage Bucket,False,46,0.49,EMEA,Low,Low,2024-12-03,2025-10-20,CVE-2026-7125,False,True
THREAT-00512,Hacktivist Group,Cloud Misconfiguration Exploitation,T1003 OS Credential Dumping,E-commerce,Cloud VM,False,67,0.38,India,Critical,Low,2022-01-11,2022-07-07,,False,False
THREAT-00513,Nation-State (Russia),Zero-Day Exploit,T1059 Command and Scripting Interpreter,Insurance,API Gateway,True,16,0.45,Americas,Critical,High,2024-03-27,2024-06-07,,False,False
THREAT-00514,Turla,Business Email Compromise,T1048 Exfiltration Over Alternative Protocol,Insurance,Employee Laptop,True,76,0.13,EMEA,Low,Low,2022-01-16,2022-10-26,CVE-2026-18684,False,False
THREAT-00515,Insider,Cloud Misconfiguration Exploitation,T1486 Data Encrypted for Impact,Manufacturing,API Gateway,False,75,0.15,Global,Medium,Medium,2021-05-18,2021-09-07,,False,True
THREAT-00516,REvil,Phishing,T1566 Phishing,IT Services,Kubernetes Cluster,False,50,0.51,EMEA,Critical,Medium,2025-08-23,2026-02-16,CVE-2026-73630,False,False
THREAT-00517,Nation-State (Iran),DDoS,T1562 Impair Defenses,E-commerce,Payment Gateway,False,84,0.44,EMEA,Low,High,2021-08-05,2021-10-01,,False,False
THREAT-00518,Script Kiddie,DDoS,T1110 Brute Force,E-commerce,Email Server,False,60,0.64,Global,Medium,High,2023-06-01,2024-02-21,,False,False
THREAT-00519,APT28,Ransomware,T1082 System Information Discovery,Insurance,Web Server,False,42,0.41,Asia-Pacific,Critical,High,2024-10-08,2025-04-28,,True,True
THREAT-00520,Nation-State (Iran),Supply Chain Attack,T1027 Obfuscated Files or Information,Manufacturing,API Gateway,False,41,0.38,EMEA,High,Medium,2026-04-28,2026-09-04,,False,False
THREAT-00521,Kimsuky,Cryptojacking,T1027 Obfuscated Files or Information,Government,Domain Controller,True,83,0.34,Global,High,Medium,2021-07-24,2021-12-09,CVE-2026-12553,False,False
THREAT-00522,REvil,Zero-Day Exploit,T1048 Exfiltration Over Alternative Protocol,Energy,API Gateway,False,64,0.18,India,Low,Low,2022-04-27,2022-07-03,CVE-2026-41486,False,True
THREAT-00523,Hacktivist Group,Business Email Compromise,T1078 Valid Accounts,Government,Web Server,True,28,0.42,India,Critical,Low,2026-03-02,2026-05-03,,False,False
THREAT-00524,FIN7,Credential Theft,T1190 Exploit Public-Facing Application,Energy,Cloud VM,False,38,0.31,India,High,Medium,2025-04-02,2025-08-17,,False,False
THREAT-00525,LockBit,Credential Theft,T1027 Obfuscated Files or Information,Government,Kubernetes Cluster,False,59,0.18,EMEA,Low,High,2025-10-29,2026-09-04,,False,False
THREAT-00526,TA505,Credential Theft,T1105 Ingress Tool Transfer,Government,Cloud VM,False,44,0.11,Global,Critical,Medium,2024-08-26,2025-05-07,,False,False
THREAT-00527,Nation-State (Russia),Cloud Misconfiguration Exploitation,T1105 Ingress Tool Transfer,Insurance,Domain Controller,False,10,0.6,Americas,Low,Low,2021-08-08,2022-01-24,CVE-2026-85053,False,False
THREAT-00528,Conti,Cloud Misconfiguration Exploitation,T1566 Phishing,Education,Domain Controller,False,10,0.35,Americas,Low,Low,2025-04-01,2026-03-17,,False,True
THREAT-00529,Lazarus Group,Business Email Compromise,T1003 OS Credential Dumping,Government,SaaS Application,False,95,0.12,Asia-Pacific,Medium,High,2023-01-30,2023-03-21,CVE-2026-80234,False,False
THREAT-00530,LockBit,Phishing,T1569 System Services,E-commerce,Database Server,True,47,0.36,India,Critical,High,2025-06-04,2025-11-05,CVE-2026-76008,False,False
THREAT-00531,LockBit,Phishing,T1110 Brute Force,Energy,Kubernetes Cluster,False,32,0.32,Americas,Critical,Medium,2026-02-28,2026-09-04,,False,True
THREAT-00532,Kimsuky,Ransomware,T1190 Exploit Public-Facing Application,IT Services,SaaS Application,True,25,0.67,Americas,Critical,High,2022-10-23,2023-09-11,,True,True
THREAT-00533,FIN7,Ransomware,T1071 Application Layer Protocol,Government,Storage Bucket,True,27,0.59,Global,Medium,Medium,2024-09-20,2024-12-13,,True,True
THREAT-00534,Cybercrime Syndicate,Phishing,T1071 Application Layer Protocol,Manufacturing,Kubernetes Cluster,False,22,0.58,Americas,High,Medium,2022-11-04,2023-09-04,,False,True
THREAT-00535,ALPHV,Web Application Attack,T1036 Masquerading,IT Services,Domain Controller,False,89,0.39,Asia-Pacific,Critical,Medium,2024-04-29,2024-08-07,,False,False
THREAT-00536,Cybercrime Syndicate,Insider Threat,T1053 Scheduled Task/Job,IT Services,Kubernetes Cluster,False,4,0.16,EMEA,Critical,High,2023-03-09,2024-01-06,CVE-2026-84326,False,True
THREAT-00537,Cybercrime Syndicate,Phishing,T1070 Indicator Removal,Insurance,Database Server,False,53,0.17,Global,High,Low,2025-01-26,2025-06-02,CVE-2026-45099,False,True
THREAT-00538,FIN7,Zero-Day Exploit,T1036 Masquerading,Telecom,Payment Gateway,False,78,0.5,Global,Medium,High,2021-08-14,2022-05-10,,False,False
THREAT-00539,ALPHV,Business Email Compromise,T1055 Process Injection,Education,Storage Bucket,False,90,0.55,EMEA,Low,Medium,2025-07-28,2025-11-16,CVE-2026-81851,False,True
THREAT-00540,REvil,Supply Chain Attack,T1486 Data Encrypted for Impact,E-commerce,Payment Gateway,True,95,0.3,EMEA,High,High,2026-07-15,2026-09-04,,False,True
THREAT-00541,Nation-State (Russia),Credential Theft,T1055 Process Injection,Government,Storage Bucket,False,91,0.17,India,Low,Medium,2023-01-01,2023-02-06,,False,False
THREAT-00542,APT28,Zero-Day Exploit,T1059 Command and Scripting Interpreter,E-commerce,Web Server,True,16,0.28,EMEA,Critical,High,2024-04-22,2025-01-04,,False,False
THREAT-00543,Nation-State (Russia),Cryptojacking,T1021 Remote Services,E-commerce,Database Server,False,89,0.24,EMEA,Low,High,2023-08-19,2024-05-06,CVE-2026-7719,False,False
THREAT-00544,Mustang Panda,DDoS,T1190 Exploit Public-Facing Application,Insurance,Kubernetes Cluster,True,122,0.44,EMEA,Medium,Low,2024-07-06,2024-09-27,CVE-2026-9436,False,False
THREAT-00545,Nation-State (Russia),Supply Chain Attack,T1078 Valid Accounts,IT Services,Email Server,False,7,0.54,Americas,Medium,Medium,2021-07-12,2022-02-24,CVE-2026-19983,False,True
THREAT-00546,SilverFox,Zero-Day Exploit,T1562 Impair Defenses,Education,Database Server,False,96,0.16,India,Low,High,2022-09-06,2023-01-02,,False,False
THREAT-00547,TA505,Insider Threat,T1071 Application Layer Protocol,E-commerce,Email Server,False,7,0.15,Asia-Pacific,High,Medium,2024-02-24,2024-10-11,,False,True
THREAT-00548,LockBit,Cryptojacking,T1486 Data Encrypted for Impact,Government,Kubernetes Cluster,False,13,0.57,EMEA,Critical,Low,2024-01-08,2024-06-09,CVE-2026-63311,False,True
THREAT-00549,REvil,Data Exfiltration,T1566 Phishing,Energy,Web Server,False,86,0.11,Asia-Pacific,Medium,Medium,2024-03-28,2024-12-23,,False,False
THREAT-00550,Kimsuky,Ransomware,T1110 Brute Force,E-commerce,SaaS Application,False,50,0.57,Asia-Pacific,Medium,High,2023-03-14,2023-06-30,CVE-2026-73048,True,True
THREAT-00551,Lazarus Group,Credential Theft,T1027 Obfuscated Files or Information,Telecom,Email Server,False,61,0.41,EMEA,High,Medium,2023-08-30,2024-03-12,,True,False
THREAT-00552,Kimsuky,Web Application Attack,T1133 External Remote Services,E-commerce,API Gateway,False,36,0.39,Asia-Pacific,Critical,Medium,2022-12-20,2023-11-19,,False,False
THREAT-00553,Hacktivist Group,Cryptojacking,T1569 System Services,IT Services,Payment Gateway,True,66,0.25,Asia-Pacific,Low,Low,2021-08-18,2021-08-24,,False,True
THREAT-00554,Lazarus Group,Cloud Misconfiguration Exploitation,T1110 Brute Force,Healthcare,API Gateway,True,18,0.43,EMEA,Low,High,2021-12-16,2022-04-20,,False,False
THREAT-00555,Lazarus Group,Phishing,T1562 Impair Defenses,E-commerce,Storage Bucket,False,90,0.3,Global,High,Low,2021-12-03,2022-07-22,,False,True
THREAT-00556,Mustang Panda,Zero-Day Exploit,T1133 External Remote Services,Energy,Email Server,True,99,0.17,Americas,Medium,Low,2023-08-30,2024-05-31,CVE-2026-45480,False,False
THREAT-00557,Lazarus Group,DDoS,T1190 Exploit Public-Facing Application,Energy,Cloud VM,False,45,0.5,Global,Medium,High,2025-02-09,2025-03-18,CVE-2026-78168,False,False
THREAT-00558,Unknown,Insider Threat,T1133 External Remote Services,Insurance,Payment Gateway,True,8,0.22,Americas,Medium,Low,2022-05-19,2023-01-13,CVE-2026-22612,False,True
THREAT-00559,Sandworm,Web Application Attack,T1027 Obfuscated Files or Information,E-commerce,Payment Gateway,False,23,0.59,EMEA,Medium,Low,2024-10-10,2025-03-05,,False,True
THREAT-00560,Insider,Insider Threat,T1190 Exploit Public-Facing Application,Education,Storage Bucket,True,8,0.26,Asia-Pacific,Low,High,2025-11-21,2026-03-25,,False,True
THREAT-00561,Insider,Ransomware,T1133 External Remote Services,Government,SaaS Application,False,18,0.41,EMEA,Medium,High,2025-06-06,2026-03-15,CVE-2026-19853,True,True
THREAT-00562,APT28,Cloud Misconfiguration Exploitation,T1486 Data Encrypted for Impact,Healthcare,Email Server,False,26,0.22,Global,Low,High,2022-07-16,2022-12-29,,False,False
THREAT-00563,FIN7,Business Email Compromise,T1562 Impair Defenses,Education,Kubernetes Cluster,False,46,0.47,EMEA,High,High,2022-11-11,2023-09-02,CVE-2026-63096,False,False
THREAT-00564,REvil,Phishing,T1486 Data Encrypted for Impact,Government,API Gateway,True,36,0.36,Americas,High,Medium,2026-04-05,2026-04-07,,True,True
THREAT-00565,APT29,Insider Threat,T1055 Process Injection,Energy,Storage Bucket,False,1,0.38,Americas,High,Medium,2025-05-28,2026-03-26,,False,True
THREAT-00566,Mustang Panda,Phishing,T1562 Impair Defenses,Telecom,Email Server,False,36,0.56,Global,Medium,High,2022-12-02,2023-07-01,,False,True
THREAT-00567,Kimsuky,Phishing,T1190 Exploit Public-Facing Application,Telecom,Database Server,True,79,0.27,India,High,Medium,2023-06-24,2024-02-28,,False,True
THREAT-00568,APT28,Cloud Misconfiguration Exploitation,T1486 Data Encrypted for Impact,Government,Storage Bucket,False,91,0.33,Americas,Low,Medium,2021-04-29,2021-12-18,CVE-2026-59648,True,False
THREAT-00569,Unknown,Zero-Day Exploit,T1071 Application Layer Protocol,E-commerce,Kubernetes Cluster,True,31,0.23,EMEA,Medium,Low,2023-05-25,2023-10-02,,True,False
THREAT-00570,Turla,DDoS,T1078 Valid Accounts,Government,Storage Bucket,False,194,0.86,EMEA,Low,High,2023-02-26,2023-04-17,CVE-2026-65624,False,False
THREAT-00571,Cybercrime Syndicate,Supply Chain Attack,T1053 Scheduled Task/Job,Manufacturing,Kubernetes Cluster,False,88,0.39,Americas,High,High,2023-10-12,2024-01-15,,False,False
THREAT-00572,FIN7,Cryptojacking,T1071 Application Layer Protocol,E-commerce,Payment Gateway,True,20,0.2,Asia-Pacific,Medium,Low,2026-03-16,2026-07-17,,False,False
THREAT-00573,LockBit,Ransomware,T1003 OS Credential Dumping,Energy,Payment Gateway,True,6,0.69,Americas,Low,Low,2022-05-25,2022-06-08,,True,False
THREAT-00574,LockBit,Business Email Compromise,T1078 Valid Accounts,Insurance,Web Server,True,22,0.4,Asia-Pacific,High,Medium,2023-08-11,2023-12-03,,False,False
THREAT-00575,Sandworm,Web Application Attack,T1105 Ingress Tool Transfer,Government,Storage Bucket,False,51,0.55,India,Low,Medium,2023-08-25,2024-01-23,CVE-2026-55401,False,True
THREAT-00576,Mustang Panda,Cryptojacking,T1071 Application Layer Protocol,Education,Cloud VM,True,21,0.48,India,Critical,High,2023-05-11,2023-07-09,,False,False
THREAT-00577,REvil,DDoS,T1110 Brute Force,Manufacturing,Email Server,False,102,0.63,Global,Medium,Low,2022-11-24,2023-09-26,CVE-2026-72744,False,False
THREAT-00578,REvil,Ransomware,T1110 Brute Force,Government,Kubernetes Cluster,True,38,0.53,EMEA,Critical,High,2024-02-13,2024-12-02,,True,True
THREAT-00579,Nation-State (China),Phishing,T1071 Application Layer Protocol,Government,Cloud VM,True,71,0.14,Asia-Pacific,Medium,Medium,2022-10-01,2023-03-03,,False,False
THREAT-00580,APT29,Data Exfiltration,T1027 Obfuscated Files or Information,Manufacturing,Storage Bucket,True,44,0.47,Asia-Pacific,Low,Medium,2026-03-26,2026-09-04,CVE-2026-61505,False,False
THREAT-00581,FIN7,Business Email Compromise,T1190 Exploit Public-Facing Application,Energy,Email Server,True,100,0.34,Global,High,Low,2022-10-07,2023-05-01,CVE-2026-3703,False,True
THREAT-00582,SilverFox,Insider Threat,T1486 Data Encrypted for Impact,IT Services,Database Server,False,9,0.3,Global,Medium,High,2023-09-14,2024-07-10,,False,True
THREAT-00583,APT29,Zero-Day Exploit,T1105 Ingress Tool Transfer,Manufacturing,SaaS Application,True,96,0.46,EMEA,High,Medium,2021-08-11,2021-10-22,,False,True
THREAT-00584,LockBit,Zero-Day Exploit,T1055 Process Injection,Telecom,Storage Bucket,False,77,0.42,Asia-Pacific,Low,Medium,2022-09-24,2023-09-18,CVE-2026-7823,False,False
THREAT-00585,LockBit,Cryptojacking,T1078 Valid Accounts,Manufacturing,Payment Gateway,True,95,0.26,EMEA,Medium,Medium,2025-02-21,2025-08-18,CVE-2026-50160,False,False
THREAT-00586,Sandworm,Phishing,T1133 External Remote Services,Education,Domain Controller,False,55,0.53,India,High,Low,2022-09-04,2023-05-09,,False,False
THREAT-00587,Nation-State (Iran),Credential Theft,T1059 Command and Scripting Interpreter,Government,Cloud VM,True,5,0.27,India,Low,Medium,2024-08-18,2025-02-22,,False,True
THREAT-00588,Turla,Insider Threat,T1569 System Services,IT Services,Database Server,False,9,0.11,Americas,Low,Medium,2023-02-25,2023-07-08,CVE-2026-48286,False,True
THREAT-00589,Turla,Ransomware,T1071 Application Layer Protocol,Government,Payment Gateway,True,11,0.46,Americas,High,Low,2025-02-24,2025-10-05,CVE-2026-80692,True,True
THREAT-00590,FIN7,Phishing,T1021 Remote Services,IT Services,Cloud VM,False,63,0.48,Americas,Critical,Low,2025-03-06,2025-06-09,,False,True
THREAT-00591,Lazarus Group,Web Application Attack,T1059 Command and Scripting Interpreter,Government,Email Server,False,83,0.19,Asia-Pacific,Low,High,2023-04-09,2023-07-07,CVE-2026-79772,False,True
THREAT-00592,APT29,Phishing,T1110 Brute Force,Manufacturing,Kubernetes Cluster,True,8,0.19,EMEA,Critical,Low,2023-09-28,2024-05-16,CVE-2026-9408,False,False
THREAT-00593,APT29,Zero-Day Exploit,T1569 System Services,Education,Domain Controller,False,42,0.49,Americas,Critical,Medium,2025-07-22,2026-05-17,,True,False
THREAT-00594,Conti,Business Email Compromise,T1190 Exploit Public-Facing Application,IT Services,Domain Controller,False,86,0.36,Americas,Medium,Low,2023-08-25,2024-07-19,CVE-2026-56758,False,False
THREAT-00595,Unknown,Supply Chain Attack,T1021 Remote Services,Energy,Payment Gateway,False,34,0.2,India,Low,Medium,2023-01-20,2023-07-05,CVE-2026-58231,False,True
THREAT-00596,FIN7,Insider Threat,T1082 System Information Discovery,Energy,Kubernetes Cluster,True,1,0.29,EMEA,Medium,Low,2023-09-23,2023-11-17,,False,True
THREAT-00597,Unknown,Cloud Misconfiguration Exploitation,T1053 Scheduled Task/Job,Manufacturing,Kubernetes Cluster,True,100,0.45,EMEA,Critical,Low,2025-10-29,2026-01-25,CVE-2026-75135,False,False
THREAT-00598,Hacktivist Group,DDoS,T1078 Valid Accounts,Telecom,Cloud VM,False,23,0.84,Americas,Medium,Medium,2023-02-24,2023-12-15,CVE-2026-77034,False,False
THREAT-00599,Mustang Panda,Data Exfiltration,T1071 Application Layer Protocol,Telecom,Cloud VM,True,70,0.37,India,Critical,Medium,2024-05-09,2024-07-04,,False,True
THREAT-00600,FIN7,Data Exfiltration,T1133 External Remote Services,Government,Payment Gateway,True,64,0.45,EMEA,High,High,2022-10-19,2023-04-23,CVE-2026-21077,False,False
THREAT-00601,TA505,Supply Chain Attack,T1003 OS Credential Dumping,Energy,API Gateway,True,21,0.35,EMEA,Critical,High,2021-09-02,2022-05-11,CVE-2026-21076,False,False
THREAT-00602,Conti,Data Exfiltration,T1562 Impair Defenses,Government,API Gateway,True,69,0.2,Asia-Pacific,Low,High,2022-05-13,2023-04-26,CVE-2026-79195,False,False
THREAT-00603,Script Kiddie,Data Exfiltration,T1055 Process Injection,E-commerce,Domain Controller,True,30,0.39,Global,Medium,Low,2025-06-30,2026-02-08,,True,True
THREAT-00604,APT29,DDoS,T1071 Application Layer Protocol,Healthcare,SaaS Application,False,51,0.7,Asia-Pacific,High,Low,2025-04-02,2025-11-11,,False,False
THREAT-00605,FIN7,Zero-Day Exploit,T1053 Scheduled Task/Job,Insurance,Payment Gateway,False,71,0.37,EMEA,Critical,Medium,2026-07-23,2026-09-04,,True,False
THREAT-00606,FIN7,Zero-Day Exploit,T1070 Indicator Removal,Energy,Cloud VM,False,75,0.58,Asia-Pacific,Critical,Medium,2025-02-27,2025-07-08,,False,True
THREAT-00607,Sandworm,Ransomware,T1569 System Services,Government,API Gateway,True,31,0.38,EMEA,Critical,Low,2024-09-09,2025-03-24,CVE-2026-55758,True,True
THREAT-00608,SilverFox,Cryptojacking,T1566 Phishing,Energy,Employee Laptop,True,77,0.14,EMEA,Low,Low,2024-02-29,2025-01-19,,False,False
THREAT-00609,Hacktivist Group,Ransomware,T1021 Remote Services,Energy,Employee Laptop,True,25,0.37,Global,High,Medium,2024-09-08,2024-09-30,CVE-2026-45754,True,True
THREAT-00610,Lazarus Group,Credential Theft,T1082 System Information Discovery,E-commerce,Employee Laptop,False,25,0.22,Americas,High,Medium,2024-03-22,2024-05-21,,False,False
THREAT-00611,APT28,Zero-Day Exploit,T1190 Exploit Public-Facing Application,Government,API Gateway,False,19,0.14,India,Low,Medium,2026-02-12,2026-05-25,CVE-2026-82635,False,False
THREAT-00612,Kimsuky,Cryptojacking,T1569 System Services,IT Services,SaaS Application,True,31,0.14,Americas,High,Medium,2026-07-03,2026-09-04,CVE-2026-79073,False,False
THREAT-00613,Insider,Web Application Attack,T1021 Remote Services,Manufacturing,Email Server,False,41,0.19,India,High,Medium,2025-04-26,2025-09-11,CVE-2026-81807,False,False
THREAT-00614,APT28,Business Email Compromise,T1027 Obfuscated Files or Information,IT Services,Payment Gateway,True,19,0.52,India,High,Medium,2024-09-23,2024-11-11,,False,False
THREAT-00615,Cybercrime Syndicate,Insider Threat,T1003 OS Credential Dumping,E-commerce,Employee Laptop,True,7,0.32,Americas,Low,Medium,2025-11-21,2026-02-20,CVE-2026-44943,False,True
THREAT-00616,TA505,Zero-Day Exploit,T1003 OS Credential Dumping,Education,Payment Gateway,True,86,0.25,EMEA,Critical,Medium,2026-04-15,2026-06-24,CVE-2026-56162,False,False
THREAT-00617,Sandworm,Ransomware,T1059 Command and Scripting Interpreter,Insurance,API Gateway,False,44,0.39,EMEA,Low,High,2025-04-18,2025-08-06,,True,True
THREAT-00618,Conti,Credential Theft,T1569 System Services,Energy,Email Server,True,56,0.17,Asia-Pacific,High,High,2022-07-09,2023-01-09,CVE-2026-76603,False,True
THREAT-00619,REvil,Cryptojacking,T1486 Data Encrypted for Impact,Government,Database Server,True,47,0.36,India,Low,High,2024-01-10,2024-12-14,CVE-2026-54769,False,True
THREAT-00620,Hacktivist Group,DDoS,T1569 System Services,Manufacturing,Kubernetes Cluster,False,46,0.86,EMEA,Low,High,2023-11-01,2024-08-25,,False,False
THREAT-00621,Hacktivist Group,Cryptojacking,T1569 System Services,E-commerce,Cloud VM,False,77,0.39,Global,High,Medium,2021-04-21,2022-03-04,,False,True
THREAT-00622,Nation-State (China),Credential Theft,T1190 Exploit Public-Facing Application,Manufacturing,SaaS Application,True,73,0.42,Americas,Critical,High,2024-10-15,2025-09-08,CVE-2026-73297,False,False
THREAT-00623,SilverFox,Cloud Misconfiguration Exploitation,T1036 Masquerading,IT Services,API Gateway,False,57,0.26,Asia-Pacific,Critical,Medium,2023-08-12,2024-06-08,,True,True
THREAT-00624,TA505,Supply Chain Attack,T1133 External Remote Services,Energy,Storage Bucket,True,14,0.36,EMEA,Low,Low,2023-03-29,2023-04-07,CVE-2026-79772,False,True
THREAT-00625,ALPHV,Credential Theft,T1110 Brute Force,Energy,Cloud VM,True,32,0.57,Americas,Low,Low,2023-12-06,2024-07-11,CVE-2026-19200,False,False
THREAT-00626,ALPHV,Zero-Day Exploit,T1566 Phishing,Government,Cloud VM,False,81,0.38,Americas,High,High,2025-04-28,2026-01-06,,False,True
THREAT-00627,Sandworm,Credential Theft,T1082 System Information Discovery,Insurance,Payment Gateway,True,46,0.12,EMEA,Low,Medium,2023-12-30,2024-05-09,,False,False
THREAT-00628,Insider,Insider Threat,T1055 Process Injection,Energy,Storage Bucket,False,4,0.13,Asia-Pacific,Medium,Low,2022-06-21,2023-04-05,,False,True
THREAT-00629,SilverFox,Cloud Misconfiguration Exploitation,T1059 Command and Scripting Interpreter,Education,SaaS Application,False,63,0.26,Americas,Low,Medium,2023-08-27,2023-10-17,CVE-2026-66340,False,False
THREAT-00630,Kimsuky,Cryptojacking,T1486 Data Encrypted for Impact,Energy,Web Server,False,25,0.2,EMEA,Low,High,2021-09-18,2022-01-10,CVE-2026-85046,False,True
THREAT-00631,Cybercrime Syndicate,DDoS,T1082 System Information Discovery,Education,Kubernetes Cluster,True,46,0.68,Asia-Pacific,High,Low,2021-10-22,2022-04-26,,False,False
THREAT-00632,APT29,Insider Threat,T1021 Remote Services,E-commerce,Payment Gateway,False,3,0.18,Americas,Critical,High,2025-03-15,2025-08-27,CVE-2026-76606,False,True
THREAT-00633,FIN7,Ransomware,T1078 Valid Accounts,Healthcare,Storage Bucket,True,8,0.62,Asia-Pacific,High,Low,2026-04-29,2026-09-04,CVE-2026-62381,True,False
THREAT-00634,Turla,Phishing,T1566 Phishing,Government,Email Server,False,21,0.49,Asia-Pacific,Low,High,2023-10-04,2024-05-26,,False,False
THREAT-00635,Sandworm,Data Exfiltration,T1569 System Services,Insurance,Storage Bucket,False,36,0.18,Americas,Medium,Medium,2022-12-15,2023-10-19,,True,False
THREAT-00636,Turla,Data Exfiltration,T1486 Data Encrypted for Impact,Energy,Domain Controller,True,62,0.3,Asia-Pacific,Medium,Medium,2022-09-02,2023-02-20,,False,False
THREAT-00637,Conti,Insider Threat,T1562 Impair Defenses,E-commerce,Domain Controller,False,2,0.13,Americas,Medium,High,2022-06-18,2023-05-06,CVE-2026-9386,False,True
THREAT-00638,APT29,Zero-Day Exploit,T1027 Obfuscated Files or Information,Telecom,Email Server,True,47,0.26,Asia-Pacific,Low,Medium,2023-12-30,2024-03-17,CVE-2026-78064,False,False
THREAT-00639,Nation-State (Russia),Zero-Day Exploit,T1566 Phishing,Energy,Email Server,False,31,0.54,India,Critical,Medium,2023-12-08,2024-07-10,,False,True
THREAT-00640,FIN7,Cloud Misconfiguration Exploitation,T1055 Process Injection,Manufacturing,Web Server,False,9,0.4,India,Critical,High,2022-07-31,2022-11-24,,False,False
THREAT-00641,TA505,Web Application Attack,T1082 System Information Discovery,Manufacturing,Cloud VM,False,85,0.41,EMEA,Medium,Medium,2025-08-13,2026-02-26,CVE-2026-76585,False,False
THREAT-00642,REvil,Business Email Compromise,T1059 Command and Scripting Interpreter,Healthcare,Employee Laptop,False,43,0.42,EMEA,Critical,Low,2023-09-24,2024-03-19,,False,False
THREAT-00643,Lazarus Group,Business Email Compromise,T1133 External Remote Services,Insurance,API Gateway,True,93,0.52,Asia-Pacific,Critical,High,2024-05-26,2025-05-19,,False,True
THREAT-00644,Cybercrime Syndicate,Supply Chain Attack,T1003 OS Credential Dumping,E-commerce,SaaS Application,True,60,0.17,EMEA,High,Medium,2024-06-22,2024-07-10,CVE-2026-84697,False,False
THREAT-00645,LockBit,Phishing,T1059 Command and Scripting Interpreter,Energy,Database Server,False,90,0.12,EMEA,Critical,Medium,2026-07-18,2026-09-04,,False,False
THREAT-00646,LockBit,Insider Threat,T1055 Process Injection,Government,Employee Laptop,False,10,0.36,Americas,Critical,High,2023-12-10,2024-09-06,,False,True
THREAT-00647,SilverFox,Cloud Misconfiguration Exploitation,T1021 Remote Services,Government,Web Server,True,37,0.21,EMEA,Medium,High,2023-09-18,2024-07-13,,False,False
THREAT-00648,LockBit,Phishing,T1059 Command and Scripting Interpreter,IT Services,Domain Controller,False,21,0.33,EMEA,High,Low,2026-04-12,2026-08-20,,False,False
THREAT-00649,Nation-State (Iran),Cryptojacking,T1133 External Remote Services,Government,Domain Controller,True,71,0.12,India,Low,Medium,2024-02-01,2024-10-06,,False,False
THREAT-00650,SilverFox,Supply Chain Attack,T1070 Indicator Removal,Telecom,Kubernetes Cluster,False,10,0.31,Global,Low,Medium,2025-02-21,2025-10-05,,False,False
THREAT-00651,APT29,Ransomware,T1078 Valid Accounts,Government,Web Server,False,39,0.77,Asia-Pacific,Critical,High,2024-01-31,2024-08-16,CVE-2026-84131,True,True
THREAT-00652,REvil,Phishing,T1078 Valid Accounts,Energy,Payment Gateway,False,41,0.22,Americas,Critical,Medium,2023-03-06,2023-05-08,CVE-2026-4164,False,False
THREAT-00653,Scattered Spider,Ransomware,T1048 Exfiltration Over Alternative Protocol,E-commerce,Email Server,False,32,0.45,Asia-Pacific,High,Low,2022-07-15,2022-08-14,,True,True
THREAT-00654,REvil,Web Application Attack,T1003 OS Credential Dumping,Government,Cloud VM,True,33,0.31,Asia-Pacific,Low,Low,2024-11-18,2025-03-02,,False,True
THREAT-00655,Conti,Supply Chain Attack,T1053 Scheduled Task/Job,Education,Email Server,False,49,0.14,Asia-Pacific,Low,Low,2024-07-01,2024-09-26,CVE-2026-31887,False,False
THREAT-00656,Script Kiddie,DDoS,T1003 OS Credential Dumping,Energy,Payment Gateway,True,40,0.5,Asia-Pacific,High,High,2022-02-24,2022-11-10,CVE-2026-65956,False,False
THREAT-00657,LockBit,Supply Chain Attack,T1021 Remote Services,Manufacturing,Email Server,False,69,0.39,EMEA,High,Medium,2026-06-13,2026-09-04,CVE-2026-85109,False,False
THREAT-00658,Unknown,Cryptojacking,T1003 OS Credential Dumping,Government,API Gateway,False,30,0.27,India,Critical,Low,2025-05-29,2026-05-07,CVE-2026-22607,False,True
THREAT-00659,Nation-State (Iran),Data Exfiltration,T1021 Remote Services,Manufacturing,Web Server,False,67,0.42,EMEA,Critical,High,2023-08-23,2024-04-25,,False,False
THREAT-00660,Insider,Web Application Attack,T1055 Process Injection,Government,Employee Laptop,False,55,0.13,EMEA,Critical,High,2021-04-18,2021-09-30,CVE-2026-5977,False,False
THREAT-00661,APT28,Cryptojacking,T1133 External Remote Services,E-commerce,Domain Controller,False,48,0.53,EMEA,Low,Medium,2024-01-10,2024-05-29,,False,False
THREAT-00662,ALPHV,Zero-Day Exploit,T1059 Command and Scripting Interpreter,Telecom,Employee Laptop,False,85,0.23,Americas,Critical,Low,2022-03-28,2022-10-24,CVE-2026-9475,False,False
THREAT-00663,Lazarus Group,Data Exfiltration,T1082 System Information Discovery,Government,Storage Bucket,True,90,0.56,India,Critical,High,2024-05-30,2025-03-03,CVE-2026-84649,False,False
THREAT-00664,Kimsuky,DDoS,T1036 Masquerading,E-commerce,Employee Laptop,True,168,0.73,EMEA,High,Medium,2025-01-11,2025-02-27,,False,False
THREAT-00665,Scattered Spider,Ransomware,T1110 Brute Force,E-commerce,Payment Gateway,True,11,0.33,India,Low,Medium,2021-07-26,2022-07-04,,True,False
THREAT-00666,Scattered Spider,Zero-Day Exploit,T1078 Valid Accounts,E-commerce,SaaS Application,True,88,0.23,EMEA,Low,High,2026-04-15,2026-09-04,,False,False
THREAT-00667,ALPHV,Data Exfiltration,T1133 External Remote Services,Government,Domain Controller,False,24,0.38,Asia-Pacific,Critical,High,2021-12-22,2022-05-18,,False,False
THREAT-00668,Turla,Cryptojacking,T1059 Command and Scripting Interpreter,E-commerce,Database Server,False,44,0.13,Americas,Low,High,2025-02-01,2025-07-21,CVE-2026-62996,False,True
THREAT-00669,Nation-State (China),Cloud Misconfiguration Exploitation,T1053 Scheduled Task/Job,Government,Cloud VM,False,80,0.47,Global,Critical,High,2024-06-06,2025-03-06,,False,False
THREAT-00670,Kimsuky,Ransomware,T1036 Masquerading,Energy,Database Server,False,14,0.42,Global,Critical,Low,2024-05-16,2025-05-06,,True,False
THREAT-00671,Lazarus Group,Cryptojacking,T1070 Indicator Removal,IT Services,Storage Bucket,False,82,0.53,India,Medium,Medium,2024-12-10,2025-12-08,CVE-2026-20783,False,False
THREAT-00672,SilverFox,Supply Chain Attack,T1110 Brute Force,E-commerce,API Gateway,False,53,0.55,India,Low,Low,2025-06-04,2026-01-23,CVE-2026-68767,False,False
THREAT-00673,Hacktivist Group,Credential Theft,T1082 System Information Discovery,IT Services,Payment Gateway,False,92,0.48,Global,Medium,Low,2021-09-22,2022-04-28,,False,False
THREAT-00674,Lazarus Group,DDoS,T1027 Obfuscated Files or Information,Education,Cloud VM,False,47,0.65,India,High,Low,2022-03-27,2023-01-06,CVE-2026-77018,False,False
THREAT-00675,Lazarus Group,Business Email Compromise,T1036 Masquerading,Manufacturing,Domain Controller,True,96,0.29,Asia-Pacific,Low,Medium,2023-09-28,2024-02-23,CVE-2026-72744,False,False
THREAT-00676,FIN7,Data Exfiltration,T1566 Phishing,IT Services,Storage Bucket,True,84,0.18,Global,Critical,Low,2024-12-13,2025-02-22,,False,False
THREAT-00677,APT28,DDoS,T1486 Data Encrypted for Impact,Education,Payment Gateway,True,145,0.49,EMEA,Critical,Low,2022-07-10,2023-02-21,CVE-2026-18613,False,False
THREAT-00678,APT29,Credential Theft,T1071 Application Layer Protocol,Education,Kubernetes Cluster,False,31,0.11,Global,High,Low,2025-09-20,2026-08-04,,False,True
THREAT-00679,Nation-State (Iran),Business Email Compromise,T1036 Masquerading,Energy,API Gateway,False,92,0.21,Americas,High,Low,2021-09-09,2021-10-31,,True,True
THREAT-00680,Hacktivist Group,Cloud Misconfiguration Exploitation,T1021 Remote Services,Energy,Cloud VM,False,67,0.51,Americas,Low,Medium,2024-06-09,2025-02-15,,False,False
THREAT-00681,Turla,Business Email Compromise,T1486 Data Encrypted for Impact,Telecom,Kubernetes Cluster,True,86,0.39,India,High,High,2021-06-04,2021-12-13,,False,False
THREAT-00682,Scattered Spider,Data Exfiltration,T1190 Exploit Public-Facing Application,Education,Cloud VM,True,14,0.32,Asia-Pacific,High,Medium,2022-11-04,2023-06-20,,False,True
THREAT-00683,REvil,DDoS,T1110 Brute Force,Manufacturing,Payment Gateway,True,165,0.69,Global,Medium,High,2021-08-27,2022-01-04,CVE-2026-81772,False,False
THREAT-00684,Lazarus Group,Insider Threat,T1082 System Information Discovery,Education,Storage Bucket,True,1,0.39,Asia-Pacific,Low,High,2022-04-24,2022-10-29,CVE-2026-9434,False,True
THREAT-00685,Cybercrime Syndicate,Phishing,T1021 Remote Services,Government,Payment Gateway,True,73,0.27,Asia-Pacific,Low,Low,2025-06-04,2025-08-07,,False,True
THREAT-00686,REvil,Cryptojacking,T1078 Valid Accounts,Insurance,API Gateway,False,11,0.27,India,High,Medium,2024-12-10,2025-06-15,,True,False
THREAT-00687,LockBit,DDoS,T1021 Remote Services,Government,Storage Bucket,False,57,0.43,Global,Medium,Low,2023-06-13,2023-09-03,,False,False
THREAT-00688,Unknown,Data Exfiltration,T1003 OS Credential Dumping,Energy,Storage Bucket,False,23,0.33,India,Low,Low,2024-01-05,2024-03-22,,False,False
THREAT-00689,Cybercrime Syndicate,Cryptojacking,T1003 OS Credential Dumping,E-commerce,Cloud VM,True,41,0.57,Asia-Pacific,Medium,Low,2024-12-10,2024-12-20,CVE-2026-5850,False,False
THREAT-00690,Unknown,DDoS,T1048 Exfiltration Over Alternative Protocol,Energy,API Gateway,False,111,0.55,India,Medium,Low,2026-06-22,2026-08-01,,False,False
THREAT-00691,Script Kiddie,Insider Threat,T1110 Brute Force,Energy,Kubernetes Cluster,True,5,0.3,India,High,High,2022-03-11,2022-08-26,,False,True
THREAT-00692,Insider,Insider Threat,T1082 System Information Discovery,Insurance,Web Server,False,7,0.38,India,Low,High,2024-05-30,2025-03-06,CVE-2026-66002,False,True
THREAT-00693,Lazarus Group,Web Application Attack,T1190 Exploit Public-Facing Application,Energy,Cloud VM,False,43,0.12,India,Low,Medium,2025-11-19,2026-05-29,,False,False
THREAT-00694,Nation-State (Russia),Cloud Misconfiguration Exploitation,T1190 Exploit Public-Facing Application,Government,Database Server,False,40,0.39,Asia-Pacific,Medium,High,2026-04-25,2026-05-23,,False,False
THREAT-00695,APT29,Zero-Day Exploit,T1566 Phishing,Insurance,Payment Gateway,True,85,0.32,EMEA,High,Low,2024-05-12,2024-11-19,,False,False
THREAT-00696,Mustang Panda,Phishing,T1078 Valid Accounts,E-commerce,Domain Controller,False,65,0.29,Global,Low,Medium,2022-04-27,2022-11-05,CVE-2026-72790,False,False
THREAT-00697,Nation-State (Russia),Business Email Compromise,T1003 OS Credential Dumping,IT Services,Employee Laptop,True,67,0.58,Americas,Critical,High,2025-08-12,2026-08-09,CVE-2026-20886,False,True
THREAT-00698,Insider,Data Exfiltration,T1059 Command and Scripting Interpreter,Energy,API Gateway,True,71,0.49,India,Low,Low,2022-08-05,2023-06-18,,False,False
THREAT-00699,Cybercrime Syndicate,Supply Chain Attack,T1048 Exfiltration Over Alternative Protocol,Government,Web Server,False,57,0.18,India,Low,Medium,2025-07-17,2026-05-22,,False,False
THREAT-00700,Lazarus Group,Business Email Compromise,T1036 Masquerading,Telecom,Kubernetes Cluster,True,84,0.39,Americas,Low,Medium,2023-07-13,2023-12-21,CVE-2026-76658,False,False
THREAT-00701,TA505,Web Application Attack,T1110 Brute Force,Education,API Gateway,True,49,0.34,EMEA,High,Medium,2021-06-25,2022-04-02,,False,False
THREAT-00702,Nation-State (China),Credential Theft,T1021 Remote Services,Energy,Email Server,False,43,0.23,Americas,High,Low,2026-04-03,2026-04-30,CVE-2026-79682,False,True
THREAT-00703,FIN7,Business Email Compromise,T1027 Obfuscated Files or Information,Education,API Gateway,False,62,0.53,Global,Critical,Medium,2025-11-04,2026-05-15,,True,False
THREAT-00704,Scattered Spider,Ransomware,T1133 External Remote Services,Manufacturing,Email Server,False,34,0.56,EMEA,Medium,Low,2022-11-24,2023-01-13,,True,True
THREAT-00705,ALPHV,Cryptojacking,T1110 Brute Force,Government,Domain Controller,False,5,0.3,Global,High,High,2025-03-27,2025-06-16,,False,False
THREAT-00706,FIN7,Cloud Misconfiguration Exploitation,T1059 Command and Scripting Interpreter,Telecom,SaaS Application,False,24,0.43,India,Critical,Low,2023-03-27,2024-02-29,,False,True
THREAT-00707,REvil,Data Exfiltration,T1021 Remote Services,Healthcare,Payment Gateway,True,68,0.28,Global,Medium,High,2024-08-08,2024-11-07,,False,False
THREAT-00708,REvil,Cloud Misconfiguration Exploitation,T1562 Impair Defenses,Government,Employee Laptop,False,79,0.16,EMEA,High,Medium,2025-01-15,2025-08-26,CVE-2026-72816,False,True
THREAT-00709,Unknown,DDoS,T1048 Exfiltration Over Alternative Protocol,Government,Database Server,False,184,0.59,EMEA,High,Medium,2023-04-17,2023-05-10,,False,False
THREAT-00710,Sandworm,Business Email Compromise,T1562 Impair Defenses,E-commerce,Web Server,True,79,0.17,Global,Low,Medium,2025-02-22,2026-02-21,,True,True
THREAT-00711,Script Kiddie,Cryptojacking,T1110 Brute Force,IT Services,Domain Controller,False,30,0.23,Americas,High,Low,2021-07-21,2021-08-31,,True,True
THREAT-00712,Turla,Data Exfiltration,T1070 Indicator Removal,IT Services,API Gateway,False,74,0.42,Global,Medium,High,2022-05-30,2023-04-23,,False,False
THREAT-00713,Mustang Panda,DDoS,T1566 Phishing,Government,API Gateway,True,177,0.65,Global,Critical,High,2025-05-16,2025-05-18,CVE-2026-66409,False,False
THREAT-00714,Sandworm,Zero-Day Exploit,T1021 Remote Services,Energy,Payment Gateway,False,69,0.6,Americas,High,High,2021-05-06,2022-02-05,,False,False
THREAT-00715,APT28,Cloud Misconfiguration Exploitation,T1105 Ingress Tool Transfer,Telecom,Payment Gateway,False,93,0.12,Asia-Pacific,High,Medium,2024-08-20,2025-01-01,CVE-2026-3301,False,False
THREAT-00716,Unknown,Insider Threat,T1078 Valid Accounts,Energy,Kubernetes Cluster,False,10,0.32,India,Medium,Medium,2023-07-21,2024-03-07,,False,True
THREAT-00717,Conti,Cryptojacking,T1021 Remote Services,IT Services,Email Server,False,79,0.3,India,Medium,Medium,2022-01-07,2022-04-29,,False,True
THREAT-00718,Unknown,Credential Theft,T1055 Process Injection,Manufacturing,Kubernetes Cluster,False,76,0.25,Global,Critical,High,2025-07-31,2025-11-23,CVE-2026-20275,False,False
THREAT-00719,TA505,Cryptojacking,T1110 Brute Force,Government,Employee Laptop,True,71,0.1,Global,Medium,Low,2024-12-28,2025-06-13,CVE-2026-71920,False,False
THREAT-00720,Nation-State (China),Cloud Misconfiguration Exploitation,T1053 Scheduled Task/Job,Insurance,SaaS Application,False,15,0.6,Americas,Critical,Medium,2024-06-08,2025-04-24,CVE-2026-58095,False,False
THREAT-00721,Unknown,Supply Chain Attack,T1190 Exploit Public-Facing Application,Energy,SaaS Application,True,91,0.11,Asia-Pacific,High,Low,2024-08-02,2024-10-11,CVE-2026-34964,False,True
THREAT-00722,Nation-State (Iran),Data Exfiltration,T1110 Brute Force,Manufacturing,Storage Bucket,True,20,0.16,Global,Low,High,2021-08-21,2022-03-16,CVE-2026-85049,False,False
THREAT-00723,APT28,Business Email Compromise,T1078 Valid Accounts,Energy,API Gateway,False,98,0.49,India,Medium,High,2022-07-08,2023-04-07,CVE-2026-45112,False,False
THREAT-00724,Nation-State (China),Zero-Day Exploit,T1133 External Remote Services,Telecom,SaaS Application,False,30,0.42,India,Medium,Medium,2023-10-20,2024-07-08,,False,False
THREAT-00725,Mustang Panda,Insider Threat,T1027 Obfuscated Files or Information,Healthcare,Database Server,False,8,0.31,Americas,High,High,2022-11-12,2023-05-16,,False,True
THREAT-00726,LockBit,Ransomware,T1036 Masquerading,Energy,API Gateway,False,11,0.3,Asia-Pacific,Critical,Medium,2025-10-21,2026-05-31,,True,True
THREAT-00727,Insider,Web Application Attack,T1059 Command and Scripting Interpreter,E-commerce,Payment Gateway,False,37,0.25,EMEA,Critical,High,2023-01-23,2023-07-06,CVE-2026-73570,False,False
THREAT-00728,Script Kiddie,Phishing,T1082 System Information Discovery,IT Services,Payment Gateway,True,22,0.58,EMEA,Critical,High,2022-08-23,2022-12-08,,False,False
THREAT-00729,LockBit,DDoS,T1078 Valid Accounts,IT Services,SaaS Application,False,96,0.59,Americas,High,Medium,2021-10-17,2022-07-27,CVE-2026-84770,False,False
THREAT-00730,Conti,DDoS,T1562 Impair Defenses,E-commerce,Domain Controller,False,80,0.59,Global,High,High,2022-08-27,2023-02-25,,False,False
THREAT-00731,Lazarus Group,Cloud Misconfiguration Exploitation,T1071 Application Layer Protocol,IT Services,Employee Laptop,True,50,0.29,EMEA,Medium,High,2025-03-20,2025-06-27,,False,True
THREAT-00732,Insider,Cryptojacking,T1059 Command and Scripting Interpreter,Energy,Storage Bucket,False,96,0.17,Global,Critical,Medium,2021-05-11,2022-02-07,CVE-2026-81033,False,True
THREAT-00733,Mustang Panda,Web Application Attack,T1048 Exfiltration Over Alternative Protocol,Education,SaaS Application,True,91,0.35,EMEA,High,Medium,2025-11-24,2026-03-17,,True,False
THREAT-00734,Hacktivist Group,Data Exfiltration,T1070 Indicator Removal,Government,Payment Gateway,False,23,0.48,India,Medium,High,2023-02-06,2023-03-18,,False,True
THREAT-00735,Nation-State (Russia),Data Exfiltration,T1082 System Information Discovery,E-commerce,Database Server,True,87,0.52,Americas,Medium,Low,2025-01-23,2025-03-09,,False,False
THREAT-00736,REvil,Insider Threat,T1133 External Remote Services,Energy,Employee Laptop,False,6,0.17,Asia-Pacific,Critical,Low,2025-02-06,2026-01-25,,False,True
THREAT-00737,Nation-State (Russia),Ransomware,T1133 External Remote Services,Government,Payment Gateway,True,40,0.54,India,High,High,2022-09-28,2023-01-24,CVE-2026-7121,True,True
THREAT-00738,SilverFox,Cryptojacking,T1055 Process Injection,Insurance,Storage Bucket,False,8,0.54,Americas,High,Medium,2021-08-26,2022-07-03,,False,False
THREAT-00739,Turla,Credential Theft,T1055 Process Injection,Government,SaaS Application,False,33,0.51,Global,Medium,High,2023-05-16,2023-12-02,,False,False
THREAT-00740,Nation-State (Russia),Business Email Compromise,T1036 Masquerading,IT Services,API Gateway,False,58,0.59,Asia-Pacific,High,High,2025-07-12,2025-11-17,,False,False
THREAT-00741,FIN7,DDoS,T1021 Remote Services,Education,Domain Controller,False,97,0.67,EMEA,Medium,Medium,2025-04-13,2026-03-16,,False,False
THREAT-00742,Nation-State (Iran),Web Application Attack,T1027 Obfuscated Files or Information,Manufacturing,Storage Bucket,False,35,0.31,Asia-Pacific,Critical,Low,2022-05-16,2022-12-15,CVE-2026-53785,True,False
THREAT-00743,TA505,Cloud Misconfiguration Exploitation,T1569 System Services,E-commerce,Employee Laptop,False,67,0.28,Global,Medium,Medium,2025-03-04,2025-03-18,,False,False
THREAT-00744,Scattered Spider,Web Application Attack,T1071 Application Layer Protocol,Energy,Payment Gateway,False,11,0.59,Asia-Pacific,Medium,Low,2022-01-12,2022-12-22,CVE-2026-81579,False,False
THREAT-00745,Nation-State (Iran),Web Application Attack,T1566 Phishing,Government,SaaS Application,False,84,0.32,EMEA,Critical,Medium,2021-11-16,2022-03-20,,True,False
THREAT-00746,Kimsuky,DDoS,T1569 System Services,Energy,Payment Gateway,False,34,0.88,India,Critical,Medium,2024-05-20,2024-12-29,,False,False
THREAT-00747,Mustang Panda,Ransomware,T1082 System Information Discovery,Education,Cloud VM,True,36,0.4,India,Medium,High,2025-02-13,2025-05-20,CVE-2026-20030,True,True
THREAT-00748,REvil,Phishing,T1078 Valid Accounts,IT Services,Storage Bucket,True,45,0.51,Global,High,Medium,2023-07-27,2024-06-03,CVE-2026-44955,False,False
THREAT-00749,Insider,Business Email Compromise,T1082 System Information Discovery,Education,Domain Controller,False,87,0.19,Global,Medium,Medium,2026-02-02,2026-09-04,,False,False
THREAT-00750,Nation-State (Iran),Business Email Compromise,T1003 OS Credential Dumping,Energy,Payment Gateway,True,90,0.21,Global,Critical,Low,2021-08-16,2022-02-05,,False,True
THREAT-00751,Insider,Zero-Day Exploit,T1082 System Information Discovery,Energy,Web Server,True,47,0.15,India,Medium,Medium,2022-04-25,2022-06-18,CVE-2026-83711,False,True
THREAT-00752,Hacktivist Group,Web Application Attack,T1071 Application Layer Protocol,Energy,Database Server,True,53,0.32,Americas,Medium,High,2026-05-13,2026-09-04,,False,False
THREAT-00753,FIN7,DDoS,T1082 System Information Discovery,Education,Payment Gateway,False,142,0.72,India,High,High,2024-09-08,2024-09-18,,False,False
THREAT-00754,Cybercrime Syndicate,Zero-Day Exploit,T1053 Scheduled Task/Job,Government,Payment Gateway,True,16,0.6,Global,Critical,Low,2025-01-05,2025-11-06,CVE-2026-55734,False,False
THREAT-00755,Nation-State (China),Ransomware,T1059 Command and Scripting Interpreter,Manufacturing,Employee Laptop,False,24,0.65,Americas,Critical,Medium,2022-04-13,2022-12-03,,True,False
THREAT-00756,APT29,DDoS,T1190 Exploit Public-Facing Application,Manufacturing,Email Server,True,107,0.85,Global,Low,Low,2022-05-08,2022-09-03,CVE-2026-59952,False,False
THREAT-00757,ALPHV,Insider Threat,T1055 Process Injection,Government,Web Server,True,4,0.13,EMEA,Critical,High,2023-06-20,2023-11-05,CVE-2026-40873,False,True
THREAT-00758,APT28,Credential Theft,T1070 Indicator Removal,E-commerce,Cloud VM,False,73,0.28,EMEA,Medium,High,2025-09-17,2026-03-29,CVE-2026-53798,False,False
THREAT-00759,Nation-State (China),Cryptojacking,T1082 System Information Discovery,Government,Storage Bucket,True,25,0.6,India,Low,Medium,2023-09-26,2024-04-29,,False,False
THREAT-00760,Kimsuky,DDoS,T1003 OS Credential Dumping,Manufacturing,Web Server,False,141,0.54,EMEA,Medium,Medium,2024-04-21,2025-02-03,,False,False
THREAT-00761,TA505,Zero-Day Exploit,T1027 Obfuscated Files or Information,E-commerce,Domain Controller,False,92,0.19,India,Medium,Low,2023-10-28,2024-07-26,CVE-2026-66665,False,False
THREAT-00762,Nation-State (China),Web Application Attack,T1027 Obfuscated Files or Information,Manufacturing,Email Server,False,100,0.42,EMEA,Low,Medium,2022-09-05,2023-04-15,,False,False
THREAT-00763,Script Kiddie,Phishing,T1566 Phishing,Education,API Gateway,False,32,0.29,EMEA,High,Medium,2024-11-16,2025-09-13,CVE-2026-19806,False,False
THREAT-00764,Script Kiddie,Cryptojacking,T1053 Scheduled Task/Job,Manufacturing,Kubernetes Cluster,True,92,0.17,Americas,Medium,Low,2025-08-24,2026-03-17,CVE-2026-19116,False,False
THREAT-00765,Cybercrime Syndicate,Phishing,T1486 Data Encrypted for Impact,Government,Web Server,False,61,0.51,India,Critical,Medium,2024-07-25,2025-04-20,CVE-2026-65765,True,False
THREAT-00766,Scattered Spider,Cloud Misconfiguration Exploitation,T1110 Brute Force,E-commerce,Employee Laptop,False,61,0.33,India,Medium,High,2022-01-13,2022-10-06,CVE-2026-54350,False,False
THREAT-00767,LockBit,Cloud Misconfiguration Exploitation,T1070 Indicator Removal,Energy,API Gateway,False,25,0.37,Asia-Pacific,High,High,2024-06-05,2025-01-21,CVE-2026-67193,False,True
THREAT-00768,REvil,Cloud Misconfiguration Exploitation,T1003 OS Credential Dumping,E-commerce,Database Server,False,43,0.56,Americas,High,Low,2025-09-05,2025-12-17,CVE-2026-54209,False,False
THREAT-00769,Scattered Spider,Web Application Attack,T1110 Brute Force,Energy,Database Server,False,55,0.44,EMEA,Critical,Low,2026-06-25,2026-09-04,CVE-2026-70651,True,False
THREAT-00770,TA505,DDoS,T1036 Masquerading,Government,Domain Controller,False,182,0.54,India,Medium,Medium,2025-10-25,2026-01-28,,False,False
THREAT-00771,Kimsuky,DDoS,T1078 Valid Accounts,E-commerce,Employee Laptop,False,25,0.61,EMEA,Critical,High,2023-04-06,2023-08-10,CVE-2026-73610,False,False
THREAT-00772,Scattered Spider,Zero-Day Exploit,T1059 Command and Scripting Interpreter,Government,Storage Bucket,False,26,0.57,EMEA,Medium,High,2023-06-18,2023-07-17,,False,False
THREAT-00773,APT28,Supply Chain Attack,T1048 Exfiltration Over Alternative Protocol,E-commerce,Database Server,False,92,0.46,Asia-Pacific,Critical,High,2022-07-12,2023-04-25,,False,False
THREAT-00774,Turla,Supply Chain Attack,T1053 Scheduled Task/Job,Manufacturing,Database Server,True,94,0.34,India,High,High,2024-09-21,2025-04-10,CVE-2026-81101,True,False
THREAT-00775,SilverFox,Insider Threat,T1133 External Remote Services,E-commerce,Storage Bucket,True,4,0.22,Americas,High,Low,2022-12-25,2023-08-18,CVE-2026-59237,False,True
THREAT-00776,Cybercrime Syndicate,Ransomware,T1070 Indicator Removal,E-commerce,Payment Gateway,True,22,0.67,India,Critical,Low,2021-12-22,2022-05-03,CVE-2026-58569,True,False
THREAT-00777,LockBit,Cryptojacking,T1105 Ingress Tool Transfer,E-commerce,Kubernetes Cluster,True,92,0.53,Global,Critical,Medium,2021-07-04,2021-08-07,CVE-2026-85105,False,False
THREAT-00778,Nation-State (Russia),Web Application Attack,T1059 Command and Scripting Interpreter,Manufacturing,Email Server,True,78,0.28,Global,Medium,High,2026-05-24,2026-09-04,CVE-2026-62992,False,False
THREAT-00779,Kimsuky,Web Application Attack,T1021 Remote Services,Energy,Kubernetes Cluster,False,61,0.45,EMEA,Low,Low,2024-05-27,2025-02-11,,False,False
THREAT-00780,Hacktivist Group,DDoS,T1569 System Services,Insurance,Kubernetes Cluster,False,25,0.46,India,Low,High,2024-11-05,2025-04-28,,False,False
THREAT-00781,LockBit,Credential Theft,T1027 Obfuscated Files or Information,E-commerce,API Gateway,False,6,0.26,Americas,High,High,2022-06-10,2023-05-16,CVE-2026-18099,False,False
THREAT-00782,REvil,Ransomware,T1021 Remote Services,E-commerce,Employee Laptop,False,6,0.4,Global,Medium,High,2022-11-27,2023-04-10,,True,True
THREAT-00783,Turla,Cryptojacking,T1048 Exfiltration Over Alternative Protocol,IT Services,Web Server,True,18,0.53,India,Low,Medium,2025-01-12,2025-09-25,,False,True
THREAT-00784,TA505,DDoS,T1082 System Information Discovery,Education,Payment Gateway,False,96,0.44,EMEA,Low,Low,2025-09-01,2026-07-22,CVE-2026-79097,False,False
THREAT-00785,ALPHV,Phishing,T1078 Valid Accounts,Education,Payment Gateway,False,10,0.14,EMEA,Critical,Medium,2023-09-20,2024-03-07,,False,False
THREAT-00786,Kimsuky,Zero-Day Exploit,T1048 Exfiltration Over Alternative Protocol,Energy,Storage Bucket,False,35,0.41,EMEA,Medium,High,2025-05-20,2025-07-05,,False,True
THREAT-00787,Turla,Credential Theft,T1053 Scheduled Task/Job,Energy,Payment Gateway,True,24,0.52,Americas,Low,Low,2025-02-24,2025-06-30,CVE-2026-82635,False,True
THREAT-00788,SilverFox,Supply Chain Attack,T1021 Remote Services,Healthcare,Payment Gateway,False,18,0.38,Americas,Medium,Low,2025-03-09,2025-08-13,,False,False
THREAT-00789,APT29,Web Application Attack,T1562 Impair Defenses,Government,Web Server,False,52,0.15,EMEA,Medium,Medium,2021-11-15,2022-06-10,,True,False
THREAT-00790,Kimsuky,Ransomware,T1048 Exfiltration Over Alternative Protocol,Energy,Email Server,True,39,0.58,Global,Medium,Low,2024-01-20,2024-02-02,,True,True
THREAT-00791,REvil,Supply Chain Attack,T1566 Phishing,E-commerce,Web Server,False,65,0.33,Americas,Critical,Medium,2022-06-19,2022-12-11,CVE-2026-20357,False,False
THREAT-00792,Nation-State (Iran),Credential Theft,T1133 External Remote Services,Energy,API Gateway,False,84,0.45,Asia-Pacific,Medium,Low,2024-08-16,2025-02-13,,False,False
THREAT-00793,Sandworm,Data Exfiltration,T1110 Brute Force,Government,API Gateway,False,99,0.52,Asia-Pacific,Medium,Medium,2023-09-04,2024-01-10,CVE-2026-9388,True,False
THREAT-00794,REvil,DDoS,T1078 Valid Accounts,Education,Email Server,True,51,0.7,Global,High,Medium,2024-09-15,2025-04-28,CVE-2026-62381,False,False
THREAT-00795,Nation-State (Iran),Supply Chain Attack,T1190 Exploit Public-Facing Application,E-commerce,Web Server,True,81,0.33,Global,Medium,Low,2024-11-17,2025-09-30,CVE-2026-59647,False,False
THREAT-00796,SilverFox,Cryptojacking,T1055 Process Injection,Telecom,API Gateway,True,52,0.11,Asia-Pacific,Medium,High,2023-12-03,2024-01-03,,True,False
THREAT-00797,Conti,Web Application Attack,T1055 Process Injection,Manufacturing,Cloud VM,True,35,0.38,EMEA,Critical,High,2024-06-13,2024-09-21,,False,True
THREAT-00798,SilverFox,Supply Chain Attack,T1486 Data Encrypted for Impact,E-commerce,Kubernetes Cluster,True,10,0.45,Americas,Low,Medium,2021-10-04,2022-03-20,CVE-2026-45112,False,True
THREAT-00799,LockBit,Insider Threat,T1078 Valid Accounts,Government,API Gateway,True,3,0.35,Asia-Pacific,Critical,Low,2025-11-06,2025-11-21,,False,True
THREAT-00800,Nation-State (Iran),Web Application Attack,T1003 OS Credential Dumping,Manufacturing,Cloud VM,True,29,0.45,EMEA,Critical,High,2023-05-13,2023-11-05,CVE-2026-9384,False,True
THREAT-00801,Insider,Data Exfiltration,T1562 Impair Defenses,Energy,Domain Controller,False,10,0.17,Asia-Pacific,High,Medium,2021-11-07,2022-04-25,CVE-2026-78064,False,True
THREAT-00802,LockBit,Web Application Attack,T1071 Application Layer Protocol,Energy,Cloud VM,False,78,0.5,Global,Medium,Medium,2025-08-05,2026-02-22,,False,False
THREAT-00803,Cybercrime Syndicate,DDoS,T1569 System Services,E-commerce,Employee Laptop,True,163,0.83,EMEA,Critical,Low,2025-07-06,2025-10-11,,False,False
THREAT-00804,Kimsuky,Cryptojacking,T1048 Exfiltration Over Alternative Protocol,E-commerce,API Gateway,False,45,0.34,Asia-Pacific,Low,Medium,2025-02-21,2025-11-07,,False,True
THREAT-00805,Script Kiddie,Data Exfiltration,T1562 Impair Defenses,Healthcare,SaaS Application,False,16,0.31,India,Low,Low,2022-06-11,2023-01-02,,False,False
THREAT-00806,Cybercrime Syndicate,DDoS,T1053 Scheduled Task/Job,Government,SaaS Application,False,185,0.48,EMEA,Medium,Medium,2023-09-10,2024-05-31,,False,False
THREAT-00807,Kimsuky,Ransomware,T1053 Scheduled Task/Job,Education,Cloud VM,True,28,0.47,Americas,Low,Low,2024-01-23,2024-06-11,CVE-2026-21448,True,True
THREAT-00808,Script Kiddie,Insider Threat,T1110 Brute Force,IT Services,Domain Controller,True,3,0.15,Asia-Pacific,Critical,Medium,2022-06-29,2022-09-28,,False,True
THREAT-00809,LockBit,Credential Theft,T1055 Process Injection,Government,Database Server,False,71,0.34,Global,Medium,Low,2021-06-30,2021-08-14,,False,False
THREAT-00810,Unknown,Cloud Misconfiguration Exploitation,T1562 Impair Defenses,Energy,Domain Controller,True,66,0.49,Americas,Critical,High,2023-01-06,2023-09-23,,False,False
THREAT-00811,Script Kiddie,Insider Threat,T1105 Ingress Tool Transfer,Energy,Payment Gateway,True,10,0.23,Americas,Medium,High,2026-01-31,2026-04-21,CVE-2026-76608,False,True
THREAT-00812,Turla,Phishing,T1110 Brute Force,Government,Employee Laptop,False,59,0.36,EMEA,Critical,High,2023-07-09,2024-06-12,CVE-2026-53786,False,False
THREAT-00813,APT28,Ransomware,T1562 Impair Defenses,Manufacturing,Employee Laptop,True,15,0.32,EMEA,Low,Low,2021-08-28,2022-04-10,,True,True
THREAT-00814,Nation-State (Russia),Ransomware,T1566 Phishing,IT Services,Kubernetes Cluster,False,45,0.39,Global,High,Low,2025-04-07,2025-09-22,,True,False
THREAT-00815,ALPHV,Business Email Compromise,T1070 Indicator Removal,E-commerce,SaaS Application,False,75,0.57,Americas,High,High,2021-07-18,2021-11-12,,False,False
THREAT-00816,SilverFox,Phishing,T1036 Masquerading,Manufacturing,Cloud VM,False,87,0.37,Asia-Pacific,Low,Medium,2026-04-04,2026-06-10,CVE-2026-19348,False,False
THREAT-00817,Conti,Data Exfiltration,T1078 Valid Accounts,Insurance,Kubernetes Cluster,False,72,0.38,Global,High,Low,2023-04-23,2024-03-18,,False,False
THREAT-00818,Turla,Cryptojacking,T1486 Data Encrypted for Impact,Manufacturing,Database Server,True,94,0.29,EMEA,Critical,High,2022-07-21,2023-06-22,CVE-2026-80722,False,True
THREAT-00819,Conti,Zero-Day Exploit,T1003 OS Credential Dumping,E-commerce,Web Server,False,87,0.3,Americas,Medium,High,2021-09-28,2022-03-28,,True,False
THREAT-00820,Turla,Insider Threat,T1562 Impair Defenses,Insurance,API Gateway,False,3,0.11,EMEA,Critical,Medium,2024-05-14,2024-12-31,,False,True
THREAT-00821,Insider,Business Email Compromise,T1562 Impair Defenses,Government,SaaS Application,True,98,0.19,EMEA,Medium,High,2022-11-14,2023-05-23,,False,False
THREAT-00822,Conti,Cloud Misconfiguration Exploitation,T1133 External Remote Services,Telecom,Storage Bucket,True,39,0.25,Americas,Critical,Low,2023-08-12,2024-05-15,,False,False
THREAT-00823,Nation-State (Iran),Cryptojacking,T1027 Obfuscated Files or Information,Education,Payment Gateway,False,93,0.3,India,Medium,High,2025-04-26,2025-11-02,CVE-2026-5787,False,True
THREAT-00824,Script Kiddie,DDoS,T1059 Command and Scripting Interpreter,E-commerce,Cloud VM,False,99,0.45,Americas,Critical,High,2024-09-10,2025-09-10,,False,False
THREAT-00825,Script Kiddie,Zero-Day Exploit,T1105 Ingress Tool Transfer,E-commerce,Payment Gateway,False,87,0.14,Global,Critical,High,2022-10-24,2023-07-15,CVE-2026-44182,False,False
THREAT-00826,APT28,Supply Chain Attack,T1566 Phishing,Government,Email Server,True,73,0.51,India,Medium,High,2026-02-13,2026-09-04,CVE-2026-24932,False,False
THREAT-00827,TA505,Cryptojacking,T1003 OS Credential Dumping,Energy,Kubernetes Cluster,True,29,0.27,Asia-Pacific,Critical,Medium,2022-08-16,2023-04-01,,False,False
THREAT-00828,Nation-State (China),DDoS,T1566 Phishing,Government,Employee Laptop,False,154,0.6,Global,Critical,Low,2026-07-06,2026-07-14,CVE-2026-7152,False,False
THREAT-00829,Scattered Spider,Business Email Compromise,T1569 System Services,E-commerce,Database Server,False,7,0.53,India,Low,Low,2025-09-26,2026-06-21,,False,True
THREAT-00830,Scattered Spider,Zero-Day Exploit,T1027 Obfuscated Files or Information,Energy,Email Server,False,80,0.25,India,High,Medium,2024-08-15,2025-02-03,,True,False
THREAT-00831,FIN7,Phishing,T1110 Brute Force,Government,Employee Laptop,False,36,0.35,Asia-Pacific,Critical,Low,2021-07-02,2022-05-05,CVE-2026-75147,False,True
THREAT-00832,Nation-State (Russia),Cloud Misconfiguration Exploitation,T1003 OS Credential Dumping,Education,Kubernetes Cluster,False,47,0.11,Asia-Pacific,Critical,High,2023-02-13,2023-03-24,CVE-2026-81676,False,True
THREAT-00833,REvil,Business Email Compromise,T1105 Ingress Tool Transfer,Energy,Domain Controller,True,15,0.17,Asia-Pacific,Critical,Medium,2025-11-27,2026-09-04,CVE-2026-75928,False,False
THREAT-00834,TA505,Business Email Compromise,T1055 Process Injection,Government,API Gateway,False,89,0.42,Global,Medium,Medium,2025-05-13,2025-08-10,,False,False
THREAT-00835,Nation-State (Iran),Cryptojacking,T1003 OS Credential Dumping,Government,SaaS Application,True,51,0.39,EMEA,Low,Medium,2025-01-04,2025-08-22,,False,False
THREAT-00836,TA505,DDoS,T1070 Indicator Removal,E-commerce,Payment Gateway,True,177,0.44,India,Low,Low,2022-09-14,2022-11-28,CVE-2026-8208,False,False
THREAT-00837,APT29,Data Exfiltration,T1036 Masquerading,E-commerce,Storage Bucket,False,44,0.34,India,High,High,2026-02-07,2026-09-04,CVE-2026-12485,False,True
THREAT-00838,Scattered Spider,Ransomware,T1048 Exfiltration Over Alternative Protocol,Energy,API Gateway,True,31,0.6,India,Critical,Medium,2024-04-14,2024-12-16,CVE-2026-75126,True,True
THREAT-00839,Lazarus Group,Supply Chain Attack,T1003 OS Credential Dumping,Healthcare,SaaS Application,True,87,0.31,Asia-Pacific,Critical,Medium,2026-01-25,2026-04-04,CVE-2026-23519,False,False
THREAT-00840,Turla,Web Application Attack,T1562 Impair Defenses,Healthcare,Employee Laptop,False,30,0.25,India,High,Low,2025-07-07,2025-09-02,,False,True
THREAT-00841,Insider,Web Application Attack,T1190 Exploit Public-Facing Application,Government,Email Server,True,33,0.55,Global,High,Low,2025-02-05,2025-09-06,CVE-2026-48549,False,False
THREAT-00842,Script Kiddie,Insider Threat,T1569 System Services,E-commerce,Employee Laptop,True,3,0.15,Asia-Pacific,Low,Low,2025-07-10,2025-09-12,,False,True
THREAT-00843,FIN7,Insider Threat,T1566 Phishing,IT Services,Kubernetes Cluster,False,3,0.36,India,Medium,Medium,2024-12-15,2025-02-24,,False,True
THREAT-00844,Nation-State (Russia),Insider Threat,T1053 Scheduled Task/Job,Government,Web Server,False,7,0.24,India,High,High,2025-03-11,2025-06-21,,False,True
THREAT-00845,Kimsuky,Cloud Misconfiguration Exploitation,T1078 Valid Accounts,Government,Email Server,False,53,0.53,Asia-Pacific,High,Medium,2024-06-26,2025-01-29,,False,False
THREAT-00846,TA505,Ransomware,T1021 Remote Services,E-commerce,SaaS Application,True,15,0.71,Global,High,Medium,2025-07-16,2025-09-28,,True,True
THREAT-00847,Conti,DDoS,T1036 Masquerading,Insurance,Cloud VM,True,91,0.86,Americas,High,Low,2021-03-22,2021-08-13,,False,False
THREAT-00848,Lazarus Group,Cloud Misconfiguration Exploitation,T1021 Remote Services,Energy,API Gateway,False,81,0.36,Americas,Low,Low,2025-08-26,2025-12-28,,False,False
THREAT-00849,LockBit,Business Email Compromise,T1059 Command and Scripting Interpreter,Insurance,Storage Bucket,False,72,0.32,Americas,High,Low,2022-01-18,2022-12-24,CVE-2026-48283,False,False
THREAT-00850,REvil,Ransomware,T1059 Command and Scripting Interpreter,E-commerce,Database Server,False,37,0.37,EMEA,Low,High,2022-10-14,2022-12-01,,True,True
THREAT-00851,SilverFox,Supply Chain Attack,T1133 External Remote Services,Government,Employee Laptop,False,70,0.6,Asia-Pacific,Critical,Medium,2023-10-27,2024-01-18,,False,False
THREAT-00852,Unknown,Zero-Day Exploit,T1566 Phishing,Government,Kubernetes Cluster,False,6,0.47,Global,Low,Medium,2022-06-25,2022-11-16,CVE-2026-5854,False,False
THREAT-00853,Unknown,Phishing,T1053 Scheduled Task/Job,E-commerce,Database Server,False,58,0.28,Americas,Low,Low,2024-06-03,2025-02-03,,False,False
THREAT-00854,Sandworm,Ransomware,T1059 Command and Scripting Interpreter,E-commerce,Payment Gateway,True,20,0.66,EMEA,Low,High,2021-08-04,2022-02-24,CVE-2026-79231,True,True
THREAT-00855,REvil,Data Exfiltration,T1105 Ingress Tool Transfer,Education,Database Server,False,28,0.52,Asia-Pacific,High,Medium,2024-07-21,2024-12-26,,False,False
THREAT-00856,Conti,Zero-Day Exploit,T1055 Process Injection,Energy,Database Server,False,75,0.31,Asia-Pacific,Critical,Medium,2024-11-03,2025-03-16,,False,False
THREAT-00857,LockBit,Insider Threat,T1486 Data Encrypted for Impact,Government,Storage Bucket,False,7,0.28,Americas,Medium,Medium,2022-12-18,2023-08-21,,False,True
THREAT-00858,APT29,Cryptojacking,T1003 OS Credential Dumping,Government,Storage Bucket,True,62,0.11,Asia-Pacific,Medium,High,2026-07-25,2026-09-04,,False,True
THREAT-00859,Mustang Panda,Cryptojacking,T1048 Exfiltration Over Alternative Protocol,Government,Kubernetes Cluster,False,6,0.21,EMEA,Critical,Low,2021-12-02,2022-10-28,CVE-2026-54305,False,True
THREAT-00860,Lazarus Group,Ransomware,T1071 Application Layer Protocol,E-commerce,Kubernetes Cluster,False,45,0.74,Asia-Pacific,High,Low,2023-07-26,2023-08-07,,True,False
THREAT-00861,APT29,Cloud Misconfiguration Exploitation,T1110 Brute Force,Government,Email Server,True,46,0.57,Global,Low,High,2025-02-02,2025-04-21,,False,True
THREAT-00862,REvil,Insider Threat,T1053 Scheduled Task/Job,IT Services,Email Server,False,8,0.27,Asia-Pacific,Medium,Medium,2023-06-07,2024-05-21,CVE-2026-7834,False,True
THREAT-00863,APT29,Credential Theft,T1053 Scheduled Task/Job,IT Services,Domain Controller,True,21,0.56,India,Medium,High,2023-12-27,2024-07-07,,False,False
THREAT-00864,Nation-State (Russia),Web Application Attack,T1569 System Services,Education,Kubernetes Cluster,False,10,0.38,Global,Low,Low,2023-11-23,2023-12-09,,False,True
THREAT-00865,Nation-State (China),Supply Chain Attack,T1190 Exploit Public-Facing Application,Energy,Email Server,False,74,0.6,Global,Medium,Low,2025-06-21,2026-04-19,,True,False
THREAT-00866,Insider,Business Email Compromise,T1078 Valid Accounts,E-commerce,Web Server,False,80,0.16,Asia-Pacific,High,High,2021-03-20,2021-12-14,,False,False
THREAT-00867,Scattered Spider,Zero-Day Exploit,T1105 Ingress Tool Transfer,Government,Database Server,False,24,0.49,India,Critical,High,2024-12-09,2025-04-20,CVE-2026-8135,False,True
THREAT-00868,Insider,Cloud Misconfiguration Exploitation,T1021 Remote Services,Energy,Storage Bucket,True,88,0.24,India,Medium,High,2023-03-10,2023-06-07,CVE-2026-47828,False,False
THREAT-00869,REvil,Phishing,T1059 Command and Scripting Interpreter,Government,Database Server,False,45,0.49,EMEA,High,Low,2024-01-02,2024-03-16,,False,False
THREAT-00870,Nation-State (Iran),Cryptojacking,T1566 Phishing,Energy,Employee Laptop,False,35,0.58,Americas,Critical,Low,2022-03-02,2022-10-13,,False,True
THREAT-00871,SilverFox,Insider Threat,T1055 Process Injection,E-commerce,Cloud VM,False,5,0.33,Global,Low,Low,2025-11-26,2026-08-09,,False,True
THREAT-00872,Nation-State (Russia),Business Email Compromise,T1027 Obfuscated Files or Information,IT Services,Employee Laptop,False,74,0.11,Global,High,Low,2025-03-21,2026-02-11,CVE-2026-81735,False,True
THREAT-00873,Mustang Panda,Credential Theft,T1055 Process Injection,Energy,Storage Bucket,True,65,0.37,Americas,Critical,High,2023-11-21,2024-02-21,CVE-2026-45382,False,False
THREAT-00874,Mustang Panda,Data Exfiltration,T1053 Scheduled Task/Job,Government,Web Server,False,64,0.55,Global,High,High,2025-03-07,2025-04-05,,False,False
THREAT-00875,Script Kiddie,Data Exfiltration,T1082 System Information Discovery,E-commerce,Email Server,True,95,0.22,Asia-Pacific,Medium,High,2024-06-06,2024-06-27,,False,False
THREAT-00876,Conti,Cryptojacking,T1071 Application Layer Protocol,E-commerce,SaaS Application,True,71,0.39,Global,High,Medium,2021-05-23,2021-09-10,,False,True
THREAT-00877,Sandworm,DDoS,T1105 Ingress Tool Transfer,Energy,Employee Laptop,False,113,0.56,Asia-Pacific,Medium,Medium,2023-02-12,2023-02-19,,False,False
THREAT-00878,Nation-State (China),Business Email Compromise,T1110 Brute Force,Government,Database Server,True,19,0.23,Global,Low,Low,2021-10-21,2022-07-28,CVE-2026-31892,False,False
THREAT-00879,Unknown,Phishing,T1053 Scheduled Task/Job,Manufacturing,Database Server,False,16,0.42,EMEA,High,Low,2025-11-01,2025-11-17,CVE-2026-13074,False,False
THREAT-00880,TA505,Credential Theft,T1027 Obfuscated Files or Information,Insurance,SaaS Application,False,58,0.46,Americas,Low,Medium,2024-12-23,2025-02-23,,False,True
THREAT-00881,Conti,Cryptojacking,T1078 Valid Accounts,Manufacturing,Database Server,True,56,0.5,Americas,High,Medium,2023-10-25,2023-12-30,,False,False
THREAT-00882,Turla,Cryptojacking,T1055 Process Injection,Telecom,Domain Controller,True,62,0.34,India,Low,Medium,2024-08-31,2025-03-21,CVE-2026-49208,False,True
THREAT-00883,Sandworm,DDoS,T1133 External Remote Services,Government,Web Server,True,28,0.55,EMEA,Medium,Low,2022-11-13,2023-05-20,CVE-2026-69198,False,False
THREAT-00884,APT28,DDoS,T1055 Process Injection,E-commerce,API Gateway,True,105,0.7,Asia-Pacific,High,High,2026-06-07,2026-07-17,,False,False
THREAT-00885,ALPHV,Phishing,T1055 Process Injection,Healthcare,Storage Bucket,True,61,0.47,India,Low,Medium,2023-03-28,2023-09-12,,False,False
THREAT-00886,Lazarus Group,Cloud Misconfiguration Exploitation,T1021 Remote Services,Insurance,Kubernetes Cluster,False,21,0.23,Americas,Low,Medium,2023-02-26,2023-06-05,CVE-2026-6115,False,True
THREAT-00887,TA505,Supply Chain Attack,T1070 Indicator Removal,E-commerce,Storage Bucket,True,24,0.55,Americas,Low,High,2026-03-05,2026-06-09,,False,True
THREAT-00888,Unknown,DDoS,T1048 Exfiltration Over Alternative Protocol,Manufacturing,SaaS Application,True,157,0.73,Americas,High,Medium,2022-06-18,2023-02-04,,False,False
THREAT-00889,Nation-State (Iran),Supply Chain Attack,T1133 External Remote Services,Energy,Kubernetes Cluster,False,57,0.37,Global,Medium,Low,2021-10-21,2021-12-26,,False,True
THREAT-00890,TA505,Cryptojacking,T1133 External Remote Services,Insurance,Storage Bucket,False,27,0.28,India,Medium,High,2026-01-29,2026-03-24,CVE-2026-33890,False,False
THREAT-00891,Nation-State (Russia),Web Application Attack,T1048 Exfiltration Over Alternative Protocol,Government,Email Server,True,66,0.12,Global,High,Low,2025-09-05,2025-12-30,,False,False
THREAT-00892,Sandworm,Web Application Attack,T1021 Remote Services,Energy,Database Server,False,76,0.4,Americas,High,Medium,2022-09-16,2023-07-25,CVE-2026-80721,False,False
THREAT-00893,Nation-State (Russia),Business Email Compromise,T1133 External Remote Services,Manufacturing,Kubernetes Cluster,False,56,0.3,Americas,Low,Low,2024-04-11,2024-09-30,,False,False
THREAT-00894,ALPHV,Business Email Compromise,T1082 System Information Discovery,Government,Domain Controller,False,86,0.12,Asia-Pacific,High,Low,2025-03-24,2025-12-13,,False,False
THREAT-00895,TA505,Cloud Misconfiguration Exploitation,T1486 Data Encrypted for Impact,Manufacturing,Web Server,False,53,0.19,Asia-Pacific,High,Low,2025-09-13,2026-01-19,CVE-2026-66012,False,False
THREAT-00896,Conti,Business Email Compromise,T1059 Command and Scripting Interpreter,E-commerce,API Gateway,True,20,0.12,India,Low,Medium,2022-03-13,2022-12-12,,False,False
THREAT-00897,FIN7,Cloud Misconfiguration Exploitation,T1110 Brute Force,Education,Web Server,False,23,0.21,Americas,Critical,High,2025-11-16,2026-06-06,,True,False
THREAT-00898,Nation-State (China),Business Email Compromise,T1082 System Information Discovery,Government,Payment Gateway,False,12,0.33,Americas,Medium,Medium,2022-10-30,2023-02-04,,True,True
THREAT-00899,SilverFox,DDoS,T1486 Data Encrypted for Impact,E-commerce,Storage Bucket,False,170,0.73,Asia-Pacific,Critical,High,2023-03-15,2023-08-25,,False,False
THREAT-00900,Lazarus Group,Ransomware,T1082 System Information Discovery,E-commerce,Web Server,True,13,0.62,India,High,High,2022-06-06,2023-05-27,,True,True
THREAT-00901,Turla,Phishing,T1569 System Services,IT Services,API Gateway,False,68,0.38,EMEA,Medium,Low,2023-03-19,2023-04-19,,True,False
THREAT-00902,Kimsuky,DDoS,T1070 Indicator Removal,E-commerce,Web Server,False,56,0.73,Global,Low,High,2026-07-27,2026-09-04,CVE-2026-10538,False,False
THREAT-00903,APT28,Cloud Misconfiguration Exploitation,T1562 Impair Defenses,Government,Cloud VM,False,50,0.18,India,Critical,Medium,2023-11-23,2023-12-08,,True,False
THREAT-00904,Script Kiddie,Data Exfiltration,T1021 Remote Services,E-commerce,Web Server,False,94,0.53,Global,Medium,Low,2024-12-10,2025-10-30,,False,False
THREAT-00905,REvil,Zero-Day Exploit,T1071 Application Layer Protocol,Manufacturing,SaaS Application,False,79,0.53,Americas,Medium,High,2025-01-07,2025-05-02,CVE-2026-22068,False,False
THREAT-00906,Cybercrime Syndicate,Data Exfiltration,T1021 Remote Services,E-commerce,Cloud VM,True,42,0.41,Asia-Pacific,High,High,2026-04-30,2026-09-04,CVE-2026-18601,False,False
THREAT-00907,FIN7,Credential Theft,T1133 External Remote Services,Energy,API Gateway,False,100,0.54,Americas,Medium,Medium,2024-08-15,2024-10-22,CVE-2026-9408,False,False
THREAT-00908,Insider,Zero-Day Exploit,T1110 Brute Force,Government,Payment Gateway,True,16,0.17,Americas,Medium,High,2026-04-19,2026-09-04,CVE-2026-77550,True,True
THREAT-00909,APT28,Credential Theft,T1562 Impair Defenses,Education,Employee Laptop,True,7,0.54,Asia-Pacific,Medium,Low,2023-11-15,2024-06-30,CVE-2026-85105,False,False
THREAT-00910,LockBit,Insider Threat,T1133 External Remote Services,Manufacturing,Employee Laptop,True,8,0.23,Asia-Pacific,Critical,High,2021-10-13,2022-01-14,,False,True
THREAT-00911,Cybercrime Syndicate,Business Email Compromise,T1003 OS Credential Dumping,Healthcare,Employee Laptop,False,85,0.1,Asia-Pacific,Critical,Low,2021-05-19,2021-06-15,CVE-2026-53551,False,True
THREAT-00912,Script Kiddie,Insider Threat,T1053 Scheduled Task/Job,Education,Kubernetes Cluster,False,5,0.23,Asia-Pacific,High,High,2021-05-28,2021-12-03,,False,True
THREAT-00913,APT29,Credential Theft,T1082 System Information Discovery,Energy,Email Server,True,100,0.42,EMEA,Medium,Low,2025-09-14,2025-10-28,,False,False
THREAT-00914,APT28,Supply Chain Attack,T1082 System Information Discovery,Energy,Web Server,True,68,0.12,EMEA,Medium,Medium,2024-03-23,2024-04-28,CVE-2026-15701,False,False
THREAT-00915,Sandworm,Zero-Day Exploit,T1053 Scheduled Task/Job,Insurance,Payment Gateway,True,62,0.42,Asia-Pacific,Medium,Low,2023-10-22,2024-06-27,CVE-2026-43921,False,False
THREAT-00916,Mustang Panda,Cloud Misconfiguration Exploitation,T1562 Impair Defenses,Energy,Cloud VM,True,31,0.25,EMEA,Critical,High,2022-04-04,2023-01-04,CVE-2026-60217,False,False
THREAT-00917,SilverFox,Phishing,T1190 Exploit Public-Facing Application,Energy,Cloud VM,False,26,0.18,Global,High,High,2024-03-21,2024-07-16,,False,True
THREAT-00918,SilverFox,Cryptojacking,T1566 Phishing,Telecom,Web Server,False,91,0.56,EMEA,High,Medium,2022-08-20,2022-10-06,,False,False
THREAT-00919,APT28,Supply Chain Attack,T1036 Masquerading,Manufacturing,Web Server,True,90,0.58,Global,High,Medium,2024-02-24,2025-02-15,CVE-2026-49211,False,False
THREAT-00920,Script Kiddie,Insider Threat,T1569 System Services,Energy,Storage Bucket,False,5,0.19,Global,Critical,High,2023-03-24,2023-09-14,CVE-2026-42933,False,True
THREAT-00921,Nation-State (China),Phishing,T1562 Impair Defenses,E-commerce,Storage Bucket,False,67,0.49,Americas,High,Medium,2024-08-13,2024-09-18,CVE-2026-67217,True,False
THREAT-00922,Scattered Spider,Supply Chain Attack,T1082 System Information Discovery,E-commerce,Web Server,False,70,0.17,Americas,Low,Low,2026-01-30,2026-03-24,CVE-2026-69112,True,False
THREAT-00923,APT28,DDoS,T1110 Brute Force,Manufacturing,Domain Controller,False,185,0.41,Americas,High,High,2025-09-06,2026-06-18,CVE-2026-72898,False,False
THREAT-00924,Mustang Panda,Supply Chain Attack,T1569 System Services,E-commerce,SaaS Application,True,51,0.24,Americas,Low,Medium,2026-07-29,2026-09-04,CVE-2026-60011,False,False
THREAT-00925,Scattered Spider,Insider Threat,T1071 Application Layer Protocol,Government,Cloud VM,False,2,0.21,Global,Low,Medium,2023-08-06,2023-11-10,CVE-2026-9476,False,True
THREAT-00926,SilverFox,Insider Threat,T1036 Masquerading,Manufacturing,SaaS Application,True,1,0.35,Americas,Low,High,2024-06-11,2024-10-01,CVE-2026-7139,False,True
THREAT-00927,APT28,Web Application Attack,T1110 Brute Force,IT Services,Kubernetes Cluster,False,33,0.42,EMEA,Medium,Low,2023-01-22,2023-02-23,CVE-2026-21058,False,False
THREAT-00928,Insider,Web Application Attack,T1105 Ingress Tool Transfer,Education,Kubernetes Cluster,False,53,0.29,Global,Critical,Medium,2025-01-10,2025-07-20,,False,True
THREAT-00929,Kimsuky,Insider Threat,T1003 OS Credential Dumping,Healthcare,Employee Laptop,False,2,0.24,Americas,Medium,Medium,2025-10-01,2026-01-23,CVE-2026-76608,False,True
THREAT-00930,Unknown,Cloud Misconfiguration Exploitation,T1566 Phishing,Energy,Employee Laptop,True,6,0.13,Americas,High,Low,2023-07-03,2024-01-12,CVE-2026-73702,False,False
THREAT-00931,Turla,Credential Theft,T1105 Ingress Tool Transfer,Government,Domain Controller,True,58,0.46,EMEA,Medium,Low,2021-12-07,2022-07-14,,False,False
THREAT-00932,FIN7,Insider Threat,T1078 Valid Accounts,Government,API Gateway,False,7,0.15,Americas,Low,High,2024-08-24,2025-08-22,,False,True
THREAT-00933,TA505,Cryptojacking,T1055 Process Injection,Energy,SaaS Application,True,94,0.49,Americas,Low,High,2026-01-15,2026-09-04,,False,True
THREAT-00934,Lazarus Group,Web Application Attack,T1082 System Information Discovery,Telecom,SaaS Application,False,58,0.12,India,High,Medium,2023-12-11,2024-03-03,,True,False
THREAT-00935,Nation-State (China),Phishing,T1569 System Services,IT Services,SaaS Application,False,40,0.16,India,Critical,High,2022-05-25,2023-04-05,,False,False
THREAT-00936,LockBit,Business Email Compromise,T1110 Brute Force,Manufacturing,Domain Controller,True,32,0.3,Asia-Pacific,Low,High,2025-08-14,2025-10-16,,False,False
THREAT-00937,SilverFox,Ransomware,T1190 Exploit Public-Facing Application,Energy,Kubernetes Cluster,False,28,0.34,EMEA,Low,Low,2026-03-07,2026-09-04,,True,False
THREAT-00938,Turla,DDoS,T1036 Masquerading,Government,Email Server,True,152,0.44,EMEA,Medium,High,2022-03-11,2022-07-16,,False,False
THREAT-00939,ALPHV,Cloud Misconfiguration Exploitation,T1055 Process Injection,Energy,Email Server,False,35,0.19,India,High,Low,2025-12-10,2026-06-18,CVE-2026-54659,True,False
THREAT-00940,TA505,Business Email Compromise,T1071 Application Layer Protocol,E-commerce,Kubernetes Cluster,False,41,0.39,Asia-Pacific,Medium,High,2022-10-22,2023-01-23,CVE-2026-79073,False,False
THREAT-00941,Hacktivist Group,Web Application Attack,T1110 Brute Force,Government,Kubernetes Cluster,True,42,0.1,EMEA,Medium,Low,2024-04-07,2024-11-06,,False,False
THREAT-00942,Unknown,Data Exfiltration,T1486 Data Encrypted for Impact,E-commerce,Kubernetes Cluster,False,22,0.13,EMEA,Medium,Low,2026-07-13,2026-09-04,CVE-2026-22608,False,True
THREAT-00943,Mustang Panda,Credential Theft,T1569 System Services,Government,Payment Gateway,False,43,0.33,EMEA,Low,Medium,2026-04-01,2026-06-27,CVE-2026-79227,False,False
THREAT-00944,REvil,Phishing,T1055 Process Injection,Insurance,API Gateway,False,25,0.18,EMEA,High,Low,2023-06-20,2023-10-18,CVE-2026-9385,False,True
THREAT-00945,Mustang Panda,Supply Chain Attack,T1133 External Remote Services,Manufacturing,Database Server,True,50,0.58,India,High,Medium,2023-01-28,2023-10-19,,False,False
THREAT-00946,Lazarus Group,DDoS,T1190 Exploit Public-Facing Application,IT Services,Kubernetes Cluster,False,161,0.46,Asia-Pacific,Critical,High,2026-05-10,2026-09-04,CVE-2026-75872,False,False
THREAT-00947,Sandworm,DDoS,T1021 Remote Services,Government,Email Server,False,122,0.82,Americas,Medium,Medium,2023-09-25,2024-02-06,,False,False
THREAT-00948,Turla,Web Application Attack,T1562 Impair Defenses,Telecom,Domain Controller,False,52,0.11,Global,Medium,Low,2024-10-25,2024-11-28,,False,False
THREAT-00949,Sandworm,Phishing,T1048 Exfiltration Over Alternative Protocol,Manufacturing,Storage Bucket,False,86,0.1,Asia-Pacific,Low,High,2024-05-12,2024-12-17,CVE-2026-20278,False,False
THREAT-00950,Script Kiddie,Ransomware,T1055 Process Injection,Manufacturing,SaaS Application,False,30,0.64,India,High,Low,2021-10-30,2022-10-10,CVE-2026-27875,True,False
THREAT-00951,ALPHV,Ransomware,T1048 Exfiltration Over Alternative Protocol,IT Services,SaaS Application,False,34,0.34,Global,Critical,Medium,2024-04-06,2025-03-05,,True,True
THREAT-00952,Turla,Credential Theft,T1110 Brute Force,Telecom,Kubernetes Cluster,False,14,0.14,Global,Low,Medium,2024-08-15,2024-10-21,,False,False
THREAT-00953,ALPHV,Insider Threat,T1027 Obfuscated Files or Information,Insurance,Employee Laptop,True,1,0.19,India,Low,Medium,2023-09-02,2023-09-21,CVE-2026-5956,False,True
THREAT-00954,APT29,DDoS,T1071 Application Layer Protocol,Manufacturing,SaaS Application,True,165,0.8,Global,Critical,Medium,2023-11-07,2024-09-02,CVE-2026-67339,False,False
THREAT-00955,Hacktivist Group,Supply Chain Attack,T1070 Indicator Removal,Energy,Kubernetes Cluster,False,31,0.21,India,Critical,Medium,2024-03-16,2024-07-10,CVE-2026-58575,False,True
THREAT-00956,Lazarus Group,Business Email Compromise,T1562 Impair Defenses,Government,Database Server,False,42,0.5,Global,Critical,Low,2022-01-09,2022-06-26,,False,False
THREAT-00957,Kimsuky,Insider Threat,T1566 Phishing,IT Services,SaaS Application,False,9,0.29,Global,High,Low,2025-04-10,2026-01-10,CVE-2026-8983,False,True
THREAT-00958,TA505,Phishing,T1082 System Information Discovery,Manufacturing,Web Server,True,94,0.56,Asia-Pacific,Low,Medium,2024-05-18,2025-04-02,,False,True
THREAT-00959,Scattered Spider,Cloud Misconfiguration Exploitation,T1566 Phishing,E-commerce,Employee Laptop,False,65,0.25,EMEA,Low,High,2021-10-23,2022-08-13,,False,True
THREAT-00960,Conti,Credential Theft,T1070 Indicator Removal,Government,Payment Gateway,True,49,0.2,Americas,Low,Low,2025-07-04,2026-03-13,,False,False
THREAT-00961,APT28,Web Application Attack,T1027 Obfuscated Files or Information,Government,Domain Controller,False,91,0.36,Global,High,High,2023-11-09,2024-05-14,CVE-2026-79771,False,False
THREAT-00962,Cybercrime Syndicate,Phishing,T1003 OS Credential Dumping,Insurance,Domain Controller,True,65,0.35,Global,Low,High,2026-06-18,2026-09-04,CVE-2026-47056,False,False
THREAT-00963,APT28,Supply Chain Attack,T1048 Exfiltration Over Alternative Protocol,Energy,Email Server,False,56,0.58,EMEA,Low,Low,2021-11-20,2021-12-15,,False,False
THREAT-00964,Nation-State (Russia),Cloud Misconfiguration Exploitation,T1562 Impair Defenses,Government,Payment Gateway,False,45,0.27,EMEA,High,High,2022-10-13,2022-11-12,,False,False
THREAT-00965,LockBit,Business Email Compromise,T1105 Ingress Tool Transfer,Energy,SaaS Application,False,43,0.5,India,High,High,2022-12-08,2023-10-14,CVE-2026-43639,False,False
THREAT-00966,APT29,Supply Chain Attack,T1082 System Information Discovery,IT Services,Cloud VM,True,51,0.26,Asia-Pacific,Low,Low,2023-01-07,2023-11-08,,False,False
THREAT-00967,Hacktivist Group,Supply Chain Attack,T1105 Ingress Tool Transfer,Education,Payment Gateway,False,97,0.17,Global,Medium,Low,2022-09-09,2023-09-03,CVE-2026-82455,False,False
THREAT-00968,Cybercrime Syndicate,Supply Chain Attack,T1036 Masquerading,Energy,Kubernetes Cluster,True,90,0.22,India,Low,High,2022-12-15,2023-09-11,,False,True
THREAT-00969,Lazarus Group,Cryptojacking,T1071 Application Layer Protocol,Manufacturing,Employee Laptop,False,24,0.57,Asia-Pacific,High,Low,2023-05-25,2024-02-27,CVE-2026-31889,False,False
THREAT-00970,SilverFox,Data Exfiltration,T1486 Data Encrypted for Impact,Energy,Storage Bucket,False,22,0.37,Americas,Low,Low,2022-12-26,2023-07-28,,False,False
THREAT-00971,ALPHV,Ransomware,T1027 Obfuscated Files or Information,Manufacturing,Payment Gateway,False,44,0.61,EMEA,Critical,High,2024-05-02,2024-09-12,,True,True
THREAT-00972,SilverFox,Phishing,T1053 Scheduled Task/Job,Government,Database Server,False,24,0.24,Americas,Low,High,2023-09-12,2023-10-24,CVE-2026-7538,False,False
THREAT-00973,Unknown,Data Exfiltration,T1082 System Information Discovery,Government,SaaS Application,False,82,0.45,Global,High,High,2024-12-19,2025-04-22,,False,False
THREAT-00974,Hacktivist Group,Ransomware,T1021 Remote Services,Insurance,Storage Bucket,True,15,0.49,India,Medium,Medium,2024-08-27,2024-12-11,,True,False
THREAT-00975,Nation-State (Iran),Cloud Misconfiguration Exploitation,T1486 Data Encrypted for Impact,E-commerce,Database Server,False,64,0.32,EMEA,Low,High,2023-09-04,2024-04-07,,False,True
THREAT-00976,LockBit,Data Exfiltration,T1562 Impair Defenses,Insurance,Payment Gateway,False,13,0.23,Asia-Pacific,High,High,2024-10-09,2025-02-19,CVE-2026-63248,False,True
THREAT-00977,APT28,Credential Theft,T1003 OS Credential Dumping,Energy,Web Server,False,80,0.11,EMEA,High,High,2022-10-19,2022-11-27,,False,True
THREAT-00978,Nation-State (Iran),Credential Theft,T1070 Indicator Removal,E-commerce,Kubernetes Cluster,True,52,0.17,Americas,Medium,Medium,2024-09-02,2025-07-18,,False,True
THREAT-00979,TA505,Credential Theft,T1003 OS Credential Dumping,Education,Storage Bucket,False,71,0.23,Asia-Pacific,Medium,Low,2021-05-27,2021-08-02,,False,False
THREAT-00980,Hacktivist Group,Data Exfiltration,T1036 Masquerading,Healthcare,Storage Bucket,False,99,0.31,India,Low,High,2023-06-05,2023-11-09,CVE-2026-59809,False,False
THREAT-00981,TA505,Cryptojacking,T1055 Process Injection,Government,Storage Bucket,False,28,0.34,EMEA,Critical,High,2023-08-23,2023-10-24,CVE-2026-81028,False,False
THREAT-00982,Nation-State (Iran),Insider Threat,T1021 Remote Services,Government,Kubernetes Cluster,False,8,0.34,India,Low,High,2024-09-26,2024-12-11,CVE-2026-81772,False,True
THREAT-00983,ALPHV,Ransomware,T1053 Scheduled Task/Job,Education,API Gateway,False,26,0.79,India,Critical,High,2021-10-11,2022-10-04,CVE-2026-53798,True,False
THREAT-00984,Turla,Ransomware,T1055 Process Injection,Manufacturing,API Gateway,True,24,0.33,Americas,Low,Low,2024-02-06,2024-12-27,CVE-2026-78168,True,False
THREAT-00985,Insider,Phishing,T1190 Exploit Public-Facing Application,Education,Storage Bucket,False,72,0.27,Global,High,High,2025-09-25,2026-05-09,CVE-2026-7248,False,False
THREAT-00986,ALPHV,Business Email Compromise,T1053 Scheduled Task/Job,IT Services,API Gateway,False,17,0.32,EMEA,High,High,2023-09-08,2023-11-16,CVE-2026-67353,False,True
THREAT-00987,Lazarus Group,Cloud Misconfiguration Exploitation,T1070 Indicator Removal,Manufacturing,Employee Laptop,True,49,0.51,Americas,Critical,Low,2021-12-29,2022-08-30,CVE-2026-50160,True,False
THREAT-00988,APT28,Zero-Day Exploit,T1082 System Information Discovery,E-commerce,Kubernetes Cluster,False,86,0.51,Global,Medium,High,2022-04-06,2022-05-03,CVE-2026-24124,False,False
THREAT-00989,REvil,Data Exfiltration,T1036 Masquerading,E-commerce,Web Server,False,49,0.29,India,Medium,Low,2023-11-29,2024-07-07,,False,False
THREAT-00990,SilverFox,Insider Threat,T1078 Valid Accounts,E-commerce,Cloud VM,True,6,0.12,EMEA,Low,Low,2023-01-05,2023-04-05,CVE-2026-54739,False,True
THREAT-00991,Nation-State (China),Web Application Attack,T1082 System Information Discovery,Insurance,Database Server,False,49,0.25,EMEA,Medium,High,2022-07-01,2022-12-26,,False,True
THREAT-00992,Turla,Insider Threat,T1110 Brute Force,E-commerce,Storage Bucket,True,7,0.37,India,High,High,2022-09-14,2023-01-31,,False,True
THREAT-00993,Nation-State (Russia),Cloud Misconfiguration Exploitation,T1569 System Services,Insurance,Cloud VM,False,24,0.49,Global,Low,Low,2025-03-07,2026-01-25,CVE-2026-79744,False,True
THREAT-00994,ALPHV,DDoS,T1036 Masquerading,Manufacturing,Payment Gateway,False,190,0.57,Asia-Pacific,Critical,High,2023-08-14,2024-01-29,,False,False
THREAT-00995,Insider,Cloud Misconfiguration Exploitation,T1569 System Services,Government,Storage Bucket,False,18,0.17,Americas,Low,High,2026-06-19,2026-09-04,CVE-2026-54332,False,False
THREAT-00996,Hacktivist Group,Cloud Misconfiguration Exploitation,T1082 System Information Discovery,Energy,SaaS Application,True,77,0.16,Americas,Medium,Low,2026-03-30,2026-09-04,CVE-2026-3301,False,True
THREAT-00997,LockBit,DDoS,T1133 External Remote Services,Manufacturing,Kubernetes Cluster,True,168,0.55,Asia-Pacific,Critical,Medium,2022-10-01,2022-10-02,,False,False
THREAT-00998,Nation-State (China),Credential Theft,T1110 Brute Force,Energy,Kubernetes Cluster,True,83,0.52,Americas,High,Medium,2025-07-22,2025-10-18,,False,False
THREAT-00999,Unknown,Cloud Misconfiguration Exploitation,T1003 OS Credential Dumping,Manufacturing,Employee Laptop,False,96,0.2,Americas,Critical,High,2022-11-08,2022-12-24,CVE-2026-61447,False,False
THREAT-01000,Unknown,DDoS,T1003 OS Credential Dumping,Government,Cloud VM,True,143,0.62,Asia-Pacific,Medium,Low,2021-05-17,2021-06-10,CVE-2026-44359,False,False
THREAT-01001,Kimsuky,Phishing,T1562 Impair Defenses,E-commerce,Domain Controller,True,28,0.37,Americas,High,Medium,2024-09-19,2025-05-17,,False,False
THREAT-01002,Mustang Panda,DDoS,T1070 Indicator Removal,Manufacturing,Kubernetes Cluster,False,63,0.54,India,High,High,2022-01-26,2022-03-10,CVE-2026-66825,False,False
THREAT-01003,Mustang Panda,Cryptojacking,T1133 External Remote Services,Insurance,Employee Laptop,True,63,0.42,Global,Critical,Medium,2026-04-02,2026-09-04,,True,False
THREAT-01004,ALPHV,Zero-Day Exploit,T1071 Application Layer Protocol,Energy,Web Server,True,37,0.46,Asia-Pacific,Critical,Medium,2023-05-29,2023-11-08,,False,False
THREAT-01005,Scattered Spider,Insider Threat,T1078 Valid Accounts,E-commerce,SaaS Application,False,3,0.24,EMEA,Critical,Medium,2026-05-27,2026-09-04,,False,True
THREAT-01006,Nation-State (Iran),Zero-Day Exploit,T1036 Masquerading,Insurance,Email Server,True,39,0.33,Global,High,Medium,2026-06-10,2026-09-04,,False,False
THREAT-01007,Insider,Insider Threat,T1078 Valid Accounts,IT Services,API Gateway,False,8,0.4,Asia-Pacific,Low,Low,2023-10-17,2024-01-03,,False,True
THREAT-01008,Script Kiddie,DDoS,T1027 Obfuscated Files or Information,Energy,Storage Bucket,False,117,0.7,Global,Critical,Medium,2024-02-05,2024-11-28,,False,False
THREAT-01009,APT28,Cryptojacking,T1078 Valid Accounts,Energy,Web Server,False,23,0.2,Global,Medium,High,2022-01-18,2023-01-13,CVE-2026-85236,False,False
THREAT-01010,Cybercrime Syndicate,Insider Threat,T1562 Impair Defenses,Insurance,Email Server,False,6,0.3,EMEA,Medium,High,2024-12-03,2025-01-07,CVE-2026-5996,False,True
THREAT-01011,FIN7,Business Email Compromise,T1036 Masquerading,Manufacturing,Domain Controller,True,81,0.3,EMEA,Low,High,2021-06-09,2021-11-27,,False,False
THREAT-01012,LockBit,Zero-Day Exploit,T1078 Valid Accounts,Manufacturing,Kubernetes Cluster,True,35,0.24,Americas,Low,Low,2026-03-24,2026-09-04,CVE-2026-55678,False,False
THREAT-01013,Sandworm,Cryptojacking,T1486 Data Encrypted for Impact,Education,Database Server,True,6,0.48,India,Critical,Low,2022-01-01,2022-03-17,,True,False
THREAT-01014,Script Kiddie,Credential Theft,T1021 Remote Services,E-commerce,Domain Controller,False,59,0.49,Asia-Pacific,Medium,Low,2023-10-30,2024-05-28,,False,False
THREAT-01015,Hacktivist Group,Supply Chain Attack,T1036 Masquerading,Government,API Gateway,True,38,0.16,EMEA,Low,Medium,2025-08-16,2026-08-09,,False,False
THREAT-01016,Nation-State (Russia),Insider Threat,T1003 OS Credential Dumping,Energy,Kubernetes Cluster,True,1,0.34,Global,Low,Low,2023-10-26,2024-09-01,CVE-2026-47056,False,True
THREAT-01017,FIN7,Credential Theft,T1055 Process Injection,Energy,API Gateway,True,10,0.38,Asia-Pacific,High,Medium,2023-02-18,2023-08-13,,False,False
THREAT-01018,Mustang Panda,Business Email Compromise,T1070 Indicator Removal,Energy,Storage Bucket,True,80,0.43,India,Low,Low,2025-09-20,2026-04-17,,False,False
THREAT-01019,Turla,Credential Theft,T1021 Remote Services,Government,Employee Laptop,True,15,0.44,Asia-Pacific,Critical,High,2023-03-22,2023-11-07,,False,True
THREAT-01020,Nation-State (Iran),Ransomware,T1055 Process Injection,IT Services,Cloud VM,True,49,0.72,India,Medium,Medium,2024-11-19,2025-06-22,CVE-2026-81579,True,True
THREAT-01021,Turla,Phishing,T1070 Indicator Removal,Education,Payment Gateway,True,18,0.42,India,Medium,High,2021-09-18,2021-11-07,CVE-2026-70352,False,False
THREAT-01022,Scattered Spider,Ransomware,T1078 Valid Accounts,Government,Email Server,True,22,0.38,Global,Critical,Low,2024-01-14,2024-12-13,CVE-2026-16498,True,True
THREAT-01023,Turla,Supply Chain Attack,T1110 Brute Force,Government,Cloud VM,True,59,0.27,Asia-Pacific,Medium,Low,2025-12-28,2026-06-11,,False,False
THREAT-01024,Mustang Panda,Phishing,T1133 External Remote Services,Education,Email Server,True,50,0.44,Americas,Low,High,2024-02-19,2024-07-10,CVE-2026-81730,False,True
THREAT-01025,FIN7,Ransomware,T1105 Ingress Tool Transfer,Healthcare,Domain Controller,False,28,0.68,EMEA,High,Medium,2022-05-08,2022-12-27,,True,True
THREAT-01026,FIN7,Cloud Misconfiguration Exploitation,T1071 Application Layer Protocol,IT Services,Kubernetes Cluster,False,94,0.42,India,Critical,Medium,2026-02-23,2026-09-04,,False,False
THREAT-01027,Scattered Spider,Cryptojacking,T1059 Command and Scripting Interpreter,Telecom,Domain Controller,False,92,0.39,India,Critical,Low,2023-06-08,2023-09-21,CVE-2026-76658,False,False
THREAT-01028,APT28,Supply Chain Attack,T1110 Brute Force,Manufacturing,Payment Gateway,False,53,0.12,Asia-Pacific,Critical,Low,2021-09-15,2022-04-14,CVE-2026-79219,False,True
THREAT-01029,TA505,Data Exfiltration,T1055 Process Injection,Manufacturing,Domain Controller,True,81,0.58,India,High,Low,2024-11-23,2025-03-11,,False,True
THREAT-01030,Mustang Panda,Phishing,T1021 Remote Services,Energy,Storage Bucket,True,90,0.45,EMEA,Critical,Medium,2023-06-14,2024-06-07,CVE-2026-81660,True,False
THREAT-01031,Unknown,Cloud Misconfiguration Exploitation,T1070 Indicator Removal,E-commerce,Payment Gateway,True,26,0.16,Global,High,High,2023-07-13,2024-05-25,CVE-2026-74764,False,False
THREAT-01032,Sandworm,DDoS,T1070 Indicator Removal,E-commerce,Domain Controller,True,69,0.86,EMEA,Critical,Low,2022-12-02,2023-05-15,,False,False
THREAT-01033,Conti,Cloud Misconfiguration Exploitation,T1566 Phishing,Government,Storage Bucket,False,5,0.33,Asia-Pacific,Low,Low,2021-09-14,2022-08-17,CVE-2026-55485,False,False
THREAT-01034,APT28,Credential Theft,T1110 Brute Force,E-commerce,Cloud VM,True,20,0.34,EMEA,High,High,2025-04-25,2025-11-22,,False,True
THREAT-01035,TA505,Web Application Attack,T1110 Brute Force,Energy,Cloud VM,True,65,0.54,Asia-Pacific,Critical,High,2021-12-18,2022-11-07,CVE-2026-18051,False,False
THREAT-01036,ALPHV,Supply Chain Attack,T1053 Scheduled Task/Job,Government,SaaS Application,False,50,0.45,Asia-Pacific,High,Low,2021-04-24,2022-02-27,,False,True
THREAT-01037,REvil,Insider Threat,T1078 Valid Accounts,IT Services,Cloud VM,False,8,0.17,Global,Critical,Low,2023-06-13,2023-11-30,CVE-2026-44103,False,True
THREAT-01038,Hacktivist Group,Cloud Misconfiguration Exploitation,T1078 Valid Accounts,Government,Domain Controller,True,98,0.22,Asia-Pacific,High,Medium,2024-05-11,2025-04-13,CVE-2026-79244,False,False
THREAT-01039,Kimsuky,Credential Theft,T1569 System Services,Healthcare,Storage Bucket,True,7,0.13,EMEA,Medium,Medium,2025-10-06,2026-05-21,,False,True
THREAT-01040,Nation-State (China),Ransomware,T1110 Brute Force,Education,Payment Gateway,False,18,0.37,India,Medium,Medium,2024-04-07,2025-03-07,,True,False
THREAT-01041,Turla,Data Exfiltration,T1566 Phishing,IT Services,Kubernetes Cluster,False,100,0.45,Asia-Pacific,High,Medium,2022-09-20,2023-02-07,,False,True
THREAT-01042,APT28,Cryptojacking,T1048 Exfiltration Over Alternative Protocol,Government,Domain Controller,False,88,0.25,Asia-Pacific,Low,Low,2022-11-25,2023-03-31,,False,True
THREAT-01043,Conti,Cryptojacking,T1082 System Information Discovery,Energy,API Gateway,True,26,0.18,Global,Medium,Low,2025-07-12,2026-03-18,,False,False
THREAT-01044,Nation-State (Russia),Supply Chain Attack,T1021 Remote Services,Manufacturing,Database Server,True,68,0.47,Americas,High,Medium,2024-10-27,2025-07-04,CVE-2026-85062,False,False
THREAT-01045,Script Kiddie,Ransomware,T1566 Phishing,Energy,Domain Controller,True,29,0.42,Asia-Pacific,High,Medium,2025-02-13,2025-09-12,CVE-2026-21448,True,False
THREAT-01046,REvil,Cloud Misconfiguration Exploitation,T1078 Valid Accounts,Government,Storage Bucket,True,70,0.6,India,Low,High,2024-12-12,2025-02-14,,True,True
THREAT-01047,Conti,Supply Chain Attack,T1133 External Remote Services,IT Services,SaaS Application,False,87,0.4,Americas,Medium,Medium,2025-05-08,2025-05-22,,False,False
THREAT-01048,REvil,Supply Chain Attack,T1190 Exploit Public-Facing Application,Insurance,Email Server,False,78,0.3,EMEA,Medium,Medium,2021-06-22,2022-01-06,CVE-2026-81727,False,True
THREAT-01049,Conti,DDoS,T1190 Exploit Public-Facing Application,Education,Payment Gateway,False,48,0.53,India,Medium,Low,2025-09-06,2026-05-01,,False,False
THREAT-01050,Hacktivist Group,Web Application Attack,T1082 System Information Discovery,Energy,Cloud VM,False,93,0.13,Americas,Low,High,2022-01-15,2022-11-18,,False,False
THREAT-01051,ALPHV,Phishing,T1110 Brute Force,E-commerce,Payment Gateway,False,71,0.55,Americas,High,Medium,2023-06-26,2024-02-22,,False,False
THREAT-01052,Lazarus Group,Data Exfiltration,T1027 Obfuscated Files or Information,Government,Cloud VM,False,57,0.38,EMEA,Low,High,2021-04-26,2022-04-16,,True,True
THREAT-01053,Cybercrime Syndicate,Cryptojacking,T1486 Data Encrypted for Impact,Education,Domain Controller,False,57,0.27,Global,Critical,Low,2022-05-12,2022-10-14,CVE-2026-70651,True,True
THREAT-01054,FIN7,Zero-Day Exploit,T1027 Obfuscated Files or Information,Energy,Storage Bucket,False,59,0.34,Americas,Low,Low,2023-01-07,2023-11-04,,False,False
THREAT-01055,APT29,Credential Theft,T1078 Valid Accounts,IT Services,Kubernetes Cluster,False,52,0.41,India,High,High,2023-08-05,2024-06-16,,True,False
THREAT-01056,Unknown,Ransomware,T1021 Remote Services,IT Services,SaaS Application,False,23,0.79,Americas,Critical,Low,2021-04-03,2021-11-18,CVE-2026-80234,True,True
THREAT-01057,Lazarus Group,DDoS,T1048 Exfiltration Over Alternative Protocol,Government,Web Server,True,166,0.69,India,Medium,Medium,2025-02-12,2025-07-06,,False,False
THREAT-01058,Mustang Panda,Phishing,T1055 Process Injection,E-commerce,Email Server,False,27,0.11,Global,Critical,Low,2025-04-24,2025-07-02,CVE-2026-67429,False,False
THREAT-01059,TA505,DDoS,T1562 Impair Defenses,Manufacturing,Domain Controller,True,98,0.86,Americas,High,Low,2025-05-09,2025-05-14,,False,False
THREAT-01060,REvil,Data Exfiltration,T1110 Brute Force,Energy,Kubernetes Cluster,False,62,0.58,EMEA,Critical,Low,2022-10-13,2022-12-13,CVE-2026-19924,False,False
THREAT-01061,Cybercrime Syndicate,DDoS,T1003 OS Credential Dumping,Manufacturing,Storage Bucket,False,24,0.86,EMEA,Low,Low,2021-10-29,2022-09-05,CVE-2026-22194,False,False
THREAT-01062,Lazarus Group,Business Email Compromise,T1048 Exfiltration Over Alternative Protocol,Government,Payment Gateway,True,15,0.53,Asia-Pacific,Low,Medium,2024-03-05,2024-07-08,CVE-2026-18886,False,False
THREAT-01063,Insider,Cryptojacking,T1110 Brute Force,Education,Storage Bucket,False,22,0.2,Asia-Pacific,Low,High,2024-01-19,2024-08-23,,False,False
THREAT-01064,Mustang Panda,Credential Theft,T1133 External Remote Services,Energy,Employee Laptop,True,97,0.11,Global,Critical,High,2022-02-17,2022-02-28,,False,True
THREAT-01065,Nation-State (Iran),Business Email Compromise,T1071 Application Layer Protocol,Manufacturing,Cloud VM,True,45,0.13,Asia-Pacific,Critical,Low,2021-06-14,2021-11-26,CVE-2026-79183,False,True
THREAT-01066,Conti,Phishing,T1071 Application Layer Protocol,E-commerce,API Gateway,False,17,0.37,Asia-Pacific,Low,High,2021-09-26,2022-03-08,,False,True
THREAT-01067,Mustang Panda,Supply Chain Attack,T1036 Masquerading,Government,Cloud VM,True,28,0.15,India,Low,High,2022-10-19,2022-12-31,,False,False
THREAT-01068,ALPHV,Supply Chain Attack,T1133 External Remote Services,Energy,SaaS Application,False,77,0.16,EMEA,High,High,2022-08-24,2022-09-01,CVE-2026-84764,True,False
THREAT-01069,Nation-State (Iran),Web Application Attack,T1003 OS Credential Dumping,Energy,Domain Controller,False,62,0.14,EMEA,Critical,Low,2022-03-07,2022-10-30,,False,False
THREAT-01070,Nation-State (China),Cloud Misconfiguration Exploitation,T1078 Valid Accounts,Manufacturing,Employee Laptop,True,79,0.57,Asia-Pacific,Medium,Low,2022-09-05,2022-09-26,CVE-2026-79127,False,True
THREAT-01071,Nation-State (Russia),Business Email Compromise,T1003 OS Credential Dumping,Manufacturing,Web Server,True,81,0.2,India,Medium,High,2022-11-20,2023-03-02,,False,True
THREAT-01072,REvil,Business Email Compromise,T1562 Impair Defenses,Insurance,Employee Laptop,False,69,0.21,EMEA,Low,Low,2023-06-08,2023-07-28,CVE-2026-19591,False,False
THREAT-01073,TA505,DDoS,T1190 Exploit Public-Facing Application,E-commerce,Database Server,True,151,0.68,EMEA,Low,High,2024-01-31,2024-07-28,CVE-2026-5975,False,False
THREAT-01074,Conti,Zero-Day Exploit,T1003 OS Credential Dumping,Government,Domain Controller,False,65,0.16,India,Low,Low,2025-01-13,2025-08-15,,False,False
THREAT-01075,Scattered Spider,Business Email Compromise,T1190 Exploit Public-Facing Application,Telecom,Database Server,False,97,0.23,India,Critical,Medium,2021-12-20,2022-05-05,,False,False
THREAT-01076,Nation-State (Russia),Insider Threat,T1190 Exploit Public-Facing Application,Energy,Domain Controller,False,8,0.19,EMEA,Critical,Medium,2025-10-13,2026-05-25,,False,True
THREAT-01077,Insider,DDoS,T1036 Masquerading,E-commerce,Kubernetes Cluster,False,188,0.78,Asia-Pacific,Medium,Medium,2024-02-10,2024-04-16,,False,False
THREAT-01078,FIN7,Web Application Attack,T1027 Obfuscated Files or Information,Government,Email Server,False,49,0.31,India,Low,Low,2022-09-20,2023-03-08,CVE-2026-69092,False,False
THREAT-01079,Sandworm,Data Exfiltration,T1078 Valid Accounts,Manufacturing,Storage Bucket,False,73,0.29,Asia-Pacific,High,High,2023-08-12,2024-01-14,,False,False
THREAT-01080,Nation-State (China),Business Email Compromise,T1486 Data Encrypted for Impact,Manufacturing,API Gateway,False,90,0.52,India,Critical,High,2026-01-29,2026-08-27,CVE-2026-58567,False,True
THREAT-01081,Hacktivist Group,Credential Theft,T1569 System Services,Government,Domain Controller,False,99,0.52,EMEA,Medium,High,2022-04-13,2023-03-09,,False,False
THREAT-01082,REvil,Ransomware,T1036 Masquerading,Government,Cloud VM,True,8,0.43,EMEA,Critical,High,2023-01-12,2023-03-30,,True,True
THREAT-01083,Nation-State (Russia),Zero-Day Exploit,T1190 Exploit Public-Facing Application,Energy,Cloud VM,True,59,0.58,India,Low,Medium,2024-05-08,2024-10-28,,False,True
THREAT-01084,Unknown,DDoS,T1055 Process Injection,Manufacturing,Domain Controller,False,55,0.41,Asia-Pacific,Medium,High,2025-10-05,2025-12-16,CVE-2026-53576,False,False
THREAT-01085,Nation-State (Russia),Business Email Compromise,T1055 Process Injection,Government,Cloud VM,False,6,0.26,EMEA,Low,Low,2023-07-16,2024-07-14,CVE-2026-19116,False,False
THREAT-01086,Turla,Cloud Misconfiguration Exploitation,T1053 Scheduled Task/Job,Education,Cloud VM,True,45,0.25,Global,Low,Low,2021-06-13,2021-12-09,CVE-2026-85053,False,False
THREAT-01087,Turla,Web Application Attack,T1053 Scheduled Task/Job,E-commerce,SaaS Application,True,57,0.15,India,Low,High,2025-06-17,2026-05-15,,False,False
THREAT-01088,APT29,Supply Chain Attack,T1110 Brute Force,Manufacturing,Email Server,True,59,0.26,Americas,Low,Medium,2021-08-06,2022-05-17,,False,False
THREAT-01089,SilverFox,Cryptojacking,T1105 Ingress Tool Transfer,Insurance,Employee Laptop,False,60,0.57,EMEA,Low,High,2024-05-23,2025-01-18,,False,True
THREAT-01090,Cybercrime Syndicate,Insider Threat,T1562 Impair Defenses,Energy,SaaS Application,False,9,0.28,Americas,Low,High,2023-05-29,2024-05-18,,False,True
THREAT-01091,FIN7,Zero-Day Exploit,T1190 Exploit Public-Facing Application,Healthcare,Kubernetes Cluster,False,82,0.47,Global,Medium,Medium,2025-05-20,2025-06-15,,False,False
THREAT-01092,APT29,Cloud Misconfiguration Exploitation,T1071 Application Layer Protocol,Manufacturing,SaaS Application,False,81,0.36,Asia-Pacific,High,Low,2024-07-13,2024-10-19,,False,False
THREAT-01093,Unknown,Cloud Misconfiguration Exploitation,T1486 Data Encrypted for Impact,Energy,Domain Controller,False,96,0.49,EMEA,Medium,Medium,2024-07-05,2024-08-28,CVE-2026-72772,True,True
THREAT-01094,Nation-State (China),Business Email Compromise,T1190 Exploit Public-Facing Application,Energy,SaaS Application,True,91,0.6,EMEA,Medium,High,2026-01-08,2026-03-22,,False,True
THREAT-01095,REvil,Cryptojacking,T1027 Obfuscated Files or Information,Insurance,Web Server,False,37,0.1,India,Critical,Medium,2021-11-08,2021-11-16,CVE-2026-76611,False,False
THREAT-01096,Kimsuky,Web Application Attack,T1105 Ingress Tool Transfer,IT Services,Storage Bucket,True,21,0.5,Americas,Low,High,2021-06-08,2022-02-25,CVE-2026-70352,False,True
THREAT-01097,Scattered Spider,Cryptojacking,T1133 External Remote Services,Government,API Gateway,False,36,0.31,Global,Low,Medium,2023-05-08,2023-11-28,CVE-2026-3703,False,True
THREAT-01098,SilverFox,Data Exfiltration,T1110 Brute Force,E-commerce,Domain Controller,False,28,0.19,Americas,High,Low,2022-06-07,2022-07-27,,False,False
THREAT-01099,TA505,Insider Threat,T1569 System Services,E-commerce,Storage Bucket,False,3,0.24,India,Critical,Medium,2022-11-06,2023-05-26,,False,True
THREAT-01100,Sandworm,Phishing,T1070 Indicator Removal,E-commerce,Storage Bucket,True,32,0.16,India,Low,Low,2025-11-13,2026-09-04,CVE-2026-54721,False,False
THREAT-01101,Nation-State (China),Cloud Misconfiguration Exploitation,T1027 Obfuscated Files or Information,E-commerce,API Gateway,True,84,0.29,Asia-Pacific,High,Low,2023-01-14,2023-02-02,,True,False
THREAT-01102,Kimsuky,Supply Chain Attack,T1055 Process Injection,Government,Web Server,True,7,0.54,India,Critical,High,2024-12-26,2024-12-30,,False,True
THREAT-01103,Insider,Supply Chain Attack,T1105 Ingress Tool Transfer,Manufacturing,Kubernetes Cluster,False,10,0.59,Americas,High,Medium,2026-06-28,2026-09-04,CVE-2026-76195,False,False
THREAT-01104,Cybercrime Syndicate,Cryptojacking,T1053 Scheduled Task/Job,IT Services,Storage Bucket,False,100,0.53,EMEA,Low,Low,2026-02-28,2026-05-05,CVE-2026-7719,False,True
THREAT-01105,Kimsuky,Data Exfiltration,T1562 Impair Defenses,Energy,API Gateway,False,91,0.14,Global,High,High,2024-01-10,2024-12-23,,False,False
THREAT-01106,Script Kiddie,Insider Threat,T1070 Indicator Removal,Insurance,Kubernetes Cluster,False,1,0.21,Americas,Medium,Medium,2024-12-09,2025-03-19,CVE-2026-76601,False,True
THREAT-01107,Script Kiddie,Phishing,T1071 Application Layer Protocol,Manufacturing,Payment Gateway,False,66,0.32,EMEA,Low,High,2026-05-01,2026-07-16,,False,False
THREAT-01108,Lazarus Group,Supply Chain Attack,T1190 Exploit Public-Facing Application,E-commerce,Payment Gateway,True,16,0.3,India,Medium,Medium,2026-07-18,2026-08-06,CVE-2026-7123,False,False
THREAT-01109,Lazarus Group,DDoS,T1562 Impair Defenses,E-commerce,Email Server,True,183,0.78,Asia-Pacific,Medium,Medium,2024-02-09,2024-02-19,CVE-2026-75874,False,False
THREAT-01110,Mustang Panda,Credential Theft,T1569 System Services,Energy,Domain Controller,False,19,0.23,Global,Medium,High,2023-05-04,2023-05-13,,False,True
THREAT-01111,Unknown,Data Exfiltration,T1055 Process Injection,Energy,Database Server,True,66,0.28,Americas,High,Medium,2022-09-12,2022-12-30,,False,True
THREAT-01112,Kimsuky,Cloud Misconfiguration Exploitation,T1027 Obfuscated Files or Information,IT Services,API Gateway,False,86,0.32,Global,Low,High,2024-12-03,2025-04-07,CVE-2026-82286,False,True
THREAT-01113,Sandworm,Zero-Day Exploit,T1569 System Services,Government,Kubernetes Cluster,False,48,0.34,India,Low,Medium,2026-07-16,2026-09-04,CVE-2026-65770,False,True
THREAT-01114,TA505,Insider Threat,T1082 System Information Discovery,Education,API Gateway,False,9,0.27,EMEA,High,High,2022-04-24,2022-09-22,,False,True
THREAT-01115,Sandworm,Zero-Day Exploit,T1566 Phishing,IT Services,Employee Laptop,False,96,0.44,Global,Medium,Medium,2025-05-15,2025-10-19,,False,False
THREAT-01116,LockBit,Cryptojacking,T1059 Command and Scripting Interpreter,E-commerce,Payment Gateway,True,45,0.35,India,Critical,Medium,2025-04-06,2025-06-19,,False,True
THREAT-01117,Mustang Panda,Phishing,T1105 Ingress Tool Transfer,Energy,Cloud VM,False,50,0.25,Asia-Pacific,Low,Low,2025-12-13,2026-07-07,,False,False
THREAT-01118,Nation-State (Russia),Web Application Attack,T1059 Command and Scripting Interpreter,Healthcare,Web Server,False,100,0.17,Global,High,Low,2023-05-29,2024-03-18,CVE-2026-75419,False,False
THREAT-01119,Nation-State (Russia),Web Application Attack,T1027 Obfuscated Files or Information,Government,Email Server,True,84,0.49,Americas,High,High,2024-08-12,2024-11-27,,False,False
THREAT-01120,Nation-State (China),Zero-Day Exploit,T1070 Indicator Removal,E-commerce,Storage Bucket,True,17,0.21,EMEA,High,Medium,2025-06-02,2025-10-06,CVE-2026-11976,True,True
THREAT-01121,Sandworm,DDoS,T1133 External Remote Services,Education,Web Server,False,56,0.75,Global,High,Medium,2025-03-04,2025-11-24,,False,False
THREAT-01122,Nation-State (Russia),Business Email Compromise,T1059 Command and Scripting Interpreter,Government,Payment Gateway,False,10,0.29,Americas,Low,High,2025-12-16,2026-09-04,,False,False
THREAT-01123,ALPHV,Insider Threat,T1566 Phishing,Government,Domain Controller,False,7,0.38,Americas,Low,Medium,2025-12-15,2026-03-10,,False,True
THREAT-01124,Turla,Cloud Misconfiguration Exploitation,T1486 Data Encrypted for Impact,Government,Cloud VM,False,38,0.41,Americas,Medium,High,2024-07-09,2025-05-28,CVE-2026-19987,False,False
THREAT-01125,Turla,Business Email Compromise,T1055 Process Injection,Government,Domain Controller,True,6,0.35,Americas,Low,High,2022-07-02,2022-12-09,,False,False
THREAT-01126,APT29,Cloud Misconfiguration Exploitation,T1036 Masquerading,Telecom,SaaS Application,False,57,0.49,Americas,Low,Low,2024-05-04,2024-11-27,CVE-2026-73752,False,False
THREAT-01127,Hacktivist Group,Data Exfiltration,T1053 Scheduled Task/Job,Insurance,Web Server,False,24,0.29,India,Critical,Medium,2026-01-30,2026-03-17,CVE-2026-70651,True,False
THREAT-01128,APT29,Credential Theft,T1055 Process Injection,E-commerce,SaaS Application,True,48,0.57,Asia-Pacific,Low,Medium,2026-02-05,2026-07-17,,False,False
THREAT-01129,Nation-State (Russia),Cloud Misconfiguration Exploitation,T1078 Valid Accounts,Energy,Storage Bucket,True,27,0.16,Global,Medium,High,2021-05-04,2022-05-04,,False,True
THREAT-01130,Lazarus Group,Web Application Attack,T1110 Brute Force,E-commerce,Storage Bucket,True,31,0.3,Global,Medium,High,2024-09-19,2025-03-09,,False,False
THREAT-01131,Kimsuky,Phishing,T1562 Impair Defenses,E-commerce,Cloud VM,True,64,0.34,India,High,Medium,2023-10-06,2023-10-16,,False,False
THREAT-01132,Hacktivist Group,Ransomware,T1070 Indicator Removal,Government,Cloud VM,False,50,0.59,Global,Medium,Low,2022-09-14,2023-03-01,CVE-2026-73750,True,False
THREAT-01133,APT28,Cloud Misconfiguration Exploitation,T1486 Data Encrypted for Impact,E-commerce,Web Server,False,28,0.2,EMEA,Low,High,2023-08-13,2024-03-22,,False,False
THREAT-01134,Turla,Credential Theft,T1110 Brute Force,Education,Web Server,False,33,0.55,Global,Medium,Medium,2022-10-05,2022-12-11,,True,True
THREAT-01135,Nation-State (Russia),Supply Chain Attack,T1053 Scheduled Task/Job,Energy,Storage Bucket,False,95,0.25,Asia-Pacific,Low,Medium,2021-12-09,2022-04-22,CVE-2026-47828,False,False
THREAT-01136,ALPHV,Supply Chain Attack,T1105 Ingress Tool Transfer,Insurance,Web Server,False,79,0.12,EMEA,Critical,High,2026-05-04,2026-09-04,CVE-2026-66012,False,True
THREAT-01137,Cybercrime Syndicate,Credential Theft,T1078 Valid Accounts,Energy,Employee Laptop,True,27,0.54,Americas,Low,Medium,2024-06-15,2024-12-04,CVE-2026-72899,False,False
THREAT-01138,FIN7,Zero-Day Exploit,T1053 Scheduled Task/Job,E-commerce,Web Server,False,13,0.43,Global,Low,Low,2026-07-10,2026-09-04,CVE-2026-84347,True,True
THREAT-01139,Nation-State (Iran),DDoS,T1027 Obfuscated Files or Information,IT Services,Cloud VM,False,130,0.46,India,Critical,High,2022-08-15,2022-10-13,,False,False
THREAT-01140,SilverFox,Supply Chain Attack,T1190 Exploit Public-Facing Application,Energy,Payment Gateway,True,44,0.19,EMEA,High,Medium,2021-10-15,2022-06-21,,False,True
THREAT-01141,FIN7,Zero-Day Exploit,T1070 Indicator Removal,Energy,Employee Laptop,True,88,0.37,Asia-Pacific,High,Medium,2024-02-11,2024-03-24,,False,False
THREAT-01142,Nation-State (Iran),Business Email Compromise,T1059 Command and Scripting Interpreter,Manufacturing,Employee Laptop,False,43,0.18,EMEA,Medium,Medium,2022-10-16,2023-06-13,CVE-2026-82465,False,False
THREAT-01143,LockBit,Cloud Misconfiguration Exploitation,T1036 Masquerading,Manufacturing,SaaS Application,False,5,0.29,Global,Medium,Low,2021-11-22,2022-07-25,,False,True
THREAT-01144,TA505,DDoS,T1036 Masquerading,Energy,Database Server,True,144,0.71,India,High,Low,2023-04-10,2023-09-25,CVE-2026-4164,False,False
THREAT-01145,Lazarus Group,Web Application Attack,T1486 Data Encrypted for Impact,E-commerce,Email Server,False,32,0.27,Asia-Pacific,High,Medium,2024-08-12,2024-11-07,CVE-2026-18916,False,True
THREAT-01146,Mustang Panda,Ransomware,T1055 Process Injection,Insurance,API Gateway,True,29,0.61,Americas,Medium,Low,2021-07-07,2021-09-25,,True,False
THREAT-01147,Conti,Web Application Attack,T1003 OS Credential Dumping,Government,Kubernetes Cluster,True,10,0.49,EMEA,Critical,Low,2025-12-26,2026-01-03,,False,False
THREAT-01148,LockBit,Ransomware,T1082 System Information Discovery,Healthcare,Kubernetes Cluster,False,32,0.38,Global,Medium,Low,2021-05-28,2021-08-15,CVE-2026-19755,True,True
THREAT-01149,SilverFox,DDoS,T1110 Brute Force,Energy,Email Server,False,178,0.52,Global,High,Medium,2021-12-19,2022-09-18,,False,False
THREAT-01150,Scattered Spider,Web Application Attack,T1566 Phishing,E-commerce,API Gateway,False,63,0.42,EMEA,Low,Low,2024-05-14,2024-09-11,,False,True
THREAT-01151,Kimsuky,Business Email Compromise,T1566 Phishing,Telecom,Cloud VM,True,86,0.2,India,Critical,Low,2021-08-23,2022-06-26,,False,True
THREAT-01152,LockBit,Ransomware,T1110 Brute Force,Energy,Web Server,False,45,0.63,Americas,Low,Low,2022-10-02,2022-10-18,,True,True
THREAT-01153,Lazarus Group,Zero-Day Exploit,T1082 System Information Discovery,Energy,Payment Gateway,True,53,0.56,EMEA,Medium,Low,2025-05-08,2026-02-08,,False,False
THREAT-01154,LockBit,Business Email Compromise,T1036 Masquerading,Education,Database Server,False,8,0.4,India,Medium,High,2024-12-19,2025-06-22,,False,True
THREAT-01155,REvil,Ransomware,T1486 Data Encrypted for Impact,E-commerce,Payment Gateway,False,45,0.46,Asia-Pacific,Low,High,2023-05-09,2023-07-20,CVE-2026-48286,True,True
THREAT-01156,Unknown,Supply Chain Attack,T1021 Remote Services,Manufacturing,API Gateway,False,32,0.17,Asia-Pacific,Low,Low,2021-05-29,2022-03-29,CVE-2026-53531,False,False
THREAT-01157,REvil,Cryptojacking,T1070 Indicator Removal,Energy,SaaS Application,False,16,0.41,Asia-Pacific,Medium,High,2021-12-09,2022-02-15,CVE-2026-7248,False,False
THREAT-01158,Kimsuky,Web Application Attack,T1059 Command and Scripting Interpreter,Government,API Gateway,False,26,0.54,Global,Critical,Medium,2023-07-07,2023-12-11,,False,False
THREAT-01159,Mustang Panda,Web Application Attack,T1027 Obfuscated Files or Information,Telecom,API Gateway,False,8,0.55,Global,Low,Low,2022-07-24,2023-03-27,CVE-2026-4181,False,False
THREAT-01160,Turla,DDoS,T1027 Obfuscated Files or Information,Government,Email Server,True,30,0.6,Americas,High,Medium,2024-08-31,2025-08-16,,False,False
THREAT-01161,Mustang Panda,Zero-Day Exploit,T1027 Obfuscated Files or Information,Energy,Employee Laptop,False,37,0.45,Global,Medium,Medium,2024-06-02,2024-09-15,,False,False
THREAT-01162,LockBit,Ransomware,T1110 Brute Force,Insurance,Cloud VM,False,50,0.67,Global,Medium,Medium,2025-05-19,2026-01-21,,True,False
THREAT-01163,Nation-State (China),Cloud Misconfiguration Exploitation,T1048 Exfiltration Over Alternative Protocol,Telecom,SaaS Application,True,93,0.59,Global,Critical,Low,2024-09-28,2025-09-26,CVE-2026-40323,False,False
THREAT-01164,Kimsuky,Zero-Day Exploit,T1059 Command and Scripting Interpreter,E-commerce,Email Server,False,44,0.24,Americas,Critical,High,2021-07-12,2021-12-03,CVE-2026-73678,False,False
THREAT-01165,TA505,Ransomware,T1048 Exfiltration Over Alternative Protocol,Government,Storage Bucket,False,11,0.3,EMEA,Low,Low,2023-04-16,2023-04-19,,True,False
THREAT-01166,Nation-State (China),Ransomware,T1053 Scheduled Task/Job,Government,Payment Gateway,False,42,0.44,India,Medium,Low,2021-03-23,2021-06-16,,True,True
THREAT-01167,Nation-State (Russia),Cryptojacking,T1027 Obfuscated Files or Information,Manufacturing,Email Server,True,34,0.57,Global,Medium,High,2025-01-22,2025-12-04,,False,False
THREAT-01168,Unknown,Ransomware,T1133 External Remote Services,Manufacturing,Employee Laptop,True,5,0.45,Americas,Low,Medium,2025-07-02,2026-06-22,,True,True
THREAT-01169,Turla,Cloud Misconfiguration Exploitation,T1053 Scheduled Task/Job,Education,Employee Laptop,True,98,0.53,Asia-Pacific,Low,Medium,2021-09-25,2021-10-23,CVE-2026-6116,False,True
THREAT-01170,Mustang Panda,Cloud Misconfiguration Exploitation,T1053 Scheduled Task/Job,Telecom,Storage Bucket,False,99,0.32,Americas,Low,Medium,2022-08-30,2023-02-12,,False,False
THREAT-01171,SilverFox,Credential Theft,T1003 OS Credential Dumping,Government,API Gateway,False,61,0.37,Americas,Low,Low,2023-09-05,2024-03-29,CVE-2026-67339,False,False
THREAT-01172,Nation-State (Iran),Web Application Attack,T1021 Remote Services,E-commerce,Kubernetes Cluster,False,14,0.14,India,High,Medium,2025-11-11,2026-01-13,,False,True
THREAT-01173,Nation-State (Russia),Zero-Day Exploit,T1566 Phishing,Education,Cloud VM,True,94,0.57,Americas,Critical,Medium,2024-07-29,2024-10-01,CVE-2026-59238,False,True
THREAT-01174,APT29,Web Application Attack,T1562 Impair Defenses,Government,Employee Laptop,False,18,0.46,EMEA,Medium,High,2023-01-21,2023-03-15,CVE-2026-53668,False,False
THREAT-01175,REvil,Data Exfiltration,T1053 Scheduled Task/Job,Energy,Storage Bucket,False,96,0.28,Americas,Medium,High,2025-07-27,2025-12-11,CVE-2026-81664,False,False
THREAT-01176,FIN7,Business Email Compromise,T1105 Ingress Tool Transfer,Manufacturing,Email Server,True,11,0.39,Asia-Pacific,High,Low,2025-02-07,2025-02-20,,False,False
THREAT-01177,SilverFox,Insider Threat,T1082 System Information Discovery,Government,Cloud VM,True,9,0.1,Global,Critical,Low,2023-08-15,2024-03-15,,False,True
THREAT-01178,Lazarus Group,Cloud Misconfiguration Exploitation,T1055 Process Injection,Manufacturing,Web Server,False,69,0.59,Asia-Pacific,Low,High,2024-12-09,2024-12-16,CVE-2026-82265,False,False
THREAT-01179,Unknown,Supply Chain Attack,T1048 Exfiltration Over Alternative Protocol,Manufacturing,Email Server,False,37,0.29,EMEA,Medium,Medium,2022-01-03,2022-10-16,,False,True
THREAT-01180,Kimsuky,Supply Chain Attack,T1078 Valid Accounts,Insurance,Domain Controller,False,54,0.58,Americas,Critical,High,2024-05-27,2025-01-10,,False,False
THREAT-01181,Nation-State (Iran),Ransomware,T1133 External Remote Services,Telecom,Payment Gateway,True,6,0.76,India,High,Medium,2026-04-01,2026-07-23,,True,False
THREAT-01182,Turla,Data Exfiltration,T1562 Impair Defenses,E-commerce,Web Server,True,7,0.35,India,Low,Low,2025-06-11,2025-10-31,,False,False
THREAT-01183,APT28,Ransomware,T1110 Brute Force,IT Services,Kubernetes Cluster,False,32,0.72,Global,Low,Medium,2025-10-25,2025-12-07,,True,True
THREAT-01184,Script Kiddie,Insider Threat,T1059 Command and Scripting Interpreter,Energy,Storage Bucket,False,10,0.14,EMEA,High,Low,2022-01-07,2022-10-26,,False,True
THREAT-01185,LockBit,Ransomware,T1003 OS Credential Dumping,Telecom,API Gateway,False,9,0.78,EMEA,High,Medium,2022-12-18,2023-08-10,,True,True
THREAT-01186,Insider,DDoS,T1021 Remote Services,E-commerce,SaaS Application,False,136,0.64,India,High,Low,2022-07-02,2023-06-02,,False,False
THREAT-01187,Insider,Credential Theft,T1133 External Remote Services,Energy,Payment Gateway,False,73,0.13,India,Low,Low,2024-12-31,2025-12-28,,False,False
THREAT-01188,Turla,Supply Chain Attack,T1055 Process Injection,IT Services,Payment Gateway,False,88,0.34,EMEA,High,Medium,2025-08-23,2026-02-23,,False,False
THREAT-01189,Hacktivist Group,Credential Theft,T1027 Obfuscated Files or Information,Government,Email Server,False,60,0.2,India,Low,Low,2023-03-21,2023-11-11,CVE-2026-65667,False,True
THREAT-01190,FIN7,Data Exfiltration,T1566 Phishing,Education,Employee Laptop,False,32,0.21,EMEA,Critical,Low,2023-10-05,2024-08-30,CVE-2026-4585,False,True
THREAT-01191,APT28,DDoS,T1486 Data Encrypted for Impact,Telecom,SaaS Application,True,162,0.58,EMEA,High,Medium,2025-07-11,2026-06-26,CVE-2026-18601,False,False
THREAT-01192,Lazarus Group,Ransomware,T1133 External Remote Services,Healthcare,Web Server,False,50,0.31,Global,Low,Low,2026-06-22,2026-09-04,CVE-2026-47134,True,False
THREAT-01193,ALPHV,Ransomware,T1486 Data Encrypted for Impact,IT Services,Database Server,False,10,0.52,EMEA,Critical,High,2022-06-12,2022-09-09,CVE-2026-7202,True,True
THREAT-01194,Script Kiddie,Web Application Attack,T1036 Masquerading,IT Services,Database Server,True,39,0.52,Asia-Pacific,Critical,Low,2026-06-15,2026-06-29,CVE-2026-73605,False,True
THREAT-01195,Scattered Spider,Credential Theft,T1566 Phishing,Government,Storage Bucket,False,86,0.2,India,Critical,Medium,2021-08-01,2022-03-24,CVE-2026-79219,False,False
THREAT-01196,LockBit,Cloud Misconfiguration Exploitation,T1105 Ingress Tool Transfer,Manufacturing,Kubernetes Cluster,False,29,0.33,Global,Critical,Medium,2026-07-10,2026-09-04,,False,False
THREAT-01197,Hacktivist Group,Cloud Misconfiguration Exploitation,T1048 Exfiltration Over Alternative Protocol,Government,Kubernetes Cluster,False,39,0.58,Americas,Medium,High,2023-08-02,2024-06-08,,False,False
THREAT-01198,SilverFox,Business Email Compromise,T1053 Scheduled Task/Job,E-commerce,Web Server,False,100,0.14,Americas,Low,Medium,2025-04-19,2026-02-15,,False,True
THREAT-01199,TA505,Zero-Day Exploit,T1105 Ingress Tool Transfer,Energy,SaaS Application,True,50,0.15,India,High,Low,2022-03-31,2022-09-09,,True,False
THREAT-01200,SilverFox,Phishing,T1105 Ingress Tool Transfer,Education,Email Server,False,62,0.36,India,Medium,Medium,2021-09-23,2022-01-30,CVE-2026-58095,False,True
THREAT-01201,Cybercrime Syndicate,Web Application Attack,T1486 Data Encrypted for Impact,Government,Database Server,False,40,0.52,EMEA,Critical,Medium,2022-02-24,2022-02-26,,False,False
THREAT-01202,REvil,Cryptojacking,T1133 External Remote Services,Telecom,Domain Controller,False,68,0.31,Asia-Pacific,Critical,Medium,2021-09-19,2022-03-04,,False,False
THREAT-01203,Sandworm,Cryptojacking,T1021 Remote Services,Government,Email Server,False,13,0.14,Americas,Medium,Medium,2024-03-20,2024-08-01,,False,True
THREAT-01204,APT29,Insider Threat,T1053 Scheduled Task/Job,Manufacturing,Web Server,False,3,0.38,India,Low,Medium,2024-12-18,2025-10-08,CVE-2026-84752,False,True
THREAT-01205,TA505,Phishing,T1021 Remote Services,Energy,Employee Laptop,False,45,0.4,India,Critical,Medium,2021-11-21,2021-12-25,,False,False
THREAT-01206,Lazarus Group,Credential Theft,T1048 Exfiltration Over Alternative Protocol,Government,SaaS Application,False,56,0.14,EMEA,High,Medium,2024-01-21,2025-01-01,,False,False
THREAT-01207,REvil,Supply Chain Attack,T1071 Application Layer Protocol,Government,Kubernetes Cluster,False,49,0.21,EMEA,High,Medium,2024-10-11,2025-04-12,CVE-2026-1199,False,False
THREAT-01208,APT29,Insider Threat,T1053 Scheduled Task/Job,E-commerce,SaaS Application,False,8,0.12,Americas,High,Medium,2024-06-04,2024-06-07,,False,True
THREAT-01209,REvil,Zero-Day Exploit,T1078 Valid Accounts,Government,Employee Laptop,False,13,0.46,Global,Critical,Medium,2025-05-21,2026-05-10,,False,False
THREAT-01210,Scattered Spider,Web Application Attack,T1566 Phishing,Government,Web Server,False,33,0.4,Global,Medium,Medium,2023-02-11,2023-08-16,CVE-2026-75135,False,False
THREAT-01211,Nation-State (China),Zero-Day Exploit,T1027 Obfuscated Files or Information,Energy,Database Server,False,97,0.5,Asia-Pacific,Medium,Low,2023-03-31,2024-02-03,,False,False
THREAT-01212,Mustang Panda,Cryptojacking,T1003 OS Credential Dumping,IT Services,Database Server,False,34,0.57,India,High,High,2024-08-26,2025-03-28,CVE-2026-75977,False,False
THREAT-01213,Insider,Ransomware,T1003 OS Credential Dumping,Government,Kubernetes Cluster,False,43,0.34,India,Medium,Medium,2026-07-06,2026-07-12,CVE-2026-72408,True,False
THREAT-01214,TA505,Zero-Day Exploit,T1082 System Information Discovery,Government,Email Server,False,92,0.5,Americas,Low,Low,2024-10-25,2025-05-02,CVE-2026-63563,True,False
THREAT-01215,Hacktivist Group,DDoS,T1059 Command and Scripting Interpreter,Government,Payment Gateway,False,68,0.63,Asia-Pacific,Medium,High,2022-11-05,2023-01-03,,False,False
THREAT-01216,Script Kiddie,Data Exfiltration,T1055 Process Injection,Healthcare,Kubernetes Cluster,True,67,0.37,Americas,Medium,Low,2024-06-03,2024-12-13,CVE-2026-9407,False,True
THREAT-01217,Insider,Business Email Compromise,T1105 Ingress Tool Transfer,Manufacturing,API Gateway,True,35,0.3,Americas,Medium,High,2022-09-17,2023-01-11,,False,False
THREAT-01218,REvil,Ransomware,T1027 Obfuscated Files or Information,Manufacturing,Email Server,False,22,0.5,Global,Critical,Medium,2022-01-04,2022-07-26,,True,True
THREAT-01219,Sandworm,Data Exfiltration,T1048 Exfiltration Over Alternative Protocol,Education,Payment Gateway,False,53,0.54,Asia-Pacific,High,Low,2025-05-22,2025-09-05,,False,False
THREAT-01220,Nation-State (Iran),Data Exfiltration,T1053 Scheduled Task/Job,Manufacturing,Database Server,True,83,0.3,India,Medium,High,2025-12-06,2026-07-03,CVE-2026-73751,False,False
THREAT-01221,LockBit,DDoS,T1105 Ingress Tool Transfer,Manufacturing,Storage Bucket,False,158,0.88,EMEA,Critical,High,2023-07-26,2024-05-27,,False,False
THREAT-01222,LockBit,Phishing,T1048 Exfiltration Over Alternative Protocol,Education,Web Server,False,57,0.24,Global,High,Low,2023-12-05,2024-09-20,,False,False
THREAT-01223,Cybercrime Syndicate,Insider Threat,T1486 Data Encrypted for Impact,Telecom,Storage Bucket,False,3,0.1,EMEA,Medium,Low,2025-09-06,2026-02-18,CVE-2026-9457,False,True
THREAT-01224,Script Kiddie,Cryptojacking,T1059 Command and Scripting Interpreter,Education,Database Server,True,68,0.16,EMEA,Low,Low,2022-10-08,2023-10-07,,False,True
THREAT-01225,REvil,Data Exfiltration,T1055 Process Injection,Manufacturing,Payment Gateway,False,71,0.21,India,High,Low,2025-07-04,2026-02-09,,False,False
THREAT-01226,REvil,Phishing,T1566 Phishing,Government,API Gateway,False,83,0.28,Asia-Pacific,Critical,Medium,2023-11-06,2024-01-13,CVE-2026-83711,False,True
THREAT-01227,APT29,Credential Theft,T1078 Valid Accounts,E-commerce,Storage Bucket,False,57,0.53,Asia-Pacific,Critical,High,2023-08-14,2024-04-03,CVE-2026-80208,False,False
THREAT-01228,Kimsuky,Credential Theft,T1071 Application Layer Protocol,Manufacturing,Email Server,True,19,0.56,Americas,Low,Medium,2025-09-10,2026-03-19,CVE-2026-27302,False,False
THREAT-01229,TA505,Business Email Compromise,T1071 Application Layer Protocol,Healthcare,SaaS Application,False,47,0.16,India,Critical,Medium,2022-05-31,2023-03-30,,False,False
THREAT-01230,Unknown,Cryptojacking,T1562 Impair Defenses,IT Services,Web Server,True,71,0.24,India,Medium,Medium,2024-02-29,2024-06-24,,False,False
THREAT-01231,Turla,Insider Threat,T1082 System Information Discovery,Government,Cloud VM,False,8,0.18,Americas,Low,Low,2024-06-13,2024-07-19,,False,True
THREAT-01232,Nation-State (Iran),Ransomware,T1071 Application Layer Protocol,Government,Kubernetes Cluster,False,29,0.5,EMEA,High,Medium,2024-04-27,2025-03-30,,True,False
THREAT-01233,Mustang Panda,Cloud Misconfiguration Exploitation,T1569 System Services,E-commerce,Cloud VM,False,22,0.47,Asia-Pacific,Low,Medium,2024-01-12,2024-04-27,,False,True
THREAT-01234,Mustang Panda,Web Application Attack,T1055 Process Injection,IT Services,API Gateway,False,42,0.43,Asia-Pacific,Critical,High,2021-11-16,2022-10-21,,True,False
THREAT-01235,Sandworm,Cryptojacking,T1082 System Information Discovery,Government,Kubernetes Cluster,False,11,0.56,Asia-Pacific,High,Medium,2025-08-01,2026-01-17,,False,False
THREAT-01236,Cybercrime Syndicate,Insider Threat,T1003 OS Credential Dumping,Insurance,Database Server,False,2,0.29,EMEA,Critical,Medium,2024-09-05,2024-10-06,CVE-2026-62992,False,True
THREAT-01237,TA505,Insider Threat,T1562 Impair Defenses,Insurance,API Gateway,False,3,0.11,India,High,Low,2022-11-06,2023-08-14,,False,True
THREAT-01238,Hacktivist Group,Web Application Attack,T1071 Application Layer Protocol,Energy,Cloud VM,True,62,0.15,Global,Low,Medium,2023-12-07,2024-10-07,CVE-2026-9478,False,True
THREAT-01239,Unknown,Insider Threat,T1110 Brute Force,Education,Employee Laptop,True,1,0.14,Asia-Pacific,Low,Medium,2023-05-17,2023-10-19,CVE-2026-14227,False,True
THREAT-01240,Lazarus Group,Web Application Attack,T1082 System Information Discovery,Manufacturing,Database Server,False,40,0.1,India,Medium,High,2022-05-25,2023-04-26,,False,False
THREAT-01241,TA505,Credential Theft,T1105 Ingress Tool Transfer,Telecom,Email Server,True,26,0.52,India,High,Low,2021-12-08,2022-01-28,,True,True
THREAT-01242,Nation-State (Iran),Credential Theft,T1133 External Remote Services,Energy,API Gateway,True,49,0.39,Global,High,Low,2024-04-11,2024-09-14,,False,False
THREAT-01243,Nation-State (China),Business Email Compromise,T1059 Command and Scripting Interpreter,Education,Payment Gateway,True,42,0.35,Global,High,Medium,2026-05-07,2026-09-04,CVE-2026-15416,False,False
THREAT-01244,APT28,Ransomware,T1562 Impair Defenses,Insurance,Web Server,False,7,0.47,Global,Medium,Low,2021-07-01,2021-11-22,,True,False
THREAT-01245,FIN7,Ransomware,T1566 Phishing,Energy,SaaS Application,False,41,0.75,Americas,Low,High,2025-07-13,2025-09-03,CVE-2026-56708,True,True
THREAT-01246,Lazarus Group,Insider Threat,T1027 Obfuscated Files or Information,Manufacturing,Storage Bucket,True,10,0.2,Asia-Pacific,Critical,High,2026-01-03,2026-01-07,,False,True
THREAT-01247,Script Kiddie,Cryptojacking,T1055 Process Injection,Energy,Web Server,False,32,0.26,Americas,Low,Medium,2026-02-27,2026-09-04,CVE-2026-71447,False,True
THREAT-01248,Insider,Zero-Day Exploit,T1053 Scheduled Task/Job,IT Services,Payment Gateway,True,13,0.46,Americas,Medium,Low,2023-07-09,2023-07-17,CVE-2026-47056,False,False
THREAT-01249,Insider,Ransomware,T1190 Exploit Public-Facing Application,Manufacturing,Database Server,False,11,0.62,EMEA,Low,Medium,2026-07-28,2026-09-04,CVE-2026-47212,True,False
THREAT-01250,FIN7,Insider Threat,T1036 Masquerading,IT Services,Cloud VM,False,10,0.12,Americas,High,Medium,2021-04-10,2021-09-30,,False,True
THREAT-01251,APT28,DDoS,T1566 Phishing,Telecom,Storage Bucket,False,56,0.47,Global,Low,Medium,2021-07-21,2022-05-21,,False,False
THREAT-01252,ALPHV,Supply Chain Attack,T1003 OS Credential Dumping,Manufacturing,Employee Laptop,False,27,0.49,Global,Medium,High,2026-02-14,2026-03-21,,False,True
THREAT-01253,FIN7,Zero-Day Exploit,T1133 External Remote Services,E-commerce,Employee Laptop,True,31,0.46,Asia-Pacific,Medium,Low,2022-03-04,2022-03-20,CVE-2026-6112,True,True
THREAT-01254,Sandworm,Supply Chain Attack,T1133 External Remote Services,Energy,Database Server,True,32,0.18,Asia-Pacific,High,Low,2023-07-16,2023-10-26,,False,False
THREAT-01255,Kimsuky,Supply Chain Attack,T1021 Remote Services,Healthcare,Payment Gateway,False,13,0.52,India,High,Low,2024-05-05,2024-06-20,,False,True
THREAT-01256,REvil,Zero-Day Exploit,T1110 Brute Force,Insurance,API Gateway,False,73,0.36,EMEA,Low,Medium,2024-11-04,2025-03-31,,False,True
THREAT-01257,Nation-State (China),Ransomware,T1021 Remote Services,Energy,Web Server,True,22,0.54,Global,Low,Medium,2023-10-28,2024-08-13,,True,False
THREAT-01258,Turla,DDoS,T1053 Scheduled Task/Job,Government,Payment Gateway,False,28,0.59,Americas,Critical,Low,2022-12-05,2023-05-23,,False,False
THREAT-01259,APT28,Web Application Attack,T1082 System Information Discovery,IT Services,Email Server,False,24,0.35,India,High,Low,2021-04-10,2021-05-05,,False,True
THREAT-01260,APT29,Credential Theft,T1569 System Services,E-commerce,Kubernetes Cluster,True,97,0.27,India,Low,Medium,2023-10-17,2024-07-26,,False,True
THREAT-01261,TA505,Insider Threat,T1071 Application Layer Protocol,Insurance,Storage Bucket,True,4,0.31,Asia-Pacific,Medium,High,2021-07-04,2021-07-12,,False,True
THREAT-01262,Hacktivist Group,Business Email Compromise,T1569 System Services,Insurance,Employee Laptop,False,8,0.46,EMEA,Critical,High,2022-12-16,2023-07-08,,False,False
THREAT-01263,FIN7,Supply Chain Attack,T1036 Masquerading,Manufacturing,Database Server,False,20,0.12,Americas,Low,Low,2025-01-18,2025-04-03,CVE-2026-9384,False,False
THREAT-01264,Mustang Panda,Insider Threat,T1027 Obfuscated Files or Information,Energy,Employee Laptop,True,3,0.31,Global,Medium,Low,2022-10-29,2022-12-02,CVE-2026-78064,False,True
THREAT-01265,ALPHV,Insider Threat,T1003 OS Credential Dumping,Healthcare,Web Server,False,6,0.35,Americas,Low,Medium,2024-05-24,2024-10-29,,False,True
THREAT-01266,Nation-State (China),Phishing,T1027 Obfuscated Files or Information,Energy,API Gateway,False,14,0.33,EMEA,Medium,Low,2024-08-06,2025-06-07,,False,False
THREAT-01267,APT28,Supply Chain Attack,T1486 Data Encrypted for Impact,Government,Email Server,False,94,0.42,India,Low,Medium,2023-02-16,2024-01-08,CVE-2026-44102,False,True
THREAT-01268,SilverFox,Web Application Attack,T1059 Command and Scripting Interpreter,Manufacturing,Web Server,False,23,0.2,EMEA,High,High,2021-08-12,2022-06-10,,False,False
THREAT-01269,Lazarus Group,DDoS,T1021 Remote Services,Education,Employee Laptop,True,81,0.71,Global,High,Medium,2026-05-22,2026-07-04,,False,False
THREAT-01270,Turla,Cryptojacking,T1110 Brute Force,Healthcare,Storage Bucket,False,50,0.21,India,Low,High,2025-01-04,2025-05-16,,False,False
THREAT-01271,Cybercrime Syndicate,Data Exfiltration,T1048 Exfiltration Over Alternative Protocol,Manufacturing,Employee Laptop,False,93,0.33,EMEA,Low,High,2024-10-11,2024-10-17,CVE-2026-79223,False,False
THREAT-01272,Nation-State (China),Ransomware,T1027 Obfuscated Files or Information,Education,Email Server,False,37,0.67,India,Low,High,2024-07-07,2024-12-10,CVE-2026-59696,True,False
THREAT-01273,Kimsuky,Ransomware,T1055 Process Injection,Education,Database Server,False,28,0.59,Americas,Low,High,2023-01-06,2023-05-06,,True,True
THREAT-01274,Nation-State (Russia),Web Application Attack,T1053 Scheduled Task/Job,Education,API Gateway,False,19,0.52,EMEA,High,Medium,2025-01-28,2025-08-08,,False,False
THREAT-01275,Lazarus Group,Cryptojacking,T1048 Exfiltration Over Alternative Protocol,Government,Kubernetes Cluster,False,69,0.52,Asia-Pacific,Low,Medium,2024-05-02,2024-07-19,,False,False
THREAT-01276,LockBit,Phishing,T1110 Brute Force,Government,Email Server,True,75,0.22,Americas,Low,Medium,2023-12-01,2024-02-23,CVE-2026-46412,False,False
THREAT-01277,APT28,Business Email Compromise,T1110 Brute Force,E-commerce,SaaS Application,True,37,0.45,India,Low,Low,2022-06-17,2023-03-18,,False,False
THREAT-01278,Lazarus Group,Cloud Misconfiguration Exploitation,T1190 Exploit Public-Facing Application,IT Services,Database Server,True,91,0.32,Americas,Medium,Low,2025-04-16,2025-06-20,CVE-2026-78078,False,False
THREAT-01279,Nation-State (China),Insider Threat,T1078 Valid Accounts,IT Services,Employee Laptop,True,9,0.24,EMEA,Low,Low,2024-12-28,2025-04-04,,False,True
THREAT-01280,Conti,Cloud Misconfiguration Exploitation,T1021 Remote Services,E-commerce,Database Server,False,28,0.19,EMEA,Critical,Low,2025-08-12,2025-12-09,,False,False
THREAT-01281,REvil,Supply Chain Attack,T1055 Process Injection,Government,Kubernetes Cluster,True,73,0.32,Americas,Critical,High,2024-09-21,2025-05-15,,False,False
THREAT-01282,SilverFox,Web Application Attack,T1566 Phishing,Energy,SaaS Application,False,94,0.44,Global,High,Medium,2023-09-15,2024-04-18,,False,False
THREAT-01283,Unknown,DDoS,T1082 System Information Discovery,E-commerce,Kubernetes Cluster,True,96,0.57,Americas,High,High,2024-03-28,2025-01-11,CVE-2026-7121,False,False
THREAT-01284,Mustang Panda,DDoS,T1190 Exploit Public-Facing Application,Telecom,API Gateway,False,192,0.67,Asia-Pacific,Critical,High,2023-03-18,2023-08-09,CVE-2026-5995,False,False
THREAT-01285,REvil,Data Exfiltration,T1071 Application Layer Protocol,IT Services,Payment Gateway,True,14,0.21,Asia-Pacific,Low,Medium,2022-09-26,2022-10-11,,False,False
THREAT-01286,Script Kiddie,Ransomware,T1070 Indicator Removal,Manufacturing,Kubernetes Cluster,True,38,0.34,EMEA,Medium,High,2025-05-18,2025-12-05,,True,True
THREAT-01287,Conti,Ransomware,T1048 Exfiltration Over Alternative Protocol,Energy,Employee Laptop,False,19,0.66,EMEA,Medium,Medium,2022-08-25,2022-12-08,,True,True
THREAT-01288,SilverFox,Ransomware,T1021 Remote Services,Energy,Storage Bucket,True,15,0.4,Americas,Medium,Low,2026-05-17,2026-09-04,CVE-2026-4181,True,True
THREAT-01289,Cybercrime Syndicate,Zero-Day Exploit,T1569 System Services,Education,Database Server,True,66,0.31,Global,High,High,2022-03-30,2022-09-30,CVE-2026-67440,True,True
THREAT-01290,FIN7,Data Exfiltration,T1059 Command and Scripting Interpreter,Manufacturing,Database Server,False,11,0.32,Asia-Pacific,High,High,2024-07-03,2025-04-22,,False,False
THREAT-01291,Nation-State (Russia),Cryptojacking,T1486 Data Encrypted for Impact,Education,Database Server,True,96,0.33,Global,Low,Low,2026-02-03,2026-09-04,CVE-2026-66012,False,False
THREAT-01292,Cybercrime Syndicate,Cloud Misconfiguration Exploitation,T1562 Impair Defenses,Energy,Kubernetes Cluster,False,52,0.29,EMEA,High,Low,2026-07-24,2026-09-04,CVE-2026-54769,True,False
THREAT-01293,ALPHV,Cloud Misconfiguration Exploitation,T1048 Exfiltration Over Alternative Protocol,Manufacturing,Domain Controller,True,21,0.5,Global,Low,High,2023-07-02,2023-12-12,,False,True
THREAT-01294,Scattered Spider,Credential Theft,T1021 Remote Services,Government,Storage Bucket,True,12,0.5,Americas,Medium,High,2026-03-31,2026-08-23,CVE-2026-63426,False,False
THREAT-01295,Mustang Panda,Zero-Day Exploit,T1105 Ingress Tool Transfer,Manufacturing,Email Server,False,79,0.37,Americas,Critical,Low,2025-11-29,2026-05-25,,False,False
THREAT-01296,Lazarus Group,Credential Theft,T1133 External Remote Services,Government,Employee Laptop,True,46,0.31,Americas,Low,High,2022-04-18,2023-01-12,CVE-2026-81851,False,True
THREAT-01297,Nation-State (China),Credential Theft,T1027 Obfuscated Files or Information,Energy,Cloud VM,False,65,0.21,Asia-Pacific,Low,High,2025-02-22,2025-11-29,CVE-2026-44102,False,False
THREAT-01298,Mustang Panda,Ransomware,T1036 Masquerading,Manufacturing,Storage Bucket,False,37,0.6,EMEA,Critical,Low,2022-01-22,2022-11-19,CVE-2026-68951,True,False
THREAT-01299,Nation-State (Iran),Cryptojacking,T1078 Valid Accounts,Government,Payment Gateway,False,56,0.58,India,Low,High,2023-04-12,2024-03-21,,True,False
THREAT-01300,LockBit,Cloud Misconfiguration Exploitation,T1078 Valid Accounts,Government,Web Server,False,36,0.56,India,High,Low,2021-05-05,2022-01-06,,True,True
THREAT-01301,Nation-State (Iran),Insider Threat,T1133 External Remote Services,E-commerce,Kubernetes Cluster,False,6,0.2,Global,Low,Medium,2023-11-17,2024-03-04,CVE-2026-7121,False,True
THREAT-01302,Nation-State (Iran),Phishing,T1082 System Information Discovery,Insurance,SaaS Application,False,86,0.2,Global,Medium,Medium,2026-01-20,2026-03-07,,False,False
THREAT-01303,Lazarus Group,Web Application Attack,T1021 Remote Services,Healthcare,API Gateway,True,74,0.45,India,High,Medium,2026-08-04,2026-09-04,,False,False
THREAT-01304,Lazarus Group,Ransomware,T1003 OS Credential Dumping,Government,SaaS Application,True,9,0.39,Americas,High,Low,2022-08-19,2022-12-20,CVE-2026-8810,True,True
THREAT-01305,REvil,Cloud Misconfiguration Exploitation,T1055 Process Injection,Telecom,Payment Gateway,False,83,0.19,India,Low,Low,2023-01-19,2023-03-08,CVE-2026-81033,False,False
THREAT-01306,APT28,Web Application Attack,T1071 Application Layer Protocol,Healthcare,Kubernetes Cluster,False,74,0.39,Americas,Low,Medium,2022-05-03,2022-05-30,CVE-2026-84645,True,False
THREAT-01307,Hacktivist Group,Data Exfiltration,T1566 Phishing,Education,Payment Gateway,True,43,0.39,Asia-Pacific,Low,Low,2024-02-02,2024-02-17,,False,False
THREAT-01308,Cybercrime Syndicate,Cloud Misconfiguration Exploitation,T1078 Valid Accounts,Manufacturing,API Gateway,False,95,0.6,Americas,High,Low,2024-05-06,2025-02-02,,False,True
THREAT-01309,APT29,Web Application Attack,T1082 System Information Discovery,E-commerce,Database Server,True,17,0.4,India,Medium,Low,2025-06-05,2025-07-07,,False,False
THREAT-01310,ALPHV,Zero-Day Exploit,T1569 System Services,Manufacturing,Web Server,True,90,0.59,Americas,Low,High,2022-08-02,2022-09-16,CVE-2026-7153,False,True
THREAT-01311,Mustang Panda,Zero-Day Exploit,T1569 System Services,Telecom,Web Server,False,98,0.23,Global,Low,Low,2025-07-18,2025-09-18,,False,True
THREAT-01312,Kimsuky,Credential Theft,T1486 Data Encrypted for Impact,Government,Payment Gateway,False,54,0.42,India,Medium,Medium,2021-08-06,2022-02-10,CVE-2026-53965,False,False
THREAT-01313,LockBit,Zero-Day Exploit,T1082 System Information Discovery,E-commerce,Database Server,False,97,0.44,Global,High,Low,2026-02-15,2026-09-04,,False,False
THREAT-01314,TA505,Credential Theft,T1190 Exploit Public-Facing Application,E-commerce,SaaS Application,False,58,0.42,Global,Critical,Medium,2026-03-14,2026-09-04,,False,False
THREAT-01315,Lazarus Group,Cryptojacking,T1071 Application Layer Protocol,E-commerce,API Gateway,False,5,0.54,EMEA,Low,Medium,2023-01-07,2023-07-26,,True,True
THREAT-01316,Conti,DDoS,T1021 Remote Services,Government,Cloud VM,False,129,0.87,India,High,High,2025-06-22,2025-09-30,CVE-2026-63741,False,False
THREAT-01317,Unknown,Ransomware,T1078 Valid Accounts,Energy,Kubernetes Cluster,True,27,0.71,Asia-Pacific,Low,Medium,2026-06-01,2026-09-04,CVE-2026-55509,True,False
THREAT-01318,SilverFox,Ransomware,T1053 Scheduled Task/Job,E-commerce,SaaS Application,True,19,0.45,Asia-Pacific,Low,Low,2025-07-06,2026-03-15,CVE-2026-20280,True,False
THREAT-01319,APT28,Business Email Compromise,T1078 Valid Accounts,Government,Database Server,False,100,0.17,Americas,High,Low,2023-07-07,2023-07-21,CVE-2026-27604,False,False
THREAT-01320,ALPHV,Business Email Compromise,T1055 Process Injection,Manufacturing,Domain Controller,False,55,0.56,Global,Low,Medium,2022-07-24,2023-06-10,,False,True
THREAT-01321,APT29,Insider Threat,T1566 Phishing,Energy,Kubernetes Cluster,True,8,0.34,Global,Critical,Low,2022-09-02,2022-09-30,,False,True
THREAT-01322,Hacktivist Group,Cloud Misconfiguration Exploitation,T1110 Brute Force,E-commerce,Domain Controller,False,20,0.5,Global,Critical,High,2024-10-02,2025-09-20,,True,False
THREAT-01323,Lazarus Group,Ransomware,T1070 Indicator Removal,Energy,Employee Laptop,False,21,0.45,EMEA,Medium,Low,2021-07-03,2021-08-24,,True,True
THREAT-01324,Hacktivist Group,Data Exfiltration,T1055 Process Injection,Government,Domain Controller,False,22,0.1,EMEA,Low,High,2023-11-27,2024-06-04,,False,False
THREAT-01325,APT29,Cryptojacking,T1036 Masquerading,Energy,Storage Bucket,False,21,0.35,Americas,High,Low,2022-01-07,2022-09-14,,False,False
THREAT-01326,APT28,Cryptojacking,T1048 Exfiltration Over Alternative Protocol,Energy,Employee Laptop,True,42,0.24,Americas,Critical,High,2023-04-26,2023-06-27,CVE-2026-80722,False,True
THREAT-01327,Conti,Cryptojacking,T1190 Exploit Public-Facing Application,E-commerce,SaaS Application,True,6,0.28,Global,High,Medium,2023-11-30,2024-01-26,CVE-2026-9387,False,True
THREAT-01328,Sandworm,Zero-Day Exploit,T1569 System Services,IT Services,Storage Bucket,False,44,0.19,Global,Low,Low,2022-09-17,2022-09-18,,False,True
THREAT-01329,Cybercrime Syndicate,Cloud Misconfiguration Exploitation,T1003 OS Credential Dumping,Government,Web Server,False,88,0.44,Global,Critical,High,2025-06-28,2025-08-26,CVE-2026-72744,False,True
THREAT-01330,Insider,Zero-Day Exploit,T1071 Application Layer Protocol,Energy,Domain Controller,False,49,0.35,Americas,Low,Low,2022-06-12,2023-03-19,CVE-2026-77710,False,False
THREAT-01331,Unknown,Credential Theft,T1569 System Services,Insurance,Database Server,False,93,0.14,Americas,High,Low,2024-11-15,2025-01-07,,False,True
THREAT-01332,SilverFox,Cryptojacking,T1078 Valid Accounts,Government,API Gateway,False,34,0.23,Asia-Pacific,Low,High,2025-11-20,2026-05-29,CVE-2026-80722,False,False
THREAT-01333,Kimsuky,Credential Theft,T1071 Application Layer Protocol,Insurance,Kubernetes Cluster,False,24,0.49,Asia-Pacific,Low,Low,2024-04-17,2024-10-21,CVE-2026-69502,False,False
THREAT-01334,TA505,Insider Threat,T1048 Exfiltration Over Alternative Protocol,Energy,API Gateway,True,5,0.18,Americas,Critical,High,2023-12-23,2024-07-06,CVE-2026-82462,False,True
THREAT-01335,ALPHV,Credential Theft,T1190 Exploit Public-Facing Application,Education,API Gateway,False,40,0.24,Asia-Pacific,Medium,Low,2024-12-25,2025-12-12,,False,True
THREAT-01336,Turla,Phishing,T1078 Valid Accounts,Manufacturing,Payment Gateway,False,71,0.58,Global,High,Medium,2024-06-18,2024-11-10,CVE-2026-62825,False,False
THREAT-01337,Sandworm,Cloud Misconfiguration Exploitation,T1110 Brute Force,Insurance,Storage Bucket,False,54,0.38,Global,High,High,2025-12-29,2026-09-04,CVE-2026-9407,False,False
THREAT-01338,APT28,Phishing,T1003 OS Credential Dumping,IT Services,Email Server,True,28,0.29,EMEA,Medium,Medium,2022-08-21,2023-06-25,,False,False
THREAT-01339,Nation-State (Russia),Supply Chain Attack,T1190 Exploit Public-Facing Application,Government,Database Server,True,76,0.53,Asia-Pacific,Low,Medium,2023-08-09,2023-11-10,,False,False
THREAT-01340,FIN7,Cloud Misconfiguration Exploitation,T1190 Exploit Public-Facing Application,E-commerce,Database Server,False,43,0.32,Asia-Pacific,Medium,Medium,2021-12-05,2022-03-23,,False,True
THREAT-01341,Scattered Spider,Cryptojacking,T1569 System Services,Telecom,Storage Bucket,True,57,0.49,Asia-Pacific,Medium,Low,2025-01-09,2025-11-08,,False,True
THREAT-01342,LockBit,Cloud Misconfiguration Exploitation,T1569 System Services,Manufacturing,Storage Bucket,False,28,0.49,EMEA,Critical,High,2021-03-17,2021-08-14,,False,False
THREAT-01343,Conti,Zero-Day Exploit,T1105 Ingress Tool Transfer,Energy,Database Server,True,24,0.46,Global,High,High,2023-03-18,2023-11-12,,False,True
THREAT-01344,Turla,Credential Theft,T1027 Obfuscated Files or Information,Healthcare,Cloud VM,True,7,0.55,India,Low,High,2026-07-22,2026-09-04,,False,False
THREAT-01345,SilverFox,Insider Threat,T1059 Command and Scripting Interpreter,E-commerce,API Gateway,False,8,0.14,India,Low,High,2025-07-28,2025-11-01,CVE-2026-66340,False,True
THREAT-01346,Script Kiddie,Cryptojacking,T1003 OS Credential Dumping,Energy,Employee Laptop,True,73,0.44,Americas,High,Low,2022-05-02,2022-05-24,CVE-2026-15337,False,True
THREAT-01347,ALPHV,Zero-Day Exploit,T1566 Phishing,Government,SaaS Application,False,87,0.42,India,Critical,Medium,2023-04-29,2024-04-21,,False,False
THREAT-01348,Insider,Web Application Attack,T1566 Phishing,Energy,Storage Bucket,False,16,0.46,India,Medium,Medium,2026-03-31,2026-05-03,,False,False
THREAT-01349,Scattered Spider,Credential Theft,T1070 Indicator Removal,E-commerce,Kubernetes Cluster,True,61,0.11,Global,High,Low,2023-11-19,2024-11-11,,False,True
THREAT-01350,Cybercrime Syndicate,Ransomware,T1486 Data Encrypted for Impact,Healthcare,Database Server,True,15,0.6,Americas,Critical,Low,2024-07-07,2025-06-30,CVE-2026-5994,True,True
THREAT-01351,Conti,Credential Theft,T1190 Exploit Public-Facing Application,Education,Kubernetes Cluster,False,6,0.49,EMEA,Low,High,2025-12-03,2026-09-04,CVE-2026-73606,False,False
THREAT-01352,TA505,Cloud Misconfiguration Exploitation,T1053 Scheduled Task/Job,IT Services,Web Server,False,29,0.26,India,Critical,Low,2024-05-13,2024-10-11,,False,True
THREAT-01353,APT29,Supply Chain Attack,T1569 System Services,E-commerce,Employee Laptop,False,62,0.51,Americas,Low,Medium,2023-03-02,2023-06-13,CVE-2026-31887,False,False
THREAT-01354,Nation-State (Russia),Data Exfiltration,T1566 Phishing,Education,Database Server,False,36,0.11,Global,Medium,Low,2026-01-19,2026-03-04,,True,True
THREAT-01355,ALPHV,Credential Theft,T1048 Exfiltration Over Alternative Protocol,E-commerce,SaaS Application,False,50,0.12,Global,Medium,High,2026-02-23,2026-07-02,CVE-2026-79073,False,False
THREAT-01356,Hacktivist Group,Business Email Compromise,T1082 System Information Discovery,Healthcare,Storage Bucket,True,76,0.25,Asia-Pacific,High,Medium,2021-09-04,2022-02-04,CVE-2026-79781,False,True
THREAT-01357,REvil,Insider Threat,T1059 Command and Scripting Interpreter,Manufacturing,Kubernetes Cluster,True,2,0.15,India,Medium,High,2024-06-17,2024-07-24,,False,True
THREAT-01358,Conti,Ransomware,T1133 External Remote Services,Healthcare,API Gateway,False,8,0.5,EMEA,Low,Low,2023-05-15,2023-08-09,,True,True
THREAT-01359,TA505,Business Email Compromise,T1562 Impair Defenses,Manufacturing,Cloud VM,False,62,0.45,EMEA,Medium,Low,2022-08-15,2022-11-22,CVE-2026-59900,False,False
THREAT-01360,Lazarus Group,Data Exfiltration,T1048 Exfiltration Over Alternative Protocol,Insurance,Domain Controller,False,31,0.25,Americas,Critical,Medium,2021-07-09,2021-09-07,CVE-2026-82970,False,True
THREAT-01361,Nation-State (Russia),Zero-Day Exploit,T1003 OS Credential Dumping,E-commerce,Email Server,True,76,0.45,India,High,Low,2023-12-14,2024-05-26,CVE-2026-67315,False,False
THREAT-01362,Hacktivist Group,Business Email Compromise,T1027 Obfuscated Files or Information,Manufacturing,Web Server,False,49,0.54,India,Medium,Low,2024-12-10,2024-12-29,,False,True
THREAT-01363,FIN7,Phishing,T1082 System Information Discovery,Government,Storage Bucket,True,49,0.48,Americas,Critical,Low,2021-03-31,2021-08-03,,True,True
THREAT-01364,SilverFox,Insider Threat,T1133 External Remote Services,Education,Domain Controller,False,2,0.18,Global,Critical,Medium,2026-04-28,2026-07-17,,False,True
THREAT-01365,Lazarus Group,Data Exfiltration,T1569 System Services,Healthcare,Employee Laptop,True,17,0.31,Global,Critical,Low,2022-11-07,2022-12-21,,False,False
THREAT-01366,APT29,Ransomware,T1133 External Remote Services,Government,Cloud VM,False,17,0.54,EMEA,High,High,2021-06-27,2022-04-03,,True,True
THREAT-01367,Nation-State (China),Phishing,T1082 System Information Discovery,Energy,Kubernetes Cluster,False,13,0.56,Asia-Pacific,Medium,Medium,2024-05-28,2024-12-24,CVE-2026-53788,False,True
THREAT-01368,Sandworm,Cryptojacking,T1566 Phishing,Insurance,Database Server,False,94,0.29,EMEA,High,High,2021-06-04,2022-01-01,,False,False
THREAT-01369,Lazarus Group,Insider Threat,T1021 Remote Services,Manufacturing,Storage Bucket,False,8,0.29,Global,Medium,Medium,2021-11-15,2022-01-24,,False,True
THREAT-01370,Nation-State (China),Insider Threat,T1003 OS Credential Dumping,E-commerce,Kubernetes Cluster,False,2,0.38,Asia-Pacific,Critical,Medium,2026-02-01,2026-03-18,,False,True
THREAT-01371,FIN7,Credential Theft,T1059 Command and Scripting Interpreter,IT Services,Web Server,False,5,0.25,Global,Critical,Medium,2023-10-08,2024-07-12,,False,False
THREAT-01372,Nation-State (Iran),Web Application Attack,T1021 Remote Services,Government,Kubernetes Cluster,False,29,0.48,Asia-Pacific,Critical,High,2024-01-04,2024-09-05,CVE-2026-84968,True,False
THREAT-01373,APT28,Web Application Attack,T1190 Exploit Public-Facing Application,Energy,Email Server,True,29,0.15,Global,Medium,Low,2025-05-29,2025-11-30,,False,False
THREAT-01374,APT29,Cloud Misconfiguration Exploitation,T1055 Process Injection,Telecom,Database Server,False,100,0.25,Asia-Pacific,Medium,Medium,2026-06-12,2026-09-04,CVE-2026-74820,False,False
THREAT-01375,Nation-State (Russia),Zero-Day Exploit,T1082 System Information Discovery,Energy,Employee Laptop,False,11,0.4,Global,Critical,Low,2022-06-20,2022-06-29,CVE-2026-54739,True,True
THREAT-01376,Turla,Zero-Day Exploit,T1105 Ingress Tool Transfer,Government,API Gateway,True,53,0.13,Americas,Low,Medium,2023-09-25,2024-03-20,,False,False
THREAT-01377,Conti,Zero-Day Exploit,T1566 Phishing,Manufacturing,Cloud VM,False,90,0.57,EMEA,Low,Medium,2024-04-17,2025-03-05,,False,False
THREAT-01378,Conti,Business Email Compromise,T1133 External Remote Services,IT Services,Domain Controller,False,95,0.14,Global,High,Medium,2023-11-21,2024-08-10,,False,True
THREAT-01379,REvil,Zero-Day Exploit,T1110 Brute Force,E-commerce,Employee Laptop,True,72,0.23,Asia-Pacific,Critical,Low,2026-06-02,2026-06-09,,False,False
THREAT-01380,Turla,Supply Chain Attack,T1070 Indicator Removal,E-commerce,Payment Gateway,True,88,0.31,Asia-Pacific,Medium,High,2024-11-28,2024-12-20,CVE-2026-19471,False,True
THREAT-01381,Nation-State (China),Supply Chain Attack,T1082 System Information Discovery,Healthcare,API Gateway,False,54,0.35,Americas,Critical,Medium,2022-08-15,2023-02-18,,False,True
THREAT-01382,Conti,Ransomware,T1059 Command and Scripting Interpreter,Energy,Employee Laptop,False,32,0.37,Americas,Medium,Medium,2021-07-16,2022-02-01,,True,True
THREAT-01383,Mustang Panda,Insider Threat,T1070 Indicator Removal,Government,Web Server,True,8,0.37,EMEA,Low,Medium,2022-09-14,2023-06-28,,False,True
THREAT-01384,APT28,Data Exfiltration,T1078 Valid Accounts,Education,API Gateway,False,74,0.56,India,Low,Medium,2022-11-28,2023-02-15,,False,False
THREAT-01385,Kimsuky,Cryptojacking,T1190 Exploit Public-Facing Application,Energy,Domain Controller,False,84,0.54,EMEA,Medium,Medium,2025-09-29,2026-06-24,,False,False
THREAT-01386,Mustang Panda,Cryptojacking,T1048 Exfiltration Over Alternative Protocol,Manufacturing,Database Server,False,83,0.24,Americas,Low,High,2024-04-07,2025-01-22,CVE-2026-74770,False,False
THREAT-01387,Nation-State (China),Phishing,T1021 Remote Services,E-commerce,Cloud VM,True,92,0.39,Asia-Pacific,Critical,High,2025-06-04,2025-10-29,,False,False
THREAT-01388,Scattered Spider,Cryptojacking,T1486 Data Encrypted for Impact,IT Services,Kubernetes Cluster,False,37,0.35,Americas,Low,Medium,2025-12-28,2026-05-27,CVE-2026-57827,False,False
THREAT-01389,Scattered Spider,Phishing,T1078 Valid Accounts,Education,Employee Laptop,False,87,0.32,Americas,High,Low,2024-05-29,2025-01-04,CVE-2026-76193,False,False
THREAT-01390,Scattered Spider,Supply Chain Attack,T1566 Phishing,E-commerce,API Gateway,False,33,0.46,Global,Critical,High,2023-03-05,2023-06-17,,False,False
THREAT-01391,Lazarus Group,Business Email Compromise,T1027 Obfuscated Files or Information,Education,Storage Bucket,False,87,0.59,EMEA,Medium,Medium,2023-03-14,2023-09-18,,False,False
THREAT-01392,Conti,Credential Theft,T1053 Scheduled Task/Job,Manufacturing,Kubernetes Cluster,False,52,0.5,EMEA,Medium,High,2021-08-19,2022-06-06,CVE-2026-9407,True,True
THREAT-01393,Unknown,Zero-Day Exploit,T1053 Scheduled Task/Job,Government,Web Server,False,32,0.46,Americas,Critical,Low,2025-07-04,2025-10-28,CVE-2026-56163,True,False
THREAT-01394,ALPHV,Credential Theft,T1190 Exploit Public-Facing Application,Manufacturing,Kubernetes Cluster,False,41,0.11,Americas,High,Low,2022-10-13,2023-04-02,CVE-2026-80576,False,False
THREAT-01395,APT28,Supply Chain Attack,T1562 Impair Defenses,Government,Domain Controller,False,47,0.59,Global,Critical,Low,2026-06-03,2026-09-04,CVE-2026-81101,False,True
THREAT-01396,Nation-State (Russia),Credential Theft,T1071 Application Layer Protocol,Manufacturing,Web Server,False,33,0.38,Asia-Pacific,High,High,2022-07-29,2022-11-25,CVE-2026-72744,False,False
THREAT-01397,ALPHV,Zero-Day Exploit,T1569 System Services,Energy,Storage Bucket,True,70,0.59,EMEA,Critical,High,2021-08-05,2021-08-24,CVE-2026-84648,False,False
THREAT-01398,APT29,Ransomware,T1133 External Remote Services,Energy,Payment Gateway,False,35,0.53,India,Medium,High,2024-06-26,2024-10-20,CVE-2026-72802,True,True
THREAT-01399,FIN7,Credential Theft,T1027 Obfuscated Files or Information,Insurance,Storage Bucket,False,77,0.25,India,Critical,Low,2023-02-11,2023-12-16,,False,False
THREAT-01400,APT29,Phishing,T1071 Application Layer Protocol,E-commerce,Database Server,True,30,0.37,EMEA,Critical,Medium,2021-04-06,2021-12-28,,False,False
THREAT-01401,TA505,Zero-Day Exploit,T1082 System Information Discovery,E-commerce,Email Server,False,66,0.5,EMEA,Medium,High,2026-03-25,2026-09-04,,False,True
THREAT-01402,Hacktivist Group,DDoS,T1036 Masquerading,Government,Kubernetes Cluster,True,154,0.64,Global,Critical,Medium,2021-07-06,2021-07-23,,False,False
THREAT-01403,ALPHV,Ransomware,T1070 Indicator Removal,Energy,Domain Controller,True,42,0.71,Americas,Critical,Low,2023-02-10,2024-01-27,,True,False
THREAT-01404,APT28,Cloud Misconfiguration Exploitation,T1036 Masquerading,E-commerce,Domain Controller,False,75,0.49,Americas,Medium,Medium,2022-10-09,2023-02-25,,False,True
THREAT-01405,FIN7,Zero-Day Exploit,T1059 Command and Scripting Interpreter,Education,SaaS Application,True,58,0.52,India,High,Low,2026-07-27,2026-09-04,CVE-2026-58630,False,True
THREAT-01406,LockBit,Business Email Compromise,T1486 Data Encrypted for Impact,Government,Cloud VM,False,27,0.55,EMEA,Low,High,2024-12-19,2025-11-16,,True,False
THREAT-01407,APT28,Credential Theft,T1133 External Remote Services,E-commerce,Email Server,False,51,0.52,Americas,High,High,2024-10-09,2025-08-30,,False,False
THREAT-01408,Nation-State (Iran),Insider Threat,T1070 Indicator Removal,Government,Kubernetes Cluster,False,4,0.14,India,Medium,High,2021-04-06,2022-01-17,CVE-2026-80722,False,True
THREAT-01409,Conti,Cryptojacking,T1021 Remote Services,Government,Database Server,False,52,0.2,Americas,Low,Low,2024-01-19,2024-01-25,CVE-2026-85053,False,False
THREAT-01410,REvil,Web Application Attack,T1190 Exploit Public-Facing Application,IT Services,Domain Controller,False,16,0.21,EMEA,Low,Low,2023-02-27,2023-03-31,,False,False
THREAT-01411,Sandworm,Web Application Attack,T1021 Remote Services,Energy,Email Server,True,39,0.26,EMEA,Medium,Medium,2024-12-23,2025-01-03,CVE-2026-79776,False,False
THREAT-01412,TA505,Insider Threat,T1027 Obfuscated Files or Information,Manufacturing,SaaS Application,False,1,0.35,Global,Critical,Medium,2021-04-17,2021-06-03,CVE-2026-73570,False,True
THREAT-01413,APT29,Cloud Misconfiguration Exploitation,T1021 Remote Services,Government,SaaS Application,False,28,0.56,Global,High,Low,2025-08-31,2026-01-01,CVE-2026-81686,False,False
THREAT-01414,ALPHV,DDoS,T1133 External Remote Services,Energy,Cloud VM,True,42,0.89,EMEA,Low,High,2023-10-25,2024-06-23,CVE-2026-66007,False,False
THREAT-01415,Nation-State (China),Supply Chain Attack,T1071 Application Layer Protocol,Government,SaaS Application,False,47,0.1,Americas,High,Medium,2022-11-18,2022-12-16,,False,False
THREAT-01416,Kimsuky,Cloud Misconfiguration Exploitation,T1110 Brute Force,Manufacturing,Employee Laptop,False,83,0.48,Asia-Pacific,High,Medium,2024-07-11,2025-04-08,,False,True
THREAT-01417,Mustang Panda,Insider Threat,T1070 Indicator Removal,Government,Web Server,False,9,0.14,India,High,High,2024-01-13,2024-12-27,,False,True
THREAT-01418,FIN7,Data Exfiltration,T1055 Process Injection,Insurance,Database Server,True,17,0.26,Global,High,Low,2022-01-21,2022-09-04,CVE-2026-57827,True,True
THREAT-01419,Cybercrime Syndicate,Zero-Day Exploit,T1071 Application Layer Protocol,IT Services,SaaS Application,False,18,0.27,EMEA,Low,High,2026-03-30,2026-04-23,CVE-2026-17501,False,False
THREAT-01420,Nation-State (Iran),Business Email Compromise,T1003 OS Credential Dumping,Energy,Cloud VM,False,51,0.2,Asia-Pacific,Critical,Medium,2023-06-24,2023-06-28,CVE-2026-75949,False,False
THREAT-01421,Nation-State (China),Web Application Attack,T1053 Scheduled Task/Job,Government,Domain Controller,False,75,0.41,Asia-Pacific,High,Low,2021-10-15,2022-08-14,,False,False
THREAT-01422,SilverFox,Supply Chain Attack,T1048 Exfiltration Over Alternative Protocol,IT Services,API Gateway,True,96,0.44,Americas,Low,High,2025-03-13,2025-10-23,CVE-2026-67353,False,False
THREAT-01423,Sandworm,Supply Chain Attack,T1070 Indicator Removal,Manufacturing,Domain Controller,False,28,0.18,EMEA,High,Low,2022-04-02,2022-10-24,CVE-2026-59809,False,False
THREAT-01424,Unknown,Supply Chain Attack,T1078 Valid Accounts,Insurance,Employee Laptop,False,7,0.5,Americas,Medium,Medium,2021-09-23,2022-07-13,CVE-2026-81730,False,False
THREAT-01425,SilverFox,Phishing,T1053 Scheduled Task/Job,E-commerce,Email Server,True,44,0.46,India,Critical,Low,2023-11-20,2024-06-06,,False,False
THREAT-01426,TA505,Zero-Day Exploit,T1036 Masquerading,Manufacturing,Database Server,True,43,0.12,EMEA,High,High,2024-06-25,2024-08-17,,False,False
THREAT-01427,REvil,Cloud Misconfiguration Exploitation,T1053 Scheduled Task/Job,IT Services,API Gateway,False,98,0.19,Americas,Medium,High,2025-01-17,2025-11-14,CVE-2026-52798,False,False
THREAT-01428,Nation-State (Iran),Insider Threat,T1003 OS Credential Dumping,E-commerce,Storage Bucket,False,4,0.3,India,Critical,Medium,2021-05-22,2021-12-20,,False,True
THREAT-01429,Kimsuky,Phishing,T1027 Obfuscated Files or Information,E-commerce,Kubernetes Cluster,False,42,0.29,Americas,Low,High,2025-10-04,2026-02-15,,False,False
THREAT-01430,TA505,Zero-Day Exploit,T1562 Impair Defenses,Energy,API Gateway,False,44,0.55,Americas,Low,Medium,2026-03-06,2026-09-04,,False,False
THREAT-01431,TA505,DDoS,T1078 Valid Accounts,E-commerce,Cloud VM,True,145,0.56,India,Low,Medium,2024-06-06,2025-05-06,,False,False
THREAT-01432,TA505,Phishing,T1082 System Information Discovery,Government,Domain Controller,True,35,0.44,India,Low,High,2023-09-26,2023-10-05,,False,True
THREAT-01433,Nation-State (Iran),Data Exfiltration,T1078 Valid Accounts,Energy,Web Server,True,90,0.39,Global,Medium,Low,2026-01-19,2026-06-14,,False,False
THREAT-01434,Mustang Panda,DDoS,T1082 System Information Discovery,Manufacturing,Cloud VM,False,113,0.45,Americas,High,Medium,2025-07-22,2026-01-17,CVE-2026-54081,False,False
THREAT-01435,TA505,Credential Theft,T1110 Brute Force,Education,Database Server,True,58,0.3,Asia-Pacific,High,High,2022-10-28,2023-05-10,,False,True
THREAT-01436,Turla,DDoS,T1078 Valid Accounts,Energy,SaaS Application,False,152,0.66,India,Low,Medium,2021-03-28,2021-11-15,CVE-2026-58572,False,False
THREAT-01437,Unknown,Business Email Compromise,T1569 System Services,Education,Domain Controller,False,58,0.22,EMEA,Critical,Medium,2021-04-02,2021-08-31,,False,True
THREAT-01438,Turla,Insider Threat,T1110 Brute Force,Government,Kubernetes Cluster,False,9,0.25,India,Medium,High,2025-10-23,2026-06-05,CVE-2026-17348,False,True
THREAT-01439,Insider,Credential Theft,T1110 Brute Force,E-commerce,Employee Laptop,False,88,0.2,Americas,Low,Medium,2026-04-29,2026-09-04,CVE-2026-19853,False,False
THREAT-01440,Sandworm,Zero-Day Exploit,T1190 Exploit Public-Facing Application,Insurance,Employee Laptop,False,94,0.44,EMEA,Critical,Low,2024-06-26,2025-05-03,,False,False
THREAT-01441,Unknown,Data Exfiltration,T1055 Process Injection,Education,SaaS Application,True,11,0.26,Asia-Pacific,High,Low,2022-08-06,2022-08-14,CVE-2026-67321,False,True
THREAT-01442,Scattered Spider,Supply Chain Attack,T1021 Remote Services,E-commerce,SaaS Application,False,80,0.15,Asia-Pacific,Medium,Low,2024-07-01,2024-09-04,,True,False
THREAT-01443,TA505,Cryptojacking,T1055 Process Injection,Manufacturing,Kubernetes Cluster,False,50,0.13,Global,Low,Medium,2024-04-10,2025-03-11,CVE-2026-84648,False,False
THREAT-01444,LockBit,Insider Threat,T1110 Brute Force,E-commerce,Cloud VM,True,1,0.35,Americas,Low,Medium,2025-06-27,2025-12-05,,False,True
THREAT-01445,APT28,Data Exfiltration,T1110 Brute Force,E-commerce,API Gateway,False,88,0.26,Asia-Pacific,Critical,High,2025-07-09,2025-08-17,,False,False
THREAT-01446,APT29,Credential Theft,T1021 Remote Services,Government,Employee Laptop,False,30,0.22,Asia-Pacific,Low,Medium,2023-01-31,2023-05-10,CVE-2026-69198,False,False
THREAT-01447,Sandworm,Insider Threat,T1566 Phishing,Energy,Cloud VM,False,4,0.33,EMEA,Medium,Low,2021-03-17,2021-10-14,CVE-2026-73678,False,True
THREAT-01448,APT28,Web Application Attack,T1055 Process Injection,Manufacturing,Web Server,False,100,0.44,Asia-Pacific,High,High,2023-03-19,2024-01-31,,False,False
THREAT-01449,Sandworm,Cloud Misconfiguration Exploitation,T1021 Remote Services,Education,Cloud VM,False,53,0.19,Asia-Pacific,Low,Low,2022-04-28,2022-07-29,,False,False
THREAT-01450,Lazarus Group,Credential Theft,T1053 Scheduled Task/Job,E-commerce,Database Server,False,38,0.25,Asia-Pacific,Critical,Low,2021-10-28,2022-10-27,,False,False
THREAT-01451,Scattered Spider,DDoS,T1027 Obfuscated Files or Information,Education,Kubernetes Cluster,False,42,0.83,Americas,Critical,Low,2025-08-29,2026-03-14,,False,False
THREAT-01452,ALPHV,Business Email Compromise,T1021 Remote Services,Education,Kubernetes Cluster,False,69,0.41,EMEA,Medium,High,2025-09-28,2026-02-06,CVE-2026-81737,True,False
THREAT-01453,Scattered Spider,Phishing,T1053 Scheduled Task/Job,Manufacturing,Database Server,False,15,0.16,Asia-Pacific,High,High,2022-08-01,2022-11-23,CVE-2026-74253,False,False
THREAT-01454,Scattered Spider,Credential Theft,T1003 OS Credential Dumping,Energy,API Gateway,False,41,0.36,Asia-Pacific,Critical,Low,2024-02-16,2024-07-14,,False,False
THREAT-01455,SilverFox,Insider Threat,T1070 Indicator Removal,Energy,SaaS Application,True,10,0.16,Asia-Pacific,Medium,Medium,2022-11-15,2023-02-02,,False,True
THREAT-01456,ALPHV,Phishing,T1190 Exploit Public-Facing Application,Government,SaaS Application,False,89,0.32,EMEA,Medium,High,2021-11-08,2022-05-25,CVE-2026-40498,False,False
THREAT-01457,Script Kiddie,Phishing,T1078 Valid Accounts,Telecom,SaaS Application,False,79,0.35,India,Critical,High,2023-08-21,2024-07-18,,True,False
THREAT-01458,LockBit,DDoS,T1082 System Information Discovery,Manufacturing,API Gateway,False,29,0.5,Global,Low,Medium,2024-01-18,2024-12-21,,False,False
THREAT-01459,Kimsuky,Business Email Compromise,T1048 Exfiltration Over Alternative Protocol,Education,Payment Gateway,True,43,0.13,India,Critical,Low,2024-03-07,2025-02-26,,False,False
THREAT-01460,Cybercrime Syndicate,DDoS,T1053 Scheduled Task/Job,Manufacturing,API Gateway,False,23,0.85,India,Low,High,2022-08-12,2022-12-16,CVE-2026-5993,False,False
THREAT-01461,TA505,Cloud Misconfiguration Exploitation,T1003 OS Credential Dumping,Government,Email Server,False,18,0.44,India,Low,High,2022-01-29,2022-09-15,CVE-2026-66832,False,True
THREAT-01462,TA505,Insider Threat,T1059 Command and Scripting Interpreter,Healthcare,Web Server,False,8,0.16,EMEA,High,High,2023-04-03,2023-09-10,CVE-2026-61505,False,True
THREAT-01463,LockBit,Cloud Misconfiguration Exploitation,T1078 Valid Accounts,Government,Web Server,False,55,0.15,Asia-Pacific,Critical,High,2026-03-14,2026-09-04,,False,False
THREAT-01464,Nation-State (China),Credential Theft,T1110 Brute Force,E-commerce,Domain Controller,False,78,0.45,India,Critical,High,2022-05-18,2022-12-14,,False,True
THREAT-01465,LockBit,Business Email Compromise,T1021 Remote Services,E-commerce,Email Server,True,22,0.31,Asia-Pacific,Critical,High,2026-07-05,2026-08-14,CVE-2026-85430,False,True
THREAT-01466,Mustang Panda,Phishing,T1562 Impair Defenses,Government,Kubernetes Cluster,True,82,0.45,Global,Critical,Low,2025-05-11,2026-02-17,,False,True
THREAT-01467,Insider,Data Exfiltration,T1190 Exploit Public-Facing Application,Government,Cloud VM,True,5,0.16,India,Medium,Low,2024-03-08,2024-09-09,CVE-2026-54782,False,True
THREAT-01468,Unknown,Cryptojacking,T1027 Obfuscated Files or Information,Manufacturing,Cloud VM,False,60,0.5,India,Medium,Medium,2022-10-28,2023-04-01,,False,False
THREAT-01469,TA505,Cloud Misconfiguration Exploitation,T1190 Exploit Public-Facing Application,Manufacturing,SaaS Application,True,9,0.24,Americas,High,Low,2024-12-07,2025-09-30,CVE-2026-17612,False,True
THREAT-01470,FIN7,Insider Threat,T1059 Command and Scripting Interpreter,Manufacturing,Email Server,True,1,0.35,Asia-Pacific,Medium,Low,2024-12-05,2025-06-09,,False,True
THREAT-01471,Nation-State (Russia),Zero-Day Exploit,T1071 Application Layer Protocol,Insurance,Database Server,False,54,0.24,India,Low,Low,2022-03-25,2022-07-31,CVE-2026-66002,False,False
THREAT-01472,Lazarus Group,Ransomware,T1078 Valid Accounts,Education,SaaS Application,True,44,0.49,Global,Critical,High,2025-07-27,2025-12-15,,True,True
THREAT-01473,Kimsuky,Supply Chain Attack,T1053 Scheduled Task/Job,Energy,Kubernetes Cluster,False,16,0.51,Americas,Medium,High,2023-07-12,2023-09-27,,False,True
THREAT-01474,Mustang Panda,Web Application Attack,T1027 Obfuscated Files or Information,Manufacturing,Domain Controller,True,63,0.14,Americas,Medium,Medium,2021-05-07,2022-02-20,CVE-2026-18601,True,True
THREAT-01475,Cybercrime Syndicate,Phishing,T1059 Command and Scripting Interpreter,Manufacturing,Database Server,True,49,0.21,EMEA,High,Low,2022-10-25,2023-06-24,CVE-2026-75126,False,True
THREAT-01476,Mustang Panda,Data Exfiltration,T1078 Valid Accounts,E-commerce,Cloud VM,True,50,0.39,EMEA,Low,Medium,2025-02-12,2025-08-05,,False,False
THREAT-01477,Turla,Phishing,T1071 Application Layer Protocol,E-commerce,Employee Laptop,False,10,0.58,India,Critical,Medium,2022-02-01,2022-06-23,,False,False
THREAT-01478,Lazarus Group,Insider Threat,T1190 Exploit Public-Facing Application,Manufacturing,Payment Gateway,True,8,0.12,Asia-Pacific,Medium,Low,2023-04-17,2023-05-15,CVE-2026-20731,False,True
THREAT-01479,Unknown,Cryptojacking,T1027 Obfuscated Files or Information,Education,Email Server,False,13,0.14,EMEA,Low,Medium,2024-09-23,2025-04-08,,False,False
THREAT-01480,Nation-State (Iran),Data Exfiltration,T1566 Phishing,Government,Employee Laptop,False,40,0.23,Asia-Pacific,Critical,Low,2023-10-27,2024-04-30,CVE-2026-77956,False,False
THREAT-01481,Nation-State (Russia),Credential Theft,T1003 OS Credential Dumping,Government,Web Server,False,69,0.48,Asia-Pacific,Low,High,2021-05-14,2021-10-24,CVE-2026-79097,True,False
THREAT-01482,Hacktivist Group,Web Application Attack,T1071 Application Layer Protocol,Government,Payment Gateway,False,12,0.49,Global,High,High,2024-08-23,2024-08-29,CVE-2026-63033,False,False
THREAT-01483,Hacktivist Group,Web Application Attack,T1486 Data Encrypted for Impact,Manufacturing,Email Server,False,6,0.25,Asia-Pacific,Medium,Medium,2021-07-31,2021-11-10,,False,False
THREAT-01484,ALPHV,Insider Threat,T1078 Valid Accounts,Manufacturing,Employee Laptop,True,4,0.39,EMEA,Critical,Medium,2022-05-12,2022-08-04,,False,True
THREAT-01485,Lazarus Group,Phishing,T1053 Scheduled Task/Job,Energy,Cloud VM,True,95,0.44,Asia-Pacific,High,High,2023-06-13,2023-07-22,CVE-2026-53706,False,False
THREAT-01486,Scattered Spider,Zero-Day Exploit,T1070 Indicator Removal,Energy,Web Server,True,12,0.41,Asia-Pacific,Critical,High,2024-07-11,2025-03-25,,False,False
THREAT-01487,Nation-State (Russia),Cryptojacking,T1036 Masquerading,Energy,Cloud VM,False,47,0.24,EMEA,Medium,Medium,2026-02-24,2026-08-10,,False,False
THREAT-01488,APT28,Insider Threat,T1027 Obfuscated Files or Information,E-commerce,Domain Controller,False,1,0.13,India,Low,Low,2023-12-25,2024-08-13,CVE-2026-39328,False,True
THREAT-01489,APT29,Data Exfiltration,T1036 Masquerading,Government,Employee Laptop,False,60,0.11,India,Critical,Medium,2023-04-01,2023-08-01,CVE-2026-45274,False,False
THREAT-01490,APT29,DDoS,T1053 Scheduled Task/Job,Energy,Database Server,True,61,0.69,Asia-Pacific,Critical,Medium,2024-12-20,2025-11-14,,False,False
THREAT-01491,Scattered Spider,Zero-Day Exploit,T1486 Data Encrypted for Impact,Manufacturing,Payment Gateway,True,53,0.16,Asia-Pacific,High,High,2026-04-11,2026-09-04,,False,True
THREAT-01492,APT29,Data Exfiltration,T1566 Phishing,Energy,Employee Laptop,False,14,0.58,Asia-Pacific,Low,Low,2023-01-05,2023-12-07,,False,True
THREAT-01493,ALPHV,Ransomware,T1053 Scheduled Task/Job,E-commerce,Web Server,False,36,0.76,India,Low,Medium,2022-08-09,2023-02-25,,True,False
THREAT-01494,APT29,DDoS,T1133 External Remote Services,Government,Email Server,False,21,0.63,Asia-Pacific,High,Low,2025-12-24,2026-09-04,,False,False
THREAT-01495,Nation-State (Iran),Insider Threat,T1486 Data Encrypted for Impact,Government,API Gateway,False,2,0.37,Asia-Pacific,Medium,High,2026-06-07,2026-08-14,CVE-2026-20886,False,True
THREAT-01496,Unknown,Web Application Attack,T1486 Data Encrypted for Impact,Healthcare,Payment Gateway,True,47,0.11,India,Medium,Medium,2023-10-12,2023-12-10,,False,True
THREAT-01497,Nation-State (China),Cloud Misconfiguration Exploitation,T1071 Application Layer Protocol,Energy,Kubernetes Cluster,False,89,0.34,India,Critical,Medium,2024-08-25,2024-11-08,,False,True
THREAT-01498,Nation-State (China),Supply Chain Attack,T1078 Valid Accounts,E-commerce,Database Server,True,68,0.46,Global,Low,Low,2024-01-13,2024-12-23,CVE-2026-7248,False,False
THREAT-01499,Nation-State (Iran),DDoS,T1569 System Services,IT Services,Payment Gateway,True,123,0.49,Americas,Low,High,2022-11-27,2023-05-28,,False,False
THREAT-01500,Nation-State (China),Insider Threat,T1566 Phishing,Energy,Employee Laptop,True,10,0.24,Asia-Pacific,High,High,2022-06-09,2022-12-25,CVE-2026-17501,False,True
THREAT-01501,REvil,Business Email Compromise,T1036 Masquerading,IT Services,Database Server,True,93,0.34,Asia-Pacific,Low,Medium,2021-09-03,2022-01-16,,False,True
THREAT-01502,Script Kiddie,Insider Threat,T1486 Data Encrypted for Impact,Government,Web Server,True,3,0.23,EMEA,High,High,2025-09-22,2026-08-23,CVE-2026-48323,False,True
THREAT-01503,APT29,Cryptojacking,T1569 System Services,E-commerce,Employee Laptop,False,28,0.17,EMEA,Low,High,2022-09-01,2022-09-23,,False,False
THREAT-01504,REvil,Web Application Attack,T1566 Phishing,Education,Employee Laptop,False,21,0.15,EMEA,Medium,Medium,2022-08-06,2023-05-30,CVE-2026-43639,False,True
THREAT-01505,Unknown,Supply Chain Attack,T1110 Brute Force,Insurance,Payment Gateway,False,19,0.11,India,Critical,High,2021-09-06,2022-08-05,,False,True
THREAT-01506,Turla,Ransomware,T1566 Phishing,Energy,Email Server,False,22,0.38,EMEA,Critical,Low,2021-03-18,2021-08-18,,True,True
THREAT-01507,Lazarus Group,Zero-Day Exploit,T1105 Ingress Tool Transfer,E-commerce,Web Server,False,24,0.36,Americas,Low,High,2026-02-15,2026-03-04,CVE-2026-52887,False,True
THREAT-01508,Script Kiddie,Web Application Attack,T1562 Impair Defenses,Energy,Storage Bucket,False,50,0.32,Asia-Pacific,High,Low,2022-01-09,2022-01-17,,True,False
THREAT-01509,Turla,Credential Theft,T1059 Command and Scripting Interpreter,Government,Cloud VM,False,16,0.36,Global,High,Medium,2022-01-12,2022-03-24,,False,False
THREAT-01510,Turla,Insider Threat,T1071 Application Layer Protocol,IT Services,Email Server,False,4,0.22,EMEA,Low,Medium,2023-07-08,2023-08-18,CVE-2026-72806,False,True
THREAT-01511,Conti,Ransomware,T1071 Application Layer Protocol,Healthcare,Storage Bucket,False,9,0.37,Americas,Critical,High,2026-04-25,2026-09-04,,True,True
THREAT-01512,APT28,Business Email Compromise,T1021 Remote Services,Healthcare,Database Server,False,76,0.33,EMEA,Critical,Low,2025-09-18,2026-08-27,,False,False
THREAT-01513,LockBit,Supply Chain Attack,T1190 Exploit Public-Facing Application,E-commerce,Kubernetes Cluster,True,7,0.38,Global,Critical,High,2025-08-10,2025-08-31,,False,False
THREAT-01514,ALPHV,Ransomware,T1027 Obfuscated Files or Information,E-commerce,Database Server,True,50,0.49,Global,Low,Medium,2021-09-20,2022-04-08,CVE-2026-18445,True,False
THREAT-01515,ALPHV,DDoS,T1562 Impair Defenses,Energy,Domain Controller,False,163,0.56,Americas,High,Low,2024-11-14,2025-11-14,,False,False
THREAT-01516,Mustang Panda,Cryptojacking,T1078 Valid Accounts,IT Services,SaaS Application,True,30,0.52,Global,High,Medium,2021-10-23,2022-03-26,,True,True
THREAT-01517,Nation-State (China),Cryptojacking,T1110 Brute Force,E-commerce,Kubernetes Cluster,False,98,0.39,Asia-Pacific,Critical,Low,2021-10-17,2022-06-27,CVE-2026-56415,False,True
THREAT-01518,Nation-State (China),Ransomware,T1566 Phishing,Manufacturing,Web Server,False,9,0.53,India,Critical,High,2023-01-12,2023-09-12,CVE-2026-18916,True,False
THREAT-01519,Mustang Panda,Supply Chain Attack,T1082 System Information Discovery,E-commerce,Employee Laptop,True,58,0.49,Global,High,Medium,2025-10-21,2026-05-31,,False,True
THREAT-01520,Sandworm,Insider Threat,T1110 Brute Force,Government,Cloud VM,False,5,0.2,Global,High,Low,2023-06-22,2024-04-16,,False,True
THREAT-01521,Mustang Panda,Supply Chain Attack,T1048 Exfiltration Over Alternative Protocol,Insurance,Storage Bucket,False,71,0.17,India,Critical,High,2021-06-26,2021-10-21,,True,True
THREAT-01522,TA505,Web Application Attack,T1569 System Services,Government,Email Server,False,26,0.21,Americas,Critical,High,2023-11-21,2024-06-04,CVE-2026-18686,False,False
THREAT-01523,Kimsuky,Phishing,T1486 Data Encrypted for Impact,Government,Employee Laptop,False,20,0.37,Asia-Pacific,High,Low,2021-05-17,2021-08-16,,False,False
THREAT-01524,Conti,DDoS,T1562 Impair Defenses,Government,Storage Bucket,True,58,0.44,Global,Low,Medium,2026-03-08,2026-09-04,,False,False
THREAT-01525,Hacktivist Group,Credential Theft,T1562 Impair Defenses,Energy,Storage Bucket,False,27,0.11,Asia-Pacific,Critical,Medium,2025-10-18,2026-08-21,,True,False
THREAT-01526,Unknown,Supply Chain Attack,T1036 Masquerading,Government,Payment Gateway,False,97,0.25,India,Medium,High,2024-10-15,2025-07-12,,False,True
THREAT-01527,Kimsuky,Phishing,T1070 Indicator Removal,Energy,Storage Bucket,False,37,0.41,EMEA,Medium,High,2024-06-06,2025-04-05,CVE-2026-75419,False,False
THREAT-01528,APT29,Supply Chain Attack,T1021 Remote Services,Manufacturing,Cloud VM,True,83,0.31,India,Medium,Low,2024-03-12,2025-01-17,,False,False
THREAT-01529,Mustang Panda,Phishing,T1071 Application Layer Protocol,E-commerce,Cloud VM,False,9,0.53,EMEA,Low,Low,2024-01-29,2024-01-31,CVE-2026-24895,False,True
THREAT-01530,Hacktivist Group,Cloud Misconfiguration Exploitation,T1003 OS Credential Dumping,E-commerce,Email Server,True,85,0.21,Global,Critical,Medium,2024-09-20,2025-06-23,,True,False
THREAT-01531,Nation-State (China),Credential Theft,T1036 Masquerading,E-commerce,Storage Bucket,False,43,0.6,EMEA,Critical,High,2023-02-18,2023-04-29,,False,True
THREAT-01532,Mustang Panda,Cloud Misconfiguration Exploitation,T1562 Impair Defenses,IT Services,Database Server,True,47,0.33,India,Low,High,2022-08-16,2023-04-10,,True,True
THREAT-01533,Unknown,Cloud Misconfiguration Exploitation,T1003 OS Credential Dumping,E-commerce,Kubernetes Cluster,False,94,0.58,Asia-Pacific,Medium,High,2024-06-20,2025-05-21,CVE-2026-60118,False,True
THREAT-01534,APT28,Supply Chain Attack,T1055 Process Injection,E-commerce,Domain Controller,True,79,0.28,Asia-Pacific,High,Medium,2023-07-03,2023-07-12,,False,True
THREAT-01535,Conti,DDoS,T1486 Data Encrypted for Impact,IT Services,Storage Bucket,False,113,0.56,Asia-Pacific,Medium,Medium,2022-09-05,2022-10-14,CVE-2026-80692,False,False
THREAT-01536,ALPHV,Data Exfiltration,T1110 Brute Force,E-commerce,Employee Laptop,True,56,0.57,Americas,High,Low,2025-09-13,2026-02-22,CVE-2026-76610,False,True
THREAT-01537,Lazarus Group,Business Email Compromise,T1190 Exploit Public-Facing Application,Energy,Web Server,True,67,0.19,India,Low,High,2023-05-22,2023-06-13,,False,False
THREAT-01538,Hacktivist Group,Cloud Misconfiguration Exploitation,T1070 Indicator Removal,Government,Employee Laptop,False,23,0.52,EMEA,Critical,High,2023-10-24,2024-10-22,,False,False
THREAT-01539,Nation-State (Russia),Ransomware,T1133 External Remote Services,Education,Database Server,True,15,0.65,India,Low,Low,2025-04-19,2025-05-11,,True,True
THREAT-01540,LockBit,Web Application Attack,T1053 Scheduled Task/Job,Healthcare,Kubernetes Cluster,False,16,0.6,Global,High,Medium,2025-05-12,2025-06-26,,False,False
THREAT-01541,Lazarus Group,Insider Threat,T1082 System Information Discovery,IT Services,Database Server,True,10,0.1,India,Low,Medium,2024-11-26,2024-12-13,CVE-2026-73782,False,True
THREAT-01542,Nation-State (Iran),Insider Threat,T1003 OS Credential Dumping,Education,Storage Bucket,False,10,0.18,Asia-Pacific,Low,Low,2021-08-12,2022-03-24,,False,True
THREAT-01543,LockBit,Zero-Day Exploit,T1059 Command and Scripting Interpreter,Manufacturing,Payment Gateway,True,87,0.39,Asia-Pacific,Critical,Medium,2021-04-15,2022-03-10,CVE-2026-42933,True,False
THREAT-01544,REvil,DDoS,T1082 System Information Discovery,IT Services,Web Server,False,79,0.69,Global,Critical,Medium,2021-07-17,2021-10-13,,False,False
THREAT-01545,Scattered Spider,Phishing,T1055 Process Injection,Manufacturing,SaaS Application,False,79,0.57,EMEA,Critical,Low,2023-07-13,2024-06-26,,False,True
THREAT-01546,Kimsuky,Supply Chain Attack,T1078 Valid Accounts,Healthcare,Kubernetes Cluster,False,50,0.59,Asia-Pacific,Medium,High,2026-07-29,2026-09-04,CVE-2026-19471,False,True
THREAT-01547,Insider,Insider Threat,T1566 Phishing,Energy,API Gateway,False,1,0.2,Asia-Pacific,High,Medium,2026-01-24,2026-02-15,,False,True
THREAT-01548,LockBit,Data Exfiltration,T1059 Command and Scripting Interpreter,IT Services,Cloud VM,False,92,0.33,Global,Medium,Low,2022-06-21,2023-01-06,,False,False
THREAT-01549,Mustang Panda,Business Email Compromise,T1027 Obfuscated Files or Information,Telecom,Database Server,False,39,0.55,Global,Medium,High,2024-01-03,2024-01-24,,False,False
THREAT-01550,Turla,Cloud Misconfiguration Exploitation,T1059 Command and Scripting Interpreter,E-commerce,Email Server,False,59,0.34,EMEA,Medium,High,2026-02-11,2026-09-04,,False,False
THREAT-01551,Turla,Zero-Day Exploit,T1027 Obfuscated Files or Information,Government,Email Server,False,91,0.15,Americas,Critical,Low,2021-04-07,2021-11-05,,False,False
THREAT-01552,Turla,Web Application Attack,T1562 Impair Defenses,E-commerce,Web Server,False,77,0.44,EMEA,Low,Medium,2023-10-01,2024-02-28,CVE-2026-85242,False,False
THREAT-01553,TA505,Data Exfiltration,T1055 Process Injection,Insurance,API Gateway,True,43,0.13,EMEA,Medium,High,2021-07-03,2021-09-20,CVE-2026-62996,False,True
THREAT-01554,Scattered Spider,Credential Theft,T1036 Masquerading,Energy,Storage Bucket,True,75,0.27,Asia-Pacific,Low,Low,2023-12-11,2024-08-22,,False,False
THREAT-01555,APT29,Cloud Misconfiguration Exploitation,T1048 Exfiltration Over Alternative Protocol,Government,Employee Laptop,False,99,0.19,India,Medium,Low,2025-12-20,2026-09-04,CVE-2026-73297,False,False
THREAT-01556,ALPHV,Phishing,T1003 OS Credential Dumping,E-commerce,Payment Gateway,False,80,0.14,Americas,High,High,2023-05-26,2023-11-05,,False,True
THREAT-01557,ALPHV,Credential Theft,T1070 Indicator Removal,Insurance,Cloud VM,True,47,0.28,Americas,Medium,Medium,2024-01-01,2024-06-30,,False,True
THREAT-01558,ALPHV,Insider Threat,T1003 OS Credential Dumping,Manufacturing,Cloud VM,False,9,0.29,Americas,Low,Medium,2022-09-10,2022-11-23,,False,True
THREAT-01559,Mustang Panda,Phishing,T1027 Obfuscated Files or Information,Manufacturing,SaaS Application,False,51,0.1,Americas,High,Medium,2022-06-22,2023-03-08,,False,False
THREAT-01560,TA505,Zero-Day Exploit,T1036 Masquerading,E-commerce,SaaS Application,False,20,0.3,India,Critical,Medium,2022-06-09,2022-12-02,,False,False
THREAT-01561,Nation-State (China),Business Email Compromise,T1003 OS Credential Dumping,Energy,Kubernetes Cluster,False,7,0.42,Global,Critical,Medium,2021-09-04,2021-09-08,CVE-2026-79195,False,True
THREAT-01562,APT28,Supply Chain Attack,T1105 Ingress Tool Transfer,Government,Web Server,True,76,0.44,Americas,Critical,Medium,2026-03-09,2026-09-04,CVE-2026-3301,False,False
THREAT-01563,Nation-State (Russia),Credential Theft,T1190 Exploit Public-Facing Application,E-commerce,Payment Gateway,False,99,0.46,Asia-Pacific,High,Medium,2023-08-06,2023-11-03,CVE-2026-18684,False,False
THREAT-01564,Hacktivist Group,Data Exfiltration,T1133 External Remote Services,IT Services,Kubernetes Cluster,True,99,0.28,Asia-Pacific,Medium,High,2025-07-31,2026-06-25,,False,False
THREAT-01565,Nation-State (Iran),Cloud Misconfiguration Exploitation,T1059 Command and Scripting Interpreter,Manufacturing,Employee Laptop,True,62,0.27,Global,High,High,2026-02-13,2026-03-01,CVE-2026-75754,False,True
THREAT-01566,Turla,Business Email Compromise,T1070 Indicator Removal,Telecom,Employee Laptop,True,97,0.59,Asia-Pacific,Low,High,2021-03-22,2021-07-30,,False,False
THREAT-01567,Nation-State (Iran),Zero-Day Exploit,T1021 Remote Services,E-commerce,Cloud VM,False,41,0.47,Americas,Medium,Low,2023-04-08,2023-06-26,,False,False
THREAT-01568,Nation-State (Russia),Ransomware,T1190 Exploit Public-Facing Application,Government,API Gateway,True,18,0.56,Global,Low,Medium,2022-01-21,2022-03-03,,True,True
THREAT-01569,SilverFox,Supply Chain Attack,T1105 Ingress Tool Transfer,IT Services,Database Server,True,39,0.26,EMEA,Medium,Low,2023-10-27,2024-09-12,,False,False
THREAT-01570,Sandworm,Data Exfiltration,T1055 Process Injection,Government,Payment Gateway,False,58,0.3,Asia-Pacific,High,High,2022-03-03,2022-07-21,,False,True
THREAT-01571,ALPHV,Data Exfiltration,T1486 Data Encrypted for Impact,Manufacturing,Employee Laptop,True,25,0.39,Asia-Pacific,Medium,Low,2025-09-19,2026-04-27,CVE-2026-40873,False,False
THREAT-01572,Turla,Supply Chain Attack,T1190 Exploit Public-Facing Application,Energy,Domain Controller,True,85,0.49,EMEA,Medium,Low,2026-07-10,2026-09-04,,False,False
THREAT-01573,Nation-State (China),Cloud Misconfiguration Exploitation,T1027 Obfuscated Files or Information,Energy,Web Server,True,95,0.5,EMEA,Medium,Medium,2025-06-14,2025-08-10,,False,False
THREAT-01574,TA505,DDoS,T1486 Data Encrypted for Impact,Government,Database Server,True,165,0.89,Global,Medium,Low,2021-10-03,2022-10-03,,False,False
THREAT-01575,SilverFox,Insider Threat,T1059 Command and Scripting Interpreter,Government,Web Server,False,1,0.33,India,Low,Low,2025-07-12,2025-12-12,,False,True
THREAT-01576,Scattered Spider,Cryptojacking,T1048 Exfiltration Over Alternative Protocol,Government,Email Server,False,15,0.54,Global,Low,Medium,2023-07-07,2024-03-03,,False,False
THREAT-01577,Lazarus Group,DDoS,T1105 Ingress Tool Transfer,Government,SaaS Application,False,23,0.65,Americas,Medium,Medium,2023-03-22,2024-01-05,,False,False
THREAT-01578,Mustang Panda,Credential Theft,T1059 Command and Scripting Interpreter,Government,Payment Gateway,False,74,0.46,India,High,Low,2021-04-19,2021-10-08,,False,False
THREAT-01579,Nation-State (China),DDoS,T1036 Masquerading,E-commerce,API Gateway,True,183,0.49,EMEA,Low,Low,2022-08-23,2023-05-28,CVE-2026-81772,False,False
THREAT-01580,Script Kiddie,Insider Threat,T1110 Brute Force,Energy,SaaS Application,True,4,0.29,Asia-Pacific,Critical,Low,2024-12-23,2025-05-19,,False,True
THREAT-01581,APT29,Ransomware,T1003 OS Credential Dumping,Insurance,Storage Bucket,True,20,0.4,Global,Low,High,2022-02-27,2022-11-09,CVE-2026-9406,True,False
THREAT-01582,Conti,Zero-Day Exploit,T1566 Phishing,Manufacturing,Email Server,True,61,0.23,India,Critical,High,2024-03-25,2024-09-03,,False,True
THREAT-01583,Conti,Web Application Attack,T1078 Valid Accounts,Insurance,Storage Bucket,True,92,0.16,India,Critical,Medium,2023-07-31,2024-04-02,CVE-2026-3452,False,True
THREAT-01584,FIN7,Web Application Attack,T1027 Obfuscated Files or Information,Government,Email Server,True,90,0.29,Asia-Pacific,Low,Medium,2025-03-14,2025-04-06,,False,True
THREAT-01585,Nation-State (Russia),Business Email Compromise,T1486 Data Encrypted for Impact,Government,API Gateway,True,78,0.19,Asia-Pacific,Medium,Low,2021-12-29,2022-08-27,CVE-2026-77995,False,False
THREAT-01586,Nation-State (Russia),Web Application Attack,T1070 Indicator Removal,Insurance,Domain Controller,True,74,0.4,India,Medium,Low,2026-02-22,2026-03-09,,False,True
THREAT-01587,Unknown,Phishing,T1190 Exploit Public-Facing Application,Manufacturing,Storage Bucket,False,81,0.28,India,High,High,2023-05-27,2023-07-03,CVE-2026-76601,True,True
THREAT-01588,Turla,Business Email Compromise,T1105 Ingress Tool Transfer,Government,Kubernetes Cluster,True,47,0.36,EMEA,Critical,Low,2023-06-25,2024-05-12,CVE-2026-16496,False,False
THREAT-01589,APT28,Ransomware,T1082 System Information Discovery,Government,API Gateway,False,19,0.58,Asia-Pacific,Low,High,2025-06-19,2025-11-09,CVE-2026-48323,True,False
THREAT-01590,Insider,Web Application Attack,T1105 Ingress Tool Transfer,Energy,Domain Controller,False,89,0.24,Asia-Pacific,High,Low,2021-11-23,2022-04-28,,False,False
THREAT-01591,Conti,DDoS,T1071 Application Layer Protocol,Education,Employee Laptop,False,32,0.68,India,Medium,High,2022-06-30,2022-10-12,,False,False
THREAT-01592,APT29,Cryptojacking,T1082 System Information Discovery,Telecom,Database Server,True,88,0.17,Global,High,High,2021-12-18,2022-07-04,CVE-2026-75529,False,True
THREAT-01593,Conti,Web Application Attack,T1055 Process Injection,Manufacturing,API Gateway,True,82,0.35,EMEA,Low,High,2024-08-01,2024-09-03,,False,False
THREAT-01594,ALPHV,Web Application Attack,T1082 System Information Discovery,Manufacturing,SaaS Application,False,5,0.25,India,Medium,Low,2023-04-20,2024-02-12,,False,False
THREAT-01595,TA505,Credential Theft,T1070 Indicator Removal,Manufacturing,SaaS Application,False,37,0.29,India,Medium,Low,2023-04-23,2024-04-01,,False,True
THREAT-01596,FIN7,Business Email Compromise,T1486 Data Encrypted for Impact,Manufacturing,Web Server,True,50,0.34,Asia-Pacific,Critical,Low,2024-03-15,2025-02-10,,False,False
THREAT-01597,Insider,Cloud Misconfiguration Exploitation,T1070 Indicator Removal,Healthcare,SaaS Application,False,20,0.59,Global,High,High,2023-02-05,2023-03-26,CVE-2026-27727,False,False
THREAT-01598,Lazarus Group,Cryptojacking,T1105 Ingress Tool Transfer,Government,Storage Bucket,False,18,0.46,India,High,High,2022-10-24,2023-07-02,,False,False
THREAT-01599,Insider,Data Exfiltration,T1071 Application Layer Protocol,Government,Cloud VM,False,86,0.24,Global,Low,High,2022-02-10,2022-07-25,CVE-2026-4357,False,False
THREAT-01600,Script Kiddie,Cloud Misconfiguration Exploitation,T1036 Masquerading,E-commerce,Storage Bucket,False,77,0.14,EMEA,Medium,High,2025-06-15,2026-04-13,,False,False
THREAT-01601,REvil,Business Email Compromise,T1021 Remote Services,Government,Kubernetes Cluster,True,72,0.58,India,Critical,Low,2022-02-03,2022-12-11,,False,False
THREAT-01602,Turla,Phishing,T1059 Command and Scripting Interpreter,E-commerce,Database Server,True,33,0.26,India,Medium,Low,2023-07-13,2023-12-22,,False,False
THREAT-01603,Unknown,DDoS,T1036 Masquerading,Energy,SaaS Application,True,26,0.79,Global,Low,Low,2023-05-10,2023-06-20,,False,False
THREAT-01604,Kimsuky,Zero-Day Exploit,T1059 Command and Scripting Interpreter,E-commerce,Payment Gateway,False,42,0.22,Asia-Pacific,Medium,Low,2023-12-04,2024-03-24,,False,False
THREAT-01605,Script Kiddie,Cloud Misconfiguration Exploitation,T1082 System Information Discovery,Healthcare,Email Server,True,55,0.16,India,Medium,Low,2025-06-23,2025-11-15,,False,True
THREAT-01606,APT28,Credential Theft,T1003 OS Credential Dumping,E-commerce,Web Server,False,70,0.26,Americas,Low,High,2022-04-25,2022-08-13,,False,True
THREAT-01607,Kimsuky,DDoS,T1036 Masquerading,Telecom,Web Server,False,188,0.56,Americas,High,High,2024-07-14,2024-12-23,,False,False
THREAT-01608,APT28,Credential Theft,T1059 Command and Scripting Interpreter,Healthcare,Web Server,True,86,0.31,Global,Low,Low,2023-12-17,2024-06-27,,False,True
THREAT-01609,Turla,Data Exfiltration,T1486 Data Encrypted for Impact,Manufacturing,Storage Bucket,True,96,0.43,Americas,Critical,Medium,2021-06-19,2021-09-11,,False,True
THREAT-01610,Insider,DDoS,T1071 Application Layer Protocol,Energy,Email Server,False,196,0.52,India,High,Low,2022-11-21,2023-09-19,CVE-2026-79183,False,False
THREAT-01611,Nation-State (Iran),Data Exfiltration,T1078 Valid Accounts,Energy,Database Server,False,32,0.11,Asia-Pacific,Medium,High,2022-06-17,2023-03-08,,False,False
THREAT-01612,Nation-State (Russia),Credential Theft,T1078 Valid Accounts,E-commerce,Employee Laptop,False,95,0.12,Asia-Pacific,Medium,Low,2025-05-03,2026-03-07,CVE-2026-75148,False,False
THREAT-01613,FIN7,Business Email Compromise,T1082 System Information Discovery,Energy,API Gateway,False,22,0.51,Americas,Medium,Medium,2023-07-18,2024-01-27,,False,False
THREAT-01614,Turla,Credential Theft,T1027 Obfuscated Files or Information,Manufacturing,Payment Gateway,False,97,0.36,Americas,Low,Low,2023-06-03,2024-01-03,,False,False
THREAT-01615,Scattered Spider,Phishing,T1082 System Information Discovery,Insurance,Kubernetes Cluster,False,14,0.2,Americas,Low,High,2024-01-22,2024-04-11,,False,False
THREAT-01616,Conti,Business Email Compromise,T1071 Application Layer Protocol,Manufacturing,Cloud VM,True,5,0.5,Americas,Medium,Low,2023-05-20,2023-05-29,,False,False
THREAT-01617,SilverFox,Data Exfiltration,T1071 Application Layer Protocol,Manufacturing,Database Server,False,50,0.38,Americas,Critical,High,2025-05-29,2025-08-07,,False,False
THREAT-01618,SilverFox,Supply Chain Attack,T1133 External Remote Services,Education,Cloud VM,False,11,0.58,EMEA,Medium,High,2025-04-25,2026-01-15,,False,False
THREAT-01619,Unknown,Cloud Misconfiguration Exploitation,T1562 Impair Defenses,E-commerce,Domain Controller,True,44,0.24,India,Low,Medium,2024-07-28,2025-02-06,CVE-2026-7139,False,False
THREAT-01620,APT28,Phishing,T1190 Exploit Public-Facing Application,Manufacturing,Storage Bucket,False,68,0.49,EMEA,Critical,Medium,2024-02-23,2025-02-18,CVE-2026-15409,True,False
THREAT-01621,APT28,Cryptojacking,T1082 System Information Discovery,E-commerce,Employee Laptop,False,33,0.13,India,Medium,Low,2026-06-20,2026-09-04,CVE-2026-81101,False,True
THREAT-01622,Scattered Spider,Zero-Day Exploit,T1055 Process Injection,Government,Payment Gateway,True,31,0.38,Global,Critical,High,2025-03-05,2025-07-24,,False,False
THREAT-01623,APT28,Insider Threat,T1036 Masquerading,IT Services,Payment Gateway,False,1,0.18,Asia-Pacific,High,Low,2023-03-18,2023-11-03,,False,True
THREAT-01624,REvil,Cloud Misconfiguration Exploitation,T1053 Scheduled Task/Job,IT Services,SaaS Application,False,20,0.52,Americas,Low,Low,2022-05-24,2023-05-07,,False,False
THREAT-01625,Turla,DDoS,T1110 Brute Force,Government,Payment Gateway,False,24,0.69,Asia-Pacific,High,Medium,2024-04-11,2025-02-08,,False,False
THREAT-01626,Turla,Business Email Compromise,T1003 OS Credential Dumping,Education,Email Server,False,44,0.42,India,Medium,High,2021-04-13,2021-11-02,CVE-2026-30934,False,False
THREAT-01627,Lazarus Group,Cloud Misconfiguration Exploitation,T1059 Command and Scripting Interpreter,IT Services,Database Server,False,93,0.21,Global,Critical,High,2025-07-16,2026-02-02,CVE-2026-6156,False,False
THREAT-01628,Lazarus Group,Credential Theft,T1110 Brute Force,Healthcare,Employee Laptop,False,88,0.42,Global,Critical,Low,2024-04-20,2024-08-25,,False,True
THREAT-01629,Nation-State (Iran),Insider Threat,T1105 Ingress Tool Transfer,Energy,Web Server,False,3,0.32,India,Low,Low,2022-01-30,2022-09-08,CVE-2026-84147,False,True
THREAT-01630,Kimsuky,Business Email Compromise,T1190 Exploit Public-Facing Application,Manufacturing,Payment Gateway,False,23,0.54,Global,Medium,Medium,2021-05-12,2021-09-16,,False,True
THREAT-01631,Turla,Insider Threat,T1053 Scheduled Task/Job,Energy,API Gateway,False,4,0.19,Asia-Pacific,Critical,High,2022-12-24,2023-01-18,,False,True
THREAT-01632,Hacktivist Group,DDoS,T1036 Masquerading,Telecom,Kubernetes Cluster,True,132,0.72,Asia-Pacific,Medium,High,2026-03-18,2026-09-04,,False,False
THREAT-01633,Sandworm,Web Application Attack,T1053 Scheduled Task/Job,E-commerce,Payment Gateway,True,99,0.58,EMEA,Medium,Low,2026-05-11,2026-09-04,,True,False
THREAT-01634,Mustang Panda,Credential Theft,T1048 Exfiltration Over Alternative Protocol,Government,Web Server,False,40,0.31,Global,Medium,High,2024-05-29,2025-04-20,CVE-2026-78236,False,True
THREAT-01635,Nation-State (Russia),Business Email Compromise,T1003 OS Credential Dumping,Telecom,Web Server,False,64,0.59,Americas,Low,Low,2025-02-23,2025-09-24,,False,True
THREAT-01636,Cybercrime Syndicate,Phishing,T1003 OS Credential Dumping,Energy,Email Server,False,26,0.23,Americas,Medium,Low,2024-03-20,2024-08-01,,False,False
THREAT-01637,FIN7,Ransomware,T1110 Brute Force,Manufacturing,Kubernetes Cluster,False,48,0.69,India,Critical,Low,2025-01-03,2025-12-20,,True,True
THREAT-01638,APT29,Data Exfiltration,T1110 Brute Force,E-commerce,Kubernetes Cluster,True,27,0.16,Asia-Pacific,High,Medium,2021-12-17,2022-12-06,,False,False
THREAT-01639,APT29,Insider Threat,T1110 Brute Force,Government,Storage Bucket,False,8,0.18,EMEA,Medium,Medium,2024-12-07,2025-04-20,,False,True
THREAT-01640,SilverFox,Business Email Compromise,T1021 Remote Services,Manufacturing,Cloud VM,True,66,0.21,India,Critical,Low,2023-05-17,2023-08-23,,False,False
THREAT-01641,Insider,Data Exfiltration,T1569 System Services,Government,Web Server,False,95,0.43,EMEA,High,Low,2022-07-26,2022-10-08,,False,False
THREAT-01642,Conti,Business Email Compromise,T1486 Data Encrypted for Impact,E-commerce,Email Server,True,96,0.57,EMEA,Low,High,2024-02-16,2024-11-14,,False,False
THREAT-01643,Script Kiddie,Zero-Day Exploit,T1059 Command and Scripting Interpreter,IT Services,Domain Controller,False,56,0.18,Asia-Pacific,High,High,2025-02-10,2025-06-25,CVE-2026-80722,False,True
THREAT-01644,SilverFox,Ransomware,T1486 Data Encrypted for Impact,E-commerce,Cloud VM,True,45,0.63,Global,Low,Medium,2021-05-21,2022-04-08,CVE-2026-21077,True,True
THREAT-01645,Hacktivist Group,Cloud Misconfiguration Exploitation,T1105 Ingress Tool Transfer,Insurance,Database Server,False,79,0.39,EMEA,Medium,Medium,2024-01-08,2024-08-19,,False,False
THREAT-01646,APT29,Credential Theft,T1053 Scheduled Task/Job,E-commerce,Database Server,False,73,0.59,EMEA,Medium,Low,2025-12-07,2026-06-18,CVE-2026-48316,False,True
THREAT-01647,Hacktivist Group,Data Exfiltration,T1133 External Remote Services,Government,Email Server,True,34,0.57,EMEA,High,Medium,2025-12-24,2026-05-07,,False,False
THREAT-01648,Nation-State (China),Web Application Attack,T1048 Exfiltration Over Alternative Protocol,Government,Database Server,False,48,0.18,Global,Critical,High,2022-07-12,2022-10-06,,False,True
THREAT-01649,Insider,Web Application Attack,T1078 Valid Accounts,Healthcare,Database Server,True,55,0.28,Americas,Critical,High,2024-03-03,2024-07-03,CVE-2026-27604,False,False
THREAT-01650,TA505,Ransomware,T1110 Brute Force,Energy,SaaS Application,True,46,0.47,EMEA,Low,High,2025-09-03,2025-11-10,CVE-2026-76212,True,True
THREAT-01651,Mustang Panda,DDoS,T1036 Masquerading,Manufacturing,Kubernetes Cluster,False,160,0.45,India,Low,Low,2021-10-08,2021-12-11,CVE-2026-26899,False,False
THREAT-01652,Script Kiddie,Phishing,T1110 Brute Force,Government,Storage Bucket,False,81,0.37,India,Critical,Medium,2021-09-06,2022-02-26,,False,False
THREAT-01653,Sandworm,Phishing,T1059 Command and Scripting Interpreter,Energy,Email Server,True,14,0.33,Americas,Low,Medium,2022-10-13,2022-12-10,,False,True
THREAT-01654,Kimsuky,Supply Chain Attack,T1071 Application Layer Protocol,IT Services,Employee Laptop,False,90,0.48,Global,Medium,Low,2021-09-12,2022-09-04,,False,False
THREAT-01655,Hacktivist Group,Ransomware,T1003 OS Credential Dumping,E-commerce,Kubernetes Cluster,True,45,0.43,Americas,High,High,2022-08-16,2023-02-09,,True,False
THREAT-01656,APT29,Web Application Attack,T1071 Application Layer Protocol,Energy,Cloud VM,True,73,0.43,Global,High,High,2022-09-02,2023-03-08,,False,True
THREAT-01657,Kimsuky,Insider Threat,T1078 Valid Accounts,Manufacturing,Domain Controller,False,4,0.21,Asia-Pacific,Critical,Medium,2024-04-02,2024-08-12,,False,True
THREAT-01658,Nation-State (China),Insider Threat,T1105 Ingress Tool Transfer,IT Services,Payment Gateway,True,8,0.2,India,Low,High,2021-04-19,2021-05-23,,False,True
THREAT-01659,Nation-State (Russia),Cryptojacking,T1190 Exploit Public-Facing Application,Energy,Payment Gateway,False,28,0.59,Asia-Pacific,High,Low,2022-10-11,2022-10-25,CVE-2026-5850,False,False
THREAT-01660,Nation-State (Russia),Supply Chain Attack,T1027 Obfuscated Files or Information,IT Services,Cloud VM,True,11,0.49,Global,Low,Low,2022-05-15,2022-06-15,CVE-2026-7244,False,True
THREAT-01661,APT28,Cloud Misconfiguration Exploitation,T1190 Exploit Public-Facing Application,IT Services,Web Server,False,19,0.55,Asia-Pacific,Critical,High,2024-02-23,2024-04-01,CVE-2026-60031,False,False
THREAT-01662,ALPHV,Cryptojacking,T1048 Exfiltration Over Alternative Protocol,Energy,Payment Gateway,True,62,0.54,India,High,Low,2024-06-14,2024-09-27,CVE-2026-77218,False,False
THREAT-01663,Cybercrime Syndicate,Web Application Attack,T1027 Obfuscated Files or Information,Healthcare,Web Server,True,16,0.17,India,Medium,High,2024-05-06,2024-05-10,,False,True
THREAT-01664,Sandworm,Zero-Day Exploit,T1036 Masquerading,E-commerce,SaaS Application,False,96,0.15,Asia-Pacific,Medium,High,2025-12-02,2026-08-26,,False,True
THREAT-01665,Hacktivist Group,Credential Theft,T1070 Indicator Removal,Energy,Web Server,True,82,0.54,Asia-Pacific,Medium,Medium,2024-12-05,2025-05-19,CVE-2026-72759,False,False
THREAT-01666,APT28,Data Exfiltration,T1059 Command and Scripting Interpreter,Manufacturing,Database Server,False,95,0.47,EMEA,Critical,Medium,2023-09-08,2023-11-09,,False,False
THREAT-01667,LockBit,Data Exfiltration,T1078 Valid Accounts,Manufacturing,API Gateway,False,76,0.55,EMEA,Medium,High,2025-10-19,2026-09-04,,False,False
THREAT-01668,Sandworm,Cloud Misconfiguration Exploitation,T1110 Brute Force,Healthcare,Database Server,False,55,0.48,Asia-Pacific,Low,High,2022-10-12,2023-01-05,,False,False
THREAT-01669,Script Kiddie,Web Application Attack,T1566 Phishing,E-commerce,SaaS Application,False,65,0.43,EMEA,Low,High,2023-05-10,2024-05-06,,False,False
THREAT-01670,Insider,Business Email Compromise,T1048 Exfiltration Over Alternative Protocol,Telecom,SaaS Application,True,39,0.31,Global,Critical,Low,2023-06-02,2023-12-19,,False,False
THREAT-01671,Conti,Phishing,T1569 System Services,Government,API Gateway,False,60,0.46,Global,Low,High,2025-04-07,2025-11-22,CVE-2026-45755,False,False
THREAT-01672,Hacktivist Group,Zero-Day Exploit,T1071 Application Layer Protocol,Telecom,Storage Bucket,False,54,0.34,Global,Low,Low,2026-05-25,2026-09-04,,True,False
THREAT-01673,SilverFox,Data Exfiltration,T1053 Scheduled Task/Job,IT Services,Storage Bucket,False,34,0.24,India,Low,Medium,2024-01-13,2024-09-11,,False,True
THREAT-01674,FIN7,Zero-Day Exploit,T1055 Process Injection,Energy,Web Server,True,63,0.46,Global,Medium,Medium,2023-06-22,2024-02-29,,False,False
THREAT-01675,Conti,Web Application Attack,T1053 Scheduled Task/Job,Government,Email Server,False,9,0.47,EMEA,Critical,Low,2022-08-17,2022-12-19,,False,False
THREAT-01676,Scattered Spider,Business Email Compromise,T1021 Remote Services,Government,API Gateway,False,5,0.58,Global,Critical,High,2024-09-18,2025-02-23,,False,False
THREAT-01677,Turla,Supply Chain Attack,T1003 OS Credential Dumping,Government,Database Server,True,22,0.57,Global,Low,Low,2021-05-17,2021-06-13,CVE-2026-66012,False,True
THREAT-01678,Hacktivist Group,Ransomware,T1053 Scheduled Task/Job,Manufacturing,Cloud VM,True,12,0.46,Asia-Pacific,Low,Medium,2022-08-18,2022-08-31,,True,True
THREAT-01679,Nation-State (Russia),Zero-Day Exploit,T1036 Masquerading,Education,Payment Gateway,False,41,0.29,EMEA,Medium,Medium,2025-01-08,2025-02-10,,False,False
THREAT-01680,Lazarus Group,DDoS,T1053 Scheduled Task/Job,Healthcare,Employee Laptop,True,145,0.85,Americas,High,High,2023-11-23,2024-01-29,,False,False
THREAT-01681,Kimsuky,Zero-Day Exploit,T1003 OS Credential Dumping,E-commerce,Payment Gateway,False,41,0.37,Asia-Pacific,High,Low,2024-01-11,2024-06-05,CVE-2026-54345,False,False
THREAT-01682,Turla,Ransomware,T1048 Exfiltration Over Alternative Protocol,Government,Payment Gateway,False,32,0.49,Asia-Pacific,Critical,High,2022-07-15,2023-01-16,CVE-2026-75038,True,True
THREAT-01683,ALPHV,Business Email Compromise,T1003 OS Credential Dumping,IT Services,Web Server,False,97,0.45,Global,Low,Medium,2024-01-14,2024-03-29,,False,False
THREAT-01684,Kimsuky,Cloud Misconfiguration Exploitation,T1048 Exfiltration Over Alternative Protocol,Government,Employee Laptop,False,58,0.25,Americas,High,Low,2025-12-02,2026-08-13,,False,False
THREAT-01685,Cybercrime Syndicate,Cryptojacking,T1566 Phishing,E-commerce,Payment Gateway,False,64,0.33,Global,Low,Medium,2022-01-28,2022-11-03,,False,True
THREAT-01686,Nation-State (Iran),Business Email Compromise,T1059 Command and Scripting Interpreter,Government,Payment Gateway,False,19,0.52,India,High,High,2025-04-15,2025-07-07,,False,True
THREAT-01687,Mustang Panda,DDoS,T1078 Valid Accounts,Government,SaaS Application,True,103,0.53,EMEA,High,Low,2022-09-04,2023-02-07,,False,False
THREAT-01688,Nation-State (Iran),Data Exfiltration,T1569 System Services,Energy,Domain Controller,False,25,0.44,Asia-Pacific,High,High,2022-05-08,2022-11-27,CVE-2026-12681,False,True
THREAT-01689,Nation-State (Russia),Ransomware,T1053 Scheduled Task/Job,E-commerce,Database Server,True,7,0.79,India,Low,High,2021-12-12,2022-10-23,,True,False
THREAT-01690,Mustang Panda,DDoS,T1059 Command and Scripting Interpreter,Energy,SaaS Application,False,105,0.45,Asia-Pacific,Medium,Medium,2021-11-01,2022-08-27,,False,False
THREAT-01691,Cybercrime Syndicate,Insider Threat,T1486 Data Encrypted for Impact,Energy,Database Server,False,2,0.18,Americas,High,High,2021-05-20,2022-03-30,CVE-2026-84128,False,True
THREAT-01692,Sandworm,Zero-Day Exploit,T1048 Exfiltration Over Alternative Protocol,Energy,Email Server,True,42,0.48,EMEA,High,Low,2024-01-07,2024-09-06,CVE-2026-15337,False,False
THREAT-01693,Lazarus Group,Cloud Misconfiguration Exploitation,T1562 Impair Defenses,IT Services,Web Server,False,22,0.47,EMEA,Medium,Medium,2026-01-25,2026-08-20,,False,False
THREAT-01694,Nation-State (Russia),DDoS,T1562 Impair Defenses,Government,API Gateway,False,146,0.52,India,High,Medium,2026-01-29,2026-05-06,,False,False
THREAT-01695,Insider,Web Application Attack,T1133 External Remote Services,Energy,Email Server,False,30,0.42,Asia-Pacific,Low,Low,2025-12-10,2026-06-03,,False,False
THREAT-01696,SilverFox,Credential Theft,T1569 System Services,Insurance,Domain Controller,False,8,0.42,Americas,Medium,High,2024-12-06,2025-08-06,CVE-2026-79182,False,True
THREAT-01697,Script Kiddie,Business Email Compromise,T1071 Application Layer Protocol,Healthcare,Domain Controller,False,84,0.16,Global,Critical,High,2023-09-14,2024-06-30,,False,False
THREAT-01698,Sandworm,Zero-Day Exploit,T1082 System Information Discovery,Education,Domain Controller,True,74,0.4,Global,Low,Medium,2021-08-24,2022-08-09,,True,False
THREAT-01699,ALPHV,Cryptojacking,T1082 System Information Discovery,IT Services,Database Server,False,94,0.24,Global,Medium,High,2021-04-24,2021-07-17,,False,True
THREAT-01700,APT28,Insider Threat,T1003 OS Credential Dumping,Healthcare,Cloud VM,True,10,0.25,Global,High,High,2025-04-25,2025-06-25,CVE-2026-61893,False,True
THREAT-01701,FIN7,Zero-Day Exploit,T1078 Valid Accounts,E-commerce,Storage Bucket,False,28,0.42,India,Medium,Low,2025-06-30,2026-03-30,,False,False
THREAT-01702,REvil,Zero-Day Exploit,T1003 OS Credential Dumping,Education,API Gateway,True,49,0.39,Americas,Low,High,2022-12-05,2023-03-13,,False,False
THREAT-01703,ALPHV,Supply Chain Attack,T1133 External Remote Services,Energy,Domain Controller,False,18,0.15,India,High,Low,2023-05-31,2024-01-25,CVE-2026-48736,False,True
THREAT-01704,Insider,Phishing,T1003 OS Credential Dumping,Government,Employee Laptop,False,96,0.37,EMEA,Critical,Low,2024-08-12,2025-05-29,,False,False
THREAT-01705,Lazarus Group,Supply Chain Attack,T1562 Impair Defenses,Manufacturing,Employee Laptop,False,91,0.37,Global,Critical,Low,2024-12-06,2025-11-01,,True,False
THREAT-01706,Insider,Insider Threat,T1566 Phishing,Energy,Email Server,False,2,0.23,Americas,High,High,2025-06-23,2025-12-07,,False,True
THREAT-01707,Unknown,Supply Chain Attack,T1036 Masquerading,Manufacturing,Employee Laptop,True,63,0.42,India,Critical,Medium,2025-11-09,2026-05-25,CVE-2026-75950,False,True
THREAT-01708,Conti,Web Application Attack,T1048 Exfiltration Over Alternative Protocol,Manufacturing,Cloud VM,False,86,0.29,Americas,Low,High,2022-08-19,2022-09-12,,False,False
THREAT-01709,REvil,Phishing,T1105 Ingress Tool Transfer,E-commerce,Database Server,True,16,0.29,Americas,Critical,Medium,2025-06-24,2025-10-07,CVE-2026-65051,False,False
THREAT-01710,Cybercrime Syndicate,Cryptojacking,T1562 Impair Defenses,IT Services,Domain Controller,False,56,0.41,EMEA,Low,High,2022-05-02,2023-03-08,CVE-2026-81780,False,False
THREAT-01711,Hacktivist Group,Credential Theft,T1105 Ingress Tool Transfer,IT Services,API Gateway,False,67,0.11,Global,High,Medium,2022-05-22,2022-06-22,CVE-2026-31892,False,True
THREAT-01712,Cybercrime Syndicate,Ransomware,T1569 System Services,Insurance,SaaS Application,False,24,0.64,Global,Medium,High,2022-12-01,2023-01-05,,True,True
THREAT-01713,Nation-State (China),Web Application Attack,T1486 Data Encrypted for Impact,E-commerce,Email Server,False,21,0.19,Americas,Medium,High,2022-09-25,2023-02-06,,False,True
THREAT-01714,LockBit,Credential Theft,T1053 Scheduled Task/Job,Healthcare,Domain Controller,False,100,0.29,Asia-Pacific,Critical,Medium,2022-10-21,2022-12-30,CVE-2026-18452,False,True
THREAT-01715,Hacktivist Group,Cryptojacking,T1055 Process Injection,Insurance,Domain Controller,False,84,0.26,EMEA,Low,High,2024-11-16,2025-01-02,,False,False
THREAT-01716,Cybercrime Syndicate,Supply Chain Attack,T1562 Impair Defenses,Energy,Cloud VM,False,46,0.1,Americas,High,High,2023-03-25,2024-01-09,,False,False
THREAT-01717,Kimsuky,Ransomware,T1105 Ingress Tool Transfer,Healthcare,Domain Controller,False,48,0.47,Asia-Pacific,Critical,Low,2021-05-25,2021-09-01,,True,True
THREAT-01718,Sandworm,DDoS,T1078 Valid Accounts,Government,Email Server,True,121,0.73,Global,High,Medium,2023-11-09,2024-03-13,CVE-2026-79266,False,False
THREAT-01719,Hacktivist Group,Data Exfiltration,T1486 Data Encrypted for Impact,E-commerce,Payment Gateway,False,58,0.47,Asia-Pacific,Medium,High,2022-05-18,2023-02-07,CVE-2026-82643,False,False
THREAT-01720,Unknown,Cloud Misconfiguration Exploitation,T1027 Obfuscated Files or Information,Government,Cloud VM,True,92,0.27,Asia-Pacific,Critical,Low,2026-06-26,2026-09-04,,False,True
THREAT-01721,Hacktivist Group,Cloud Misconfiguration Exploitation,T1105 Ingress Tool Transfer,E-commerce,Database Server,False,95,0.37,Asia-Pacific,Critical,Medium,2023-10-23,2024-10-15,CVE-2026-75339,True,False
THREAT-01722,APT28,Phishing,T1110 Brute Force,Insurance,Domain Controller,False,84,0.37,Americas,Critical,Medium,2025-07-17,2026-05-25,CVE-2026-78168,False,False
THREAT-01723,REvil,Business Email Compromise,T1070 Indicator Removal,Energy,Storage Bucket,False,44,0.49,EMEA,High,Low,2025-05-24,2025-07-25,CVE-2026-4252,False,False
THREAT-01724,FIN7,Data Exfiltration,T1070 Indicator Removal,Government,Database Server,True,16,0.27,Americas,High,Medium,2022-07-30,2023-03-11,,False,False
THREAT-01725,SilverFox,Supply Chain Attack,T1566 Phishing,IT Services,Domain Controller,True,95,0.48,Asia-Pacific,Low,High,2026-06-01,2026-07-15,CVE-2026-5978,False,False
THREAT-01726,Kimsuky,Insider Threat,T1036 Masquerading,Government,API Gateway,False,7,0.3,Asia-Pacific,Critical,Medium,2026-02-21,2026-04-23,CVE-2026-56451,False,True
THREAT-01727,FIN7,Cloud Misconfiguration Exploitation,T1070 Indicator Removal,Government,Payment Gateway,False,7,0.17,EMEA,High,Low,2021-09-07,2022-01-19,CVE-2026-82265,True,False
THREAT-01728,Insider,Zero-Day Exploit,T1566 Phishing,IT Services,Payment Gateway,True,50,0.44,Global,High,Medium,2026-07-14,2026-09-04,,False,False
THREAT-01729,Sandworm,Cloud Misconfiguration Exploitation,T1059 Command and Scripting Interpreter,Manufacturing,SaaS Application,True,94,0.36,EMEA,Critical,Medium,2022-10-02,2023-03-25,,False,True
THREAT-01730,Script Kiddie,Zero-Day Exploit,T1110 Brute Force,Energy,Database Server,False,37,0.51,Americas,High,High,2023-07-14,2024-05-25,CVE-2026-73753,False,False
THREAT-01731,Nation-State (Russia),Data Exfiltration,T1053 Scheduled Task/Job,Energy,Kubernetes Cluster,True,46,0.3,EMEA,Low,Low,2022-12-28,2023-08-31,,False,False
THREAT-01732,Hacktivist Group,Insider Threat,T1059 Command and Scripting Interpreter,Energy,Web Server,False,10,0.17,Asia-Pacific,High,High,2021-06-10,2021-08-03,CVE-2026-79683,False,True
THREAT-01733,Hacktivist Group,Zero-Day Exploit,T1053 Scheduled Task/Job,Energy,Web Server,True,17,0.49,Asia-Pacific,Medium,Low,2026-07-10,2026-08-05,CVE-2026-6112,False,False
THREAT-01734,ALPHV,Ransomware,T1133 External Remote Services,Telecom,SaaS Application,False,11,0.51,EMEA,Medium,Medium,2024-11-21,2025-10-19,,True,True
THREAT-01735,Nation-State (Russia),Phishing,T1110 Brute Force,Manufacturing,Cloud VM,False,35,0.4,Asia-Pacific,Critical,Medium,2021-05-11,2021-06-18,CVE-2026-10051,False,False
THREAT-01736,Nation-State (Iran),Data Exfiltration,T1082 System Information Discovery,Insurance,Kubernetes Cluster,False,91,0.39,Global,Low,Low,2024-11-14,2025-04-27,,False,False
THREAT-01737,Lazarus Group,Data Exfiltration,T1059 Command and Scripting Interpreter,Education,Web Server,True,53,0.21,India,Medium,Medium,2022-08-27,2023-06-02,CVE-2026-65051,False,False
THREAT-01738,Nation-State (China),Phishing,T1059 Command and Scripting Interpreter,Education,Cloud VM,False,37,0.48,Americas,Critical,High,2022-05-28,2022-09-27,CVE-2026-58572,False,True
THREAT-01739,Unknown,Credential Theft,T1053 Scheduled Task/Job,Education,Domain Controller,True,23,0.38,Americas,Low,Medium,2021-03-15,2021-12-30,,False,True
THREAT-01740,APT29,Credential Theft,T1486 Data Encrypted for Impact,Insurance,Web Server,False,6,0.1,Americas,Critical,Low,2022-07-23,2023-04-02,CVE-2026-6114,False,False
THREAT-01741,TA505,Business Email Compromise,T1486 Data Encrypted for Impact,Energy,Domain Controller,True,46,0.16,Americas,Critical,Medium,2025-12-20,2026-06-27,CVE-2026-8208,False,False
THREAT-01742,Unknown,Phishing,T1569 System Services,Government,Kubernetes Cluster,False,81,0.59,Asia-Pacific,Critical,High,2025-06-27,2025-10-27,CVE-2026-30864,False,True
THREAT-01743,Insider,Zero-Day Exploit,T1027 Obfuscated Files or Information,Insurance,SaaS Application,False,17,0.28,Americas,Medium,Medium,2024-08-07,2025-04-01,,False,True
THREAT-01744,Nation-State (Iran),Insider Threat,T1027 Obfuscated Files or Information,Telecom,Domain Controller,False,6,0.39,Asia-Pacific,High,High,2023-01-17,2023-09-08,,False,True
THREAT-01745,Turla,Insider Threat,T1562 Impair Defenses,Healthcare,Email Server,False,5,0.15,India,Critical,Low,2022-05-23,2023-01-31,,False,True
THREAT-01746,FIN7,Insider Threat,T1021 Remote Services,E-commerce,Cloud VM,False,9,0.24,EMEA,High,High,2026-03-29,2026-09-04,CVE-2026-5851,False,True
THREAT-01747,ALPHV,Data Exfiltration,T1003 OS Credential Dumping,Government,Payment Gateway,False,23,0.18,Asia-Pacific,Critical,High,2023-12-20,2024-01-20,,False,False
THREAT-01748,Script Kiddie,DDoS,T1055 Process Injection,E-commerce,Web Server,False,149,0.43,India,High,Medium,2024-10-27,2025-02-11,,False,False
THREAT-01749,TA505,Web Application Attack,T1070 Indicator Removal,Telecom,Kubernetes Cluster,False,63,0.23,EMEA,Critical,High,2024-10-06,2025-02-21,,False,False
THREAT-01750,Kimsuky,Business Email Compromise,T1110 Brute Force,E-commerce,Web Server,True,8,0.4,Global,Critical,Low,2021-09-23,2022-05-10,CVE-2026-65880,False,True
THREAT-01751,Sandworm,Supply Chain Attack,T1048 Exfiltration Over Alternative Protocol,Manufacturing,SaaS Application,False,77,0.57,Asia-Pacific,Low,Medium,2025-08-10,2026-06-26,CVE-2026-46654,False,False
THREAT-01752,Conti,Zero-Day Exploit,T1048 Exfiltration Over Alternative Protocol,Energy,API Gateway,True,34,0.48,Global,Medium,High,2023-05-26,2023-07-19,,False,False
THREAT-01753,Unknown,DDoS,T1027 Obfuscated Files or Information,E-commerce,API Gateway,False,59,0.74,Global,Low,Low,2024-09-16,2025-01-25,CVE-2026-18929,False,False
THREAT-01754,Conti,Insider Threat,T1003 OS Credential Dumping,Energy,Email Server,False,3,0.16,EMEA,Low,High,2021-07-30,2021-11-11,,False,True
THREAT-01755,Nation-State (Russia),Insider Threat,T1021 Remote Services,Government,Kubernetes Cluster,False,10,0.4,Global,Medium,High,2022-09-20,2022-12-07,CVE-2026-9456,False,True
THREAT-01756,SilverFox,DDoS,T1027 Obfuscated Files or Information,Insurance,Employee Laptop,True,58,0.81,Asia-Pacific,Low,High,2021-12-24,2022-07-21,CVE-2026-54659,False,False
THREAT-01757,Conti,Web Application Attack,T1190 Exploit Public-Facing Application,E-commerce,Storage Bucket,True,9,0.57,Global,Medium,Low,2025-03-04,2025-10-06,,False,False
THREAT-01758,TA505,Zero-Day Exploit,T1078 Valid Accounts,Insurance,Kubernetes Cluster,False,69,0.28,EMEA,High,Medium,2022-07-12,2023-05-16,CVE-2026-72421,False,False
THREAT-01759,Cybercrime Syndicate,Phishing,T1003 OS Credential Dumping,Energy,Employee Laptop,False,55,0.53,Asia-Pacific,High,High,2022-03-26,2023-03-06,CVE-2026-9404,False,True
THREAT-01760,LockBit,Web Application Attack,T1059 Command and Scripting Interpreter,Insurance,API Gateway,True,35,0.31,Asia-Pacific,High,Low,2021-08-02,2022-07-13,,False,False
THREAT-01761,Insider,Credential Theft,T1486 Data Encrypted for Impact,E-commerce,Kubernetes Cluster,False,66,0.53,EMEA,High,Medium,2026-05-20,2026-09-02,CVE-2026-58424,False,False
THREAT-01762,Insider,Ransomware,T1059 Command and Scripting Interpreter,E-commerce,Database Server,False,50,0.34,Americas,Critical,High,2023-09-12,2024-01-25,,True,False
THREAT-01763,Nation-State (Iran),Web Application Attack,T1021 Remote Services,Government,Storage Bucket,True,22,0.16,Global,Critical,High,2022-09-08,2023-08-05,,False,True
THREAT-01764,Conti,Phishing,T1027 Obfuscated Files or Information,Education,Database Server,True,86,0.52,EMEA,High,Low,2025-08-14,2026-03-17,,False,False
THREAT-01765,ALPHV,Phishing,T1021 Remote Services,IT Services,Cloud VM,False,42,0.56,Americas,High,Medium,2025-12-14,2026-05-30,,False,False
THREAT-01766,Script Kiddie,Phishing,T1486 Data Encrypted for Impact,Government,Storage Bucket,True,32,0.22,Global,High,High,2025-09-27,2026-03-05,,False,False
THREAT-01767,REvil,DDoS,T1053 Scheduled Task/Job,Manufacturing,Database Server,False,184,0.56,Americas,High,Medium,2023-10-19,2024-03-04,CVE-2026-64967,False,False
THREAT-01768,Cybercrime Syndicate,Credential Theft,T1078 Valid Accounts,E-commerce,Kubernetes Cluster,False,11,0.34,Americas,High,Medium,2023-01-31,2023-09-19,,False,False
THREAT-01769,APT29,Business Email Compromise,T1027 Obfuscated Files or Information,Manufacturing,Email Server,False,6,0.15,Global,Low,Medium,2021-08-11,2022-06-13,,False,False
THREAT-01770,Lazarus Group,Business Email Compromise,T1133 External Remote Services,Education,Storage Bucket,False,56,0.53,Asia-Pacific,Low,Medium,2026-06-05,2026-08-04,,False,False
THREAT-01771,FIN7,Ransomware,T1486 Data Encrypted for Impact,Government,Domain Controller,True,5,0.45,Asia-Pacific,High,Medium,2022-03-09,2022-11-26,,True,True
THREAT-01772,SilverFox,Insider Threat,T1082 System Information Discovery,Education,Storage Bucket,True,5,0.13,Global,Medium,Low,2024-06-24,2024-06-27,,False,True
THREAT-01773,Nation-State (Russia),Credential Theft,T1078 Valid Accounts,IT Services,Payment Gateway,False,7,0.28,Global,Low,Low,2025-08-14,2026-04-08,CVE-2026-79683,False,True
THREAT-01774,Insider,Business Email Compromise,T1055 Process Injection,Education,Domain Controller,True,30,0.18,Asia-Pacific,Critical,Low,2024-12-09,2025-01-15,CVE-2026-45782,False,False
THREAT-01775,APT28,Web Application Attack,T1562 Impair Defenses,Energy,Domain Controller,True,5,0.48,Americas,Low,High,2023-04-14,2024-01-27,,False,False
THREAT-01776,Conti,Cloud Misconfiguration Exploitation,T1105 Ingress Tool Transfer,Telecom,Database Server,False,99,0.18,India,High,High,2022-03-09,2022-10-05,,False,False
THREAT-01777,Lazarus Group,Credential Theft,T1048 Exfiltration Over Alternative Protocol,Education,Kubernetes Cluster,True,25,0.12,Americas,High,High,2023-06-20,2024-06-19,,False,False
THREAT-01778,LockBit,Cryptojacking,T1071 Application Layer Protocol,Manufacturing,Email Server,True,46,0.1,India,High,High,2024-08-01,2024-09-06,CVE-2026-76610,False,False
THREAT-01779,ALPHV,Insider Threat,T1053 Scheduled Task/Job,Manufacturing,Database Server,False,6,0.16,Americas,Low,Low,2024-05-08,2025-01-24,CVE-2026-9388,False,True
THREAT-01780,Nation-State (China),Supply Chain Attack,T1105 Ingress Tool Transfer,Manufacturing,Payment Gateway,False,64,0.34,EMEA,Medium,High,2024-08-12,2024-12-11,CVE-2026-14227,False,True
THREAT-01781,Sandworm,Data Exfiltration,T1190 Exploit Public-Facing Application,Manufacturing,Kubernetes Cluster,False,86,0.54,Americas,High,High,2025-06-14,2026-05-24,CVE-2026-84671,False,True
THREAT-01782,Script Kiddie,Web Application Attack,T1027 Obfuscated Files or Information,Telecom,API Gateway,False,68,0.3,EMEA,High,Low,2025-03-30,2025-05-02,CVE-2026-85242,False,False
THREAT-01783,APT28,Data Exfiltration,T1048 Exfiltration Over Alternative Protocol,Energy,Web Server,False,57,0.4,Global,Medium,High,2025-11-14,2026-06-28,,False,False
THREAT-01784,Hacktivist Group,Phishing,T1036 Masquerading,Insurance,SaaS Application,True,53,0.28,Americas,Critical,Low,2023-10-29,2024-08-11,,False,False
THREAT-01785,Script Kiddie,Data Exfiltration,T1021 Remote Services,Manufacturing,SaaS Application,True,60,0.5,EMEA,Medium,Low,2021-11-12,2022-01-15,,False,False
THREAT-01786,Nation-State (Iran),Web Application Attack,T1562 Impair Defenses,Manufacturing,Domain Controller,False,76,0.41,EMEA,High,High,2024-06-07,2024-07-23,CVE-2026-65765,False,False
THREAT-01787,Scattered Spider,Data Exfiltration,T1021 Remote Services,Government,Kubernetes Cluster,False,9,0.36,Global,Critical,High,2026-02-01,2026-09-04,,False,False
THREAT-01788,ALPHV,DDoS,T1078 Valid Accounts,Insurance,Kubernetes Cluster,False,83,0.79,India,Critical,Low,2022-12-20,2023-07-11,,False,False
THREAT-01789,Turla,DDoS,T1055 Process Injection,Insurance,API Gateway,True,58,0.75,Americas,High,Low,2025-05-16,2026-03-08,CVE-2026-48362,False,False
THREAT-01790,SilverFox,Phishing,T1071 Application Layer Protocol,Manufacturing,Email Server,False,46,0.58,Global,Critical,High,2025-10-24,2026-03-25,,False,True
THREAT-01791,Cybercrime Syndicate,Credential Theft,T1133 External Remote Services,Education,Email Server,True,63,0.45,Asia-Pacific,Critical,Low,2022-05-07,2022-07-01,CVE-2026-65887,False,False
THREAT-01792,Script Kiddie,Business Email Compromise,T1070 Indicator Removal,Government,SaaS Application,True,85,0.39,Americas,Medium,Low,2025-04-16,2025-04-17,,False,False
THREAT-01793,Cybercrime Syndicate,Supply Chain Attack,T1053 Scheduled Task/Job,E-commerce,Payment Gateway,True,11,0.25,Americas,Low,High,2022-09-18,2023-04-28,,False,False
THREAT-01794,Insider,Cryptojacking,T1036 Masquerading,Manufacturing,Payment Gateway,False,68,0.4,Americas,Critical,High,2023-12-25,2024-08-26,,False,True
THREAT-01795,FIN7,Data Exfiltration,T1048 Exfiltration Over Alternative Protocol,Manufacturing,Employee Laptop,False,88,0.41,EMEA,Critical,Low,2022-03-11,2023-01-08,,False,False
THREAT-01796,Turla,Data Exfiltration,T1569 System Services,Insurance,API Gateway,False,9,0.39,Asia-Pacific,High,High,2025-05-17,2025-12-01,,False,False
THREAT-01797,Cybercrime Syndicate,DDoS,T1566 Phishing,Government,Domain Controller,True,154,0.73,Asia-Pacific,High,High,2022-12-27,2023-02-16,CVE-2026-81827,False,False
THREAT-01798,Insider,Cryptojacking,T1059 Command and Scripting Interpreter,Government,Database Server,False,92,0.43,Asia-Pacific,Low,Low,2025-12-26,2026-08-03,CVE-2026-78178,False,False
THREAT-01799,APT28,Zero-Day Exploit,T1070 Indicator Removal,E-commerce,Kubernetes Cluster,True,58,0.22,EMEA,Medium,Medium,2023-05-12,2024-02-26,,False,False
THREAT-01800,Lazarus Group,Data Exfiltration,T1110 Brute Force,Government,Database Server,True,30,0.4,EMEA,High,High,2025-09-10,2026-06-25,,False,False
THREAT-01801,Conti,DDoS,T1053 Scheduled Task/Job,Energy,API Gateway,True,180,0.78,Americas,Low,Low,2024-05-08,2024-07-26,,False,False
THREAT-01802,Lazarus Group,Zero-Day Exploit,T1110 Brute Force,IT Services,Payment Gateway,False,58,0.41,Global,Medium,Low,2024-04-02,2024-04-08,,False,True
THREAT-01803,Nation-State (Russia),Insider Threat,T1566 Phishing,E-commerce,Cloud VM,False,9,0.32,India,Low,Low,2024-08-01,2025-02-14,,False,True
THREAT-01804,LockBit,Credential Theft,T1486 Data Encrypted for Impact,Government,API Gateway,True,34,0.11,Americas,Medium,Medium,2026-04-11,2026-08-16,CVE-2026-9455,False,False
THREAT-01805,Insider,Credential Theft,T1059 Command and Scripting Interpreter,Government,Storage Bucket,True,20,0.12,Global,Critical,Low,2022-11-06,2023-08-25,,False,False
THREAT-01806,Lazarus Group,Business Email Compromise,T1071 Application Layer Protocol,E-commerce,API Gateway,True,22,0.58,Global,Low,Low,2026-03-10,2026-05-28,,False,False
THREAT-01807,LockBit,Supply Chain Attack,T1105 Ingress Tool Transfer,Education,Domain Controller,True,86,0.48,Americas,Critical,Low,2021-11-19,2022-06-27,,False,False
THREAT-01808,Insider,Web Application Attack,T1059 Command and Scripting Interpreter,E-commerce,Storage Bucket,False,55,0.28,Americas,Critical,High,2022-06-19,2022-09-25,,False,False
THREAT-01809,Kimsuky,Zero-Day Exploit,T1053 Scheduled Task/Job,Healthcare,Email Server,True,42,0.15,India,Low,Medium,2021-07-03,2022-04-08,,False,False
THREAT-01810,Sandworm,Cryptojacking,T1071 Application Layer Protocol,E-commerce,SaaS Application,False,33,0.2,India,Low,Medium,2025-01-11,2025-05-21,CVE-2026-1162,False,False
THREAT-01811,FIN7,Supply Chain Attack,T1027 Obfuscated Files or Information,Manufacturing,Cloud VM,False,55,0.54,India,Low,High,2024-01-04,2024-04-15,CVE-2026-64638,False,False
THREAT-01812,Sandworm,Insider Threat,T1190 Exploit Public-Facing Application,Government,Database Server,True,5,0.4,EMEA,Critical,Medium,2025-12-21,2026-06-01,CVE-2026-79236,False,True
THREAT-01813,SilverFox,Cryptojacking,T1071 Application Layer Protocol,Government,SaaS Application,True,77,0.43,Global,Medium,Low,2021-12-02,2021-12-23,,False,True
THREAT-01814,Insider,Phishing,T1569 System Services,Education,Payment Gateway,True,38,0.42,India,Low,High,2022-11-11,2022-12-24,,False,False
THREAT-01815,Insider,Zero-Day Exploit,T1053 Scheduled Task/Job,Telecom,Kubernetes Cluster,True,54,0.38,Asia-Pacific,Medium,Medium,2023-03-04,2023-07-21,,False,False
THREAT-01816,APT29,Cryptojacking,T1003 OS Credential Dumping,IT Services,Payment Gateway,True,93,0.5,Global,Low,Low,2024-08-28,2025-08-11,,False,False
THREAT-01817,Unknown,Ransomware,T1053 Scheduled Task/Job,Government,SaaS Application,True,48,0.74,Americas,Low,Low,2023-05-22,2023-09-06,,True,True
THREAT-01818,Turla,Cloud Misconfiguration Exploitation,T1566 Phishing,Energy,SaaS Application,False,31,0.26,Global,Low,High,2021-08-03,2022-04-26,,False,False
THREAT-01819,APT28,Ransomware,T1569 System Services,IT Services,API Gateway,False,21,0.41,Global,Medium,Low,2024-01-10,2024-02-10,CVE-2026-20886,True,False
THREAT-01820,ALPHV,Cryptojacking,T1055 Process Injection,Insurance,Payment Gateway,False,69,0.12,EMEA,Medium,Low,2024-05-14,2024-12-17,CVE-2026-63654,False,True
THREAT-01821,REvil,Supply Chain Attack,T1070 Indicator Removal,Energy,API Gateway,False,88,0.35,EMEA,Low,High,2023-02-22,2024-02-06,,False,False
THREAT-01822,Nation-State (China),Supply Chain Attack,T1048 Exfiltration Over Alternative Protocol,Education,Web Server,False,12,0.54,India,Low,Medium,2024-03-21,2024-11-14,,False,True
THREAT-01823,REvil,Ransomware,T1566 Phishing,Energy,Email Server,True,20,0.34,Americas,Low,Low,2023-11-29,2024-06-11,,True,False
THREAT-01824,Unknown,Ransomware,T1059 Command and Scripting Interpreter,Energy,SaaS Application,False,5,0.41,Asia-Pacific,Low,High,2024-05-09,2025-03-08,,True,True
THREAT-01825,FIN7,Zero-Day Exploit,T1562 Impair Defenses,E-commerce,Cloud VM,True,38,0.52,Americas,Critical,High,2021-06-05,2021-08-30,CVE-2026-76600,False,True
THREAT-01826,ALPHV,Cloud Misconfiguration Exploitation,T1110 Brute Force,Government,Email Server,False,12,0.4,Global,Critical,High,2023-07-29,2024-02-23,,False,True
THREAT-01827,TA505,Cloud Misconfiguration Exploitation,T1105 Ingress Tool Transfer,Manufacturing,Cloud VM,False,35,0.52,EMEA,Critical,Low,2022-12-01,2023-04-11,CVE-2026-72984,False,False
THREAT-01828,Hacktivist Group,Credential Theft,T1036 Masquerading,Education,Cloud VM,True,52,0.48,Global,Low,Medium,2026-02-23,2026-08-08,,False,False
THREAT-01829,Cybercrime Syndicate,DDoS,T1048 Exfiltration Over Alternative Protocol,Energy,Web Server,True,183,0.45,Global,Medium,Medium,2026-05-27,2026-09-04,CVE-2026-73343,False,False
THREAT-01830,APT29,Phishing,T1562 Impair Defenses,Manufacturing,Email Server,False,92,0.13,Asia-Pacific,High,Medium,2021-11-01,2022-04-17,,False,False
THREAT-01831,FIN7,Phishing,T1048 Exfiltration Over Alternative Protocol,Government,Domain Controller,False,44,0.55,Americas,Critical,Medium,2024-11-25,2025-10-09,CVE-2026-48281,False,False
THREAT-01832,REvil,Web Application Attack,T1071 Application Layer Protocol,E-commerce,SaaS Application,False,45,0.29,Americas,Low,High,2025-11-26,2026-09-04,,False,False
THREAT-01833,Kimsuky,Web Application Attack,T1003 OS Credential Dumping,Government,Email Server,True,20,0.12,Asia-Pacific,Low,High,2025-10-30,2026-05-14,,False,False
THREAT-01834,Hacktivist Group,DDoS,T1055 Process Injection,IT Services,API Gateway,False,197,0.61,EMEA,Medium,High,2023-05-24,2024-04-03,,False,False
THREAT-01835,Lazarus Group,Business Email Compromise,T1190 Exploit Public-Facing Application,IT Services,Cloud VM,False,36,0.29,Asia-Pacific,High,High,2023-05-21,2023-08-30,CVE-2026-75950,False,False
THREAT-01836,APT29,Ransomware,T1133 External Remote Services,Energy,Kubernetes Cluster,True,6,0.42,India,High,Low,2021-05-21,2021-09-08,,True,False
THREAT-01837,ALPHV,DDoS,T1105 Ingress Tool Transfer,Insurance,Employee Laptop,True,129,0.79,Americas,Medium,High,2026-05-11,2026-09-04,CVE-2026-67364,False,False
THREAT-01838,Insider,Ransomware,T1486 Data Encrypted for Impact,IT Services,Storage Bucket,False,13,0.67,Global,Medium,High,2023-06-10,2023-11-25,CVE-2026-82455,True,False
THREAT-01839,Nation-State (Russia),Zero-Day Exploit,T1071 Application Layer Protocol,Energy,Storage Bucket,False,91,0.47,EMEA,High,High,2021-07-12,2022-01-24,,False,False
THREAT-01840,Nation-State (Russia),Phishing,T1569 System Services,Energy,Storage Bucket,True,19,0.44,Americas,High,High,2021-06-11,2021-09-06,CVE-2026-53788,False,True
THREAT-01841,Insider,Business Email Compromise,T1070 Indicator Removal,E-commerce,Employee Laptop,False,84,0.18,Global,Medium,Low,2021-05-26,2021-12-25,CVE-2026-76131,False,False
THREAT-01842,Nation-State (Russia),Phishing,T1048 Exfiltration Over Alternative Protocol,Energy,Payment Gateway,True,61,0.13,Asia-Pacific,High,Low,2022-11-25,2023-02-25,,False,False
THREAT-01843,Unknown,DDoS,T1003 OS Credential Dumping,Education,Employee Laptop,False,62,0.55,Americas,Medium,High,2022-11-08,2023-07-26,,False,False
THREAT-01844,TA505,Credential Theft,T1059 Command and Scripting Interpreter,Government,Web Server,True,31,0.24,EMEA,High,Medium,2022-06-13,2022-08-18,CVE-2026-76605,False,True
THREAT-01845,TA505,DDoS,T1055 Process Injection,Manufacturing,Domain Controller,False,124,0.55,India,Critical,High,2025-07-08,2026-06-22,CVE-2026-54721,False,False
THREAT-01846,Nation-State (China),Web Application Attack,T1055 Process Injection,E-commerce,Payment Gateway,True,98,0.4,Americas,Low,Low,2022-02-14,2022-07-28,,False,False
THREAT-01847,Script Kiddie,Cryptojacking,T1070 Indicator Removal,E-commerce,Domain Controller,False,36,0.36,Asia-Pacific,Low,Medium,2024-06-24,2024-09-02,,False,False
THREAT-01848,APT29,Cloud Misconfiguration Exploitation,T1562 Impair Defenses,Government,Domain Controller,False,27,0.58,EMEA,Low,High,2024-09-02,2025-03-23,,False,False
THREAT-01849,APT28,Supply Chain Attack,T1566 Phishing,E-commerce,Storage Bucket,True,78,0.28,Global,Low,Low,2025-07-07,2025-11-04,CVE-2026-21058,False,False
THREAT-01850,Hacktivist Group,Business Email Compromise,T1021 Remote Services,Energy,Employee Laptop,True,35,0.55,India,Medium,Medium,2025-02-22,2025-04-15,CVE-2026-12339,False,True
THREAT-01851,Scattered Spider,Zero-Day Exploit,T1133 External Remote Services,Manufacturing,Email Server,False,7,0.19,India,Critical,Low,2024-08-03,2025-06-08,,False,True
THREAT-01852,Nation-State (Iran),Supply Chain Attack,T1053 Scheduled Task/Job,Manufacturing,SaaS Application,False,28,0.42,India,Critical,High,2025-05-04,2025-11-20,,False,False
THREAT-01853,Script Kiddie,Web Application Attack,T1078 Valid Accounts,Education,Kubernetes Cluster,False,44,0.45,Global,Critical,Low,2025-08-14,2025-09-26,CVE-2026-82641,True,False
THREAT-01854,Nation-State (Iran),Supply Chain Attack,T1082 System Information Discovery,Education,Domain Controller,False,29,0.58,India,Low,Low,2025-02-07,2025-10-29,,False,True
THREAT-01855,Nation-State (Iran),DDoS,T1569 System Services,Healthcare,Storage Bucket,True,163,0.81,EMEA,High,High,2025-03-16,2026-02-01,,False,False
THREAT-01856,Hacktivist Group,Business Email Compromise,T1569 System Services,Manufacturing,Domain Controller,True,68,0.15,EMEA,High,High,2023-08-06,2024-04-16,,False,True
THREAT-01857,Sandworm,DDoS,T1053 Scheduled Task/Job,Manufacturing,Employee Laptop,True,58,0.7,India,High,High,2025-02-16,2025-11-11,CVE-2026-8985,False,False
THREAT-01858,Script Kiddie,Cryptojacking,T1036 Masquerading,Energy,Cloud VM,False,67,0.41,EMEA,Critical,High,2021-06-15,2021-07-23,,False,False
THREAT-01859,Sandworm,Zero-Day Exploit,T1027 Obfuscated Files or Information,Education,Web Server,False,70,0.13,India,Medium,Medium,2021-07-18,2021-10-06,CVE-2026-55371,True,False
THREAT-01860,Hacktivist Group,Business Email Compromise,T1486 Data Encrypted for Impact,Energy,Cloud VM,False,26,0.46,Americas,Low,High,2025-06-22,2025-09-27,CVE-2026-45782,True,False
THREAT-01861,Conti,Supply Chain Attack,T1003 OS Credential Dumping,E-commerce,Employee Laptop,False,72,0.2,EMEA,High,High,2021-06-27,2021-12-29,,False,False
THREAT-01862,Lazarus Group,Supply Chain Attack,T1053 Scheduled Task/Job,Insurance,Payment Gateway,False,58,0.41,Americas,Critical,Low,2022-11-18,2023-09-12,CVE-2026-77554,False,False
THREAT-01863,APT29,Cloud Misconfiguration Exploitation,T1055 Process Injection,E-commerce,SaaS Application,True,24,0.32,EMEA,Medium,Low,2024-08-21,2024-12-22,CVE-2026-57572,False,True
THREAT-01864,Kimsuky,Data Exfiltration,T1059 Command and Scripting Interpreter,Insurance,Cloud VM,False,33,0.17,India,High,Medium,2022-08-25,2022-10-13,,False,True
THREAT-01865,Nation-State (Iran),Supply Chain Attack,T1071 Application Layer Protocol,Insurance,SaaS Application,True,35,0.6,India,High,Low,2021-09-09,2022-08-15,,False,False
THREAT-01866,Turla,Cloud Misconfiguration Exploitation,T1569 System Services,Manufacturing,Database Server,True,47,0.55,EMEA,Low,Low,2025-10-06,2026-09-01,,False,False
THREAT-01867,Turla,Web Application Attack,T1055 Process Injection,Manufacturing,Employee Laptop,True,30,0.4,India,Medium,Low,2025-01-22,2025-02-17,,False,False
THREAT-01868,Hacktivist Group,Cryptojacking,T1036 Masquerading,Government,Payment Gateway,False,48,0.46,Global,High,High,2022-10-07,2023-03-25,,False,False
THREAT-01869,Nation-State (Russia),Supply Chain Attack,T1078 Valid Accounts,Government,API Gateway,False,69,0.51,Asia-Pacific,Medium,Low,2023-04-01,2023-08-23,,False,False
THREAT-01870,Cybercrime Syndicate,Phishing,T1082 System Information Discovery,Energy,API Gateway,False,99,0.27,Americas,Critical,Medium,2023-05-13,2023-07-26,,False,True
THREAT-01871,FIN7,Cloud Misconfiguration Exploitation,T1566 Phishing,Manufacturing,API Gateway,False,25,0.13,Asia-Pacific,Critical,Medium,2022-01-01,2022-12-04,CVE-2026-70651,False,False
THREAT-01872,Sandworm,Zero-Day Exploit,T1105 Ingress Tool Transfer,Government,Storage Bucket,True,30,0.29,Asia-Pacific,Low,High,2023-07-05,2024-01-04,,False,False
THREAT-01873,LockBit,Supply Chain Attack,T1082 System Information Discovery,Energy,Employee Laptop,True,51,0.46,India,Medium,Medium,2022-07-12,2022-12-11,,False,False
THREAT-01874,Insider,Web Application Attack,T1036 Masquerading,Energy,Storage Bucket,False,19,0.4,Asia-Pacific,High,High,2021-10-18,2022-06-13,CVE-2026-60026,False,False
THREAT-01875,Mustang Panda,Phishing,T1036 Masquerading,E-commerce,Web Server,False,40,0.14,Americas,High,Medium,2024-07-12,2024-12-13,CVE-2026-56290,False,False
THREAT-01876,SilverFox,Data Exfiltration,T1003 OS Credential Dumping,E-commerce,Kubernetes Cluster,False,91,0.29,India,Low,Medium,2025-06-24,2025-09-17,,False,False
THREAT-01877,ALPHV,Phishing,T1110 Brute Force,Government,Cloud VM,False,27,0.53,India,Low,High,2026-04-20,2026-05-09,,False,False
THREAT-01878,Sandworm,Phishing,T1105 Ingress Tool Transfer,IT Services,API Gateway,False,79,0.14,Global,High,Medium,2025-09-23,2025-11-21,CVE-2026-65887,False,False
THREAT-01879,SilverFox,Ransomware,T1486 Data Encrypted for Impact,Government,Email Server,False,40,0.56,India,Low,Low,2022-06-27,2023-01-04,CVE-2026-74905,True,False
THREAT-01880,Nation-State (China),Zero-Day Exploit,T1082 System Information Discovery,Government,Database Server,False,70,0.35,India,Critical,Low,2024-07-20,2024-11-08,,False,False
THREAT-01881,Conti,Phishing,T1071 Application Layer Protocol,Energy,Kubernetes Cluster,False,45,0.41,Asia-Pacific,Medium,Low,2022-01-07,2022-05-31,,False,False
THREAT-01882,SilverFox,Insider Threat,T1110 Brute Force,Government,Payment Gateway,True,1,0.15,Americas,Medium,Medium,2022-04-24,2022-11-06,,False,True
THREAT-01883,Script Kiddie,Credential Theft,T1569 System Services,Manufacturing,Storage Bucket,True,25,0.11,Global,Low,High,2022-01-03,2022-09-14,,False,False
THREAT-01884,APT28,Phishing,T1036 Masquerading,Government,Payment Gateway,False,14,0.38,Global,Medium,High,2021-05-20,2021-08-19,,False,False
THREAT-01885,FIN7,Supply Chain Attack,T1071 Application Layer Protocol,Telecom,API Gateway,True,98,0.22,Asia-Pacific,Critical,Low,2025-05-07,2026-01-16,,False,True
THREAT-01886,FIN7,DDoS,T1486 Data Encrypted for Impact,Manufacturing,Web Server,True,126,0.52,Asia-Pacific,Low,Medium,2025-05-20,2026-01-13,,False,False
THREAT-01887,Turla,Web Application Attack,T1070 Indicator Removal,E-commerce,API Gateway,True,92,0.38,EMEA,Low,Medium,2025-10-13,2026-01-29,,False,False
THREAT-01888,FIN7,Web Application Attack,T1070 Indicator Removal,E-commerce,Database Server,True,91,0.6,Asia-Pacific,Low,Medium,2025-07-21,2026-02-28,,False,False
THREAT-01889,Kimsuky,Ransomware,T1003 OS Credential Dumping,Telecom,Domain Controller,True,46,0.61,Global,Critical,Medium,2025-03-06,2026-03-02,,True,True
THREAT-01890,LockBit,Ransomware,T1082 System Information Discovery,E-commerce,Email Server,False,31,0.69,Americas,Medium,High,2026-05-23,2026-09-04,,True,True
THREAT-01891,Lazarus Group,Data Exfiltration,T1003 OS Credential Dumping,Energy,SaaS Application,False,23,0.26,Asia-Pacific,High,Low,2025-06-29,2026-01-06,CVE-2026-63098,False,False
THREAT-01892,APT29,DDoS,T1055 Process Injection,E-commerce,Cloud VM,False,192,0.47,EMEA,Critical,Medium,2025-12-12,2026-09-04,CVE-2026-71398,False,False
THREAT-01893,Insider,Cryptojacking,T1486 Data Encrypted for Impact,Energy,Web Server,False,46,0.6,Asia-Pacific,Critical,Medium,2024-11-18,2025-08-26,CVE-2026-76215,False,False
THREAT-01894,APT29,Supply Chain Attack,T1562 Impair Defenses,Government,Employee Laptop,True,50,0.44,Americas,High,High,2026-04-02,2026-09-04,,False,False
THREAT-01895,Kimsuky,Supply Chain Attack,T1190 Exploit Public-Facing Application,Manufacturing,Payment Gateway,False,57,0.52,Asia-Pacific,Critical,High,2025-04-27,2025-06-09,,False,False
THREAT-01896,LockBit,Insider Threat,T1133 External Remote Services,Telecom,Web Server,True,1,0.24,Global,High,High,2024-10-01,2025-01-29,CVE-2026-72759,False,True
THREAT-01897,Kimsuky,Web Application Attack,T1133 External Remote Services,Energy,Domain Controller,True,62,0.18,Global,High,High,2026-07-13,2026-08-25,CVE-2026-55758,False,False
THREAT-01898,Script Kiddie,Cloud Misconfiguration Exploitation,T1133 External Remote Services,IT Services,SaaS Application,False,30,0.48,Asia-Pacific,Medium,Medium,2022-01-13,2022-11-06,,False,False
THREAT-01899,Turla,Ransomware,T1059 Command and Scripting Interpreter,E-commerce,Payment Gateway,False,9,0.73,Asia-Pacific,Critical,Medium,2026-04-26,2026-09-04,CVE-2026-24932,True,False
THREAT-01900,Conti,Insider Threat,T1059 Command and Scripting Interpreter,Government,Database Server,False,6,0.28,Asia-Pacific,High,Medium,2023-12-31,2024-11-26,,False,True
THREAT-01901,REvil,Supply Chain Attack,T1048 Exfiltration Over Alternative Protocol,Healthcare,Kubernetes Cluster,False,24,0.38,Global,High,Low,2023-04-14,2023-07-28,,True,False
THREAT-01902,Nation-State (Iran),Ransomware,T1486 Data Encrypted for Impact,Government,Payment Gateway,False,32,0.34,Global,Critical,High,2022-03-29,2022-07-10,CVE-2026-8793,True,True
THREAT-01903,FIN7,Cloud Misconfiguration Exploitation,T1082 System Information Discovery,Insurance,Database Server,False,22,0.38,Global,Critical,Medium,2026-02-24,2026-09-04,CVE-2026-75136,False,False
THREAT-01904,REvil,Cloud Misconfiguration Exploitation,T1078 Valid Accounts,Insurance,Database Server,False,54,0.26,EMEA,High,Medium,2026-06-25,2026-09-04,,False,False
THREAT-01905,Mustang Panda,Supply Chain Attack,T1055 Process Injection,Government,Cloud VM,False,57,0.31,Americas,Critical,High,2022-10-06,2022-12-23,,False,False
THREAT-01906,SilverFox,Insider Threat,T1133 External Remote Services,Manufacturing,SaaS Application,False,1,0.29,EMEA,Medium,High,2021-11-20,2022-02-15,,False,True
THREAT-01907,Nation-State (Russia),Cloud Misconfiguration Exploitation,T1105 Ingress Tool Transfer,E-commerce,Storage Bucket,True,52,0.58,Asia-Pacific,High,High,2021-03-30,2021-10-25,CVE-2026-69092,True,False
THREAT-01908,Nation-State (Russia),Web Application Attack,T1110 Brute Force,Energy,Cloud VM,True,23,0.41,Americas,Critical,Medium,2023-07-24,2024-07-18,CVE-2026-70651,False,True
THREAT-01909,Kimsuky,Web Application Attack,T1078 Valid Accounts,Telecom,Domain Controller,True,32,0.58,Asia-Pacific,High,High,2024-02-04,2024-07-03,,False,False
THREAT-01910,Hacktivist Group,Cryptojacking,T1021 Remote Services,Insurance,Payment Gateway,False,29,0.59,Americas,High,Low,2024-05-19,2025-04-07,,False,True
THREAT-01911,Mustang Panda,DDoS,T1048 Exfiltration Over Alternative Protocol,Education,Payment Gateway,False,125,0.44,EMEA,High,High,2025-03-22,2025-07-29,CVE-2026-7243,False,False
THREAT-01912,Unknown,Business Email Compromise,T1027 Obfuscated Files or Information,Government,API Gateway,True,29,0.32,Asia-Pacific,High,High,2022-11-27,2023-11-19,,True,False
THREAT-01913,Nation-State (China),Web Application Attack,T1055 Process Injection,IT Services,API Gateway,True,21,0.23,EMEA,Critical,High,2023-01-21,2023-06-11,CVE-2026-44182,False,True
THREAT-01914,TA505,Data Exfiltration,T1190 Exploit Public-Facing Application,Government,Database Server,True,34,0.29,Americas,Medium,Medium,2023-04-06,2023-10-09,,True,True
THREAT-01915,APT29,Zero-Day Exploit,T1133 External Remote Services,IT Services,Kubernetes Cluster,False,99,0.53,India,Medium,Low,2022-01-17,2022-05-11,CVE-2026-5975,False,False
THREAT-01916,Conti,Business Email Compromise,T1070 Indicator Removal,Government,API Gateway,False,89,0.32,India,Medium,High,2023-06-22,2023-12-27,CVE-2026-76657,False,False
THREAT-01917,Nation-State (Russia),Ransomware,T1190 Exploit Public-Facing Application,Energy,Database Server,True,50,0.31,Global,Medium,Medium,2024-04-21,2024-09-02,,True,True
THREAT-01918,TA505,Insider Threat,T1070 Indicator Removal,Energy,API Gateway,False,8,0.32,Americas,Medium,Low,2022-03-31,2023-02-20,CVE-2026-69198,False,True
THREAT-01919,Nation-State (China),Supply Chain Attack,T1105 Ingress Tool Transfer,E-commerce,Payment Gateway,True,33,0.51,India,High,Medium,2022-09-22,2023-05-27,,False,False
THREAT-01920,Mustang Panda,Credential Theft,T1486 Data Encrypted for Impact,Government,Kubernetes Cluster,True,90,0.39,EMEA,High,Medium,2025-03-26,2025-06-28,CVE-2026-75147,False,False
THREAT-01921,Cybercrime Syndicate,DDoS,T1190 Exploit Public-Facing Application,Insurance,SaaS Application,True,47,0.73,Global,Critical,Medium,2022-11-25,2023-04-22,,False,False
THREAT-01922,Hacktivist Group,Cloud Misconfiguration Exploitation,T1055 Process Injection,Government,Web Server,False,11,0.55,Americas,Medium,High,2025-01-10,2025-07-05,,False,True
THREAT-01923,APT28,DDoS,T1021 Remote Services,Manufacturing,Kubernetes Cluster,False,32,0.89,Americas,Critical,High,2021-12-20,2022-09-10,CVE-2026-79772,False,False
THREAT-01924,Hacktivist Group,Ransomware,T1105 Ingress Tool Transfer,Telecom,SaaS Application,True,46,0.31,India,Critical,Medium,2023-10-24,2023-12-21,,True,True
THREAT-01925,APT29,Credential Theft,T1021 Remote Services,Manufacturing,Domain Controller,True,64,0.31,Global,High,High,2021-07-06,2022-07-04,,False,False
THREAT-01926,Turla,Web Application Attack,T1190 Exploit Public-Facing Application,E-commerce,Employee Laptop,False,71,0.25,Americas,High,Medium,2021-11-27,2022-06-10,,False,False
THREAT-01927,Mustang Panda,Phishing,T1053 Scheduled Task/Job,Manufacturing,Payment Gateway,True,86,0.12,Americas,High,High,2025-02-20,2026-02-18,,True,True
THREAT-01928,Nation-State (China),Business Email Compromise,T1048 Exfiltration Over Alternative Protocol,Government,SaaS Application,False,8,0.28,India,Critical,Medium,2021-11-22,2022-08-26,CVE-2026-74280,False,True
THREAT-01929,Cybercrime Syndicate,Business Email Compromise,T1078 Valid Accounts,E-commerce,Kubernetes Cluster,True,75,0.34,Asia-Pacific,Medium,Medium,2026-07-07,2026-09-04,CVE-2026-81769,False,False
THREAT-01930,Hacktivist Group,Cryptojacking,T1133 External Remote Services,E-commerce,Database Server,False,53,0.22,EMEA,High,Low,2021-05-16,2021-05-24,,False,False
THREAT-01931,FIN7,Ransomware,T1048 Exfiltration Over Alternative Protocol,Manufacturing,Storage Bucket,False,39,0.76,Asia-Pacific,Critical,Medium,2022-06-29,2022-10-12,,True,True
THREAT-01932,LockBit,Insider Threat,T1110 Brute Force,Government,Web Server,True,6,0.29,Global,Medium,Medium,2022-12-11,2023-03-07,,False,True
THREAT-01933,SilverFox,Supply Chain Attack,T1486 Data Encrypted for Impact,Government,Cloud VM,False,90,0.22,India,Medium,High,2025-03-06,2025-06-13,CVE-2026-72808,False,True
THREAT-01934,Nation-State (China),Business Email Compromise,T1566 Phishing,E-commerce,Payment Gateway,False,88,0.51,Global,High,Low,2026-06-10,2026-09-04,CVE-2026-80234,False,True
THREAT-01935,LockBit,Data Exfiltration,T1059 Command and Scripting Interpreter,Manufacturing,Cloud VM,True,30,0.52,EMEA,High,Low,2022-02-20,2022-10-22,,False,False
THREAT-01936,Conti,Credential Theft,T1105 Ingress Tool Transfer,Government,Database Server,True,25,0.37,EMEA,High,Low,2021-05-29,2021-09-07,CVE-2026-7136,False,False
THREAT-01937,Nation-State (Russia),Cloud Misconfiguration Exploitation,T1053 Scheduled Task/Job,Government,Payment Gateway,False,69,0.39,Global,Critical,High,2021-04-22,2021-09-05,,False,False
THREAT-01938,Nation-State (Iran),Credential Theft,T1566 Phishing,Energy,Storage Bucket,True,35,0.55,Global,Medium,Low,2026-01-10,2026-05-30,CVE-2026-63481,False,False
THREAT-01939,APT29,Cryptojacking,T1569 System Services,Energy,Web Server,False,16,0.23,Asia-Pacific,Low,Low,2025-05-09,2026-04-17,CVE-2026-66825,False,False
THREAT-01940,APT28,Supply Chain Attack,T1070 Indicator Removal,E-commerce,Database Server,False,69,0.22,Americas,High,High,2024-03-24,2024-09-14,,False,True
THREAT-01941,FIN7,Business Email Compromise,T1055 Process Injection,Government,API Gateway,True,86,0.28,Americas,Medium,High,2025-07-31,2025-09-24,CVE-2026-71447,False,False
THREAT-01942,Script Kiddie,Business Email Compromise,T1059 Command and Scripting Interpreter,E-commerce,Payment Gateway,True,8,0.59,India,High,Low,2026-01-18,2026-09-04,,False,False
THREAT-01943,APT28,Supply Chain Attack,T1082 System Information Discovery,Government,Employee Laptop,False,59,0.53,India,Medium,High,2023-10-18,2024-04-03,,False,True
THREAT-01944,Hacktivist Group,Phishing,T1048 Exfiltration Over Alternative Protocol,Government,Web Server,False,44,0.39,India,Medium,Low,2024-02-20,2024-10-28,CVE-2026-45099,False,False
THREAT-01945,Turla,Phishing,T1048 Exfiltration Over Alternative Protocol,IT Services,Payment Gateway,False,71,0.46,Asia-Pacific,Low,Medium,2025-04-26,2026-04-24,CVE-2026-19987,False,True
THREAT-01946,Turla,Credential Theft,T1036 Masquerading,Manufacturing,Payment Gateway,False,32,0.31,EMEA,Medium,Low,2022-09-27,2023-08-31,,True,False
THREAT-01947,Mustang Panda,Cloud Misconfiguration Exploitation,T1082 System Information Discovery,Government,Email Server,True,53,0.21,Global,High,High,2025-10-01,2025-11-14,CVE-2026-59238,False,False
THREAT-01948,APT28,Insider Threat,T1059 Command and Scripting Interpreter,IT Services,Storage Bucket,False,10,0.24,Asia-Pacific,Critical,Low,2024-03-24,2025-03-20,,False,True
THREAT-01949,Script Kiddie,Phishing,T1055 Process Injection,Government,Email Server,True,92,0.5,Americas,Medium,Medium,2021-06-22,2022-04-27,,False,False
THREAT-01950,REvil,Insider Threat,T1105 Ingress Tool Transfer,Energy,Payment Gateway,False,8,0.31,Americas,Critical,Low,2026-04-09,2026-06-03,CVE-2026-71573,False,True
THREAT-01951,REvil,DDoS,T1053 Scheduled Task/Job,Government,Kubernetes Cluster,False,42,0.85,Americas,Low,Low,2026-04-17,2026-05-28,CVE-2026-6195,False,False
THREAT-01952,APT29,Supply Chain Attack,T1027 Obfuscated Files or Information,Healthcare,Email Server,True,39,0.38,EMEA,Low,Medium,2025-12-31,2026-09-04,,False,False
THREAT-01953,ALPHV,Supply Chain Attack,T1070 Indicator Removal,E-commerce,Email Server,False,10,0.54,Americas,Low,High,2021-04-14,2021-09-13,,False,False
THREAT-01954,APT29,Supply Chain Attack,T1055 Process Injection,Healthcare,Kubernetes Cluster,True,75,0.27,India,Critical,Medium,2025-02-27,2025-07-31,CVE-2026-58575,False,False
THREAT-01955,Cybercrime Syndicate,Ransomware,T1053 Scheduled Task/Job,Manufacturing,Storage Bucket,False,49,0.56,EMEA,Critical,Low,2025-12-24,2026-07-16,,True,False
THREAT-01956,Mustang Panda,DDoS,T1569 System Services,Manufacturing,Employee Laptop,True,164,0.71,EMEA,Medium,High,2025-09-05,2026-07-18,,False,False
THREAT-01957,ALPHV,Insider Threat,T1566 Phishing,Insurance,Payment Gateway,False,4,0.3,Americas,Critical,Medium,2023-09-17,2024-03-29,,False,True
THREAT-01958,Conti,Cloud Misconfiguration Exploitation,T1053 Scheduled Task/Job,Education,Storage Bucket,False,49,0.2,India,Low,High,2025-11-23,2026-09-04,CVE-2026-18099,False,False
THREAT-01959,SilverFox,Cloud Misconfiguration Exploitation,T1003 OS Credential Dumping,Government,API Gateway,True,18,0.25,India,Low,Low,2026-04-30,2026-09-04,,False,False
THREAT-01960,Conti,Ransomware,T1027 Obfuscated Files or Information,Energy,SaaS Application,False,13,0.45,EMEA,Critical,Medium,2025-12-17,2026-05-23,,True,False
THREAT-01961,SilverFox,Supply Chain Attack,T1003 OS Credential Dumping,E-commerce,Email Server,True,11,0.5,India,Medium,Medium,2024-08-20,2024-11-15,CVE-2026-17612,False,False
THREAT-01962,APT29,Phishing,T1569 System Services,Government,Web Server,False,56,0.29,Asia-Pacific,Medium,High,2025-07-23,2026-07-09,CVE-2026-85455,False,False
THREAT-01963,Hacktivist Group,Ransomware,T1566 Phishing,Energy,Web Server,False,8,0.66,Americas,Medium,Medium,2024-12-06,2025-10-06,CVE-2026-76604,True,True
THREAT-01964,ALPHV,DDoS,T1133 External Remote Services,Education,SaaS Application,False,37,0.58,Asia-Pacific,Medium,High,2025-01-17,2025-09-06,CVE-2026-80547,False,False
THREAT-01965,Unknown,DDoS,T1566 Phishing,E-commerce,Storage Bucket,False,125,0.87,EMEA,Medium,Low,2024-04-22,2024-11-06,,False,False
THREAT-01966,LockBit,Phishing,T1078 Valid Accounts,Manufacturing,Web Server,False,63,0.6,EMEA,Low,High,2021-09-12,2021-11-03,CVE-2026-84309,False,True
THREAT-01967,Lazarus Group,Data Exfiltration,T1569 System Services,Government,Kubernetes Cluster,True,21,0.54,Americas,Medium,Low,2021-04-05,2021-05-21,CVE-2026-9476,False,True
THREAT-01968,REvil,DDoS,T1082 System Information Discovery,Healthcare,Employee Laptop,True,81,0.76,Asia-Pacific,High,Medium,2025-01-11,2025-05-31,,False,False
THREAT-01969,Hacktivist Group,Insider Threat,T1003 OS Credential Dumping,E-commerce,API Gateway,True,6,0.27,Global,Low,Low,2021-08-17,2022-06-13,,False,True
THREAT-01970,APT28,Credential Theft,T1569 System Services,Energy,Domain Controller,False,48,0.51,India,Critical,Low,2025-02-20,2025-07-15,CVE-2026-75484,False,False
THREAT-01971,Script Kiddie,Ransomware,T1027 Obfuscated Files or Information,IT Services,Web Server,False,15,0.57,EMEA,Medium,Medium,2023-04-28,2023-05-29,,True,True
THREAT-01972,Hacktivist Group,Web Application Attack,T1569 System Services,Government,Storage Bucket,True,86,0.29,Americas,Critical,Medium,2022-08-04,2023-06-25,,False,False
THREAT-01973,Lazarus Group,Zero-Day Exploit,T1059 Command and Scripting Interpreter,Energy,Cloud VM,False,5,0.13,Global,Low,High,2025-10-14,2025-11-11,,False,False
THREAT-01974,SilverFox,Cryptojacking,T1133 External Remote Services,Energy,Kubernetes Cluster,True,35,0.39,EMEA,Medium,High,2025-05-12,2026-01-27,,False,True
THREAT-01975,REvil,Cryptojacking,T1078 Valid Accounts,Insurance,Email Server,True,80,0.16,Americas,Low,Medium,2023-11-08,2024-11-05,,False,False
THREAT-01976,LockBit,Credential Theft,T1078 Valid Accounts,Government,Domain Controller,True,69,0.29,EMEA,High,Low,2022-11-23,2023-09-03,CVE-2026-84649,False,True
THREAT-01977,Nation-State (Russia),Ransomware,T1003 OS Credential Dumping,Energy,Cloud VM,False,23,0.36,India,High,High,2021-11-25,2022-01-11,CVE-2026-20769,True,False
THREAT-01978,Nation-State (Russia),Business Email Compromise,T1071 Application Layer Protocol,Manufacturing,Kubernetes Cluster,False,14,0.4,EMEA,Critical,Low,2023-04-15,2024-03-03,,False,False
THREAT-01979,Nation-State (Iran),Insider Threat,T1070 Indicator Removal,Telecom,Domain Controller,False,1,0.23,India,Medium,High,2025-05-21,2026-03-09,,False,True
THREAT-01980,ALPHV,Data Exfiltration,T1133 External Remote Services,IT Services,Database Server,False,93,0.45,EMEA,High,High,2023-02-14,2023-08-04,CVE-2026-65624,False,True
THREAT-01981,Cybercrime Syndicate,Phishing,T1021 Remote Services,Government,API Gateway,True,65,0.58,Americas,High,Medium,2021-06-22,2021-08-04,CVE-2026-84350,False,True
THREAT-01982,Sandworm,Web Application Attack,T1053 Scheduled Task/Job,Energy,Employee Laptop,True,41,0.15,Asia-Pacific,Low,Low,2024-09-08,2024-10-12,,False,False
THREAT-01983,SilverFox,Phishing,T1003 OS Credential Dumping,Energy,API Gateway,False,27,0.33,EMEA,Low,Medium,2026-04-11,2026-09-04,CVE-2026-79223,False,False
THREAT-01984,Nation-State (Russia),Supply Chain Attack,T1021 Remote Services,E-commerce,Payment Gateway,False,66,0.28,India,Low,Low,2023-08-31,2023-09-16,,False,True
THREAT-01985,Conti,Supply Chain Attack,T1071 Application Layer Protocol,Government,Cloud VM,True,41,0.43,India,Low,Medium,2021-10-02,2021-12-15,,False,False
THREAT-01986,Sandworm,Credential Theft,T1053 Scheduled Task/Job,Energy,Kubernetes Cluster,True,72,0.58,Americas,Medium,High,2021-10-07,2022-05-18,,False,False
THREAT-01987,APT29,DDoS,T1190 Exploit Public-Facing Application,Government,Email Server,True,44,0.87,Asia-Pacific,Critical,Medium,2025-11-22,2026-04-08,CVE-2026-76657,False,False
THREAT-01988,APT29,Business Email Compromise,T1486 Data Encrypted for Impact,Government,Payment Gateway,False,100,0.15,Global,Medium,Low,2024-09-10,2025-03-15,,False,False
THREAT-01989,Nation-State (Iran),Ransomware,T1027 Obfuscated Files or Information,Government,Domain Controller,False,14,0.72,Global,High,Low,2026-05-21,2026-09-04,CVE-2026-48989,True,True
THREAT-01990,Mustang Panda,Data Exfiltration,T1486 Data Encrypted for Impact,Government,Database Server,False,81,0.35,Global,Critical,High,2023-09-19,2023-11-19,,False,False
THREAT-01991,FIN7,Zero-Day Exploit,T1048 Exfiltration Over Alternative Protocol,Energy,Email Server,False,73,0.5,Americas,Critical,High,2021-12-26,2022-10-27,,True,False
THREAT-01992,LockBit,Web Application Attack,T1569 System Services,IT Services,Domain Controller,False,63,0.46,India,High,Low,2026-06-12,2026-07-22,CVE-2026-72799,False,True
THREAT-01993,Nation-State (Russia),Credential Theft,T1082 System Information Discovery,IT Services,SaaS Application,False,47,0.38,Global,Critical,Medium,2024-11-03,2025-02-11,CVE-2026-30934,True,False
THREAT-01994,Cybercrime Syndicate,Cloud Misconfiguration Exploitation,T1070 Indicator Removal,IT Services,Storage Bucket,False,74,0.22,Global,Low,High,2024-06-09,2025-05-22,,False,True
THREAT-01995,Sandworm,Ransomware,T1059 Command and Scripting Interpreter,IT Services,Database Server,False,24,0.42,Global,Low,Medium,2023-11-02,2024-07-11,,True,True
THREAT-01996,Sandworm,Data Exfiltration,T1070 Indicator Removal,Energy,SaaS Application,True,80,0.43,India,Medium,Medium,2024-11-14,2025-02-01,CVE-2026-18602,False,False
THREAT-01997,Mustang Panda,Web Application Attack,T1133 External Remote Services,Manufacturing,Payment Gateway,False,91,0.31,Asia-Pacific,High,High,2024-09-28,2025-01-30,CVE-2026-48939,False,False
THREAT-01998,Sandworm,Insider Threat,T1133 External Remote Services,Energy,Payment Gateway,False,9,0.25,Americas,High,High,2024-10-30,2024-12-11,CVE-2026-9387,False,True
THREAT-01999,APT29,Ransomware,T1105 Ingress Tool Transfer,Energy,Web Server,True,27,0.63,India,Critical,High,2023-04-12,2023-07-11,CVE-2026-56451,True,False
THREAT-02000,Kimsuky,Business Email Compromise,T1071 Application Layer Protocol,Education,API Gateway,True,44,0.46,Asia-Pacific,Low,High,2024-07-25,2024-12-08,,False,False
THREAT-02001,Script Kiddie,Zero-Day Exploit,T1027 Obfuscated Files or Information,Energy,Payment Gateway,False,39,0.5,EMEA,Medium,Low,2021-09-25,2021-11-03,,False,False
THREAT-02002,Conti,Cryptojacking,T1562 Impair Defenses,Government,Domain Controller,True,26,0.15,Asia-Pacific,Medium,Low,2024-09-24,2025-05-07,,False,True
THREAT-02003,TA505,Phishing,T1110 Brute Force,Insurance,Database Server,True,75,0.12,Asia-Pacific,Critical,Medium,2024-12-17,2025-05-09,CVE-2026-8793,False,False
THREAT-02004,REvil,Phishing,T1105 Ingress Tool Transfer,Manufacturing,SaaS Application,False,67,0.22,Global,Medium,High,2023-06-07,2024-01-29,,True,False
THREAT-02005,Unknown,Ransomware,T1486 Data Encrypted for Impact,Energy,Kubernetes Cluster,True,9,0.5,Americas,Low,Medium,2024-05-08,2024-11-15,,True,False
THREAT-02006,Scattered Spider,Ransomware,T1053 Scheduled Task/Job,IT Services,API Gateway,False,40,0.68,Americas,High,Low,2023-06-08,2023-06-16,,True,False
THREAT-02007,Mustang Panda,DDoS,T1070 Indicator Removal,E-commerce,SaaS Application,True,36,0.7,Asia-Pacific,Low,Medium,2022-07-01,2022-07-07,CVE-2026-7853,False,False
THREAT-02008,Nation-State (Iran),Cloud Misconfiguration Exploitation,T1486 Data Encrypted for Impact,Telecom,Email Server,True,79,0.49,Americas,Critical,Low,2023-09-08,2023-10-19,CVE-2026-66340,False,False
THREAT-02009,Script Kiddie,Web Application Attack,T1053 Scheduled Task/Job,Government,Payment Gateway,False,19,0.28,Asia-Pacific,Critical,Medium,2023-05-11,2023-10-06,,False,True
THREAT-02010,Scattered Spider,Insider Threat,T1059 Command and Scripting Interpreter,Energy,Kubernetes Cluster,False,4,0.32,Americas,High,Low,2024-11-21,2025-09-29,,False,True
THREAT-02011,FIN7,Insider Threat,T1070 Indicator Removal,Energy,Cloud VM,False,8,0.2,Global,Low,Medium,2026-06-10,2026-09-04,CVE-2026-80604,False,True
THREAT-02012,Scattered Spider,Web Application Attack,T1021 Remote Services,Manufacturing,Kubernetes Cluster,True,29,0.49,Americas,Low,High,2023-03-04,2023-04-27,,False,False
THREAT-02013,Scattered Spider,Zero-Day Exploit,T1562 Impair Defenses,Energy,API Gateway,False,55,0.12,Global,High,Low,2024-11-03,2025-06-25,,True,False
THREAT-02014,TA505,Ransomware,T1048 Exfiltration Over Alternative Protocol,IT Services,SaaS Application,True,29,0.35,India,Critical,Low,2024-02-06,2024-05-09,CVE-2026-70921,True,False
THREAT-02015,TA505,Business Email Compromise,T1021 Remote Services,Energy,Database Server,False,98,0.58,EMEA,Low,Low,2026-04-04,2026-06-24,,False,True
THREAT-02016,Script Kiddie,Business Email Compromise,T1053 Scheduled Task/Job,Energy,SaaS Application,True,81,0.43,India,High,Low,2023-05-08,2023-09-17,,False,False
THREAT-02017,Nation-State (Russia),Supply Chain Attack,T1003 OS Credential Dumping,Energy,Email Server,False,77,0.33,Americas,High,Low,2025-02-12,2025-06-13,,False,True
THREAT-02018,Kimsuky,Cloud Misconfiguration Exploitation,T1003 OS Credential Dumping,Government,API Gateway,True,5,0.19,EMEA,High,Low,2025-05-21,2025-12-12,,False,False
THREAT-02019,ALPHV,Cryptojacking,T1110 Brute Force,Manufacturing,Domain Controller,True,22,0.23,Americas,Low,Medium,2021-07-03,2022-01-18,CVE-2026-63795,False,False
THREAT-02020,Hacktivist Group,DDoS,T1133 External Remote Services,Insurance,Database Server,False,40,0.59,Asia-Pacific,Medium,Low,2023-08-14,2024-03-22,CVE-2026-73669,False,False
THREAT-02021,TA505,Web Application Attack,T1562 Impair Defenses,Government,Domain Controller,True,91,0.46,Americas,Low,High,2022-03-23,2023-02-03,,False,True
THREAT-02022,APT28,Phishing,T1027 Obfuscated Files or Information,Government,Email Server,False,40,0.39,Asia-Pacific,High,Low,2025-10-05,2026-08-03,CVE-2026-76611,False,True
THREAT-02023,Hacktivist Group,Ransomware,T1055 Process Injection,Insurance,SaaS Application,False,46,0.45,Global,Low,Medium,2021-06-24,2021-11-30,CVE-2026-20780,True,False
THREAT-02024,ALPHV,Supply Chain Attack,T1003 OS Credential Dumping,E-commerce,Employee Laptop,False,60,0.6,EMEA,Low,Medium,2023-05-04,2024-02-01,,False,False
THREAT-02025,FIN7,Insider Threat,T1027 Obfuscated Files or Information,Government,Cloud VM,False,2,0.22,EMEA,Low,High,2026-01-06,2026-05-18,,False,True
THREAT-02026,ALPHV,Credential Theft,T1566 Phishing,Government,API Gateway,False,80,0.55,Americas,Critical,Low,2024-05-16,2025-04-25,,False,True
THREAT-02027,Turla,Credential Theft,T1070 Indicator Removal,E-commerce,Domain Controller,False,85,0.35,EMEA,High,High,2024-04-15,2025-04-13,,False,False
THREAT-02028,Conti,Phishing,T1055 Process Injection,Telecom,Kubernetes Cluster,True,11,0.58,Global,Low,Low,2023-10-26,2023-12-23,CVE-2026-84647,False,False
THREAT-02029,SilverFox,Insider Threat,T1078 Valid Accounts,Government,Cloud VM,True,8,0.26,Americas,Critical,Medium,2025-06-10,2025-09-27,,False,True
THREAT-02030,Scattered Spider,Credential Theft,T1059 Command and Scripting Interpreter,E-commerce,Email Server,False,74,0.5,Global,Medium,High,2023-02-12,2023-10-13,CVE-2026-75112,False,False
THREAT-02031,APT29,Cryptojacking,T1569 System Services,Government,Employee Laptop,False,58,0.34,Asia-Pacific,Medium,Low,2023-12-03,2024-11-05,,False,False
THREAT-02032,Insider,Cloud Misconfiguration Exploitation,T1048 Exfiltration Over Alternative Protocol,Education,Employee Laptop,True,31,0.24,Asia-Pacific,Critical,Medium,2026-03-28,2026-09-04,,False,False
THREAT-02033,Sandworm,Ransomware,T1036 Masquerading,IT Services,Employee Laptop,True,43,0.78,EMEA,Low,Medium,2024-09-23,2025-05-05,CVE-2026-5993,True,False
THREAT-02034,Unknown,Cloud Misconfiguration Exploitation,T1562 Impair Defenses,Government,SaaS Application,True,14,0.33,Global,Critical,High,2023-08-21,2023-12-11,CVE-2026-46644,False,False
THREAT-02035,Scattered Spider,DDoS,T1190 Exploit Public-Facing Application,Insurance,Cloud VM,False,172,0.86,Americas,High,Medium,2023-04-06,2024-03-31,,False,False
THREAT-02036,LockBit,Ransomware,T1036 Masquerading,Government,SaaS Application,False,46,0.41,EMEA,Critical,Low,2022-09-04,2022-09-08,CVE-2026-19591,True,False
THREAT-02037,SilverFox,DDoS,T1027 Obfuscated Files or Information,E-commerce,Storage Bucket,False,135,0.52,Asia-Pacific,Critical,High,2023-07-15,2023-10-26,,False,False
THREAT-02038,Kimsuky,Ransomware,T1082 System Information Discovery,Energy,API Gateway,True,6,0.52,Americas,Low,High,2026-06-27,2026-09-04,,True,False
THREAT-02039,Turla,Cloud Misconfiguration Exploitation,T1566 Phishing,IT Services,Cloud VM,False,46,0.51,Americas,Low,Medium,2024-12-19,2025-05-19,,False,False
THREAT-02040,Cybercrime Syndicate,Business Email Compromise,T1486 Data Encrypted for Impact,Government,SaaS Application,False,92,0.36,Asia-Pacific,Critical,Medium,2024-01-05,2024-12-16,,False,False
THREAT-02041,Nation-State (Iran),Cloud Misconfiguration Exploitation,T1003 OS Credential Dumping,Manufacturing,Storage Bucket,True,38,0.1,Global,Medium,Low,2021-08-11,2022-03-13,,False,False
THREAT-02042,Sandworm,Phishing,T1036 Masquerading,Manufacturing,API Gateway,False,91,0.47,Americas,High,High,2022-12-31,2023-08-19,,False,True
THREAT-02043,Insider,DDoS,T1566 Phishing,E-commerce,Web Server,False,106,0.88,Americas,Critical,High,2023-05-03,2023-06-24,,False,False
THREAT-02044,APT29,Supply Chain Attack,T1036 Masquerading,IT Services,Storage Bucket,False,13,0.55,Asia-Pacific,Medium,Low,2024-04-20,2024-05-30,,False,False
THREAT-02045,FIN7,Supply Chain Attack,T1562 Impair Defenses,Government,Employee Laptop,True,64,0.48,EMEA,Low,High,2025-11-03,2026-04-29,CVE-2026-61427,True,False
THREAT-02046,Sandworm,Phishing,T1053 Scheduled Task/Job,Energy,Payment Gateway,True,94,0.53,Asia-Pacific,Medium,Medium,2022-04-11,2022-12-17,CVE-2026-85049,False,False
THREAT-02047,Kimsuky,Web Application Attack,T1562 Impair Defenses,Healthcare,Email Server,True,44,0.16,EMEA,High,Low,2022-02-14,2022-11-02,,False,False
THREAT-02048,Mustang Panda,Credential Theft,T1055 Process Injection,Government,API Gateway,False,48,0.39,Global,Low,Medium,2026-04-01,2026-05-11,,False,False
THREAT-02049,APT29,Business Email Compromise,T1070 Indicator Removal,Energy,API Gateway,True,35,0.36,India,Critical,High,2025-10-09,2026-04-18,,False,False
THREAT-02050,Hacktivist Group,Insider Threat,T1048 Exfiltration Over Alternative Protocol,E-commerce,Storage Bucket,False,2,0.17,India,Medium,Medium,2026-03-16,2026-09-04,,False,True
THREAT-02051,FIN7,Zero-Day Exploit,T1036 Masquerading,IT Services,Storage Bucket,False,75,0.37,Americas,Critical,Low,2022-03-30,2022-12-20,,False,True
THREAT-02052,Sandworm,Cloud Misconfiguration Exploitation,T1486 Data Encrypted for Impact,Energy,Storage Bucket,False,15,0.46,India,Critical,Low,2022-03-24,2022-09-19,CVE-2026-81827,False,False
THREAT-02053,Scattered Spider,Supply Chain Attack,T1110 Brute Force,Government,Email Server,False,67,0.26,Asia-Pacific,Critical,Low,2021-08-31,2021-09-24,CVE-2026-5995,False,False
THREAT-02054,REvil,Ransomware,T1070 Indicator Removal,Education,Payment Gateway,True,11,0.58,Americas,Medium,High,2022-01-19,2022-10-05,,True,True
THREAT-02055,LockBit,Data Exfiltration,T1105 Ingress Tool Transfer,Education,SaaS Application,True,78,0.51,India,Critical,Medium,2021-12-21,2022-11-06,,False,False
THREAT-02056,Nation-State (China),Credential Theft,T1059 Command and Scripting Interpreter,E-commerce,Storage Bucket,True,21,0.22,Global,High,High,2021-10-19,2022-01-19,,False,True
THREAT-02057,FIN7,Web Application Attack,T1486 Data Encrypted for Impact,Manufacturing,Payment Gateway,False,15,0.49,India,Medium,Medium,2025-11-11,2026-03-07,,False,False
THREAT-02058,Scattered Spider,Business Email Compromise,T1021 Remote Services,E-commerce,Employee Laptop,False,100,0.12,Americas,Low,Low,2021-11-08,2022-08-31,CVE-2026-1199,False,False
THREAT-02059,TA505,Zero-Day Exploit,T1082 System Information Discovery,Energy,Web Server,True,50,0.11,Asia-Pacific,Critical,High,2024-05-19,2024-10-23,,False,True
THREAT-02060,Cybercrime Syndicate,Cloud Misconfiguration Exploitation,T1003 OS Credential Dumping,Energy,Kubernetes Cluster,False,34,0.11,Global,Critical,High,2021-09-07,2022-07-11,,True,True
THREAT-02061,Nation-State (Iran),Phishing,T1105 Ingress Tool Transfer,Energy,Database Server,False,79,0.47,EMEA,High,High,2022-04-23,2023-04-03,CVE-2026-75148,False,True
THREAT-02062,Insider,Web Application Attack,T1036 Masquerading,Manufacturing,Database Server,False,94,0.52,EMEA,Medium,Low,2022-01-06,2022-10-25,,False,False
THREAT-02063,Scattered Spider,Credential Theft,T1003 OS Credential Dumping,IT Services,Employee Laptop,False,91,0.2,Americas,Critical,Low,2024-01-06,2024-08-19,,False,False
THREAT-02064,Nation-State (Russia),Phishing,T1078 Valid Accounts,Education,Domain Controller,True,38,0.22,Global,High,High,2025-04-22,2026-02-26,CVE-2026-80721,True,False
THREAT-02065,Conti,Insider Threat,T1070 Indicator Removal,Energy,Kubernetes Cluster,True,2,0.26,Asia-Pacific,High,Low,2026-01-07,2026-07-14,CVE-2026-65888,False,True
THREAT-02066,Nation-State (China),Zero-Day Exploit,T1036 Masquerading,Government,Employee Laptop,False,46,0.38,EMEA,High,Low,2025-03-08,2025-04-20,CVE-2026-9477,False,False
THREAT-02067,SilverFox,Zero-Day Exploit,T1078 Valid Accounts,E-commerce,SaaS Application,False,32,0.46,India,High,Medium,2023-06-08,2023-08-13,CVE-2026-78178,False,False
THREAT-02068,APT28,Credential Theft,T1071 Application Layer Protocol,Government,Kubernetes Cluster,True,70,0.57,EMEA,Low,Low,2024-06-20,2024-07-15,,False,False
THREAT-02069,Conti,Ransomware,T1003 OS Credential Dumping,E-commerce,Kubernetes Cluster,False,48,0.51,Global,Low,Medium,2024-10-09,2025-01-05,,True,True
THREAT-02070,TA505,Cloud Misconfiguration Exploitation,T1071 Application Layer Protocol,Energy,Database Server,False,80,0.4,EMEA,Critical,Low,2024-01-19,2024-10-20,CVE-2026-54364,False,False
THREAT-02071,Cybercrime Syndicate,Ransomware,T1027 Obfuscated Files or Information,Energy,Web Server,False,41,0.63,Asia-Pacific,Low,Low,2024-01-31,2024-10-11,,True,False
THREAT-02072,Script Kiddie,Cryptojacking,T1569 System Services,Government,Employee Laptop,False,52,0.26,Global,High,Low,2025-05-23,2025-12-09,CVE-2026-77956,False,False
THREAT-02073,Turla,Business Email Compromise,T1070 Indicator Removal,IT Services,Kubernetes Cluster,False,66,0.11,India,High,Low,2025-02-23,2025-08-20,,False,False
THREAT-02074,SilverFox,Ransomware,T1003 OS Credential Dumping,Education,SaaS Application,False,35,0.49,India,Low,Low,2021-12-29,2022-06-11,,True,True
THREAT-02075,Script Kiddie,Cloud Misconfiguration Exploitation,T1190 Exploit Public-Facing Application,IT Services,Email Server,False,75,0.46,Americas,Critical,Low,2021-04-20,2021-10-05,,False,True
THREAT-02076,APT28,Cryptojacking,T1036 Masquerading,E-commerce,Storage Bucket,True,81,0.19,EMEA,Low,Medium,2021-12-02,2022-03-04,,False,False
THREAT-02077,APT28,Zero-Day Exploit,T1078 Valid Accounts,Government,Database Server,False,58,0.42,EMEA,Critical,Medium,2021-12-21,2022-02-26,,False,False
THREAT-02078,Nation-State (China),Insider Threat,T1021 Remote Services,IT Services,Kubernetes Cluster,True,9,0.35,Global,Critical,High,2024-04-21,2024-05-04,CVE-2026-72813,False,True
THREAT-02079,SilverFox,Web Application Attack,T1190 Exploit Public-Facing Application,Insurance,Cloud VM,True,74,0.19,India,High,Low,2025-10-09,2026-06-18,CVE-2026-58152,False,False
THREAT-02080,Nation-State (Russia),Business Email Compromise,T1082 System Information Discovery,IT Services,Web Server,True,85,0.22,EMEA,Critical,Low,2024-11-25,2025-01-25,CVE-2026-73750,False,True
THREAT-02081,Turla,Insider Threat,T1569 System Services,Government,Storage Bucket,False,7,0.1,India,Critical,Medium,2021-06-20,2022-04-21,CVE-2026-79244,False,True
THREAT-02082,REvil,Credential Theft,T1027 Obfuscated Files or Information,Education,SaaS Application,True,66,0.38,Asia-Pacific,Medium,Medium,2023-01-26,2023-04-21,CVE-2026-10187,False,False
THREAT-02083,Cybercrime Syndicate,Phishing,T1486 Data Encrypted for Impact,Government,Employee Laptop,False,97,0.21,India,High,High,2022-07-15,2022-10-24,CVE-2026-82866,True,True
THREAT-02084,APT28,Zero-Day Exploit,T1048 Exfiltration Over Alternative Protocol,Manufacturing,API Gateway,False,96,0.42,India,Critical,High,2022-12-30,2023-08-05,,False,False
THREAT-02085,Scattered Spider,Credential Theft,T1070 Indicator Removal,Energy,Payment Gateway,True,44,0.37,EMEA,Medium,Low,2022-10-18,2023-05-30,,False,False
THREAT-02086,LockBit,Zero-Day Exploit,T1110 Brute Force,Government,Database Server,False,64,0.17,EMEA,Low,Medium,2021-08-03,2022-03-03,,False,True
THREAT-02087,REvil,Cryptojacking,T1190 Exploit Public-Facing Application,E-commerce,Storage Bucket,False,90,0.55,EMEA,Critical,Medium,2025-02-13,2025-04-08,,False,False
THREAT-02088,Lazarus Group,Credential Theft,T1036 Masquerading,E-commerce,SaaS Application,True,88,0.15,EMEA,Critical,Low,2022-12-02,2023-11-29,CVE-2026-45480,False,True
THREAT-02089,Unknown,Supply Chain Attack,T1071 Application Layer Protocol,Energy,Domain Controller,False,98,0.39,India,Medium,Medium,2026-06-15,2026-09-04,,False,False
THREAT-02090,Turla,Cryptojacking,T1036 Masquerading,Government,Kubernetes Cluster,False,45,0.1,Global,Medium,Low,2022-08-01,2022-11-03,,False,True
THREAT-02091,TA505,Business Email Compromise,T1059 Command and Scripting Interpreter,Government,SaaS Application,True,67,0.2,Asia-Pacific,Low,Medium,2026-01-07,2026-05-24,,False,False
THREAT-02092,Turla,Web Application Attack,T1053 Scheduled Task/Job,Education,Cloud VM,False,41,0.27,India,Critical,Low,2024-01-01,2024-04-01,CVE-2026-84650,False,True
THREAT-02093,Nation-State (Russia),Business Email Compromise,T1048 Exfiltration Over Alternative Protocol,Energy,Domain Controller,True,33,0.39,Americas,Medium,Medium,2021-12-13,2022-06-18,CVE-2026-73753,False,False
THREAT-02094,Sandworm,Cloud Misconfiguration Exploitation,T1190 Exploit Public-Facing Application,IT Services,Cloud VM,True,49,0.1,Asia-Pacific,Low,Low,2022-06-21,2023-01-06,,False,False
THREAT-02095,Sandworm,Ransomware,T1071 Application Layer Protocol,Energy,Payment Gateway,True,11,0.68,Americas,Medium,Low,2024-06-01,2024-12-11,,True,False
THREAT-02096,Sandworm,Cryptojacking,T1036 Masquerading,Government,Payment Gateway,True,14,0.21,Global,Medium,Low,2021-11-11,2022-06-13,CVE-2026-63086,False,False
THREAT-02097,Script Kiddie,Ransomware,T1070 Indicator Removal,Government,Kubernetes Cluster,True,44,0.4,Global,Medium,High,2023-10-03,2023-12-30,CVE-2026-5851,True,True
THREAT-02098,SilverFox,Phishing,T1027 Obfuscated Files or Information,E-commerce,Database Server,False,99,0.56,Americas,High,Medium,2025-09-19,2026-07-14,CVE-2026-7125,False,False
THREAT-02099,Lazarus Group,Cloud Misconfiguration Exploitation,T1003 OS Credential Dumping,Government,Payment Gateway,False,93,0.45,Asia-Pacific,Low,High,2023-09-16,2024-07-10,,True,True
THREAT-02100,Sandworm,Business Email Compromise,T1021 Remote Services,E-commerce,Employee Laptop,False,36,0.13,Asia-Pacific,Medium,High,2024-11-02,2025-04-23,,False,False
THREAT-02101,Nation-State (China),Data Exfiltration,T1569 System Services,Education,Employee Laptop,True,76,0.41,EMEA,Critical,Medium,2023-01-24,2023-02-06,CVE-2026-9436,False,False
THREAT-02102,APT28,Cloud Misconfiguration Exploitation,T1078 Valid Accounts,Government,Web Server,False,73,0.26,EMEA,Medium,High,2022-10-29,2023-04-28,,False,True
THREAT-02103,Insider,Data Exfiltration,T1082 System Information Discovery,Government,Web Server,True,19,0.54,Global,Low,Medium,2023-08-27,2024-04-17,CVE-2026-81807,False,True
THREAT-02104,Script Kiddie,Business Email Compromise,T1566 Phishing,IT Services,Database Server,True,70,0.28,EMEA,Low,Medium,2025-12-17,2026-09-04,CVE-2026-12848,False,False
THREAT-02105,Sandworm,Web Application Attack,T1078 Valid Accounts,Energy,Domain Controller,True,41,0.23,Asia-Pacific,Medium,Medium,2026-07-22,2026-09-04,,False,True
THREAT-02106,Nation-State (China),Phishing,T1110 Brute Force,Education,Storage Bucket,True,15,0.23,EMEA,Low,Medium,2026-06-16,2026-09-04,,True,False
THREAT-02107,LockBit,Cryptojacking,T1059 Command and Scripting Interpreter,Government,Cloud VM,False,15,0.44,Global,Medium,Medium,2022-04-12,2022-12-08,CVE-2026-75977,False,False
THREAT-02108,Nation-State (Iran),Business Email Compromise,T1070 Indicator Removal,E-commerce,Employee Laptop,True,47,0.32,India,Medium,Low,2022-08-13,2022-12-11,CVE-2026-69248,False,True
THREAT-02109,APT28,Insider Threat,T1105 Ingress Tool Transfer,Education,Payment Gateway,True,6,0.11,Asia-Pacific,Medium,Low,2022-12-03,2023-05-02,,False,True
THREAT-02110,Nation-State (Russia),Credential Theft,T1133 External Remote Services,Education,Database Server,True,16,0.43,EMEA,High,Medium,2021-06-21,2021-12-15,,False,False
THREAT-02111,Kimsuky,Phishing,T1027 Obfuscated Files or Information,Manufacturing,Storage Bucket,True,98,0.56,India,Medium,Medium,2025-05-23,2025-08-11,CVE-2026-63750,False,False
THREAT-02112,REvil,Zero-Day Exploit,T1027 Obfuscated Files or Information,Manufacturing,Domain Controller,True,81,0.1,India,Medium,Medium,2022-03-01,2022-11-10,,False,True
THREAT-02113,Kimsuky,Business Email Compromise,T1021 Remote Services,Manufacturing,Payment Gateway,False,76,0.55,EMEA,Critical,Medium,2025-10-18,2026-02-18,,False,False
THREAT-02114,LockBit,Business Email Compromise,T1082 System Information Discovery,Energy,Domain Controller,True,35,0.39,India,High,Medium,2024-07-30,2025-02-14,CVE-2026-7546,False,True
THREAT-02115,SilverFox,Insider Threat,T1569 System Services,Insurance,Web Server,False,2,0.34,Asia-Pacific,Low,Low,2023-03-15,2023-10-09,CVE-2026-6027,False,True
THREAT-02116,LockBit,Phishing,T1486 Data Encrypted for Impact,E-commerce,Storage Bucket,False,87,0.57,Global,Critical,Low,2023-10-19,2024-08-24,,False,False
THREAT-02117,Cybercrime Syndicate,Supply Chain Attack,T1562 Impair Defenses,Government,Web Server,False,9,0.31,Asia-Pacific,Critical,High,2022-10-06,2023-09-26,,False,False
THREAT-02118,Scattered Spider,Phishing,T1071 Application Layer Protocol,Energy,Storage Bucket,False,16,0.45,Global,Low,High,2026-01-12,2026-09-04,CVE-2026-82866,True,False
THREAT-02119,Lazarus Group,Insider Threat,T1071 Application Layer Protocol,IT Services,Storage Bucket,True,5,0.28,India,Critical,Medium,2026-02-26,2026-09-04,,False,True
THREAT-02120,ALPHV,Insider Threat,T1027 Obfuscated Files or Information,Government,SaaS Application,False,7,0.1,India,Critical,High,2025-12-05,2026-02-04,CVE-2026-31889,False,True
THREAT-02121,Sandworm,Business Email Compromise,T1003 OS Credential Dumping,Government,Cloud VM,True,87,0.44,Asia-Pacific,Medium,Low,2021-08-04,2022-03-03,,False,True
THREAT-02122,Turla,Web Application Attack,T1082 System Information Discovery,Energy,Web Server,False,96,0.51,India,High,Low,2023-11-16,2024-10-24,,False,False
THREAT-02123,Kimsuky,Phishing,T1078 Valid Accounts,Insurance,API Gateway,False,81,0.21,EMEA,Medium,Low,2025-09-10,2025-12-17,,False,True
THREAT-02124,Kimsuky,Credential Theft,T1071 Application Layer Protocol,Government,Domain Controller,True,31,0.37,Asia-Pacific,Critical,Low,2026-02-12,2026-08-04,CVE-2026-7747,False,True
THREAT-02125,Mustang Panda,Supply Chain Attack,T1105 Ingress Tool Transfer,Manufacturing,Employee Laptop,False,65,0.52,Global,Medium,Low,2022-11-14,2022-12-24,,False,False
THREAT-02126,Conti,Insider Threat,T1190 Exploit Public-Facing Application,IT Services,Cloud VM,True,10,0.28,Asia-Pacific,Low,Low,2021-05-04,2021-10-05,,False,True
THREAT-02127,Conti,Cloud Misconfiguration Exploitation,T1486 Data Encrypted for Impact,Manufacturing,Payment Gateway,False,61,0.22,Asia-Pacific,Critical,Low,2023-10-03,2024-05-12,,False,True
THREAT-02128,REvil,Business Email Compromise,T1105 Ingress Tool Transfer,Energy,SaaS Application,False,69,0.38,Global,Critical,High,2024-09-11,2025-08-18,,False,False
THREAT-02129,Nation-State (Iran),Cloud Misconfiguration Exploitation,T1569 System Services,Energy,Storage Bucket,False,7,0.27,Global,Low,High,2021-06-03,2021-08-11,CVE-2026-67246,False,True
THREAT-02130,Nation-State (Russia),Zero-Day Exploit,T1070 Indicator Removal,IT Services,Storage Bucket,True,40,0.1,Americas,High,Low,2025-02-19,2025-06-22,CVE-2026-55970,False,True
THREAT-02131,TA505,Business Email Compromise,T1078 Valid Accounts,Government,Email Server,False,77,0.22,Global,Low,Low,2022-04-01,2022-09-08,,False,False
THREAT-02132,Nation-State (Russia),Ransomware,T1048 Exfiltration Over Alternative Protocol,E-commerce,API Gateway,False,18,0.36,India,Critical,Medium,2024-12-27,2025-07-02,,True,True
THREAT-02133,Kimsuky,Phishing,T1078 Valid Accounts,Energy,SaaS Application,False,24,0.35,Americas,Critical,Low,2025-04-14,2025-10-16,,True,False
THREAT-02134,Nation-State (China),Cloud Misconfiguration Exploitation,T1105 Ingress Tool Transfer,E-commerce,Storage Bucket,False,83,0.13,EMEA,Low,Medium,2026-05-18,2026-09-04,CVE-2026-58567,False,False
THREAT-02135,Script Kiddie,Cryptojacking,T1105 Ingress Tool Transfer,Insurance,Web Server,True,17,0.45,India,Critical,Low,2023-10-02,2024-09-27,,False,False
THREAT-02136,FIN7,Ransomware,T1071 Application Layer Protocol,Energy,Database Server,False,16,0.48,Global,Medium,High,2023-12-27,2024-05-11,,True,True
THREAT-02137,Insider,Credential Theft,T1078 Valid Accounts,Energy,Payment Gateway,False,30,0.31,Global,High,Medium,2022-02-17,2022-08-03,,False,False
THREAT-02138,REvil,Phishing,T1027 Obfuscated Files or Information,Government,API Gateway,False,21,0.41,Global,Critical,Low,2025-01-24,2025-10-22,CVE-2026-57827,False,False
THREAT-02139,APT28,Zero-Day Exploit,T1053 Scheduled Task/Job,Telecom,Payment Gateway,False,84,0.36,Asia-Pacific,High,Medium,2026-04-22,2026-09-04,,False,False
THREAT-02140,LockBit,Business Email Compromise,T1133 External Remote Services,Manufacturing,Kubernetes Cluster,False,43,0.15,Global,Low,High,2026-05-06,2026-08-31,CVE-2026-70921,True,False
THREAT-02141,TA505,Phishing,T1566 Phishing,E-commerce,Email Server,True,47,0.51,Global,Critical,Medium,2023-04-10,2024-01-09,,False,True
THREAT-02142,Hacktivist Group,Web Application Attack,T1105 Ingress Tool Transfer,Manufacturing,Cloud VM,True,54,0.46,Americas,Medium,High,2021-04-09,2021-09-12,CVE-2026-79073,False,True
THREAT-02143,Scattered Spider,Data Exfiltration,T1070 Indicator Removal,Energy,Storage Bucket,False,14,0.5,EMEA,Low,Low,2022-08-07,2023-03-27,,False,False
THREAT-02144,Scattered Spider,Business Email Compromise,T1078 Valid Accounts,E-commerce,Domain Controller,True,84,0.13,Asia-Pacific,Medium,Medium,2025-09-09,2025-11-05,,False,False
THREAT-02145,Nation-State (Iran),Phishing,T1569 System Services,IT Services,Storage Bucket,True,98,0.5,Asia-Pacific,Low,Medium,2021-09-29,2022-08-24,CVE-2026-81769,False,False
THREAT-02146,Turla,Supply Chain Attack,T1053 Scheduled Task/Job,IT Services,Kubernetes Cluster,False,70,0.45,Asia-Pacific,High,Low,2025-06-18,2026-03-06,CVE-2026-77034,False,False
THREAT-02147,Nation-State (China),Cryptojacking,T1486 Data Encrypted for Impact,Healthcare,Payment Gateway,False,48,0.43,Global,Medium,High,2022-06-09,2022-11-05,,False,False
THREAT-02148,Nation-State (Russia),Supply Chain Attack,T1048 Exfiltration Over Alternative Protocol,Manufacturing,Payment Gateway,True,52,0.37,EMEA,High,Medium,2024-12-05,2025-07-26,,False,False
THREAT-02149,Cybercrime Syndicate,Insider Threat,T1059 Command and Scripting Interpreter,Energy,Database Server,False,9,0.2,Global,High,Low,2023-12-16,2024-09-10,CVE-2026-33228,False,True
THREAT-02150,APT29,Ransomware,T1071 Application Layer Protocol,Insurance,Email Server,False,50,0.44,Asia-Pacific,Low,Medium,2023-03-20,2023-06-20,CVE-2026-79744,True,True
THREAT-02151,Turla,Cloud Misconfiguration Exploitation,T1027 Obfuscated Files or Information,Energy,Web Server,True,36,0.42,EMEA,High,Low,2021-08-09,2022-05-04,CVE-2026-58567,False,False
THREAT-02152,APT28,Data Exfiltration,T1055 Process Injection,E-commerce,Domain Controller,False,95,0.32,Americas,High,Low,2025-07-31,2025-08-03,CVE-2026-15409,False,False
THREAT-02153,FIN7,Insider Threat,T1048 Exfiltration Over Alternative Protocol,Insurance,Database Server,True,1,0.23,Americas,Low,High,2026-01-23,2026-07-24,,False,True
THREAT-02154,TA505,Ransomware,T1055 Process Injection,E-commerce,Payment Gateway,False,11,0.75,EMEA,Critical,High,2025-06-15,2025-08-01,,True,False
THREAT-02155,TA505,Phishing,T1055 Process Injection,E-commerce,Payment Gateway,False,43,0.59,Asia-Pacific,Critical,High,2021-04-27,2022-02-05,,False,True
THREAT-02156,SilverFox,Phishing,T1566 Phishing,E-commerce,Cloud VM,True,70,0.2,Americas,Low,Medium,2023-12-10,2024-06-28,,False,True
THREAT-02157,REvil,Credential Theft,T1059 Command and Scripting Interpreter,Insurance,Employee Laptop,True,36,0.25,EMEA,Critical,Low,2023-11-24,2024-09-05,,False,True
THREAT-02158,LockBit,Credential Theft,T1082 System Information Discovery,Energy,API Gateway,False,25,0.25,Global,High,Medium,2024-01-10,2024-03-10,,True,False
THREAT-02159,LockBit,Web Application Attack,T1036 Masquerading,Government,SaaS Application,True,25,0.23,Global,High,Medium,2022-12-18,2023-02-01,,False,False
THREAT-02160,Mustang Panda,Supply Chain Attack,T1110 Brute Force,IT Services,SaaS Application,False,78,0.5,Americas,Critical,Medium,2025-12-28,2026-09-04,,False,True
THREAT-02161,SilverFox,Zero-Day Exploit,T1082 System Information Discovery,E-commerce,Database Server,False,5,0.39,India,Medium,Medium,2022-10-20,2023-02-09,,False,False
THREAT-02162,SilverFox,Data Exfiltration,T1078 Valid Accounts,Insurance,Web Server,False,14,0.48,India,Low,Medium,2025-11-30,2026-05-09,CVE-2026-7202,False,False
THREAT-02163,REvil,Cryptojacking,T1048 Exfiltration Over Alternative Protocol,Insurance,Kubernetes Cluster,False,34,0.55,Americas,Critical,Medium,2023-09-30,2024-05-30,CVE-2026-4184,False,False
THREAT-02164,Turla,DDoS,T1036 Masquerading,Education,Cloud VM,False,21,0.8,Global,Critical,Medium,2023-01-13,2023-12-18,,False,False
THREAT-02165,ALPHV,Web Application Attack,T1003 OS Credential Dumping,IT Services,Kubernetes Cluster,False,61,0.14,Americas,Low,Medium,2021-04-05,2021-05-13,CVE-2026-17612,False,False
THREAT-02166,FIN7,Phishing,T1562 Impair Defenses,IT Services,Payment Gateway,False,40,0.14,Asia-Pacific,Critical,Medium,2021-10-02,2021-10-18,,False,True
THREAT-02167,Cybercrime Syndicate,Web Application Attack,T1048 Exfiltration Over Alternative Protocol,Government,Database Server,True,83,0.49,Americas,Critical,Low,2024-07-27,2025-03-03,CVE-2026-79097,False,False
THREAT-02168,LockBit,Business Email Compromise,T1021 Remote Services,Telecom,Payment Gateway,True,44,0.47,EMEA,High,High,2021-09-08,2021-12-19,,False,True
THREAT-02169,Mustang Panda,Supply Chain Attack,T1021 Remote Services,Energy,Domain Controller,False,84,0.3,India,Critical,Medium,2025-09-21,2026-02-23,,False,False
THREAT-02170,LockBit,Cloud Misconfiguration Exploitation,T1027 Obfuscated Files or Information,Healthcare,Database Server,False,66,0.52,India,Low,Low,2024-10-04,2025-02-24,CVE-2026-47828,False,False
THREAT-02171,Lazarus Group,Zero-Day Exploit,T1190 Exploit Public-Facing Application,Government,Domain Controller,False,8,0.51,Americas,High,Low,2025-06-28,2026-04-05,,False,True
THREAT-02172,TA505,Insider Threat,T1027 Obfuscated Files or Information,E-commerce,Email Server,False,3,0.15,Americas,Critical,Low,2026-03-15,2026-09-04,,False,True
THREAT-02173,FIN7,Insider Threat,T1055 Process Injection,Manufacturing,Database Server,False,10,0.36,India,Critical,High,2021-10-12,2021-11-09,,False,True
THREAT-02174,Sandworm,Credential Theft,T1105 Ingress Tool Transfer,Telecom,Web Server,False,29,0.46,Americas,High,High,2024-03-25,2025-02-08,,False,False
THREAT-02175,Nation-State (Iran),Phishing,T1082 System Information Discovery,Energy,Cloud VM,False,95,0.28,Global,Low,Medium,2023-10-07,2024-01-16,CVE-2026-18886,False,False
THREAT-02176,Conti,Web Application Attack,T1053 Scheduled Task/Job,Education,Database Server,False,93,0.11,EMEA,Critical,High,2025-05-12,2026-03-29,CVE-2026-7123,False,False
THREAT-02177,APT28,Supply Chain Attack,T1055 Process Injection,Manufacturing,SaaS Application,False,92,0.35,Asia-Pacific,Critical,High,2026-06-17,2026-09-04,CVE-2026-84700,False,True
THREAT-02178,Sandworm,Zero-Day Exploit,T1105 Ingress Tool Transfer,E-commerce,Payment Gateway,True,95,0.32,Americas,High,Medium,2021-03-15,2021-07-22,,False,True
THREAT-02179,Cybercrime Syndicate,Business Email Compromise,T1071 Application Layer Protocol,E-commerce,Kubernetes Cluster,True,7,0.45,Asia-Pacific,Low,High,2025-11-17,2026-07-07,,False,True
THREAT-02180,APT28,Business Email Compromise,T1082 System Information Discovery,E-commerce,Payment Gateway,True,79,0.58,Americas,High,Medium,2023-12-25,2024-04-21,CVE-2026-18452,False,False
THREAT-02181,LockBit,Data Exfiltration,T1133 External Remote Services,Telecom,Storage Bucket,True,95,0.52,India,High,High,2023-06-16,2024-01-20,CVE-2026-76607,False,False
THREAT-02182,Nation-State (Iran),Data Exfiltration,T1036 Masquerading,Manufacturing,SaaS Application,False,5,0.36,EMEA,High,High,2024-01-05,2024-09-25,CVE-2026-8984,False,False
THREAT-02183,Nation-State (Iran),Cryptojacking,T1036 Masquerading,Energy,Cloud VM,True,41,0.43,Americas,Low,High,2026-01-08,2026-02-23,,False,False
THREAT-02184,TA505,Credential Theft,T1105 Ingress Tool Transfer,Government,Email Server,False,51,0.3,Americas,Critical,Low,2022-12-01,2023-11-30,,False,False
THREAT-02185,Mustang Panda,Business Email Compromise,T1486 Data Encrypted for Impact,E-commerce,Domain Controller,False,60,0.4,Asia-Pacific,Critical,Low,2021-12-17,2022-02-18,,False,False
THREAT-02186,TA505,Data Exfiltration,T1133 External Remote Services,Manufacturing,SaaS Application,False,28,0.57,Global,Low,Medium,2021-08-17,2022-03-10,,False,True
THREAT-02187,Nation-State (Iran),Insider Threat,T1070 Indicator Removal,Telecom,API Gateway,True,6,0.29,Americas,Low,Low,2021-07-02,2022-02-21,CVE-2026-17348,False,True
THREAT-02188,Kimsuky,Data Exfiltration,T1021 Remote Services,Healthcare,API Gateway,True,11,0.1,Global,High,Medium,2024-12-28,2025-01-01,CVE-2026-82398,False,False
THREAT-02189,FIN7,Zero-Day Exploit,T1566 Phishing,E-commerce,Storage Bucket,True,77,0.19,Asia-Pacific,Low,High,2021-05-18,2021-07-25,,False,False
THREAT-02190,APT28,Supply Chain Attack,T1110 Brute Force,Manufacturing,Employee Laptop,False,10,0.22,Asia-Pacific,Critical,High,2022-06-25,2022-07-31,,True,True
THREAT-02191,Turla,DDoS,T1566 Phishing,Energy,Cloud VM,False,185,0.51,Americas,Medium,High,2024-09-30,2025-02-18,,False,False
THREAT-02192,Turla,Cryptojacking,T1110 Brute Force,E-commerce,Web Server,True,42,0.24,Americas,Critical,Medium,2021-10-23,2022-07-16,,False,False
THREAT-02193,Mustang Panda,Business Email Compromise,T1078 Valid Accounts,Insurance,Payment Gateway,True,96,0.55,EMEA,Medium,Medium,2026-05-03,2026-09-04,,False,False
THREAT-02194,LockBit,Data Exfiltration,T1082 System Information Discovery,Government,Web Server,False,89,0.29,India,Critical,Low,2022-07-17,2023-04-21,,False,True
THREAT-02195,LockBit,Business Email Compromise,T1021 Remote Services,Government,API Gateway,False,88,0.46,EMEA,Low,Low,2021-05-18,2022-04-08,,False,False
THREAT-02196,FIN7,Supply Chain Attack,T1190 Exploit Public-Facing Application,Government,Database Server,False,52,0.26,EMEA,High,Low,2023-08-22,2023-09-17,,False,True
THREAT-02197,Turla,Cryptojacking,T1190 Exploit Public-Facing Application,Energy,Domain Controller,False,23,0.22,EMEA,Critical,Medium,2024-12-04,2025-01-03,,False,True
THREAT-02198,Mustang Panda,Credential Theft,T1078 Valid Accounts,Education,Database Server,False,87,0.54,EMEA,Critical,Medium,2024-07-11,2024-11-30,CVE-2026-72792,False,True
THREAT-02199,Conti,Zero-Day Exploit,T1036 Masquerading,Government,Database Server,False,7,0.22,EMEA,Medium,Low,2021-04-15,2021-07-23,,False,False
THREAT-02200,APT29,Web Application Attack,T1053 Scheduled Task/Job,IT Services,API Gateway,False,23,0.44,Asia-Pacific,High,Low,2023-02-08,2023-03-29,,False,False
THREAT-02201,Cybercrime Syndicate,Ransomware,T1048 Exfiltration Over Alternative Protocol,Energy,Storage Bucket,False,49,0.52,India,Critical,Medium,2025-08-24,2025-11-30,CVE-2026-46412,True,True
THREAT-02202,APT28,Credential Theft,T1133 External Remote Services,Energy,Payment Gateway,False,83,0.51,Global,Low,High,2023-02-19,2023-09-05,,False,True
THREAT-02203,APT28,Cloud Misconfiguration Exploitation,T1021 Remote Services,Government,Payment Gateway,False,90,0.6,Americas,High,High,2026-03-22,2026-09-04,CVE-2026-18602,False,False
THREAT-02204,Nation-State (Russia),Credential Theft,T1021 Remote Services,Insurance,Cloud VM,True,14,0.15,India,High,Low,2025-06-11,2025-07-16,CVE-2026-7138,False,False
THREAT-02205,Kimsuky,Cloud Misconfiguration Exploitation,T1021 Remote Services,Energy,API Gateway,False,49,0.39,Americas,Medium,Low,2021-12-07,2022-07-18,,False,False
THREAT-02206,Conti,Cryptojacking,T1021 Remote Services,E-commerce,Employee Laptop,False,72,0.48,Global,Medium,Low,2024-03-08,2024-03-29,,False,False
THREAT-02207,FIN7,Phishing,T1003 OS Credential Dumping,Government,Kubernetes Cluster,True,22,0.55,India,High,Low,2026-01-01,2026-09-04,,False,False
THREAT-02208,Nation-State (Russia),Credential Theft,T1071 Application Layer Protocol,IT Services,Payment Gateway,True,49,0.55,India,Low,High,2022-09-14,2022-12-05,,False,False
THREAT-02209,APT29,Phishing,T1071 Application Layer Protocol,Government,Web Server,True,44,0.39,Asia-Pacific,High,Low,2022-06-01,2022-08-07,CVE-2026-48548,False,False
THREAT-02210,Kimsuky,Zero-Day Exploit,T1082 System Information Discovery,Energy,Kubernetes Cluster,False,25,0.43,EMEA,Low,Low,2025-12-31,2026-09-04,CVE-2026-44181,False,False
THREAT-02211,Nation-State (Russia),Insider Threat,T1021 Remote Services,Manufacturing,Employee Laptop,False,4,0.34,EMEA,Medium,High,2026-02-03,2026-03-03,CVE-2026-73609,False,True
THREAT-02212,ALPHV,Insider Threat,T1048 Exfiltration Over Alternative Protocol,Education,API Gateway,False,3,0.17,Americas,Low,Medium,2023-03-14,2023-03-28,CVE-2026-85049,False,True
THREAT-02213,Lazarus Group,Insider Threat,T1027 Obfuscated Files or Information,Government,Database Server,False,1,0.22,India,Medium,Medium,2026-04-19,2026-04-25,CVE-2026-72421,False,True
THREAT-02214,Hacktivist Group,Business Email Compromise,T1027 Obfuscated Files or Information,Manufacturing,Storage Bucket,True,62,0.39,Global,Critical,High,2021-06-08,2021-10-10,CVE-2026-9405,False,False
THREAT-02215,FIN7,Ransomware,T1566 Phishing,Energy,Domain Controller,False,36,0.5,India,Critical,Medium,2025-12-08,2026-01-31,,True,False
THREAT-02216,Cybercrime Syndicate,Phishing,T1070 Indicator Removal,E-commerce,Web Server,False,7,0.56,Americas,High,Medium,2023-06-28,2023-11-09,,False,True
THREAT-02217,Cybercrime Syndicate,Credential Theft,T1486 Data Encrypted for Impact,Energy,API Gateway,True,84,0.43,Americas,Medium,Medium,2024-09-05,2024-11-08,,False,False
THREAT-02218,SilverFox,Supply Chain Attack,T1486 Data Encrypted for Impact,IT Services,SaaS Application,True,39,0.22,India,Low,High,2025-11-28,2026-07-18,,False,True
THREAT-02219,SilverFox,Insider Threat,T1569 System Services,Energy,Domain Controller,False,9,0.23,India,High,High,2022-03-04,2022-07-05,CVE-2026-84672,False,True
THREAT-02220,Scattered Spider,Cryptojacking,T1036 Masquerading,Manufacturing,Kubernetes Cluster,True,37,0.52,Global,Medium,Low,2022-02-15,2023-02-15,CVE-2026-15933,False,False
THREAT-02221,Cybercrime Syndicate,Web Application Attack,T1486 Data Encrypted for Impact,Government,Database Server,True,46,0.27,Global,High,High,2025-11-09,2025-12-27,,False,False
THREAT-02222,Turla,Insider Threat,T1082 System Information Discovery,Government,API Gateway,False,10,0.26,EMEA,Critical,High,2022-06-06,2023-02-14,,False,True
THREAT-02223,Unknown,Web Application Attack,T1027 Obfuscated Files or Information,Insurance,Web Server,False,50,0.21,EMEA,Medium,Low,2022-01-20,2022-06-11,CVE-2026-16367,False,False
THREAT-02224,TA505,Data Exfiltration,T1003 OS Credential Dumping,Education,Domain Controller,False,30,0.48,Asia-Pacific,High,Low,2024-06-17,2025-03-10,,False,False
THREAT-02225,Mustang Panda,Ransomware,T1070 Indicator Removal,IT Services,Database Server,False,25,0.62,Global,High,High,2025-03-22,2026-03-12,CVE-2026-8810,True,True
THREAT-02226,Hacktivist Group,Ransomware,T1133 External Remote Services,Government,Employee Laptop,True,33,0.64,Americas,Critical,Low,2021-11-13,2022-03-30,,True,True
THREAT-02227,TA505,Data Exfiltration,T1055 Process Injection,Education,API Gateway,True,84,0.49,Asia-Pacific,Low,High,2026-07-10,2026-09-04,,False,True
THREAT-02228,Scattered Spider,Data Exfiltration,T1566 Phishing,E-commerce,SaaS Application,True,13,0.47,India,Critical,High,2026-06-04,2026-07-17,,True,False
THREAT-02229,Script Kiddie,Phishing,T1036 Masquerading,Energy,Storage Bucket,True,65,0.35,India,High,Medium,2024-08-27,2025-06-17,CVE-2026-59236,False,False
THREAT-02230,Nation-State (Iran),Data Exfiltration,T1110 Brute Force,Manufacturing,Employee Laptop,True,94,0.4,India,Low,Medium,2023-11-17,2024-10-15,CVE-2026-55733,False,False
THREAT-02231,Cybercrime Syndicate,Cryptojacking,T1082 System Information Discovery,Healthcare,Payment Gateway,True,55,0.1,Global,Medium,High,2025-11-04,2026-03-06,CVE-2026-53785,False,False
THREAT-02232,Cybercrime Syndicate,Cryptojacking,T1070 Indicator Removal,Manufacturing,Kubernetes Cluster,False,68,0.16,Global,High,High,2025-01-18,2025-05-20,,True,False
THREAT-02233,Insider,DDoS,T1027 Obfuscated Files or Information,Government,API Gateway,False,146,0.89,Asia-Pacific,High,Medium,2023-09-30,2024-06-08,CVE-2026-49211,False,False
THREAT-02234,APT28,Supply Chain Attack,T1486 Data Encrypted for Impact,Government,Email Server,False,53,0.38,Global,High,Low,2021-10-16,2022-07-12,,False,True
THREAT-02235,APT29,Cryptojacking,T1048 Exfiltration Over Alternative Protocol,E-commerce,Email Server,False,47,0.39,EMEA,Critical,Low,2024-11-03,2025-02-01,,False,False
THREAT-02236,Kimsuky,Data Exfiltration,T1070 Indicator Removal,E-commerce,Employee Laptop,False,63,0.47,India,Low,High,2025-05-27,2026-03-16,,False,True
THREAT-02237,Unknown,Cryptojacking,T1027 Obfuscated Files or Information,Education,SaaS Application,False,70,0.5,India,Critical,Medium,2021-10-10,2022-05-03,,False,False
THREAT-02238,Kimsuky,Web Application Attack,T1569 System Services,Government,Database Server,False,79,0.31,Global,High,High,2025-03-29,2025-10-16,,False,True
THREAT-02239,Hacktivist Group,Ransomware,T1082 System Information Discovery,Government,SaaS Application,True,22,0.76,EMEA,Medium,High,2025-06-14,2026-02-02,,True,False
THREAT-02240,APT28,Zero-Day Exploit,T1027 Obfuscated Files or Information,Government,Payment Gateway,True,31,0.48,Global,Critical,High,2021-06-12,2021-11-19,,False,True
THREAT-02241,APT29,Business Email Compromise,T1562 Impair Defenses,Government,Cloud VM,False,41,0.11,Asia-Pacific,Medium,Medium,2024-02-15,2024-09-23,,False,False
THREAT-02242,Unknown,Credential Theft,T1036 Masquerading,Energy,Cloud VM,False,86,0.23,India,Critical,High,2025-07-21,2025-08-30,,False,False
THREAT-02243,Insider,Ransomware,T1110 Brute Force,Manufacturing,SaaS Application,False,14,0.73,Asia-Pacific,High,Medium,2025-04-15,2025-06-17,,True,False
THREAT-02244,Sandworm,Cloud Misconfiguration Exploitation,T1021 Remote Services,Insurance,Employee Laptop,False,32,0.31,Global,Critical,High,2026-06-23,2026-09-04,CVE-2026-65888,True,False
THREAT-02245,Scattered Spider,Zero-Day Exploit,T1053 Scheduled Task/Job,Energy,API Gateway,True,54,0.36,Asia-Pacific,High,Low,2021-09-20,2021-10-20,,False,False
THREAT-02246,APT28,Data Exfiltration,T1105 Ingress Tool Transfer,E-commerce,API Gateway,True,35,0.57,EMEA,Low,Low,2022-11-18,2023-04-25,CVE-2026-67364,False,False
THREAT-02247,Cybercrime Syndicate,DDoS,T1486 Data Encrypted for Impact,Manufacturing,Storage Bucket,False,152,0.64,Americas,Critical,High,2021-07-31,2022-01-27,,False,False
THREAT-02248,FIN7,Business Email Compromise,T1078 Valid Accounts,Government,Web Server,False,46,0.13,Global,Medium,Low,2022-12-20,2023-01-19,,False,True
THREAT-02249,APT29,DDoS,T1053 Scheduled Task/Job,Government,Storage Bucket,False,139,0.59,EMEA,Low,High,2024-10-31,2024-12-04,,False,False
THREAT-02250,Scattered Spider,Insider Threat,T1027 Obfuscated Files or Information,Government,Payment Gateway,True,4,0.27,Americas,Critical,Low,2023-04-11,2023-08-27,,False,True
THREAT-02251,Turla,Insider Threat,T1569 System Services,Telecom,Kubernetes Cluster,False,8,0.39,Americas,Critical,Low,2025-10-21,2025-12-20,CVE-2026-74475,False,True
THREAT-02252,APT28,Phishing,T1078 Valid Accounts,Government,Web Server,False,15,0.28,EMEA,Critical,Low,2025-05-04,2025-09-14,,False,True
THREAT-02253,Nation-State (China),Credential Theft,T1486 Data Encrypted for Impact,Insurance,SaaS Application,True,18,0.45,India,Medium,Medium,2024-06-18,2025-02-10,,False,False
THREAT-02254,Insider,Cloud Misconfiguration Exploitation,T1110 Brute Force,Government,API Gateway,True,35,0.48,Americas,High,Low,2022-11-14,2023-03-21,,False,True
THREAT-02255,APT28,DDoS,T1055 Process Injection,Government,Email Server,True,54,0.63,India,Medium,High,2024-11-20,2025-01-17,,False,False
THREAT-02256,Nation-State (Iran),Insider Threat,T1110 Brute Force,Education,API Gateway,True,8,0.25,India,High,Medium,2024-06-08,2024-11-10,CVE-2026-76008,False,True
THREAT-02257,Nation-State (Russia),DDoS,T1082 System Information Discovery,Manufacturing,Storage Bucket,True,171,0.57,Asia-Pacific,High,Low,2026-02-14,2026-03-15,CVE-2026-85236,False,False
THREAT-02258,APT29,Cloud Misconfiguration Exploitation,T1071 Application Layer Protocol,Energy,Storage Bucket,False,91,0.44,EMEA,Low,Medium,2025-04-14,2026-03-28,,False,False
THREAT-02259,Scattered Spider,Cryptojacking,T1486 Data Encrypted for Impact,Education,SaaS Application,False,74,0.16,India,Low,Low,2021-09-22,2021-11-25,,True,False
THREAT-02260,APT28,Credential Theft,T1133 External Remote Services,Insurance,Employee Laptop,True,19,0.48,EMEA,Medium,Low,2025-04-06,2025-09-22,,False,False
THREAT-02261,ALPHV,Zero-Day Exploit,T1036 Masquerading,Government,Domain Controller,False,35,0.14,Asia-Pacific,Medium,Medium,2023-11-17,2024-01-15,CVE-2026-77217,False,False
THREAT-02262,Kimsuky,Ransomware,T1566 Phishing,Government,SaaS Application,True,42,0.79,Asia-Pacific,High,Low,2022-09-22,2023-07-25,,True,False
THREAT-02263,Conti,Cryptojacking,T1078 Valid Accounts,Manufacturing,Cloud VM,False,41,0.31,India,Critical,Low,2021-10-31,2022-07-13,CVE-2026-81028,False,False
THREAT-02264,Lazarus Group,Web Application Attack,T1569 System Services,Government,Cloud VM,True,59,0.16,Global,Low,Low,2021-12-01,2022-02-26,CVE-2026-44181,False,False
THREAT-02265,SilverFox,Data Exfiltration,T1055 Process Injection,Manufacturing,Employee Laptop,True,27,0.35,India,High,High,2024-08-03,2024-10-16,CVE-2026-85051,False,False
THREAT-02266,Unknown,Business Email Compromise,T1078 Valid Accounts,Government,API Gateway,False,68,0.24,Global,Medium,Low,2022-12-16,2023-11-24,,False,False
THREAT-02267,Lazarus Group,Credential Theft,T1059 Command and Scripting Interpreter,Energy,Kubernetes Cluster,True,90,0.21,Asia-Pacific,High,High,2021-06-19,2021-11-22,,False,False
THREAT-02268,Lazarus Group,Cloud Misconfiguration Exploitation,T1036 Masquerading,E-commerce,Kubernetes Cluster,True,13,0.2,Asia-Pacific,Critical,Medium,2025-03-31,2025-09-29,CVE-2026-18589,False,False
THREAT-02269,Script Kiddie,Zero-Day Exploit,T1190 Exploit Public-Facing Application,Telecom,Storage Bucket,False,17,0.27,Americas,High,Low,2023-02-12,2023-02-28,CVE-2026-6026,False,True
THREAT-02270,APT28,Web Application Attack,T1569 System Services,Energy,API Gateway,False,59,0.17,EMEA,Medium,Medium,2023-03-10,2024-01-30,CVE-2026-16270,True,True
THREAT-02271,FIN7,Insider Threat,T1078 Valid Accounts,E-commerce,Email Server,False,9,0.38,India,Critical,High,2021-10-09,2022-08-02,,False,True
THREAT-02272,LockBit,DDoS,T1053 Scheduled Task/Job,Energy,Payment Gateway,False,85,0.73,Americas,Medium,High,2021-07-04,2022-05-06,,False,False
THREAT-02273,Script Kiddie,Data Exfiltration,T1110 Brute Force,Energy,Kubernetes Cluster,False,91,0.35,Americas,High,Low,2023-03-26,2023-08-16,CVE-2026-17599,False,False
THREAT-02274,REvil,Insider Threat,T1055 Process Injection,E-commerce,Kubernetes Cluster,True,10,0.13,Americas,Critical,High,2024-02-23,2024-11-24,CVE-2026-27604,False,True
THREAT-02275,Turla,Ransomware,T1562 Impair Defenses,Energy,Web Server,False,23,0.5,India,High,Medium,2023-07-24,2024-07-03,,True,True
THREAT-02276,Conti,Business Email Compromise,T1048 Exfiltration Over Alternative Protocol,Insurance,SaaS Application,False,12,0.55,Americas,Medium,High,2023-06-17,2023-10-30,,False,False
THREAT-02277,Lazarus Group,Credential Theft,T1110 Brute Force,E-commerce,Database Server,False,92,0.52,India,Critical,Medium,2024-01-01,2024-04-07,CVE-2026-24772,False,False
THREAT-02278,Nation-State (Russia),Cloud Misconfiguration Exploitation,T1133 External Remote Services,Manufacturing,Database Server,True,62,0.38,EMEA,Low,High,2022-12-22,2023-05-10,CVE-2026-71959,False,False
THREAT-02279,Nation-State (China),DDoS,T1027 Obfuscated Files or Information,Insurance,Kubernetes Cluster,True,150,0.44,Americas,High,High,2023-04-02,2023-08-31,CVE-2026-2686,False,False
THREAT-02280,FIN7,Business Email Compromise,T1078 Valid Accounts,Government,Payment Gateway,False,6,0.48,Americas,Medium,Low,2024-05-30,2025-03-01,,False,False
THREAT-02281,Sandworm,Data Exfiltration,T1569 System Services,Government,SaaS Application,False,14,0.46,Americas,High,Medium,2026-02-19,2026-09-04,,False,False
THREAT-02282,APT28,Ransomware,T1105 Ingress Tool Transfer,Manufacturing,Kubernetes Cluster,False,49,0.78,EMEA,High,High,2026-01-24,2026-07-28,,True,True
THREAT-02283,Lazarus Group,Business Email Compromise,T1055 Process Injection,E-commerce,Web Server,True,91,0.13,Global,Medium,Low,2023-11-24,2024-04-02,,False,False
THREAT-02284,Cybercrime Syndicate,Cloud Misconfiguration Exploitation,T1105 Ingress Tool Transfer,Energy,Kubernetes Cluster,False,11,0.48,Americas,Low,High,2021-07-19,2022-03-17,,False,True
THREAT-02285,Insider,DDoS,T1059 Command and Scripting Interpreter,Manufacturing,Database Server,False,28,0.72,EMEA,Critical,Low,2025-04-13,2026-01-10,CVE-2026-44181,False,False
THREAT-02286,Insider,Ransomware,T1036 Masquerading,Education,Domain Controller,True,14,0.74,Asia-Pacific,High,Medium,2025-05-01,2025-08-20,CVE-2026-54305,True,True
THREAT-02287,FIN7,Insider Threat,T1027 Obfuscated Files or Information,Insurance,Email Server,False,2,0.28,EMEA,Low,Low,2025-11-23,2025-12-19,,False,True
THREAT-02288,APT28,Zero-Day Exploit,T1486 Data Encrypted for Impact,Healthcare,SaaS Application,True,61,0.38,Americas,Critical,High,2021-05-24,2021-08-09,,False,False
THREAT-02289,Nation-State (Russia),Business Email Compromise,T1105 Ingress Tool Transfer,IT Services,Email Server,False,29,0.36,Global,Low,Medium,2024-10-22,2024-12-07,,False,True
THREAT-02290,Unknown,Supply Chain Attack,T1027 Obfuscated Files or Information,Energy,Payment Gateway,False,7,0.53,Americas,High,High,2021-10-04,2021-12-14,,False,False
THREAT-02291,Nation-State (Iran),Cryptojacking,T1021 Remote Services,Government,Email Server,False,46,0.59,EMEA,Low,Medium,2022-07-17,2023-05-20,CVE-2026-5975,False,True
THREAT-02292,Hacktivist Group,Business Email Compromise,T1036 Masquerading,Energy,Employee Laptop,False,26,0.47,Asia-Pacific,Medium,High,2025-01-21,2025-04-24,CVE-2026-30934,False,True
THREAT-02293,Script Kiddie,Credential Theft,T1566 Phishing,E-commerce,Email Server,False,62,0.35,Americas,Critical,Medium,2023-03-17,2023-10-26,,False,False
THREAT-02294,Hacktivist Group,Data Exfiltration,T1055 Process Injection,E-commerce,SaaS Application,False,96,0.27,EMEA,Medium,Medium,2022-09-09,2023-01-05,,False,False
THREAT-02295,Nation-State (Iran),Web Application Attack,T1053 Scheduled Task/Job,Manufacturing,API Gateway,True,38,0.14,India,Low,Medium,2021-12-04,2022-01-15,CVE-2026-80552,False,False
THREAT-02296,Mustang Panda,Credential Theft,T1082 System Information Discovery,Government,Payment Gateway,False,93,0.23,Global,Low,Low,2024-07-06,2025-05-12,CVE-2026-82265,False,False
THREAT-02297,Mustang Panda,Ransomware,T1133 External Remote Services,Education,Database Server,True,20,0.4,Asia-Pacific,High,Low,2026-04-10,2026-05-18,,True,True
THREAT-02298,Nation-State (Russia),Web Application Attack,T1110 Brute Force,Manufacturing,Database Server,False,7,0.14,India,Critical,High,2024-10-21,2025-01-21,CVE-2026-27544,False,False
THREAT-02299,APT29,Cloud Misconfiguration Exploitation,T1021 Remote Services,E-commerce,Email Server,False,46,0.57,India,High,Medium,2023-02-07,2023-09-07,,False,False
THREAT-02300,FIN7,Phishing,T1566 Phishing,E-commerce,API Gateway,True,31,0.12,Americas,High,Medium,2024-03-19,2024-07-26,CVE-2026-80552,True,False
THREAT-02301,Lazarus Group,Business Email Compromise,T1048 Exfiltration Over Alternative Protocol,E-commerce,Email Server,True,5,0.11,Global,High,Low,2024-11-27,2025-07-08,,False,False
THREAT-02302,LockBit,Cryptojacking,T1021 Remote Services,Energy,Cloud VM,True,54,0.18,Global,Medium,Low,2024-12-22,2025-09-12,,False,False
THREAT-02303,Script Kiddie,Phishing,T1036 Masquerading,Energy,Cloud VM,False,94,0.56,EMEA,Medium,Medium,2022-02-06,2022-04-24,,True,True
THREAT-02304,ALPHV,Cloud Misconfiguration Exploitation,T1003 OS Credential Dumping,Education,SaaS Application,False,94,0.3,Americas,Critical,High,2024-04-30,2025-01-26,,False,False
THREAT-02305,REvil,Phishing,T1569 System Services,Energy,SaaS Application,False,74,0.42,India,Medium,Low,2024-03-18,2025-03-02,,False,True
THREAT-02306,Sandworm,Supply Chain Attack,T1053 Scheduled Task/Job,Energy,Database Server,False,72,0.44,India,Low,Low,2021-06-24,2022-04-20,,False,True
THREAT-02307,Insider,Data Exfiltration,T1190 Exploit Public-Facing Application,Energy,Web Server,False,83,0.32,EMEA,Critical,Medium,2022-08-05,2023-07-29,,False,False
THREAT-02308,Insider,Zero-Day Exploit,T1082 System Information Discovery,Manufacturing,Cloud VM,False,97,0.33,Americas,High,High,2023-08-21,2024-02-18,,False,False
THREAT-02309,Unknown,Supply Chain Attack,T1027 Obfuscated Files or Information,Government,Email Server,True,49,0.14,India,High,Low,2023-05-09,2024-03-01,,False,True
THREAT-02310,TA505,Business Email Compromise,T1566 Phishing,Energy,API Gateway,True,37,0.32,EMEA,High,Medium,2021-04-20,2021-08-26,CVE-2026-77026,False,True
THREAT-02311,Mustang Panda,Credential Theft,T1133 External Remote Services,E-commerce,Database Server,False,91,0.48,Global,Critical,High,2024-10-08,2025-03-31,,False,True
THREAT-02312,Conti,Business Email Compromise,T1071 Application Layer Protocol,E-commerce,API Gateway,False,88,0.45,EMEA,Medium,Medium,2025-02-03,2025-10-11,CVE-2026-8983,False,True
THREAT-02313,Scattered Spider,DDoS,T1059 Command and Scripting Interpreter,Manufacturing,API Gateway,False,133,0.87,Americas,Low,High,2024-10-07,2025-09-10,CVE-2026-71313,False,False
THREAT-02314,Lazarus Group,Credential Theft,T1053 Scheduled Task/Job,Energy,Cloud VM,False,8,0.15,Americas,Medium,High,2022-11-27,2023-08-09,CVE-2026-67283,False,True
THREAT-02315,Kimsuky,Phishing,T1059 Command and Scripting Interpreter,Healthcare,Storage Bucket,False,11,0.44,Global,Medium,High,2022-11-24,2023-11-07,,False,True
THREAT-02316,TA505,Ransomware,T1569 System Services,Insurance,Payment Gateway,False,36,0.34,India,High,Low,2021-12-31,2022-11-27,CVE-2026-13348,True,False
THREAT-02317,ALPHV,Cryptojacking,T1071 Application Layer Protocol,E-commerce,Storage Bucket,True,81,0.1,India,Medium,High,2024-04-27,2024-07-13,,False,False
THREAT-02318,Insider,Cloud Misconfiguration Exploitation,T1110 Brute Force,Insurance,Cloud VM,False,79,0.13,India,Low,Low,2022-12-25,2023-08-31,,False,False
THREAT-02319,Kimsuky,Zero-Day Exploit,T1110 Brute Force,IT Services,SaaS Application,True,62,0.23,EMEA,Low,High,2021-12-26,2022-02-02,CVE-2026-60389,False,False
THREAT-02320,ALPHV,Insider Threat,T1078 Valid Accounts,E-commerce,Kubernetes Cluster,False,9,0.11,Asia-Pacific,Critical,Low,2024-09-08,2025-08-20,,False,True
THREAT-02321,Cybercrime Syndicate,Zero-Day Exploit,T1110 Brute Force,IT Services,Cloud VM,True,96,0.49,India,Medium,Low,2022-09-26,2022-10-15,,False,False
THREAT-02322,Scattered Spider,Cryptojacking,T1059 Command and Scripting Interpreter,E-commerce,Domain Controller,False,48,0.47,Global,Medium,Low,2022-10-14,2023-07-13,,False,False
THREAT-02323,Nation-State (Russia),Web Application Attack,T1055 Process Injection,Government,Kubernetes Cluster,False,11,0.39,EMEA,Low,Medium,2024-11-01,2025-06-26,,False,False
THREAT-02324,Conti,Web Application Attack,T1562 Impair Defenses,Healthcare,Payment Gateway,True,92,0.54,India,Critical,Low,2024-05-16,2025-02-23,,True,True
THREAT-02325,SilverFox,Ransomware,T1053 Scheduled Task/Job,Manufacturing,Database Server,True,12,0.52,Americas,Critical,Low,2023-12-11,2024-06-29,,True,True
THREAT-02326,Hacktivist Group,Business Email Compromise,T1082 System Information Discovery,Manufacturing,Storage Bucket,False,24,0.1,EMEA,Medium,Low,2025-01-26,2025-07-12,CVE-2026-10561,False,True
THREAT-02327,Cybercrime Syndicate,DDoS,T1082 System Information Discovery,Manufacturing,Storage Bucket,True,88,0.63,EMEA,Medium,Low,2023-05-11,2023-06-25,CVE-2026-84669,False,False
THREAT-02328,Insider,Cloud Misconfiguration Exploitation,T1569 System Services,Healthcare,Employee Laptop,False,87,0.46,Asia-Pacific,Low,High,2024-11-29,2025-11-29,,False,False
THREAT-02329,REvil,Insider Threat,T1059 Command and Scripting Interpreter,IT Services,Email Server,True,2,0.13,Americas,Medium,High,2025-01-01,2025-07-08,CVE-2026-82455,False,True
THREAT-02330,Script Kiddie,Credential Theft,T1021 Remote Services,IT Services,Domain Controller,True,27,0.58,Global,Medium,Medium,2022-04-24,2022-07-29,,False,False
THREAT-02331,Conti,Business Email Compromise,T1021 Remote Services,Energy,Email Server,False,37,0.48,EMEA,Medium,Medium,2021-05-04,2021-05-06,CVE-2026-79182,False,False
THREAT-02332,SilverFox,Supply Chain Attack,T1055 Process Injection,IT Services,Employee Laptop,False,57,0.59,Asia-Pacific,Medium,High,2025-10-10,2026-09-04,,False,False
THREAT-02333,Nation-State (Iran),Credential Theft,T1078 Valid Accounts,Telecom,Web Server,True,72,0.27,Asia-Pacific,Critical,High,2024-07-06,2025-01-03,,False,False
THREAT-02334,REvil,Data Exfiltration,T1070 Indicator Removal,E-commerce,Cloud VM,False,29,0.51,Global,Medium,High,2022-07-05,2022-10-17,CVE-2026-5850,False,False
THREAT-02335,ALPHV,Cryptojacking,T1105 Ingress Tool Transfer,Energy,Employee Laptop,True,90,0.37,Americas,High,Low,2025-11-22,2026-09-04,,False,False
THREAT-02336,Cybercrime Syndicate,Insider Threat,T1082 System Information Discovery,Education,API Gateway,True,1,0.39,India,Low,Medium,2024-04-11,2024-10-28,,False,True
THREAT-02337,Lazarus Group,Business Email Compromise,T1110 Brute Force,Telecom,API Gateway,True,77,0.39,Americas,Low,High,2025-05-18,2025-07-30,,False,True
THREAT-02338,Sandworm,Cryptojacking,T1566 Phishing,E-commerce,Storage Bucket,False,14,0.24,India,Critical,High,2024-03-27,2025-03-15,,False,False
THREAT-02339,Sandworm,Zero-Day Exploit,T1078 Valid Accounts,Government,Web Server,False,66,0.49,Americas,Low,Low,2025-12-16,2026-06-30,CVE-2026-62193,False,True
THREAT-02340,Insider,Phishing,T1082 System Information Discovery,Healthcare,API Gateway,False,89,0.52,Global,Medium,High,2024-10-04,2025-09-05,CVE-2026-76611,False,False
THREAT-02341,Mustang Panda,Cryptojacking,T1070 Indicator Removal,Healthcare,API Gateway,False,58,0.28,Americas,Medium,Medium,2025-04-27,2025-07-19,CVE-2026-17348,False,False
THREAT-02342,Mustang Panda,Business Email Compromise,T1110 Brute Force,E-commerce,Web Server,False,43,0.42,Global,High,High,2025-08-13,2025-11-10,CVE-2026-16441,False,True
THREAT-02343,Sandworm,Cloud Misconfiguration Exploitation,T1082 System Information Discovery,Government,Cloud VM,True,48,0.37,India,Medium,High,2023-09-03,2023-10-02,CVE-2026-58157,False,False
THREAT-02344,Hacktivist Group,Ransomware,T1562 Impair Defenses,Energy,Domain Controller,False,7,0.5,Americas,Medium,High,2026-04-01,2026-04-10,,True,True
THREAT-02345,Sandworm,Cryptojacking,T1071 Application Layer Protocol,Government,Kubernetes Cluster,True,23,0.55,EMEA,Low,High,2022-07-20,2023-05-21,CVE-2026-18615,False,True
THREAT-02346,TA505,Data Exfiltration,T1021 Remote Services,Education,Cloud VM,True,95,0.48,Global,High,Low,2022-08-18,2022-10-15,CVE-2026-20357,False,False
THREAT-02347,Nation-State (China),Data Exfiltration,T1003 OS Credential Dumping,Manufacturing,Cloud VM,False,14,0.35,Global,Critical,Medium,2024-10-08,2024-11-30,CVE-2026-21058,False,True
THREAT-02348,SilverFox,DDoS,T1036 Masquerading,Manufacturing,Email Server,False,22,0.53,Global,Critical,Medium,2022-07-20,2022-09-24,CVE-2026-85199,False,False
THREAT-02349,Kimsuky,Ransomware,T1486 Data Encrypted for Impact,E-commerce,Domain Controller,False,44,0.71,EMEA,Low,Medium,2025-03-07,2025-05-25,CVE-2026-58115,True,False
THREAT-02350,Mustang Panda,Web Application Attack,T1021 Remote Services,Insurance,Payment Gateway,False,56,0.2,Global,Low,Medium,2023-06-19,2023-08-26,,False,False
THREAT-02351,Kimsuky,Cryptojacking,T1053 Scheduled Task/Job,E-commerce,SaaS Application,False,16,0.15,Americas,Low,Medium,2022-04-21,2023-04-06,CVE-2026-6156,False,False
THREAT-02352,Kimsuky,Credential Theft,T1071 Application Layer Protocol,Energy,Email Server,False,54,0.31,Asia-Pacific,Low,Medium,2025-09-13,2026-08-29,CVE-2026-64812,True,False
THREAT-02353,Sandworm,Zero-Day Exploit,T1190 Exploit Public-Facing Application,Government,Web Server,True,13,0.53,Global,Low,Low,2022-03-18,2022-04-18,,False,False
THREAT-02354,Kimsuky,Business Email Compromise,T1078 Valid Accounts,Telecom,Employee Laptop,False,75,0.51,Americas,Critical,Medium,2026-04-25,2026-09-04,,False,False
THREAT-02355,Sandworm,Web Application Attack,T1105 Ingress Tool Transfer,Government,Web Server,True,78,0.24,Americas,High,High,2021-05-19,2022-01-23,,True,True
THREAT-02356,Turla,Cloud Misconfiguration Exploitation,T1566 Phishing,Energy,Cloud VM,False,44,0.33,EMEA,Low,High,2025-02-12,2026-02-08,CVE-2026-82222,False,False
THREAT-02357,Lazarus Group,Cloud Misconfiguration Exploitation,T1486 Data Encrypted for Impact,E-commerce,SaaS Application,True,43,0.52,Global,Critical,Medium,2021-09-26,2022-02-11,,False,False
THREAT-02358,Script Kiddie,Insider Threat,T1021 Remote Services,Energy,Email Server,False,2,0.19,Americas,High,High,2022-04-13,2022-08-06,,False,True
THREAT-02359,Sandworm,Web Application Attack,T1053 Scheduled Task/Job,Energy,Email Server,True,51,0.2,Asia-Pacific,Critical,High,2025-07-26,2025-11-29,CVE-2026-10187,False,False
THREAT-02360,REvil,Zero-Day Exploit,T1003 OS Credential Dumping,Manufacturing,SaaS Application,False,24,0.44,Americas,Medium,Low,2024-10-07,2025-06-10,,False,False
THREAT-02361,Script Kiddie,Insider Threat,T1566 Phishing,Healthcare,Storage Bucket,False,2,0.27,EMEA,Medium,High,2024-03-13,2024-08-16,CVE-2026-64812,False,True
THREAT-02362,Insider,Supply Chain Attack,T1078 Valid Accounts,E-commerce,Kubernetes Cluster,False,73,0.19,Americas,Critical,Low,2025-07-25,2025-11-01,,False,False
THREAT-02363,Unknown,Web Application Attack,T1190 Exploit Public-Facing Application,Telecom,Payment Gateway,False,86,0.39,India,Critical,High,2026-01-08,2026-09-04,,False,False
THREAT-02364,Nation-State (China),Ransomware,T1190 Exploit Public-Facing Application,Energy,Employee Laptop,True,6,0.78,Asia-Pacific,Low,Medium,2024-10-27,2024-11-21,,True,True
THREAT-02365,ALPHV,Zero-Day Exploit,T1059 Command and Scripting Interpreter,IT Services,API Gateway,False,16,0.41,EMEA,High,Low,2025-06-11,2025-10-10,,False,False
THREAT-02366,Script Kiddie,Cryptojacking,T1036 Masquerading,Government,SaaS Application,False,77,0.31,Global,Low,Medium,2024-02-19,2024-12-15,CVE-2026-27875,False,True
THREAT-02367,Sandworm,Zero-Day Exploit,T1486 Data Encrypted for Impact,Energy,Payment Gateway,False,29,0.33,India,Critical,High,2023-07-04,2024-01-26,,False,False
THREAT-02368,Lazarus Group,Credential Theft,T1053 Scheduled Task/Job,Energy,Database Server,True,71,0.3,Global,Low,Medium,2021-06-01,2022-02-24,,False,False
THREAT-02369,Cybercrime Syndicate,Credential Theft,T1053 Scheduled Task/Job,Government,Database Server,False,23,0.18,India,High,Medium,2026-06-18,2026-09-04,,False,False
THREAT-02370,LockBit,Cryptojacking,T1486 Data Encrypted for Impact,Manufacturing,SaaS Application,True,61,0.56,Asia-Pacific,Low,Low,2025-04-14,2025-07-16,CVE-2026-82478,False,True
THREAT-02371,Sandworm,Phishing,T1105 Ingress Tool Transfer,IT Services,SaaS Application,False,44,0.37,EMEA,Critical,High,2021-07-12,2022-01-26,,True,False
THREAT-02372,REvil,Data Exfiltration,T1059 Command and Scripting Interpreter,Energy,Web Server,True,92,0.42,Global,Low,High,2024-08-26,2024-11-07,,False,False
THREAT-02373,APT29,Credential Theft,T1105 Ingress Tool Transfer,Manufacturing,Email Server,False,53,0.12,EMEA,Low,High,2022-03-26,2022-07-18,,False,False
THREAT-02374,REvil,Insider Threat,T1190 Exploit Public-Facing Application,Government,Cloud VM,True,7,0.34,Global,Critical,Low,2025-06-11,2026-01-13,CVE-2026-73049,False,True
THREAT-02375,Nation-State (Iran),Zero-Day Exploit,T1082 System Information Discovery,E-commerce,Cloud VM,False,29,0.21,Americas,Low,High,2021-08-26,2022-07-09,CVE-2026-12485,True,False
THREAT-02376,REvil,Cryptojacking,T1078 Valid Accounts,E-commerce,Storage Bucket,True,48,0.58,EMEA,Critical,Medium,2023-02-28,2024-01-05,,False,True
THREAT-02377,Turla,Web Application Attack,T1036 Masquerading,Government,Employee Laptop,False,52,0.34,Asia-Pacific,High,Low,2025-10-22,2026-03-31,,False,False
THREAT-02378,Mustang Panda,Ransomware,T1569 System Services,Insurance,Storage Bucket,False,21,0.32,EMEA,Critical,High,2026-05-13,2026-06-12,,True,False
THREAT-02379,Nation-State (Russia),Data Exfiltration,T1566 Phishing,Manufacturing,Storage Bucket,False,54,0.34,Global,Medium,Medium,2022-12-14,2023-01-31,,False,False
THREAT-02380,Insider,Ransomware,T1133 External Remote Services,E-commerce,Domain Controller,False,5,0.61,India,Low,High,2021-06-29,2021-08-22,,True,True
THREAT-02381,Script Kiddie,Cloud Misconfiguration Exploitation,T1190 Exploit Public-Facing Application,Government,SaaS Application,False,55,0.3,Americas,Critical,High,2021-07-28,2021-12-14,,False,False
THREAT-02382,LockBit,Web Application Attack,T1082 System Information Discovery,E-commerce,Database Server,False,97,0.21,Americas,Low,Low,2026-07-21,2026-09-04,,False,True
THREAT-02383,Insider,Data Exfiltration,T1566 Phishing,Energy,Storage Bucket,True,96,0.53,Americas,Medium,Low,2021-12-28,2022-10-01,CVE-2026-72820,False,False
THREAT-02384,FIN7,Ransomware,T1048 Exfiltration Over Alternative Protocol,Government,Email Server,False,17,0.33,India,Low,Medium,2022-07-05,2022-07-07,,True,False
THREAT-02385,Scattered Spider,Supply Chain Attack,T1562 Impair Defenses,IT Services,Email Server,True,40,0.53,EMEA,Low,High,2025-07-30,2026-02-13,,False,False
THREAT-02386,Sandworm,Zero-Day Exploit,T1055 Process Injection,Telecom,SaaS Application,False,72,0.5,EMEA,Medium,Low,2024-12-03,2025-02-19,,False,True
THREAT-02387,Script Kiddie,Business Email Compromise,T1110 Brute Force,Education,Web Server,True,11,0.23,EMEA,Medium,Medium,2025-08-17,2026-06-20,,False,False
THREAT-02388,Lazarus Group,Data Exfiltration,T1071 Application Layer Protocol,E-commerce,Web Server,False,51,0.28,Asia-Pacific,Low,Low,2023-03-29,2023-06-02,,False,False
THREAT-02389,Conti,Web Application Attack,T1133 External Remote Services,Government,API Gateway,True,81,0.12,EMEA,Critical,Low,2024-08-27,2025-04-02,,True,False
THREAT-02390,APT28,Business Email Compromise,T1003 OS Credential Dumping,Government,Database Server,True,71,0.24,Asia-Pacific,Critical,Medium,2021-06-22,2022-03-19,,False,False
THREAT-02391,Mustang Panda,Insider Threat,T1078 Valid Accounts,Government,API Gateway,True,6,0.16,Global,Critical,High,2024-08-08,2025-05-27,CVE-2026-16498,False,True
THREAT-02392,Nation-State (Russia),Ransomware,T1070 Indicator Removal,Manufacturing,API Gateway,False,35,0.44,Global,High,Low,2022-01-14,2022-07-23,,True,True
THREAT-02393,Cybercrime Syndicate,Insider Threat,T1133 External Remote Services,Insurance,Email Server,False,7,0.23,Americas,High,Medium,2026-06-10,2026-08-17,,False,True
THREAT-02394,SilverFox,Cloud Misconfiguration Exploitation,T1059 Command and Scripting Interpreter,E-commerce,SaaS Application,True,49,0.23,EMEA,Critical,High,2021-06-21,2021-09-14,,False,False
THREAT-02395,Script Kiddie,Supply Chain Attack,T1110 Brute Force,Energy,Web Server,True,36,0.19,EMEA,High,Medium,2022-11-04,2023-10-17,CVE-2026-52873,True,False
THREAT-02396,Hacktivist Group,Data Exfiltration,T1036 Masquerading,Education,Employee Laptop,True,76,0.13,Global,Medium,High,2022-04-29,2022-09-15,CVE-2026-16117,True,False
THREAT-02397,Nation-State (Russia),Supply Chain Attack,T1105 Ingress Tool Transfer,Energy,Kubernetes Cluster,True,37,0.12,Global,Critical,Medium,2023-11-16,2024-07-03,,False,False
THREAT-02398,LockBit,Ransomware,T1048 Exfiltration Over Alternative Protocol,E-commerce,Cloud VM,True,25,0.37,Americas,Medium,Medium,2022-10-05,2023-03-11,CVE-2026-85062,True,False
THREAT-02399,Insider,Business Email Compromise,T1566 Phishing,Insurance,Database Server,False,36,0.39,India,High,Medium,2024-01-15,2024-10-20,,False,False
THREAT-02400,ALPHV,Insider Threat,T1003 OS Credential Dumping,IT Services,Cloud VM,False,8,0.22,India,High,High,2022-12-17,2023-10-27,CVE-2026-79183,False,True
THREAT-02401,Insider,Insider Threat,T1105 Ingress Tool Transfer,Government,SaaS Application,True,10,0.33,Americas,Medium,High,2024-12-18,2025-12-11,,False,True
THREAT-02402,APT28,Phishing,T1070 Indicator Removal,Energy,Kubernetes Cluster,False,38,0.28,Global,Critical,Medium,2022-01-16,2022-05-31,,True,True
THREAT-02403,ALPHV,Insider Threat,T1078 Valid Accounts,Insurance,Storage Bucket,True,6,0.24,Americas,Low,Low,2025-03-09,2025-04-18,,False,True
THREAT-02404,Mustang Panda,Data Exfiltration,T1562 Impair Defenses,Telecom,Kubernetes Cluster,True,95,0.21,Asia-Pacific,Low,Medium,2022-03-12,2022-12-20,,False,True
THREAT-02405,Kimsuky,Web Application Attack,T1070 Indicator Removal,Government,Payment Gateway,False,12,0.44,Asia-Pacific,High,High,2022-07-24,2022-08-26,,False,True
THREAT-02406,Insider,Phishing,T1569 System Services,Government,Employee Laptop,False,16,0.58,Americas,Low,High,2025-04-08,2025-08-14,,True,False
THREAT-02407,Nation-State (Iran),Phishing,T1110 Brute Force,Manufacturing,Email Server,True,32,0.42,EMEA,Medium,High,2022-03-03,2022-05-01,,False,False
THREAT-02408,Unknown,Business Email Compromise,T1003 OS Credential Dumping,E-commerce,Payment Gateway,True,72,0.3,Global,High,High,2022-02-07,2023-01-12,,False,False
THREAT-02409,REvil,Credential Theft,T1071 Application Layer Protocol,Manufacturing,Cloud VM,False,79,0.44,India,High,Low,2022-11-02,2023-10-13,CVE-2026-57827,False,False
THREAT-02410,Turla,Credential Theft,T1486 Data Encrypted for Impact,Insurance,API Gateway,False,16,0.51,Asia-Pacific,Medium,Medium,2025-04-03,2025-07-22,,False,False
THREAT-02411,Sandworm,Zero-Day Exploit,T1190 Exploit Public-Facing Application,E-commerce,Cloud VM,True,51,0.48,Americas,Low,High,2026-03-19,2026-04-28,,False,False
THREAT-02412,ALPHV,Business Email Compromise,T1082 System Information Discovery,Manufacturing,Storage Bucket,False,37,0.37,Asia-Pacific,Medium,High,2025-09-16,2026-06-30,CVE-2026-21448,False,False
THREAT-02413,Cybercrime Syndicate,Cryptojacking,T1036 Masquerading,Energy,Storage Bucket,True,30,0.33,Global,High,Medium,2021-03-22,2021-09-23,,False,False
THREAT-02414,Unknown,Supply Chain Attack,T1071 Application Layer Protocol,E-commerce,API Gateway,False,41,0.49,Americas,Critical,High,2024-08-22,2025-06-11,,False,False
THREAT-02415,Mustang Panda,Cloud Misconfiguration Exploitation,T1048 Exfiltration Over Alternative Protocol,E-commerce,Employee Laptop,False,91,0.15,India,Medium,Medium,2024-07-23,2025-01-04,CVE-2026-53668,False,True
THREAT-02416,Scattered Spider,Cloud Misconfiguration Exploitation,T1048 Exfiltration Over Alternative Protocol,Government,SaaS Application,True,28,0.52,Asia-Pacific,Low,Low,2024-04-13,2024-06-29,CVE-2026-85063,False,False
THREAT-02417,Sandworm,Supply Chain Attack,T1566 Phishing,E-commerce,Domain Controller,True,88,0.25,EMEA,High,Low,2021-03-14,2021-06-03,CVE-2026-50189,False,False
THREAT-02418,Scattered Spider,Data Exfiltration,T1071 Application Layer Protocol,Energy,Web Server,True,10,0.16,Global,Medium,High,2021-09-04,2022-09-03,,True,True
THREAT-02419,Nation-State (Iran),Zero-Day Exploit,T1082 System Information Discovery,Education,Storage Bucket,False,61,0.24,Global,Critical,High,2024-06-06,2024-08-29,CVE-2026-72759,False,False
THREAT-02420,FIN7,Data Exfiltration,T1036 Masquerading,Government,SaaS Application,False,21,0.34,India,High,Medium,2026-02-14,2026-09-04,CVE-2026-84669,False,False
THREAT-02421,REvil,Business Email Compromise,T1021 Remote Services,Energy,Cloud VM,False,37,0.1,India,High,Medium,2023-11-20,2024-08-09,,False,False
THREAT-02422,APT29,Phishing,T1569 System Services,Manufacturing,Web Server,False,48,0.39,Americas,High,Low,2021-06-11,2022-04-21,CVE-2026-21077,False,False
THREAT-02423,Nation-State (China),Cryptojacking,T1082 System Information Discovery,Energy,API Gateway,True,49,0.21,Americas,Medium,Low,2024-02-20,2024-10-11,,False,False
THREAT-02424,Scattered Spider,Ransomware,T1021 Remote Services,Healthcare,Database Server,False,23,0.54,Asia-Pacific,High,High,2023-11-28,2024-09-20,,True,True
THREAT-02425,Insider,Data Exfiltration,T1053 Scheduled Task/Job,Insurance,Employee Laptop,False,53,0.53,Global,High,High,2025-11-07,2026-09-04,,False,False
THREAT-02426,Cybercrime Syndicate,Data Exfiltration,T1562 Impair Defenses,Government,Cloud VM,True,54,0.47,Americas,High,Low,2021-10-30,2022-04-17,,False,False
THREAT-02427,Lazarus Group,Ransomware,T1569 System Services,Government,Database Server,True,34,0.44,Global,Low,Medium,2025-05-25,2026-05-24,CVE-2026-56380,True,False
THREAT-02428,FIN7,Zero-Day Exploit,T1190 Exploit Public-Facing Application,Government,Storage Bucket,True,75,0.37,India,Low,High,2022-07-27,2022-09-24,,False,False
THREAT-02429,APT28,Business Email Compromise,T1070 Indicator Removal,Energy,API Gateway,True,59,0.42,India,Critical,High,2021-09-06,2022-03-03,,False,False
THREAT-02430,Sandworm,Web Application Attack,T1190 Exploit Public-Facing Application,Telecom,SaaS Application,False,6,0.54,EMEA,Low,Low,2021-05-13,2021-11-26,,False,False
THREAT-02431,Mustang Panda,Web Application Attack,T1036 Masquerading,E-commerce,Domain Controller,True,100,0.52,EMEA,Low,High,2022-06-03,2022-11-06,,False,False
THREAT-02432,Mustang Panda,Insider Threat,T1110 Brute Force,E-commerce,Database Server,True,7,0.37,Asia-Pacific,Critical,Medium,2025-04-11,2026-02-15,,False,True
THREAT-02433,Cybercrime Syndicate,Cloud Misconfiguration Exploitation,T1053 Scheduled Task/Job,Insurance,Kubernetes Cluster,False,87,0.47,Asia-Pacific,High,Medium,2025-07-21,2026-03-23,,False,False
THREAT-02434,TA505,Web Application Attack,T1070 Indicator Removal,Insurance,Database Server,True,11,0.25,India,Low,High,2021-04-30,2021-05-08,CVE-2026-79097,False,False
THREAT-02435,Insider,Insider Threat,T1053 Scheduled Task/Job,IT Services,SaaS Application,False,7,0.27,Asia-Pacific,High,Low,2024-06-21,2025-06-02,,False,True
THREAT-02436,TA505,Business Email Compromise,T1071 Application Layer Protocol,Insurance,SaaS Application,True,44,0.42,Global,Medium,Low,2025-06-22,2025-11-03,,False,True
THREAT-02437,APT28,Zero-Day Exploit,T1071 Application Layer Protocol,Education,Kubernetes Cluster,False,45,0.5,Global,Medium,Low,2025-12-02,2026-05-22,,False,True
THREAT-02438,Nation-State (Iran),Cryptojacking,T1053 Scheduled Task/Job,Healthcare,Database Server,True,69,0.49,Americas,Critical,Medium,2023-06-17,2024-02-12,,False,False
THREAT-02439,Nation-State (Russia),Cloud Misconfiguration Exploitation,T1190 Exploit Public-Facing Application,Government,Cloud VM,False,84,0.36,EMEA,Critical,Medium,2022-03-09,2022-09-20,CVE-2026-41247,False,False
THREAT-02440,Turla,Business Email Compromise,T1133 External Remote Services,Insurance,API Gateway,True,24,0.49,Asia-Pacific,Medium,High,2021-09-12,2021-12-01,CVE-2026-15416,False,True
THREAT-02441,APT29,Credential Theft,T1070 Indicator Removal,Healthcare,Storage Bucket,False,89,0.55,Asia-Pacific,Critical,Low,2023-04-08,2024-02-02,,False,False
THREAT-02442,LockBit,Cloud Misconfiguration Exploitation,T1003 OS Credential Dumping,Manufacturing,Payment Gateway,True,5,0.51,Asia-Pacific,Low,Medium,2023-03-16,2023-04-03,CVE-2026-6027,False,False
THREAT-02443,Nation-State (Russia),Supply Chain Attack,T1003 OS Credential Dumping,Government,API Gateway,False,37,0.52,India,Low,Medium,2023-01-21,2023-04-12,,False,True
THREAT-02444,Script Kiddie,Ransomware,T1003 OS Credential Dumping,Education,Storage Bucket,True,48,0.4,Americas,Medium,Medium,2024-12-06,2025-06-04,CVE-2026-60011,True,True
THREAT-02445,FIN7,Phishing,T1021 Remote Services,E-commerce,SaaS Application,True,73,0.15,Asia-Pacific,High,Medium,2024-10-10,2024-12-08,,False,False
THREAT-02446,Insider,Business Email Compromise,T1071 Application Layer Protocol,Energy,Payment Gateway,False,44,0.49,India,High,Medium,2023-09-24,2023-09-27,,False,False
THREAT-02447,APT28,Insider Threat,T1036 Masquerading,IT Services,SaaS Application,False,4,0.36,Asia-Pacific,Critical,Medium,2023-02-26,2023-07-25,,False,True
THREAT-02448,Kimsuky,Cloud Misconfiguration Exploitation,T1053 Scheduled Task/Job,Telecom,Database Server,False,99,0.13,Global,High,High,2021-03-14,2021-12-24,CVE-2026-73751,False,False
THREAT-02449,REvil,Credential Theft,T1036 Masquerading,Insurance,Cloud VM,True,83,0.27,Asia-Pacific,Critical,Low,2022-05-26,2022-10-12,CVE-2026-10134,False,True
THREAT-02450,Script Kiddie,Data Exfiltration,T1569 System Services,Manufacturing,Cloud VM,False,64,0.37,EMEA,Low,Medium,2024-03-29,2024-11-28,,False,True
THREAT-02451,Cybercrime Syndicate,Web Application Attack,T1133 External Remote Services,Energy,Employee Laptop,False,80,0.11,India,Critical,Low,2021-10-16,2022-01-01,,False,True
THREAT-02452,Conti,Cloud Misconfiguration Exploitation,T1133 External Remote Services,IT Services,Domain Controller,True,71,0.34,EMEA,Critical,Low,2021-05-20,2022-03-23,,False,False
THREAT-02453,Lazarus Group,Ransomware,T1566 Phishing,Government,Cloud VM,False,21,0.59,EMEA,Medium,High,2025-07-11,2025-11-13,CVE-2026-8208,True,True
THREAT-02454,TA505,Business Email Compromise,T1027 Obfuscated Files or Information,Government,Storage Bucket,True,77,0.29,Asia-Pacific,High,Medium,2021-05-21,2021-10-25,CVE-2026-81807,False,False
THREAT-02455,FIN7,Cryptojacking,T1003 OS Credential Dumping,Government,Web Server,False,37,0.6,Americas,Low,Low,2023-11-09,2024-07-17,,True,False
THREAT-02456,SilverFox,Phishing,T1486 Data Encrypted for Impact,Government,Domain Controller,False,7,0.59,Americas,Low,Low,2021-08-23,2022-08-14,CVE-2026-4183,True,False
THREAT-02457,APT28,DDoS,T1110 Brute Force,Insurance,Domain Controller,False,45,0.73,Global,High,High,2021-11-16,2022-09-27,,False,False
THREAT-02458,Mustang Panda,Zero-Day Exploit,T1486 Data Encrypted for Impact,Education,Web Server,True,11,0.44,India,Critical,Medium,2025-10-03,2026-09-04,CVE-2026-53785,False,False
THREAT-02459,Nation-State (Russia),Phishing,T1569 System Services,Healthcare,Email Server,True,66,0.6,Asia-Pacific,Medium,Low,2025-02-16,2025-11-12,,False,False
THREAT-02460,Script Kiddie,DDoS,T1190 Exploit Public-Facing Application,Healthcare,Employee Laptop,False,169,0.72,Asia-Pacific,Medium,High,2023-06-30,2023-11-21,,False,False
THREAT-02461,ALPHV,Web Application Attack,T1048 Exfiltration Over Alternative Protocol,Insurance,Kubernetes Cluster,False,40,0.26,Americas,Critical,Medium,2024-06-15,2025-06-15,CVE-2026-82217,False,False
THREAT-02462,ALPHV,Web Application Attack,T1190 Exploit Public-Facing Application,Healthcare,SaaS Application,True,23,0.21,Asia-Pacific,Critical,Low,2022-03-11,2022-08-09,CVE-2026-55398,True,True
THREAT-02463,FIN7,DDoS,T1055 Process Injection,Manufacturing,API Gateway,False,142,0.46,Global,High,Low,2025-04-11,2025-07-26,CVE-2026-18394,False,False
THREAT-02464,Conti,Phishing,T1071 Application Layer Protocol,Education,Email Server,False,99,0.24,EMEA,Critical,High,2025-12-24,2026-09-04,CVE-2026-16938,False,True
THREAT-02465,Conti,Supply Chain Attack,T1070 Indicator Removal,Insurance,SaaS Application,False,27,0.12,Asia-Pacific,High,Medium,2025-05-27,2025-07-31,,False,False
THREAT-02466,SilverFox,DDoS,T1036 Masquerading,Government,Employee Laptop,True,72,0.56,Global,Medium,High,2023-04-10,2024-01-05,CVE-2026-81735,False,False
THREAT-02467,Kimsuky,Credential Theft,T1133 External Remote Services,Energy,Kubernetes Cluster,False,47,0.1,EMEA,Medium,Low,2025-01-15,2025-09-05,CVE-2026-4567,False,False
THREAT-02468,SilverFox,Data Exfiltration,T1003 OS Credential Dumping,Insurance,Email Server,False,16,0.3,Asia-Pacific,High,High,2022-11-24,2022-12-22,CVE-2026-82970,False,False
THREAT-02469,Scattered Spider,DDoS,T1569 System Services,Insurance,Payment Gateway,True,146,0.57,Asia-Pacific,Low,Low,2022-09-29,2023-06-12,,False,False
THREAT-02470,ALPHV,Credential Theft,T1562 Impair Defenses,Manufacturing,Payment Gateway,False,31,0.57,Asia-Pacific,Critical,High,2024-11-07,2025-02-22,,False,True
THREAT-02471,Script Kiddie,Phishing,T1133 External Remote Services,Insurance,Kubernetes Cluster,False,84,0.39,Americas,Critical,Low,2025-04-12,2026-01-28,,False,False
THREAT-02472,Mustang Panda,Ransomware,T1003 OS Credential Dumping,Government,SaaS Application,False,50,0.42,Global,High,Medium,2026-06-25,2026-09-04,,True,False
THREAT-02473,APT28,Phishing,T1486 Data Encrypted for Impact,Healthcare,Web Server,False,31,0.3,Asia-Pacific,Low,High,2026-07-18,2026-09-04,CVE-2026-73704,False,True
THREAT-02474,Unknown,Supply Chain Attack,T1190 Exploit Public-Facing Application,Government,SaaS Application,True,78,0.55,Americas,Low,High,2025-09-26,2026-04-16,CVE-2026-54080,False,False
THREAT-02475,APT28,Credential Theft,T1562 Impair Defenses,Telecom,Storage Bucket,True,59,0.29,Global,Critical,Low,2024-06-09,2024-07-26,CVE-2026-79686,False,False
THREAT-02476,Script Kiddie,Zero-Day Exploit,T1021 Remote Services,Manufacturing,Kubernetes Cluster,False,42,0.39,Global,Medium,Medium,2021-08-16,2021-12-10,CVE-2026-72649,False,False
THREAT-02477,Nation-State (Russia),Zero-Day Exploit,T1562 Impair Defenses,Energy,Kubernetes Cluster,True,54,0.17,EMEA,Critical,Low,2022-01-25,2022-10-28,,False,False
THREAT-02478,Mustang Panda,Data Exfiltration,T1055 Process Injection,Manufacturing,Web Server,False,84,0.16,India,Critical,High,2023-08-05,2024-05-23,,False,False
THREAT-02479,Nation-State (Russia),Cloud Misconfiguration Exploitation,T1003 OS Credential Dumping,Manufacturing,Cloud VM,True,68,0.41,Global,Medium,High,2025-09-30,2026-07-03,CVE-2026-79266,False,False
THREAT-02480,APT29,Cloud Misconfiguration Exploitation,T1082 System Information Discovery,Government,SaaS Application,True,89,0.44,India,Medium,High,2026-07-04,2026-09-04,CVE-2026-33765,False,False
THREAT-02481,SilverFox,Supply Chain Attack,T1562 Impair Defenses,E-commerce,SaaS Application,False,59,0.35,Americas,Critical,Medium,2024-05-14,2024-06-08,CVE-2026-4182,False,False
THREAT-02482,Script Kiddie,Business Email Compromise,T1055 Process Injection,Insurance,Email Server,False,82,0.5,Global,Medium,Low,2026-04-30,2026-09-04,,False,False
THREAT-02483,LockBit,Web Application Attack,T1053 Scheduled Task/Job,Education,SaaS Application,False,65,0.39,EMEA,Low,Medium,2025-04-07,2025-11-09,,False,True
THREAT-02484,APT28,Data Exfiltration,T1048 Exfiltration Over Alternative Protocol,Manufacturing,Database Server,True,44,0.13,India,High,Low,2022-05-04,2022-06-08,CVE-2026-60026,True,False
THREAT-02485,Nation-State (Russia),DDoS,T1059 Command and Scripting Interpreter,E-commerce,Web Server,True,40,0.73,Americas,Low,High,2021-05-08,2021-12-28,CVE-2026-59726,False,False
THREAT-02486,SilverFox,Data Exfiltration,T1133 External Remote Services,Manufacturing,Kubernetes Cluster,False,38,0.57,EMEA,Medium,Medium,2024-12-12,2025-12-09,,False,True
THREAT-02487,Nation-State (Russia),Business Email Compromise,T1053 Scheduled Task/Job,Manufacturing,Email Server,True,16,0.36,Asia-Pacific,Critical,Medium,2025-09-15,2025-09-22,,False,False
THREAT-02488,Cybercrime Syndicate,Credential Theft,T1486 Data Encrypted for Impact,IT Services,SaaS Application,True,47,0.29,Americas,Critical,Medium,2024-01-30,2024-08-03,CVE-2026-67339,False,False
THREAT-02489,Scattered Spider,Phishing,T1059 Command and Scripting Interpreter,IT Services,API Gateway,False,92,0.23,India,Low,Low,2022-07-27,2022-11-08,,False,True
THREAT-02490,Nation-State (Iran),Phishing,T1059 Command and Scripting Interpreter,E-commerce,Kubernetes Cluster,True,96,0.14,Americas,Medium,High,2021-09-09,2022-06-29,,False,True
THREAT-02491,Sandworm,Credential Theft,T1055 Process Injection,Government,Employee Laptop,True,20,0.5,Global,Low,Low,2024-07-02,2024-07-10,,False,False
THREAT-02492,Nation-State (China),Web Application Attack,T1105 Ingress Tool Transfer,Government,Email Server,False,36,0.52,Global,Critical,High,2026-02-14,2026-08-20,,False,False
THREAT-02493,Nation-State (Russia),Insider Threat,T1105 Ingress Tool Transfer,Education,Kubernetes Cluster,True,9,0.19,India,Medium,High,2021-12-10,2021-12-14,,False,True
THREAT-02494,ALPHV,Business Email Compromise,T1048 Exfiltration Over Alternative Protocol,Government,Database Server,False,82,0.4,India,Medium,Low,2026-04-01,2026-09-04,,False,False
THREAT-02495,REvil,Zero-Day Exploit,T1036 Masquerading,Manufacturing,Storage Bucket,True,91,0.57,Global,Low,Medium,2026-08-02,2026-09-04,,False,False
THREAT-02496,Sandworm,Supply Chain Attack,T1055 Process Injection,Energy,Storage Bucket,False,65,0.36,Asia-Pacific,Medium,Low,2026-05-23,2026-09-04,CVE-2026-19471,False,False
THREAT-02497,Sandworm,Cryptojacking,T1071 Application Layer Protocol,E-commerce,Email Server,False,25,0.25,EMEA,Critical,Medium,2022-09-18,2022-12-03,,False,True
THREAT-02498,Kimsuky,Credential Theft,T1133 External Remote Services,Manufacturing,Email Server,False,32,0.46,Global,High,Low,2025-08-29,2026-03-23,,False,False
THREAT-02499,ALPHV,Zero-Day Exploit,T1027 Obfuscated Files or Information,Energy,Email Server,False,16,0.38,Americas,High,Medium,2021-06-02,2021-06-25,CVE-2026-19027,False,False
THREAT-02500,Cybercrime Syndicate,DDoS,T1053 Scheduled Task/Job,IT Services,Storage Bucket,False,36,0.43,India,Low,High,2025-09-29,2026-07-05,CVE-2026-69075,False,False
THREAT-02501,Lazarus Group,Business Email Compromise,T1562 Impair Defenses,Government,Kubernetes Cluster,False,11,0.32,EMEA,Medium,Medium,2024-05-22,2024-10-17,CVE-2026-48331,False,False
THREAT-02502,Insider,Insider Threat,T1082 System Information Discovery,Manufacturing,Email Server,False,10,0.29,Asia-Pacific,Critical,Low,2023-06-14,2024-02-09,CVE-2026-18616,False,True
THREAT-02503,TA505,Ransomware,T1003 OS Credential Dumping,E-commerce,Web Server,False,42,0.62,Americas,Critical,High,2023-05-10,2024-02-26,,True,True
THREAT-02504,Hacktivist Group,Insider Threat,T1048 Exfiltration Over Alternative Protocol,Education,Payment Gateway,False,7,0.11,India,Critical,Medium,2025-02-01,2025-07-01,CVE-2026-45382,False,True
THREAT-02505,FIN7,Web Application Attack,T1562 Impair Defenses,Government,Payment Gateway,False,19,0.21,India,Critical,Medium,2022-10-18,2023-06-08,,False,False
THREAT-02506,Kimsuky,DDoS,T1055 Process Injection,Education,Database Server,False,176,0.88,India,Medium,High,2025-08-02,2025-11-22,,False,False
THREAT-02507,APT29,Cloud Misconfiguration Exploitation,T1110 Brute Force,Manufacturing,Cloud VM,True,15,0.47,Global,Low,High,2023-06-23,2024-02-07,,False,True
THREAT-02508,Lazarus Group,Cloud Misconfiguration Exploitation,T1569 System Services,Government,Storage Bucket,False,20,0.25,EMEA,Critical,High,2025-12-29,2026-09-04,,False,False
THREAT-02509,Script Kiddie,Web Application Attack,T1569 System Services,Government,Storage Bucket,True,15,0.59,Americas,High,Low,2023-01-06,2023-11-09,,False,False
THREAT-02510,APT29,DDoS,T1082 System Information Discovery,Government,Email Server,False,81,0.76,Global,Low,Medium,2022-07-05,2023-06-03,CVE-2026-5977,False,False
THREAT-02511,ALPHV,Supply Chain Attack,T1566 Phishing,Energy,Email Server,False,44,0.34,Americas,Medium,Medium,2025-06-10,2025-09-23,,False,False
THREAT-02512,LockBit,Cloud Misconfiguration Exploitation,T1027 Obfuscated Files or Information,Telecom,Payment Gateway,False,42,0.11,India,Medium,Medium,2026-01-08,2026-03-20,,False,True
THREAT-02513,REvil,Insider Threat,T1036 Masquerading,Energy,API Gateway,True,10,0.29,EMEA,Medium,High,2022-08-30,2022-11-21,,False,True
THREAT-02514,REvil,Zero-Day Exploit,T1486 Data Encrypted for Impact,Government,Cloud VM,False,50,0.12,Asia-Pacific,Medium,Low,2025-03-08,2025-06-13,,False,False
THREAT-02515,Unknown,Credential Theft,T1071 Application Layer Protocol,IT Services,Domain Controller,True,44,0.24,Asia-Pacific,High,High,2023-08-09,2024-03-16,CVE-2026-85063,False,False
THREAT-02516,Conti,Insider Threat,T1027 Obfuscated Files or Information,Government,Database Server,False,10,0.24,Americas,Low,Low,2024-11-27,2024-12-30,CVE-2026-20358,False,True
THREAT-02517,FIN7,Ransomware,T1048 Exfiltration Over Alternative Protocol,Manufacturing,Database Server,False,19,0.67,Asia-Pacific,High,Low,2022-08-24,2023-05-15,CVE-2026-7244,True,True
THREAT-02518,APT28,Insider Threat,T1021 Remote Services,Energy,Employee Laptop,True,1,0.32,India,Medium,High,2022-02-03,2022-05-12,,False,True
THREAT-02519,Kimsuky,Ransomware,T1562 Impair Defenses,Government,Email Server,True,34,0.62,India,Critical,Low,2022-07-12,2022-10-11,CVE-2026-18729,True,False
THREAT-02520,Nation-State (Russia),Supply Chain Attack,T1105 Ingress Tool Transfer,Telecom,Database Server,True,13,0.36,India,Medium,Medium,2022-08-28,2022-11-30,CVE-2026-31892,False,False
THREAT-02521,Kimsuky,Supply Chain Attack,T1036 Masquerading,Energy,Database Server,True,51,0.1,Americas,High,Medium,2023-04-19,2024-01-27,,True,False
THREAT-02522,REvil,DDoS,T1082 System Information Discovery,Insurance,Web Server,True,101,0.5,Global,Critical,Medium,2021-10-08,2022-03-30,CVE-2026-75619,False,False
THREAT-02523,Insider,Credential Theft,T1071 Application Layer Protocol,Manufacturing,SaaS Application,False,47,0.48,Asia-Pacific,Low,High,2023-09-11,2024-07-04,,False,False
THREAT-02524,Nation-State (China),Phishing,T1110 Brute Force,Insurance,Storage Bucket,False,97,0.22,Asia-Pacific,Medium,Low,2023-02-24,2023-10-27,,False,False
THREAT-02525,Mustang Panda,Data Exfiltration,T1070 Indicator Removal,Manufacturing,Storage Bucket,False,94,0.16,Asia-Pacific,Critical,Low,2025-06-22,2026-03-19,CVE-2026-24033,False,True
THREAT-02526,APT29,Credential Theft,T1059 Command and Scripting Interpreter,IT Services,SaaS Application,True,80,0.11,Global,Medium,High,2026-02-25,2026-09-04,,False,True
THREAT-02527,Scattered Spider,Web Application Attack,T1562 Impair Defenses,Energy,Database Server,True,48,0.42,EMEA,High,Medium,2023-02-14,2023-12-14,CVE-2026-81727,False,False
THREAT-02528,SilverFox,Web Application Attack,T1105 Ingress Tool Transfer,Insurance,Database Server,False,97,0.34,Americas,Low,Medium,2021-04-10,2021-11-12,,False,True
THREAT-02529,Script Kiddie,Cloud Misconfiguration Exploitation,T1059 Command and Scripting Interpreter,E-commerce,Cloud VM,False,91,0.21,EMEA,Medium,Low,2024-04-25,2024-09-02,CVE-2026-62996,True,False
THREAT-02530,Unknown,Cryptojacking,T1070 Indicator Removal,Manufacturing,Employee Laptop,False,81,0.38,EMEA,Medium,Medium,2026-06-21,2026-09-04,CVE-2026-6156,False,True
THREAT-02531,Cybercrime Syndicate,Data Exfiltration,T1110 Brute Force,E-commerce,Payment Gateway,False,14,0.24,EMEA,Medium,Medium,2025-08-04,2026-02-14,,False,False
THREAT-02532,SilverFox,Web Application Attack,T1569 System Services,E-commerce,Database Server,True,90,0.51,Americas,Medium,High,2023-07-08,2023-12-11,,False,True
THREAT-02533,Turla,Credential Theft,T1021 Remote Services,E-commerce,Domain Controller,False,15,0.27,Asia-Pacific,Critical,Low,2025-08-15,2026-01-03,,True,False
THREAT-02534,Script Kiddie,Credential Theft,T1082 System Information Discovery,E-commerce,Payment Gateway,True,41,0.28,Asia-Pacific,High,Medium,2021-07-07,2022-01-10,CVE-2026-80553,False,False
THREAT-02535,Unknown,Zero-Day Exploit,T1569 System Services,E-commerce,Email Server,False,67,0.56,EMEA,High,Medium,2022-06-30,2023-04-01,CVE-2026-84117,False,True
THREAT-02536,Nation-State (China),Data Exfiltration,T1105 Ingress Tool Transfer,Manufacturing,Storage Bucket,False,87,0.25,Asia-Pacific,High,High,2021-08-17,2022-06-17,CVE-2026-63563,False,False
THREAT-02537,Unknown,Ransomware,T1110 Brute Force,Government,Web Server,False,47,0.78,Americas,High,High,2021-06-18,2022-01-30,,True,True
THREAT-02538,Scattered Spider,Insider Threat,T1071 Application Layer Protocol,IT Services,Payment Gateway,False,5,0.25,EMEA,Critical,Low,2026-03-25,2026-05-26,,False,True
THREAT-02539,Nation-State (Russia),Data Exfiltration,T1566 Phishing,Insurance,Web Server,True,70,0.11,Americas,Low,High,2024-06-02,2024-06-25,,False,False
THREAT-02540,Nation-State (Iran),Phishing,T1190 Exploit Public-Facing Application,Manufacturing,Cloud VM,False,64,0.21,Global,High,High,2021-05-26,2021-12-26,CVE-2026-85105,False,False
THREAT-02541,Hacktivist Group,Web Application Attack,T1021 Remote Services,Manufacturing,Database Server,True,76,0.2,India,Medium,High,2026-07-05,2026-09-04,,False,False
THREAT-02542,Nation-State (Iran),Business Email Compromise,T1021 Remote Services,Healthcare,Database Server,True,58,0.56,Asia-Pacific,High,High,2021-09-24,2022-08-23,CVE-2026-18589,False,False
THREAT-02543,APT28,Ransomware,T1059 Command and Scripting Interpreter,Insurance,Storage Bucket,False,10,0.66,Global,Critical,Low,2021-11-08,2022-03-30,CVE-2026-15511,True,True
THREAT-02544,Turla,Insider Threat,T1036 Masquerading,Insurance,Payment Gateway,False,8,0.3,EMEA,Low,Low,2023-05-10,2023-08-03,CVE-2026-80465,False,True
THREAT-02545,Nation-State (Russia),Insider Threat,T1562 Impair Defenses,Manufacturing,Domain Controller,True,5,0.33,Asia-Pacific,Medium,Medium,2024-05-03,2024-10-29,,False,True
THREAT-02546,Kimsuky,Supply Chain Attack,T1562 Impair Defenses,Government,Database Server,False,88,0.1,India,Low,Medium,2025-10-18,2026-07-02,,True,True
THREAT-02547,Sandworm,Insider Threat,T1036 Masquerading,Insurance,Employee Laptop,False,10,0.3,Americas,Medium,Medium,2025-01-20,2025-02-27,CVE-2026-75919,False,True
THREAT-02548,REvil,Business Email Compromise,T1070 Indicator Removal,Telecom,API Gateway,True,100,0.17,Asia-Pacific,Critical,Medium,2023-08-29,2024-08-09,,False,False
THREAT-02549,APT29,Web Application Attack,T1078 Valid Accounts,IT Services,Email Server,True,5,0.2,EMEA,Low,Medium,2021-08-28,2022-03-10,,False,False
THREAT-02550,Scattered Spider,Web Application Attack,T1082 System Information Discovery,E-commerce,Database Server,True,56,0.35,India,Low,High,2023-03-07,2023-09-03,,False,False
THREAT-02551,SilverFox,Business Email Compromise,T1048 Exfiltration Over Alternative Protocol,Energy,Web Server,True,67,0.25,Americas,Critical,Medium,2026-06-17,2026-09-04,CVE-2026-66665,True,False
THREAT-02552,Nation-State (Iran),Insider Threat,T1036 Masquerading,Telecom,Storage Bucket,False,10,0.26,Global,Low,Medium,2024-08-07,2024-09-22,,False,True
THREAT-02553,Sandworm,Cloud Misconfiguration Exploitation,T1027 Obfuscated Files or Information,Energy,Database Server,False,64,0.11,Asia-Pacific,Low,Medium,2026-03-25,2026-09-04,,False,False
THREAT-02554,SilverFox,Insider Threat,T1569 System Services,Energy,Cloud VM,True,7,0.11,Americas,Critical,High,2023-02-02,2023-08-14,CVE-2026-78205,False,True
THREAT-02555,Scattered Spider,Phishing,T1133 External Remote Services,Government,Employee Laptop,False,83,0.19,Global,Critical,High,2022-06-01,2022-08-16,,False,False
THREAT-02556,Mustang Panda,Business Email Compromise,T1027 Obfuscated Files or Information,Manufacturing,Email Server,False,20,0.51,EMEA,High,Low,2024-04-17,2025-04-12,,False,False
THREAT-02557,APT29,Web Application Attack,T1190 Exploit Public-Facing Application,Energy,Database Server,False,44,0.47,Asia-Pacific,High,High,2023-04-13,2023-08-28,,False,False
THREAT-02558,Cybercrime Syndicate,Credential Theft,T1053 Scheduled Task/Job,Manufacturing,Web Server,False,53,0.42,India,Low,High,2021-08-14,2022-07-02,CVE-2026-47212,False,False
THREAT-02559,LockBit,Cryptojacking,T1071 Application Layer Protocol,Telecom,Kubernetes Cluster,True,94,0.47,India,Critical,Low,2025-01-15,2025-07-11,CVE-2026-76603,False,False
THREAT-02560,Lazarus Group,Credential Theft,T1055 Process Injection,Government,Web Server,False,70,0.51,Americas,High,Low,2026-05-17,2026-08-07,,False,True
THREAT-02561,Kimsuky,Ransomware,T1071 Application Layer Protocol,IT Services,SaaS Application,False,36,0.37,Asia-Pacific,Medium,Medium,2024-09-08,2025-05-23,CVE-2026-70921,True,True
THREAT-02562,ALPHV,Web Application Attack,T1003 OS Credential Dumping,Education,Cloud VM,True,25,0.58,EMEA,High,Low,2023-03-26,2023-08-19,,False,False
THREAT-02563,LockBit,Ransomware,T1566 Phishing,Insurance,Employee Laptop,False,12,0.44,EMEA,High,Low,2023-01-29,2024-01-15,,True,True
THREAT-02564,ALPHV,Data Exfiltration,T1055 Process Injection,Government,Payment Gateway,True,37,0.11,Asia-Pacific,Low,High,2025-05-14,2025-11-24,CVE-2026-82282,False,False
THREAT-02565,REvil,Web Application Attack,T1036 Masquerading,Energy,Payment Gateway,False,100,0.32,Americas,Critical,Low,2024-06-25,2024-10-13,,False,False
THREAT-02566,Sandworm,Zero-Day Exploit,T1082 System Information Discovery,Insurance,Payment Gateway,False,69,0.12,EMEA,Low,Low,2023-05-19,2023-08-18,CVE-2026-58488,False,False
THREAT-02567,FIN7,Zero-Day Exploit,T1562 Impair Defenses,IT Services,Domain Controller,True,89,0.35,Global,Medium,Medium,2021-10-29,2021-11-05,CVE-2026-9434,False,False
THREAT-02568,Conti,Business Email Compromise,T1190 Exploit Public-Facing Application,E-commerce,Payment Gateway,True,87,0.34,EMEA,Medium,Low,2024-07-06,2025-02-08,,False,True
THREAT-02569,Nation-State (Russia),Phishing,T1082 System Information Discovery,Energy,Web Server,False,81,0.37,Asia-Pacific,High,High,2022-02-07,2022-08-06,CVE-2026-9405,False,False
THREAT-02570,APT28,Insider Threat,T1133 External Remote Services,Insurance,Web Server,False,8,0.1,Asia-Pacific,Medium,Medium,2023-05-08,2023-11-23,CVE-2026-74475,False,True
THREAT-02571,Mustang Panda,Insider Threat,T1110 Brute Force,Government,Email Server,False,4,0.16,Global,Medium,Medium,2025-03-07,2025-05-14,,False,True
THREAT-02572,LockBit,Cryptojacking,T1569 System Services,Energy,Storage Bucket,False,8,0.34,Asia-Pacific,Medium,High,2024-01-18,2024-01-30,CVE-2026-49211,False,True
THREAT-02573,FIN7,Phishing,T1105 Ingress Tool Transfer,Insurance,Cloud VM,True,76,0.19,Global,Critical,Low,2025-11-13,2026-07-05,,False,True
THREAT-02574,Insider,Web Application Attack,T1048 Exfiltration Over Alternative Protocol,Energy,SaaS Application,True,35,0.43,EMEA,High,Low,2025-01-16,2025-12-12,,False,True
THREAT-02575,Lazarus Group,Phishing,T1059 Command and Scripting Interpreter,Insurance,Kubernetes Cluster,False,16,0.29,India,Low,Low,2021-03-14,2022-01-25,CVE-2026-16455,False,False
THREAT-02576,TA505,Web Application Attack,T1055 Process Injection,E-commerce,Cloud VM,True,18,0.41,India,Critical,Low,2025-09-12,2026-06-26,,False,True
THREAT-02577,Nation-State (Iran),Data Exfiltration,T1055 Process Injection,Government,Cloud VM,False,39,0.3,Global,Low,High,2022-10-13,2023-01-10,,False,True
THREAT-02578,FIN7,Zero-Day Exploit,T1036 Masquerading,Energy,Employee Laptop,True,17,0.43,Asia-Pacific,High,High,2025-12-11,2026-09-04,,False,False
THREAT-02579,SilverFox,Insider Threat,T1105 Ingress Tool Transfer,E-commerce,SaaS Application,False,8,0.26,Asia-Pacific,Low,Low,2021-06-08,2021-09-12,,False,True
THREAT-02580,TA505,DDoS,T1053 Scheduled Task/Job,Education,Web Server,False,33,0.5,India,Low,High,2025-02-27,2025-07-15,CVE-2026-43984,False,False
THREAT-02581,Kimsuky,Insider Threat,T1562 Impair Defenses,Healthcare,Payment Gateway,True,10,0.18,Asia-Pacific,Medium,High,2022-01-09,2022-03-21,,False,True
THREAT-02582,REvil,Web Application Attack,T1569 System Services,Insurance,Payment Gateway,True,72,0.19,Global,Medium,Medium,2023-04-27,2023-06-26,CVE-2026-7121,False,False
THREAT-02583,Lazarus Group,DDoS,T1059 Command and Scripting Interpreter,Insurance,Storage Bucket,True,55,0.82,Asia-Pacific,Critical,Medium,2022-04-11,2023-01-06,CVE-2026-72813,False,False
THREAT-02584,SilverFox,Zero-Day Exploit,T1569 System Services,E-commerce,Database Server,False,36,0.49,Global,Critical,High,2024-05-09,2024-11-29,CVE-2026-54159,False,True
THREAT-02585,Conti,DDoS,T1082 System Information Discovery,Energy,Storage Bucket,False,193,0.66,India,Medium,Low,2025-05-28,2026-02-28,CVE-2026-55529,False,False
THREAT-02586,LockBit,Insider Threat,T1569 System Services,E-commerce,SaaS Application,False,4,0.15,India,Critical,High,2021-05-24,2022-03-20,CVE-2026-75950,False,True
THREAT-02587,Script Kiddie,Data Exfiltration,T1059 Command and Scripting Interpreter,Insurance,Database Server,False,60,0.27,Americas,Low,Low,2026-02-11,2026-02-16,,False,False
THREAT-02588,APT29,Data Exfiltration,T1071 Application Layer Protocol,IT Services,Email Server,False,15,0.3,Global,Critical,Medium,2024-09-23,2024-10-01,,True,True
THREAT-02589,APT28,Supply Chain Attack,T1566 Phishing,Insurance,Payment Gateway,False,56,0.24,EMEA,High,Medium,2024-05-16,2025-05-15,CVE-2026-72791,False,False
THREAT-02590,SilverFox,Zero-Day Exploit,T1059 Command and Scripting Interpreter,E-commerce,SaaS Application,True,18,0.5,India,Low,Low,2023-09-18,2023-12-14,CVE-2026-48548,False,False
THREAT-02591,LockBit,Credential Theft,T1190 Exploit Public-Facing Application,IT Services,Cloud VM,True,96,0.59,Asia-Pacific,Critical,High,2025-08-08,2026-03-19,,False,False
THREAT-02592,Conti,Credential Theft,T1190 Exploit Public-Facing Application,E-commerce,Cloud VM,False,97,0.33,Americas,High,Medium,2023-05-27,2024-03-22,,False,False
THREAT-02593,Nation-State (Russia),Phishing,T1003 OS Credential Dumping,Energy,Web Server,False,60,0.21,EMEA,Critical,High,2023-07-01,2023-08-31,,True,False
THREAT-02594,Turla,Phishing,T1070 Indicator Removal,E-commerce,SaaS Application,True,67,0.48,India,Medium,Medium,2026-05-04,2026-09-04,,False,False
THREAT-02595,Nation-State (Iran),Data Exfiltration,T1569 System Services,Telecom,API Gateway,True,40,0.52,India,Critical,High,2024-06-19,2024-08-07,CVE-2026-59881,False,False
THREAT-02596,Mustang Panda,Business Email Compromise,T1133 External Remote Services,Manufacturing,Database Server,True,87,0.51,Global,Low,Low,2024-05-27,2024-10-20,CVE-2026-6025,False,False
THREAT-02597,Unknown,Ransomware,T1003 OS Credential Dumping,Government,Payment Gateway,False,17,0.41,EMEA,Medium,Low,2025-09-08,2026-04-28,,True,True
THREAT-02598,LockBit,Phishing,T1071 Application Layer Protocol,Manufacturing,Domain Controller,True,92,0.24,EMEA,Low,Low,2021-11-26,2022-07-20,,False,False
THREAT-02599,Mustang Panda,DDoS,T1566 Phishing,Energy,Storage Bucket,True,49,0.84,Americas,Critical,Medium,2025-08-31,2026-04-03,,False,False
THREAT-02600,ALPHV,Credential Theft,T1133 External Remote Services,Education,SaaS Application,False,5,0.44,Global,High,Low,2024-03-06,2024-09-25,,False,False
THREAT-02601,Nation-State (Iran),Ransomware,T1070 Indicator Removal,Government,Cloud VM,False,23,0.56,Americas,High,Low,2024-07-28,2024-12-17,CVE-2026-7122,True,False
THREAT-02602,ALPHV,Cloud Misconfiguration Exploitation,T1110 Brute Force,Education,Kubernetes Cluster,True,49,0.18,Americas,Medium,Medium,2025-12-22,2025-12-24,,False,False
THREAT-02603,Unknown,Business Email Compromise,T1048 Exfiltration Over Alternative Protocol,Education,Web Server,False,42,0.23,Americas,Medium,Low,2024-10-15,2025-03-27,,False,False
THREAT-02604,ALPHV,Cloud Misconfiguration Exploitation,T1486 Data Encrypted for Impact,Government,Storage Bucket,True,63,0.44,Americas,Medium,High,2025-09-02,2026-06-14,,False,False
THREAT-02605,Cybercrime Syndicate,Data Exfiltration,T1110 Brute Force,Healthcare,SaaS Application,True,40,0.33,Americas,Low,Low,2025-02-10,2025-10-21,,False,False
THREAT-02606,Mustang Panda,Web Application Attack,T1190 Exploit Public-Facing Application,Telecom,Web Server,False,57,0.29,Global,High,High,2022-07-13,2023-02-06,CVE-2026-44955,False,False
THREAT-02607,REvil,Phishing,T1071 Application Layer Protocol,Government,Storage Bucket,False,80,0.54,Asia-Pacific,Critical,Low,2022-09-22,2023-03-04,CVE-2026-56163,False,False
THREAT-02608,Nation-State (Russia),Data Exfiltration,T1071 Application Layer Protocol,Energy,Email Server,False,41,0.28,Asia-Pacific,Low,High,2021-08-02,2022-03-17,,False,False
THREAT-02609,Conti,Business Email Compromise,T1110 Brute Force,E-commerce,Cloud VM,False,96,0.45,Americas,Medium,Low,2026-03-23,2026-04-08,,False,False
THREAT-02610,Insider,Insider Threat,T1562 Impair Defenses,Education,Web Server,True,5,0.13,EMEA,Critical,Low,2025-12-14,2026-03-21,,False,True
THREAT-02611,Conti,Supply Chain Attack,T1036 Masquerading,IT Services,Email Server,False,50,0.19,Americas,Medium,High,2021-05-03,2022-01-16,,True,True
THREAT-02612,Insider,Web Application Attack,T1082 System Information Discovery,E-commerce,API Gateway,False,89,0.15,Global,High,Medium,2025-01-08,2025-11-28,,False,True
THREAT-02613,LockBit,Ransomware,T1036 Masquerading,Energy,Email Server,False,22,0.53,India,Critical,Medium,2026-03-25,2026-04-08,,True,False
THREAT-02614,Nation-State (Russia),Zero-Day Exploit,T1566 Phishing,E-commerce,Domain Controller,True,61,0.28,Asia-Pacific,Low,Low,2024-05-28,2024-08-01,CVE-2026-60083,False,True
THREAT-02615,Script Kiddie,Cloud Misconfiguration Exploitation,T1070 Indicator Removal,Manufacturing,API Gateway,True,28,0.59,India,High,High,2021-06-28,2022-06-25,CVE-2026-33078,False,True
THREAT-02616,REvil,Business Email Compromise,T1562 Impair Defenses,Energy,Employee Laptop,False,67,0.31,India,High,High,2022-05-30,2022-06-10,CVE-2026-42933,False,False
THREAT-02617,ALPHV,Cryptojacking,T1070 Indicator Removal,E-commerce,Domain Controller,False,97,0.18,Global,High,High,2021-04-06,2021-07-27,CVE-2026-76610,False,True
THREAT-02618,SilverFox,Data Exfiltration,T1055 Process Injection,E-commerce,Storage Bucket,True,84,0.48,Americas,Medium,High,2025-07-16,2025-12-26,,False,False
THREAT-02619,LockBit,Cryptojacking,T1070 Indicator Removal,Energy,Storage Bucket,False,13,0.26,Global,Medium,Low,2026-07-03,2026-09-04,,False,False
THREAT-02620,Hacktivist Group,Insider Threat,T1071 Application Layer Protocol,E-commerce,Payment Gateway,True,1,0.3,EMEA,Low,Low,2024-03-15,2024-04-17,,False,True
THREAT-02621,Cybercrime Syndicate,Phishing,T1110 Brute Force,Energy,Kubernetes Cluster,False,47,0.18,India,Critical,High,2022-07-19,2023-01-17,,False,False
THREAT-02622,SilverFox,Phishing,T1078 Valid Accounts,E-commerce,Email Server,True,60,0.48,Americas,High,High,2023-06-21,2024-04-29,,False,False
THREAT-02623,TA505,Business Email Compromise,T1562 Impair Defenses,Education,Storage Bucket,True,56,0.31,Americas,Medium,High,2021-07-15,2021-10-01,CVE-2026-54209,False,False
THREAT-02624,Lazarus Group,Cryptojacking,T1070 Indicator Removal,IT Services,Domain Controller,True,48,0.39,Global,Low,Low,2021-10-06,2022-02-28,,False,False
THREAT-02625,Script Kiddie,Ransomware,T1082 System Information Discovery,Government,Database Server,True,14,0.53,Global,High,Low,2021-03-16,2021-05-21,CVE-2026-71398,True,False
THREAT-02626,APT29,Cloud Misconfiguration Exploitation,T1486 Data Encrypted for Impact,Healthcare,Cloud VM,False,23,0.12,Asia-Pacific,Low,Low,2024-10-03,2025-04-14,CVE-2026-63311,False,True
THREAT-02627,Lazarus Group,DDoS,T1055 Process Injection,Government,Storage Bucket,True,125,0.63,EMEA,High,High,2021-11-17,2022-05-15,CVE-2026-8984,False,False
THREAT-02628,Hacktivist Group,Credential Theft,T1110 Brute Force,Energy,Cloud VM,False,70,0.45,Global,High,Medium,2022-04-06,2023-01-20,,False,True
THREAT-02629,Script Kiddie,Ransomware,T1036 Masquerading,Government,SaaS Application,False,25,0.44,EMEA,High,High,2025-04-26,2025-08-31,,True,True
THREAT-02630,Turla,Credential Theft,T1486 Data Encrypted for Impact,Energy,Database Server,False,53,0.6,Asia-Pacific,Critical,Medium,2024-06-30,2024-09-02,CVE-2026-72984,False,False
THREAT-02631,APT28,Cloud Misconfiguration Exploitation,T1078 Valid Accounts,Energy,Email Server,False,27,0.43,India,Low,Low,2026-05-06,2026-09-04,CVE-2026-72861,False,True
THREAT-02632,Kimsuky,Insider Threat,T1082 System Information Discovery,Government,Email Server,False,7,0.21,Global,High,Low,2021-08-23,2022-02-21,CVE-2026-9455,False,True
THREAT-02633,Cybercrime Syndicate,Credential Theft,T1190 Exploit Public-Facing Application,Healthcare,Payment Gateway,False,35,0.22,India,Critical,Medium,2023-07-05,2023-10-20,,False,False
THREAT-02634,SilverFox,Business Email Compromise,T1048 Exfiltration Over Alternative Protocol,Government,Payment Gateway,False,36,0.37,Global,Medium,High,2021-10-22,2022-05-01,CVE-2026-6131,False,False
THREAT-02635,Mustang Panda,Supply Chain Attack,T1053 Scheduled Task/Job,Government,Employee Laptop,False,68,0.13,Global,Critical,Medium,2023-07-22,2023-12-01,,False,True
THREAT-02636,Turla,Ransomware,T1003 OS Credential Dumping,Manufacturing,Employee Laptop,True,5,0.66,India,High,High,2023-02-04,2023-09-20,,True,True
THREAT-02637,Nation-State (Iran),Insider Threat,T1133 External Remote Services,IT Services,Cloud VM,False,9,0.29,India,Medium,High,2023-12-07,2024-03-12,CVE-2026-8135,False,True
THREAT-02638,Script Kiddie,Web Application Attack,T1569 System Services,Healthcare,Kubernetes Cluster,True,33,0.19,Americas,Low,Medium,2023-03-10,2023-12-13,CVE-2026-22612,False,False
THREAT-02639,Unknown,Web Application Attack,T1071 Application Layer Protocol,Government,Database Server,False,58,0.53,Global,High,High,2026-05-29,2026-09-04,,False,False
THREAT-02640,Nation-State (Iran),Web Application Attack,T1133 External Remote Services,Government,Kubernetes Cluster,False,62,0.11,EMEA,Medium,High,2024-05-25,2024-11-07,,False,False
THREAT-02641,REvil,Insider Threat,T1021 Remote Services,Insurance,Kubernetes Cluster,False,1,0.33,Asia-Pacific,High,High,2026-05-19,2026-07-03,,False,True
THREAT-02642,LockBit,Insider Threat,T1021 Remote Services,E-commerce,Payment Gateway,False,7,0.13,India,Medium,Low,2021-06-05,2022-05-26,,False,True
THREAT-02643,Scattered Spider,DDoS,T1070 Indicator Removal,Energy,Kubernetes Cluster,True,77,0.88,India,Medium,High,2021-12-12,2022-04-06,CVE-2026-1199,False,False
THREAT-02644,Insider,DDoS,T1027 Obfuscated Files or Information,E-commerce,Payment Gateway,False,66,0.42,India,Critical,High,2025-09-15,2026-03-10,,False,False
THREAT-02645,TA505,Web Application Attack,T1055 Process Injection,Education,Domain Controller,False,62,0.39,EMEA,Critical,High,2022-04-19,2022-11-07,CVE-2026-74705,True,True
THREAT-02646,Turla,Credential Theft,T1071 Application Layer Protocol,Manufacturing,Storage Bucket,False,38,0.53,Global,Medium,Low,2025-10-21,2026-08-19,CVE-2026-84483,False,False
THREAT-02647,Cybercrime Syndicate,Insider Threat,T1190 Exploit Public-Facing Application,E-commerce,Email Server,False,3,0.16,India,Low,Medium,2023-06-18,2023-08-28,CVE-2026-67283,False,True
THREAT-02648,REvil,Phishing,T1070 Indicator Removal,Healthcare,Storage Bucket,True,17,0.24,Americas,High,Medium,2024-10-20,2024-10-31,CVE-2026-79921,True,False
THREAT-02649,Hacktivist Group,Cryptojacking,T1078 Valid Accounts,Healthcare,Storage Bucket,False,93,0.24,India,High,Low,2024-05-01,2024-05-12,CVE-2026-27590,False,False
THREAT-02650,Nation-State (Iran),Supply Chain Attack,T1133 External Remote Services,Government,Employee Laptop,False,40,0.54,EMEA,Low,Medium,2026-06-21,2026-09-04,CVE-2026-10051,False,True
THREAT-02651,Kimsuky,Ransomware,T1048 Exfiltration Over Alternative Protocol,Education,SaaS Application,True,6,0.32,Global,Critical,Medium,2024-10-14,2025-02-07,,True,True
THREAT-02652,Scattered Spider,Insider Threat,T1078 Valid Accounts,Insurance,SaaS Application,True,1,0.33,India,Low,Low,2023-11-04,2024-02-12,,False,True
THREAT-02653,Scattered Spider,Phishing,T1133 External Remote Services,Manufacturing,API Gateway,False,81,0.19,India,High,Low,2025-08-31,2026-02-08,,False,True
THREAT-02654,REvil,Data Exfiltration,T1003 OS Credential Dumping,E-commerce,Cloud VM,True,99,0.58,Asia-Pacific,High,High,2021-06-10,2022-01-03,,False,True
THREAT-02655,FIN7,Insider Threat,T1078 Valid Accounts,Manufacturing,Database Server,True,8,0.29,EMEA,Critical,Low,2023-10-17,2024-09-04,,False,True
THREAT-02656,Mustang Panda,Cloud Misconfiguration Exploitation,T1486 Data Encrypted for Impact,E-commerce,Storage Bucket,True,42,0.36,India,Critical,Low,2026-02-10,2026-09-04,CVE-2026-85242,False,False
THREAT-02657,Cybercrime Syndicate,Zero-Day Exploit,T1071 Application Layer Protocol,Manufacturing,Email Server,False,50,0.48,EMEA,Critical,High,2022-05-28,2023-01-19,,False,True
THREAT-02658,Hacktivist Group,Business Email Compromise,T1078 Valid Accounts,Manufacturing,SaaS Application,False,98,0.51,Global,Medium,High,2024-11-27,2025-08-24,CVE-2026-79236,False,False
THREAT-02659,Nation-State (Russia),Supply Chain Attack,T1486 Data Encrypted for Impact,Insurance,API Gateway,False,47,0.17,India,High,Medium,2023-12-10,2024-10-10,CVE-2026-9458,False,False
THREAT-02660,Mustang Panda,Ransomware,T1569 System Services,Education,Database Server,False,24,0.33,Global,Low,Medium,2021-10-09,2022-07-18,,True,True
THREAT-02661,Conti,Phishing,T1082 System Information Discovery,Government,Payment Gateway,True,38,0.18,Asia-Pacific,Medium,Low,2022-02-08,2023-01-31,CVE-2026-75112,False,False
THREAT-02662,APT29,Cryptojacking,T1082 System Information Discovery,Manufacturing,SaaS Application,False,69,0.53,Global,High,High,2022-08-25,2023-08-06,CVE-2026-82456,False,True
THREAT-02663,FIN7,Business Email Compromise,T1059 Command and Scripting Interpreter,Energy,Employee Laptop,False,94,0.19,Global,High,Medium,2025-04-06,2025-08-20,CVE-2026-58569,False,False
THREAT-02664,TA505,Ransomware,T1059 Command and Scripting Interpreter,Energy,Storage Bucket,False,25,0.38,Americas,Medium,Low,2026-02-14,2026-08-19,,True,False
THREAT-02665,Nation-State (Russia),DDoS,T1105 Ingress Tool Transfer,Government,Payment Gateway,True,125,0.76,Asia-Pacific,High,Low,2024-05-13,2024-11-04,CVE-2026-65595,False,False
THREAT-02666,Unknown,Phishing,T1053 Scheduled Task/Job,Education,Web Server,False,41,0.37,EMEA,Low,Low,2024-08-30,2025-04-11,,False,False
THREAT-02667,Nation-State (Russia),Business Email Compromise,T1110 Brute Force,Energy,Storage Bucket,True,77,0.19,Asia-Pacific,Critical,Medium,2025-04-12,2025-06-26,,False,False
THREAT-02668,TA505,Phishing,T1566 Phishing,E-commerce,Domain Controller,False,86,0.47,Americas,High,Low,2021-08-17,2022-04-09,CVE-2026-54305,False,True
THREAT-02669,Conti,Credential Theft,T1105 Ingress Tool Transfer,Energy,Storage Bucket,True,78,0.26,Global,Low,Low,2022-11-11,2023-01-16,,False,True
THREAT-02670,Lazarus Group,Web Application Attack,T1055 Process Injection,Energy,Email Server,False,41,0.38,Americas,High,High,2025-05-27,2026-01-19,CVE-2026-15511,False,True
THREAT-02671,Kimsuky,Credential Theft,T1059 Command and Scripting Interpreter,Energy,Payment Gateway,False,83,0.49,India,Low,Medium,2025-06-21,2026-01-05,,False,False
THREAT-02672,Lazarus Group,Cryptojacking,T1059 Command and Scripting Interpreter,Manufacturing,Payment Gateway,False,68,0.5,EMEA,Medium,Low,2021-04-03,2021-08-25,,False,False
THREAT-02673,Nation-State (Russia),DDoS,T1048 Exfiltration Over Alternative Protocol,Manufacturing,Web Server,False,153,0.53,EMEA,Critical,High,2025-09-01,2025-10-31,CVE-2026-50162,False,False
THREAT-02674,Nation-State (China),Cryptojacking,T1059 Command and Scripting Interpreter,Government,Kubernetes Cluster,True,64,0.18,India,Low,Medium,2025-08-20,2025-12-08,,False,False
THREAT-02675,Conti,Cryptojacking,T1190 Exploit Public-Facing Application,Government,Employee Laptop,True,77,0.52,Asia-Pacific,Low,Low,2022-06-10,2022-07-13,,False,False
THREAT-02676,SilverFox,Data Exfiltration,T1053 Scheduled Task/Job,Energy,Cloud VM,True,44,0.37,EMEA,Critical,High,2023-10-02,2024-04-09,,False,True
THREAT-02677,ALPHV,Zero-Day Exploit,T1003 OS Credential Dumping,Energy,Storage Bucket,True,55,0.13,Americas,Medium,Low,2022-08-31,2023-02-18,,False,False
THREAT-02678,Conti,Cryptojacking,T1190 Exploit Public-Facing Application,E-commerce,Storage Bucket,False,62,0.33,Americas,Critical,Medium,2024-06-27,2024-11-26,CVE-2026-5850,False,False
THREAT-02679,Insider,Web Application Attack,T1566 Phishing,IT Services,Cloud VM,False,55,0.55,EMEA,High,Low,2025-01-12,2025-07-22,,False,False
THREAT-02680,ALPHV,Business Email Compromise,T1055 Process Injection,Government,Cloud VM,False,47,0.18,India,Low,High,2024-08-18,2025-02-15,,False,False
THREAT-02681,Cybercrime Syndicate,Business Email Compromise,T1070 Indicator Removal,Manufacturing,API Gateway,True,98,0.17,Americas,High,Medium,2026-01-09,2026-01-22,,False,False
THREAT-02682,Sandworm,Web Application Attack,T1566 Phishing,IT Services,Email Server,False,49,0.57,Global,High,High,2024-01-30,2024-05-22,,False,False
THREAT-02683,Sandworm,Business Email Compromise,T1133 External Remote Services,Government,Cloud VM,False,61,0.5,Global,High,High,2024-09-06,2025-01-27,,False,True
THREAT-02684,Hacktivist Group,Insider Threat,T1003 OS Credential Dumping,Energy,Domain Controller,True,8,0.39,Americas,Low,High,2024-01-11,2024-03-04,,False,True
THREAT-02685,Kimsuky,Ransomware,T1055 Process Injection,Energy,Web Server,True,33,0.54,Americas,High,Medium,2022-11-20,2023-01-05,,True,True
THREAT-02686,FIN7,Zero-Day Exploit,T1566 Phishing,Government,Database Server,False,39,0.55,Americas,Critical,Medium,2025-09-05,2025-12-31,CVE-2026-7140,False,False
THREAT-02687,Sandworm,Web Application Attack,T1071 Application Layer Protocol,Healthcare,Web Server,False,25,0.14,Global,Low,High,2022-05-14,2022-10-25,CVE-2026-45480,False,False
THREAT-02688,Nation-State (China),Zero-Day Exploit,T1078 Valid Accounts,Energy,Web Server,False,26,0.17,India,Low,Low,2022-09-01,2022-12-12,CVE-2026-39944,False,False
THREAT-02689,SilverFox,Web Application Attack,T1071 Application Layer Protocol,Energy,API Gateway,False,51,0.17,India,High,Medium,2022-03-05,2022-09-06,,False,False
THREAT-02690,Nation-State (Iran),Data Exfiltration,T1133 External Remote Services,E-commerce,API Gateway,False,48,0.51,Asia-Pacific,Low,Medium,2024-09-16,2025-01-16,,True,False
THREAT-02691,Sandworm,Data Exfiltration,T1003 OS Credential Dumping,IT Services,Kubernetes Cluster,False,75,0.43,Americas,High,Medium,2021-06-25,2021-09-11,,False,True
THREAT-02692,ALPHV,Cryptojacking,T1055 Process Injection,IT Services,SaaS Application,True,65,0.56,EMEA,Low,Low,2026-03-23,2026-09-04,,False,True
THREAT-02693,Mustang Panda,Supply Chain Attack,T1059 Command and Scripting Interpreter,Telecom,Domain Controller,False,21,0.39,Global,High,High,2021-12-10,2022-07-02,CVE-2026-57572,False,False
THREAT-02694,Nation-State (China),Ransomware,T1027 Obfuscated Files or Information,Insurance,Cloud VM,False,32,0.5,EMEA,High,Low,2024-01-10,2024-10-04,,True,False
THREAT-02695,Kimsuky,Ransomware,T1070 Indicator Removal,E-commerce,Employee Laptop,True,29,0.49,Global,Critical,Low,2025-10-20,2026-02-20,,True,True
THREAT-02696,Lazarus Group,Cloud Misconfiguration Exploitation,T1133 External Remote Services,Manufacturing,Cloud VM,False,46,0.1,Asia-Pacific,High,High,2026-03-11,2026-05-03,,False,False
THREAT-02697,Unknown,Phishing,T1021 Remote Services,Government,Cloud VM,False,63,0.43,EMEA,High,High,2022-12-22,2023-03-14,,False,False
THREAT-02698,Lazarus Group,Zero-Day Exploit,T1070 Indicator Removal,E-commerce,Payment Gateway,False,65,0.46,Global,Medium,High,2023-06-20,2023-10-09,CVE-2026-19631,False,False
THREAT-02699,SilverFox,Data Exfiltration,T1105 Ingress Tool Transfer,E-commerce,Kubernetes Cluster,False,46,0.56,India,Critical,Medium,2025-12-31,2026-09-04,CVE-2026-61447,False,True
THREAT-02700,Mustang Panda,Data Exfiltration,T1569 System Services,Government,Web Server,True,88,0.59,Global,Medium,High,2022-09-15,2022-11-02,CVE-2026-70611,True,True
THREAT-02701,Nation-State (Iran),Phishing,T1110 Brute Force,Insurance,Kubernetes Cluster,False,55,0.26,Asia-Pacific,Medium,Low,2026-01-14,2026-04-15,,False,False
THREAT-02702,Conti,Phishing,T1036 Masquerading,Energy,Employee Laptop,True,35,0.42,Global,Low,Medium,2025-05-17,2026-05-12,CVE-2026-61666,False,False
THREAT-02703,Lazarus Group,Cloud Misconfiguration Exploitation,T1036 Masquerading,Education,Database Server,True,28,0.21,Americas,Critical,High,2025-05-03,2025-06-27,CVE-2026-72861,True,False
THREAT-02704,Hacktivist Group,Phishing,T1562 Impair Defenses,E-commerce,API Gateway,True,34,0.15,Americas,Low,High,2022-05-13,2022-11-11,,False,False
THREAT-02705,Sandworm,Phishing,T1059 Command and Scripting Interpreter,Energy,Cloud VM,True,96,0.34,Asia-Pacific,Medium,High,2021-04-12,2021-06-05,CVE-2026-24033,False,True
THREAT-02706,Script Kiddie,Cryptojacking,T1082 System Information Discovery,E-commerce,Database Server,False,52,0.43,Asia-Pacific,Critical,High,2023-04-21,2024-04-04,CVE-2026-69836,False,False
THREAT-02707,Mustang Panda,Cloud Misconfiguration Exploitation,T1070 Indicator Removal,Energy,Domain Controller,True,56,0.19,Asia-Pacific,High,Low,2024-02-07,2024-07-14,CVE-2026-79236,False,False
THREAT-02708,Nation-State (Iran),DDoS,T1190 Exploit Public-Facing Application,E-commerce,Cloud VM,False,154,0.8,India,Critical,Medium,2025-03-24,2025-11-29,,False,False
THREAT-02709,Kimsuky,Cryptojacking,T1082 System Information Discovery,Manufacturing,Cloud VM,True,81,0.56,EMEA,Low,Low,2023-12-23,2024-01-31,,True,False
THREAT-02710,REvil,Phishing,T1082 System Information Discovery,IT Services,Cloud VM,False,37,0.28,Global,High,Medium,2022-12-14,2023-07-23,,False,False
THREAT-02711,Kimsuky,Phishing,T1053 Scheduled Task/Job,E-commerce,Payment Gateway,False,9,0.53,Americas,Medium,High,2021-08-05,2021-09-24,CVE-2026-18401,False,True
THREAT-02712,Unknown,Credential Theft,T1021 Remote Services,Government,Storage Bucket,True,12,0.4,Asia-Pacific,Critical,High,2025-04-01,2025-11-07,CVE-2026-48025,False,False
THREAT-02713,Cybercrime Syndicate,Data Exfiltration,T1105 Ingress Tool Transfer,E-commerce,Storage Bucket,True,35,0.56,Americas,High,High,2024-12-25,2025-01-04,,False,True
THREAT-02714,Insider,Business Email Compromise,T1566 Phishing,Government,Employee Laptop,False,96,0.5,Americas,Medium,High,2025-09-20,2026-09-04,CVE-2026-59500,False,False
THREAT-02715,SilverFox,Web Application Attack,T1003 OS Credential Dumping,Government,Web Server,False,66,0.26,EMEA,Medium,High,2026-07-07,2026-09-04,,False,True
THREAT-02716,Nation-State (Iran),DDoS,T1566 Phishing,Education,Employee Laptop,True,93,0.87,EMEA,Critical,Low,2024-09-02,2025-05-24,,False,False
THREAT-02717,SilverFox,Web Application Attack,T1059 Command and Scripting Interpreter,E-commerce,Database Server,False,76,0.48,Asia-Pacific,High,Medium,2022-10-10,2022-10-11,CVE-2026-72761,False,False
THREAT-02718,Conti,Cloud Misconfiguration Exploitation,T1021 Remote Services,Government,Payment Gateway,True,61,0.33,EMEA,Medium,High,2023-06-13,2023-07-14,,False,True
THREAT-02719,REvil,Data Exfiltration,T1003 OS Credential Dumping,E-commerce,Email Server,True,51,0.49,Global,Critical,High,2025-08-30,2026-02-14,,False,True
THREAT-02720,Lazarus Group,Web Application Attack,T1133 External Remote Services,Education,Storage Bucket,False,93,0.47,India,Critical,High,2022-06-02,2022-11-27,CVE-2026-61424,False,True
THREAT-02721,Turla,Cloud Misconfiguration Exploitation,T1053 Scheduled Task/Job,Government,Database Server,False,18,0.33,India,High,Medium,2024-09-29,2025-05-17,,False,True
THREAT-02722,Kimsuky,Ransomware,T1021 Remote Services,Education,Payment Gateway,False,50,0.6,Asia-Pacific,Medium,Medium,2023-08-27,2024-04-25,,True,False
THREAT-02723,Mustang Panda,Credential Theft,T1569 System Services,Manufacturing,Database Server,True,69,0.33,Global,High,Low,2026-07-06,2026-08-22,,False,False
THREAT-02724,APT29,DDoS,T1566 Phishing,Education,Employee Laptop,False,112,0.43,Global,High,Medium,2026-06-29,2026-09-04,,False,False
THREAT-02725,Unknown,Business Email Compromise,T1190 Exploit Public-Facing Application,Energy,Domain Controller,False,71,0.39,EMEA,High,High,2023-08-02,2024-03-01,CVE-2026-44359,False,False
THREAT-02726,Turla,Credential Theft,T1036 Masquerading,Insurance,Storage Bucket,False,18,0.18,Global,Medium,Medium,2024-07-01,2024-09-14,,False,True
THREAT-02727,Nation-State (Iran),Phishing,T1003 OS Credential Dumping,Insurance,Payment Gateway,False,94,0.45,Global,Low,High,2026-06-08,2026-09-04,,False,False
THREAT-02728,APT29,Phishing,T1036 Masquerading,Energy,Email Server,True,83,0.14,Americas,Low,High,2024-02-26,2024-08-05,CVE-2026-84647,False,False
THREAT-02729,REvil,Data Exfiltration,T1133 External Remote Services,Insurance,Storage Bucket,True,42,0.37,EMEA,Low,Medium,2025-03-21,2025-08-17,CVE-2026-33228,False,False
THREAT-02730,Nation-State (Iran),Data Exfiltration,T1486 Data Encrypted for Impact,E-commerce,Web Server,False,32,0.4,Global,High,Medium,2025-12-10,2025-12-31,,False,True
THREAT-02731,APT29,Credential Theft,T1003 OS Credential Dumping,Healthcare,API Gateway,True,97,0.53,Americas,Low,Low,2024-12-12,2025-05-05,,False,True
THREAT-02732,Sandworm,Zero-Day Exploit,T1055 Process Injection,IT Services,Domain Controller,False,96,0.57,Global,Critical,Low,2025-12-19,2026-04-05,CVE-2026-19027,True,True
THREAT-02733,Nation-State (Russia),Web Application Attack,T1036 Masquerading,Manufacturing,Kubernetes Cluster,True,55,0.26,India,Medium,High,2024-11-07,2025-07-25,CVE-2026-76605,False,False
THREAT-02734,Sandworm,Business Email Compromise,T1048 Exfiltration Over Alternative Protocol,Energy,Database Server,True,80,0.11,Americas,Critical,High,2024-12-16,2025-11-11,,True,True
THREAT-02735,TA505,Ransomware,T1190 Exploit Public-Facing Application,Government,Kubernetes Cluster,False,18,0.74,India,Critical,Low,2024-06-20,2024-11-28,,True,True
THREAT-02736,ALPHV,Insider Threat,T1071 Application Layer Protocol,E-commerce,Cloud VM,True,6,0.14,India,High,High,2021-07-21,2021-08-03,CVE-2026-80548,False,True
THREAT-02737,Script Kiddie,Supply Chain Attack,T1133 External Remote Services,IT Services,Employee Laptop,False,48,0.12,India,Medium,Medium,2022-03-16,2022-07-12,,False,False
THREAT-02738,Cybercrime Syndicate,Data Exfiltration,T1110 Brute Force,Government,Database Server,True,14,0.11,Asia-Pacific,Critical,Low,2022-01-20,2022-09-19,,False,True
THREAT-02739,Nation-State (Russia),DDoS,T1082 System Information Discovery,IT Services,Web Server,False,167,0.51,Americas,High,Medium,2025-08-11,2026-07-19,CVE-2026-21084,False,False
THREAT-02740,Lazarus Group,Supply Chain Attack,T1105 Ingress Tool Transfer,Education,Email Server,False,40,0.4,Global,Low,Medium,2022-05-26,2023-01-31,,False,False
THREAT-02741,Lazarus Group,Credential Theft,T1003 OS Credential Dumping,E-commerce,Email Server,False,27,0.16,EMEA,Low,Low,2021-09-26,2022-08-21,,False,False
THREAT-02742,LockBit,Supply Chain Attack,T1003 OS Credential Dumping,E-commerce,Kubernetes Cluster,False,75,0.45,EMEA,Critical,Medium,2026-08-02,2026-09-04,,False,False
THREAT-02743,Conti,Supply Chain Attack,T1021 Remote Services,Energy,Domain Controller,True,14,0.48,Asia-Pacific,Low,High,2021-04-11,2022-02-03,,True,False
THREAT-02744,Script Kiddie,Data Exfiltration,T1070 Indicator Removal,Government,Web Server,False,53,0.4,Asia-Pacific,High,Low,2023-01-16,2023-04-05,CVE-2026-84650,False,False
THREAT-02745,REvil,Cryptojacking,T1021 Remote Services,Education,Cloud VM,False,97,0.44,Americas,Medium,Low,2023-08-12,2024-02-02,CVE-2026-59807,False,True
THREAT-02746,REvil,Supply Chain Attack,T1082 System Information Discovery,E-commerce,API Gateway,False,36,0.56,Americas,Low,Low,2024-07-15,2025-05-27,,False,False
THREAT-02747,REvil,DDoS,T1569 System Services,Telecom,Storage Bucket,False,128,0.72,India,Medium,Medium,2024-04-20,2024-05-27,CVE-2026-60083,False,False
THREAT-02748,SilverFox,Web Application Attack,T1053 Scheduled Task/Job,IT Services,Kubernetes Cluster,True,65,0.27,Asia-Pacific,Low,Medium,2021-05-04,2022-02-20,,True,False
THREAT-02749,REvil,Business Email Compromise,T1562 Impair Defenses,Government,Employee Laptop,True,15,0.32,Asia-Pacific,High,Medium,2025-09-10,2025-11-21,,False,False
THREAT-02750,Nation-State (China),Zero-Day Exploit,T1036 Masquerading,Government,API Gateway,False,32,0.47,EMEA,Medium,Low,2023-06-20,2024-03-05,CVE-2026-33076,False,False
THREAT-02751,ALPHV,Insider Threat,T1569 System Services,Energy,Web Server,True,8,0.33,India,Low,Medium,2022-06-13,2022-10-05,,False,True
THREAT-02752,TA505,Data Exfiltration,T1110 Brute Force,Education,Storage Bucket,False,78,0.11,EMEA,Low,Low,2023-10-30,2024-10-20,CVE-2026-6025,False,True
THREAT-02753,Nation-State (Iran),Web Application Attack,T1569 System Services,Manufacturing,SaaS Application,False,30,0.19,EMEA,Critical,Medium,2022-11-06,2023-07-30,CVE-2026-5993,False,False
THREAT-02754,SilverFox,Phishing,T1036 Masquerading,IT Services,API Gateway,True,23,0.29,India,High,High,2025-06-16,2026-06-03,CVE-2026-77537,False,False
THREAT-02755,LockBit,Business Email Compromise,T1082 System Information Discovery,IT Services,Web Server,True,17,0.49,Asia-Pacific,Medium,Medium,2024-12-22,2025-09-02,,True,True
THREAT-02756,LockBit,DDoS,T1562 Impair Defenses,Insurance,Employee Laptop,False,44,0.58,Americas,Critical,Medium,2021-05-04,2022-04-21,,False,False
THREAT-02757,SilverFox,Cloud Misconfiguration Exploitation,T1133 External Remote Services,E-commerce,Storage Bucket,True,17,0.54,Americas,Medium,Low,2022-05-17,2023-01-30,CVE-2026-13074,False,True
THREAT-02758,Conti,Cryptojacking,T1048 Exfiltration Over Alternative Protocol,Education,Employee Laptop,False,50,0.32,Asia-Pacific,Critical,Medium,2024-06-29,2024-09-27,,False,True
THREAT-02759,Nation-State (Russia),Cryptojacking,T1070 Indicator Removal,IT Services,Kubernetes Cluster,False,11,0.28,India,Medium,Medium,2026-01-13,2026-06-21,CVE-2026-18886,False,False
THREAT-02760,TA505,Cloud Misconfiguration Exploitation,T1003 OS Credential Dumping,Education,Database Server,True,15,0.43,Global,Critical,Medium,2021-06-20,2022-04-12,CVE-2026-7834,False,False
THREAT-02761,Unknown,Business Email Compromise,T1053 Scheduled Task/Job,E-commerce,Kubernetes Cluster,False,48,0.53,India,Medium,Medium,2024-08-02,2025-02-13,CVE-2026-72761,False,False
THREAT-02762,Kimsuky,Ransomware,T1059 Command and Scripting Interpreter,Manufacturing,Kubernetes Cluster,False,5,0.68,Americas,Medium,High,2026-02-26,2026-04-05,,True,True
THREAT-02763,Unknown,Cloud Misconfiguration Exploitation,T1027 Obfuscated Files or Information,E-commerce,Email Server,False,37,0.54,Asia-Pacific,Critical,Low,2025-05-28,2026-04-03,,False,False
THREAT-02764,Hacktivist Group,Data Exfiltration,T1059 Command and Scripting Interpreter,Government,Database Server,False,90,0.25,Asia-Pacific,Critical,High,2022-10-04,2023-06-10,,False,False
THREAT-02765,Hacktivist Group,Insider Threat,T1566 Phishing,Government,Cloud VM,False,2,0.37,EMEA,Low,High,2022-07-05,2022-07-09,,False,True
THREAT-02766,Scattered Spider,Supply Chain Attack,T1036 Masquerading,Manufacturing,Kubernetes Cluster,False,26,0.22,India,High,High,2026-03-24,2026-06-09,,False,True
THREAT-02767,Turla,Web Application Attack,T1486 Data Encrypted for Impact,Energy,Email Server,True,59,0.28,India,High,High,2025-04-23,2026-02-18,,False,False
THREAT-02768,Lazarus Group,Business Email Compromise,T1569 System Services,Manufacturing,Employee Laptop,True,20,0.35,Americas,Critical,Medium,2023-12-30,2024-03-24,CVE-2026-43533,False,False
THREAT-02769,Script Kiddie,Cryptojacking,T1078 Valid Accounts,Government,Cloud VM,True,90,0.5,Asia-Pacific,Critical,Low,2026-05-11,2026-06-20,CVE-2026-59647,False,True
THREAT-02770,Cybercrime Syndicate,Credential Theft,T1562 Impair Defenses,Energy,Cloud VM,True,20,0.27,Americas,Low,Low,2021-04-01,2021-08-18,,True,True
THREAT-02771,TA505,Cloud Misconfiguration Exploitation,T1053 Scheduled Task/Job,IT Services,Cloud VM,False,61,0.41,Americas,Medium,Medium,2022-09-14,2022-12-06,CVE-2026-73102,False,False
THREAT-02772,APT29,Phishing,T1036 Masquerading,Energy,Cloud VM,False,46,0.36,EMEA,Low,Medium,2025-04-24,2025-11-14,CVE-2026-20317,False,True
THREAT-02773,APT29,Supply Chain Attack,T1053 Scheduled Task/Job,Insurance,Web Server,False,95,0.28,EMEA,Medium,High,2024-01-07,2024-07-20,CVE-2026-72790,False,False
THREAT-02774,Insider,Ransomware,T1105 Ingress Tool Transfer,IT Services,Database Server,False,10,0.4,India,High,High,2026-06-17,2026-07-18,,True,True
THREAT-02775,FIN7,Zero-Day Exploit,T1036 Masquerading,Government,Web Server,False,38,0.21,Global,Medium,High,2026-07-26,2026-09-04,CVE-2026-53533,False,False
THREAT-02776,Conti,Ransomware,T1569 System Services,Government,Payment Gateway,False,44,0.74,EMEA,Critical,Medium,2021-11-20,2022-04-20,,True,False
THREAT-02777,Unknown,Business Email Compromise,T1190 Exploit Public-Facing Application,Energy,Email Server,True,10,0.49,Global,Critical,Low,2024-02-08,2024-07-08,,False,False
THREAT-02778,FIN7,Supply Chain Attack,T1070 Indicator Removal,Energy,Kubernetes Cluster,True,13,0.19,Asia-Pacific,High,High,2025-09-29,2026-06-24,,True,True
THREAT-02779,TA505,Supply Chain Attack,T1133 External Remote Services,Education,Database Server,False,94,0.11,Americas,Low,High,2023-10-21,2024-06-04,CVE-2026-84131,False,False
THREAT-02780,ALPHV,Phishing,T1055 Process Injection,Healthcare,Payment Gateway,False,99,0.58,Asia-Pacific,Critical,Low,2023-09-11,2024-02-27,CVE-2026-18243,False,False
THREAT-02781,Conti,Data Exfiltration,T1566 Phishing,E-commerce,Cloud VM,False,58,0.23,Americas,High,Low,2022-01-22,2022-03-31,,False,True
THREAT-02782,APT28,Business Email Compromise,T1048 Exfiltration Over Alternative Protocol,Manufacturing,Payment Gateway,True,58,0.37,India,Low,High,2024-12-23,2025-06-17,CVE-2026-21441,False,False
THREAT-02783,Insider,Business Email Compromise,T1055 Process Injection,Manufacturing,Email Server,True,24,0.49,India,High,Low,2021-10-14,2021-12-30,,False,True
THREAT-02784,Conti,Business Email Compromise,T1190 Exploit Public-Facing Application,Telecom,Email Server,True,19,0.49,India,High,Medium,2022-11-07,2023-05-11,CVE-2026-7834,False,False
THREAT-02785,Turla,Cryptojacking,T1133 External Remote Services,Telecom,Web Server,False,60,0.52,Global,Low,High,2022-03-25,2022-10-07,,False,False
THREAT-02786,APT29,Cloud Misconfiguration Exploitation,T1048 Exfiltration Over Alternative Protocol,E-commerce,Web Server,True,29,0.26,Americas,Critical,High,2021-10-21,2022-08-14,,False,False
THREAT-02787,Nation-State (China),Data Exfiltration,T1003 OS Credential Dumping,IT Services,SaaS Application,False,72,0.55,Asia-Pacific,Low,High,2023-06-17,2023-07-04,CVE-2026-57896,False,True
THREAT-02788,Insider,Web Application Attack,T1082 System Information Discovery,Energy,Kubernetes Cluster,False,27,0.51,Global,Medium,Medium,2023-12-01,2024-09-22,,False,True
THREAT-02789,Lazarus Group,Phishing,T1053 Scheduled Task/Job,IT Services,Employee Laptop,True,98,0.35,EMEA,Critical,Medium,2025-10-02,2026-06-23,,False,False
THREAT-02790,Lazarus Group,Web Application Attack,T1569 System Services,Education,Domain Controller,False,30,0.36,Americas,Low,High,2023-01-24,2023-11-25,,False,False
THREAT-02791,APT28,Supply Chain Attack,T1190 Exploit Public-Facing Application,Energy,Kubernetes Cluster,False,50,0.41,Americas,Critical,Low,2026-01-29,2026-08-15,CVE-2026-5994,False,False
THREAT-02792,Unknown,Cloud Misconfiguration Exploitation,T1070 Indicator Removal,Energy,API Gateway,True,90,0.49,Americas,Medium,Low,2026-06-17,2026-09-04,,False,False
THREAT-02793,Cybercrime Syndicate,Ransomware,T1071 Application Layer Protocol,Government,Storage Bucket,False,45,0.79,Asia-Pacific,Medium,High,2023-12-13,2023-12-24,CVE-2026-82233,True,True
THREAT-02794,Hacktivist Group,Phishing,T1486 Data Encrypted for Impact,Insurance,Storage Bucket,False,54,0.43,India,Critical,High,2021-12-13,2022-01-17,CVE-2026-63426,False,False
THREAT-02795,APT28,Ransomware,T1486 Data Encrypted for Impact,Insurance,Employee Laptop,True,41,0.44,Asia-Pacific,High,High,2024-11-30,2024-12-14,,True,False
THREAT-02796,LockBit,Data Exfiltration,T1048 Exfiltration Over Alternative Protocol,Government,Payment Gateway,False,79,0.5,India,High,High,2022-10-19,2022-12-24,CVE-2026-4184,False,False
THREAT-02797,Cybercrime Syndicate,DDoS,T1059 Command and Scripting Interpreter,IT Services,SaaS Application,True,99,0.47,India,High,High,2022-12-12,2023-01-05,,False,False
THREAT-02798,Scattered Spider,Cryptojacking,T1078 Valid Accounts,IT Services,Employee Laptop,False,17,0.46,India,Critical,Medium,2023-08-06,2023-12-11,,False,False
THREAT-02799,Sandworm,Business Email Compromise,T1486 Data Encrypted for Impact,IT Services,SaaS Application,False,85,0.28,EMEA,High,High,2023-07-02,2023-12-24,,False,False
THREAT-02800,Nation-State (Iran),Ransomware,T1082 System Information Discovery,Manufacturing,Cloud VM,True,21,0.72,Asia-Pacific,Low,Low,2024-06-25,2025-04-06,,True,True
THREAT-02801,SilverFox,Cloud Misconfiguration Exploitation,T1569 System Services,Insurance,Payment Gateway,False,20,0.46,Asia-Pacific,Critical,Medium,2023-04-27,2023-05-24,,False,False
THREAT-02802,Nation-State (Iran),Ransomware,T1070 Indicator Removal,Government,Email Server,True,11,0.44,Asia-Pacific,Medium,High,2026-06-12,2026-08-30,,True,True
THREAT-02803,Unknown,DDoS,T1071 Application Layer Protocol,Manufacturing,Kubernetes Cluster,False,185,0.89,EMEA,High,High,2024-09-02,2025-01-30,,False,False
THREAT-02804,TA505,Cloud Misconfiguration Exploitation,T1566 Phishing,Manufacturing,Storage Bucket,True,89,0.12,EMEA,High,High,2021-04-11,2021-08-21,,False,False
THREAT-02805,Turla,Ransomware,T1082 System Information Discovery,Government,Employee Laptop,False,46,0.51,EMEA,Medium,High,2021-03-31,2021-07-18,,True,False
THREAT-02806,Insider,Cryptojacking,T1110 Brute Force,E-commerce,Email Server,True,89,0.12,Americas,High,High,2021-05-29,2021-09-30,,False,False
THREAT-02807,LockBit,Credential Theft,T1082 System Information Discovery,Insurance,Storage Bucket,False,78,0.13,Asia-Pacific,Critical,Medium,2022-07-30,2022-09-02,CVE-2026-59236,False,True
THREAT-02808,SilverFox,Zero-Day Exploit,T1003 OS Credential Dumping,Government,Email Server,False,27,0.33,Asia-Pacific,Low,High,2024-08-03,2024-09-28,,False,False
THREAT-02809,Sandworm,DDoS,T1071 Application Layer Protocol,Government,Cloud VM,True,116,0.42,Global,Low,High,2022-11-21,2023-06-09,,False,False
THREAT-02810,Lazarus Group,Cryptojacking,T1566 Phishing,E-commerce,Storage Bucket,False,50,0.59,Americas,Critical,High,2025-11-04,2026-09-04,CVE-2026-66409,False,False
THREAT-02811,APT28,Insider Threat,T1027 Obfuscated Files or Information,Insurance,Database Server,False,6,0.36,Global,High,High,2021-12-27,2022-12-14,,False,True
THREAT-02812,Unknown,Web Application Attack,T1105 Ingress Tool Transfer,Government,API Gateway,False,79,0.14,EMEA,High,Low,2023-01-04,2023-06-09,,True,False
THREAT-02813,APT29,Web Application Attack,T1566 Phishing,Government,Web Server,True,9,0.42,EMEA,Medium,High,2023-01-31,2023-03-14,,False,True
THREAT-02814,Cybercrime Syndicate,Web Application Attack,T1569 System Services,Government,Payment Gateway,False,49,0.3,EMEA,High,Medium,2025-05-31,2025-06-22,CVE-2026-79240,False,False
THREAT-02815,Insider,Zero-Day Exploit,T1053 Scheduled Task/Job,Government,API Gateway,True,74,0.51,Global,Low,Medium,2024-10-11,2025-07-20,,False,True
THREAT-02816,FIN7,Cloud Misconfiguration Exploitation,T1133 External Remote Services,Insurance,Email Server,True,20,0.59,India,High,High,2023-04-01,2024-01-24,,False,False
THREAT-02817,SilverFox,Cryptojacking,T1486 Data Encrypted for Impact,Energy,Storage Bucket,False,41,0.48,Asia-Pacific,Low,High,2024-11-27,2025-02-17,CVE-2026-82866,False,False
THREAT-02818,Mustang Panda,Web Application Attack,T1105 Ingress Tool Transfer,IT Services,API Gateway,False,9,0.49,Global,Critical,High,2024-11-03,2025-02-06,,False,True
THREAT-02819,SilverFox,Credential Theft,T1190 Exploit Public-Facing Application,Insurance,SaaS Application,False,95,0.35,Asia-Pacific,High,Low,2021-06-08,2021-06-19,CVE-2026-11430,False,False
THREAT-02820,Scattered Spider,DDoS,T1070 Indicator Removal,Healthcare,Web Server,False,90,0.41,Global,Medium,High,2024-10-06,2024-12-16,,False,False
THREAT-02821,Sandworm,Cloud Misconfiguration Exploitation,T1055 Process Injection,Education,API Gateway,False,85,0.29,Asia-Pacific,Critical,High,2023-07-23,2023-12-30,CVE-2026-75951,False,False
THREAT-02822,Kimsuky,Supply Chain Attack,T1078 Valid Accounts,Government,Employee Laptop,False,24,0.14,Asia-Pacific,Low,High,2023-07-20,2023-10-25,,False,False
THREAT-02823,Nation-State (Russia),Cloud Misconfiguration Exploitation,T1110 Brute Force,E-commerce,Kubernetes Cluster,True,86,0.16,Americas,High,Medium,2025-12-21,2025-12-24,,False,True
THREAT-02824,Sandworm,Business Email Compromise,T1078 Valid Accounts,Government,API Gateway,False,51,0.24,India,Medium,Low,2025-04-29,2025-10-13,CVE-2026-18193,True,False
THREAT-02825,Nation-State (Russia),Ransomware,T1569 System Services,E-commerce,Email Server,True,42,0.75,EMEA,Low,Low,2026-05-02,2026-09-04,CVE-2026-72898,True,True
THREAT-02826,Turla,Phishing,T1562 Impair Defenses,Manufacturing,Kubernetes Cluster,True,23,0.16,India,Low,Low,2021-06-16,2022-05-18,CVE-2026-75125,False,False
THREAT-02827,Lazarus Group,Credential Theft,T1059 Command and Scripting Interpreter,Telecom,Kubernetes Cluster,False,11,0.43,EMEA,Critical,Medium,2026-05-28,2026-09-04,,False,False
THREAT-02828,Sandworm,Supply Chain Attack,T1190 Exploit Public-Facing Application,Telecom,Kubernetes Cluster,False,92,0.23,Americas,Critical,Medium,2024-01-29,2024-02-12,,False,True
THREAT-02829,Script Kiddie,Cryptojacking,T1021 Remote Services,Manufacturing,Employee Laptop,False,32,0.51,Americas,Low,Low,2024-10-25,2025-03-18,,False,False
THREAT-02830,Hacktivist Group,Web Application Attack,T1003 OS Credential Dumping,Government,API Gateway,False,6,0.24,Americas,High,Medium,2021-07-24,2021-10-24,,False,False
THREAT-02831,Script Kiddie,Data Exfiltration,T1053 Scheduled Task/Job,E-commerce,Web Server,True,19,0.16,Americas,Low,High,2025-07-20,2026-04-16,,False,False
THREAT-02832,Conti,Web Application Attack,T1021 Remote Services,Energy,Storage Bucket,True,99,0.12,India,Medium,Medium,2022-10-07,2023-06-03,,False,False
THREAT-02833,SilverFox,Supply Chain Attack,T1562 Impair Defenses,Energy,Domain Controller,False,22,0.3,EMEA,High,Low,2021-10-10,2022-04-27,,False,True
THREAT-02834,Nation-State (China),DDoS,T1486 Data Encrypted for Impact,Government,Payment Gateway,True,190,0.53,Asia-Pacific,Medium,Low,2025-03-22,2025-03-23,,False,False
THREAT-02835,TA505,Web Application Attack,T1110 Brute Force,Energy,Domain Controller,False,65,0.51,EMEA,High,Medium,2021-05-06,2022-01-16,,False,False
THREAT-02836,Lazarus Group,Web Application Attack,T1036 Masquerading,IT Services,API Gateway,False,34,0.18,Asia-Pacific,Medium,Low,2026-02-18,2026-04-13,,False,False
THREAT-02837,Nation-State (Russia),Cloud Misconfiguration Exploitation,T1036 Masquerading,Energy,Database Server,True,76,0.25,Asia-Pacific,Low,Low,2025-08-02,2025-08-22,,False,False
THREAT-02838,Insider,Credential Theft,T1053 Scheduled Task/Job,Energy,Database Server,False,92,0.42,EMEA,Low,Low,2025-01-28,2025-09-18,,False,True
THREAT-02839,APT28,Zero-Day Exploit,T1055 Process Injection,Manufacturing,Employee Laptop,True,94,0.37,India,Critical,High,2022-09-19,2022-12-22,,False,False
THREAT-02840,SilverFox,Data Exfiltration,T1190 Exploit Public-Facing Application,Manufacturing,API Gateway,False,88,0.13,Americas,Medium,High,2021-06-23,2021-11-26,CVE-2026-77710,False,False
THREAT-02841,TA505,Credential Theft,T1562 Impair Defenses,E-commerce,API Gateway,False,60,0.25,EMEA,High,Medium,2023-01-11,2023-02-16,,False,False
THREAT-02842,TA505,Business Email Compromise,T1566 Phishing,Insurance,Employee Laptop,True,57,0.42,Global,Low,Medium,2022-07-23,2022-10-03,CVE-2026-7853,False,False
THREAT-02843,Nation-State (Iran),Data Exfiltration,T1078 Valid Accounts,Manufacturing,Web Server,False,89,0.1,India,Medium,High,2023-06-04,2023-06-09,,False,False
THREAT-02844,Script Kiddie,Cloud Misconfiguration Exploitation,T1133 External Remote Services,Government,Kubernetes Cluster,True,85,0.16,EMEA,Critical,Medium,2022-02-14,2022-06-23,,False,False
THREAT-02845,Conti,DDoS,T1082 System Information Discovery,Education,Employee Laptop,True,157,0.71,EMEA,High,High,2026-01-11,2026-04-27,,False,False
THREAT-02846,Lazarus Group,Zero-Day Exploit,T1566 Phishing,Manufacturing,Kubernetes Cluster,True,14,0.16,Americas,Critical,Medium,2025-01-26,2025-12-09,CVE-2026-82970,True,False
THREAT-02847,Turla,Business Email Compromise,T1055 Process Injection,Energy,API Gateway,True,33,0.14,Global,Low,Medium,2025-10-12,2026-05-27,,False,True
THREAT-02848,Insider,Phishing,T1082 System Information Discovery,Insurance,Payment Gateway,False,78,0.52,Americas,High,Medium,2022-05-07,2023-01-22,,False,False
THREAT-02849,Scattered Spider,Zero-Day Exploit,T1078 Valid Accounts,Manufacturing,Employee Laptop,False,89,0.32,Asia-Pacific,Medium,Low,2022-03-30,2022-06-23,,False,False
THREAT-02850,Cybercrime Syndicate,Business Email Compromise,T1569 System Services,Energy,Payment Gateway,True,34,0.2,Americas,Medium,Medium,2025-10-12,2025-11-09,,False,False
THREAT-02851,APT28,DDoS,T1027 Obfuscated Files or Information,Manufacturing,Database Server,True,24,0.61,Americas,High,Medium,2022-02-14,2023-01-12,CVE-2026-80207,False,False
THREAT-02852,Nation-State (China),DDoS,T1133 External Remote Services,Education,Domain Controller,True,171,0.85,Global,Low,High,2024-06-10,2025-05-12,CVE-2026-81780,False,False
THREAT-02853,FIN7,Supply Chain Attack,T1059 Command and Scripting Interpreter,Energy,Database Server,False,50,0.16,EMEA,Critical,High,2024-10-11,2025-10-11,,False,True
THREAT-02854,Sandworm,Supply Chain Attack,T1070 Indicator Removal,Energy,Employee Laptop,True,19,0.13,Asia-Pacific,Critical,High,2022-01-19,2022-01-23,,False,False
THREAT-02855,LockBit,Insider Threat,T1566 Phishing,IT Services,Storage Bucket,False,10,0.23,India,Low,High,2023-01-03,2023-11-25,,False,True
THREAT-02856,Nation-State (China),Ransomware,T1190 Exploit Public-Facing Application,Government,Database Server,True,17,0.5,Global,Medium,Medium,2025-07-05,2026-07-01,,True,True
THREAT-02857,Script Kiddie,Ransomware,T1486 Data Encrypted for Impact,Government,Payment Gateway,False,31,0.51,Global,Critical,Low,2024-06-23,2025-06-19,CVE-2026-18810,True,True
THREAT-02858,TA505,DDoS,T1486 Data Encrypted for Impact,Energy,Email Server,False,42,0.48,Global,High,Medium,2026-07-24,2026-09-04,CVE-2026-82476,False,False
THREAT-02859,Kimsuky,Web Application Attack,T1105 Ingress Tool Transfer,Manufacturing,Cloud VM,False,70,0.37,Global,Low,Medium,2021-09-12,2022-04-16,,False,False
THREAT-02860,Mustang Panda,Web Application Attack,T1070 Indicator Removal,Government,API Gateway,True,90,0.53,Americas,Medium,Low,2024-10-30,2025-02-24,CVE-2026-73610,False,False
THREAT-02861,REvil,Ransomware,T1562 Impair Defenses,Education,Database Server,True,29,0.53,Global,Medium,High,2025-02-04,2026-01-31,CVE-2026-58157,True,False
THREAT-02862,Sandworm,Credential Theft,T1053 Scheduled Task/Job,E-commerce,Domain Controller,True,73,0.51,Americas,Critical,High,2022-07-28,2023-03-17,,False,False
THREAT-02863,APT28,Cryptojacking,T1070 Indicator Removal,IT Services,Employee Laptop,True,95,0.28,Global,Medium,High,2023-06-23,2024-02-14,CVE-2026-17612,False,False
THREAT-02864,Script Kiddie,Business Email Compromise,T1566 Phishing,Energy,Email Server,True,26,0.52,Americas,Critical,High,2022-04-19,2023-04-08,,False,False
THREAT-02865,Hacktivist Group,Data Exfiltration,T1566 Phishing,Education,Payment Gateway,False,20,0.33,Asia-Pacific,High,Medium,2024-05-31,2025-03-18,,True,False
THREAT-02866,LockBit,DDoS,T1036 Masquerading,Government,Email Server,False,120,0.9,Americas,Critical,Medium,2025-03-18,2025-08-16,CVE-2026-61452,False,False
THREAT-02867,REvil,Cloud Misconfiguration Exploitation,T1036 Masquerading,E-commerce,Employee Laptop,False,65,0.55,EMEA,Low,Medium,2026-04-19,2026-06-15,CVE-2026-63426,False,False
THREAT-02868,Hacktivist Group,Cloud Misconfiguration Exploitation,T1486 Data Encrypted for Impact,Government,Web Server,False,75,0.39,India,High,Medium,2022-09-13,2023-05-10,,True,True
THREAT-02869,Scattered Spider,DDoS,T1053 Scheduled Task/Job,Government,Domain Controller,False,103,0.57,Asia-Pacific,Medium,Low,2026-06-02,2026-09-04,CVE-2026-78378,False,False
THREAT-02870,Nation-State (China),Cloud Misconfiguration Exploitation,T1110 Brute Force,Insurance,Payment Gateway,False,46,0.3,Asia-Pacific,Medium,Low,2022-01-05,2022-11-01,CVE-2026-77026,False,True
THREAT-02871,Hacktivist Group,Phishing,T1048 Exfiltration Over Alternative Protocol,Education,Employee Laptop,True,100,0.28,EMEA,Medium,Medium,2023-05-10,2023-11-28,,True,False
THREAT-02872,SilverFox,Supply Chain Attack,T1133 External Remote Services,E-commerce,Database Server,False,20,0.12,Asia-Pacific,Critical,High,2022-08-07,2023-03-28,,False,False
THREAT-02873,REvil,Insider Threat,T1036 Masquerading,IT Services,Cloud VM,False,4,0.35,Global,High,High,2021-10-05,2022-05-03,CVE-2026-79223,False,True
THREAT-02874,Lazarus Group,Cryptojacking,T1003 OS Credential Dumping,Manufacturing,Web Server,False,24,0.38,Americas,High,High,2025-01-10,2025-12-23,,False,True
THREAT-02875,Mustang Panda,Cloud Misconfiguration Exploitation,T1055 Process Injection,Energy,Email Server,True,66,0.51,Americas,Low,Medium,2025-04-01,2026-03-02,,False,True
THREAT-02876,Nation-State (Russia),Web Application Attack,T1036 Masquerading,Energy,Employee Laptop,False,65,0.15,India,Low,Low,2025-09-25,2025-11-09,CVE-2026-17601,False,True
THREAT-02877,APT28,DDoS,T1036 Masquerading,Education,Storage Bucket,False,137,0.81,Global,Low,High,2024-07-18,2025-02-12,,False,False
THREAT-02878,Mustang Panda,Credential Theft,T1566 Phishing,Energy,API Gateway,False,74,0.48,India,High,Low,2025-07-20,2026-03-01,,False,False
THREAT-02879,Scattered Spider,Business Email Compromise,T1078 Valid Accounts,Manufacturing,Cloud VM,True,99,0.13,EMEA,Critical,Medium,2023-06-14,2024-03-04,,False,False
THREAT-02880,FIN7,Cryptojacking,T1036 Masquerading,Education,Email Server,True,24,0.3,India,High,High,2022-06-05,2022-07-09,,False,False
THREAT-02881,LockBit,Supply Chain Attack,T1105 Ingress Tool Transfer,Insurance,Database Server,False,40,0.11,Americas,Low,Low,2021-07-21,2022-07-10,CVE-2026-80576,True,False
THREAT-02882,SilverFox,Credential Theft,T1110 Brute Force,Energy,Kubernetes Cluster,False,17,0.2,Asia-Pacific,Critical,Low,2024-04-04,2024-04-10,CVE-2026-6156,False,False
THREAT-02883,Insider,Credential Theft,T1055 Process Injection,Energy,Domain Controller,True,86,0.45,India,Low,Medium,2025-10-23,2026-08-05,,False,False
THREAT-02884,Unknown,Phishing,T1071 Application Layer Protocol,Government,SaaS Application,False,50,0.23,Global,High,Low,2025-01-01,2025-05-24,,False,False
THREAT-02885,APT28,Zero-Day Exploit,T1055 Process Injection,E-commerce,Employee Laptop,True,17,0.12,Global,Medium,Low,2023-07-06,2023-11-06,,False,True
THREAT-02886,Sandworm,Zero-Day Exploit,T1021 Remote Services,E-commerce,Employee Laptop,False,12,0.59,Global,High,High,2021-09-20,2021-11-11,CVE-2026-82222,False,False
THREAT-02887,Turla,Business Email Compromise,T1105 Ingress Tool Transfer,E-commerce,API Gateway,False,100,0.57,India,Medium,Medium,2024-03-21,2024-12-26,,False,False
THREAT-02888,FIN7,Supply Chain Attack,T1059 Command and Scripting Interpreter,Education,Web Server,True,93,0.58,Asia-Pacific,Low,Low,2023-01-30,2023-07-01,CVE-2026-66756,False,False
THREAT-02889,Cybercrime Syndicate,Supply Chain Attack,T1027 Obfuscated Files or Information,Energy,Kubernetes Cluster,False,92,0.42,Asia-Pacific,Low,Low,2025-03-19,2025-05-17,,False,False
THREAT-02890,Mustang Panda,Web Application Attack,T1053 Scheduled Task/Job,Energy,Payment Gateway,False,91,0.18,Asia-Pacific,Critical,Medium,2026-04-26,2026-09-04,CVE-2026-59807,False,False
THREAT-02891,Hacktivist Group,DDoS,T1105 Ingress Tool Transfer,Telecom,Email Server,False,145,0.42,EMEA,Medium,Low,2026-07-31,2026-09-04,,False,False
THREAT-02892,Sandworm,Business Email Compromise,T1048 Exfiltration Over Alternative Protocol,Education,Storage Bucket,False,70,0.43,India,Medium,High,2022-07-02,2023-02-15,,False,False
THREAT-02893,Nation-State (Iran),Ransomware,T1110 Brute Force,IT Services,Kubernetes Cluster,False,31,0.38,EMEA,Critical,High,2024-06-14,2024-10-08,,True,True
THREAT-02894,Script Kiddie,Zero-Day Exploit,T1486 Data Encrypted for Impact,E-commerce,Cloud VM,True,22,0.25,India,High,Medium,2024-12-07,2025-06-24,CVE-2026-47159,False,True
THREAT-02895,Script Kiddie,DDoS,T1027 Obfuscated Files or Information,Insurance,Database Server,False,50,0.8,India,Critical,Low,2022-08-02,2023-07-24,,False,False
THREAT-02896,Lazarus Group,Web Application Attack,T1059 Command and Scripting Interpreter,Energy,Web Server,False,66,0.24,EMEA,Low,Medium,2024-08-28,2025-02-09,,False,False
THREAT-02897,Conti,Business Email Compromise,T1082 System Information Discovery,Manufacturing,Employee Laptop,True,62,0.34,Americas,Low,High,2022-06-23,2023-03-27,,False,False
THREAT-02898,Scattered Spider,Cloud Misconfiguration Exploitation,T1105 Ingress Tool Transfer,E-commerce,Storage Bucket,False,34,0.47,Asia-Pacific,High,High,2025-06-06,2026-06-02,CVE-2026-6876,False,True
THREAT-02899,ALPHV,Supply Chain Attack,T1053 Scheduled Task/Job,Energy,Payment Gateway,True,11,0.43,Americas,Medium,Medium,2025-03-08,2025-04-02,,False,False
THREAT-02900,SilverFox,Web Application Attack,T1190 Exploit Public-Facing Application,Energy,Email Server,False,8,0.25,India,Low,Low,2026-01-20,2026-05-20,,False,False
THREAT-02901,TA505,Cloud Misconfiguration Exploitation,T1110 Brute Force,Education,SaaS Application,False,22,0.34,India,Low,Medium,2023-06-14,2024-04-18,CVE-2026-5851,False,False
THREAT-02902,Script Kiddie,Cloud Misconfiguration Exploitation,T1003 OS Credential Dumping,Education,Web Server,False,80,0.13,Asia-Pacific,Critical,Low,2021-09-13,2021-12-19,,False,False
THREAT-02903,REvil,DDoS,T1053 Scheduled Task/Job,Manufacturing,Employee Laptop,True,64,0.66,EMEA,High,Medium,2023-02-17,2023-10-28,,False,False
THREAT-02904,Cybercrime Syndicate,Ransomware,T1566 Phishing,IT Services,Employee Laptop,False,10,0.36,Asia-Pacific,Medium,Medium,2024-10-29,2025-10-05,,True,True
THREAT-02905,Lazarus Group,Business Email Compromise,T1071 Application Layer Protocol,E-commerce,Database Server,True,15,0.46,India,Medium,High,2021-07-22,2022-05-15,CVE-2026-6025,True,False
THREAT-02906,Nation-State (Russia),DDoS,T1190 Exploit Public-Facing Application,IT Services,Employee Laptop,False,37,0.5,Global,High,High,2023-09-17,2023-10-03,CVE-2026-63481,False,False
THREAT-02907,LockBit,Ransomware,T1048 Exfiltration Over Alternative Protocol,Government,Domain Controller,False,31,0.69,EMEA,Critical,Low,2025-02-22,2025-05-28,CVE-2026-10187,True,True
THREAT-02908,Scattered Spider,Supply Chain Attack,T1105 Ingress Tool Transfer,IT Services,Database Server,False,57,0.26,Americas,Medium,High,2025-02-17,2025-09-20,CVE-2026-85051,False,False
THREAT-02909,Kimsuky,Insider Threat,T1021 Remote Services,Healthcare,Storage Bucket,False,4,0.37,India,Medium,High,2023-04-11,2023-05-16,,False,True
THREAT-02910,Mustang Panda,Insider Threat,T1071 Application Layer Protocol,Education,Payment Gateway,True,6,0.3,Global,Medium,Medium,2021-06-01,2022-04-18,CVE-2026-60118,False,True
THREAT-02911,Turla,DDoS,T1059 Command and Scripting Interpreter,Education,Kubernetes Cluster,False,166,0.41,Global,High,Medium,2023-01-02,2023-10-13,CVE-2026-79776,False,False
THREAT-02912,FIN7,Phishing,T1048 Exfiltration Over Alternative Protocol,Government,Email Server,False,33,0.43,Americas,High,Low,2021-04-26,2022-03-17,,False,False
THREAT-02913,Insider,Phishing,T1071 Application Layer Protocol,Manufacturing,Employee Laptop,False,42,0.49,Global,Medium,High,2022-03-25,2022-08-11,CVE-2026-12553,False,False
THREAT-02914,TA505,Zero-Day Exploit,T1021 Remote Services,Energy,Payment Gateway,False,30,0.59,Asia-Pacific,High,Medium,2024-10-28,2025-07-15,,False,False
THREAT-02915,LockBit,Phishing,T1078 Valid Accounts,Insurance,SaaS Application,False,55,0.49,India,High,Low,2025-04-03,2025-10-10,,False,False
THREAT-02916,Nation-State (China),Ransomware,T1027 Obfuscated Files or Information,Energy,Domain Controller,False,6,0.67,Americas,Low,Low,2023-11-04,2024-10-19,CVE-2026-75135,True,True
THREAT-02917,SilverFox,Cryptojacking,T1486 Data Encrypted for Impact,Government,Domain Controller,True,50,0.51,Americas,Low,High,2023-10-25,2023-12-20,CVE-2026-61447,False,False
THREAT-02918,Turla,Data Exfiltration,T1569 System Services,Energy,SaaS Application,True,8,0.29,India,Critical,High,2021-09-07,2022-04-23,CVE-2026-75575,False,False
THREAT-02919,FIN7,Web Application Attack,T1105 Ingress Tool Transfer,Healthcare,Web Server,False,78,0.42,EMEA,Critical,Medium,2025-09-13,2026-03-25,CVE-2026-12848,False,True
THREAT-02920,Kimsuky,Ransomware,T1190 Exploit Public-Facing Application,E-commerce,Domain Controller,False,48,0.49,Americas,Low,Medium,2023-07-25,2024-03-10,CVE-2026-82089,True,False
THREAT-02921,Sandworm,Ransomware,T1082 System Information Discovery,Insurance,SaaS Application,True,26,0.65,EMEA,Medium,High,2025-08-12,2025-10-20,,True,True
THREAT-02922,Nation-State (Russia),DDoS,T1110 Brute Force,E-commerce,SaaS Application,True,110,0.58,Asia-Pacific,High,Medium,2022-07-05,2023-07-04,,False,False
THREAT-02923,SilverFox,Ransomware,T1027 Obfuscated Files or Information,Insurance,SaaS Application,True,13,0.4,Global,Low,High,2021-04-10,2021-06-26,CVE-2026-83492,True,True
THREAT-02924,Mustang Panda,Web Application Attack,T1055 Process Injection,E-commerce,Database Server,True,97,0.18,Americas,Critical,Medium,2024-11-01,2025-01-20,,False,False
THREAT-02925,Mustang Panda,Web Application Attack,T1566 Phishing,Insurance,Database Server,True,98,0.58,Asia-Pacific,High,High,2025-12-11,2026-09-04,,False,False
THREAT-02926,Nation-State (Iran),Data Exfiltration,T1082 System Information Discovery,Government,Web Server,False,91,0.29,Asia-Pacific,Low,Low,2026-07-02,2026-09-04,,False,True
THREAT-02927,FIN7,Zero-Day Exploit,T1078 Valid Accounts,Energy,SaaS Application,False,68,0.23,EMEA,Critical,High,2026-07-29,2026-09-04,,False,False
THREAT-02928,Nation-State (China),Ransomware,T1071 Application Layer Protocol,Insurance,Payment Gateway,True,49,0.77,India,Low,Medium,2024-07-16,2025-01-20,CVE-2026-59652,True,False
THREAT-02929,ALPHV,Business Email Compromise,T1055 Process Injection,Energy,Storage Bucket,False,77,0.4,Americas,Critical,High,2021-04-07,2021-07-03,,True,True
THREAT-02930,Conti,Business Email Compromise,T1190 Exploit Public-Facing Application,E-commerce,Storage Bucket,True,74,0.12,Americas,High,High,2022-07-13,2023-02-10,CVE-2026-34964,False,False
THREAT-02931,Scattered Spider,Cryptojacking,T1021 Remote Services,Government,Domain Controller,False,47,0.53,Global,Low,High,2024-06-01,2024-08-16,,False,False
THREAT-02932,Script Kiddie,Web Application Attack,T1105 Ingress Tool Transfer,Healthcare,Database Server,False,55,0.44,EMEA,Low,Medium,2021-03-21,2021-12-31,,False,True
THREAT-02933,Scattered Spider,Credential Theft,T1048 Exfiltration Over Alternative Protocol,Energy,Database Server,False,12,0.47,Asia-Pacific,Medium,Low,2023-09-10,2024-02-13,,False,False
THREAT-02934,Nation-State (Iran),Credential Theft,T1133 External Remote Services,IT Services,Cloud VM,True,20,0.4,Asia-Pacific,Medium,Medium,2022-08-27,2023-06-21,CVE-2026-48025,False,False
THREAT-02935,Lazarus Group,Zero-Day Exploit,T1021 Remote Services,Energy,Cloud VM,False,24,0.48,Americas,Medium,High,2021-10-10,2022-05-03,CVE-2026-44955,False,False
THREAT-02936,Hacktivist Group,Data Exfiltration,T1055 Process Injection,Insurance,Database Server,True,90,0.5,Asia-Pacific,High,Medium,2023-11-10,2024-09-28,,False,False
THREAT-02937,TA505,Zero-Day Exploit,T1003 OS Credential Dumping,Telecom,Cloud VM,False,35,0.32,Asia-Pacific,High,Low,2021-05-03,2022-01-23,CVE-2026-56162,False,False
THREAT-02938,Sandworm,Cloud Misconfiguration Exploitation,T1078 Valid Accounts,Manufacturing,Cloud VM,False,22,0.4,Asia-Pacific,Low,Medium,2022-08-04,2023-03-30,CVE-2026-72791,False,True
THREAT-02939,LockBit,Insider Threat,T1048 Exfiltration Over Alternative Protocol,Energy,Email Server,True,4,0.23,EMEA,High,High,2024-09-15,2025-07-02,,False,True
THREAT-02940,ALPHV,Credential Theft,T1082 System Information Discovery,Energy,Database Server,False,95,0.38,Americas,Medium,High,2025-05-29,2025-08-18,CVE-2026-47159,False,True
THREAT-02941,Mustang Panda,Zero-Day Exploit,T1027 Obfuscated Files or Information,Energy,Email Server,True,36,0.22,Global,Critical,High,2023-01-20,2023-04-14,,False,False
THREAT-02942,FIN7,Zero-Day Exploit,T1110 Brute Force,Energy,API Gateway,False,39,0.24,EMEA,Medium,Low,2023-04-05,2023-12-08,,False,False
THREAT-02943,Insider,DDoS,T1133 External Remote Services,E-commerce,Kubernetes Cluster,True,52,0.56,India,High,High,2021-05-08,2021-11-30,,False,False
THREAT-02944,REvil,Cryptojacking,T1048 Exfiltration Over Alternative Protocol,Energy,SaaS Application,True,37,0.22,India,High,High,2025-12-22,2026-09-04,CVE-2026-72984,False,True
THREAT-02945,Conti,Phishing,T1190 Exploit Public-Facing Application,Insurance,SaaS Application,True,50,0.52,EMEA,High,Medium,2025-09-05,2026-01-08,,False,True
THREAT-02946,Conti,Web Application Attack,T1078 Valid Accounts,IT Services,API Gateway,False,96,0.43,Americas,Medium,Low,2021-10-07,2022-06-13,,False,False
THREAT-02947,Scattered Spider,Credential Theft,T1003 OS Credential Dumping,Energy,Employee Laptop,False,54,0.19,Americas,Low,High,2021-05-05,2021-12-08,,False,False
THREAT-02948,APT28,Supply Chain Attack,T1486 Data Encrypted for Impact,Energy,Storage Bucket,True,83,0.27,Asia-Pacific,Low,Low,2023-03-03,2024-01-10,,False,False
THREAT-02949,FIN7,Business Email Compromise,T1021 Remote Services,Insurance,Email Server,True,32,0.32,Asia-Pacific,Low,Medium,2021-08-28,2021-12-09,CVE-2026-44103,False,False
THREAT-02950,Hacktivist Group,DDoS,T1003 OS Credential Dumping,Insurance,SaaS Application,True,81,0.51,Global,High,High,2023-03-01,2024-01-19,,False,False
THREAT-02951,Turla,Business Email Compromise,T1027 Obfuscated Files or Information,Manufacturing,Employee Laptop,False,52,0.26,Asia-Pacific,High,Low,2024-06-25,2024-11-14,CVE-2026-19348,False,False
THREAT-02952,Kimsuky,Zero-Day Exploit,T1569 System Services,E-commerce,Domain Controller,True,64,0.25,India,Critical,High,2025-09-10,2026-03-07,CVE-2026-74612,False,False
THREAT-02953,Nation-State (Iran),Zero-Day Exploit,T1036 Masquerading,Education,Email Server,False,52,0.24,EMEA,Low,Medium,2024-11-24,2024-12-02,,False,False
THREAT-02954,APT28,Insider Threat,T1082 System Information Discovery,Energy,Database Server,True,3,0.12,Americas,Critical,Low,2022-02-06,2022-05-06,CVE-2026-48276,False,True
THREAT-02955,LockBit,Cloud Misconfiguration Exploitation,T1055 Process Injection,Energy,API Gateway,False,79,0.29,Global,Critical,Medium,2025-04-29,2025-09-19,CVE-2026-67440,False,True
THREAT-02956,Nation-State (China),Supply Chain Attack,T1003 OS Credential Dumping,Energy,Domain Controller,True,67,0.35,Asia-Pacific,Critical,High,2021-08-25,2022-01-07,,False,True
THREAT-02957,REvil,Insider Threat,T1569 System Services,Education,API Gateway,False,8,0.27,EMEA,High,Medium,2024-06-06,2024-08-06,CVE-2026-15337,False,True
THREAT-02958,Lazarus Group,Credential Theft,T1055 Process Injection,E-commerce,SaaS Application,True,70,0.48,Asia-Pacific,High,Medium,2021-11-13,2022-03-30,CVE-2026-73297,False,False
THREAT-02959,Conti,Cloud Misconfiguration Exploitation,T1053 Scheduled Task/Job,Education,Cloud VM,False,14,0.3,India,Critical,High,2023-09-17,2024-04-12,,False,False
THREAT-02960,LockBit,Zero-Day Exploit,T1048 Exfiltration Over Alternative Protocol,E-commerce,Database Server,True,23,0.59,Global,High,High,2023-06-09,2023-07-03,,False,False
THREAT-02961,TA505,Insider Threat,T1190 Exploit Public-Facing Application,Manufacturing,Web Server,False,10,0.19,EMEA,High,Low,2025-09-17,2026-08-10,CVE-2026-9455,False,True
THREAT-02962,Conti,Cloud Misconfiguration Exploitation,T1078 Valid Accounts,Government,Web Server,False,87,0.14,India,Low,Low,2022-08-05,2022-10-05,,False,True
THREAT-02963,Lazarus Group,Web Application Attack,T1486 Data Encrypted for Impact,Education,API Gateway,False,12,0.44,India,High,High,2021-04-26,2022-03-16,,False,False
THREAT-02964,Script Kiddie,Phishing,T1021 Remote Services,Government,Domain Controller,True,68,0.53,India,Medium,High,2022-06-06,2022-07-24,,False,False
THREAT-02965,Nation-State (China),Supply Chain Attack,T1566 Phishing,Energy,SaaS Application,True,72,0.47,Asia-Pacific,Low,Low,2022-09-04,2022-11-07,CVE-2026-79236,False,True
THREAT-02966,Unknown,Web Application Attack,T1059 Command and Scripting Interpreter,Manufacturing,Payment Gateway,True,63,0.14,Americas,Critical,Medium,2022-12-10,2022-12-17,CVE-2026-15576,False,True
THREAT-02967,Script Kiddie,Supply Chain Attack,T1190 Exploit Public-Facing Application,Manufacturing,Payment Gateway,True,72,0.11,Asia-Pacific,High,Low,2026-02-17,2026-03-26,,False,True
THREAT-02968,APT29,Ransomware,T1110 Brute Force,E-commerce,Employee Laptop,True,8,0.34,Global,Medium,Low,2022-10-26,2023-03-08,,True,True
THREAT-02969,Sandworm,Credential Theft,T1003 OS Credential Dumping,Energy,Employee Laptop,False,76,0.56,Global,Low,Medium,2025-12-28,2026-01-15,,False,True
THREAT-02970,LockBit,Cryptojacking,T1133 External Remote Services,Energy,Domain Controller,True,49,0.41,Americas,Low,High,2023-01-18,2023-01-19,,False,False
THREAT-02971,Scattered Spider,Credential Theft,T1078 Valid Accounts,Energy,Domain Controller,True,25,0.26,India,Critical,High,2024-08-19,2024-11-05,CVE-2026-80515,False,False
THREAT-02972,Turla,Zero-Day Exploit,T1486 Data Encrypted for Impact,Insurance,API Gateway,True,14,0.46,Asia-Pacific,Low,Low,2024-02-23,2024-06-16,,False,False
THREAT-02973,Scattered Spider,Cloud Misconfiguration Exploitation,T1133 External Remote Services,Energy,Web Server,False,39,0.54,India,High,High,2026-03-22,2026-05-07,,False,True
THREAT-02974,ALPHV,Ransomware,T1105 Ingress Tool Transfer,Insurance,Email Server,True,9,0.55,EMEA,Critical,Low,2024-01-07,2024-10-11,CVE-2026-63248,True,False
THREAT-02975,Scattered Spider,Ransomware,T1190 Exploit Public-Facing Application,Healthcare,Email Server,False,6,0.63,India,High,Medium,2024-11-12,2024-12-10,CVE-2026-24772,True,True
THREAT-02976,REvil,Zero-Day Exploit,T1569 System Services,Government,Storage Bucket,True,82,0.54,Asia-Pacific,Low,Medium,2022-09-30,2023-08-06,CVE-2026-5853,False,False
THREAT-02977,Nation-State (Russia),Supply Chain Attack,T1027 Obfuscated Files or Information,Energy,Employee Laptop,False,16,0.1,Asia-Pacific,Low,Medium,2023-08-07,2023-08-20,,False,False
THREAT-02978,APT28,Supply Chain Attack,T1133 External Remote Services,E-commerce,Web Server,False,21,0.54,Asia-Pacific,Low,High,2022-09-15,2022-11-22,,False,False
THREAT-02979,Mustang Panda,Supply Chain Attack,T1070 Indicator Removal,Insurance,API Gateway,True,87,0.21,Global,High,Medium,2026-03-25,2026-09-04,,True,False
THREAT-02980,Insider,Cryptojacking,T1059 Command and Scripting Interpreter,Energy,SaaS Application,False,84,0.5,EMEA,Low,Low,2024-02-13,2024-08-05,,False,True
THREAT-02981,Cybercrime Syndicate,Credential Theft,T1078 Valid Accounts,Energy,Employee Laptop,True,92,0.5,Global,Medium,Low,2021-03-29,2021-03-30,CVE-2026-67282,False,False
THREAT-02982,REvil,DDoS,T1569 System Services,IT Services,Storage Bucket,False,24,0.74,India,Medium,Medium,2022-08-17,2022-10-31,CVE-2026-18329,False,False
THREAT-02983,ALPHV,Business Email Compromise,T1190 Exploit Public-Facing Application,Energy,SaaS Application,False,92,0.29,Asia-Pacific,Critical,Low,2023-05-18,2023-12-02,,False,False
THREAT-02984,Mustang Panda,Zero-Day Exploit,T1053 Scheduled Task/Job,Energy,Payment Gateway,False,34,0.55,India,High,Medium,2021-06-14,2022-04-24,,False,False
THREAT-02985,Insider,Business Email Compromise,T1036 Masquerading,Energy,Kubernetes Cluster,False,27,0.41,Americas,Low,Medium,2023-08-09,2023-11-21,,False,True
THREAT-02986,Sandworm,Ransomware,T1562 Impair Defenses,E-commerce,Storage Bucket,True,19,0.4,India,Critical,Low,2024-08-24,2025-04-10,,True,False
THREAT-02987,APT29,Cloud Misconfiguration Exploitation,T1055 Process Injection,Manufacturing,Database Server,True,5,0.43,Americas,High,Low,2024-04-07,2024-07-18,CVE-2026-81664,False,True
THREAT-02988,REvil,Supply Chain Attack,T1053 Scheduled Task/Job,Energy,Cloud VM,False,85,0.28,Americas,Critical,Medium,2025-05-23,2025-06-12,,False,False
THREAT-02989,APT28,Credential Theft,T1569 System Services,Education,SaaS Application,False,40,0.56,India,Low,Medium,2023-11-17,2024-07-12,,False,True
THREAT-02990,Hacktivist Group,Phishing,T1059 Command and Scripting Interpreter,Manufacturing,API Gateway,True,5,0.53,India,Critical,Medium,2023-09-22,2024-02-02,,False,False
THREAT-02991,Script Kiddie,Zero-Day Exploit,T1110 Brute Force,Energy,Email Server,True,23,0.1,Global,Critical,Low,2023-08-13,2024-01-21,,False,True
THREAT-02992,FIN7,Phishing,T1021 Remote Services,IT Services,Database Server,False,63,0.45,Asia-Pacific,Low,High,2022-07-11,2023-04-03,CVE-2026-72792,False,False
THREAT-02993,ALPHV,DDoS,T1078 Valid Accounts,Government,Domain Controller,False,144,0.53,Asia-Pacific,Low,Medium,2022-11-23,2023-08-07,,False,False
THREAT-02994,LockBit,Ransomware,T1486 Data Encrypted for Impact,Government,Database Server,False,40,0.65,Asia-Pacific,Critical,Medium,2021-08-03,2021-11-25,CVE-2026-40498,True,False
THREAT-02995,Script Kiddie,Cloud Misconfiguration Exploitation,T1027 Obfuscated Files or Information,Manufacturing,Employee Laptop,True,85,0.24,EMEA,Critical,Medium,2025-09-19,2026-04-12,CVE-2026-7140,False,False
THREAT-02996,Scattered Spider,Credential Theft,T1190 Exploit Public-Facing Application,Telecom,Web Server,False,60,0.48,EMEA,High,High,2022-12-11,2023-07-06,CVE-2026-27727,True,False
THREAT-02997,Sandworm,Business Email Compromise,T1003 OS Credential Dumping,Insurance,Web Server,False,83,0.55,India,High,Medium,2026-06-10,2026-09-04,,False,True
THREAT-02998,Kimsuky,Web Application Attack,T1133 External Remote Services,E-commerce,API Gateway,False,51,0.58,Global,High,Medium,2024-09-03,2025-06-10,,False,False
THREAT-02999,FIN7,Cryptojacking,T1566 Phishing,E-commerce,SaaS Application,False,66,0.59,Americas,Medium,High,2024-05-27,2024-06-15,CVE-2026-82089,False,True
THREAT-03000,Sandworm,DDoS,T1562 Impair Defenses,Manufacturing,Database Server,True,91,0.65,Americas,Low,Low,2026-01-03,2026-09-04,,False,False
THREAT-03001,Sandworm,Insider Threat,T1021 Remote Services,Manufacturing,Cloud VM,True,3,0.12,Asia-Pacific,Critical,Medium,2023-07-01,2023-10-31,CVE-2026-73373,False,True
THREAT-03002,SilverFox,Supply Chain Attack,T1110 Brute Force,Insurance,Domain Controller,False,98,0.23,Asia-Pacific,High,High,2021-11-01,2022-09-22,,True,False
THREAT-03003,Mustang Panda,Cryptojacking,T1569 System Services,Government,Web Server,True,80,0.27,Asia-Pacific,High,High,2022-10-13,2022-12-07,CVE-2026-9404,True,False
THREAT-03004,Nation-State (Russia),Web Application Attack,T1059 Command and Scripting Interpreter,E-commerce,Email Server,False,7,0.33,Americas,Critical,Medium,2025-05-23,2025-08-18,,False,False
THREAT-03005,Nation-State (China),Data Exfiltration,T1059 Command and Scripting Interpreter,Energy,Storage Bucket,False,86,0.42,India,High,Low,2026-07-17,2026-09-04,,False,False
THREAT-03006,FIN7,DDoS,T1569 System Services,Energy,API Gateway,True,111,0.5,India,Low,High,2025-07-17,2025-10-13,,False,False
THREAT-03007,ALPHV,Supply Chain Attack,T1082 System Information Discovery,Manufacturing,Web Server,True,97,0.11,EMEA,High,Low,2021-07-14,2021-07-21,,False,False
THREAT-03008,TA505,Data Exfiltration,T1027 Obfuscated Files or Information,Telecom,Database Server,True,70,0.54,Americas,Critical,High,2023-09-15,2024-02-20,,False,False
THREAT-03009,Lazarus Group,Cryptojacking,T1059 Command and Scripting Interpreter,Energy,Payment Gateway,True,40,0.48,Americas,High,Low,2021-11-12,2022-01-22,,False,False
THREAT-03010,Cybercrime Syndicate,Zero-Day Exploit,T1055 Process Injection,Government,Database Server,False,56,0.18,India,Critical,High,2021-07-18,2022-06-07,CVE-2026-9458,False,False
THREAT-03011,Nation-State (Iran),Cryptojacking,T1562 Impair Defenses,Government,Domain Controller,False,63,0.13,India,Critical,Medium,2022-06-26,2022-07-09,,False,True
THREAT-03012,LockBit,Web Application Attack,T1110 Brute Force,Energy,API Gateway,True,60,0.21,India,High,Medium,2024-10-10,2025-05-19,CVE-2026-76658,False,False
THREAT-03013,TA505,Ransomware,T1003 OS Credential Dumping,Manufacturing,Web Server,False,23,0.38,Americas,High,Low,2022-01-11,2022-05-10,,True,True
THREAT-03014,Sandworm,Phishing,T1003 OS Credential Dumping,Insurance,Email Server,False,18,0.43,India,Medium,Medium,2021-10-08,2022-04-21,CVE-2026-74803,False,False
THREAT-03015,APT29,Cryptojacking,T1110 Brute Force,Insurance,Database Server,False,83,0.59,Asia-Pacific,Medium,High,2025-10-01,2026-05-30,,False,False
THREAT-03016,TA505,Cryptojacking,T1562 Impair Defenses,Manufacturing,Kubernetes Cluster,True,46,0.23,EMEA,Low,Medium,2024-08-29,2024-10-16,,False,False
THREAT-03017,FIN7,Cloud Misconfiguration Exploitation,T1562 Impair Defenses,Government,Cloud VM,True,99,0.18,EMEA,High,Medium,2025-06-21,2026-02-03,CVE-2026-48548,False,True
THREAT-03018,FIN7,Data Exfiltration,T1190 Exploit Public-Facing Application,E-commerce,Database Server,False,66,0.47,Americas,Critical,High,2023-11-29,2024-02-08,CVE-2026-60360,False,True
THREAT-03019,Kimsuky,Supply Chain Attack,T1071 Application Layer Protocol,Education,API Gateway,False,54,0.13,Americas,Critical,Medium,2023-04-22,2023-12-27,CVE-2026-12537,False,True
THREAT-03020,Insider,Web Application Attack,T1027 Obfuscated Files or Information,IT Services,SaaS Application,True,61,0.23,EMEA,Medium,High,2023-04-07,2024-02-25,,True,False
THREAT-03021,Cybercrime Syndicate,Data Exfiltration,T1053 Scheduled Task/Job,Healthcare,Kubernetes Cluster,False,33,0.25,Asia-Pacific,High,Medium,2021-08-09,2021-09-06,,False,False
THREAT-03022,Unknown,Business Email Compromise,T1562 Impair Defenses,Manufacturing,Cloud VM,False,38,0.15,Americas,Medium,High,2022-09-20,2022-10-16,,False,True
THREAT-03023,Nation-State (Iran),Cloud Misconfiguration Exploitation,T1053 Scheduled Task/Job,Government,Payment Gateway,False,43,0.51,EMEA,Low,High,2026-07-01,2026-08-09,CVE-2026-4181,False,True
THREAT-03024,SilverFox,Insider Threat,T1078 Valid Accounts,Energy,Web Server,False,6,0.19,India,Medium,Low,2025-11-14,2026-01-20,,False,True
THREAT-03025,APT29,DDoS,T1036 Masquerading,Telecom,Kubernetes Cluster,True,106,0.79,EMEA,Medium,Low,2023-03-13,2023-07-25,,False,False
THREAT-03026,Nation-State (Russia),DDoS,T1071 Application Layer Protocol,Energy,Web Server,False,157,0.73,Global,Low,High,2025-12-10,2026-09-04,,False,False
THREAT-03027,APT28,Cryptojacking,T1071 Application Layer Protocol,Manufacturing,Domain Controller,True,83,0.58,India,High,Low,2025-02-04,2025-06-29,CVE-2026-45774,False,True
THREAT-03028,Kimsuky,Zero-Day Exploit,T1110 Brute Force,Energy,Storage Bucket,False,28,0.21,Global,Low,High,2026-04-11,2026-08-10,,False,True
THREAT-03029,LockBit,Phishing,T1021 Remote Services,E-commerce,SaaS Application,False,88,0.3,Global,Critical,Low,2023-07-02,2023-08-11,,False,False
THREAT-03030,Nation-State (Iran),Cloud Misconfiguration Exploitation,T1486 Data Encrypted for Impact,E-commerce,Employee Laptop,False,15,0.25,EMEA,Critical,High,2025-07-12,2025-10-05,CVE-2026-13782,False,False
THREAT-03031,Kimsuky,Credential Theft,T1133 External Remote Services,Education,Database Server,False,33,0.59,EMEA,High,High,2024-08-03,2025-05-04,CVE-2026-16318,False,True
THREAT-03032,TA505,Phishing,T1027 Obfuscated Files or Information,Government,Web Server,False,12,0.13,EMEA,Critical,High,2024-09-18,2025-01-07,,False,False
THREAT-03033,Unknown,Supply Chain Attack,T1562 Impair Defenses,Telecom,Storage Bucket,False,53,0.39,India,Medium,Medium,2026-07-27,2026-09-04,CVE-2026-76658,False,True
THREAT-03034,Nation-State (China),Data Exfiltration,T1059 Command and Scripting Interpreter,Energy,Kubernetes Cluster,False,80,0.54,India,High,Low,2022-09-08,2023-08-01,,False,False
THREAT-03035,APT28,DDoS,T1190 Exploit Public-Facing Application,Energy,Database Server,True,143,0.89,Global,Low,Medium,2021-04-08,2021-11-05,CVE-2026-69836,False,False
THREAT-03036,APT29,Credential Theft,T1566 Phishing,Energy,Web Server,False,19,0.11,Americas,Critical,High,2022-08-31,2023-06-23,CVE-2026-10538,False,False
THREAT-03037,LockBit,Web Application Attack,T1078 Valid Accounts,E-commerce,Payment Gateway,True,87,0.36,India,Medium,High,2023-06-05,2023-11-28,,False,True
THREAT-03038,Cybercrime Syndicate,Supply Chain Attack,T1133 External Remote Services,Government,Database Server,True,24,0.57,Asia-Pacific,Low,Medium,2023-08-19,2023-11-11,CVE-2026-80722,False,False
THREAT-03039,Turla,Cryptojacking,T1059 Command and Scripting Interpreter,Healthcare,SaaS Application,True,96,0.3,India,Critical,Low,2025-11-17,2026-07-01,CVE-2026-62422,False,False
THREAT-03040,Sandworm,Insider Threat,T1082 System Information Discovery,E-commerce,Payment Gateway,True,8,0.16,EMEA,Low,High,2025-11-16,2026-07-09,,False,True
THREAT-03041,Lazarus Group,Insider Threat,T1053 Scheduled Task/Job,E-commerce,Domain Controller,False,10,0.35,India,High,Low,2025-07-31,2026-02-10,CVE-2026-79187,False,True
THREAT-03042,Lazarus Group,Ransomware,T1048 Exfiltration Over Alternative Protocol,Government,Kubernetes Cluster,True,29,0.64,EMEA,Low,Medium,2025-09-15,2026-09-01,CVE-2026-73049,True,True
THREAT-03043,Nation-State (Russia),Business Email Compromise,T1071 Application Layer Protocol,Energy,Web Server,True,91,0.2,Global,Medium,Low,2025-05-29,2025-10-29,,False,False
THREAT-03044,APT29,Zero-Day Exploit,T1036 Masquerading,E-commerce,Email Server,False,91,0.43,Asia-Pacific,Low,Low,2024-04-13,2024-12-16,CVE-2026-7546,False,False
THREAT-03045,Nation-State (Iran),Cryptojacking,T1486 Data Encrypted for Impact,Government,Payment Gateway,True,88,0.41,Global,Low,Medium,2024-12-19,2025-04-20,CVE-2026-66832,False,False
THREAT-03046,SilverFox,Cryptojacking,T1048 Exfiltration Over Alternative Protocol,Manufacturing,SaaS Application,True,32,0.5,India,High,High,2022-09-26,2023-07-26,CVE-2026-82652,False,False
THREAT-03047,Sandworm,Phishing,T1070 Indicator Removal,Energy,Domain Controller,False,92,0.35,EMEA,High,High,2025-06-22,2026-05-23,CVE-2026-5978,False,False
THREAT-03048,Kimsuky,Insider Threat,T1003 OS Credential Dumping,IT Services,Domain Controller,True,6,0.23,Americas,Medium,Medium,2023-05-17,2023-09-16,,False,True
THREAT-03049,Nation-State (Iran),Zero-Day Exploit,T1053 Scheduled Task/Job,Government,Cloud VM,True,81,0.23,EMEA,Critical,High,2026-01-16,2026-04-15,CVE-2026-7152,False,False
THREAT-03050,Nation-State (Russia),Insider Threat,T1071 Application Layer Protocol,Healthcare,Cloud VM,False,10,0.36,EMEA,Critical,Medium,2021-05-18,2022-04-26,CVE-2026-6026,False,True
THREAT-03051,Mustang Panda,Supply Chain Attack,T1110 Brute Force,Insurance,Employee Laptop,False,89,0.24,Asia-Pacific,High,Low,2022-07-30,2022-11-29,,False,True
THREAT-03052,Scattered Spider,Data Exfiltration,T1486 Data Encrypted for Impact,Government,Email Server,True,70,0.19,Global,High,Medium,2021-11-21,2022-07-30,CVE-2026-18916,False,False
THREAT-03053,SilverFox,Insider Threat,T1071 Application Layer Protocol,IT Services,Payment Gateway,False,3,0.35,EMEA,Medium,High,2022-06-23,2023-03-23,,False,True
THREAT-03054,Scattered Spider,Cloud Misconfiguration Exploitation,T1055 Process Injection,Manufacturing,Kubernetes Cluster,True,86,0.27,EMEA,Medium,Low,2026-03-29,2026-09-04,CVE-2026-74871,False,False
THREAT-03055,Mustang Panda,Ransomware,T1059 Command and Scripting Interpreter,Government,Web Server,True,33,0.6,India,Critical,High,2022-03-09,2022-11-23,,True,False
THREAT-03056,Nation-State (Russia),DDoS,T1082 System Information Discovery,Energy,Employee Laptop,False,24,0.61,Asia-Pacific,Medium,High,2025-11-16,2026-08-28,,False,False
THREAT-03057,LockBit,Cloud Misconfiguration Exploitation,T1021 Remote Services,Telecom,Domain Controller,False,20,0.4,EMEA,High,Low,2026-07-31,2026-08-13,,False,False
THREAT-03058,Kimsuky,Cloud Misconfiguration Exploitation,T1190 Exploit Public-Facing Application,IT Services,Cloud VM,False,43,0.24,Americas,High,High,2026-07-13,2026-09-04,CVE-2026-65887,False,False
THREAT-03059,TA505,Insider Threat,T1071 Application Layer Protocol,Government,Employee Laptop,False,5,0.19,Global,Critical,Low,2024-05-10,2025-04-24,CVE-2026-18099,False,True
THREAT-03060,Cybercrime Syndicate,Credential Theft,T1055 Process Injection,IT Services,Web Server,True,6,0.15,EMEA,Medium,Low,2022-05-11,2022-07-18,CVE-2026-79744,False,True
THREAT-03061,Kimsuky,Data Exfiltration,T1190 Exploit Public-Facing Application,Telecom,Database Server,False,82,0.46,Americas,Medium,High,2021-12-04,2022-07-27,CVE-2026-20731,False,False
THREAT-03062,Turla,DDoS,T1036 Masquerading,Insurance,Domain Controller,False,143,0.64,EMEA,Critical,Low,2026-03-31,2026-07-19,CVE-2026-81769,False,False
THREAT-03063,LockBit,Ransomware,T1036 Masquerading,Government,Email Server,False,38,0.31,EMEA,Low,Medium,2022-09-06,2022-09-30,,True,False
THREAT-03064,Nation-State (Russia),Credential Theft,T1071 Application Layer Protocol,Energy,Email Server,True,86,0.12,Asia-Pacific,High,Low,2026-03-31,2026-09-04,,False,False
THREAT-03065,Turla,Phishing,T1070 Indicator Removal,Government,Web Server,False,96,0.2,Asia-Pacific,Low,Medium,2024-01-09,2024-04-17,CVE-2026-55398,False,False
THREAT-03066,Nation-State (Iran),Cryptojacking,T1190 Exploit Public-Facing Application,Energy,Kubernetes Cluster,False,49,0.28,Asia-Pacific,Low,Medium,2021-12-21,2022-08-15,,False,False
THREAT-03067,Script Kiddie,Insider Threat,T1059 Command and Scripting Interpreter,E-commerce,Email Server,False,6,0.18,India,Critical,High,2022-05-06,2023-01-01,,False,True
THREAT-03068,APT28,Zero-Day Exploit,T1059 Command and Scripting Interpreter,IT Services,Cloud VM,True,91,0.14,Global,High,High,2022-08-10,2023-07-10,,False,False
THREAT-03069,REvil,Phishing,T1059 Command and Scripting Interpreter,Insurance,Email Server,True,72,0.49,Americas,Critical,High,2025-03-21,2025-09-14,,False,False
THREAT-03070,Insider,Data Exfiltration,T1562 Impair Defenses,Government,Web Server,False,58,0.59,EMEA,High,Low,2024-12-17,2025-10-15,,False,False
THREAT-03071,Turla,Business Email Compromise,T1027 Obfuscated Files or Information,Energy,Payment Gateway,True,35,0.26,Global,High,Low,2023-08-01,2024-05-14,CVE-2026-3485,False,True
THREAT-03072,Insider,Insider Threat,T1070 Indicator Removal,Manufacturing,Email Server,False,6,0.29,India,Critical,Low,2025-07-30,2026-06-06,CVE-2026-7538,False,True
THREAT-03073,TA505,DDoS,T1070 Indicator Removal,Insurance,Domain Controller,True,61,0.81,Americas,Medium,Low,2022-07-24,2022-10-04,,False,False
THREAT-03074,Nation-State (Russia),Business Email Compromise,T1133 External Remote Services,Manufacturing,Payment Gateway,True,54,0.12,Asia-Pacific,Critical,High,2023-01-25,2023-06-06,,False,False
THREAT-03075,Conti,Web Application Attack,T1110 Brute Force,Manufacturing,Storage Bucket,True,72,0.44,India,Critical,Medium,2022-03-28,2022-11-05,CVE-2026-18445,True,False
THREAT-03076,Hacktivist Group,Insider Threat,T1059 Command and Scripting Interpreter,Insurance,Email Server,False,4,0.23,Asia-Pacific,Critical,Medium,2021-12-11,2022-05-18,,False,True
THREAT-03077,SilverFox,Cloud Misconfiguration Exploitation,T1078 Valid Accounts,Energy,Web Server,True,53,0.25,Global,High,Low,2021-09-30,2022-08-30,,False,True
THREAT-03078,Nation-State (China),Business Email Compromise,T1048 Exfiltration Over Alternative Protocol,Manufacturing,API Gateway,True,24,0.5,India,Critical,Medium,2024-11-26,2025-04-23,,False,True
THREAT-03079,Insider,Zero-Day Exploit,T1071 Application Layer Protocol,Government,API Gateway,True,13,0.37,Asia-Pacific,Low,Medium,2024-10-16,2024-12-14,CVE-2026-75147,True,False
THREAT-03080,Conti,Web Application Attack,T1190 Exploit Public-Facing Application,Manufacturing,Email Server,False,43,0.11,Americas,Critical,Medium,2025-03-23,2025-12-24,CVE-2026-3485,False,False
THREAT-03081,Nation-State (China),Business Email Compromise,T1055 Process Injection,Energy,SaaS Application,True,59,0.14,Asia-Pacific,High,High,2024-09-11,2024-11-22,,False,False
THREAT-03082,Mustang Panda,Cloud Misconfiguration Exploitation,T1059 Command and Scripting Interpreter,E-commerce,SaaS Application,True,20,0.29,Asia-Pacific,Critical,Medium,2025-02-19,2025-07-19,,False,False
THREAT-03083,LockBit,Business Email Compromise,T1133 External Remote Services,Education,Domain Controller,False,32,0.42,Americas,High,Medium,2022-12-18,2023-11-26,,False,False
THREAT-03084,Unknown,Cryptojacking,T1569 System Services,Energy,Payment Gateway,False,30,0.17,India,Low,Low,2023-04-26,2023-09-23,CVE-2026-9454,False,False
THREAT-03085,Sandworm,Cryptojacking,T1110 Brute Force,IT Services,Payment Gateway,True,21,0.51,Global,High,Medium,2022-12-22,2023-06-18,CVE-2026-58152,False,False
THREAT-03086,Kimsuky,Business Email Compromise,T1190 Exploit Public-Facing Application,Government,Database Server,True,87,0.31,India,Medium,High,2022-11-28,2023-10-09,CVE-2026-63481,False,True
THREAT-03087,ALPHV,Web Application Attack,T1048 Exfiltration Over Alternative Protocol,E-commerce,Storage Bucket,True,84,0.19,India,Critical,High,2025-07-31,2026-07-28,,False,True
THREAT-03088,Lazarus Group,Cryptojacking,T1078 Valid Accounts,Energy,Employee Laptop,False,47,0.48,Americas,Critical,High,2024-07-04,2025-06-09,CVE-2026-16441,False,True
THREAT-03089,Kimsuky,Cloud Misconfiguration Exploitation,T1071 Application Layer Protocol,E-commerce,Web Server,False,37,0.42,Global,Low,Low,2022-11-01,2023-04-18,,False,False
THREAT-03090,TA505,Supply Chain Attack,T1053 Scheduled Task/Job,Education,API Gateway,True,74,0.32,Americas,Critical,High,2024-11-01,2024-11-05,,False,False
THREAT-03091,Nation-State (China),Zero-Day Exploit,T1078 Valid Accounts,Government,Cloud VM,True,81,0.39,India,High,Medium,2022-08-08,2022-12-21,,False,True
THREAT-03092,APT29,Zero-Day Exploit,T1486 Data Encrypted for Impact,Government,Payment Gateway,False,6,0.41,Americas,Low,Low,2024-11-03,2025-09-24,,False,False
THREAT-03093,Nation-State (Russia),Insider Threat,T1105 Ingress Tool Transfer,Government,Cloud VM,True,5,0.29,Asia-Pacific,High,Medium,2024-11-23,2025-03-13,,False,True
THREAT-03094,Cybercrime Syndicate,DDoS,T1053 Scheduled Task/Job,Manufacturing,Storage Bucket,True,56,0.76,EMEA,Medium,Medium,2026-02-13,2026-07-21,CVE-2026-19806,False,False
THREAT-03095,Sandworm,Cloud Misconfiguration Exploitation,T1566 Phishing,E-commerce,Domain Controller,False,26,0.4,Americas,High,Medium,2023-11-29,2024-01-16,,False,False
THREAT-03096,Kimsuky,Web Application Attack,T1027 Obfuscated Files or Information,Government,API Gateway,True,22,0.3,Americas,Medium,High,2022-01-27,2023-01-24,CVE-2026-7153,False,True
THREAT-03097,APT28,Credential Theft,T1486 Data Encrypted for Impact,Government,API Gateway,False,29,0.34,EMEA,Medium,Medium,2025-06-15,2025-06-23,CVE-2026-7137,False,True
THREAT-03098,APT29,Web Application Attack,T1053 Scheduled Task/Job,Government,SaaS Application,False,6,0.52,India,Low,High,2024-07-13,2024-09-15,CVE-2026-66913,False,False
THREAT-03099,Conti,Web Application Attack,T1055 Process Injection,Government,Email Server,False,49,0.56,Americas,Critical,Low,2024-06-20,2024-08-31,,False,False
THREAT-03100,REvil,Supply Chain Attack,T1059 Command and Scripting Interpreter,E-commerce,Database Server,False,81,0.59,EMEA,High,High,2025-01-02,2025-06-04,,False,True
THREAT-03101,Kimsuky,Credential Theft,T1078 Valid Accounts,Education,Cloud VM,True,36,0.17,EMEA,High,High,2026-06-20,2026-09-04,,False,False
THREAT-03102,REvil,DDoS,T1070 Indicator Removal,IT Services,API Gateway,False,137,0.71,EMEA,High,Low,2024-11-08,2025-04-09,,False,False
THREAT-03103,TA505,DDoS,T1036 Masquerading,Government,Employee Laptop,False,26,0.42,Global,Critical,High,2022-03-30,2023-02-07,CVE-2026-16455,False,False
THREAT-03104,Conti,Data Exfiltration,T1059 Command and Scripting Interpreter,Energy,Email Server,True,59,0.57,EMEA,Medium,High,2022-07-01,2023-06-19,,False,False
THREAT-03105,Kimsuky,Supply Chain Attack,T1082 System Information Discovery,IT Services,API Gateway,False,26,0.58,Americas,High,Medium,2021-09-23,2022-07-24,,False,True
THREAT-03106,ALPHV,Business Email Compromise,T1105 Ingress Tool Transfer,IT Services,Web Server,False,79,0.27,Americas,Low,High,2025-01-30,2025-09-24,CVE-2026-55485,False,False
THREAT-03107,Conti,Data Exfiltration,T1110 Brute Force,Education,SaaS Application,False,34,0.11,Global,Low,High,2025-08-06,2025-09-25,CVE-2026-33076,False,False
THREAT-03108,Unknown,Web Application Attack,T1190 Exploit Public-Facing Application,E-commerce,SaaS Application,False,87,0.17,Global,Low,High,2026-02-11,2026-09-04,CVE-2026-66006,True,False
THREAT-03109,Kimsuky,Phishing,T1059 Command and Scripting Interpreter,Government,Payment Gateway,False,45,0.54,Global,Medium,Low,2023-12-18,2024-05-31,CVE-2026-59238,False,False
THREAT-03110,Mustang Panda,Web Application Attack,T1036 Masquerading,Telecom,Web Server,False,22,0.55,Americas,Critical,Medium,2022-11-24,2023-01-24,,False,False
THREAT-03111,Hacktivist Group,Cloud Misconfiguration Exploitation,T1562 Impair Defenses,Energy,Payment Gateway,True,25,0.53,EMEA,Low,High,2025-02-20,2025-06-19,CVE-2026-48323,True,False
THREAT-03112,Nation-State (Iran),Cryptojacking,T1021 Remote Services,Government,Cloud VM,True,63,0.44,India,High,Medium,2023-04-26,2023-06-28,,False,False
THREAT-03113,Nation-State (Russia),Data Exfiltration,T1486 Data Encrypted for Impact,Insurance,Employee Laptop,False,80,0.54,India,High,Medium,2024-01-18,2024-08-29,,False,True
THREAT-03114,Scattered Spider,Ransomware,T1190 Exploit Public-Facing Application,IT Services,API Gateway,True,9,0.71,India,Critical,Low,2025-02-02,2025-12-07,,True,True
THREAT-03115,FIN7,Credential Theft,T1021 Remote Services,Healthcare,Kubernetes Cluster,False,18,0.39,Global,Low,Low,2022-07-03,2023-05-05,,False,True
THREAT-03116,SilverFox,Data Exfiltration,T1003 OS Credential Dumping,Government,API Gateway,False,100,0.43,Americas,Medium,High,2023-06-13,2023-11-02,,False,False
THREAT-03117,APT29,Cryptojacking,T1566 Phishing,Energy,Database Server,False,75,0.57,Asia-Pacific,Critical,Medium,2022-11-19,2023-05-09,,False,True
THREAT-03118,Script Kiddie,Business Email Compromise,T1190 Exploit Public-Facing Application,E-commerce,Kubernetes Cluster,True,16,0.45,Americas,High,Low,2022-04-15,2022-12-23,CVE-2026-63033,False,True
THREAT-03119,REvil,Cryptojacking,T1003 OS Credential Dumping,Energy,SaaS Application,True,36,0.49,EMEA,Low,Low,2022-05-22,2022-12-13,,False,False
THREAT-03120,REvil,Zero-Day Exploit,T1105 Ingress Tool Transfer,E-commerce,SaaS Application,False,85,0.27,Global,Low,Low,2022-01-07,2022-03-25,,False,False
THREAT-03121,Kimsuky,Ransomware,T1105 Ingress Tool Transfer,Energy,Storage Bucket,False,17,0.57,Americas,Medium,Medium,2021-08-18,2022-07-01,,True,False
THREAT-03122,Script Kiddie,Ransomware,T1003 OS Credential Dumping,E-commerce,API Gateway,True,28,0.79,India,Low,Medium,2026-06-13,2026-09-04,CVE-2026-16326,True,True
THREAT-03123,Turla,Phishing,T1486 Data Encrypted for Impact,Energy,SaaS Application,False,75,0.57,Global,High,High,2021-08-09,2022-07-11,CVE-2026-21058,False,True
THREAT-03124,Scattered Spider,Zero-Day Exploit,T1133 External Remote Services,E-commerce,Database Server,False,49,0.28,Americas,Medium,Medium,2026-05-23,2026-09-04,CVE-2026-6027,False,False
THREAT-03125,Cybercrime Syndicate,Ransomware,T1053 Scheduled Task/Job,Education,SaaS Application,True,30,0.55,Americas,High,Low,2024-09-03,2025-01-09,CVE-2026-59240,True,False
THREAT-03126,Hacktivist Group,DDoS,T1082 System Information Discovery,Energy,Cloud VM,True,140,0.87,EMEA,Critical,Medium,2023-12-23,2024-04-18,CVE-2026-83711,False,False
THREAT-03127,LockBit,Supply Chain Attack,T1059 Command and Scripting Interpreter,E-commerce,Database Server,True,57,0.51,India,High,High,2023-11-26,2024-05-01,,False,False
THREAT-03128,Nation-State (Iran),Cloud Misconfiguration Exploitation,T1071 Application Layer Protocol,IT Services,Employee Laptop,True,59,0.34,Asia-Pacific,Low,Medium,2022-08-02,2023-04-02,,False,False
THREAT-03129,REvil,Zero-Day Exploit,T1003 OS Credential Dumping,Insurance,Employee Laptop,False,19,0.31,India,High,High,2025-12-21,2026-09-04,CVE-2026-61427,False,False
THREAT-03130,Unknown,Phishing,T1027 Obfuscated Files or Information,Manufacturing,Employee Laptop,True,65,0.27,Americas,Critical,High,2025-06-19,2026-04-18,,False,True
THREAT-03131,Nation-State (Russia),Business Email Compromise,T1027 Obfuscated Files or Information,Government,Cloud VM,True,41,0.5,Asia-Pacific,Medium,High,2023-03-27,2024-02-08,,False,True
THREAT-03132,FIN7,Insider Threat,T1055 Process Injection,Energy,Database Server,False,8,0.38,EMEA,Low,Medium,2023-10-24,2024-03-31,,False,True
THREAT-03133,Unknown,Web Application Attack,T1486 Data Encrypted for Impact,Government,Email Server,False,8,0.56,Asia-Pacific,Medium,Medium,2025-05-20,2025-10-27,,False,False
THREAT-03134,Script Kiddie,DDoS,T1105 Ingress Tool Transfer,Government,Employee Laptop,False,46,0.54,Asia-Pacific,Critical,High,2024-09-17,2024-10-21,CVE-2026-72712,False,False
THREAT-03135,Hacktivist Group,Insider Threat,T1133 External Remote Services,Government,Employee Laptop,False,6,0.34,EMEA,High,Medium,2024-09-19,2025-03-11,CVE-2026-78684,False,True
THREAT-03136,Nation-State (China),Phishing,T1021 Remote Services,Government,Storage Bucket,False,78,0.59,Global,Low,High,2022-07-13,2022-12-12,CVE-2026-59648,False,True
THREAT-03137,LockBit,Phishing,T1059 Command and Scripting Interpreter,E-commerce,Payment Gateway,False,59,0.53,EMEA,High,Medium,2022-07-12,2022-08-21,CVE-2026-73752,False,False
THREAT-03138,ALPHV,Ransomware,T1562 Impair Defenses,Energy,API Gateway,False,15,0.42,EMEA,Medium,Low,2023-09-09,2023-11-09,,True,True
THREAT-03139,FIN7,Business Email Compromise,T1070 Indicator Removal,IT Services,Kubernetes Cluster,True,44,0.19,Asia-Pacific,Critical,Low,2021-11-30,2022-06-09,,False,False
THREAT-03140,Nation-State (Iran),Ransomware,T1133 External Remote Services,Energy,Database Server,True,6,0.59,India,High,Medium,2023-07-29,2023-09-13,CVE-2026-74279,True,True
THREAT-03141,Conti,Cloud Misconfiguration Exploitation,T1569 System Services,IT Services,Payment Gateway,False,40,0.37,EMEA,High,Medium,2023-02-08,2023-10-19,,False,True
THREAT-03142,Nation-State (China),DDoS,T1003 OS Credential Dumping,Education,Web Server,False,62,0.46,India,Critical,High,2022-03-11,2022-03-25,,False,False
THREAT-03143,SilverFox,Ransomware,T1486 Data Encrypted for Impact,Government,Kubernetes Cluster,False,45,0.35,EMEA,Critical,High,2023-02-27,2023-11-11,,True,True
THREAT-03144,REvil,Insider Threat,T1027 Obfuscated Files or Information,Energy,Database Server,True,8,0.13,Global,Critical,Low,2021-07-18,2022-02-10,CVE-2026-74279,False,True
THREAT-03145,APT28,DDoS,T1105 Ingress Tool Transfer,Insurance,Web Server,False,134,0.57,Global,Critical,Low,2024-09-13,2025-08-18,CVE-2026-47159,False,False
THREAT-03146,APT29,Ransomware,T1562 Impair Defenses,E-commerce,Employee Laptop,False,28,0.42,Global,Medium,High,2023-03-16,2023-05-09,,True,True
THREAT-03147,Kimsuky,Phishing,T1562 Impair Defenses,E-commerce,Storage Bucket,False,100,0.52,Asia-Pacific,High,Low,2024-07-07,2025-02-23,CVE-2026-4183,False,False
THREAT-03148,Conti,Insider Threat,T1190 Exploit Public-Facing Application,E-commerce,Database Server,False,4,0.25,Asia-Pacific,High,Medium,2025-11-27,2026-09-04,,False,True
THREAT-03149,APT28,Credential Theft,T1003 OS Credential Dumping,IT Services,Kubernetes Cluster,False,21,0.13,EMEA,High,High,2025-08-10,2025-11-20,,False,False
THREAT-03150,Mustang Panda,Credential Theft,T1569 System Services,Energy,Storage Bucket,False,19,0.14,Global,Low,High,2026-06-25,2026-09-04,CVE-2026-59726,False,False
THREAT-03151,FIN7,Ransomware,T1190 Exploit Public-Facing Application,Energy,Kubernetes Cluster,False,14,0.79,Americas,Critical,Medium,2023-03-05,2023-12-04,CVE-2026-84326,True,False
THREAT-03152,Nation-State (China),Ransomware,T1566 Phishing,Telecom,Payment Gateway,False,11,0.72,Global,High,High,2023-03-22,2023-07-02,CVE-2026-66916,True,False
THREAT-03153,FIN7,Insider Threat,T1036 Masquerading,Healthcare,Kubernetes Cluster,False,1,0.33,EMEA,Medium,High,2021-03-25,2021-05-14,CVE-2026-85432,False,True
THREAT-03154,Script Kiddie,Ransomware,T1082 System Information Discovery,Manufacturing,Cloud VM,False,9,0.32,Global,Medium,Medium,2025-11-02,2026-01-01,CVE-2026-21448,True,False
THREAT-03155,APT28,Insider Threat,T1133 External Remote Services,Telecom,Cloud VM,False,4,0.17,India,Medium,Medium,2026-02-09,2026-08-13,,False,True
THREAT-03156,Hacktivist Group,DDoS,T1110 Brute Force,E-commerce,Cloud VM,True,44,0.55,India,High,Medium,2023-06-22,2024-05-17,CVE-2026-75754,False,False
THREAT-03157,Nation-State (China),Zero-Day Exploit,T1053 Scheduled Task/Job,E-commerce,Storage Bucket,False,61,0.22,India,Low,Low,2024-02-14,2025-01-09,CVE-2026-40873,False,True
THREAT-03158,Mustang Panda,Credential Theft,T1566 Phishing,Telecom,Payment Gateway,False,7,0.58,Global,Medium,Low,2025-04-18,2025-08-01,CVE-2026-57106,False,False
THREAT-03159,Insider,Credential Theft,T1082 System Information Discovery,Telecom,SaaS Application,False,55,0.13,India,Critical,High,2026-05-03,2026-09-04,,False,True
THREAT-03160,TA505,Credential Theft,T1486 Data Encrypted for Impact,Government,API Gateway,False,81,0.56,Global,High,Low,2021-04-12,2022-04-03,,False,False
THREAT-03161,REvil,DDoS,T1190 Exploit Public-Facing Application,Energy,Database Server,False,186,0.67,India,Medium,Medium,2022-10-16,2023-08-07,,False,False
THREAT-03162,Turla,Ransomware,T1110 Brute Force,IT Services,Storage Bucket,False,19,0.72,EMEA,Low,Medium,2025-12-24,2026-05-11,CVE-2026-21448,True,True
THREAT-03163,Kimsuky,Supply Chain Attack,T1105 Ingress Tool Transfer,E-commerce,Domain Controller,True,34,0.38,Asia-Pacific,Low,Medium,2022-07-11,2023-02-27,,False,False
THREAT-03164,ALPHV,DDoS,T1566 Phishing,Government,Payment Gateway,True,67,0.81,Global,Medium,Medium,2021-05-14,2021-08-12,,False,False
THREAT-03165,Nation-State (Iran),Data Exfiltration,T1055 Process Injection,Manufacturing,Cloud VM,True,57,0.51,India,High,High,2025-09-02,2026-02-22,,False,False
THREAT-03166,Sandworm,Cloud Misconfiguration Exploitation,T1133 External Remote Services,Insurance,Storage Bucket,False,29,0.36,EMEA,High,High,2022-08-24,2023-05-26,CVE-2026-82398,True,False
THREAT-03167,APT29,Insider Threat,T1059 Command and Scripting Interpreter,IT Services,Employee Laptop,False,6,0.16,Americas,High,High,2024-11-27,2025-10-02,CVE-2026-20275,False,True
THREAT-03168,Insider,Business Email Compromise,T1071 Application Layer Protocol,E-commerce,Email Server,False,83,0.45,India,Medium,Low,2022-10-17,2023-09-15,,False,False
THREAT-03169,Cybercrime Syndicate,Ransomware,T1071 Application Layer Protocol,Healthcare,Storage Bucket,False,41,0.7,India,High,High,2025-08-30,2025-11-11,CVE-2026-5977,True,False
THREAT-03170,Script Kiddie,Web Application Attack,T1569 System Services,Insurance,Employee Laptop,False,100,0.21,Global,Medium,Low,2025-11-23,2026-03-27,,False,True
THREAT-03171,APT28,Supply Chain Attack,T1021 Remote Services,Education,SaaS Application,False,18,0.5,Asia-Pacific,Critical,Low,2024-11-29,2025-01-19,,False,False
THREAT-03172,REvil,Cloud Misconfiguration Exploitation,T1562 Impair Defenses,E-commerce,Email Server,False,22,0.41,Global,High,High,2023-01-20,2023-06-07,,False,True
THREAT-03173,Nation-State (China),Business Email Compromise,T1566 Phishing,Telecom,Web Server,True,73,0.41,EMEA,Medium,Medium,2025-08-04,2026-05-17,,False,True
THREAT-03174,LockBit,Business Email Compromise,T1071 Application Layer Protocol,Education,SaaS Application,True,29,0.43,EMEA,High,High,2025-12-22,2026-09-04,,False,False
THREAT-03175,APT28,Cryptojacking,T1569 System Services,E-commerce,Storage Bucket,False,38,0.53,EMEA,Low,High,2023-12-20,2024-02-07,CVE-2026-76212,False,False
THREAT-03176,APT29,DDoS,T1070 Indicator Removal,Government,API Gateway,True,30,0.67,India,High,Medium,2021-08-29,2022-07-28,CVE-2026-66007,False,False
THREAT-03177,LockBit,Ransomware,T1070 Indicator Removal,Education,Payment Gateway,False,20,0.56,India,High,High,2021-09-29,2022-01-28,CVE-2026-3703,True,False
THREAT-03178,Mustang Panda,Business Email Compromise,T1027 Obfuscated Files or Information,E-commerce,Payment Gateway,True,24,0.25,EMEA,Critical,High,2026-03-08,2026-06-10,,False,False
THREAT-03179,Unknown,Cryptojacking,T1055 Process Injection,Government,API Gateway,False,54,0.26,EMEA,High,High,2023-03-31,2024-02-18,,False,False
THREAT-03180,ALPHV,Web Application Attack,T1082 System Information Discovery,Insurance,Web Server,False,73,0.45,Global,Low,Low,2022-01-01,2022-01-11,CVE-2026-59726,False,True
THREAT-03181,FIN7,Web Application Attack,T1133 External Remote Services,Energy,Database Server,True,9,0.34,Americas,Medium,Medium,2023-07-18,2024-04-23,CVE-2026-69075,False,False
THREAT-03182,Nation-State (China),Supply Chain Attack,T1562 Impair Defenses,Government,Cloud VM,False,16,0.37,Global,Medium,Medium,2025-11-02,2025-12-02,CVE-2026-16938,False,False
THREAT-03183,Kimsuky,Web Application Attack,T1566 Phishing,IT Services,Payment Gateway,True,91,0.17,Americas,Low,Low,2024-06-02,2025-04-20,,False,False
THREAT-03184,Nation-State (China),Supply Chain Attack,T1486 Data Encrypted for Impact,Insurance,Cloud VM,False,76,0.25,Asia-Pacific,Critical,High,2026-05-17,2026-09-04,,False,False
THREAT-03185,FIN7,Phishing,T1036 Masquerading,Energy,Database Server,True,49,0.48,Americas,Medium,High,2022-01-15,2022-05-04,,False,False
THREAT-03186,TA505,Data Exfiltration,T1082 System Information Discovery,Insurance,SaaS Application,False,57,0.56,EMEA,Medium,Low,2022-09-09,2022-10-18,CVE-2026-58001,True,True
THREAT-03187,SilverFox,Credential Theft,T1078 Valid Accounts,Healthcare,Web Server,False,97,0.18,EMEA,Critical,Medium,2023-04-14,2024-01-08,CVE-2026-7138,False,False
THREAT-03188,Conti,Credential Theft,T1078 Valid Accounts,IT Services,Storage Bucket,False,73,0.23,EMEA,High,Low,2024-06-19,2025-03-23,,False,False
THREAT-03189,Sandworm,DDoS,T1059 Command and Scripting Interpreter,Government,Kubernetes Cluster,False,71,0.64,India,High,Medium,2021-05-20,2021-11-02,,False,False
THREAT-03190,LockBit,Ransomware,T1078 Valid Accounts,Insurance,Web Server,False,49,0.37,India,Low,Low,2022-04-14,2022-09-12,,True,True
THREAT-03191,FIN7,DDoS,T1027 Obfuscated Files or Information,IT Services,API Gateway,False,148,0.67,EMEA,Critical,Medium,2024-08-17,2024-09-23,CVE-2026-20702,False,False
THREAT-03192,Insider,Credential Theft,T1027 Obfuscated Files or Information,Manufacturing,Storage Bucket,False,27,0.38,India,Critical,Medium,2026-06-23,2026-09-04,CVE-2026-79682,False,True
THREAT-03193,FIN7,Business Email Compromise,T1190 Exploit Public-Facing Application,IT Services,Web Server,True,13,0.49,Global,High,High,2023-04-30,2023-11-09,CVE-2026-84968,False,True
THREAT-03194,Lazarus Group,Cloud Misconfiguration Exploitation,T1082 System Information Discovery,Education,Web Server,True,44,0.38,India,Low,Low,2022-04-08,2022-05-01,CVE-2026-8208,False,False
THREAT-03195,APT28,DDoS,T1190 Exploit Public-Facing Application,Energy,Email Server,False,143,0.7,Americas,Critical,High,2025-06-22,2026-05-14,,False,False
THREAT-03196,Sandworm,Ransomware,T1055 Process Injection,Government,Storage Bucket,False,43,0.35,Americas,High,Low,2022-12-27,2023-09-11,CVE-2026-58152,True,True
THREAT-03197,Unknown,Cryptojacking,T1070 Indicator Removal,Government,SaaS Application,True,20,0.55,Americas,Medium,High,2021-10-25,2022-06-09,CVE-2026-5706,False,False
THREAT-03198,SilverFox,Supply Chain Attack,T1566 Phishing,Insurance,API Gateway,False,59,0.56,Asia-Pacific,Medium,Medium,2021-07-24,2022-07-19,,False,False
THREAT-03199,APT28,DDoS,T1053 Scheduled Task/Job,Energy,Kubernetes Cluster,False,55,0.54,India,Critical,High,2021-06-07,2021-12-05,,False,False
THREAT-03200,Lazarus Group,Ransomware,T1070 Indicator Removal,Government,Payment Gateway,False,31,0.69,Global,Low,Medium,2023-10-16,2024-02-08,,True,False
THREAT-03201,FIN7,DDoS,T1190 Exploit Public-Facing Application,E-commerce,API Gateway,False,54,0.9,Asia-Pacific,Low,High,2025-10-23,2026-01-07,,False,False
THREAT-03202,LockBit,Credential Theft,T1133 External Remote Services,Government,Domain Controller,False,11,0.34,EMEA,Low,High,2021-07-24,2021-10-22,,False,False
THREAT-03203,REvil,Business Email Compromise,T1055 Process Injection,Manufacturing,Employee Laptop,False,10,0.49,India,Medium,Medium,2022-04-01,2022-12-13,,False,False
THREAT-03204,APT29,Cloud Misconfiguration Exploitation,T1048 Exfiltration Over Alternative Protocol,Healthcare,Employee Laptop,False,16,0.18,Asia-Pacific,Medium,Medium,2023-04-27,2023-08-27,,False,False
THREAT-03205,Script Kiddie,Web Application Attack,T1082 System Information Discovery,Energy,Payment Gateway,True,74,0.37,Asia-Pacific,High,High,2021-11-03,2022-08-09,,False,False
THREAT-03206,Scattered Spider,Cloud Misconfiguration Exploitation,T1055 Process Injection,Insurance,Payment Gateway,False,51,0.3,India,Critical,High,2023-07-11,2023-11-10,,False,False
THREAT-03207,Conti,DDoS,T1027 Obfuscated Files or Information,Energy,Web Server,False,21,0.58,Global,Medium,Low,2023-12-25,2024-03-25,,False,False
THREAT-03208,APT29,Phishing,T1071 Application Layer Protocol,Energy,API Gateway,False,25,0.26,Global,Critical,Medium,2025-02-02,2025-02-27,,False,False
THREAT-03209,Sandworm,Insider Threat,T1562 Impair Defenses,Government,API Gateway,False,9,0.15,India,Low,Low,2021-04-13,2021-05-07,CVE-2026-81664,False,True
THREAT-03210,Nation-State (China),Phishing,T1021 Remote Services,Government,Database Server,True,69,0.56,India,Medium,High,2022-03-27,2023-01-03,,False,False
THREAT-03211,Nation-State (China),Cloud Misconfiguration Exploitation,T1036 Masquerading,Manufacturing,API Gateway,False,48,0.55,Global,Low,Low,2024-12-03,2025-05-02,,False,True
THREAT-03212,Lazarus Group,Zero-Day Exploit,T1021 Remote Services,Manufacturing,Cloud VM,False,70,0.53,Global,Low,Low,2024-03-21,2024-06-08,,False,False
THREAT-03213,Nation-State (China),Insider Threat,T1036 Masquerading,E-commerce,Domain Controller,False,8,0.26,Asia-Pacific,Medium,Medium,2022-01-05,2023-01-04,CVE-2026-58152,False,True
THREAT-03214,TA505,Insider Threat,T1486 Data Encrypted for Impact,Energy,Cloud VM,False,7,0.35,EMEA,Low,Medium,2026-01-12,2026-06-20,,False,True
THREAT-03215,Unknown,Data Exfiltration,T1190 Exploit Public-Facing Application,Government,Database Server,False,82,0.24,Asia-Pacific,Critical,Medium,2025-12-08,2025-12-10,,False,True
THREAT-03216,Nation-State (Russia),Supply Chain Attack,T1027 Obfuscated Files or Information,Energy,Cloud VM,False,5,0.57,Americas,Low,High,2022-12-28,2023-12-09,CVE-2026-81851,False,False
THREAT-03217,TA505,Phishing,T1003 OS Credential Dumping,E-commerce,Employee Laptop,False,94,0.34,Asia-Pacific,Medium,Medium,2026-03-12,2026-03-15,,False,False
THREAT-03218,Lazarus Group,Business Email Compromise,T1486 Data Encrypted for Impact,Manufacturing,Kubernetes Cluster,True,42,0.29,Americas,High,Low,2024-06-09,2025-01-05,,False,False
THREAT-03219,Nation-State (Iran),Data Exfiltration,T1569 System Services,E-commerce,Payment Gateway,False,36,0.11,India,Critical,Low,2023-03-20,2023-06-04,CVE-2026-39328,False,False
THREAT-03220,ALPHV,Cloud Misconfiguration Exploitation,T1569 System Services,Manufacturing,Web Server,False,9,0.17,Americas,Medium,Medium,2026-01-23,2026-09-04,,False,False
THREAT-03221,TA505,Cryptojacking,T1562 Impair Defenses,Government,Cloud VM,False,97,0.41,Americas,Critical,Low,2025-04-09,2025-06-22,,True,False
THREAT-03222,ALPHV,DDoS,T1078 Valid Accounts,Government,Domain Controller,True,129,0.73,Americas,Low,Low,2021-09-17,2022-07-25,,False,False
THREAT-03223,Script Kiddie,Web Application Attack,T1070 Indicator Removal,E-commerce,Domain Controller,False,32,0.28,Americas,High,Low,2024-06-17,2025-02-15,CVE-2026-9406,False,False
THREAT-03224,Turla,Business Email Compromise,T1569 System Services,E-commerce,Storage Bucket,False,66,0.43,EMEA,Low,High,2024-04-02,2024-05-01,,False,False
THREAT-03225,FIN7,Phishing,T1027 Obfuscated Files or Information,E-commerce,API Gateway,False,57,0.56,Global,Low,Low,2025-09-18,2025-12-14,,False,False
THREAT-03226,APT29,Phishing,T1070 Indicator Removal,Energy,Employee Laptop,False,53,0.5,EMEA,High,Medium,2024-01-31,2024-11-25,,True,True
THREAT-03227,Kimsuky,Credential Theft,T1078 Valid Accounts,Energy,Web Server,True,95,0.55,Asia-Pacific,High,Low,2022-06-21,2023-01-30,,False,False
THREAT-03228,APT28,Ransomware,T1190 Exploit Public-Facing Application,Government,SaaS Application,True,40,0.52,India,High,High,2022-06-04,2023-05-30,,True,True
THREAT-03229,TA505,Cryptojacking,T1059 Command and Scripting Interpreter,IT Services,Domain Controller,True,74,0.33,EMEA,High,Medium,2024-04-02,2024-08-24,CVE-2026-16318,False,True
THREAT-03230,Nation-State (Russia),Ransomware,T1569 System Services,E-commerce,Payment Gateway,False,35,0.38,India,Critical,High,2026-02-09,2026-02-19,,True,True
THREAT-03231,LockBit,DDoS,T1027 Obfuscated Files or Information,Government,Database Server,False,123,0.88,EMEA,Critical,High,2022-07-12,2022-12-22,,False,False
THREAT-03232,TA505,Business Email Compromise,T1082 System Information Discovery,Manufacturing,Payment Gateway,True,42,0.25,Americas,High,High,2022-09-15,2022-12-21,,False,True
THREAT-03233,Nation-State (Russia),Cloud Misconfiguration Exploitation,T1569 System Services,E-commerce,Cloud VM,False,85,0.59,Global,Critical,High,2025-10-01,2025-10-04,,False,False
THREAT-03234,Unknown,Business Email Compromise,T1105 Ingress Tool Transfer,Government,Web Server,False,75,0.49,EMEA,Low,Medium,2022-06-28,2023-03-11,,True,True
THREAT-03235,Sandworm,DDoS,T1021 Remote Services,Insurance,Web Server,True,158,0.82,Americas,Medium,Low,2024-04-23,2025-01-06,,False,False
THREAT-03236,Lazarus Group,Credential Theft,T1059 Command and Scripting Interpreter,IT Services,Web Server,True,44,0.33,Global,High,High,2026-06-30,2026-09-04,CVE-2026-56004,False,True
THREAT-03237,Script Kiddie,Insider Threat,T1027 Obfuscated Files or Information,Energy,Storage Bucket,False,8,0.33,Asia-Pacific,Low,Low,2021-06-02,2021-11-27,CVE-2026-18615,False,True
THREAT-03238,FIN7,Cryptojacking,T1110 Brute Force,Insurance,Email Server,True,37,0.38,India,Medium,Medium,2024-08-16,2025-03-07,,False,True
THREAT-03239,Kimsuky,Insider Threat,T1053 Scheduled Task/Job,Government,Email Server,False,6,0.18,EMEA,Critical,Low,2022-07-23,2023-07-19,CVE-2026-73048,False,True
THREAT-03240,Sandworm,Phishing,T1078 Valid Accounts,Government,Web Server,False,73,0.22,Americas,Medium,High,2024-10-10,2025-04-05,,False,False
THREAT-03241,SilverFox,Credential Theft,T1105 Ingress Tool Transfer,E-commerce,SaaS Application,False,8,0.54,Americas,Low,Medium,2025-08-23,2026-07-13,,False,False
THREAT-03242,ALPHV,Cloud Misconfiguration Exploitation,T1053 Scheduled Task/Job,Government,API Gateway,False,80,0.56,India,High,High,2024-07-25,2024-08-30,,False,False
THREAT-03243,APT29,Zero-Day Exploit,T1133 External Remote Services,Insurance,Kubernetes Cluster,True,38,0.33,India,Low,Low,2025-12-04,2026-05-01,CVE-2026-20783,False,False
THREAT-03244,Script Kiddie,Supply Chain Attack,T1048 Exfiltration Over Alternative Protocol,Manufacturing,Web Server,True,53,0.51,Asia-Pacific,Low,Medium,2025-02-06,2025-10-19,CVE-2026-18929,False,False
THREAT-03245,LockBit,Business Email Compromise,T1021 Remote Services,Government,Cloud VM,False,50,0.13,EMEA,High,Medium,2024-09-01,2025-04-28,,False,True
THREAT-03246,FIN7,Credential Theft,T1105 Ingress Tool Transfer,Manufacturing,SaaS Application,False,5,0.4,EMEA,Low,Low,2022-08-23,2023-04-09,,False,False
THREAT-03247,Nation-State (China),Phishing,T1566 Phishing,Manufacturing,Email Server,False,21,0.44,EMEA,Critical,High,2022-01-25,2022-12-06,,False,True
THREAT-03248,Hacktivist Group,Insider Threat,T1078 Valid Accounts,Government,Cloud VM,False,4,0.39,Global,Medium,Low,2024-09-06,2024-12-28,CVE-2026-54345,False,True
THREAT-03249,Script Kiddie,Cryptojacking,T1027 Obfuscated Files or Information,Telecom,Payment Gateway,False,48,0.37,Global,Critical,High,2022-12-30,2023-02-17,CVE-2026-72812,True,True
THREAT-03250,REvil,Cloud Misconfiguration Exploitation,T1082 System Information Discovery,Education,Cloud VM,False,82,0.18,Asia-Pacific,Low,Medium,2022-10-03,2023-08-11,,False,True
THREAT-03251,SilverFox,Cryptojacking,T1190 Exploit Public-Facing Application,Energy,Database Server,False,85,0.35,Americas,High,Medium,2022-02-03,2022-12-01,,False,True
THREAT-03252,Unknown,Cloud Misconfiguration Exploitation,T1003 OS Credential Dumping,Education,Cloud VM,False,41,0.55,India,Critical,High,2024-07-02,2025-05-28,CVE-2026-57811,False,False
THREAT-03253,REvil,DDoS,T1486 Data Encrypted for Impact,Healthcare,Cloud VM,False,176,0.68,India,High,Medium,2024-08-23,2024-12-08,,False,False
THREAT-03254,Conti,Cloud Misconfiguration Exploitation,T1566 Phishing,IT Services,Email Server,False,94,0.1,Asia-Pacific,High,High,2022-04-01,2022-10-04,CVE-2026-7138,False,False
THREAT-03255,Conti,Business Email Compromise,T1036 Masquerading,Energy,Kubernetes Cluster,True,63,0.31,EMEA,Low,Medium,2022-04-03,2023-03-02,,False,True
THREAT-03256,ALPHV,Supply Chain Attack,T1569 System Services,Energy,API Gateway,False,78,0.25,EMEA,Medium,Low,2024-01-30,2024-09-29,CVE-2026-78693,False,False
THREAT-03257,Cybercrime Syndicate,DDoS,T1562 Impair Defenses,E-commerce,Email Server,False,105,0.6,Asia-Pacific,High,Medium,2021-11-29,2022-04-23,CVE-2026-44943,False,False
THREAT-03258,Lazarus Group,Insider Threat,T1133 External Remote Services,E-commerce,Employee Laptop,False,9,0.19,Americas,Low,Medium,2024-10-29,2025-01-18,CVE-2026-76601,False,True
THREAT-03259,LockBit,Phishing,T1071 Application Layer Protocol,Manufacturing,Payment Gateway,True,53,0.53,Global,Low,Medium,2026-01-04,2026-05-06,CVE-2026-85430,False,False
THREAT-03260,Nation-State (Russia),Supply Chain Attack,T1070 Indicator Removal,IT Services,Web Server,True,25,0.12,Asia-Pacific,Medium,High,2025-05-04,2026-04-18,,False,True
THREAT-03261,Sandworm,Web Application Attack,T1071 Application Layer Protocol,Government,Employee Laptop,False,34,0.23,Asia-Pacific,Medium,High,2026-03-05,2026-09-04,CVE-2026-61387,False,False
THREAT-03262,Script Kiddie,Zero-Day Exploit,T1071 Application Layer Protocol,Energy,Web Server,False,100,0.55,EMEA,Critical,High,2025-12-14,2026-03-13,CVE-2026-7125,False,False
THREAT-03263,APT29,Phishing,T1110 Brute Force,E-commerce,Storage Bucket,True,17,0.21,India,Low,Low,2025-05-04,2025-07-15,,False,False
THREAT-03264,Sandworm,Cryptojacking,T1133 External Remote Services,Energy,Database Server,False,38,0.14,Global,Low,Low,2025-12-25,2026-02-19,,False,False
THREAT-03265,Hacktivist Group,Phishing,T1070 Indicator Removal,Government,Database Server,True,80,0.44,Americas,Critical,Low,2021-06-08,2022-02-17,CVE-2026-23527,False,False
THREAT-03266,APT28,Business Email Compromise,T1071 Application Layer Protocol,Insurance,Web Server,True,70,0.35,EMEA,Low,Medium,2023-01-01,2023-07-18,,True,False
THREAT-03267,FIN7,Supply Chain Attack,T1082 System Information Discovery,Government,Domain Controller,False,59,0.39,Americas,Low,Low,2024-04-09,2024-05-08,,False,False
THREAT-03268,Nation-State (Iran),Supply Chain Attack,T1003 OS Credential Dumping,E-commerce,Database Server,True,94,0.41,Asia-Pacific,Critical,Low,2021-11-21,2022-08-28,,False,False
THREAT-03269,APT28,Supply Chain Attack,T1486 Data Encrypted for Impact,Energy,Domain Controller,True,84,0.2,Asia-Pacific,Critical,Low,2024-10-26,2025-01-29,,False,False
THREAT-03270,ALPHV,Phishing,T1027 Obfuscated Files or Information,Government,Payment Gateway,False,56,0.32,EMEA,High,Medium,2026-04-13,2026-09-04,,False,False
THREAT-03271,Mustang Panda,DDoS,T1059 Command and Scripting Interpreter,Education,SaaS Application,True,184,0.41,Global,High,High,2021-11-13,2022-05-10,,False,False
THREAT-03272,Turla,Cryptojacking,T1110 Brute Force,E-commerce,Database Server,False,58,0.32,Americas,Critical,Medium,2024-07-28,2025-05-16,,False,False
THREAT-03273,Kimsuky,Ransomware,T1055 Process Injection,Energy,Kubernetes Cluster,False,46,0.58,Asia-Pacific,High,Low,2023-05-08,2024-01-13,CVE-2026-82222,True,True
THREAT-03274,Conti,Business Email Compromise,T1070 Indicator Removal,E-commerce,Employee Laptop,False,33,0.33,Asia-Pacific,Medium,Low,2024-04-20,2025-03-30,,False,False
THREAT-03275,REvil,Business Email Compromise,T1562 Impair Defenses,Government,API Gateway,False,36,0.26,Global,Low,Low,2023-10-18,2024-08-24,,True,False
THREAT-03276,Kimsuky,Phishing,T1027 Obfuscated Files or Information,Insurance,Domain Controller,False,93,0.22,Asia-Pacific,High,High,2024-05-22,2024-08-27,CVE-2026-44943,False,False
THREAT-03277,Unknown,Insider Threat,T1053 Scheduled Task/Job,E-commerce,Storage Bucket,False,5,0.14,Americas,Medium,High,2025-06-09,2026-02-20,CVE-2026-18885,False,True
THREAT-03278,APT28,DDoS,T1055 Process Injection,E-commerce,Database Server,True,118,0.88,Asia-Pacific,Low,Low,2024-07-31,2025-01-11,,False,False
THREAT-03279,Kimsuky,Cloud Misconfiguration Exploitation,T1048 Exfiltration Over Alternative Protocol,Energy,Web Server,True,22,0.55,India,Medium,Medium,2021-08-09,2022-06-24,,False,True
THREAT-03280,Cybercrime Syndicate,Ransomware,T1562 Impair Defenses,E-commerce,Cloud VM,True,39,0.39,Global,Low,Medium,2022-05-23,2023-01-09,,True,True
THREAT-03281,SilverFox,Web Application Attack,T1059 Command and Scripting Interpreter,Energy,Cloud VM,True,67,0.16,India,High,Low,2025-10-06,2025-11-05,CVE-2026-73570,False,False
THREAT-03282,FIN7,Cloud Misconfiguration Exploitation,T1569 System Services,Government,Cloud VM,False,74,0.35,Asia-Pacific,Critical,Medium,2025-07-10,2026-03-09,,False,False
THREAT-03283,Nation-State (Iran),Phishing,T1105 Ingress Tool Transfer,E-commerce,Payment Gateway,False,7,0.1,Asia-Pacific,Medium,Low,2021-06-09,2021-11-03,CVE-2026-49212,False,True
THREAT-03284,Insider,Zero-Day Exploit,T1048 Exfiltration Over Alternative Protocol,Energy,API Gateway,False,94,0.3,Global,Medium,Medium,2025-01-22,2025-08-31,,False,True
THREAT-03285,Hacktivist Group,Credential Theft,T1053 Scheduled Task/Job,Energy,Employee Laptop,False,55,0.39,India,Medium,High,2021-04-17,2022-01-15,,False,False
THREAT-03286,Insider,Zero-Day Exploit,T1027 Obfuscated Files or Information,Energy,Storage Bucket,False,81,0.18,Global,High,Low,2025-12-07,2026-04-13,,False,True
THREAT-03287,Turla,Supply Chain Attack,T1486 Data Encrypted for Impact,Telecom,API Gateway,True,37,0.27,Asia-Pacific,Low,Medium,2022-09-25,2022-12-20,,False,True
THREAT-03288,Lazarus Group,Phishing,T1190 Exploit Public-Facing Application,Government,Database Server,False,59,0.38,Americas,High,High,2025-05-30,2025-07-02,,False,True
THREAT-03289,Nation-State (Iran),Cloud Misconfiguration Exploitation,T1021 Remote Services,Energy,Cloud VM,True,22,0.19,EMEA,Critical,High,2024-12-03,2025-08-20,,True,False
THREAT-03290,Sandworm,Cryptojacking,T1036 Masquerading,Energy,Storage Bucket,True,65,0.43,India,Low,Low,2026-06-28,2026-09-04,,False,False
THREAT-03291,Mustang Panda,Cloud Misconfiguration Exploitation,T1133 External Remote Services,E-commerce,Domain Controller,False,9,0.25,Global,Medium,High,2023-08-14,2024-07-19,CVE-2026-9434,False,False
THREAT-03292,FIN7,Cryptojacking,T1070 Indicator Removal,Energy,Cloud VM,True,61,0.32,Asia-Pacific,Medium,Low,2024-04-17,2024-07-20,CVE-2026-84645,False,False
THREAT-03293,ALPHV,Cryptojacking,T1027 Obfuscated Files or Information,Manufacturing,Database Server,False,50,0.59,EMEA,High,Low,2022-08-19,2023-04-25,,False,False
THREAT-03294,APT29,DDoS,T1105 Ingress Tool Transfer,Insurance,API Gateway,True,111,0.88,Americas,Low,Low,2023-02-06,2023-10-31,CVE-2026-78178,False,False
THREAT-03295,Turla,Phishing,T1003 OS Credential Dumping,Telecom,Employee Laptop,False,76,0.52,India,Low,Low,2023-12-23,2024-12-19,,False,False
THREAT-03296,Unknown,Cloud Misconfiguration Exploitation,T1562 Impair Defenses,Manufacturing,Cloud VM,False,96,0.33,India,Low,Low,2023-04-16,2024-04-14,CVE-2026-64967,False,True
THREAT-03297,Unknown,Cloud Misconfiguration Exploitation,T1190 Exploit Public-Facing Application,IT Services,Kubernetes Cluster,True,34,0.24,Americas,Low,Low,2022-05-09,2022-10-05,,False,False
THREAT-03298,Scattered Spider,DDoS,T1053 Scheduled Task/Job,Manufacturing,Web Server,False,111,0.5,Global,Low,High,2026-02-22,2026-08-10,,False,False
THREAT-03299,APT29,Supply Chain Attack,T1059 Command and Scripting Interpreter,Manufacturing,Email Server,True,29,0.36,India,Medium,High,2021-06-18,2022-04-09,CVE-2026-54201,False,False
THREAT-03300,Nation-State (Russia),Credential Theft,T1027 Obfuscated Files or Information,Insurance,Database Server,False,99,0.48,Asia-Pacific,Medium,Low,2025-06-06,2026-04-22,,False,False
THREAT-03301,Lazarus Group,Data Exfiltration,T1027 Obfuscated Files or Information,E-commerce,Employee Laptop,False,14,0.5,India,Critical,High,2021-07-12,2021-12-20,,False,True
THREAT-03302,ALPHV,Business Email Compromise,T1562 Impair Defenses,Government,Web Server,True,79,0.3,EMEA,Medium,Medium,2026-02-05,2026-07-04,,False,False
THREAT-03303,REvil,DDoS,T1562 Impair Defenses,Manufacturing,Kubernetes Cluster,False,94,0.48,India,Critical,High,2021-09-12,2021-12-13,CVE-2026-22612,False,False
THREAT-03304,Scattered Spider,Credential Theft,T1569 System Services,Government,Database Server,False,43,0.18,India,Low,Medium,2023-08-18,2024-08-03,,False,True
THREAT-03305,Nation-State (China),DDoS,T1133 External Remote Services,IT Services,Storage Bucket,False,80,0.85,EMEA,Critical,Low,2025-03-02,2026-01-22,CVE-2026-16367,False,False
THREAT-03306,APT28,Insider Threat,T1036 Masquerading,Government,Kubernetes Cluster,True,4,0.12,Global,High,Low,2023-06-13,2023-06-16,,False,True
THREAT-03307,Conti,DDoS,T1562 Impair Defenses,Insurance,Domain Controller,True,104,0.79,Americas,Medium,Medium,2021-10-05,2022-06-10,CVE-2026-54782,False,False
THREAT-03308,FIN7,Cryptojacking,T1055 Process Injection,Education,Employee Laptop,True,5,0.43,Global,Critical,Low,2023-08-19,2024-01-15,,False,True
THREAT-03309,APT28,Zero-Day Exploit,T1562 Impair Defenses,IT Services,Storage Bucket,True,99,0.25,EMEA,Critical,Low,2022-11-04,2023-06-01,,True,True
THREAT-03310,APT29,Cryptojacking,T1059 Command and Scripting Interpreter,Government,SaaS Application,False,78,0.42,India,Low,High,2026-01-27,2026-07-11,CVE-2026-70921,False,False
THREAT-03311,Insider,Zero-Day Exploit,T1036 Masquerading,E-commerce,Kubernetes Cluster,True,87,0.16,Global,High,Medium,2022-07-09,2023-02-03,,False,True
THREAT-03312,APT28,Credential Theft,T1059 Command and Scripting Interpreter,Energy,API Gateway,False,45,0.5,EMEA,High,Low,2025-11-09,2026-06-02,CVE-2026-34964,False,False
THREAT-03313,Lazarus Group,Credential Theft,T1070 Indicator Removal,Energy,Web Server,True,9,0.16,EMEA,Low,High,2024-11-09,2025-06-02,CVE-2026-53531,False,False
THREAT-03314,Unknown,Ransomware,T1082 System Information Discovery,Manufacturing,Cloud VM,False,23,0.62,Asia-Pacific,Critical,Low,2024-07-24,2025-05-15,,True,True
THREAT-03315,Script Kiddie,Credential Theft,T1055 Process Injection,Energy,Email Server,False,91,0.37,EMEA,Low,Low,2022-12-07,2023-11-25,CVE-2026-81727,True,False
THREAT-03316,Mustang Panda,Zero-Day Exploit,T1078 Valid Accounts,Government,Cloud VM,False,35,0.19,Global,Low,High,2025-06-19,2025-08-09,,False,True
THREAT-03317,Cybercrime Syndicate,Ransomware,T1048 Exfiltration Over Alternative Protocol,Education,Email Server,True,42,0.51,EMEA,Medium,High,2021-03-23,2021-07-26,,True,False
THREAT-03318,APT28,Business Email Compromise,T1486 Data Encrypted for Impact,Government,API Gateway,True,19,0.27,EMEA,Medium,High,2021-08-15,2022-03-18,,False,False
THREAT-03319,Insider,Cryptojacking,T1059 Command and Scripting Interpreter,Energy,Kubernetes Cluster,True,85,0.46,Asia-Pacific,Low,High,2025-06-07,2025-11-09,,False,False
THREAT-03320,Scattered Spider,Phishing,T1059 Command and Scripting Interpreter,Manufacturing,SaaS Application,False,25,0.28,India,Critical,High,2023-06-14,2023-11-05,,False,False
THREAT-03321,Nation-State (China),Phishing,T1021 Remote Services,Education,Kubernetes Cluster,True,58,0.51,Americas,High,Medium,2026-03-11,2026-09-04,,False,False
THREAT-03322,Script Kiddie,Business Email Compromise,T1133 External Remote Services,E-commerce,Payment Gateway,True,54,0.24,India,High,Medium,2023-10-31,2024-04-10,,False,False
THREAT-03323,APT28,Web Application Attack,T1133 External Remote Services,Insurance,Employee Laptop,False,55,0.58,EMEA,Medium,Medium,2021-06-16,2022-01-17,,False,True
THREAT-03324,Nation-State (China),Insider Threat,T1071 Application Layer Protocol,Energy,Kubernetes Cluster,False,6,0.18,Asia-Pacific,High,High,2025-11-28,2026-04-01,,False,True
THREAT-03325,Hacktivist Group,Zero-Day Exploit,T1003 OS Credential Dumping,Energy,Cloud VM,False,99,0.21,Americas,Medium,Low,2023-01-19,2023-07-15,,False,False
THREAT-03326,Cybercrime Syndicate,Zero-Day Exploit,T1082 System Information Discovery,Telecom,Employee Laptop,False,29,0.53,EMEA,High,Low,2023-04-09,2024-03-11,CVE-2026-81724,False,False
THREAT-03327,Nation-State (Russia),Phishing,T1036 Masquerading,Manufacturing,SaaS Application,False,90,0.25,Americas,Medium,Medium,2026-06-08,2026-09-04,,False,False
THREAT-03328,Kimsuky,Cryptojacking,T1566 Phishing,Telecom,API Gateway,False,14,0.54,Americas,Medium,Medium,2022-05-08,2022-10-02,,False,True
THREAT-03329,Mustang Panda,Web Application Attack,T1070 Indicator Removal,Government,Web Server,True,53,0.19,Global,Low,Low,2025-07-08,2025-08-23,,True,False
THREAT-03330,FIN7,Phishing,T1021 Remote Services,Energy,Web Server,True,43,0.5,Global,Medium,Medium,2024-03-02,2025-01-11,,False,False
THREAT-03331,APT29,Zero-Day Exploit,T1027 Obfuscated Files or Information,Government,Kubernetes Cluster,False,30,0.45,Global,High,High,2021-10-13,2022-09-06,CVE-2026-52813,False,True
THREAT-03332,TA505,Supply Chain Attack,T1133 External Remote Services,Energy,Employee Laptop,True,74,0.48,Americas,Medium,Low,2025-10-05,2025-12-08,,False,True
THREAT-03333,APT28,Cloud Misconfiguration Exploitation,T1190 Exploit Public-Facing Application,E-commerce,API Gateway,False,17,0.6,Global,Medium,Medium,2024-08-11,2025-04-28,,False,False
THREAT-03334,SilverFox,Web Application Attack,T1048 Exfiltration Over Alternative Protocol,Energy,Email Server,True,97,0.46,Americas,Low,High,2022-03-24,2022-11-08,CVE-2026-9455,False,False
THREAT-03335,Mustang Panda,Web Application Attack,T1059 Command and Scripting Interpreter,E-commerce,Domain Controller,False,97,0.18,Americas,Low,Low,2023-04-17,2024-02-18,CVE-2026-82217,False,False
THREAT-03336,Nation-State (Iran),Supply Chain Attack,T1562 Impair Defenses,Insurance,Employee Laptop,False,67,0.42,Asia-Pacific,Medium,Medium,2022-05-29,2022-08-08,,False,False
THREAT-03337,Script Kiddie,Supply Chain Attack,T1078 Valid Accounts,Energy,SaaS Application,True,93,0.3,Americas,Medium,High,2025-12-10,2026-05-29,,False,True
THREAT-03338,Turla,Business Email Compromise,T1027 Obfuscated Files or Information,E-commerce,Employee Laptop,True,10,0.41,Global,High,Medium,2024-02-18,2024-08-11,CVE-2026-81769,False,True
THREAT-03339,FIN7,Cloud Misconfiguration Exploitation,T1036 Masquerading,Manufacturing,Storage Bucket,False,16,0.58,Asia-Pacific,Critical,Low,2022-09-25,2023-03-23,,False,True
THREAT-03340,Nation-State (Iran),Web Application Attack,T1569 System Services,E-commerce,SaaS Application,False,14,0.21,Americas,Critical,Low,2024-03-04,2024-12-13,CVE-2026-55970,False,False
THREAT-03341,Lazarus Group,Ransomware,T1486 Data Encrypted for Impact,Government,Employee Laptop,False,11,0.67,Asia-Pacific,Low,Low,2023-06-08,2024-04-26,,True,True
THREAT-03342,Insider,Phishing,T1105 Ingress Tool Transfer,Insurance,Storage Bucket,True,59,0.11,EMEA,Critical,High,2023-04-22,2024-02-11,,False,False
THREAT-03343,FIN7,Cloud Misconfiguration Exploitation,T1027 Obfuscated Files or Information,Manufacturing,Database Server,False,84,0.4,EMEA,Low,Medium,2023-05-02,2023-11-28,CVE-2026-66007,False,True
THREAT-03344,Nation-State (China),DDoS,T1070 Indicator Removal,Education,SaaS Application,False,63,0.63,Americas,Critical,Low,2021-11-11,2021-12-07,CVE-2026-79202,False,False
THREAT-03345,Hacktivist Group,Web Application Attack,T1053 Scheduled Task/Job,E-commerce,Domain Controller,True,69,0.34,Americas,Medium,High,2024-11-16,2025-02-20,,False,False
THREAT-03346,Conti,Data Exfiltration,T1190 Exploit Public-Facing Application,E-commerce,API Gateway,True,68,0.54,EMEA,Medium,Medium,2021-10-30,2022-10-04,CVE-2026-66012,False,False
THREAT-03347,FIN7,DDoS,T1055 Process Injection,Energy,Domain Controller,False,121,0.58,Americas,Low,Low,2023-11-04,2024-06-04,,False,False
THREAT-03348,Lazarus Group,Business Email Compromise,T1569 System Services,Energy,Payment Gateway,False,65,0.47,Americas,High,High,2021-09-21,2022-04-15,CVE-2026-73703,False,False
THREAT-03349,Insider,DDoS,T1133 External Remote Services,Telecom,Domain Controller,True,163,0.81,India,Critical,Low,2023-03-16,2023-06-10,CVE-2026-81727,False,False
THREAT-03350,Kimsuky,Insider Threat,T1071 Application Layer Protocol,IT Services,SaaS Application,False,7,0.18,EMEA,High,Low,2026-01-28,2026-04-20,,False,True
THREAT-03351,Scattered Spider,Web Application Attack,T1133 External Remote Services,Government,API Gateway,False,77,0.17,EMEA,Low,Low,2022-04-10,2022-11-21,CVE-2026-48281,False,False
THREAT-03352,Script Kiddie,Insider Threat,T1082 System Information Discovery,E-commerce,Database Server,False,2,0.28,EMEA,Medium,High,2023-04-09,2023-08-18,,False,True
THREAT-03353,APT28,Insider Threat,T1566 Phishing,Energy,Payment Gateway,True,4,0.12,Americas,High,Medium,2026-02-09,2026-09-04,,False,True
THREAT-03354,Lazarus Group,Phishing,T1133 External Remote Services,IT Services,Domain Controller,False,76,0.38,Americas,Critical,High,2026-04-25,2026-09-04,,True,False
THREAT-03355,Kimsuky,Web Application Attack,T1053 Scheduled Task/Job,Energy,SaaS Application,True,70,0.28,India,High,Medium,2021-06-01,2021-09-11,,False,False
THREAT-03356,Nation-State (Iran),Insider Threat,T1486 Data Encrypted for Impact,Energy,Storage Bucket,False,10,0.1,Americas,Low,Low,2025-05-14,2026-02-19,,False,True
THREAT-03357,Scattered Spider,Business Email Compromise,T1070 Indicator Removal,E-commerce,Database Server,False,26,0.5,EMEA,High,High,2024-02-13,2024-09-06,CVE-2026-19027,False,True
THREAT-03358,TA505,Zero-Day Exploit,T1105 Ingress Tool Transfer,Energy,Domain Controller,True,71,0.2,Global,Low,High,2021-04-05,2021-11-20,,False,False
THREAT-03359,ALPHV,Cloud Misconfiguration Exploitation,T1078 Valid Accounts,IT Services,Storage Bucket,False,43,0.12,EMEA,High,Medium,2022-10-25,2023-09-19,,False,False
THREAT-03360,Mustang Panda,Phishing,T1053 Scheduled Task/Job,IT Services,SaaS Application,False,60,0.46,India,Medium,Low,2024-05-25,2025-03-07,,False,False
THREAT-03361,Hacktivist Group,Zero-Day Exploit,T1021 Remote Services,Healthcare,API Gateway,True,43,0.55,India,Medium,Low,2025-08-01,2026-04-26,,False,True
THREAT-03362,Insider,Supply Chain Attack,T1055 Process Injection,Telecom,Web Server,False,78,0.59,EMEA,Critical,Medium,2022-08-04,2023-06-17,,False,False
THREAT-03363,ALPHV,Zero-Day Exploit,T1562 Impair Defenses,Energy,Kubernetes Cluster,False,96,0.19,India,High,Low,2026-03-16,2026-07-28,CVE-2026-58023,False,True
THREAT-03364,APT28,Cloud Misconfiguration Exploitation,T1053 Scheduled Task/Job,Energy,Web Server,False,98,0.59,Asia-Pacific,Critical,Medium,2024-08-05,2025-06-27,CVE-2026-83548,True,False
THREAT-03365,Insider,Cloud Misconfiguration Exploitation,T1027 Obfuscated Files or Information,Telecom,Payment Gateway,False,24,0.51,Americas,Low,High,2022-05-17,2022-05-22,CVE-2026-84128,False,True
THREAT-03366,Nation-State (Russia),Cryptojacking,T1071 Application Layer Protocol,Energy,Payment Gateway,False,31,0.52,Asia-Pacific,Low,Low,2023-04-11,2024-03-07,CVE-2026-76111,False,False
THREAT-03367,Hacktivist Group,Ransomware,T1027 Obfuscated Files or Information,Education,Domain Controller,False,32,0.32,EMEA,Critical,High,2022-11-08,2023-11-08,CVE-2026-79921,True,False
THREAT-03368,Script Kiddie,Data Exfiltration,T1562 Impair Defenses,Education,API Gateway,True,43,0.16,Global,Low,High,2023-07-11,2023-07-12,CVE-2026-45176,False,False
THREAT-03369,Unknown,Cryptojacking,T1133 External Remote Services,Government,Web Server,False,70,0.33,Global,High,Low,2025-04-09,2025-05-26,CVE-2026-43533,False,True
THREAT-03370,FIN7,Phishing,T1027 Obfuscated Files or Information,Government,Web Server,False,20,0.55,EMEA,High,Medium,2022-11-22,2023-02-18,CVE-2026-80608,False,True
THREAT-03371,Unknown,Cloud Misconfiguration Exploitation,T1486 Data Encrypted for Impact,Telecom,Employee Laptop,True,90,0.48,Americas,Critical,High,2026-04-24,2026-09-04,CVE-2026-60031,False,True
THREAT-03372,Insider,Cryptojacking,T1566 Phishing,E-commerce,API Gateway,False,90,0.16,EMEA,Critical,High,2024-12-02,2025-05-27,,False,True
THREAT-03373,Nation-State (China),DDoS,T1078 Valid Accounts,E-commerce,Employee Laptop,False,113,0.44,Asia-Pacific,Low,High,2026-04-03,2026-04-09,CVE-2026-82089,False,False
THREAT-03374,Nation-State (China),Phishing,T1027 Obfuscated Files or Information,Manufacturing,API Gateway,True,16,0.29,India,Medium,High,2021-07-03,2021-12-26,CVE-2026-20278,False,False
THREAT-03375,FIN7,Data Exfiltration,T1027 Obfuscated Files or Information,Manufacturing,Cloud VM,False,65,0.38,Americas,Critical,Medium,2025-07-28,2025-11-18,,False,False
THREAT-03376,Script Kiddie,Zero-Day Exploit,T1110 Brute Force,Government,Employee Laptop,False,9,0.41,India,Low,High,2022-09-08,2023-02-07,CVE-2026-72817,False,False
THREAT-03377,Insider,Business Email Compromise,T1036 Masquerading,E-commerce,Web Server,False,45,0.34,Asia-Pacific,Low,Low,2021-04-24,2021-12-22,,False,False
THREAT-03378,Sandworm,Insider Threat,T1110 Brute Force,Healthcare,Database Server,False,10,0.26,Americas,High,Medium,2024-01-16,2024-05-25,CVE-2026-48331,False,True
THREAT-03379,Sandworm,Credential Theft,T1110 Brute Force,E-commerce,Web Server,False,17,0.5,Asia-Pacific,High,High,2026-07-04,2026-09-04,CVE-2026-3703,False,True
THREAT-03380,Nation-State (China),Supply Chain Attack,T1055 Process Injection,Government,Storage Bucket,True,62,0.22,Global,Critical,Medium,2023-11-22,2024-05-02,,False,False
THREAT-03381,Nation-State (Russia),Cryptojacking,T1110 Brute Force,Government,Kubernetes Cluster,False,31,0.17,EMEA,Low,Medium,2023-12-23,2024-11-29,CVE-2026-84309,False,False
THREAT-03382,Conti,Supply Chain Attack,T1190 Exploit Public-Facing Application,Education,Payment Gateway,True,83,0.29,Americas,Medium,Low,2024-03-25,2024-10-02,,False,False
THREAT-03383,APT29,Zero-Day Exploit,T1070 Indicator Removal,Manufacturing,Web Server,False,28,0.54,Global,Medium,Low,2026-03-18,2026-09-04,CVE-2026-79683,False,False
THREAT-03384,Turla,Credential Theft,T1082 System Information Discovery,IT Services,Database Server,False,48,0.29,Americas,Low,High,2025-02-22,2025-05-20,CVE-2026-70611,False,False
THREAT-03385,Lazarus Group,Phishing,T1055 Process Injection,Government,Domain Controller,False,71,0.48,India,Medium,High,2024-09-11,2024-11-03,CVE-2026-79772,False,False
THREAT-03386,Conti,Business Email Compromise,T1055 Process Injection,Education,Database Server,True,34,0.58,Americas,Critical,Medium,2022-09-03,2022-12-15,,False,False
THREAT-03387,ALPHV,Data Exfiltration,T1036 Masquerading,Telecom,Web Server,False,8,0.43,Global,High,Low,2026-03-11,2026-09-04,CVE-2026-54768,True,False
THREAT-03388,ALPHV,Zero-Day Exploit,T1036 Masquerading,E-commerce,Web Server,False,76,0.19,Americas,Medium,Low,2026-06-04,2026-09-04,,False,True
THREAT-03389,FIN7,Web Application Attack,T1021 Remote Services,Healthcare,Storage Bucket,False,88,0.5,EMEA,High,Medium,2021-11-11,2021-11-19,,False,False
THREAT-03390,APT29,Data Exfiltration,T1190 Exploit Public-Facing Application,Government,SaaS Application,False,10,0.46,Asia-Pacific,Critical,High,2024-12-11,2024-12-28,,False,False
THREAT-03391,Mustang Panda,Zero-Day Exploit,T1486 Data Encrypted for Impact,Insurance,Storage Bucket,False,44,0.5,Global,Critical,High,2022-04-13,2022-06-30,CVE-2026-76609,False,False
THREAT-03392,Unknown,Supply Chain Attack,T1078 Valid Accounts,E-commerce,SaaS Application,True,82,0.17,Global,High,High,2021-11-12,2022-03-21,,False,False
THREAT-03393,ALPHV,Supply Chain Attack,T1078 Valid Accounts,Energy,Employee Laptop,True,42,0.52,Americas,High,Low,2024-08-02,2025-03-28,,False,False
THREAT-03394,Conti,Supply Chain Attack,T1070 Indicator Removal,Government,API Gateway,False,75,0.28,India,Medium,Low,2021-09-04,2022-01-11,CVE-2026-46688,False,False
THREAT-03395,Unknown,Phishing,T1059 Command and Scripting Interpreter,Energy,Cloud VM,False,89,0.16,EMEA,Medium,Medium,2023-05-03,2023-05-19,,False,False
THREAT-03396,TA505,Zero-Day Exploit,T1048 Exfiltration Over Alternative Protocol,Government,Cloud VM,False,35,0.35,India,High,High,2021-05-23,2022-01-23,CVE-2026-59809,False,True
THREAT-03397,Script Kiddie,Business Email Compromise,T1569 System Services,E-commerce,SaaS Application,True,85,0.57,EMEA,Low,High,2026-02-19,2026-09-04,CVE-2026-24772,False,True
THREAT-03398,ALPHV,Credential Theft,T1133 External Remote Services,Government,API Gateway,True,79,0.24,EMEA,Critical,Medium,2025-06-05,2025-10-24,,False,False
THREAT-03399,Turla,Cryptojacking,T1048 Exfiltration Over Alternative Protocol,Energy,Kubernetes Cluster,True,40,0.56,Americas,Medium,Medium,2026-06-09,2026-09-04,,False,False
THREAT-03400,LockBit,Credential Theft,T1110 Brute Force,Insurance,API Gateway,False,84,0.51,EMEA,Medium,High,2025-03-08,2026-01-25,,True,False
THREAT-03401,Unknown,Insider Threat,T1082 System Information Discovery,Insurance,Payment Gateway,False,4,0.3,EMEA,Medium,Low,2023-03-23,2023-10-30,,False,True
THREAT-03402,Kimsuky,Business Email Compromise,T1562 Impair Defenses,Insurance,Web Server,False,28,0.22,India,Low,High,2024-12-02,2025-08-10,CVE-2026-54159,False,False
THREAT-03403,LockBit,Insider Threat,T1027 Obfuscated Files or Information,Energy,Payment Gateway,False,8,0.12,Asia-Pacific,Medium,Low,2025-04-14,2025-10-19,CVE-2026-18686,False,True
THREAT-03404,REvil,Credential Theft,T1078 Valid Accounts,Manufacturing,Payment Gateway,True,29,0.57,Global,High,High,2022-09-20,2023-07-11,,False,True
THREAT-03405,APT29,Supply Chain Attack,T1036 Masquerading,Government,Database Server,True,24,0.25,India,Low,High,2025-05-25,2025-09-17,CVE-2026-59900,False,False
THREAT-03406,Conti,Credential Theft,T1059 Command and Scripting Interpreter,Energy,Payment Gateway,False,57,0.51,EMEA,High,High,2024-09-16,2024-10-24,,False,False
THREAT-03407,Kimsuky,Data Exfiltration,T1078 Valid Accounts,IT Services,Domain Controller,True,70,0.34,Americas,Low,Medium,2024-11-24,2025-09-22,,False,True
THREAT-03408,Lazarus Group,Data Exfiltration,T1021 Remote Services,Education,API Gateway,False,30,0.54,Asia-Pacific,Low,Medium,2022-02-26,2023-01-19,CVE-2026-65051,False,True
THREAT-03409,Conti,Supply Chain Attack,T1070 Indicator Removal,Government,Payment Gateway,False,18,0.32,Americas,Medium,High,2025-12-07,2026-01-22,,True,False
THREAT-03410,Scattered Spider,Cloud Misconfiguration Exploitation,T1053 Scheduled Task/Job,Energy,Employee Laptop,False,24,0.53,EMEA,Critical,Low,2023-11-22,2024-06-09,,False,False
THREAT-03411,Script Kiddie,Ransomware,T1105 Ingress Tool Transfer,Government,Database Server,True,10,0.54,Americas,Low,High,2026-01-24,2026-04-27,,True,True
THREAT-03412,FIN7,Insider Threat,T1082 System Information Discovery,Insurance,Employee Laptop,False,3,0.28,India,Critical,Medium,2024-09-15,2024-10-26,CVE-2026-73669,False,True
THREAT-03413,APT28,Data Exfiltration,T1003 OS Credential Dumping,Energy,Payment Gateway,False,74,0.28,Asia-Pacific,Critical,High,2021-09-26,2021-10-14,,False,True
THREAT-03414,Turla,Web Application Attack,T1190 Exploit Public-Facing Application,Government,Domain Controller,True,72,0.6,India,Low,Medium,2023-08-26,2024-05-30,CVE-2026-79266,False,False
THREAT-03415,Nation-State (Russia),Ransomware,T1071 Application Layer Protocol,Energy,Payment Gateway,True,37,0.72,Global,Medium,High,2025-02-24,2025-09-14,CVE-2026-54721,True,True
THREAT-03416,FIN7,Phishing,T1021 Remote Services,Energy,Kubernetes Cluster,False,21,0.42,Americas,High,High,2021-08-09,2021-10-27,CVE-2026-67182,False,False
THREAT-03417,Script Kiddie,DDoS,T1190 Exploit Public-Facing Application,Energy,Kubernetes Cluster,False,151,0.67,Americas,Low,Medium,2025-10-30,2026-09-04,,False,False
THREAT-03418,FIN7,Credential Theft,T1078 Valid Accounts,E-commerce,Kubernetes Cluster,True,40,0.16,EMEA,Medium,Medium,2022-02-11,2022-05-06,,False,True
THREAT-03419,Turla,Supply Chain Attack,T1053 Scheduled Task/Job,Energy,Employee Laptop,False,80,0.56,Global,Critical,Medium,2024-09-26,2025-04-02,,False,False
THREAT-03420,Mustang Panda,DDoS,T1021 Remote Services,Insurance,Email Server,False,142,0.67,Global,Medium,High,2022-01-10,2022-07-06,,False,False
THREAT-03421,Mustang Panda,Data Exfiltration,T1059 Command and Scripting Interpreter,Manufacturing,Domain Controller,False,17,0.22,Asia-Pacific,Medium,Low,2025-02-25,2025-10-19,CVE-2026-22606,False,False
THREAT-03422,Conti,Credential Theft,T1133 External Remote Services,Manufacturing,Cloud VM,True,59,0.3,Asia-Pacific,High,Low,2023-11-04,2024-10-25,,False,False
THREAT-03423,Nation-State (China),Business Email Compromise,T1071 Application Layer Protocol,Telecom,API Gateway,True,80,0.54,EMEA,Low,Medium,2023-05-28,2023-09-23,CVE-2026-22607,False,False
THREAT-03424,LockBit,Business Email Compromise,T1021 Remote Services,Government,Database Server,True,71,0.34,Americas,High,Medium,2023-03-18,2023-05-08,,False,False
THREAT-03425,REvil,DDoS,T1566 Phishing,Government,Kubernetes Cluster,False,80,0.48,Asia-Pacific,Medium,Medium,2024-08-06,2025-02-12,CVE-2026-53965,False,False
THREAT-03426,Cybercrime Syndicate,Credential Theft,T1190 Exploit Public-Facing Application,Manufacturing,Employee Laptop,False,46,0.27,Global,Critical,High,2021-11-19,2022-05-09,CVE-2026-48283,False,True
THREAT-03427,Conti,Ransomware,T1070 Indicator Removal,IT Services,Payment Gateway,True,23,0.41,EMEA,Low,High,2021-07-06,2021-07-25,,True,True
THREAT-03428,Hacktivist Group,Credential Theft,T1071 Application Layer Protocol,E-commerce,Kubernetes Cluster,False,84,0.44,Asia-Pacific,Critical,High,2022-12-16,2023-05-25,,False,True
THREAT-03429,Nation-State (Iran),Credential Theft,T1059 Command and Scripting Interpreter,E-commerce,Storage Bucket,False,6,0.53,India,Critical,High,2023-04-07,2023-07-28,CVE-2026-80721,True,False
THREAT-03430,ALPHV,Zero-Day Exploit,T1055 Process Injection,Energy,Payment Gateway,False,22,0.38,Americas,Medium,Low,2024-07-11,2025-06-19,CVE-2026-75619,False,False
THREAT-03431,Lazarus Group,DDoS,T1070 Indicator Removal,Government,API Gateway,True,143,0.7,EMEA,Medium,Low,2021-09-30,2022-04-16,,False,False
THREAT-03432,Nation-State (Russia),Ransomware,T1562 Impair Defenses,E-commerce,Payment Gateway,True,23,0.49,Americas,Critical,Medium,2023-11-27,2024-06-09,CVE-2026-81686,True,False
THREAT-03433,Scattered Spider,Insider Threat,T1569 System Services,Government,Domain Controller,False,1,0.31,Asia-Pacific,Low,Low,2022-06-12,2023-04-16,,False,True
THREAT-03434,TA505,DDoS,T1133 External Remote Services,Education,Payment Gateway,False,69,0.5,Global,Low,Low,2025-07-03,2025-09-16,,False,False
THREAT-03435,Scattered Spider,Business Email Compromise,T1105 Ingress Tool Transfer,Manufacturing,Payment Gateway,False,68,0.15,EMEA,Low,Medium,2021-09-07,2021-12-10,,False,False
THREAT-03436,Hacktivist Group,Web Application Attack,T1486 Data Encrypted for Impact,Healthcare,Kubernetes Cluster,False,21,0.26,EMEA,Low,High,2024-04-27,2025-02-08,CVE-2026-9454,False,False
THREAT-03437,Conti,Phishing,T1055 Process Injection,Energy,SaaS Application,False,100,0.41,India,Medium,Medium,2023-07-19,2023-10-02,CVE-2026-48330,False,False
THREAT-03438,TA505,Credential Theft,T1110 Brute Force,E-commerce,Payment Gateway,True,7,0.54,Americas,Critical,Low,2021-09-17,2021-09-22,CVE-2026-59647,False,False
THREAT-03439,Nation-State (Iran),Supply Chain Attack,T1190 Exploit Public-Facing Application,Government,Storage Bucket,False,23,0.12,Asia-Pacific,High,Medium,2022-11-04,2022-11-22,,False,False
THREAT-03440,Sandworm,Phishing,T1055 Process Injection,Energy,Database Server,False,58,0.36,Americas,Critical,High,2021-04-05,2021-07-25,,False,False
THREAT-03441,Nation-State (Russia),Credential Theft,T1048 Exfiltration Over Alternative Protocol,E-commerce,API Gateway,False,14,0.21,Global,Low,Low,2025-11-25,2026-02-03,,False,False
THREAT-03442,ALPHV,Business Email Compromise,T1071 Application Layer Protocol,Education,Database Server,True,67,0.34,Americas,High,High,2021-12-21,2022-10-21,CVE-2026-7240,False,False
THREAT-03443,APT29,Business Email Compromise,T1105 Ingress Tool Transfer,Government,API Gateway,False,9,0.25,India,Critical,Low,2021-06-27,2021-09-08,,False,False
THREAT-03444,ALPHV,Business Email Compromise,T1082 System Information Discovery,IT Services,Cloud VM,True,30,0.29,EMEA,High,Low,2024-02-14,2024-07-02,,False,False
THREAT-03445,TA505,Phishing,T1566 Phishing,E-commerce,Storage Bucket,True,55,0.48,EMEA,Low,High,2021-12-25,2022-12-20,,False,False
THREAT-03446,Kimsuky,Credential Theft,T1190 Exploit Public-Facing Application,Insurance,Email Server,True,24,0.38,India,Medium,High,2021-04-24,2022-01-31,,False,True
THREAT-03447,REvil,Cryptojacking,T1021 Remote Services,IT Services,Email Server,False,61,0.22,Asia-Pacific,Critical,Medium,2023-09-05,2023-12-22,,False,False
THREAT-03448,APT28,Data Exfiltration,T1569 System Services,Manufacturing,Cloud VM,False,17,0.26,Asia-Pacific,Low,Medium,2023-06-06,2023-10-20,CVE-2026-82652,True,False
THREAT-03449,SilverFox,Zero-Day Exploit,T1133 External Remote Services,Telecom,API Gateway,False,97,0.59,Global,Critical,High,2025-01-29,2025-03-16,CVE-2026-75754,False,False
THREAT-03450,Cybercrime Syndicate,Business Email Compromise,T1562 Impair Defenses,Telecom,Employee Laptop,False,26,0.13,Asia-Pacific,Low,High,2026-04-08,2026-09-04,CVE-2026-47668,False,False
THREAT-03451,Insider,Web Application Attack,T1059 Command and Scripting Interpreter,Energy,Employee Laptop,True,14,0.29,Global,Low,Medium,2026-02-07,2026-07-20,CVE-2026-81660,False,True
THREAT-03452,ALPHV,Supply Chain Attack,T1190 Exploit Public-Facing Application,Insurance,Payment Gateway,True,90,0.11,Asia-Pacific,Low,Low,2024-04-26,2024-09-25,,False,True
THREAT-03453,Mustang Panda,Phishing,T1569 System Services,Insurance,Employee Laptop,False,54,0.56,Americas,Low,Low,2021-12-30,2022-08-15,CVE-2026-78064,False,False
THREAT-03454,Mustang Panda,Credential Theft,T1562 Impair Defenses,IT Services,Email Server,False,32,0.16,India,Low,High,2022-11-11,2023-08-11,CVE-2026-20769,False,False
THREAT-03455,ALPHV,Credential Theft,T1562 Impair Defenses,Energy,Email Server,False,10,0.26,Global,High,Low,2022-03-25,2022-08-04,CVE-2026-80734,False,False
THREAT-03456,APT29,Business Email Compromise,T1070 Indicator Removal,Energy,Storage Bucket,False,68,0.5,Global,Critical,Low,2024-12-10,2025-06-28,,False,True
THREAT-03457,Nation-State (Russia),DDoS,T1021 Remote Services,Education,Kubernetes Cluster,False,32,0.53,EMEA,Critical,Medium,2024-01-09,2024-01-11,,False,False
THREAT-03458,APT28,Cloud Misconfiguration Exploitation,T1105 Ingress Tool Transfer,Manufacturing,Web Server,False,47,0.11,EMEA,High,Low,2022-04-03,2022-08-13,,False,False
THREAT-03459,Unknown,Data Exfiltration,T1110 Brute Force,E-commerce,Domain Controller,False,14,0.41,Americas,Low,Medium,2026-06-21,2026-09-04,,True,False
THREAT-03460,LockBit,Supply Chain Attack,T1562 Impair Defenses,Insurance,SaaS Application,False,78,0.24,Asia-Pacific,Low,High,2023-04-04,2024-03-19,,False,False
THREAT-03461,Nation-State (China),Business Email Compromise,T1569 System Services,E-commerce,Database Server,False,60,0.46,India,High,Low,2021-07-08,2022-06-04,,False,True
THREAT-03462,LockBit,Data Exfiltration,T1053 Scheduled Task/Job,Education,Kubernetes Cluster,False,97,0.44,Asia-Pacific,High,Medium,2022-02-11,2022-02-24,CVE-2026-63098,False,False
THREAT-03463,REvil,Cryptojacking,T1070 Indicator Removal,Government,Cloud VM,False,20,0.55,EMEA,Medium,Medium,2021-11-21,2022-07-12,,False,False
THREAT-03464,Nation-State (China),Phishing,T1059 Command and Scripting Interpreter,Healthcare,Payment Gateway,False,43,0.18,Americas,Medium,Low,2021-12-27,2022-01-04,,False,False
THREAT-03465,Cybercrime Syndicate,Cloud Misconfiguration Exploitation,T1059 Command and Scripting Interpreter,Insurance,Cloud VM,True,58,0.16,Global,Low,Low,2022-10-25,2022-11-21,,False,False
THREAT-03466,Nation-State (China),Cloud Misconfiguration Exploitation,T1569 System Services,Insurance,Web Server,True,9,0.21,Asia-Pacific,Critical,Medium,2025-12-17,2026-05-07,CVE-2026-50160,False,False
THREAT-03467,Cybercrime Syndicate,Business Email Compromise,T1486 Data Encrypted for Impact,Government,Domain Controller,True,94,0.42,India,High,Low,2025-03-24,2026-01-04,,False,True
THREAT-03468,Unknown,Credential Theft,T1133 External Remote Services,Energy,Cloud VM,False,22,0.52,Global,High,Medium,2022-10-22,2022-12-09,,False,False
THREAT-03469,Nation-State (Iran),Web Application Attack,T1566 Phishing,Government,Cloud VM,True,88,0.35,India,Low,High,2025-11-10,2025-12-13,,False,False
THREAT-03470,FIN7,Phishing,T1110 Brute Force,Government,Domain Controller,True,8,0.42,India,High,Medium,2024-06-18,2024-10-26,,False,False
THREAT-03471,Nation-State (Russia),Supply Chain Attack,T1566 Phishing,E-commerce,Database Server,False,50,0.59,Americas,Low,Low,2021-09-22,2022-08-09,,False,False
THREAT-03472,REvil,DDoS,T1078 Valid Accounts,Government,Database Server,False,45,0.45,India,High,High,2022-12-09,2023-11-11,CVE-2026-73299,False,False
THREAT-03473,Cybercrime Syndicate,Zero-Day Exploit,T1190 Exploit Public-Facing Application,Insurance,Database Server,False,36,0.11,Americas,Medium,High,2025-05-26,2025-06-03,,False,True
THREAT-03474,ALPHV,Business Email Compromise,T1110 Brute Force,E-commerce,Storage Bucket,False,10,0.16,India,High,High,2024-05-29,2024-09-27,CVE-2026-45274,False,False
THREAT-03475,REvil,Insider Threat,T1133 External Remote Services,Government,Kubernetes Cluster,False,9,0.14,EMEA,Critical,High,2024-09-07,2025-08-07,,False,True
THREAT-03476,Nation-State (China),Cryptojacking,T1110 Brute Force,Energy,Database Server,False,63,0.39,Asia-Pacific,Low,Medium,2022-10-22,2023-01-05,,False,True
THREAT-03477,Nation-State (China),Cryptojacking,T1566 Phishing,IT Services,Web Server,False,85,0.28,Americas,High,High,2022-04-21,2022-06-11,,False,False
THREAT-03478,LockBit,Cloud Misconfiguration Exploitation,T1082 System Information Discovery,E-commerce,Employee Laptop,True,51,0.34,Global,Critical,Low,2022-05-24,2023-05-20,CVE-2026-33591,False,True
THREAT-03479,LockBit,Data Exfiltration,T1190 Exploit Public-Facing Application,Manufacturing,Cloud VM,False,43,0.23,Americas,High,Low,2021-04-13,2021-11-17,,False,False
THREAT-03480,APT28,Business Email Compromise,T1133 External Remote Services,Insurance,Payment Gateway,False,23,0.5,Asia-Pacific,Critical,High,2025-04-14,2025-09-20,,False,False
THREAT-03481,Turla,Credential Theft,T1078 Valid Accounts,Government,Cloud VM,True,12,0.43,Global,Medium,Low,2024-04-10,2024-12-02,,False,True
THREAT-03482,LockBit,Phishing,T1027 Obfuscated Files or Information,Manufacturing,Cloud VM,False,40,0.35,Americas,Critical,Medium,2023-08-24,2024-06-02,,False,False
THREAT-03483,Sandworm,Phishing,T1562 Impair Defenses,E-commerce,API Gateway,False,10,0.43,Global,Low,Low,2021-10-09,2021-10-19,CVE-2026-17612,False,True
THREAT-03484,Conti,Cloud Misconfiguration Exploitation,T1021 Remote Services,Education,Cloud VM,True,48,0.58,Asia-Pacific,Low,High,2021-03-24,2021-07-03,,False,False
THREAT-03485,Sandworm,Data Exfiltration,T1110 Brute Force,Insurance,API Gateway,False,47,0.56,India,Critical,Low,2022-03-25,2022-06-14,CVE-2026-84123,False,False
THREAT-03486,Nation-State (China),Insider Threat,T1566 Phishing,Energy,Payment Gateway,False,3,0.37,Asia-Pacific,High,High,2026-04-07,2026-09-04,CVE-2026-76611,False,True
THREAT-03487,Insider,Business Email Compromise,T1082 System Information Discovery,E-commerce,Payment Gateway,False,96,0.33,Asia-Pacific,High,High,2024-04-21,2024-12-07,CVE-2026-72712,False,False
THREAT-03488,Nation-State (Iran),Business Email Compromise,T1486 Data Encrypted for Impact,Energy,Employee Laptop,True,42,0.31,Global,Medium,High,2024-07-29,2025-06-11,,False,False
THREAT-03489,Nation-State (China),Supply Chain Attack,T1055 Process Injection,Energy,Cloud VM,False,20,0.4,Asia-Pacific,Low,Low,2025-03-16,2025-11-16,,False,False
THREAT-03490,LockBit,Web Application Attack,T1048 Exfiltration Over Alternative Protocol,Manufacturing,API Gateway,True,18,0.5,EMEA,Critical,High,2022-10-27,2023-07-28,,False,False
THREAT-03491,ALPHV,Zero-Day Exploit,T1053 Scheduled Task/Job,Insurance,Email Server,False,61,0.56,EMEA,Low,Medium,2025-06-13,2026-03-30,,False,False
THREAT-03492,FIN7,Ransomware,T1070 Indicator Removal,Government,Email Server,False,8,0.58,Asia-Pacific,Medium,Low,2024-08-01,2024-08-25,CVE-2026-5921,True,False
THREAT-03493,Kimsuky,Supply Chain Attack,T1569 System Services,Energy,API Gateway,True,43,0.18,Asia-Pacific,Medium,Medium,2026-07-22,2026-09-04,,False,False
THREAT-03494,Nation-State (Iran),Ransomware,T1003 OS Credential Dumping,Insurance,SaaS Application,False,20,0.52,Asia-Pacific,Critical,Low,2026-03-16,2026-09-04,,True,False
THREAT-03495,Unknown,Phishing,T1110 Brute Force,E-commerce,Storage Bucket,True,89,0.18,Americas,High,Low,2025-02-03,2025-11-01,CVE-2026-65888,False,True
THREAT-03496,Turla,Cloud Misconfiguration Exploitation,T1070 Indicator Removal,E-commerce,Cloud VM,True,12,0.5,India,High,Medium,2023-12-27,2024-03-30,,False,False
THREAT-03497,Conti,DDoS,T1562 Impair Defenses,Insurance,Payment Gateway,True,33,0.66,India,Low,Medium,2024-08-20,2024-10-20,CVE-2026-73782,False,False
THREAT-03498,Mustang Panda,Insider Threat,T1078 Valid Accounts,Energy,Payment Gateway,False,4,0.38,Asia-Pacific,High,Medium,2025-10-06,2025-12-11,,False,True
THREAT-03499,Sandworm,Insider Threat,T1133 External Remote Services,Government,SaaS Application,False,10,0.11,EMEA,High,Medium,2023-11-20,2024-09-20,,False,True
THREAT-03500,Mustang Panda,Credential Theft,T1566 Phishing,Energy,Domain Controller,False,45,0.44,India,Low,Medium,2025-10-02,2026-04-06,,False,True
THREAT-03501,REvil,Phishing,T1566 Phishing,Energy,SaaS Application,False,57,0.52,Asia-Pacific,High,Medium,2023-01-25,2023-10-21,,False,False
THREAT-03502,Conti,Credential Theft,T1048 Exfiltration Over Alternative Protocol,Energy,API Gateway,False,70,0.27,Global,Low,Medium,2025-04-06,2025-09-23,,False,False
THREAT-03503,Hacktivist Group,Phishing,T1562 Impair Defenses,Government,Storage Bucket,True,5,0.16,India,Medium,High,2022-10-01,2023-08-16,CVE-2026-5851,False,False
THREAT-03504,Scattered Spider,Phishing,T1133 External Remote Services,Government,SaaS Application,True,8,0.36,Asia-Pacific,Low,Medium,2024-11-29,2025-11-07,CVE-2026-72748,False,True
THREAT-03505,Turla,DDoS,T1055 Process Injection,Energy,Email Server,False,131,0.65,Asia-Pacific,High,Low,2025-11-03,2026-09-04,,False,False
THREAT-03506,FIN7,Zero-Day Exploit,T1048 Exfiltration Over Alternative Protocol,Insurance,Employee Laptop,False,77,0.23,India,Critical,High,2021-06-15,2022-05-19,CVE-2026-56758,False,False
THREAT-03507,FIN7,DDoS,T1027 Obfuscated Files or Information,Energy,Web Server,False,75,0.49,Americas,Low,Medium,2026-01-30,2026-04-13,CVE-2026-60140,False,False
THREAT-03508,TA505,Business Email Compromise,T1566 Phishing,E-commerce,Domain Controller,True,53,0.29,Asia-Pacific,High,High,2021-11-29,2022-09-03,,False,True
THREAT-03509,Scattered Spider,Web Application Attack,T1566 Phishing,Telecom,Payment Gateway,False,81,0.5,Asia-Pacific,Low,Low,2025-02-28,2026-02-12,CVE-2026-23527,False,False
THREAT-03510,Nation-State (China),Credential Theft,T1070 Indicator Removal,Energy,Database Server,True,47,0.18,India,High,Medium,2022-04-06,2022-07-31,,False,False
THREAT-03511,Nation-State (Iran),Credential Theft,T1082 System Information Discovery,Manufacturing,Email Server,True,95,0.14,Americas,Medium,High,2023-02-21,2023-10-11,,False,False
THREAT-03512,Unknown,Web Application Attack,T1048 Exfiltration Over Alternative Protocol,Government,Email Server,True,72,0.41,Asia-Pacific,Low,Low,2022-04-05,2022-08-08,CVE-2026-80683,False,False
THREAT-03513,Mustang Panda,Credential Theft,T1036 Masquerading,Telecom,SaaS Application,False,37,0.34,India,Low,Low,2023-11-19,2024-03-24,,False,False
THREAT-03514,APT29,Data Exfiltration,T1059 Command and Scripting Interpreter,Energy,Web Server,True,48,0.42,Global,Critical,Medium,2023-02-18,2023-08-07,,False,False
THREAT-03515,APT29,DDoS,T1133 External Remote Services,Energy,Kubernetes Cluster,False,200,0.71,EMEA,Critical,Low,2025-05-14,2025-09-21,,False,False
THREAT-03516,LockBit,Cloud Misconfiguration Exploitation,T1569 System Services,Manufacturing,API Gateway,False,80,0.45,Asia-Pacific,High,High,2023-05-03,2023-12-09,CVE-2026-81527,False,False
THREAT-03517,Unknown,Supply Chain Attack,T1082 System Information Discovery,Government,Employee Laptop,True,44,0.17,EMEA,High,High,2023-01-08,2023-02-17,,False,False
THREAT-03518,Script Kiddie,Cryptojacking,T1021 Remote Services,Energy,Storage Bucket,True,61,0.52,Asia-Pacific,Critical,Low,2022-01-06,2023-01-06,,False,True
THREAT-03519,SilverFox,Zero-Day Exploit,T1021 Remote Services,Energy,Payment Gateway,False,29,0.17,EMEA,Low,Medium,2021-08-24,2022-06-01,,False,False
THREAT-03520,Sandworm,Business Email Compromise,T1082 System Information Discovery,Energy,Domain Controller,True,13,0.5,Americas,Low,High,2023-04-30,2024-01-16,CVE-2026-15416,False,False
THREAT-03521,Unknown,Cryptojacking,T1003 OS Credential Dumping,Education,SaaS Application,False,7,0.41,Global,Low,High,2022-07-11,2023-04-06,,False,False
THREAT-03522,Turla,Zero-Day Exploit,T1003 OS Credential Dumping,Education,API Gateway,False,85,0.48,Asia-Pacific,Critical,Medium,2026-04-14,2026-09-04,,False,True
THREAT-03523,Scattered Spider,Business Email Compromise,T1021 Remote Services,Energy,Kubernetes Cluster,False,19,0.37,EMEA,High,Low,2026-03-04,2026-09-04,,False,False
THREAT-03524,Lazarus Group,Supply Chain Attack,T1082 System Information Discovery,Manufacturing,SaaS Application,True,6,0.38,Asia-Pacific,Medium,Medium,2023-06-02,2023-06-16,CVE-2026-72792,False,False
THREAT-03525,TA505,Ransomware,T1133 External Remote Services,E-commerce,API Gateway,True,45,0.79,Asia-Pacific,Medium,High,2023-10-22,2024-04-14,CVE-2026-3301,True,True
THREAT-03526,Nation-State (Russia),Business Email Compromise,T1190 Exploit Public-Facing Application,E-commerce,Kubernetes Cluster,True,25,0.28,Asia-Pacific,Medium,High,2022-07-06,2023-04-23,,False,False
THREAT-03527,Script Kiddie,Zero-Day Exploit,T1071 Application Layer Protocol,Manufacturing,Employee Laptop,False,78,0.41,Americas,High,High,2025-04-10,2025-05-17,,False,False
THREAT-03528,Unknown,Phishing,T1071 Application Layer Protocol,E-commerce,Email Server,True,45,0.26,Asia-Pacific,Medium,High,2026-02-13,2026-09-04,,False,False
THREAT-03529,LockBit,Cryptojacking,T1071 Application Layer Protocol,E-commerce,Domain Controller,False,33,0.19,Americas,Critical,Low,2026-04-17,2026-09-04,,False,False
THREAT-03530,Cybercrime Syndicate,Insider Threat,T1105 Ingress Tool Transfer,Government,Storage Bucket,True,3,0.35,Asia-Pacific,High,High,2026-07-30,2026-09-04,CVE-2026-59952,False,True
THREAT-03531,LockBit,Cryptojacking,T1048 Exfiltration Over Alternative Protocol,Manufacturing,Domain Controller,True,65,0.45,Global,Medium,Low,2022-05-08,2022-12-15,,False,False
THREAT-03532,Unknown,Cloud Misconfiguration Exploitation,T1110 Brute Force,Government,Storage Bucket,True,55,0.23,India,Critical,High,2024-04-13,2024-07-10,,False,False
THREAT-03533,Scattered Spider,Insider Threat,T1566 Phishing,Government,API Gateway,False,8,0.14,Global,High,High,2024-02-12,2024-08-25,,False,True
THREAT-03534,APT28,Supply Chain Attack,T1021 Remote Services,Government,Cloud VM,True,87,0.12,EMEA,Low,Low,2026-01-27,2026-06-29,,False,True
THREAT-03535,ALPHV,Phishing,T1070 Indicator Removal,Education,Email Server,True,98,0.12,Asia-Pacific,Critical,Low,2022-08-01,2023-01-12,,False,True
THREAT-03536,APT29,Cloud Misconfiguration Exploitation,T1082 System Information Discovery,Government,SaaS Application,False,93,0.13,India,High,Medium,2024-02-11,2024-04-29,CVE-2026-58001,False,False
THREAT-03537,APT29,Business Email Compromise,T1048 Exfiltration Over Alternative Protocol,Education,Employee Laptop,False,37,0.49,EMEA,Critical,Low,2024-12-07,2025-11-18,,False,False
THREAT-03538,Lazarus Group,Zero-Day Exploit,T1053 Scheduled Task/Job,Energy,Email Server,False,86,0.13,Asia-Pacific,Critical,Medium,2022-11-22,2022-12-01,CVE-2026-82641,False,True
THREAT-03539,ALPHV,Insider Threat,T1036 Masquerading,Government,Employee Laptop,True,1,0.38,Global,Medium,High,2026-02-24,2026-09-04,CVE-2026-80692,False,True
THREAT-03540,Nation-State (China),Data Exfiltration,T1055 Process Injection,Energy,Domain Controller,False,28,0.51,EMEA,Medium,Medium,2024-03-17,2024-11-30,,False,False
THREAT-03541,Unknown,Insider Threat,T1566 Phishing,Manufacturing,Database Server,True,7,0.2,India,High,Low,2025-07-01,2025-12-02,,False,True
THREAT-03542,Hacktivist Group,DDoS,T1190 Exploit Public-Facing Application,E-commerce,Email Server,True,190,0.6,EMEA,High,Low,2022-10-01,2023-03-04,,False,False
THREAT-03543,Cybercrime Syndicate,Cryptojacking,T1027 Obfuscated Files or Information,Manufacturing,Web Server,True,70,0.35,India,High,High,2022-05-29,2023-03-11,,False,False
THREAT-03544,APT29,Phishing,T1027 Obfuscated Files or Information,Manufacturing,Cloud VM,False,86,0.54,EMEA,Medium,Medium,2025-02-03,2025-08-31,,False,False
THREAT-03545,Nation-State (China),Data Exfiltration,T1082 System Information Discovery,Government,API Gateway,False,26,0.57,Global,Low,Medium,2024-04-07,2025-03-17,,False,False
THREAT-03546,APT28,Web Application Attack,T1003 OS Credential Dumping,IT Services,Database Server,False,58,0.55,Americas,High,High,2025-01-01,2025-06-07,,False,False
THREAT-03547,Script Kiddie,Zero-Day Exploit,T1048 Exfiltration Over Alternative Protocol,Energy,API Gateway,False,24,0.27,India,High,Medium,2024-07-28,2025-06-04,CVE-2026-66915,True,False
THREAT-03548,Unknown,Cryptojacking,T1055 Process Injection,Manufacturing,Kubernetes Cluster,True,96,0.45,Americas,Medium,High,2023-07-27,2023-09-09,CVE-2026-54463,False,True
THREAT-03549,Mustang Panda,Cloud Misconfiguration Exploitation,T1021 Remote Services,Energy,SaaS Application,True,99,0.53,Global,Medium,Medium,2025-06-26,2026-01-29,CVE-2026-63795,False,False
THREAT-03550,Conti,Business Email Compromise,T1562 Impair Defenses,Telecom,Email Server,True,81,0.15,Asia-Pacific,Critical,Low,2024-04-02,2024-10-21,,True,True
THREAT-03551,Lazarus Group,Cloud Misconfiguration Exploitation,T1082 System Information Discovery,E-commerce,Cloud VM,True,87,0.46,Asia-Pacific,High,High,2024-11-18,2025-05-23,CVE-2026-75484,False,True
THREAT-03552,Unknown,Data Exfiltration,T1569 System Services,Government,Storage Bucket,False,48,0.14,EMEA,High,Low,2024-01-07,2024-04-12,,False,False
THREAT-03553,APT29,Supply Chain Attack,T1027 Obfuscated Files or Information,Insurance,SaaS Application,True,84,0.18,Global,Critical,Low,2024-11-21,2025-02-04,CVE-2026-18401,False,False
THREAT-03554,TA505,Web Application Attack,T1070 Indicator Removal,IT Services,Payment Gateway,False,68,0.44,Global,Low,Low,2022-10-07,2022-12-08,,False,False
THREAT-03555,Cybercrime Syndicate,Cryptojacking,T1190 Exploit Public-Facing Application,Energy,Web Server,False,16,0.49,EMEA,High,Low,2021-04-20,2021-09-22,,False,False
THREAT-03556,LockBit,Ransomware,T1082 System Information Discovery,Energy,Payment Gateway,True,20,0.35,Americas,Critical,Low,2024-04-26,2025-01-10,,True,True
THREAT-03557,ALPHV,Phishing,T1071 Application Layer Protocol,E-commerce,Employee Laptop,False,96,0.16,Global,Critical,High,2022-07-19,2022-08-27,,False,True
THREAT-03558,REvil,Web Application Attack,T1071 Application Layer Protocol,Government,Database Server,False,61,0.17,Asia-Pacific,Low,Low,2026-05-31,2026-09-04,,False,False
THREAT-03559,Nation-State (Iran),Credential Theft,T1059 Command and Scripting Interpreter,Energy,API Gateway,False,45,0.29,Asia-Pacific,Critical,High,2021-04-06,2021-10-13,,False,False
THREAT-03560,Scattered Spider,Insider Threat,T1190 Exploit Public-Facing Application,Government,Payment Gateway,False,5,0.38,Asia-Pacific,Critical,Low,2022-10-28,2023-06-23,CVE-2026-18810,False,True
THREAT-03561,Sandworm,Business Email Compromise,T1055 Process Injection,Education,SaaS Application,False,27,0.49,Asia-Pacific,Medium,Medium,2025-09-23,2026-07-01,,False,False
THREAT-03562,Conti,Ransomware,T1105 Ingress Tool Transfer,Energy,Domain Controller,False,29,0.36,India,Low,High,2024-11-07,2024-11-26,CVE-2026-48548,True,True
THREAT-03563,TA505,Web Application Attack,T1133 External Remote Services,IT Services,Database Server,True,73,0.47,Asia-Pacific,Low,High,2023-03-19,2023-12-22,CVE-2026-19853,False,False
THREAT-03564,Nation-State (China),Web Application Attack,T1190 Exploit Public-Facing Application,IT Services,Storage Bucket,False,92,0.27,Global,Critical,Medium,2024-11-24,2025-09-27,CVE-2026-82641,False,True
THREAT-03565,Scattered Spider,Cryptojacking,T1566 Phishing,Energy,Domain Controller,True,47,0.52,Global,Low,Medium,2021-05-03,2022-05-01,,False,False
THREAT-03566,Mustang Panda,Ransomware,T1486 Data Encrypted for Impact,E-commerce,Domain Controller,False,16,0.58,Global,Medium,Low,2025-06-06,2026-02-01,,True,True
THREAT-03567,REvil,Cryptojacking,T1053 Scheduled Task/Job,Education,Kubernetes Cluster,False,41,0.15,Asia-Pacific,High,Low,2022-04-03,2022-06-19,,False,False
THREAT-03568,Sandworm,Business Email Compromise,T1133 External Remote Services,Government,Cloud VM,False,68,0.29,Americas,High,Low,2022-11-29,2023-11-28,,False,False
THREAT-03569,Hacktivist Group,DDoS,T1562 Impair Defenses,Education,SaaS Application,False,53,0.84,EMEA,Low,Low,2025-07-23,2026-03-19,,False,False
THREAT-03570,FIN7,Insider Threat,T1003 OS Credential Dumping,Energy,Cloud VM,True,10,0.12,Asia-Pacific,Low,Low,2022-07-26,2023-01-26,CVE-2026-77218,False,True
THREAT-03571,APT28,Data Exfiltration,T1486 Data Encrypted for Impact,Energy,Web Server,True,54,0.49,Americas,Low,High,2022-11-24,2023-09-12,CVE-2026-80465,False,False
THREAT-03572,Mustang Panda,Data Exfiltration,T1036 Masquerading,IT Services,Storage Bucket,False,75,0.1,Americas,Low,Low,2022-10-25,2023-09-01,CVE-2026-18445,False,False
THREAT-03573,Scattered Spider,Cryptojacking,T1569 System Services,Government,Storage Bucket,False,84,0.45,EMEA,Low,Medium,2021-07-16,2022-05-26,,True,False
THREAT-03574,APT29,Credential Theft,T1566 Phishing,Energy,Storage Bucket,False,33,0.57,India,Critical,Medium,2022-02-28,2022-12-03,,False,False
THREAT-03575,Cybercrime Syndicate,Zero-Day Exploit,T1021 Remote Services,Energy,Database Server,False,100,0.58,Asia-Pacific,Critical,Low,2021-07-11,2022-05-08,CVE-2026-17501,False,False
THREAT-03576,Lazarus Group,Business Email Compromise,T1059 Command and Scripting Interpreter,Energy,Payment Gateway,False,95,0.39,EMEA,Critical,Low,2022-07-28,2022-12-10,,False,True
THREAT-03577,Kimsuky,Insider Threat,T1105 Ingress Tool Transfer,IT Services,Database Server,False,4,0.24,EMEA,Medium,Medium,2021-12-22,2022-11-26,,False,True
THREAT-03578,Mustang Panda,Ransomware,T1078 Valid Accounts,Manufacturing,Domain Controller,False,33,0.69,Asia-Pacific,Medium,High,2022-10-25,2023-04-15,CVE-2026-57811,True,False
THREAT-03579,Scattered Spider,Supply Chain Attack,T1059 Command and Scripting Interpreter,Government,SaaS Application,False,38,0.4,EMEA,Medium,Low,2025-01-31,2025-03-07,,False,False
THREAT-03580,Script Kiddie,Cryptojacking,T1036 Masquerading,Government,API Gateway,False,8,0.51,EMEA,Critical,High,2024-09-29,2025-04-11,,False,True
THREAT-03581,TA505,Cloud Misconfiguration Exploitation,T1036 Masquerading,IT Services,Storage Bucket,False,20,0.36,Global,Medium,Medium,2021-10-19,2022-08-27,CVE-2026-73782,False,False
THREAT-03582,Nation-State (Russia),Cryptojacking,T1110 Brute Force,Government,Cloud VM,False,75,0.11,EMEA,Medium,Medium,2022-07-06,2022-12-09,,False,False
THREAT-03583,Nation-State (China),Ransomware,T1059 Command and Scripting Interpreter,E-commerce,Employee Laptop,True,28,0.76,India,High,High,2024-11-03,2025-06-28,CVE-2026-76206,True,True
THREAT-03584,LockBit,Ransomware,T1070 Indicator Removal,Telecom,Database Server,False,15,0.4,India,Critical,High,2025-11-29,2026-08-12,CVE-2026-7204,True,False
THREAT-03585,Nation-State (Russia),Insider Threat,T1078 Valid Accounts,Telecom,Web Server,True,9,0.33,India,Medium,Medium,2023-05-08,2023-06-03,,False,True
THREAT-03586,TA505,Ransomware,T1053 Scheduled Task/Job,Government,Domain Controller,True,17,0.61,Asia-Pacific,Medium,Medium,2025-11-20,2025-12-24,,True,False
THREAT-03587,TA505,Zero-Day Exploit,T1110 Brute Force,E-commerce,API Gateway,True,61,0.39,India,Critical,Low,2023-10-14,2024-09-22,,False,False
THREAT-03588,Scattered Spider,DDoS,T1055 Process Injection,Manufacturing,Domain Controller,True,160,0.6,Global,Low,Low,2025-04-14,2025-05-08,CVE-2026-19200,False,False
THREAT-03589,FIN7,Phishing,T1036 Masquerading,Energy,Payment Gateway,False,63,0.32,Global,Critical,Low,2025-05-06,2025-12-08,CVE-2026-12681,False,False
THREAT-03590,SilverFox,Phishing,T1003 OS Credential Dumping,E-commerce,SaaS Application,False,80,0.57,Americas,Critical,High,2025-01-29,2025-08-17,,False,False
THREAT-03591,Lazarus Group,Cloud Misconfiguration Exploitation,T1082 System Information Discovery,Government,SaaS Application,False,29,0.52,EMEA,High,High,2024-03-17,2024-09-14,,False,False
THREAT-03592,FIN7,Ransomware,T1562 Impair Defenses,Energy,Domain Controller,True,10,0.35,Global,Critical,Low,2026-05-22,2026-09-04,,True,False
THREAT-03593,FIN7,Business Email Compromise,T1021 Remote Services,Telecom,SaaS Application,True,69,0.47,EMEA,Low,Low,2021-12-05,2022-03-12,,False,False
THREAT-03594,ALPHV,Web Application Attack,T1055 Process Injection,Energy,Employee Laptop,True,82,0.21,Global,High,High,2023-03-02,2023-12-26,,True,False
THREAT-03595,LockBit,Zero-Day Exploit,T1562 Impair Defenses,Healthcare,Storage Bucket,False,98,0.1,Asia-Pacific,Critical,High,2026-07-12,2026-09-04,,False,False
THREAT-03596,LockBit,Cryptojacking,T1053 Scheduled Task/Job,IT Services,Domain Controller,True,28,0.31,EMEA,Low,Low,2021-04-18,2021-11-29,,False,True
THREAT-03597,Lazarus Group,Cloud Misconfiguration Exploitation,T1105 Ingress Tool Transfer,E-commerce,SaaS Application,True,99,0.39,India,Low,High,2025-02-18,2026-01-12,,False,False
THREAT-03598,Script Kiddie,Cryptojacking,T1071 Application Layer Protocol,E-commerce,Email Server,False,53,0.21,India,High,High,2025-07-16,2025-10-23,CVE-2026-76611,False,False
THREAT-03599,Sandworm,Zero-Day Exploit,T1486 Data Encrypted for Impact,E-commerce,SaaS Application,False,80,0.36,India,Medium,Low,2021-12-18,2022-07-18,,False,False
THREAT-03600,Unknown,Web Application Attack,T1082 System Information Discovery,E-commerce,Cloud VM,False,35,0.15,Asia-Pacific,Low,Medium,2024-09-12,2024-09-25,CVE-2026-58424,False,True
THREAT-03601,Unknown,Web Application Attack,T1070 Indicator Removal,Telecom,Kubernetes Cluster,False,49,0.31,India,Low,Low,2024-11-15,2025-04-24,,False,True
THREAT-03602,Kimsuky,Data Exfiltration,T1059 Command and Scripting Interpreter,Manufacturing,Database Server,False,73,0.16,Americas,High,Medium,2022-02-07,2022-05-08,,False,True
THREAT-03603,Conti,DDoS,T1486 Data Encrypted for Impact,Insurance,Kubernetes Cluster,False,92,0.66,India,Medium,Medium,2021-09-26,2022-08-14,CVE-2026-74253,False,False
THREAT-03604,Conti,Web Application Attack,T1059 Command and Scripting Interpreter,Government,Storage Bucket,False,93,0.21,Global,Low,High,2024-01-14,2024-08-02,CVE-2026-11756,False,False
THREAT-03605,Turla,DDoS,T1078 Valid Accounts,Government,Domain Controller,False,133,0.87,EMEA,Critical,High,2021-10-14,2022-03-03,,False,False
THREAT-03606,Kimsuky,Insider Threat,T1486 Data Encrypted for Impact,Government,Email Server,True,8,0.28,Asia-Pacific,Critical,High,2022-03-26,2022-05-02,,False,True
THREAT-03607,Unknown,DDoS,T1059 Command and Scripting Interpreter,Energy,Storage Bucket,True,142,0.66,EMEA,Critical,High,2021-07-17,2021-09-30,CVE-2026-81578,False,False
THREAT-03608,APT29,Cryptojacking,T1105 Ingress Tool Transfer,Education,Employee Laptop,False,56,0.18,Asia-Pacific,Low,High,2022-01-11,2022-12-02,CVE-2026-17639,False,False
THREAT-03609,Insider,Ransomware,T1078 Valid Accounts,Energy,Cloud VM,False,33,0.61,Americas,Critical,Medium,2025-06-01,2025-12-03,CVE-2026-60644,True,True
THREAT-03610,Nation-State (Iran),Cloud Misconfiguration Exploitation,T1021 Remote Services,Government,Web Server,True,84,0.38,Global,Critical,High,2022-07-28,2023-01-19,,False,False
THREAT-03611,Nation-State (Iran),DDoS,T1110 Brute Force,Energy,Employee Laptop,True,37,0.8,India,Critical,Low,2021-07-25,2021-11-07,,False,False
THREAT-03612,Unknown,Credential Theft,T1070 Indicator Removal,Government,Storage Bucket,True,57,0.56,Americas,Medium,Medium,2023-09-17,2023-10-13,,False,False
THREAT-03613,Kimsuky,Data Exfiltration,T1105 Ingress Tool Transfer,Energy,Employee Laptop,True,77,0.35,EMEA,Critical,Medium,2023-04-12,2024-01-19,,False,False
THREAT-03614,SilverFox,Phishing,T1071 Application Layer Protocol,E-commerce,Cloud VM,False,25,0.53,Asia-Pacific,Critical,Medium,2023-02-04,2023-05-31,CVE-2026-7155,False,True
THREAT-03615,TA505,Business Email Compromise,T1190 Exploit Public-Facing Application,Insurance,Storage Bucket,False,54,0.28,EMEA,Critical,Low,2025-12-07,2026-06-09,CVE-2026-16940,False,False
THREAT-03616,Cybercrime Syndicate,Phishing,T1110 Brute Force,Energy,Web Server,False,18,0.55,EMEA,Critical,Medium,2022-06-21,2023-04-21,,True,False
THREAT-03617,Nation-State (Russia),Ransomware,T1133 External Remote Services,Government,Kubernetes Cluster,True,17,0.34,Global,Medium,Medium,2021-09-25,2021-10-10,,True,True
THREAT-03618,Script Kiddie,DDoS,T1048 Exfiltration Over Alternative Protocol,Insurance,Domain Controller,False,145,0.84,Americas,Low,Medium,2022-07-23,2023-02-20,CVE-2026-79744,False,False
THREAT-03619,REvil,Business Email Compromise,T1569 System Services,IT Services,SaaS Application,False,55,0.56,Americas,Critical,Low,2026-04-04,2026-08-12,,False,False
THREAT-03620,Sandworm,Business Email Compromise,T1036 Masquerading,Education,Employee Laptop,False,33,0.25,Asia-Pacific,High,Medium,2021-06-26,2022-04-11,CVE-2026-18684,False,False
THREAT-03621,TA505,Supply Chain Attack,T1078 Valid Accounts,Education,Web Server,True,54,0.29,Americas,Medium,Low,2021-05-27,2021-12-31,CVE-2026-9407,False,True
THREAT-03622,Nation-State (Iran),Business Email Compromise,T1070 Indicator Removal,E-commerce,Domain Controller,False,92,0.34,Global,Critical,Medium,2023-06-01,2023-10-02,,False,False
THREAT-03623,TA505,Insider Threat,T1110 Brute Force,Energy,Kubernetes Cluster,True,10,0.2,Global,Medium,High,2023-08-10,2024-03-10,,False,True
THREAT-03624,Nation-State (Iran),Zero-Day Exploit,T1071 Application Layer Protocol,Manufacturing,Email Server,False,53,0.32,Asia-Pacific,High,Medium,2022-08-05,2023-03-25,CVE-2026-2686,True,False
THREAT-03625,APT29,Supply Chain Attack,T1569 System Services,Manufacturing,Web Server,True,40,0.55,Asia-Pacific,Low,Medium,2023-03-25,2023-08-29,,True,True
THREAT-03626,Turla,Business Email Compromise,T1569 System Services,Government,Kubernetes Cluster,True,81,0.44,EMEA,Critical,Medium,2025-03-11,2025-04-28,CVE-2026-5850,False,False
THREAT-03627,Mustang Panda,Data Exfiltration,T1070 Indicator Removal,Energy,SaaS Application,False,50,0.52,Americas,Low,Medium,2022-06-10,2022-09-16,,False,False
THREAT-03628,Mustang Panda,Zero-Day Exploit,T1110 Brute Force,Manufacturing,Cloud VM,False,34,0.24,India,Low,Medium,2021-11-11,2022-02-15,CVE-2026-81660,False,False
THREAT-03629,Mustang Panda,Cryptojacking,T1562 Impair Defenses,Healthcare,API Gateway,False,53,0.24,India,Medium,High,2026-07-10,2026-08-19,,False,False
THREAT-03630,LockBit,Business Email Compromise,T1070 Indicator Removal,Telecom,Email Server,False,21,0.18,India,Medium,Low,2023-03-01,2023-04-17,CVE-2026-48548,False,True
THREAT-03631,Script Kiddie,Zero-Day Exploit,T1566 Phishing,E-commerce,API Gateway,False,56,0.59,EMEA,High,Low,2024-04-07,2024-12-05,,True,False
THREAT-03632,Nation-State (Iran),Insider Threat,T1021 Remote Services,Insurance,Payment Gateway,False,5,0.24,EMEA,Medium,Medium,2024-12-15,2025-03-26,,False,True
THREAT-03633,Conti,Zero-Day Exploit,T1566 Phishing,Government,Email Server,True,68,0.29,Asia-Pacific,Low,Low,2026-01-12,2026-01-23,,False,True
THREAT-03634,Nation-State (Russia),Credential Theft,T1110 Brute Force,Energy,Domain Controller,False,66,0.5,Global,Low,Low,2024-03-26,2025-01-19,,False,False
THREAT-03635,FIN7,Insider Threat,T1071 Application Layer Protocol,Manufacturing,SaaS Application,False,5,0.28,Asia-Pacific,Medium,High,2022-06-17,2022-06-30,,False,True
THREAT-03636,APT28,Phishing,T1048 Exfiltration Over Alternative Protocol,Manufacturing,Web Server,False,69,0.27,Asia-Pacific,Medium,Medium,2024-02-26,2024-09-20,CVE-2026-54201,False,True
THREAT-03637,Kimsuky,Cloud Misconfiguration Exploitation,T1190 Exploit Public-Facing Application,Government,Employee Laptop,False,26,0.59,EMEA,Critical,Low,2022-02-06,2022-09-28,,False,False
THREAT-03638,FIN7,Credential Theft,T1053 Scheduled Task/Job,Government,Cloud VM,False,17,0.44,India,Low,Medium,2022-10-27,2023-05-19,,False,True
THREAT-03639,Sandworm,Insider Threat,T1021 Remote Services,Government,Domain Controller,False,3,0.17,Americas,Low,Medium,2022-02-05,2022-05-23,CVE-2026-67440,False,True
THREAT-03640,Unknown,Zero-Day Exploit,T1053 Scheduled Task/Job,Education,SaaS Application,True,23,0.16,Asia-Pacific,Low,Low,2021-10-12,2022-02-05,,False,True
THREAT-03641,Mustang Panda,DDoS,T1021 Remote Services,Government,Kubernetes Cluster,True,57,0.41,EMEA,Medium,Low,2024-08-03,2025-03-26,CVE-2026-65770,False,False
THREAT-03642,APT28,DDoS,T1078 Valid Accounts,Manufacturing,Employee Laptop,True,38,0.55,EMEA,Critical,High,2025-03-10,2025-11-30,CVE-2026-18614,False,False
THREAT-03643,Cybercrime Syndicate,Phishing,T1021 Remote Services,Education,Domain Controller,True,98,0.13,Asia-Pacific,Medium,High,2022-01-31,2023-01-23,,False,False
THREAT-03644,APT28,Supply Chain Attack,T1105 Ingress Tool Transfer,Energy,Employee Laptop,False,94,0.14,Asia-Pacific,Critical,Medium,2025-10-24,2026-05-05,,True,False
THREAT-03645,Kimsuky,Ransomware,T1569 System Services,Energy,Email Server,False,23,0.65,Global,Medium,High,2024-12-09,2025-09-15,CVE-2026-30864,True,False
THREAT-03646,FIN7,Insider Threat,T1003 OS Credential Dumping,E-commerce,Database Server,True,2,0.23,EMEA,Low,Medium,2022-08-24,2023-04-01,CVE-2026-79202,False,True
THREAT-03647,TA505,Ransomware,T1562 Impair Defenses,Energy,Web Server,False,20,0.68,Global,Critical,Low,2021-08-28,2022-06-21,,True,True
THREAT-03648,Kimsuky,Web Application Attack,T1486 Data Encrypted for Impact,Government,Domain Controller,False,11,0.46,EMEA,High,Medium,2024-10-24,2025-06-05,,False,False
THREAT-03649,APT29,Credential Theft,T1053 Scheduled Task/Job,E-commerce,Kubernetes Cluster,False,63,0.52,Asia-Pacific,Medium,Medium,2026-01-10,2026-09-04,CVE-2026-81664,False,False
THREAT-03650,TA505,Phishing,T1566 Phishing,Education,Kubernetes Cluster,True,73,0.56,Americas,High,Medium,2024-06-23,2024-11-26,,False,True
THREAT-03651,SilverFox,DDoS,T1059 Command and Scripting Interpreter,Manufacturing,Payment Gateway,True,131,0.86,Americas,Medium,Low,2023-12-30,2024-09-25,,False,False
THREAT-03652,FIN7,Insider Threat,T1059 Command and Scripting Interpreter,Government,Employee Laptop,False,3,0.26,Asia-Pacific,High,High,2024-04-30,2025-02-08,CVE-2026-49869,False,True
THREAT-03653,Nation-State (China),Phishing,T1048 Exfiltration Over Alternative Protocol,Telecom,Web Server,False,80,0.58,India,Medium,Medium,2025-04-29,2025-07-01,,False,False
THREAT-03654,Hacktivist Group,Credential Theft,T1055 Process Injection,Manufacturing,Employee Laptop,True,86,0.23,Asia-Pacific,High,Low,2023-10-23,2024-03-28,CVE-2026-9406,False,False
THREAT-03655,ALPHV,Web Application Attack,T1566 Phishing,Energy,Employee Laptop,True,86,0.47,Americas,Medium,Low,2022-02-21,2022-05-01,,False,False
THREAT-03656,TA505,Supply Chain Attack,T1110 Brute Force,Manufacturing,API Gateway,False,66,0.42,India,Critical,Low,2025-07-19,2025-11-23,,True,True
THREAT-03657,Nation-State (Russia),Credential Theft,T1070 Indicator Removal,IT Services,Employee Laptop,False,17,0.58,Americas,Medium,High,2026-03-07,2026-09-04,,False,False
THREAT-03658,LockBit,Zero-Day Exploit,T1055 Process Injection,Government,Email Server,False,79,0.51,Asia-Pacific,Low,High,2021-04-16,2021-07-17,,False,False
THREAT-03659,LockBit,Supply Chain Attack,T1078 Valid Accounts,Energy,Email Server,False,15,0.24,Global,Critical,High,2026-07-25,2026-09-04,,False,False
THREAT-03660,Nation-State (Iran),Cryptojacking,T1566 Phishing,E-commerce,Storage Bucket,False,76,0.22,Asia-Pacific,Low,Low,2025-04-13,2025-08-18,,False,False
THREAT-03661,Nation-State (China),Zero-Day Exploit,T1036 Masquerading,IT Services,Storage Bucket,False,15,0.38,Americas,High,Medium,2026-06-02,2026-07-07,,False,True
THREAT-03662,Lazarus Group,Web Application Attack,T1070 Indicator Removal,Energy,Database Server,False,89,0.23,Americas,Low,High,2024-09-25,2024-10-28,,True,False
THREAT-03663,REvil,Phishing,T1003 OS Credential Dumping,Government,Employee Laptop,True,91,0.57,India,Critical,High,2024-09-22,2024-12-29,CVE-2026-10561,False,False
THREAT-03664,Turla,Zero-Day Exploit,T1003 OS Credential Dumping,Education,Email Server,True,83,0.32,EMEA,Medium,High,2023-08-31,2024-08-26,,True,True
THREAT-03665,Scattered Spider,Data Exfiltration,T1048 Exfiltration Over Alternative Protocol,Education,Storage Bucket,True,13,0.33,Americas,Low,Medium,2024-12-09,2025-06-03,,False,False
THREAT-03666,Conti,Business Email Compromise,T1562 Impair Defenses,E-commerce,Payment Gateway,False,27,0.54,Global,High,Low,2024-11-19,2024-12-29,CVE-2026-27590,False,True
THREAT-03667,Hacktivist Group,Ransomware,T1070 Indicator Removal,Energy,Database Server,True,44,0.52,Americas,Low,Low,2024-10-26,2025-10-08,CVE-2026-43921,True,False
THREAT-03668,Turla,Phishing,T1133 External Remote Services,IT Services,Employee Laptop,False,27,0.17,Americas,Critical,Low,2022-11-11,2023-04-14,,False,False
THREAT-03669,ALPHV,Zero-Day Exploit,T1003 OS Credential Dumping,Healthcare,Employee Laptop,True,60,0.35,Asia-Pacific,Medium,Medium,2026-06-01,2026-07-09,,False,False
THREAT-03670,APT28,Credential Theft,T1105 Ingress Tool Transfer,IT Services,Storage Bucket,True,31,0.2,EMEA,Medium,Medium,2022-08-08,2023-06-27,,False,True
THREAT-03671,APT29,Supply Chain Attack,T1105 Ingress Tool Transfer,IT Services,Kubernetes Cluster,False,72,0.22,Global,High,Medium,2024-11-25,2025-07-28,,False,False
THREAT-03672,LockBit,Cryptojacking,T1190 Exploit Public-Facing Application,Government,Email Server,False,9,0.18,India,Critical,High,2023-11-08,2023-12-30,,False,False
THREAT-03673,Conti,Insider Threat,T1562 Impair Defenses,Energy,Employee Laptop,True,8,0.38,Global,Critical,Medium,2026-05-22,2026-09-04,CVE-2026-48276,False,True
THREAT-03674,Cybercrime Syndicate,Supply Chain Attack,T1110 Brute Force,Insurance,Cloud VM,False,94,0.42,Asia-Pacific,High,High,2021-11-01,2022-07-10,,False,True
THREAT-03675,REvil,Business Email Compromise,T1070 Indicator Removal,Government,Storage Bucket,True,61,0.43,EMEA,High,Low,2021-05-26,2022-04-03,,False,True
THREAT-03676,Nation-State (Russia),Business Email Compromise,T1048 Exfiltration Over Alternative Protocol,Energy,Kubernetes Cluster,True,7,0.3,Americas,High,High,2023-10-29,2024-01-27,,True,False
THREAT-03677,ALPHV,DDoS,T1486 Data Encrypted for Impact,E-commerce,Storage Bucket,False,162,0.62,Asia-Pacific,Low,High,2025-01-12,2025-09-02,,False,False
THREAT-03678,APT28,Data Exfiltration,T1082 System Information Discovery,IT Services,Employee Laptop,True,46,0.53,India,Low,Low,2025-07-07,2026-06-16,,False,False
THREAT-03679,FIN7,Supply Chain Attack,T1110 Brute Force,Education,Storage Bucket,True,51,0.52,Asia-Pacific,High,High,2023-12-04,2024-06-18,CVE-2026-76605,False,True
THREAT-03680,Scattered Spider,Web Application Attack,T1569 System Services,Education,Email Server,False,78,0.55,Americas,Medium,Medium,2026-04-15,2026-09-04,CVE-2026-85455,False,False
THREAT-03681,Turla,Insider Threat,T1082 System Information Discovery,E-commerce,Kubernetes Cluster,True,9,0.33,Global,High,High,2021-09-13,2022-03-16,,False,True
THREAT-03682,Scattered Spider,Credential Theft,T1003 OS Credential Dumping,Healthcare,Web Server,True,82,0.38,EMEA,Low,Low,2026-03-12,2026-08-12,,False,False
THREAT-03683,APT28,Business Email Compromise,T1036 Masquerading,Energy,Employee Laptop,False,19,0.42,EMEA,Low,Low,2025-01-30,2025-02-05,CVE-2026-33654,False,False
THREAT-03684,Nation-State (China),Data Exfiltration,T1070 Indicator Removal,Healthcare,Email Server,False,66,0.39,Global,Critical,High,2025-12-02,2026-06-15,CVE-2026-15580,False,False
THREAT-03685,Kimsuky,DDoS,T1486 Data Encrypted for Impact,E-commerce,Payment Gateway,False,135,0.73,Asia-Pacific,Low,High,2024-12-18,2025-07-29,CVE-2026-44943,False,False
THREAT-03686,Lazarus Group,Zero-Day Exploit,T1070 Indicator Removal,IT Services,Web Server,False,24,0.15,Asia-Pacific,Medium,Medium,2022-08-16,2023-04-05,,False,True
THREAT-03687,Conti,Cloud Misconfiguration Exploitation,T1486 Data Encrypted for Impact,Energy,Database Server,False,22,0.15,India,Low,Medium,2026-01-01,2026-09-04,,True,False
THREAT-03688,Script Kiddie,Zero-Day Exploit,T1486 Data Encrypted for Impact,Insurance,Kubernetes Cluster,True,67,0.42,Global,Medium,High,2022-07-25,2022-11-09,CVE-2026-72712,False,False
THREAT-03689,Lazarus Group,Business Email Compromise,T1036 Masquerading,Manufacturing,SaaS Application,False,91,0.29,Asia-Pacific,Low,High,2025-11-02,2026-01-23,,False,False
THREAT-03690,Turla,Cloud Misconfiguration Exploitation,T1055 Process Injection,Energy,Kubernetes Cluster,False,25,0.21,EMEA,Low,High,2026-03-21,2026-09-04,,True,True
THREAT-03691,APT28,Supply Chain Attack,T1110 Brute Force,Government,SaaS Application,False,24,0.48,Americas,Critical,Medium,2022-08-26,2022-12-16,,False,False
THREAT-03692,Sandworm,Business Email Compromise,T1053 Scheduled Task/Job,Energy,Email Server,False,69,0.4,Global,High,High,2021-05-03,2021-11-24,,True,False
THREAT-03693,LockBit,Supply Chain Attack,T1190 Exploit Public-Facing Application,Government,SaaS Application,False,51,0.41,EMEA,Medium,Medium,2024-11-22,2025-07-03,,False,False
THREAT-03694,SilverFox,Supply Chain Attack,T1027 Obfuscated Files or Information,Government,Storage Bucket,False,61,0.16,India,Medium,Low,2026-02-15,2026-09-04,,False,False
THREAT-03695,Nation-State (Iran),Business Email Compromise,T1059 Command and Scripting Interpreter,E-commerce,Kubernetes Cluster,False,80,0.45,Asia-Pacific,Critical,Low,2025-06-25,2025-10-29,,False,False
THREAT-03696,Insider,Web Application Attack,T1036 Masquerading,IT Services,Kubernetes Cluster,False,57,0.21,India,Low,Medium,2023-04-18,2023-06-16,,True,False
THREAT-03697,Unknown,Data Exfiltration,T1133 External Remote Services,Government,SaaS Application,True,100,0.49,Asia-Pacific,Critical,Low,2024-09-16,2025-05-25,,False,False
THREAT-03698,Kimsuky,DDoS,T1566 Phishing,Manufacturing,Payment Gateway,False,88,0.81,Asia-Pacific,High,Low,2022-06-26,2022-10-31,CVE-2026-73703,False,False
THREAT-03699,Cybercrime Syndicate,Zero-Day Exploit,T1053 Scheduled Task/Job,Education,Employee Laptop,False,90,0.46,India,High,Medium,2025-10-25,2026-06-19,CVE-2026-65880,False,False
THREAT-03700,Script Kiddie,Zero-Day Exploit,T1486 Data Encrypted for Impact,Education,Email Server,False,38,0.46,India,Medium,Low,2021-10-08,2022-01-10,,False,False
THREAT-03701,Mustang Panda,Insider Threat,T1486 Data Encrypted for Impact,Government,Storage Bucket,False,8,0.29,Global,High,Medium,2023-02-10,2023-03-31,CVE-2026-2686,False,True
THREAT-03702,LockBit,Phishing,T1562 Impair Defenses,Manufacturing,Kubernetes Cluster,False,46,0.24,Asia-Pacific,Low,Medium,2021-07-22,2022-04-29,,False,False
THREAT-03703,APT28,Phishing,T1569 System Services,Government,Storage Bucket,False,41,0.25,Asia-Pacific,Low,Low,2022-08-28,2023-02-26,CVE-2026-64812,False,False
THREAT-03704,FIN7,Cloud Misconfiguration Exploitation,T1053 Scheduled Task/Job,Energy,Payment Gateway,False,69,0.45,Asia-Pacific,High,Low,2021-09-22,2022-03-30,,True,False
THREAT-03705,Lazarus Group,Insider Threat,T1190 Exploit Public-Facing Application,Energy,Storage Bucket,False,5,0.3,Global,High,Medium,2024-03-24,2024-07-17,,False,True
THREAT-03706,FIN7,Ransomware,T1048 Exfiltration Over Alternative Protocol,IT Services,Kubernetes Cluster,False,23,0.47,Asia-Pacific,Medium,Medium,2024-06-09,2024-07-19,,True,False
THREAT-03707,Lazarus Group,Insider Threat,T1105 Ingress Tool Transfer,Energy,Email Server,False,7,0.28,Global,Low,Low,2021-09-23,2022-07-21,CVE-2026-5853,False,True
THREAT-03708,Scattered Spider,Ransomware,T1133 External Remote Services,Government,Payment Gateway,False,22,0.71,Asia-Pacific,Low,Low,2025-10-06,2026-01-24,CVE-2026-9478,True,True
THREAT-03709,Nation-State (Russia),Cryptojacking,T1003 OS Credential Dumping,Government,SaaS Application,False,65,0.24,Americas,Medium,Low,2024-09-28,2025-03-05,,False,True
THREAT-03710,Sandworm,Ransomware,T1021 Remote Services,Insurance,Email Server,False,45,0.39,Asia-Pacific,Critical,Medium,2024-03-16,2024-10-29,,True,True
THREAT-03711,APT28,Ransomware,T1078 Valid Accounts,Government,Employee Laptop,True,27,0.63,Americas,High,Low,2026-04-07,2026-09-04,,True,False
THREAT-03712,Conti,Data Exfiltration,T1082 System Information Discovery,Energy,API Gateway,False,94,0.58,Asia-Pacific,Medium,Medium,2022-10-05,2023-07-12,,False,True
THREAT-03713,Insider,Ransomware,T1110 Brute Force,Government,Web Server,True,12,0.35,Asia-Pacific,Critical,Medium,2022-05-15,2023-02-08,CVE-2026-20769,True,True
THREAT-03714,Mustang Panda,DDoS,T1027 Obfuscated Files or Information,Education,Domain Controller,False,86,0.66,India,High,Low,2021-06-22,2022-04-20,,False,False
THREAT-03715,APT28,Credential Theft,T1027 Obfuscated Files or Information,E-commerce,Payment Gateway,True,51,0.3,Asia-Pacific,Medium,Low,2025-09-12,2025-12-24,,False,False
THREAT-03716,Nation-State (Russia),DDoS,T1059 Command and Scripting Interpreter,Manufacturing,Kubernetes Cluster,False,100,0.53,Americas,Medium,Medium,2023-01-21,2023-09-24,,False,False
THREAT-03717,APT28,Cloud Misconfiguration Exploitation,T1105 Ingress Tool Transfer,Energy,API Gateway,False,50,0.24,Global,Medium,Low,2022-05-15,2022-07-23,,False,False
THREAT-03718,Turla,Business Email Compromise,T1562 Impair Defenses,E-commerce,Web Server,True,19,0.15,India,Medium,High,2021-04-24,2021-06-18,,False,False
THREAT-03719,Unknown,Insider Threat,T1486 Data Encrypted for Impact,E-commerce,Cloud VM,False,10,0.1,Asia-Pacific,High,Low,2024-01-02,2024-10-12,,False,True
THREAT-03720,TA505,Insider Threat,T1053 Scheduled Task/Job,Education,Employee Laptop,False,3,0.27,Global,Low,Low,2025-04-30,2025-06-01,CVE-2026-1162,False,True
THREAT-03721,Unknown,Cloud Misconfiguration Exploitation,T1048 Exfiltration Over Alternative Protocol,Government,API Gateway,False,95,0.32,Americas,Medium,Low,2025-07-18,2026-05-30,,False,True
THREAT-03722,SilverFox,DDoS,T1105 Ingress Tool Transfer,Manufacturing,Web Server,False,74,0.66,India,Low,Low,2026-06-25,2026-09-04,CVE-2026-54080,False,False
THREAT-03723,Turla,Supply Chain Attack,T1003 OS Credential Dumping,Energy,SaaS Application,False,32,0.46,EMEA,Critical,Low,2026-04-29,2026-09-04,,True,True
THREAT-03724,Nation-State (China),DDoS,T1070 Indicator Removal,E-commerce,Email Server,True,162,0.62,Americas,High,Low,2021-09-25,2021-12-03,CVE-2026-48548,False,False
THREAT-03725,Insider,Business Email Compromise,T1105 Ingress Tool Transfer,Energy,Email Server,False,19,0.42,Global,Critical,Low,2023-11-29,2024-05-06,CVE-2026-77018,False,False
THREAT-03726,Unknown,Phishing,T1053 Scheduled Task/Job,Government,Employee Laptop,False,9,0.38,EMEA,Medium,Medium,2022-12-06,2023-10-08,,False,False
THREAT-03727,Sandworm,Cryptojacking,T1053 Scheduled Task/Job,E-commerce,API Gateway,False,78,0.38,India,Medium,Medium,2024-12-13,2025-10-01,,False,False
THREAT-03728,Turla,Insider Threat,T1190 Exploit Public-Facing Application,Energy,Email Server,True,3,0.21,India,Critical,Medium,2025-10-17,2026-09-04,,False,True
THREAT-03729,SilverFox,Cloud Misconfiguration Exploitation,T1562 Impair Defenses,Energy,Database Server,True,44,0.13,Asia-Pacific,Critical,Medium,2021-11-15,2022-05-10,,False,False
THREAT-03730,Conti,Ransomware,T1562 Impair Defenses,Government,Cloud VM,False,14,0.48,India,Critical,Low,2021-12-20,2022-03-05,,True,False
THREAT-03731,Script Kiddie,Web Application Attack,T1003 OS Credential Dumping,Energy,Domain Controller,True,34,0.48,Americas,Low,Low,2022-03-19,2023-03-03,,True,False
THREAT-03732,TA505,Insider Threat,T1082 System Information Discovery,Government,Web Server,True,3,0.18,EMEA,High,High,2024-01-13,2024-06-05,,False,True
THREAT-03733,Script Kiddie,DDoS,T1105 Ingress Tool Transfer,Government,Cloud VM,True,186,0.64,India,High,Medium,2021-05-11,2021-10-30,CVE-2026-72772,False,False
THREAT-03734,Conti,Web Application Attack,T1562 Impair Defenses,E-commerce,SaaS Application,False,90,0.23,EMEA,Medium,Low,2025-05-12,2025-08-04,CVE-2026-19027,False,False
THREAT-03735,LockBit,DDoS,T1105 Ingress Tool Transfer,Government,SaaS Application,False,57,0.75,Americas,High,Medium,2023-09-26,2023-12-14,CVE-2026-30934,False,False
THREAT-03736,Turla,DDoS,T1021 Remote Services,Insurance,Kubernetes Cluster,True,166,0.41,EMEA,Medium,Medium,2026-03-18,2026-09-04,,False,False
THREAT-03737,APT28,Phishing,T1486 Data Encrypted for Impact,Energy,Cloud VM,False,25,0.36,Global,Critical,High,2023-12-29,2024-10-21,,False,False
THREAT-03738,Unknown,Business Email Compromise,T1003 OS Credential Dumping,E-commerce,Employee Laptop,True,73,0.45,Asia-Pacific,Medium,Low,2022-10-04,2023-04-20,,False,True
THREAT-03739,Turla,Business Email Compromise,T1105 Ingress Tool Transfer,IT Services,Employee Laptop,False,40,0.53,EMEA,Low,Low,2022-06-23,2023-04-28,,False,False
THREAT-03740,Nation-State (China),Data Exfiltration,T1569 System Services,E-commerce,Email Server,True,61,0.24,India,Medium,Low,2025-03-08,2025-03-31,CVE-2026-27590,False,False
THREAT-03741,SilverFox,Credential Theft,T1105 Ingress Tool Transfer,Manufacturing,Employee Laptop,True,94,0.11,Global,Critical,Medium,2024-08-30,2025-04-10,,False,True
THREAT-03742,Mustang Panda,Cryptojacking,T1569 System Services,Healthcare,Employee Laptop,False,37,0.38,Americas,Medium,High,2024-11-04,2024-11-07,,False,True
THREAT-03743,Nation-State (Russia),Ransomware,T1036 Masquerading,IT Services,Database Server,False,21,0.77,Asia-Pacific,High,High,2026-02-23,2026-06-19,CVE-2026-30864,True,True
THREAT-03744,SilverFox,Cloud Misconfiguration Exploitation,T1078 Valid Accounts,E-commerce,Kubernetes Cluster,False,91,0.42,Americas,Low,Medium,2026-02-07,2026-07-29,,True,False
THREAT-03745,Conti,Zero-Day Exploit,T1105 Ingress Tool Transfer,Energy,Email Server,False,46,0.31,India,Critical,High,2024-11-14,2025-11-04,,True,False
THREAT-03746,Insider,Credential Theft,T1048 Exfiltration Over Alternative Protocol,E-commerce,API Gateway,False,17,0.2,EMEA,Critical,High,2022-02-24,2022-12-28,CVE-2026-79240,False,True
THREAT-03747,APT29,Phishing,T1105 Ingress Tool Transfer,Energy,API Gateway,True,44,0.56,India,Medium,High,2024-06-07,2025-01-27,CVE-2026-18394,False,False
THREAT-03748,Hacktivist Group,Business Email Compromise,T1190 Exploit Public-Facing Application,Manufacturing,Web Server,True,55,0.32,Global,Critical,Low,2024-08-21,2025-06-21,CVE-2026-79183,False,False
THREAT-03749,FIN7,Supply Chain Attack,T1021 Remote Services,Manufacturing,Domain Controller,True,89,0.55,Americas,Medium,High,2023-05-14,2024-04-12,,False,False
THREAT-03750,ALPHV,Zero-Day Exploit,T1053 Scheduled Task/Job,Government,Storage Bucket,False,51,0.49,EMEA,Medium,High,2023-01-03,2023-09-18,,True,True
THREAT-03751,APT28,Zero-Day Exploit,T1048 Exfiltration Over Alternative Protocol,Energy,Storage Bucket,True,56,0.52,Global,Critical,High,2023-04-27,2023-10-05,,False,True
THREAT-03752,APT29,Supply Chain Attack,T1059 Command and Scripting Interpreter,E-commerce,Domain Controller,False,89,0.56,Americas,Low,Medium,2025-02-19,2026-01-12,CVE-2026-73299,False,False
THREAT-03753,TA505,Ransomware,T1036 Masquerading,Energy,Payment Gateway,True,34,0.34,India,High,Low,2023-02-20,2023-06-29,,True,True
THREAT-03754,Turla,Web Application Attack,T1055 Process Injection,Energy,Database Server,False,94,0.12,India,Medium,High,2026-02-09,2026-09-04,CVE-2026-2017,False,False
THREAT-03755,FIN7,Credential Theft,T1078 Valid Accounts,IT Services,Employee Laptop,True,87,0.19,Asia-Pacific,Medium,High,2025-09-14,2026-06-12,CVE-2026-81033,False,True
THREAT-03756,SilverFox,Zero-Day Exploit,T1048 Exfiltration Over Alternative Protocol,Energy,Storage Bucket,True,33,0.14,EMEA,Medium,Low,2025-10-03,2026-09-04,,False,False
THREAT-03757,Nation-State (Iran),Cloud Misconfiguration Exploitation,T1133 External Remote Services,IT Services,SaaS Application,False,66,0.5,Asia-Pacific,Critical,Medium,2024-02-11,2025-01-25,,False,False
THREAT-03758,Kimsuky,Insider Threat,T1036 Masquerading,Government,Storage Bucket,False,5,0.21,India,Critical,Low,2021-08-14,2021-09-15,CVE-2026-18243,False,True
THREAT-03759,SilverFox,Data Exfiltration,T1071 Application Layer Protocol,Manufacturing,SaaS Application,False,21,0.54,Asia-Pacific,High,High,2023-08-30,2023-09-25,,False,False
THREAT-03760,Mustang Panda,Insider Threat,T1105 Ingress Tool Transfer,Government,Email Server,True,2,0.27,India,Medium,High,2024-05-16,2025-05-05,CVE-2026-72815,False,True
THREAT-03761,Mustang Panda,Ransomware,T1486 Data Encrypted for Impact,Insurance,SaaS Application,True,44,0.66,India,Critical,Medium,2022-06-16,2022-10-18,,True,True
THREAT-03762,APT29,Cloud Misconfiguration Exploitation,T1078 Valid Accounts,Healthcare,Email Server,False,54,0.13,Global,Critical,Low,2026-03-02,2026-09-04,,False,False
THREAT-03763,Cybercrime Syndicate,Cryptojacking,T1078 Valid Accounts,Energy,Email Server,False,34,0.37,EMEA,High,Low,2026-06-07,2026-09-04,,False,True
THREAT-03764,Insider,Cloud Misconfiguration Exploitation,T1070 Indicator Removal,Healthcare,Storage Bucket,False,52,0.45,EMEA,Low,High,2023-05-04,2023-12-29,CVE-2026-69075,True,False
THREAT-03765,Mustang Panda,Web Application Attack,T1048 Exfiltration Over Alternative Protocol,Manufacturing,Web Server,False,32,0.31,India,High,Low,2023-10-15,2024-04-28,,False,False
THREAT-03766,Script Kiddie,Data Exfiltration,T1078 Valid Accounts,Energy,SaaS Application,False,62,0.2,Americas,Critical,Medium,2021-11-23,2022-08-28,CVE-2026-79776,True,False
THREAT-03767,Kimsuky,Cloud Misconfiguration Exploitation,T1036 Masquerading,Energy,Storage Bucket,True,54,0.52,EMEA,Critical,Medium,2023-05-12,2024-01-17,,False,False
THREAT-03768,Conti,Credential Theft,T1566 Phishing,Education,API Gateway,True,55,0.35,Asia-Pacific,High,Medium,2022-07-07,2022-10-18,CVE-2026-84478,False,False
THREAT-03769,SilverFox,DDoS,T1070 Indicator Removal,Manufacturing,Payment Gateway,False,196,0.64,Americas,Critical,Low,2022-02-08,2022-02-24,,False,False
THREAT-03770,Mustang Panda,Credential Theft,T1055 Process Injection,Healthcare,Employee Laptop,True,46,0.42,Asia-Pacific,High,Medium,2021-11-30,2021-12-25,CVE-2026-76604,False,True
THREAT-03771,Script Kiddie,Ransomware,T1003 OS Credential Dumping,Healthcare,Email Server,False,12,0.63,Global,Medium,Low,2025-08-27,2026-04-27,CVE-2026-21076,True,False
THREAT-03772,FIN7,Web Application Attack,T1133 External Remote Services,Manufacturing,Storage Bucket,True,9,0.15,Americas,High,High,2022-06-29,2023-05-07,CVE-2026-72813,False,True
THREAT-03773,FIN7,DDoS,T1059 Command and Scripting Interpreter,Healthcare,Payment Gateway,False,139,0.76,Asia-Pacific,Medium,Medium,2025-03-15,2025-03-31,CVE-2026-24772,False,False
THREAT-03774,Nation-State (Iran),Web Application Attack,T1190 Exploit Public-Facing Application,IT Services,Web Server,False,55,0.25,Asia-Pacific,High,Medium,2023-08-05,2023-09-25,,False,False
THREAT-03775,ALPHV,Ransomware,T1562 Impair Defenses,Insurance,SaaS Application,False,37,0.52,Global,Low,High,2023-02-20,2023-08-18,CVE-2026-78378,True,False
THREAT-03776,Nation-State (Iran),Zero-Day Exploit,T1190 Exploit Public-Facing Application,E-commerce,Cloud VM,True,57,0.5,India,Critical,Medium,2025-09-06,2026-07-20,CVE-2026-8985,False,False
THREAT-03777,ALPHV,Zero-Day Exploit,T1082 System Information Discovery,Government,SaaS Application,True,17,0.55,EMEA,Critical,Medium,2022-11-09,2023-08-04,,False,False
THREAT-03778,REvil,Data Exfiltration,T1036 Masquerading,Government,API Gateway,False,59,0.34,Americas,Low,Medium,2022-02-19,2022-05-22,,False,True
THREAT-03779,Nation-State (Iran),Ransomware,T1082 System Information Discovery,Insurance,Cloud VM,False,50,0.64,Asia-Pacific,Medium,Medium,2023-10-05,2024-09-03,CVE-2026-60379,True,True
THREAT-03780,Turla,Data Exfiltration,T1059 Command and Scripting Interpreter,E-commerce,Storage Bucket,False,46,0.29,Americas,High,Medium,2021-09-17,2022-05-12,CVE-2026-30934,False,False
THREAT-03781,SilverFox,Web Application Attack,T1190 Exploit Public-Facing Application,Insurance,SaaS Application,False,67,0.25,Global,Medium,High,2021-11-21,2022-02-23,CVE-2026-4567,False,True
THREAT-03782,Hacktivist Group,Supply Chain Attack,T1562 Impair Defenses,IT Services,Email Server,True,81,0.54,Americas,High,High,2021-04-05,2022-01-25,CVE-2026-42933,False,False
THREAT-03783,REvil,Credential Theft,T1027 Obfuscated Files or Information,E-commerce,Kubernetes Cluster,False,37,0.29,Asia-Pacific,High,High,2025-04-23,2026-01-21,,False,False
THREAT-03784,Conti,Data Exfiltration,T1003 OS Credential Dumping,IT Services,Storage Bucket,True,97,0.42,Asia-Pacific,Low,High,2023-01-26,2023-03-10,,False,False
THREAT-03785,Nation-State (Russia),DDoS,T1082 System Information Discovery,E-commerce,Domain Controller,True,143,0.64,Americas,High,Low,2022-06-09,2022-07-11,,False,False
THREAT-03786,TA505,DDoS,T1036 Masquerading,E-commerce,Web Server,False,62,0.57,Americas,High,High,2024-12-03,2025-10-28,,False,False
THREAT-03787,REvil,Data Exfiltration,T1071 Application Layer Protocol,Manufacturing,Storage Bucket,False,35,0.16,Americas,Critical,Medium,2023-10-01,2023-12-17,CVE-2026-80208,False,False
THREAT-03788,Nation-State (Iran),Credential Theft,T1562 Impair Defenses,Energy,Payment Gateway,False,67,0.12,EMEA,Medium,Low,2025-01-14,2026-01-10,CVE-2026-58572,False,False
THREAT-03789,Nation-State (China),Zero-Day Exploit,T1110 Brute Force,Insurance,Email Server,True,72,0.3,Asia-Pacific,Critical,High,2026-04-13,2026-05-16,,False,True
THREAT-03790,Insider,Ransomware,T1059 Command and Scripting Interpreter,Manufacturing,API Gateway,False,23,0.37,India,Critical,High,2026-05-27,2026-09-04,,True,False
THREAT-03791,Unknown,Credential Theft,T1562 Impair Defenses,Manufacturing,SaaS Application,True,91,0.49,India,Critical,Low,2025-07-09,2026-04-13,,False,True
THREAT-03792,ALPHV,Web Application Attack,T1027 Obfuscated Files or Information,Education,Web Server,False,86,0.18,Americas,Critical,High,2025-10-22,2026-01-29,,False,False
THREAT-03793,Turla,Web Application Attack,T1070 Indicator Removal,IT Services,Storage Bucket,False,7,0.47,Americas,Medium,High,2023-06-11,2023-06-24,CVE-2026-48323,False,True
THREAT-03794,Nation-State (China),Cloud Misconfiguration Exploitation,T1486 Data Encrypted for Impact,IT Services,Cloud VM,True,63,0.43,Asia-Pacific,Medium,Medium,2026-04-09,2026-09-04,,False,False
THREAT-03795,TA505,DDoS,T1036 Masquerading,IT Services,Domain Controller,False,62,0.55,Global,Critical,High,2024-05-10,2024-06-23,,False,False
THREAT-03796,TA505,Cloud Misconfiguration Exploitation,T1105 Ingress Tool Transfer,Education,Domain Controller,True,73,0.42,India,High,Low,2026-03-04,2026-09-04,,False,False
THREAT-03797,Sandworm,Ransomware,T1059 Command and Scripting Interpreter,Government,Web Server,False,11,0.51,Global,Low,High,2025-04-25,2026-02-19,CVE-2026-52887,True,False
THREAT-03798,APT29,Cloud Misconfiguration Exploitation,T1133 External Remote Services,Insurance,API Gateway,True,88,0.49,EMEA,Medium,Low,2026-02-12,2026-06-05,CVE-2026-75919,False,False
THREAT-03799,Nation-State (Russia),Web Application Attack,T1110 Brute Force,IT Services,Payment Gateway,False,61,0.43,Asia-Pacific,Medium,Low,2022-12-20,2022-12-23,CVE-2026-48277,False,False
THREAT-03800,FIN7,Cloud Misconfiguration Exploitation,T1082 System Information Discovery,IT Services,Database Server,True,19,0.36,EMEA,Critical,Low,2025-07-05,2026-01-24,CVE-2026-45274,False,False
THREAT-03801,REvil,Cryptojacking,T1133 External Remote Services,E-commerce,Employee Laptop,False,64,0.58,India,Medium,Medium,2025-09-26,2026-06-04,,False,False
THREAT-03802,Mustang Panda,Insider Threat,T1027 Obfuscated Files or Information,Telecom,Cloud VM,False,3,0.39,Asia-Pacific,High,High,2025-09-25,2026-04-11,CVE-2026-78684,False,True
THREAT-03803,TA505,DDoS,T1566 Phishing,E-commerce,Email Server,True,56,0.54,India,Medium,High,2023-11-28,2023-12-13,,False,False
THREAT-03804,Sandworm,Supply Chain Attack,T1003 OS Credential Dumping,Government,Kubernetes Cluster,False,8,0.54,EMEA,High,Low,2022-07-25,2023-04-13,CVE-2026-7248,False,False
THREAT-03805,REvil,Web Application Attack,T1048 Exfiltration Over Alternative Protocol,Manufacturing,Kubernetes Cluster,True,64,0.27,Global,Medium,Medium,2022-08-05,2023-02-02,,True,False
THREAT-03806,TA505,Phishing,T1486 Data Encrypted for Impact,Energy,Storage Bucket,False,50,0.28,Asia-Pacific,Medium,High,2026-01-26,2026-09-04,,False,False
THREAT-03807,Unknown,Cloud Misconfiguration Exploitation,T1055 Process Injection,Insurance,Email Server,False,12,0.32,Asia-Pacific,High,Medium,2026-07-18,2026-08-05,CVE-2026-82455,False,True
THREAT-03808,FIN7,Ransomware,T1053 Scheduled Task/Job,Government,Kubernetes Cluster,False,25,0.47,Americas,High,Medium,2024-01-09,2024-10-28,,True,True
THREAT-03809,Nation-State (China),Data Exfiltration,T1190 Exploit Public-Facing Application,Insurance,Payment Gateway,False,43,0.19,Americas,Low,High,2025-02-13,2025-03-02,,False,False
THREAT-03810,Script Kiddie,Credential Theft,T1055 Process Injection,Education,Payment Gateway,True,57,0.44,EMEA,High,Medium,2023-04-14,2023-11-30,,False,False
THREAT-03811,Cybercrime Syndicate,Phishing,T1110 Brute Force,Healthcare,Web Server,False,51,0.19,EMEA,Low,High,2022-10-08,2022-11-17,CVE-2026-17348,False,True
THREAT-03812,ALPHV,Cloud Misconfiguration Exploitation,T1021 Remote Services,E-commerce,Web Server,False,83,0.44,Global,Low,High,2025-06-22,2025-08-26,,False,False
THREAT-03813,Nation-State (China),Cloud Misconfiguration Exploitation,T1021 Remote Services,Insurance,API Gateway,True,31,0.21,EMEA,Critical,High,2022-01-20,2022-11-30,CVE-2026-7248,False,True
THREAT-03814,Sandworm,Phishing,T1110 Brute Force,Manufacturing,Employee Laptop,True,45,0.12,Americas,Low,Medium,2025-07-26,2025-10-05,CVE-2026-75619,False,False
THREAT-03815,Conti,Credential Theft,T1082 System Information Discovery,Government,Cloud VM,False,54,0.36,Americas,Critical,Low,2025-06-21,2026-01-25,CVE-2026-72788,False,True
THREAT-03816,Cybercrime Syndicate,Business Email Compromise,T1036 Masquerading,Government,Employee Laptop,False,90,0.18,Global,Low,High,2024-12-23,2025-06-20,,True,False
THREAT-03817,Kimsuky,Cloud Misconfiguration Exploitation,T1569 System Services,Government,Kubernetes Cluster,True,63,0.43,Americas,Medium,Low,2021-04-13,2021-06-12,CVE-2026-20769,False,False
THREAT-03818,TA505,Phishing,T1070 Indicator Removal,Energy,Cloud VM,False,45,0.3,Asia-Pacific,High,Medium,2022-02-05,2022-06-29,CVE-2026-61962,False,False
THREAT-03819,LockBit,Credential Theft,T1486 Data Encrypted for Impact,Insurance,Employee Laptop,True,11,0.43,EMEA,High,Medium,2021-09-24,2022-02-02,CVE-2026-70352,False,True
THREAT-03820,Conti,Cryptojacking,T1071 Application Layer Protocol,Government,Email Server,False,41,0.14,Americas,Low,Low,2022-02-21,2023-02-05,CVE-2026-73049,False,False
THREAT-03821,SilverFox,Zero-Day Exploit,T1078 Valid Accounts,Insurance,Payment Gateway,False,19,0.29,Americas,High,Low,2024-07-09,2024-12-14,,True,False
THREAT-03822,Unknown,Cryptojacking,T1036 Masquerading,E-commerce,Web Server,True,44,0.36,Asia-Pacific,Medium,Low,2025-02-26,2025-04-22,,True,False
THREAT-03823,Lazarus Group,Data Exfiltration,T1078 Valid Accounts,E-commerce,API Gateway,True,17,0.25,Asia-Pacific,Medium,Medium,2025-03-19,2025-12-23,CVE-2026-33765,False,True
THREAT-03824,Kimsuky,Ransomware,T1569 System Services,Education,Employee Laptop,False,19,0.44,Americas,Critical,Medium,2022-03-10,2023-02-09,CVE-2026-45274,True,True
THREAT-03825,SilverFox,Data Exfiltration,T1110 Brute Force,Manufacturing,Employee Laptop,True,79,0.12,Global,Low,High,2021-06-27,2022-01-02,,True,False
THREAT-03826,SilverFox,Web Application Attack,T1055 Process Injection,Education,Cloud VM,True,97,0.45,Americas,Medium,Medium,2025-03-27,2025-04-04,,True,True
THREAT-03827,FIN7,Data Exfiltration,T1071 Application Layer Protocol,Manufacturing,API Gateway,True,49,0.49,Asia-Pacific,Medium,High,2025-06-23,2026-03-20,,False,False
THREAT-03828,ALPHV,Ransomware,T1078 Valid Accounts,Manufacturing,Storage Bucket,True,16,0.76,EMEA,High,Low,2024-06-15,2025-04-30,,True,False
THREAT-03829,FIN7,Ransomware,T1562 Impair Defenses,Healthcare,API Gateway,False,34,0.36,EMEA,Low,Low,2023-04-09,2023-04-26,,True,True
THREAT-03830,Mustang Panda,Phishing,T1070 Indicator Removal,Government,SaaS Application,False,70,0.37,EMEA,Critical,High,2025-01-23,2025-03-13,,False,False
THREAT-03831,SilverFox,Phishing,T1105 Ingress Tool Transfer,Healthcare,Database Server,False,48,0.28,EMEA,Medium,Low,2023-02-27,2023-08-10,,False,False
THREAT-03832,APT29,Zero-Day Exploit,T1055 Process Injection,Government,Cloud VM,True,95,0.26,India,Low,High,2022-06-30,2023-06-06,,False,False
THREAT-03833,Scattered Spider,DDoS,T1036 Masquerading,Manufacturing,Web Server,False,98,0.58,Americas,High,Low,2022-10-23,2023-04-04,,False,False
THREAT-03834,Sandworm,Zero-Day Exploit,T1110 Brute Force,Education,Database Server,True,82,0.53,India,Low,Low,2025-06-09,2026-04-16,,False,False
THREAT-03835,FIN7,Business Email Compromise,T1059 Command and Scripting Interpreter,Telecom,Web Server,True,93,0.57,EMEA,Medium,High,2021-06-26,2022-05-11,CVE-2026-82282,False,False
THREAT-03836,Lazarus Group,Cryptojacking,T1566 Phishing,Manufacturing,Storage Bucket,False,31,0.48,Americas,High,Low,2022-05-02,2023-04-24,,False,True
THREAT-03837,Nation-State (Iran),Web Application Attack,T1078 Valid Accounts,Healthcare,Email Server,False,13,0.14,India,Critical,Medium,2024-07-23,2024-08-18,CVE-2026-79240,True,False
THREAT-03838,ALPHV,Business Email Compromise,T1110 Brute Force,E-commerce,Web Server,True,22,0.19,Global,Medium,Medium,2024-05-27,2024-07-28,,False,False
THREAT-03839,Sandworm,Ransomware,T1036 Masquerading,Energy,SaaS Application,False,14,0.55,Americas,Medium,High,2021-11-13,2022-09-08,,True,True
THREAT-03840,LockBit,Phishing,T1021 Remote Services,Government,Email Server,False,88,0.52,Americas,High,High,2021-06-19,2021-12-20,,False,False
THREAT-03841,Mustang Panda,DDoS,T1133 External Remote Services,Healthcare,Email Server,True,38,0.56,India,High,Medium,2024-05-18,2025-04-17,,False,False
THREAT-03842,TA505,DDoS,T1569 System Services,Telecom,SaaS Application,True,36,0.65,Asia-Pacific,Critical,Low,2021-03-19,2021-05-29,,False,False
THREAT-03843,Cybercrime Syndicate,Cryptojacking,T1048 Exfiltration Over Alternative Protocol,Energy,Kubernetes Cluster,False,65,0.34,EMEA,Critical,High,2023-02-13,2024-02-08,CVE-2026-72783,True,False
THREAT-03844,Nation-State (Iran),Web Application Attack,T1562 Impair Defenses,E-commerce,API Gateway,False,87,0.26,EMEA,Medium,High,2023-01-22,2023-08-04,CVE-2026-7538,False,False
THREAT-03845,Lazarus Group,Data Exfiltration,T1071 Application Layer Protocol,Insurance,Storage Bucket,False,95,0.47,India,Medium,Low,2021-07-23,2022-02-12,,False,False
THREAT-03846,APT28,Credential Theft,T1486 Data Encrypted for Impact,Energy,Storage Bucket,True,51,0.22,Global,High,Medium,2026-03-16,2026-08-18,,False,False
THREAT-03847,Mustang Panda,Data Exfiltration,T1021 Remote Services,Telecom,Storage Bucket,False,28,0.44,Global,Low,Low,2023-12-11,2024-04-27,CVE-2026-18394,False,False
THREAT-03848,APT29,Supply Chain Attack,T1021 Remote Services,Manufacturing,Employee Laptop,False,48,0.56,Asia-Pacific,Low,Medium,2021-12-09,2022-10-10,,False,False
THREAT-03849,Nation-State (Iran),Supply Chain Attack,T1566 Phishing,Energy,Email Server,False,29,0.19,Americas,Medium,Low,2024-06-24,2024-09-17,,False,True
THREAT-03850,Turla,Business Email Compromise,T1110 Brute Force,IT Services,Cloud VM,True,56,0.54,Asia-Pacific,Low,Low,2026-02-16,2026-06-15,,False,False
THREAT-03851,Mustang Panda,Phishing,T1190 Exploit Public-Facing Application,IT Services,Web Server,True,14,0.2,India,Low,Low,2022-09-17,2022-12-28,CVE-2026-62996,False,False
THREAT-03852,Nation-State (Russia),Insider Threat,T1070 Indicator Removal,Energy,API Gateway,False,8,0.13,Americas,Medium,High,2026-04-05,2026-09-04,,False,True
THREAT-03853,LockBit,Business Email Compromise,T1105 Ingress Tool Transfer,Energy,Storage Bucket,True,78,0.4,Americas,Low,Medium,2023-09-03,2024-01-16,,False,False
THREAT-03854,SilverFox,Zero-Day Exploit,T1105 Ingress Tool Transfer,Energy,Database Server,False,36,0.42,Americas,Low,High,2021-08-11,2021-12-07,,False,False
THREAT-03855,Cybercrime Syndicate,Supply Chain Attack,T1562 Impair Defenses,Insurance,Employee Laptop,True,26,0.42,EMEA,Medium,Low,2026-02-05,2026-09-04,,False,False
THREAT-03856,LockBit,Business Email Compromise,T1071 Application Layer Protocol,Education,Email Server,False,31,0.47,Global,Low,Low,2025-02-02,2025-02-03,,False,False
THREAT-03857,Script Kiddie,Cryptojacking,T1055 Process Injection,Government,Kubernetes Cluster,True,37,0.39,Global,Critical,High,2024-05-26,2024-11-02,CVE-2026-61427,False,True
THREAT-03858,Cybercrime Syndicate,Insider Threat,T1027 Obfuscated Files or Information,Energy,Database Server,False,1,0.29,EMEA,Medium,Low,2026-05-19,2026-09-04,,False,True
THREAT-03859,Turla,Cloud Misconfiguration Exploitation,T1566 Phishing,Energy,Cloud VM,False,43,0.59,India,Low,Low,2023-12-21,2024-01-22,CVE-2026-22609,False,True
THREAT-03860,REvil,Insider Threat,T1021 Remote Services,Government,Web Server,False,3,0.19,EMEA,Medium,Medium,2022-06-18,2022-12-15,,False,True
THREAT-03861,Script Kiddie,Cryptojacking,T1133 External Remote Services,E-commerce,Email Server,False,42,0.2,Asia-Pacific,Critical,Low,2021-03-29,2021-08-05,,False,False
THREAT-03862,Turla,Cryptojacking,T1133 External Remote Services,Energy,API Gateway,True,51,0.12,India,Critical,High,2026-05-14,2026-09-04,,False,False
THREAT-03863,LockBit,Web Application Attack,T1003 OS Credential Dumping,Education,Domain Controller,False,94,0.54,Americas,Medium,Medium,2022-02-25,2022-08-21,CVE-2026-85109,False,False
THREAT-03864,Sandworm,Zero-Day Exploit,T1053 Scheduled Task/Job,Manufacturing,Domain Controller,False,100,0.57,Global,High,Low,2021-08-31,2022-08-15,CVE-2026-7139,False,False
THREAT-03865,Script Kiddie,DDoS,T1190 Exploit Public-Facing Application,E-commerce,API Gateway,False,36,0.45,EMEA,High,Medium,2025-12-08,2026-09-04,,False,False
THREAT-03866,Insider,Ransomware,T1569 System Services,Education,Kubernetes Cluster,False,7,0.55,India,Low,Medium,2024-08-09,2024-09-16,,True,True
THREAT-03867,Sandworm,Cryptojacking,T1566 Phishing,IT Services,Domain Controller,False,58,0.43,Americas,Low,Low,2026-05-17,2026-09-04,,False,False
THREAT-03868,Hacktivist Group,Zero-Day Exploit,T1078 Valid Accounts,Manufacturing,Kubernetes Cluster,False,39,0.13,EMEA,High,Low,2026-07-14,2026-09-04,,False,False
THREAT-03869,Cybercrime Syndicate,Data Exfiltration,T1566 Phishing,Government,Email Server,True,8,0.52,Americas,Critical,Medium,2021-05-18,2022-04-03,,True,False
THREAT-03870,Lazarus Group,Web Application Attack,T1071 Application Layer Protocol,Manufacturing,Employee Laptop,True,30,0.12,Asia-Pacific,Medium,High,2025-12-23,2026-04-03,,False,False
THREAT-03871,Turla,Phishing,T1027 Obfuscated Files or Information,Government,API Gateway,False,62,0.39,Americas,Critical,Low,2024-01-25,2024-11-23,CVE-2026-5995,False,False
THREAT-03872,Nation-State (Russia),Cloud Misconfiguration Exploitation,T1003 OS Credential Dumping,Energy,Employee Laptop,True,9,0.22,EMEA,High,High,2025-11-05,2026-08-04,CVE-2026-81033,False,False
THREAT-03873,Script Kiddie,Business Email Compromise,T1486 Data Encrypted for Impact,Insurance,Domain Controller,False,14,0.25,Asia-Pacific,Critical,High,2023-05-11,2024-02-16,,False,False
THREAT-03874,FIN7,Zero-Day Exploit,T1053 Scheduled Task/Job,IT Services,Cloud VM,True,75,0.17,Global,Medium,High,2023-08-28,2024-03-08,,False,False
THREAT-03875,APT28,Ransomware,T1190 Exploit Public-Facing Application,Manufacturing,Payment Gateway,True,49,0.59,Americas,High,Low,2021-10-20,2022-07-20,,True,True
THREAT-03876,Cybercrime Syndicate,DDoS,T1059 Command and Scripting Interpreter,Energy,Cloud VM,True,147,0.69,India,Medium,High,2022-05-31,2022-07-26,,False,False
THREAT-03877,Conti,Insider Threat,T1021 Remote Services,Education,Domain Controller,False,2,0.14,Americas,Low,Medium,2023-07-06,2023-12-14,CVE-2026-60366,False,True
THREAT-03878,APT29,Business Email Compromise,T1110 Brute Force,Insurance,Kubernetes Cluster,False,46,0.17,India,Critical,Low,2026-02-23,2026-09-04,,False,False
THREAT-03879,Lazarus Group,Phishing,T1059 Command and Scripting Interpreter,Energy,Cloud VM,False,63,0.45,Asia-Pacific,High,High,2024-08-11,2025-02-19,CVE-2026-5976,False,False
THREAT-03880,Conti,Insider Threat,T1003 OS Credential Dumping,E-commerce,Storage Bucket,False,5,0.14,Global,High,Low,2025-11-06,2026-07-20,,False,True
THREAT-03881,Cybercrime Syndicate,Phishing,T1027 Obfuscated Files or Information,Education,SaaS Application,False,46,0.36,Americas,Low,Low,2024-04-01,2024-10-18,,True,False
THREAT-03882,Sandworm,Zero-Day Exploit,T1059 Command and Scripting Interpreter,Telecom,Domain Controller,True,59,0.59,Americas,Low,Low,2023-06-04,2023-11-02,,False,False
THREAT-03883,Lazarus Group,Cloud Misconfiguration Exploitation,T1003 OS Credential Dumping,Energy,Employee Laptop,False,74,0.45,Americas,Critical,Low,2022-03-06,2022-12-12,,False,False
THREAT-03884,Mustang Panda,Data Exfiltration,T1110 Brute Force,Manufacturing,Database Server,True,38,0.52,Asia-Pacific,Critical,High,2026-02-08,2026-07-29,,False,False
THREAT-03885,Nation-State (China),Business Email Compromise,T1055 Process Injection,Education,Employee Laptop,False,96,0.2,EMEA,High,High,2021-04-25,2021-10-26,,False,False
THREAT-03886,Scattered Spider,Ransomware,T1071 Application Layer Protocol,Energy,API Gateway,False,31,0.55,EMEA,Medium,Medium,2023-11-16,2024-10-22,,True,True
THREAT-03887,Script Kiddie,Phishing,T1486 Data Encrypted for Impact,Government,Web Server,False,19,0.14,India,Medium,High,2021-11-02,2022-02-01,CVE-2026-75125,False,False
THREAT-03888,SilverFox,Cloud Misconfiguration Exploitation,T1036 Masquerading,Education,Storage Bucket,False,16,0.54,India,Medium,High,2023-09-06,2024-05-27,,False,True
THREAT-03889,Scattered Spider,Ransomware,T1562 Impair Defenses,E-commerce,Cloud VM,True,48,0.48,Americas,Low,Medium,2022-09-03,2022-11-24,,True,True
THREAT-03890,Kimsuky,Phishing,T1036 Masquerading,E-commerce,Cloud VM,False,76,0.28,EMEA,Medium,High,2024-10-03,2025-01-22,,False,False
THREAT-03891,Unknown,Insider Threat,T1486 Data Encrypted for Impact,Government,Storage Bucket,False,1,0.36,EMEA,Low,Medium,2024-11-05,2025-07-17,CVE-2026-79127,False,True
THREAT-03892,Nation-State (China),DDoS,T1562 Impair Defenses,Manufacturing,Employee Laptop,True,33,0.45,EMEA,Critical,High,2025-09-24,2026-02-12,,False,False
THREAT-03893,APT28,Supply Chain Attack,T1055 Process Injection,Government,Payment Gateway,False,43,0.22,EMEA,High,Medium,2024-08-26,2024-10-19,,True,False
THREAT-03894,Scattered Spider,Insider Threat,T1562 Impair Defenses,Energy,Employee Laptop,True,1,0.17,Global,Medium,Low,2022-07-20,2023-07-06,,False,True
THREAT-03895,Unknown,Web Application Attack,T1082 System Information Discovery,Manufacturing,Database Server,False,21,0.44,EMEA,High,High,2025-11-23,2026-09-04,,False,False
THREAT-03896,Scattered Spider,Supply Chain Attack,T1036 Masquerading,Government,Web Server,False,99,0.5,India,Low,Low,2025-03-21,2026-02-01,,False,False
THREAT-03897,Turla,Data Exfiltration,T1059 Command and Scripting Interpreter,Government,Payment Gateway,True,43,0.29,Global,High,Low,2025-07-10,2026-01-13,,False,False
THREAT-03898,Unknown,Cryptojacking,T1078 Valid Accounts,Insurance,API Gateway,True,97,0.52,Americas,High,Medium,2024-09-02,2025-04-08,CVE-2026-15337,False,False
THREAT-03899,Nation-State (Iran),Business Email Compromise,T1133 External Remote Services,Government,Cloud VM,True,39,0.58,Asia-Pacific,Low,Medium,2026-02-03,2026-08-05,,False,False
THREAT-03900,Mustang Panda,Credential Theft,T1053 Scheduled Task/Job,Government,Database Server,True,75,0.17,Asia-Pacific,High,Medium,2024-02-11,2024-04-10,CVE-2026-45274,False,False
THREAT-03901,Nation-State (China),Insider Threat,T1486 Data Encrypted for Impact,Healthcare,Employee Laptop,True,1,0.3,India,High,Low,2024-10-22,2024-12-22,,False,True
THREAT-03902,Nation-State (Iran),Cloud Misconfiguration Exploitation,T1566 Phishing,Insurance,SaaS Application,False,91,0.2,EMEA,Critical,Medium,2024-05-17,2024-07-08,CVE-2026-6155,False,False
THREAT-03903,Nation-State (China),Phishing,T1190 Exploit Public-Facing Application,Insurance,API Gateway,True,47,0.35,Global,Critical,Low,2023-06-04,2023-07-02,,False,True
THREAT-03904,APT29,Credential Theft,T1053 Scheduled Task/Job,Healthcare,SaaS Application,False,38,0.33,Asia-Pacific,High,Low,2021-04-17,2021-07-03,CVE-2026-72984,False,True
THREAT-03905,Scattered Spider,Business Email Compromise,T1562 Impair Defenses,Government,Employee Laptop,True,20,0.39,EMEA,Low,Low,2026-02-09,2026-03-09,,False,False
THREAT-03906,LockBit,Business Email Compromise,T1059 Command and Scripting Interpreter,Manufacturing,Domain Controller,False,77,0.11,EMEA,Medium,High,2025-05-01,2025-08-15,,False,True
THREAT-03907,APT29,Cryptojacking,T1048 Exfiltration Over Alternative Protocol,Healthcare,API Gateway,False,85,0.42,India,Low,High,2025-08-02,2026-06-10,CVE-2026-79195,True,False
THREAT-03908,Insider,Data Exfiltration,T1021 Remote Services,E-commerce,API Gateway,False,72,0.3,Global,Critical,Low,2021-10-29,2022-04-22,CVE-2026-14227,False,False
THREAT-03909,Turla,Web Application Attack,T1569 System Services,Healthcare,Kubernetes Cluster,False,84,0.56,Asia-Pacific,Low,High,2025-01-04,2025-08-05,,False,True
THREAT-03910,Nation-State (Russia),Credential Theft,T1027 Obfuscated Files or Information,Manufacturing,Storage Bucket,False,64,0.12,Global,Critical,Medium,2021-06-24,2022-04-14,,False,True
THREAT-03911,TA505,Business Email Compromise,T1071 Application Layer Protocol,Education,Email Server,False,45,0.59,Asia-Pacific,High,Medium,2021-12-01,2022-03-11,CVE-2026-48330,False,False
THREAT-03912,Insider,Cryptojacking,T1566 Phishing,Manufacturing,Web Server,True,19,0.26,Asia-Pacific,Critical,Low,2021-04-07,2021-10-27,,False,True
THREAT-03913,APT28,Business Email Compromise,T1027 Obfuscated Files or Information,Manufacturing,Payment Gateway,True,97,0.51,India,Low,High,2024-02-23,2024-10-28,,False,True
THREAT-03914,Cybercrime Syndicate,Phishing,T1027 Obfuscated Files or Information,E-commerce,Database Server,False,46,0.2,Americas,Critical,High,2025-06-14,2026-05-07,CVE-2026-75592,False,True
THREAT-03915,Hacktivist Group,Cloud Misconfiguration Exploitation,T1569 System Services,Energy,API Gateway,False,54,0.31,Americas,Low,Low,2022-04-11,2022-10-04,,False,False
THREAT-03916,Cybercrime Syndicate,Phishing,T1055 Process Injection,Energy,SaaS Application,False,91,0.48,Americas,Low,High,2025-05-29,2026-02-04,CVE-2026-71313,False,False
THREAT-03917,Hacktivist Group,DDoS,T1190 Exploit Public-Facing Application,E-commerce,Web Server,False,70,0.82,EMEA,Medium,High,2025-09-15,2025-12-21,CVE-2026-78147,False,False
THREAT-03918,Cybercrime Syndicate,Zero-Day Exploit,T1078 Valid Accounts,E-commerce,Web Server,False,42,0.27,Global,Medium,High,2021-03-14,2021-05-05,,False,False
THREAT-03919,Scattered Spider,Insider Threat,T1055 Process Injection,Telecom,Cloud VM,True,3,0.14,Americas,Critical,Medium,2024-12-13,2025-02-15,,False,True
THREAT-03920,Kimsuky,Credential Theft,T1070 Indicator Removal,Energy,Email Server,False,70,0.29,Asia-Pacific,Medium,Low,2022-03-19,2023-03-15,,False,False
THREAT-03921,Lazarus Group,Data Exfiltration,T1055 Process Injection,Government,Web Server,False,77,0.43,Asia-Pacific,Medium,High,2022-12-26,2023-03-10,,False,False
THREAT-03922,ALPHV,Web Application Attack,T1027 Obfuscated Files or Information,Government,Kubernetes Cluster,False,94,0.17,Asia-Pacific,Low,Medium,2024-11-07,2025-08-20,,False,False
THREAT-03923,SilverFox,Zero-Day Exploit,T1105 Ingress Tool Transfer,Insurance,Employee Laptop,False,70,0.43,EMEA,High,Medium,2021-05-17,2021-08-11,,False,True
THREAT-03924,Nation-State (Russia),Phishing,T1003 OS Credential Dumping,Telecom,Database Server,False,100,0.48,Global,High,Medium,2024-12-23,2025-07-05,CVE-2026-7823,True,False
THREAT-03925,Nation-State (China),Phishing,T1133 External Remote Services,Government,Storage Bucket,False,20,0.46,Americas,High,Low,2023-06-07,2024-02-02,CVE-2026-76798,False,False
THREAT-03926,Scattered Spider,Data Exfiltration,T1071 Application Layer Protocol,Healthcare,Cloud VM,False,95,0.2,Americas,Critical,Medium,2024-02-25,2024-12-20,CVE-2026-33444,True,False
THREAT-03927,Insider,Supply Chain Attack,T1133 External Remote Services,Energy,API Gateway,False,30,0.27,Global,Medium,High,2021-10-04,2021-11-07,,False,False
THREAT-03928,ALPHV,Supply Chain Attack,T1569 System Services,Education,Email Server,False,21,0.18,EMEA,Low,High,2021-05-27,2022-04-02,,False,True
THREAT-03929,APT29,Data Exfiltration,T1486 Data Encrypted for Impact,Government,Web Server,True,29,0.14,India,Medium,Low,2022-06-18,2022-09-18,CVE-2026-60389,False,True
THREAT-03930,Mustang Panda,Cryptojacking,T1055 Process Injection,Government,Web Server,False,46,0.24,Asia-Pacific,Critical,Low,2025-02-20,2026-02-14,,False,False
THREAT-03931,ALPHV,DDoS,T1569 System Services,Education,Domain Controller,False,100,0.8,Americas,High,Low,2022-01-21,2022-09-25,,False,False
THREAT-03932,Kimsuky,Data Exfiltration,T1133 External Remote Services,E-commerce,SaaS Application,False,64,0.35,India,Low,Low,2021-12-02,2021-12-15,,False,True
THREAT-03933,Sandworm,Cryptojacking,T1105 Ingress Tool Transfer,IT Services,Storage Bucket,False,28,0.28,EMEA,Critical,Low,2024-09-18,2024-12-12,CVE-2026-57811,False,False
THREAT-03934,ALPHV,Credential Theft,T1190 Exploit Public-Facing Application,IT Services,SaaS Application,False,8,0.17,Americas,Medium,Medium,2024-07-16,2025-01-04,CVE-2026-80604,False,False
THREAT-03935,Turla,Cryptojacking,T1562 Impair Defenses,Energy,Payment Gateway,True,12,0.44,Asia-Pacific,Critical,High,2023-08-11,2024-07-05,,False,False
THREAT-03936,Nation-State (Iran),Data Exfiltration,T1003 OS Credential Dumping,Manufacturing,API Gateway,True,84,0.44,EMEA,Critical,High,2023-08-23,2024-03-26,,False,False
THREAT-03937,SilverFox,Credential Theft,T1071 Application Layer Protocol,Government,SaaS Application,False,9,0.43,Asia-Pacific,Low,Low,2024-10-18,2025-10-04,,False,False
THREAT-03938,Unknown,Cryptojacking,T1059 Command and Scripting Interpreter,E-commerce,Domain Controller,False,21,0.5,Asia-Pacific,High,Medium,2026-06-10,2026-09-04,,False,False
THREAT-03939,Nation-State (Iran),Web Application Attack,T1569 System Services,Healthcare,Storage Bucket,True,15,0.16,Global,Critical,High,2021-12-01,2022-09-08,,False,True
THREAT-03940,APT28,Web Application Attack,T1036 Masquerading,Government,Cloud VM,False,26,0.51,India,Critical,Medium,2024-08-10,2025-02-01,,False,True
THREAT-03941,REvil,Ransomware,T1569 System Services,Manufacturing,Domain Controller,False,26,0.71,India,Low,Low,2022-01-12,2022-12-26,,True,False
THREAT-03942,SilverFox,Insider Threat,T1562 Impair Defenses,E-commerce,SaaS Application,True,3,0.17,EMEA,Medium,Low,2023-06-11,2023-08-27,,False,True
THREAT-03943,Sandworm,Ransomware,T1055 Process Injection,E-commerce,SaaS Application,False,43,0.34,Global,Medium,Low,2023-04-25,2024-03-12,,True,True
THREAT-03944,Conti,Ransomware,T1486 Data Encrypted for Impact,IT Services,API Gateway,False,10,0.34,EMEA,High,Medium,2022-10-15,2023-06-20,,True,True
THREAT-03945,Nation-State (Iran),DDoS,T1078 Valid Accounts,E-commerce,SaaS Application,False,93,0.75,Americas,Critical,Medium,2024-08-05,2025-07-19,,False,False
THREAT-03946,Insider,Cryptojacking,T1053 Scheduled Task/Job,Education,Payment Gateway,False,84,0.28,Asia-Pacific,Medium,Low,2026-07-28,2026-09-02,,False,False
THREAT-03947,Turla,Cryptojacking,T1059 Command and Scripting Interpreter,Education,Web Server,True,69,0.37,Asia-Pacific,Critical,Medium,2025-03-28,2026-02-01,CVE-2026-84187,False,True
THREAT-03948,Turla,Web Application Attack,T1027 Obfuscated Files or Information,Insurance,Cloud VM,False,52,0.25,Americas,Low,Low,2025-06-07,2026-05-09,,False,False
THREAT-03949,Nation-State (Iran),Ransomware,T1027 Obfuscated Files or Information,Government,Kubernetes Cluster,False,38,0.66,Global,Medium,Low,2025-12-28,2026-08-01,CVE-2026-69090,True,True
THREAT-03950,TA505,Insider Threat,T1070 Indicator Removal,Energy,Kubernetes Cluster,True,9,0.15,EMEA,Low,High,2024-12-19,2025-05-26,,False,True
THREAT-03951,REvil,Cloud Misconfiguration Exploitation,T1133 External Remote Services,Manufacturing,Cloud VM,True,90,0.59,Asia-Pacific,Critical,Low,2025-12-13,2026-05-08,CVE-2026-71920,True,True
THREAT-03952,Scattered Spider,Supply Chain Attack,T1048 Exfiltration Over Alternative Protocol,Energy,Cloud VM,False,30,0.37,India,Low,Low,2026-02-10,2026-09-04,,True,True
THREAT-03953,Cybercrime Syndicate,Data Exfiltration,T1566 Phishing,Government,Kubernetes Cluster,True,41,0.49,Americas,Low,Medium,2023-10-22,2023-11-20,CVE-2026-9475,False,False
THREAT-03954,Kimsuky,DDoS,T1021 Remote Services,Government,Employee Laptop,True,48,0.62,Americas,Critical,Medium,2021-10-19,2022-03-25,,False,False
THREAT-03955,REvil,Insider Threat,T1003 OS Credential Dumping,Insurance,Kubernetes Cluster,True,8,0.37,India,Low,High,2024-07-19,2024-12-16,,False,True
THREAT-03956,FIN7,Supply Chain Attack,T1486 Data Encrypted for Impact,E-commerce,Domain Controller,True,16,0.19,EMEA,Medium,High,2024-07-13,2025-06-12,CVE-2026-55970,False,True
THREAT-03957,Mustang Panda,Zero-Day Exploit,T1566 Phishing,Manufacturing,Database Server,False,99,0.25,India,Medium,Low,2021-06-08,2021-06-23,CVE-2026-78178,False,False
THREAT-03958,Nation-State (Iran),Credential Theft,T1562 Impair Defenses,IT Services,Kubernetes Cluster,True,6,0.12,EMEA,High,Low,2025-10-21,2026-06-07,,False,False
THREAT-03959,Insider,Cryptojacking,T1566 Phishing,Manufacturing,Email Server,False,77,0.21,Global,Medium,Low,2023-01-07,2023-04-08,,True,False
THREAT-03960,SilverFox,Phishing,T1105 Ingress Tool Transfer,Energy,API Gateway,False,59,0.12,Global,Medium,Medium,2021-11-28,2022-10-19,,False,False
THREAT-03961,APT28,Web Application Attack,T1105 Ingress Tool Transfer,Government,Database Server,False,26,0.56,Asia-Pacific,Low,Low,2022-05-08,2022-07-13,,False,False
THREAT-03962,Nation-State (Russia),Cloud Misconfiguration Exploitation,T1027 Obfuscated Files or Information,Education,Cloud VM,True,57,0.16,India,Critical,Medium,2023-03-01,2023-04-15,CVE-2026-68767,False,False
THREAT-03963,REvil,Cryptojacking,T1036 Masquerading,Government,Database Server,False,14,0.41,EMEA,Critical,High,2024-05-16,2024-06-01,CVE-2026-79182,False,False
THREAT-03964,Insider,Phishing,T1133 External Remote Services,Insurance,Cloud VM,True,71,0.58,EMEA,Medium,Low,2026-07-15,2026-09-04,,False,False
THREAT-03965,Nation-State (China),Web Application Attack,T1078 Valid Accounts,Government,Employee Laptop,False,39,0.14,EMEA,Low,Medium,2021-09-18,2022-07-06,CVE-2026-72791,False,False
THREAT-03966,Scattered Spider,Phishing,T1055 Process Injection,Energy,API Gateway,False,81,0.48,Americas,Medium,Medium,2022-04-24,2022-12-29,,False,False
THREAT-03967,Nation-State (China),Ransomware,T1078 Valid Accounts,Telecom,Storage Bucket,True,9,0.69,Americas,Low,Medium,2025-01-07,2025-12-22,,True,True
THREAT-03968,Script Kiddie,Supply Chain Attack,T1071 Application Layer Protocol,Insurance,Email Server,False,42,0.39,Americas,High,Low,2021-10-11,2022-09-06,,False,False
THREAT-03969,ALPHV,Cloud Misconfiguration Exploitation,T1048 Exfiltration Over Alternative Protocol,Insurance,Database Server,False,87,0.45,Asia-Pacific,Critical,High,2026-01-18,2026-06-14,,False,False
THREAT-03970,LockBit,Ransomware,T1105 Ingress Tool Transfer,Manufacturing,Web Server,False,8,0.31,Global,Low,Medium,2022-12-20,2023-03-22,,True,True
THREAT-03971,Script Kiddie,Supply Chain Attack,T1055 Process Injection,Government,Storage Bucket,True,88,0.35,India,Critical,Low,2024-10-02,2025-04-05,,False,False
THREAT-03972,Cybercrime Syndicate,Credential Theft,T1133 External Remote Services,Insurance,Web Server,False,88,0.34,EMEA,Medium,Medium,2021-06-21,2021-11-09,CVE-2026-57827,False,False
THREAT-03973,Lazarus Group,Insider Threat,T1082 System Information Discovery,IT Services,Web Server,False,5,0.35,Americas,Critical,Medium,2021-05-21,2021-06-01,,False,True
THREAT-03974,Nation-State (Iran),Phishing,T1562 Impair Defenses,E-commerce,Database Server,False,83,0.21,Global,Critical,Low,2023-12-18,2024-06-08,CVE-2026-9476,False,False
THREAT-03975,Conti,Data Exfiltration,T1027 Obfuscated Files or Information,E-commerce,SaaS Application,False,35,0.13,EMEA,Medium,Low,2024-02-02,2024-11-21,,False,False
THREAT-03976,Script Kiddie,Cloud Misconfiguration Exploitation,T1105 Ingress Tool Transfer,Energy,Domain Controller,False,44,0.14,Global,Medium,Medium,2022-05-16,2023-01-23,,False,False
THREAT-03977,Lazarus Group,Business Email Compromise,T1133 External Remote Services,IT Services,Cloud VM,False,45,0.23,India,Low,Low,2026-07-14,2026-09-04,CVE-2026-82462,False,False
THREAT-03978,TA505,Phishing,T1133 External Remote Services,E-commerce,Database Server,False,88,0.33,India,High,Medium,2024-04-22,2024-08-21,,False,False
THREAT-03979,REvil,Credential Theft,T1071 Application Layer Protocol,Energy,Email Server,True,15,0.58,EMEA,Low,Low,2026-07-07,2026-08-03,CVE-2026-76131,False,True
THREAT-03980,Lazarus Group,Insider Threat,T1070 Indicator Removal,Energy,Domain Controller,True,3,0.36,India,Critical,Low,2021-08-11,2021-12-13,,False,True
THREAT-03981,Kimsuky,Data Exfiltration,T1055 Process Injection,IT Services,Storage Bucket,True,6,0.55,India,Medium,Low,2022-05-21,2022-10-01,,False,False
THREAT-03982,Conti,Data Exfiltration,T1003 OS Credential Dumping,Energy,Cloud VM,True,65,0.31,Global,Low,Low,2022-06-10,2023-05-03,,False,False
THREAT-03983,Nation-State (Iran),Business Email Compromise,T1486 Data Encrypted for Impact,Government,Payment Gateway,False,76,0.29,EMEA,High,Medium,2024-02-18,2024-09-12,CVE-2026-45754,False,True
THREAT-03984,APT28,Phishing,T1036 Masquerading,IT Services,Domain Controller,False,82,0.26,Global,High,Low,2023-03-19,2023-07-19,CVE-2026-80635,False,False
THREAT-03985,ALPHV,Cryptojacking,T1059 Command and Scripting Interpreter,E-commerce,Payment Gateway,True,26,0.3,Americas,High,Medium,2024-09-10,2025-07-23,,False,False
THREAT-03986,Kimsuky,Credential Theft,T1036 Masquerading,Insurance,SaaS Application,True,95,0.53,India,High,Low,2024-06-05,2025-05-16,,False,False
THREAT-03987,FIN7,DDoS,T1059 Command and Scripting Interpreter,E-commerce,Cloud VM,False,183,0.45,Americas,High,Medium,2022-11-28,2023-05-26,CVE-2026-48056,False,False
THREAT-03988,Turla,Data Exfiltration,T1036 Masquerading,IT Services,Web Server,True,75,0.35,Global,High,Medium,2026-01-12,2026-09-04,,False,True
THREAT-03989,FIN7,Zero-Day Exploit,T1190 Exploit Public-Facing Application,Government,Cloud VM,True,72,0.28,Global,Low,Medium,2023-10-15,2023-11-14,CVE-2026-59240,False,True
THREAT-03990,TA505,Web Application Attack,T1133 External Remote Services,Insurance,Cloud VM,False,99,0.6,Global,Medium,Medium,2023-11-09,2024-03-02,CVE-2026-19027,False,True
THREAT-03991,FIN7,Web Application Attack,T1105 Ingress Tool Transfer,E-commerce,Kubernetes Cluster,False,47,0.42,Asia-Pacific,High,Low,2025-07-15,2025-11-27,,False,True
THREAT-03992,Script Kiddie,Phishing,T1003 OS Credential Dumping,Energy,Employee Laptop,False,56,0.6,Asia-Pacific,High,Medium,2024-02-03,2024-05-16,CVE-2026-72803,True,True
THREAT-03993,Lazarus Group,Phishing,T1078 Valid Accounts,E-commerce,Cloud VM,True,55,0.58,Asia-Pacific,Critical,Low,2021-12-05,2022-07-24,,True,True
THREAT-03994,Scattered Spider,Ransomware,T1486 Data Encrypted for Impact,IT Services,Employee Laptop,False,9,0.59,EMEA,High,High,2024-05-05,2025-02-05,,True,False
THREAT-03995,Nation-State (Russia),Cryptojacking,T1190 Exploit Public-Facing Application,Energy,Database Server,True,37,0.21,Asia-Pacific,Medium,Medium,2024-07-05,2024-12-25,,False,False
THREAT-03996,Insider,Supply Chain Attack,T1070 Indicator Removal,Telecom,SaaS Application,False,67,0.34,EMEA,Medium,High,2026-07-27,2026-09-04,,False,False
THREAT-03997,Sandworm,Zero-Day Exploit,T1021 Remote Services,Manufacturing,Database Server,True,30,0.31,Asia-Pacific,Critical,Low,2022-11-28,2023-01-17,,False,False
THREAT-03998,Insider,Data Exfiltration,T1053 Scheduled Task/Job,E-commerce,Web Server,False,71,0.49,India,Critical,High,2022-10-13,2023-06-16,CVE-2026-54526,False,False
THREAT-03999,TA505,Ransomware,T1486 Data Encrypted for Impact,E-commerce,Payment Gateway,True,35,0.34,Global,Critical,Medium,2026-06-11,2026-07-13,,True,True
THREAT-04000,Kimsuky,Data Exfiltration,T1190 Exploit Public-Facing Application,Energy,Employee Laptop,True,40,0.17,EMEA,Low,Low,2023-01-05,2023-07-07,,False,False
THREAT-04001,Script Kiddie,Cloud Misconfiguration Exploitation,T1110 Brute Force,Education,Storage Bucket,True,59,0.42,Asia-Pacific,Low,High,2022-01-28,2022-03-14,,False,False
THREAT-04002,LockBit,DDoS,T1048 Exfiltration Over Alternative Protocol,Insurance,Web Server,False,167,0.68,Global,High,High,2025-06-05,2026-05-02,CVE-2026-9407,False,False
THREAT-04003,TA505,Cryptojacking,T1003 OS Credential Dumping,Education,Web Server,True,7,0.53,Asia-Pacific,High,Medium,2025-06-22,2026-01-08,CVE-2026-8983,False,False
THREAT-04004,Unknown,Phishing,T1110 Brute Force,Manufacturing,Payment Gateway,False,28,0.28,India,Medium,Low,2025-12-04,2026-02-17,CVE-2026-55678,False,False
THREAT-04005,Mustang Panda,Ransomware,T1082 System Information Discovery,Education,Database Server,False,23,0.46,Americas,Medium,High,2026-04-18,2026-08-12,CVE-2026-19591,True,True
THREAT-04006,APT28,Ransomware,T1569 System Services,Government,Email Server,True,32,0.58,Asia-Pacific,Critical,Medium,2025-02-12,2025-06-25,,True,True
THREAT-04007,TA505,DDoS,T1027 Obfuscated Files or Information,IT Services,SaaS Application,True,108,0.79,Asia-Pacific,High,Medium,2024-10-29,2025-07-30,CVE-2026-67217,False,False
THREAT-04008,LockBit,DDoS,T1078 Valid Accounts,Education,SaaS Application,False,174,0.79,EMEA,Critical,High,2024-08-21,2024-09-18,CVE-2026-49211,False,False
THREAT-04009,Sandworm,Phishing,T1027 Obfuscated Files or Information,Energy,Employee Laptop,True,93,0.37,EMEA,Critical,High,2023-06-23,2023-10-12,,False,False
THREAT-04010,Scattered Spider,Business Email Compromise,T1055 Process Injection,Government,API Gateway,False,92,0.38,Global,Critical,High,2022-03-18,2023-02-20,,False,False
THREAT-04011,Lazarus Group,Supply Chain Attack,T1486 Data Encrypted for Impact,Energy,Storage Bucket,False,20,0.5,India,Critical,Medium,2022-02-26,2022-06-25,,False,False
THREAT-04012,Turla,Supply Chain Attack,T1133 External Remote Services,Government,Cloud VM,False,93,0.3,EMEA,Critical,Medium,2026-01-10,2026-07-24,,False,False
THREAT-04013,APT29,Supply Chain Attack,T1105 Ingress Tool Transfer,Energy,SaaS Application,False,29,0.13,Global,High,High,2025-09-11,2025-10-22,,False,False
THREAT-04014,Kimsuky,Credential Theft,T1027 Obfuscated Files or Information,Energy,Storage Bucket,True,99,0.33,Global,Low,High,2026-07-09,2026-08-19,,False,False
THREAT-04015,Scattered Spider,Phishing,T1486 Data Encrypted for Impact,Energy,Storage Bucket,True,17,0.18,Asia-Pacific,Low,High,2022-02-13,2022-09-04,,False,False
THREAT-04016,FIN7,Ransomware,T1133 External Remote Services,Government,Web Server,True,27,0.34,EMEA,Critical,Medium,2022-09-09,2023-07-29,,True,False
THREAT-04017,Nation-State (China),Phishing,T1569 System Services,Energy,Cloud VM,False,87,0.34,India,High,High,2026-05-05,2026-09-02,,False,False
THREAT-04018,Scattered Spider,Data Exfiltration,T1486 Data Encrypted for Impact,E-commerce,Cloud VM,True,75,0.18,Americas,Critical,High,2024-07-02,2024-09-28,CVE-2026-72802,False,False
THREAT-04019,Mustang Panda,DDoS,T1036 Masquerading,Government,Kubernetes Cluster,True,21,0.9,Asia-Pacific,Medium,Medium,2022-07-14,2023-07-11,,False,False
THREAT-04020,Unknown,Business Email Compromise,T1036 Masquerading,Education,Database Server,True,61,0.47,Global,Low,Low,2023-12-22,2024-02-26,,False,False
THREAT-04021,Hacktivist Group,Web Application Attack,T1569 System Services,E-commerce,Payment Gateway,False,70,0.39,Asia-Pacific,Critical,Low,2021-11-29,2021-12-29,,False,False
THREAT-04022,SilverFox,Cryptojacking,T1036 Masquerading,Education,Payment Gateway,True,26,0.32,Americas,Low,Low,2025-02-07,2026-01-19,CVE-2026-18602,False,False
THREAT-04023,Hacktivist Group,Cryptojacking,T1105 Ingress Tool Transfer,Education,API Gateway,True,59,0.19,EMEA,High,High,2024-12-07,2025-08-19,,False,False
THREAT-04024,REvil,DDoS,T1082 System Information Discovery,Manufacturing,Kubernetes Cluster,True,153,0.4,Asia-Pacific,Critical,High,2022-11-18,2022-11-24,,False,False
THREAT-04025,Unknown,Cloud Misconfiguration Exploitation,T1562 Impair Defenses,Energy,Email Server,True,41,0.14,EMEA,High,Low,2022-12-31,2023-10-28,CVE-2026-18394,False,False
THREAT-04026,Insider,DDoS,T1070 Indicator Removal,Government,Employee Laptop,False,76,0.9,India,Low,Medium,2024-07-29,2024-09-01,,False,False
THREAT-04027,Mustang Panda,Ransomware,T1053 Scheduled Task/Job,Government,Cloud VM,False,43,0.47,Americas,Medium,Low,2022-03-02,2022-08-04,,True,True
THREAT-04028,TA505,Cryptojacking,T1070 Indicator Removal,E-commerce,API Gateway,True,16,0.17,Asia-Pacific,Medium,Medium,2025-02-09,2025-05-25,CVE-2026-65880,False,False
THREAT-04029,Script Kiddie,Credential Theft,T1082 System Information Discovery,Telecom,Kubernetes Cluster,False,88,0.22,India,Medium,Medium,2024-01-01,2024-05-07,,False,False
THREAT-04030,Script Kiddie,Web Application Attack,T1082 System Information Discovery,Education,Database Server,True,43,0.58,Global,Medium,Low,2021-04-10,2021-08-18,CVE-2026-7244,False,False
THREAT-04031,ALPHV,Supply Chain Attack,T1036 Masquerading,Healthcare,Payment Gateway,False,16,0.42,Asia-Pacific,Medium,High,2025-01-12,2025-05-06,CVE-2026-18193,False,True
THREAT-04032,Script Kiddie,Web Application Attack,T1569 System Services,Insurance,API Gateway,True,59,0.11,India,High,High,2025-08-24,2026-06-19,CVE-2026-9477,False,False
THREAT-04033,REvil,DDoS,T1048 Exfiltration Over Alternative Protocol,Government,Payment Gateway,True,199,0.43,Asia-Pacific,High,Medium,2025-02-20,2026-01-30,CVE-2026-48736,False,False
THREAT-04034,ALPHV,Business Email Compromise,T1021 Remote Services,Education,API Gateway,False,27,0.42,Asia-Pacific,Critical,High,2025-10-25,2026-02-06,CVE-2026-73678,False,False
THREAT-04035,Scattered Spider,Zero-Day Exploit,T1110 Brute Force,Manufacturing,Storage Bucket,False,26,0.41,Global,High,Low,2023-12-03,2024-01-15,CVE-2026-60118,False,False
THREAT-04036,Cybercrime Syndicate,Ransomware,T1562 Impair Defenses,Government,Kubernetes Cluster,True,45,0.44,Global,Critical,Low,2025-04-12,2025-06-10,,True,True
THREAT-04037,Script Kiddie,Web Application Attack,T1053 Scheduled Task/Job,Insurance,Cloud VM,False,43,0.1,Global,Critical,High,2021-07-14,2021-08-27,,False,False
THREAT-04038,Hacktivist Group,Credential Theft,T1110 Brute Force,Education,Cloud VM,False,45,0.12,EMEA,Medium,Medium,2026-01-19,2026-07-22,,True,False
THREAT-04039,SilverFox,Cloud Misconfiguration Exploitation,T1105 Ingress Tool Transfer,Education,Database Server,True,93,0.12,India,High,High,2022-05-02,2022-09-13,,False,True
THREAT-04040,Insider,Business Email Compromise,T1486 Data Encrypted for Impact,Energy,Domain Controller,False,26,0.23,Global,High,Medium,2022-11-05,2022-11-12,CVE-2026-19188,False,False
THREAT-04041,Cybercrime Syndicate,Ransomware,T1078 Valid Accounts,Education,Domain Controller,True,22,0.39,India,Medium,Low,2025-11-15,2026-09-04,CVE-2026-7834,True,True
THREAT-04042,REvil,Phishing,T1055 Process Injection,Government,API Gateway,False,36,0.46,Global,Low,Low,2022-06-18,2022-07-25,,False,False
THREAT-04043,FIN7,Ransomware,T1110 Brute Force,Manufacturing,Cloud VM,True,27,0.65,EMEA,High,Low,2024-09-22,2024-10-25,,True,True
THREAT-04044,Cybercrime Syndicate,Web Application Attack,T1105 Ingress Tool Transfer,Manufacturing,Email Server,True,5,0.3,Asia-Pacific,Medium,High,2025-08-10,2026-06-19,,False,True
THREAT-04045,Unknown,DDoS,T1059 Command and Scripting Interpreter,Healthcare,Web Server,False,70,0.47,Asia-Pacific,High,High,2026-03-22,2026-09-04,,False,False
THREAT-04046,Insider,Web Application Attack,T1082 System Information Discovery,Insurance,Cloud VM,True,68,0.17,Asia-Pacific,Medium,High,2025-08-15,2026-01-11,CVE-2026-9406,False,False
THREAT-04047,Unknown,DDoS,T1133 External Remote Services,Education,Kubernetes Cluster,False,133,0.67,EMEA,High,High,2023-11-03,2024-03-01,CVE-2026-64627,False,False
THREAT-04048,Nation-State (China),Ransomware,T1133 External Remote Services,Energy,SaaS Application,False,22,0.49,India,High,High,2025-05-28,2026-05-16,CVE-2026-75754,True,True
THREAT-04049,APT28,Zero-Day Exploit,T1048 Exfiltration Over Alternative Protocol,Government,API Gateway,True,18,0.4,EMEA,Critical,Medium,2022-08-30,2023-03-20,,False,True
THREAT-04050,FIN7,Zero-Day Exploit,T1059 Command and Scripting Interpreter,IT Services,Database Server,False,47,0.41,Asia-Pacific,Critical,Medium,2024-06-18,2025-04-29,,False,False
THREAT-04051,SilverFox,Data Exfiltration,T1059 Command and Scripting Interpreter,Government,Web Server,True,22,0.28,Global,High,Medium,2023-04-03,2024-04-02,CVE-2026-24033,False,False
THREAT-04052,LockBit,Supply Chain Attack,T1003 OS Credential Dumping,Energy,Cloud VM,True,35,0.19,Global,Critical,Low,2026-04-01,2026-09-04,,False,False
THREAT-04053,APT29,Data Exfiltration,T1027 Obfuscated Files or Information,Government,Email Server,False,59,0.11,India,Low,Low,2023-01-16,2023-10-03,,False,False
THREAT-04054,Unknown,Credential Theft,T1190 Exploit Public-Facing Application,Energy,Kubernetes Cluster,True,64,0.33,Asia-Pacific,High,Low,2024-08-23,2025-08-18,CVE-2026-60365,False,True
THREAT-04055,Sandworm,Data Exfiltration,T1070 Indicator Removal,Energy,Kubernetes Cluster,True,63,0.3,Global,High,Low,2022-03-13,2022-03-17,CVE-2026-63033,False,False
THREAT-04056,Turla,Data Exfiltration,T1070 Indicator Removal,Energy,API Gateway,False,67,0.53,Global,Medium,High,2025-08-18,2025-12-18,,True,True
THREAT-04057,Insider,Cryptojacking,T1486 Data Encrypted for Impact,Telecom,Web Server,True,24,0.5,Global,Medium,Low,2022-03-28,2022-04-10,CVE-2026-60379,True,True
THREAT-04058,Nation-State (Russia),Insider Threat,T1071 Application Layer Protocol,Insurance,Kubernetes Cluster,False,8,0.19,Asia-Pacific,High,Medium,2026-07-27,2026-09-04,,False,True
THREAT-04059,Turla,Insider Threat,T1566 Phishing,Manufacturing,Storage Bucket,True,10,0.29,Global,Low,Medium,2023-10-16,2024-09-30,,False,True
THREAT-04060,Cybercrime Syndicate,DDoS,T1003 OS Credential Dumping,Healthcare,SaaS Application,False,115,0.59,India,Critical,High,2023-03-06,2023-09-26,,False,False
THREAT-04061,REvil,Supply Chain Attack,T1110 Brute Force,Telecom,API Gateway,False,60,0.19,Asia-Pacific,Medium,Low,2026-04-24,2026-05-08,CVE-2026-9456,False,False
THREAT-04062,Hacktivist Group,Phishing,T1082 System Information Discovery,E-commerce,Domain Controller,False,35,0.48,EMEA,Critical,Low,2021-06-30,2021-09-12,CVE-2026-84481,False,True
THREAT-04063,Script Kiddie,Supply Chain Attack,T1110 Brute Force,Government,Web Server,False,34,0.6,India,Medium,High,2025-10-28,2026-09-04,CVE-2026-12036,False,True
THREAT-04064,Insider,Supply Chain Attack,T1190 Exploit Public-Facing Application,Manufacturing,Email Server,True,43,0.23,Americas,High,Low,2023-01-18,2023-07-08,,False,False
THREAT-04065,Conti,Credential Theft,T1486 Data Encrypted for Impact,Energy,Domain Controller,False,70,0.11,Global,Critical,High,2022-08-24,2023-05-13,,True,True
THREAT-04066,Insider,Cloud Misconfiguration Exploitation,T1055 Process Injection,Government,Cloud VM,False,100,0.58,Americas,High,Low,2023-04-23,2023-06-23,,False,True
THREAT-04067,Hacktivist Group,Business Email Compromise,T1486 Data Encrypted for Impact,Manufacturing,Email Server,False,56,0.49,Asia-Pacific,Low,High,2023-12-19,2024-03-17,CVE-2026-4184,False,False
THREAT-04068,Turla,Web Application Attack,T1053 Scheduled Task/Job,Energy,SaaS Application,True,56,0.19,EMEA,Critical,Medium,2025-08-04,2025-11-14,,False,False
THREAT-04069,Kimsuky,Phishing,T1110 Brute Force,Manufacturing,Database Server,True,27,0.6,Americas,High,Low,2023-10-17,2024-01-06,,True,False
THREAT-04070,APT28,Business Email Compromise,T1036 Masquerading,Telecom,Database Server,True,60,0.26,Americas,Critical,Medium,2023-11-09,2024-07-05,CVE-2026-55509,False,False
THREAT-04071,Hacktivist Group,Supply Chain Attack,T1070 Indicator Removal,IT Services,Database Server,True,82,0.35,Asia-Pacific,Medium,Medium,2021-09-22,2022-08-22,,False,False
THREAT-04072,LockBit,Web Application Attack,T1036 Masquerading,IT Services,Web Server,True,64,0.54,India,Medium,Medium,2023-06-26,2023-11-25,,False,False
THREAT-04073,Scattered Spider,Credential Theft,T1110 Brute Force,Government,Email Server,False,47,0.17,Americas,Medium,Medium,2022-01-17,2022-03-21,,True,False
THREAT-04074,Nation-State (Iran),Cryptojacking,T1055 Process Injection,Education,Kubernetes Cluster,True,79,0.39,EMEA,Medium,High,2024-08-05,2024-10-01,,False,True
THREAT-04075,Kimsuky,Data Exfiltration,T1078 Valid Accounts,Manufacturing,API Gateway,True,26,0.6,Americas,Low,High,2023-12-16,2024-05-03,,False,False
THREAT-04076,Sandworm,Zero-Day Exploit,T1562 Impair Defenses,Energy,Cloud VM,False,38,0.55,Asia-Pacific,Low,High,2021-12-16,2022-09-15,CVE-2026-6114,False,False
THREAT-04077,APT29,Credential Theft,T1133 External Remote Services,Energy,Payment Gateway,True,89,0.13,EMEA,Low,Low,2022-02-05,2022-04-25,CVE-2026-9386,False,False
THREAT-04078,Scattered Spider,Insider Threat,T1048 Exfiltration Over Alternative Protocol,IT Services,Employee Laptop,False,6,0.37,Global,Medium,High,2026-05-18,2026-09-04,,False,True
THREAT-04079,Scattered Spider,Credential Theft,T1071 Application Layer Protocol,Telecom,SaaS Application,False,25,0.37,Global,Low,Low,2025-09-21,2026-05-02,CVE-2026-72984,False,False
THREAT-04080,Scattered Spider,Ransomware,T1569 System Services,Energy,Database Server,True,21,0.56,Global,Critical,High,2025-10-04,2026-06-01,CVE-2026-30864,True,True
THREAT-04081,Nation-State (China),Cloud Misconfiguration Exploitation,T1105 Ingress Tool Transfer,Government,SaaS Application,True,69,0.2,Global,Medium,High,2024-08-18,2025-03-29,,False,True
THREAT-04082,APT28,Cloud Misconfiguration Exploitation,T1566 Phishing,Energy,Kubernetes Cluster,True,58,0.11,Americas,Low,High,2023-07-26,2024-05-23,CVE-2026-53667,True,False
THREAT-04083,Lazarus Group,Cryptojacking,T1133 External Remote Services,Energy,Storage Bucket,True,87,0.13,EMEA,Medium,High,2024-11-10,2024-12-22,,False,False
THREAT-04084,APT29,Phishing,T1082 System Information Discovery,Energy,Storage Bucket,False,24,0.25,Asia-Pacific,High,Medium,2021-11-02,2022-02-09,,False,False
THREAT-04085,Nation-State (Iran),Web Application Attack,T1082 System Information Discovery,Energy,Storage Bucket,False,7,0.11,India,High,Low,2023-05-27,2024-04-27,,False,False
THREAT-04086,Turla,Zero-Day Exploit,T1071 Application Layer Protocol,Energy,Payment Gateway,False,70,0.53,Asia-Pacific,High,Low,2023-12-03,2024-07-28,CVE-2026-56191,False,False
THREAT-04087,Unknown,Phishing,T1486 Data Encrypted for Impact,Telecom,Payment Gateway,False,22,0.56,Asia-Pacific,Critical,Low,2023-10-24,2023-12-23,CVE-2026-4585,False,False
THREAT-04088,FIN7,Phishing,T1105 Ingress Tool Transfer,E-commerce,SaaS Application,False,6,0.36,Global,Medium,Medium,2023-10-20,2024-06-18,,False,False
THREAT-04089,Turla,Data Exfiltration,T1133 External Remote Services,Manufacturing,Domain Controller,True,87,0.43,India,Critical,Low,2021-08-12,2022-06-25,,False,False
THREAT-04090,Turla,Cryptojacking,T1566 Phishing,Energy,Storage Bucket,True,13,0.21,Americas,Low,High,2024-03-19,2024-09-10,CVE-2026-77638,False,True
THREAT-04091,LockBit,Supply Chain Attack,T1053 Scheduled Task/Job,Education,Cloud VM,False,41,0.15,Americas,Low,High,2023-05-14,2023-11-22,CVE-2026-27590,False,True
THREAT-04092,FIN7,Phishing,T1021 Remote Services,Insurance,Web Server,True,27,0.16,Americas,Medium,Medium,2021-05-13,2022-05-13,CVE-2026-70921,False,False
THREAT-04093,Turla,Insider Threat,T1190 Exploit Public-Facing Application,Energy,Email Server,False,10,0.22,Asia-Pacific,Critical,Medium,2024-09-21,2025-08-30,,False,True
THREAT-04094,REvil,Web Application Attack,T1190 Exploit Public-Facing Application,Manufacturing,Domain Controller,False,70,0.49,Americas,Low,Low,2021-07-26,2022-01-24,,True,False
THREAT-04095,Mustang Panda,Business Email Compromise,T1082 System Information Discovery,Education,Storage Bucket,False,32,0.55,Americas,Medium,Medium,2022-12-13,2023-06-22,CVE-2026-7538,False,False
THREAT-04096,Script Kiddie,Business Email Compromise,T1190 Exploit Public-Facing Application,Energy,Kubernetes Cluster,False,14,0.51,EMEA,Critical,Low,2021-06-17,2021-10-25,,False,True
THREAT-04097,REvil,Insider Threat,T1048 Exfiltration Over Alternative Protocol,Education,Storage Bucket,True,7,0.19,Asia-Pacific,Medium,High,2022-01-22,2022-07-21,,False,True
THREAT-04098,Nation-State (China),Phishing,T1055 Process Injection,Government,Kubernetes Cluster,False,60,0.39,India,High,High,2024-09-02,2025-02-06,CVE-2026-9434,False,False
THREAT-04099,FIN7,Cryptojacking,T1003 OS Credential Dumping,Government,Employee Laptop,True,92,0.26,Asia-Pacific,High,Low,2023-04-18,2023-11-29,CVE-2026-79187,False,False
THREAT-04100,REvil,Cryptojacking,T1055 Process Injection,Energy,SaaS Application,True,84,0.48,Asia-Pacific,Low,Medium,2025-08-09,2026-05-21,,False,False
THREAT-04101,Mustang Panda,Zero-Day Exploit,T1003 OS Credential Dumping,Telecom,Web Server,False,84,0.11,Asia-Pacific,Medium,High,2022-10-23,2023-06-27,,False,False
THREAT-04102,Hacktivist Group,Zero-Day Exploit,T1053 Scheduled Task/Job,IT Services,Domain Controller,True,67,0.47,EMEA,High,Low,2023-12-11,2024-05-03,,True,False
THREAT-04103,LockBit,Cryptojacking,T1071 Application Layer Protocol,Manufacturing,SaaS Application,False,17,0.18,EMEA,Critical,Low,2024-04-23,2024-09-10,,False,False
THREAT-04104,Sandworm,Web Application Attack,T1055 Process Injection,Insurance,SaaS Application,False,51,0.19,Asia-Pacific,Critical,Medium,2024-01-16,2024-02-28,,False,False
THREAT-04105,REvil,Supply Chain Attack,T1562 Impair Defenses,E-commerce,Domain Controller,False,70,0.46,Asia-Pacific,Medium,High,2023-02-18,2023-06-23,,False,False
THREAT-04106,Mustang Panda,Data Exfiltration,T1569 System Services,IT Services,Domain Controller,False,24,0.29,India,Medium,Low,2025-12-18,2026-06-03,CVE-2026-77995,False,False
THREAT-04107,LockBit,Cryptojacking,T1003 OS Credential Dumping,Government,API Gateway,True,30,0.53,Asia-Pacific,Low,Medium,2023-02-17,2023-11-07,,False,False
THREAT-04108,Scattered Spider,Zero-Day Exploit,T1566 Phishing,Government,API Gateway,False,31,0.21,EMEA,High,Medium,2026-02-25,2026-09-04,,False,True
THREAT-04109,Turla,Ransomware,T1048 Exfiltration Over Alternative Protocol,IT Services,Email Server,False,24,0.79,Americas,Low,Medium,2024-11-05,2025-01-13,,True,True
THREAT-04110,ALPHV,Cloud Misconfiguration Exploitation,T1055 Process Injection,E-commerce,Domain Controller,True,74,0.47,Asia-Pacific,Critical,Low,2025-11-24,2026-02-27,CVE-2026-78236,False,False
THREAT-04111,Hacktivist Group,Web Application Attack,T1562 Impair Defenses,Education,SaaS Application,False,18,0.11,Global,High,Medium,2023-03-26,2023-05-11,CVE-2026-73705,True,False
THREAT-04112,Cybercrime Syndicate,Supply Chain Attack,T1082 System Information Discovery,Manufacturing,Web Server,False,42,0.41,Global,High,Low,2026-01-01,2026-09-04,CVE-2026-3485,False,False
THREAT-04113,Kimsuky,Insider Threat,T1053 Scheduled Task/Job,Manufacturing,Cloud VM,True,4,0.19,Global,High,Medium,2024-01-13,2024-10-30,CVE-2026-63734,False,True
THREAT-04114,APT29,Supply Chain Attack,T1566 Phishing,Healthcare,Domain Controller,False,100,0.55,Global,Critical,High,2023-08-16,2023-12-24,,False,False
THREAT-04115,ALPHV,Credential Theft,T1486 Data Encrypted for Impact,Energy,Database Server,True,93,0.38,Global,Critical,High,2024-10-18,2025-10-14,CVE-2026-40873,False,False
THREAT-04116,TA505,Data Exfiltration,T1003 OS Credential Dumping,Energy,Payment Gateway,False,69,0.33,EMEA,Critical,Medium,2025-05-31,2025-08-20,,False,False
THREAT-04117,APT28,Insider Threat,T1078 Valid Accounts,E-commerce,Cloud VM,False,6,0.14,India,Low,Medium,2023-11-24,2024-07-05,CVE-2026-47828,False,True
THREAT-04118,Mustang Panda,DDoS,T1021 Remote Services,Energy,Storage Bucket,True,168,0.44,Americas,Critical,High,2025-10-06,2026-07-22,,False,False
THREAT-04119,Unknown,Cloud Misconfiguration Exploitation,T1133 External Remote Services,Manufacturing,Payment Gateway,False,81,0.34,Global,Low,High,2023-01-14,2023-12-19,CVE-2026-39944,True,True
THREAT-04120,FIN7,Ransomware,T1003 OS Credential Dumping,Insurance,API Gateway,False,9,0.57,Americas,Low,Low,2022-01-26,2022-07-21,CVE-2026-84752,True,True
THREAT-04121,Sandworm,Cloud Misconfiguration Exploitation,T1027 Obfuscated Files or Information,Energy,Payment Gateway,False,66,0.5,India,Low,High,2025-04-02,2025-11-15,,False,True
THREAT-04122,Unknown,Phishing,T1048 Exfiltration Over Alternative Protocol,Energy,Payment Gateway,False,29,0.57,Americas,Low,Medium,2022-09-23,2023-04-07,,False,True
THREAT-04123,Mustang Panda,Web Application Attack,T1562 Impair Defenses,Government,Web Server,False,85,0.53,Americas,Critical,High,2025-07-16,2025-11-17,,True,False
THREAT-04124,LockBit,Insider Threat,T1190 Exploit Public-Facing Application,Energy,Web Server,True,5,0.14,Americas,Medium,High,2021-05-17,2022-03-08,CVE-2026-72790,False,True
THREAT-04125,Mustang Panda,Zero-Day Exploit,T1569 System Services,E-commerce,Cloud VM,False,100,0.55,Global,Low,Low,2026-07-18,2026-09-04,,False,True
THREAT-04126,Nation-State (China),Cloud Misconfiguration Exploitation,T1486 Data Encrypted for Impact,Government,Cloud VM,True,94,0.5,India,Low,Medium,2022-05-23,2023-01-29,CVE-2026-8810,True,False
THREAT-04127,Nation-State (Iran),Zero-Day Exploit,T1048 Exfiltration Over Alternative Protocol,Manufacturing,Database Server,False,73,0.46,Asia-Pacific,Low,Low,2024-05-07,2025-02-13,,False,False
THREAT-04128,Lazarus Group,Supply Chain Attack,T1566 Phishing,Energy,Employee Laptop,False,92,0.36,Global,Low,High,2021-03-27,2022-01-09,,False,False
THREAT-04129,Mustang Panda,DDoS,T1048 Exfiltration Over Alternative Protocol,Education,Storage Bucket,False,135,0.9,Global,Low,High,2023-08-10,2024-07-10,,False,False
THREAT-04130,APT28,Web Application Attack,T1053 Scheduled Task/Job,Telecom,Database Server,False,63,0.53,EMEA,Low,Medium,2026-03-27,2026-09-04,CVE-2026-12848,False,False
THREAT-04131,Nation-State (Russia),Credential Theft,T1562 Impair Defenses,IT Services,SaaS Application,True,32,0.24,Asia-Pacific,Medium,Low,2023-09-03,2024-07-24,,False,False
THREAT-04132,Nation-State (China),Phishing,T1036 Masquerading,E-commerce,API Gateway,False,24,0.22,Americas,Critical,Medium,2025-05-09,2025-12-11,,False,False
THREAT-04133,Nation-State (China),Ransomware,T1036 Masquerading,Energy,Payment Gateway,False,18,0.4,Asia-Pacific,Low,High,2023-08-04,2023-11-30,CVE-2026-75136,True,True
THREAT-04134,Scattered Spider,Cryptojacking,T1566 Phishing,IT Services,API Gateway,False,93,0.31,Asia-Pacific,Low,High,2025-05-30,2026-05-17,,False,False
THREAT-04135,Script Kiddie,Phishing,T1082 System Information Discovery,E-commerce,API Gateway,False,44,0.38,India,High,High,2026-01-11,2026-09-04,CVE-2026-74820,False,False
THREAT-04136,Kimsuky,Cryptojacking,T1027 Obfuscated Files or Information,Government,Storage Bucket,False,38,0.15,Global,High,Medium,2022-12-30,2023-03-08,,False,True
THREAT-04137,Nation-State (Iran),DDoS,T1110 Brute Force,Government,Email Server,False,32,0.83,India,Critical,Low,2025-12-13,2026-01-12,,False,False
THREAT-04138,APT29,Data Exfiltration,T1486 Data Encrypted for Impact,Energy,Storage Bucket,False,58,0.32,Americas,High,Medium,2023-04-16,2024-02-22,,False,False
THREAT-04139,Unknown,DDoS,T1078 Valid Accounts,Manufacturing,API Gateway,True,93,0.71,Asia-Pacific,High,Low,2024-12-26,2025-10-09,,False,False
THREAT-04140,Sandworm,Insider Threat,T1003 OS Credential Dumping,Energy,Web Server,True,10,0.31,India,Low,High,2023-02-26,2023-07-10,CVE-2026-63481,False,True
THREAT-04141,Kimsuky,Data Exfiltration,T1190 Exploit Public-Facing Application,Telecom,Storage Bucket,False,65,0.36,EMEA,Critical,Medium,2024-02-17,2024-03-26,CVE-2026-72792,False,False
THREAT-04142,LockBit,Cryptojacking,T1133 External Remote Services,Manufacturing,API Gateway,False,25,0.35,Global,Low,Low,2024-05-20,2024-08-12,,False,True
THREAT-04143,Mustang Panda,Data Exfiltration,T1078 Valid Accounts,IT Services,Kubernetes Cluster,False,24,0.2,Americas,Medium,Medium,2021-12-26,2022-10-11,,False,False
THREAT-04144,Mustang Panda,Web Application Attack,T1566 Phishing,E-commerce,Domain Controller,False,11,0.44,Asia-Pacific,High,Low,2023-11-02,2024-07-05,,False,False
THREAT-04145,Nation-State (Iran),Business Email Compromise,T1562 Impair Defenses,Energy,Kubernetes Cluster,False,39,0.24,Americas,High,High,2021-09-07,2022-03-30,CVE-2026-47425,False,True
THREAT-04146,Insider,Business Email Compromise,T1053 Scheduled Task/Job,E-commerce,Email Server,True,53,0.18,India,High,High,2025-03-11,2025-09-21,CVE-2026-5997,False,False
THREAT-04147,Lazarus Group,Business Email Compromise,T1078 Valid Accounts,Government,Cloud VM,False,53,0.21,India,High,High,2024-05-22,2025-04-11,,False,True
THREAT-04148,LockBit,Cryptojacking,T1021 Remote Services,Government,Database Server,False,94,0.28,EMEA,Low,High,2026-05-04,2026-09-04,,False,False
THREAT-04149,Sandworm,DDoS,T1021 Remote Services,E-commerce,Web Server,True,134,0.85,Asia-Pacific,Medium,Medium,2023-11-06,2024-05-03,CVE-2026-43947,False,False
THREAT-04150,SilverFox,Data Exfiltration,T1048 Exfiltration Over Alternative Protocol,IT Services,API Gateway,False,84,0.58,EMEA,Medium,High,2026-05-20,2026-09-04,,False,False
THREAT-04151,Lazarus Group,Supply Chain Attack,T1070 Indicator Removal,Government,Storage Bucket,False,36,0.44,Global,High,High,2025-03-09,2025-09-10,,True,False
THREAT-04152,FIN7,Cryptojacking,T1021 Remote Services,Manufacturing,Email Server,False,24,0.52,Americas,Medium,High,2025-11-06,2026-02-23,,False,False
THREAT-04153,Insider,Data Exfiltration,T1082 System Information Discovery,Energy,Employee Laptop,False,100,0.38,India,Low,High,2025-07-06,2025-09-21,,False,False
THREAT-04154,Nation-State (China),DDoS,T1003 OS Credential Dumping,Energy,Domain Controller,True,84,0.9,Global,Low,Medium,2023-10-15,2024-04-13,CVE-2026-81807,False,False
THREAT-04155,Scattered Spider,Business Email Compromise,T1133 External Remote Services,E-commerce,Email Server,True,72,0.19,Americas,Medium,Low,2021-03-18,2021-06-19,CVE-2026-80465,True,True
THREAT-04156,Turla,DDoS,T1486 Data Encrypted for Impact,IT Services,Database Server,False,31,0.47,Asia-Pacific,Medium,Medium,2024-09-28,2025-06-02,,False,False
THREAT-04157,Turla,Phishing,T1003 OS Credential Dumping,Energy,Storage Bucket,True,8,0.3,Americas,Low,High,2022-06-02,2023-03-30,CVE-2026-56413,False,False
THREAT-04158,Nation-State (Russia),Ransomware,T1027 Obfuscated Files or Information,Government,Email Server,True,10,0.46,India,Critical,High,2024-01-20,2024-07-28,,True,True
THREAT-04159,FIN7,Cryptojacking,T1071 Application Layer Protocol,Government,Kubernetes Cluster,True,54,0.13,Americas,Medium,Low,2025-02-02,2025-04-13,,False,False
THREAT-04160,Nation-State (China),Credential Theft,T1105 Ingress Tool Transfer,Energy,Storage Bucket,True,36,0.31,Americas,Medium,Medium,2021-12-30,2022-10-01,CVE-2026-27875,False,True
THREAT-04161,LockBit,Supply Chain Attack,T1133 External Remote Services,E-commerce,Web Server,False,88,0.54,EMEA,Critical,Medium,2023-11-28,2024-07-15,,False,True
THREAT-04162,Nation-State (Russia),Credential Theft,T1053 Scheduled Task/Job,Insurance,SaaS Application,False,44,0.52,Global,Low,Low,2025-08-05,2026-02-10,,False,True
THREAT-04163,SilverFox,Cryptojacking,T1486 Data Encrypted for Impact,Energy,Database Server,True,40,0.48,India,Medium,Low,2023-01-12,2023-10-12,CVE-2026-54080,False,False
THREAT-04164,Unknown,Cryptojacking,T1070 Indicator Removal,Manufacturing,SaaS Application,True,98,0.27,India,Low,High,2021-09-14,2021-11-26,,False,False
THREAT-04165,SilverFox,Insider Threat,T1078 Valid Accounts,Government,Database Server,False,5,0.35,Global,High,Medium,2026-02-07,2026-09-04,,False,True
THREAT-04166,Nation-State (China),Data Exfiltration,T1486 Data Encrypted for Impact,Energy,Cloud VM,True,99,0.21,Asia-Pacific,Low,High,2021-08-06,2022-01-09,CVE-2026-47668,False,True
THREAT-04167,Script Kiddie,Ransomware,T1021 Remote Services,Government,Cloud VM,True,32,0.3,India,High,Low,2021-03-31,2022-02-25,,True,True
THREAT-04168,Sandworm,Zero-Day Exploit,T1071 Application Layer Protocol,Telecom,Web Server,False,33,0.28,Asia-Pacific,High,Medium,2026-05-20,2026-06-02,,False,False
THREAT-04169,APT28,Cryptojacking,T1055 Process Injection,Education,Database Server,True,65,0.48,Americas,High,Medium,2022-05-22,2022-10-05,,False,False
THREAT-04170,Scattered Spider,Supply Chain Attack,T1562 Impair Defenses,Government,Web Server,False,47,0.3,Asia-Pacific,Critical,Low,2025-12-23,2026-08-21,CVE-2026-53798,False,True
THREAT-04171,APT29,Supply Chain Attack,T1070 Indicator Removal,Energy,Web Server,True,63,0.46,Global,Low,Low,2022-08-03,2023-07-31,CVE-2026-57700,False,False
THREAT-04172,ALPHV,Data Exfiltration,T1027 Obfuscated Files or Information,Education,Web Server,False,56,0.42,India,Critical,Low,2025-05-30,2026-03-24,,True,False
THREAT-04173,ALPHV,Phishing,T1055 Process Injection,E-commerce,Kubernetes Cluster,False,40,0.51,Americas,High,Low,2021-05-18,2021-07-01,,True,True
THREAT-04174,Nation-State (Russia),Data Exfiltration,T1048 Exfiltration Over Alternative Protocol,Education,Payment Gateway,False,87,0.18,EMEA,Low,Medium,2023-01-05,2023-07-15,CVE-2026-45480,True,True
THREAT-04175,Cybercrime Syndicate,Cloud Misconfiguration Exploitation,T1569 System Services,Energy,Storage Bucket,False,80,0.48,EMEA,Critical,Medium,2024-06-12,2025-04-27,CVE-2026-27148,False,False
THREAT-04176,Unknown,Cloud Misconfiguration Exploitation,T1190 Exploit Public-Facing Application,Education,Domain Controller,False,40,0.47,EMEA,Critical,High,2021-08-28,2022-06-19,CVE-2026-14357,False,False
THREAT-04177,Hacktivist Group,DDoS,T1071 Application Layer Protocol,Government,Payment Gateway,True,143,0.41,India,Medium,High,2021-09-21,2022-05-23,,False,False
THREAT-04178,Script Kiddie,Insider Threat,T1562 Impair Defenses,Insurance,Storage Bucket,True,1,0.22,EMEA,Critical,High,2023-03-20,2023-12-23,,False,True
THREAT-04179,REvil,Ransomware,T1053 Scheduled Task/Job,Government,Payment Gateway,False,18,0.52,India,Critical,Low,2022-01-14,2022-04-29,CVE-2026-75112,True,True
THREAT-04180,LockBit,Web Application Attack,T1105 Ingress Tool Transfer,IT Services,Payment Gateway,False,8,0.52,Global,Medium,High,2024-05-15,2025-02-13,CVE-2026-56191,False,True
THREAT-04181,SilverFox,Data Exfiltration,T1566 Phishing,Manufacturing,Domain Controller,True,61,0.17,EMEA,High,High,2022-08-11,2023-04-03,,False,False
THREAT-04182,Nation-State (Iran),Credential Theft,T1059 Command and Scripting Interpreter,E-commerce,Domain Controller,False,11,0.32,Global,Low,Medium,2026-02-13,2026-07-16,,False,True
THREAT-04183,APT29,Phishing,T1133 External Remote Services,Education,Storage Bucket,False,77,0.14,Asia-Pacific,Medium,High,2023-12-17,2024-11-29,,False,False
THREAT-04184,Sandworm,Ransomware,T1055 Process Injection,E-commerce,Email Server,True,43,0.44,India,Low,High,2022-12-12,2023-01-19,CVE-2026-84645,True,False
THREAT-04185,REvil,Cryptojacking,T1562 Impair Defenses,E-commerce,Kubernetes Cluster,False,69,0.15,EMEA,Medium,Low,2025-12-30,2026-05-27,,False,True
THREAT-04186,APT29,Data Exfiltration,T1055 Process Injection,Manufacturing,Payment Gateway,True,90,0.59,Global,High,High,2022-04-15,2023-03-23,CVE-2026-73751,False,True
THREAT-04187,Insider,Business Email Compromise,T1082 System Information Discovery,E-commerce,Web Server,False,21,0.57,Americas,Low,Low,2024-09-20,2025-02-12,CVE-2026-73609,False,True
THREAT-04188,APT29,Phishing,T1105 Ingress Tool Transfer,Energy,Cloud VM,False,25,0.49,EMEA,High,High,2023-11-01,2024-03-28,CVE-2026-45274,False,False
THREAT-04189,Hacktivist Group,Supply Chain Attack,T1078 Valid Accounts,Energy,SaaS Application,False,31,0.31,Global,High,High,2023-08-16,2024-01-24,,False,False
THREAT-04190,Hacktivist Group,Cloud Misconfiguration Exploitation,T1071 Application Layer Protocol,Government,Web Server,False,33,0.54,Global,Low,Low,2022-02-02,2022-02-17,,False,False
THREAT-04191,Cybercrime Syndicate,Insider Threat,T1070 Indicator Removal,Telecom,Database Server,True,8,0.12,EMEA,Low,Low,2025-10-02,2026-03-01,CVE-2026-75874,False,True
THREAT-04192,Nation-State (Russia),Supply Chain Attack,T1105 Ingress Tool Transfer,Manufacturing,Web Server,True,100,0.55,EMEA,Low,Low,2024-07-29,2024-12-10,,True,False
THREAT-04193,REvil,Supply Chain Attack,T1569 System Services,Government,Web Server,False,69,0.42,Asia-Pacific,Medium,Medium,2023-05-03,2023-10-05,,False,False
THREAT-04194,Unknown,Insider Threat,T1055 Process Injection,Energy,Storage Bucket,False,8,0.39,Global,Medium,Medium,2024-10-24,2025-06-29,CVE-2026-81732,False,True
THREAT-04195,Mustang Panda,DDoS,T1566 Phishing,Energy,SaaS Application,False,28,0.73,Asia-Pacific,Medium,Low,2026-02-06,2026-09-04,,False,False
THREAT-04196,Script Kiddie,Zero-Day Exploit,T1569 System Services,Energy,Payment Gateway,False,23,0.55,Global,Critical,Medium,2024-05-02,2025-02-04,CVE-2026-81664,False,False
THREAT-04197,Script Kiddie,DDoS,T1566 Phishing,Energy,Email Server,True,118,0.57,EMEA,Medium,High,2024-04-13,2024-09-08,,False,False
THREAT-04198,APT29,DDoS,T1078 Valid Accounts,Energy,Domain Controller,True,142,0.5,Asia-Pacific,High,High,2022-06-23,2022-10-06,CVE-2026-54721,False,False
THREAT-04199,Sandworm,Credential Theft,T1078 Valid Accounts,Manufacturing,Web Server,False,37,0.5,EMEA,Critical,High,2026-05-13,2026-07-03,CVE-2026-84268,False,False
THREAT-04200,Nation-State (China),Data Exfiltration,T1082 System Information Discovery,Government,SaaS Application,False,60,0.53,Asia-Pacific,High,High,2026-01-16,2026-04-03,,False,True
THREAT-04201,Nation-State (Iran),Phishing,T1190 Exploit Public-Facing Application,E-commerce,Domain Controller,False,45,0.55,Global,High,Low,2022-01-02,2022-01-30,,False,True
THREAT-04202,ALPHV,Data Exfiltration,T1078 Valid Accounts,Manufacturing,Web Server,False,86,0.22,Asia-Pacific,Low,Low,2024-07-28,2024-09-16,CVE-2026-9477,False,False
THREAT-04203,Unknown,Credential Theft,T1082 System Information Discovery,Insurance,Cloud VM,False,32,0.32,Global,High,Low,2025-04-18,2025-08-29,CVE-2026-58575,False,False
THREAT-04204,FIN7,Cloud Misconfiguration Exploitation,T1078 Valid Accounts,Government,Employee Laptop,True,99,0.17,Global,Critical,Medium,2025-04-19,2026-03-07,CVE-2026-73610,False,False
THREAT-04205,Mustang Panda,Insider Threat,T1021 Remote Services,Government,Cloud VM,True,8,0.12,Global,Critical,Medium,2026-06-30,2026-08-17,CVE-2026-81807,False,True
THREAT-04206,SilverFox,Phishing,T1133 External Remote Services,Energy,Cloud VM,True,31,0.32,Americas,High,High,2025-10-08,2025-11-26,,False,False
THREAT-04207,Unknown,Cloud Misconfiguration Exploitation,T1059 Command and Scripting Interpreter,Insurance,Cloud VM,False,63,0.53,Asia-Pacific,Low,Low,2025-03-12,2025-03-18,CVE-2026-72808,False,False
THREAT-04208,Script Kiddie,Phishing,T1048 Exfiltration Over Alternative Protocol,E-commerce,Domain Controller,False,44,0.13,Global,High,Low,2023-07-13,2024-01-17,CVE-2026-60083,True,True
THREAT-04209,FIN7,Supply Chain Attack,T1105 Ingress Tool Transfer,Government,Storage Bucket,False,89,0.48,Asia-Pacific,Medium,High,2022-05-14,2023-01-26,CVE-2026-53794,False,False
THREAT-04210,Nation-State (Iran),Zero-Day Exploit,T1569 System Services,E-commerce,Storage Bucket,False,31,0.14,Americas,Critical,High,2023-05-07,2024-02-22,CVE-2026-54526,False,False
THREAT-04211,ALPHV,Zero-Day Exploit,T1070 Indicator Removal,E-commerce,Email Server,True,12,0.45,Asia-Pacific,High,High,2024-10-21,2024-10-26,,False,True
THREAT-04212,Kimsuky,Zero-Day Exploit,T1003 OS Credential Dumping,E-commerce,Database Server,False,8,0.15,India,Low,Low,2021-04-16,2021-09-19,CVE-2026-18613,False,False
THREAT-04213,APT29,Zero-Day Exploit,T1070 Indicator Removal,Government,Employee Laptop,True,77,0.56,Global,Low,Low,2022-05-13,2022-10-24,CVE-2026-76215,False,False
THREAT-04214,Unknown,Business Email Compromise,T1071 Application Layer Protocol,Government,Domain Controller,True,16,0.28,India,High,Low,2024-10-25,2025-05-08,CVE-2026-74475,False,False
THREAT-04215,Unknown,DDoS,T1562 Impair Defenses,Government,Cloud VM,False,21,0.48,EMEA,Critical,Low,2023-01-15,2023-03-15,,False,False
THREAT-04216,Nation-State (Russia),Business Email Compromise,T1110 Brute Force,Government,Domain Controller,True,80,0.35,Americas,Medium,High,2025-02-12,2025-08-20,,False,False
THREAT-04217,SilverFox,Cloud Misconfiguration Exploitation,T1082 System Information Discovery,IT Services,API Gateway,True,77,0.16,EMEA,Medium,Low,2025-10-19,2026-02-07,,False,False
THREAT-04218,SilverFox,Ransomware,T1110 Brute Force,E-commerce,Payment Gateway,False,41,0.7,Global,High,Low,2022-08-18,2023-01-18,,True,True
THREAT-04219,Cybercrime Syndicate,Cryptojacking,T1566 Phishing,Government,Domain Controller,False,8,0.47,Asia-Pacific,Critical,High,2026-06-27,2026-09-04,CVE-2026-72649,False,False
THREAT-04220,Sandworm,DDoS,T1486 Data Encrypted for Impact,Education,SaaS Application,False,179,0.82,India,High,High,2024-08-29,2025-01-19,,False,False
THREAT-04221,APT28,Zero-Day Exploit,T1569 System Services,Education,Database Server,False,89,0.5,Global,Low,High,2024-02-02,2024-07-01,CVE-2026-79682,False,False
THREAT-04222,Sandworm,Ransomware,T1048 Exfiltration Over Alternative Protocol,Manufacturing,SaaS Application,True,27,0.5,EMEA,Critical,High,2022-06-01,2022-07-27,,True,True
THREAT-04223,Kimsuky,Zero-Day Exploit,T1071 Application Layer Protocol,Insurance,Cloud VM,False,18,0.46,Global,Low,Low,2026-07-08,2026-09-04,CVE-2026-69075,False,True
THREAT-04224,Nation-State (Iran),Cloud Misconfiguration Exploitation,T1021 Remote Services,Insurance,Payment Gateway,True,98,0.22,EMEA,Critical,High,2022-06-28,2023-01-22,,False,False
THREAT-04225,Kimsuky,Supply Chain Attack,T1053 Scheduled Task/Job,Manufacturing,Web Server,False,67,0.14,Americas,High,High,2025-09-01,2026-07-13,CVE-2026-48277,False,True
THREAT-04226,Mustang Panda,Cloud Misconfiguration Exploitation,T1055 Process Injection,Education,API Gateway,True,25,0.43,Americas,Low,Medium,2026-04-12,2026-09-04,,False,False
THREAT-04227,Conti,Phishing,T1133 External Remote Services,Telecom,Email Server,True,62,0.16,Asia-Pacific,Medium,Low,2025-11-05,2026-09-04,CVE-2026-68951,False,False
THREAT-04228,REvil,Zero-Day Exploit,T1071 Application Layer Protocol,Manufacturing,Kubernetes Cluster,True,11,0.53,EMEA,Low,High,2024-08-09,2024-09-05,CVE-2026-54769,False,False
THREAT-04229,Conti,Web Application Attack,T1082 System Information Discovery,E-commerce,Payment Gateway,True,8,0.24,Asia-Pacific,Low,High,2021-12-16,2022-01-26,,False,True
THREAT-04230,Lazarus Group,Business Email Compromise,T1562 Impair Defenses,Education,Storage Bucket,False,84,0.32,Asia-Pacific,Critical,Low,2021-04-03,2021-10-29,CVE-2026-73049,False,False
THREAT-04231,Unknown,Zero-Day Exploit,T1190 Exploit Public-Facing Application,Manufacturing,Kubernetes Cluster,True,19,0.59,India,High,Low,2021-05-06,2021-08-21,,False,False
THREAT-04232,Nation-State (Russia),DDoS,T1110 Brute Force,IT Services,Storage Bucket,False,72,0.84,Asia-Pacific,High,Medium,2023-04-09,2023-08-20,,False,False
THREAT-04233,LockBit,Phishing,T1003 OS Credential Dumping,Insurance,Domain Controller,True,95,0.58,Asia-Pacific,Low,High,2025-12-01,2026-09-04,,False,True
THREAT-04234,Hacktivist Group,Data Exfiltration,T1082 System Information Discovery,Energy,Employee Laptop,False,95,0.5,Global,Critical,Low,2022-05-21,2023-03-08,,False,True
THREAT-04235,Unknown,Web Application Attack,T1027 Obfuscated Files or Information,Manufacturing,Payment Gateway,False,96,0.14,Americas,High,Medium,2023-06-01,2023-11-26,CVE-2026-65624,False,True
THREAT-04236,ALPHV,Business Email Compromise,T1048 Exfiltration Over Alternative Protocol,Government,API Gateway,False,86,0.35,Global,Medium,Medium,2021-08-13,2022-01-27,,False,False
THREAT-04237,Sandworm,Supply Chain Attack,T1048 Exfiltration Over Alternative Protocol,Manufacturing,API Gateway,True,79,0.46,Global,Low,Medium,2022-10-04,2023-02-25,,False,False
THREAT-04238,SilverFox,Supply Chain Attack,T1070 Indicator Removal,Education,Domain Controller,False,98,0.33,Asia-Pacific,Medium,High,2023-05-15,2024-03-31,CVE-2026-75147,False,True
THREAT-04239,Insider,Credential Theft,T1569 System Services,Energy,Email Server,False,38,0.33,Asia-Pacific,Low,Medium,2022-05-15,2022-11-20,,False,False
THREAT-04240,Scattered Spider,Credential Theft,T1053 Scheduled Task/Job,E-commerce,Kubernetes Cluster,False,47,0.31,India,Medium,High,2024-11-07,2025-07-25,,False,False
THREAT-04241,Nation-State (Russia),Ransomware,T1003 OS Credential Dumping,Insurance,SaaS Application,False,6,0.35,Americas,High,High,2023-10-14,2024-01-04,CVE-2026-54885,True,True
THREAT-04242,Insider,DDoS,T1053 Scheduled Task/Job,Government,Cloud VM,False,183,0.76,India,Low,High,2025-04-24,2026-03-29,CVE-2026-53667,False,False
THREAT-04243,SilverFox,Cryptojacking,T1059 Command and Scripting Interpreter,Healthcare,Storage Bucket,False,29,0.53,Asia-Pacific,Low,Medium,2024-01-17,2024-09-23,,False,True
THREAT-04244,Lazarus Group,Phishing,T1566 Phishing,Education,Web Server,False,76,0.19,Americas,Medium,Low,2022-02-19,2023-01-20,,True,False
THREAT-04245,FIN7,Ransomware,T1082 System Information Discovery,Education,Domain Controller,False,45,0.51,Global,Medium,Medium,2021-03-31,2021-05-16,CVE-2026-42933,True,True
THREAT-04246,Lazarus Group,Cryptojacking,T1003 OS Credential Dumping,Telecom,Email Server,False,91,0.25,Global,High,High,2021-08-10,2022-03-30,,False,False
THREAT-04247,Nation-State (Russia),Cloud Misconfiguration Exploitation,T1070 Indicator Removal,IT Services,Email Server,False,20,0.14,Asia-Pacific,Low,Low,2021-09-22,2022-01-16,,False,False
THREAT-04248,Nation-State (China),Zero-Day Exploit,T1566 Phishing,Energy,Database Server,True,40,0.49,Asia-Pacific,Critical,High,2025-02-28,2026-01-25,CVE-2026-56162,False,False
THREAT-04249,Conti,Insider Threat,T1059 Command and Scripting Interpreter,IT Services,Employee Laptop,True,5,0.19,Americas,Low,High,2024-05-29,2024-11-23,,False,True
THREAT-04250,Insider,Cloud Misconfiguration Exploitation,T1190 Exploit Public-Facing Application,E-commerce,Web Server,False,49,0.49,EMEA,Critical,High,2021-10-13,2022-07-09,,False,True
THREAT-04251,Scattered Spider,Business Email Compromise,T1059 Command and Scripting Interpreter,E-commerce,Cloud VM,True,87,0.58,Global,Low,High,2024-08-19,2025-08-19,,False,False
THREAT-04252,APT28,Business Email Compromise,T1110 Brute Force,Manufacturing,Payment Gateway,False,19,0.15,Global,Low,Medium,2022-05-28,2022-06-20,,False,False
THREAT-04253,Script Kiddie,Credential Theft,T1078 Valid Accounts,Government,Payment Gateway,True,14,0.45,India,Critical,Low,2023-07-18,2023-09-27,CVE-2026-81730,False,True
THREAT-04254,APT29,Cryptojacking,T1071 Application Layer Protocol,Energy,SaaS Application,False,35,0.37,EMEA,Critical,Medium,2025-07-09,2026-06-01,,False,False
THREAT-04255,Mustang Panda,Insider Threat,T1027 Obfuscated Files or Information,Education,Payment Gateway,True,6,0.34,India,Medium,High,2022-02-17,2022-06-07,,False,True
THREAT-04256,APT28,DDoS,T1021 Remote Services,Government,Domain Controller,True,92,0.42,Global,Critical,Medium,2024-02-05,2024-05-29,,False,False
THREAT-04257,APT28,Credential Theft,T1053 Scheduled Task/Job,Telecom,Web Server,True,29,0.33,EMEA,High,High,2024-12-29,2025-09-05,CVE-2026-57700,False,False
THREAT-04258,Cybercrime Syndicate,Zero-Day Exploit,T1082 System Information Discovery,Energy,Email Server,False,46,0.47,EMEA,Medium,Low,2022-12-20,2023-02-25,CVE-2026-53454,False,False
THREAT-04259,Lazarus Group,Credential Theft,T1110 Brute Force,Education,Employee Laptop,False,96,0.3,Asia-Pacific,High,High,2023-04-26,2023-11-25,CVE-2026-22612,False,True
THREAT-04260,Cybercrime Syndicate,Cloud Misconfiguration Exploitation,T1055 Process Injection,Energy,Employee Laptop,False,80,0.13,Global,High,High,2022-10-15,2022-11-15,,True,False
THREAT-04261,Sandworm,Cryptojacking,T1059 Command and Scripting Interpreter,Insurance,Domain Controller,False,72,0.6,Americas,High,Medium,2024-01-14,2024-03-16,,False,False
THREAT-04262,Sandworm,Insider Threat,T1071 Application Layer Protocol,Government,Email Server,True,8,0.3,Asia-Pacific,Low,High,2025-01-06,2025-02-03,CVE-2026-72805,False,True
THREAT-04263,Sandworm,Supply Chain Attack,T1110 Brute Force,Manufacturing,Employee Laptop,False,74,0.57,India,Medium,High,2022-01-30,2022-08-25,CVE-2026-47133,False,False
THREAT-04264,SilverFox,Cloud Misconfiguration Exploitation,T1110 Brute Force,Energy,Storage Bucket,True,18,0.3,India,Low,High,2025-05-24,2025-12-28,,False,False
THREAT-04265,Insider,Web Application Attack,T1105 Ingress Tool Transfer,Government,Web Server,True,100,0.16,Asia-Pacific,Medium,Low,2025-09-13,2026-08-21,CVE-2026-21448,True,False
THREAT-04266,Conti,Cryptojacking,T1071 Application Layer Protocol,Energy,Web Server,True,46,0.17,Asia-Pacific,Critical,Low,2021-11-05,2022-01-03,,False,False
THREAT-04267,FIN7,Cloud Misconfiguration Exploitation,T1048 Exfiltration Over Alternative Protocol,Energy,Employee Laptop,True,87,0.27,Americas,Low,High,2023-08-16,2023-12-31,,False,False
THREAT-04268,FIN7,Cloud Misconfiguration Exploitation,T1569 System Services,Government,SaaS Application,False,33,0.58,EMEA,High,Medium,2021-11-17,2022-03-06,CVE-2026-6516,False,False
THREAT-04269,SilverFox,Web Application Attack,T1053 Scheduled Task/Job,Government,Employee Laptop,False,83,0.54,Americas,High,High,2021-10-20,2022-02-02,,False,False
THREAT-04270,APT29,Phishing,T1078 Valid Accounts,Government,Payment Gateway,False,30,0.36,Global,Medium,Low,2022-01-27,2022-11-17,,False,True
THREAT-04271,Conti,Supply Chain Attack,T1021 Remote Services,Government,Kubernetes Cluster,False,82,0.2,Americas,Low,High,2022-04-28,2022-12-16,,False,True
THREAT-04272,APT29,Ransomware,T1569 System Services,Manufacturing,Payment Gateway,False,14,0.55,Americas,Low,Medium,2025-07-22,2026-05-20,CVE-2026-12846,True,True
THREAT-04273,FIN7,DDoS,T1071 Application Layer Protocol,E-commerce,Email Server,False,176,0.78,Americas,Critical,High,2023-06-23,2023-08-10,,False,False
THREAT-04274,APT29,Ransomware,T1003 OS Credential Dumping,Government,API Gateway,True,12,0.35,India,Medium,Medium,2021-09-26,2021-12-31,,True,True
THREAT-04275,ALPHV,Cloud Misconfiguration Exploitation,T1105 Ingress Tool Transfer,Manufacturing,Employee Laptop,False,79,0.54,Asia-Pacific,Critical,Low,2024-12-23,2025-03-09,,False,True
THREAT-04276,FIN7,Ransomware,T1070 Indicator Removal,Government,Email Server,False,26,0.8,Americas,High,Medium,2025-03-03,2025-06-19,CVE-2026-70880,True,False
THREAT-04277,Conti,Business Email Compromise,T1036 Masquerading,Government,Payment Gateway,False,36,0.48,Americas,High,Medium,2026-07-07,2026-09-04,,False,True
THREAT-04278,Mustang Panda,Phishing,T1055 Process Injection,Government,Database Server,False,91,0.35,Global,Low,Medium,2025-08-21,2026-05-28,CVE-2026-76798,False,False
THREAT-04279,Insider,Phishing,T1048 Exfiltration Over Alternative Protocol,Manufacturing,SaaS Application,True,42,0.45,Global,Medium,Medium,2023-07-17,2023-11-12,,False,True
THREAT-04280,Conti,Supply Chain Attack,T1053 Scheduled Task/Job,Manufacturing,Web Server,False,42,0.35,India,Low,Low,2024-03-21,2025-01-21,,False,True
THREAT-04281,Kimsuky,Zero-Day Exploit,T1569 System Services,IT Services,Storage Bucket,False,12,0.27,India,Medium,High,2025-04-18,2025-11-28,,False,True
THREAT-04282,TA505,Cryptojacking,T1190 Exploit Public-Facing Application,Insurance,Database Server,False,39,0.45,Americas,Low,Medium,2021-05-27,2022-05-09,,False,True
THREAT-04283,Nation-State (China),Web Application Attack,T1486 Data Encrypted for Impact,E-commerce,Cloud VM,True,40,0.27,India,High,High,2021-09-05,2022-06-08,CVE-2026-6516,False,True
THREAT-04284,Nation-State (Iran),Data Exfiltration,T1055 Process Injection,Energy,Email Server,False,31,0.5,Global,Critical,Medium,2022-10-20,2023-05-04,,False,False
THREAT-04285,Kimsuky,Business Email Compromise,T1078 Valid Accounts,Manufacturing,Payment Gateway,True,6,0.59,Americas,Critical,Medium,2023-04-24,2024-01-02,CVE-2026-81807,False,False
THREAT-04286,Insider,DDoS,T1562 Impair Defenses,Government,Database Server,False,64,0.45,Global,Medium,Low,2025-09-20,2026-07-13,CVE-2026-77710,False,False
THREAT-04287,Cybercrime Syndicate,Cryptojacking,T1048 Exfiltration Over Alternative Protocol,Government,Cloud VM,False,55,0.58,Asia-Pacific,High,Medium,2021-05-22,2022-03-22,,False,False
THREAT-04288,Nation-State (China),Data Exfiltration,T1562 Impair Defenses,Energy,API Gateway,False,38,0.53,Americas,Medium,Medium,2024-03-07,2024-05-08,,False,False
THREAT-04289,Scattered Spider,Data Exfiltration,T1036 Masquerading,E-commerce,Domain Controller,True,35,0.35,Americas,Critical,High,2022-09-06,2023-05-24,CVE-2026-17612,False,False
THREAT-04290,Lazarus Group,DDoS,T1566 Phishing,Insurance,Web Server,True,69,0.75,Asia-Pacific,High,Low,2026-03-24,2026-06-06,CVE-2026-14812,False,False
THREAT-04291,Nation-State (Russia),Supply Chain Attack,T1082 System Information Discovery,Energy,Database Server,False,9,0.43,Americas,Low,Medium,2024-10-09,2025-06-15,,False,True
THREAT-04292,ALPHV,Cryptojacking,T1190 Exploit Public-Facing Application,Energy,Web Server,False,54,0.6,Asia-Pacific,Critical,Medium,2021-11-21,2022-03-09,,False,True
THREAT-04293,FIN7,Business Email Compromise,T1027 Obfuscated Files or Information,Insurance,Web Server,True,65,0.14,Americas,High,Low,2023-06-01,2023-12-14,,True,False
THREAT-04294,Turla,Web Application Attack,T1133 External Remote Services,Government,Storage Bucket,False,17,0.54,Asia-Pacific,Low,Low,2023-08-07,2024-02-05,,False,True
THREAT-04295,SilverFox,Cloud Misconfiguration Exploitation,T1566 Phishing,Energy,Storage Bucket,False,22,0.35,EMEA,High,Medium,2021-08-10,2022-03-20,CVE-2026-46412,False,False
THREAT-04296,APT29,Ransomware,T1082 System Information Discovery,E-commerce,Payment Gateway,False,36,0.48,Asia-Pacific,Critical,Low,2024-12-07,2025-02-02,CVE-2026-18193,True,False
THREAT-04297,LockBit,Phishing,T1569 System Services,Education,Storage Bucket,False,26,0.19,India,High,High,2023-09-13,2024-04-08,,False,False
THREAT-04298,Nation-State (China),Data Exfiltration,T1569 System Services,Energy,SaaS Application,True,90,0.37,Global,Medium,Low,2023-06-30,2024-03-09,,False,False
THREAT-04299,REvil,Credential Theft,T1562 Impair Defenses,Education,Domain Controller,False,16,0.51,Americas,Critical,Low,2022-06-21,2023-05-02,,False,True
THREAT-04300,Sandworm,Cryptojacking,T1133 External Remote Services,E-commerce,Cloud VM,False,54,0.54,Global,High,High,2024-05-12,2024-09-23,CVE-2026-45383,False,False
THREAT-04301,Unknown,Phishing,T1071 Application Layer Protocol,Manufacturing,Cloud VM,True,87,0.48,Global,High,Medium,2022-08-04,2023-01-06,CVE-2026-76111,False,False
THREAT-04302,Cybercrime Syndicate,Ransomware,T1003 OS Credential Dumping,Energy,Domain Controller,False,30,0.56,Americas,Low,Low,2024-07-30,2025-06-02,,True,False
THREAT-04303,Nation-State (China),Cryptojacking,T1486 Data Encrypted for Impact,Government,Email Server,False,59,0.4,EMEA,Critical,Low,2025-12-04,2026-06-11,CVE-2026-81664,False,False
THREAT-04304,LockBit,Credential Theft,T1082 System Information Discovery,Energy,Kubernetes Cluster,False,93,0.44,India,Critical,High,2024-02-15,2024-10-29,,False,True
THREAT-04305,Sandworm,Ransomware,T1078 Valid Accounts,Energy,Employee Laptop,False,42,0.38,EMEA,Low,Medium,2024-11-27,2024-12-24,CVE-2026-55485,True,True
THREAT-04306,Sandworm,Business Email Compromise,T1059 Command and Scripting Interpreter,Government,Web Server,False,58,0.42,Asia-Pacific,Low,Medium,2021-04-08,2021-09-29,CVE-2026-7202,True,False
THREAT-04307,Nation-State (Iran),Zero-Day Exploit,T1021 Remote Services,IT Services,API Gateway,False,7,0.3,Asia-Pacific,Critical,Medium,2026-02-13,2026-09-04,,False,True
THREAT-04308,APT28,Zero-Day Exploit,T1021 Remote Services,E-commerce,Web Server,True,24,0.2,Asia-Pacific,High,Medium,2026-03-21,2026-05-11,,True,False
THREAT-04309,REvil,Supply Chain Attack,T1190 Exploit Public-Facing Application,E-commerce,Email Server,True,82,0.48,India,High,High,2025-03-14,2025-11-12,CVE-2026-46339,False,True
THREAT-04310,Nation-State (Russia),Cloud Misconfiguration Exploitation,T1566 Phishing,Energy,Domain Controller,False,92,0.43,India,Critical,High,2023-11-04,2023-11-05,,False,False
THREAT-04311,Cybercrime Syndicate,Business Email Compromise,T1055 Process Injection,Energy,Storage Bucket,True,52,0.11,India,High,Low,2023-11-03,2024-02-27,CVE-2026-75136,False,False
THREAT-04312,ALPHV,Supply Chain Attack,T1059 Command and Scripting Interpreter,Energy,Cloud VM,False,98,0.44,Asia-Pacific,High,Low,2022-12-03,2023-11-18,CVE-2026-5851,False,False
THREAT-04313,REvil,Supply Chain Attack,T1133 External Remote Services,Manufacturing,Kubernetes Cluster,False,33,0.4,Asia-Pacific,Critical,Low,2026-04-19,2026-09-04,CVE-2026-18615,False,False
THREAT-04314,ALPHV,Cryptojacking,T1133 External Remote Services,Education,Domain Controller,False,42,0.4,Global,Low,Medium,2022-11-01,2023-09-21,,False,False
THREAT-04315,Sandworm,Supply Chain Attack,T1003 OS Credential Dumping,Energy,Payment Gateway,True,24,0.22,Global,Medium,Medium,2022-03-15,2022-05-22,,False,False
THREAT-04316,Kimsuky,Data Exfiltration,T1021 Remote Services,Energy,Payment Gateway,True,86,0.23,Asia-Pacific,Medium,Low,2024-08-23,2025-07-13,CVE-2026-12681,False,False
THREAT-04317,Lazarus Group,Insider Threat,T1082 System Information Discovery,Manufacturing,Cloud VM,False,7,0.22,Global,High,Medium,2025-04-26,2026-01-08,,False,True
THREAT-04318,Turla,Insider Threat,T1059 Command and Scripting Interpreter,Manufacturing,API Gateway,True,5,0.14,Americas,Critical,Low,2024-06-06,2025-01-27,CVE-2026-15416,False,True
THREAT-04319,Lazarus Group,Business Email Compromise,T1133 External Remote Services,Energy,Kubernetes Cluster,False,45,0.11,EMEA,Low,Medium,2025-05-22,2026-01-14,CVE-2026-60217,False,True
THREAT-04320,Kimsuky,Insider Threat,T1048 Exfiltration Over Alternative Protocol,E-commerce,Storage Bucket,True,3,0.4,India,Low,Medium,2026-04-09,2026-09-04,,False,True
THREAT-04321,Kimsuky,Business Email Compromise,T1082 System Information Discovery,Energy,Storage Bucket,True,6,0.23,India,Medium,Medium,2026-02-20,2026-07-29,CVE-2026-18243,False,False
THREAT-04322,Cybercrime Syndicate,Supply Chain Attack,T1053 Scheduled Task/Job,Insurance,Payment Gateway,False,10,0.46,Asia-Pacific,Low,Medium,2022-07-03,2022-09-29,,False,False
THREAT-04323,Sandworm,Ransomware,T1021 Remote Services,Manufacturing,Payment Gateway,False,15,0.75,Global,Critical,Medium,2026-04-14,2026-08-12,,True,True
THREAT-04324,Lazarus Group,Phishing,T1566 Phishing,Government,Payment Gateway,True,70,0.5,India,Critical,Low,2025-08-24,2026-06-03,,False,False
THREAT-04325,ALPHV,Credential Theft,T1053 Scheduled Task/Job,Manufacturing,Payment Gateway,False,53,0.13,Asia-Pacific,Medium,Medium,2023-03-07,2023-12-26,,False,False
THREAT-04326,LockBit,Business Email Compromise,T1082 System Information Discovery,Government,Email Server,True,70,0.5,India,Critical,High,2021-04-16,2022-01-26,CVE-2026-16326,False,False
THREAT-04327,Mustang Panda,Web Application Attack,T1190 Exploit Public-Facing Application,Energy,Email Server,False,78,0.23,Global,Medium,High,2024-02-02,2024-11-20,,False,False
THREAT-04328,Kimsuky,Zero-Day Exploit,T1027 Obfuscated Files or Information,Government,Kubernetes Cluster,False,29,0.4,Americas,Critical,High,2023-05-20,2024-03-04,,False,True
THREAT-04329,APT29,Web Application Attack,T1082 System Information Discovery,Telecom,Storage Bucket,True,49,0.5,Asia-Pacific,High,Medium,2023-03-04,2023-10-18,,False,False
THREAT-04330,Mustang Panda,Cryptojacking,T1562 Impair Defenses,Healthcare,Payment Gateway,False,97,0.51,Americas,Critical,High,2024-03-07,2025-03-06,CVE-2026-7243,True,False
THREAT-04331,REvil,Credential Theft,T1190 Exploit Public-Facing Application,Education,Domain Controller,True,31,0.15,Asia-Pacific,High,High,2023-04-24,2023-06-20,,False,False
THREAT-04332,Unknown,Cryptojacking,T1078 Valid Accounts,E-commerce,Storage Bucket,False,17,0.55,Americas,Medium,Medium,2024-05-05,2024-08-25,,False,False
THREAT-04333,TA505,Cryptojacking,T1071 Application Layer Protocol,Government,Kubernetes Cluster,False,82,0.21,Asia-Pacific,Critical,Low,2023-04-12,2024-03-28,,False,True
THREAT-04334,Sandworm,Insider Threat,T1070 Indicator Removal,Energy,API Gateway,False,4,0.33,Asia-Pacific,Low,Medium,2023-10-15,2024-02-21,,False,True
THREAT-04335,Insider,Cloud Misconfiguration Exploitation,T1059 Command and Scripting Interpreter,Government,Kubernetes Cluster,False,20,0.47,India,Low,Low,2025-03-11,2025-08-23,,False,False
THREAT-04336,Unknown,Web Application Attack,T1486 Data Encrypted for Impact,Insurance,Domain Controller,False,29,0.38,EMEA,High,High,2026-05-28,2026-07-13,,False,True
THREAT-04337,Scattered Spider,DDoS,T1486 Data Encrypted for Impact,E-commerce,Storage Bucket,True,123,0.49,Global,High,Low,2026-07-03,2026-09-04,CVE-2026-54745,False,False
THREAT-04338,Script Kiddie,Phishing,T1003 OS Credential Dumping,Manufacturing,Web Server,False,40,0.27,Asia-Pacific,Low,Medium,2026-04-28,2026-09-04,CVE-2026-39328,False,False
THREAT-04339,FIN7,Data Exfiltration,T1021 Remote Services,Government,Web Server,True,41,0.24,EMEA,Critical,Low,2026-07-14,2026-07-15,CVE-2026-16326,False,False
THREAT-04340,Nation-State (Iran),Cloud Misconfiguration Exploitation,T1021 Remote Services,Energy,Database Server,False,67,0.2,Global,Low,Low,2023-05-10,2023-09-18,,False,False
THREAT-04341,Sandworm,Phishing,T1048 Exfiltration Over Alternative Protocol,Insurance,API Gateway,False,88,0.32,India,Medium,High,2023-08-30,2023-11-30,,False,False
THREAT-04342,APT29,Business Email Compromise,T1003 OS Credential Dumping,Government,Domain Controller,True,89,0.13,Global,High,High,2023-07-15,2024-04-16,,False,False
THREAT-04343,Lazarus Group,Credential Theft,T1036 Masquerading,Government,Payment Gateway,True,83,0.57,Americas,Low,High,2022-06-19,2022-10-05,,False,True
THREAT-04344,Cybercrime Syndicate,Ransomware,T1055 Process Injection,Energy,Cloud VM,False,18,0.45,EMEA,Medium,High,2023-09-07,2023-11-19,,True,True
THREAT-04345,LockBit,Cloud Misconfiguration Exploitation,T1003 OS Credential Dumping,E-commerce,Payment Gateway,True,44,0.11,Global,Medium,High,2022-01-05,2022-07-09,,False,False
THREAT-04346,Conti,Cryptojacking,T1059 Command and Scripting Interpreter,Energy,Storage Bucket,False,100,0.2,India,Medium,Low,2023-01-03,2024-01-02,CVE-2026-73606,False,False
THREAT-04347,Kimsuky,Cryptojacking,T1027 Obfuscated Files or Information,Insurance,Cloud VM,True,17,0.33,EMEA,Medium,Low,2022-05-08,2022-07-02,CVE-2026-65591,False,False
THREAT-04348,Sandworm,Business Email Compromise,T1071 Application Layer Protocol,Manufacturing,Cloud VM,False,70,0.24,Global,Low,Low,2021-10-19,2022-08-11,,False,False
THREAT-04349,Conti,Credential Theft,T1110 Brute Force,Energy,Payment Gateway,False,93,0.23,Americas,High,High,2023-11-17,2023-12-15,,False,True
THREAT-04350,TA505,Data Exfiltration,T1562 Impair Defenses,Healthcare,Cloud VM,False,75,0.41,EMEA,Medium,High,2024-06-01,2024-08-15,,False,False
THREAT-04351,Kimsuky,Cloud Misconfiguration Exploitation,T1003 OS Credential Dumping,Telecom,API Gateway,False,42,0.2,EMEA,Critical,Low,2024-12-27,2025-12-20,,False,False
THREAT-04352,Script Kiddie,Insider Threat,T1110 Brute Force,E-commerce,Database Server,False,2,0.29,India,High,Low,2024-09-16,2024-09-19,,False,True
THREAT-04353,TA505,Supply Chain Attack,T1566 Phishing,Government,Employee Laptop,False,33,0.51,EMEA,Medium,Medium,2022-09-17,2023-06-15,,False,True
THREAT-04354,Insider,Data Exfiltration,T1082 System Information Discovery,Government,Payment Gateway,True,20,0.59,Global,High,Medium,2025-05-26,2026-01-18,CVE-2026-84700,True,True
THREAT-04355,Nation-State (China),Supply Chain Attack,T1078 Valid Accounts,IT Services,SaaS Application,True,40,0.13,Americas,Critical,High,2023-03-09,2023-06-30,,False,False
THREAT-04356,Unknown,Data Exfiltration,T1562 Impair Defenses,Manufacturing,Payment Gateway,False,65,0.19,Global,Critical,Medium,2023-07-08,2024-05-21,,False,False
THREAT-04357,Nation-State (Iran),Web Application Attack,T1059 Command and Scripting Interpreter,Telecom,Web Server,False,75,0.21,Americas,Medium,Low,2024-11-07,2025-05-14,CVE-2026-82286,False,True
THREAT-04358,Sandworm,Phishing,T1082 System Information Discovery,Manufacturing,Cloud VM,True,54,0.5,Asia-Pacific,Critical,High,2023-10-03,2024-03-25,,False,True
THREAT-04359,Insider,Zero-Day Exploit,T1110 Brute Force,Insurance,API Gateway,True,33,0.3,Asia-Pacific,Low,Low,2022-07-05,2022-10-03,CVE-2026-80548,False,False
THREAT-04360,Nation-State (Russia),Insider Threat,T1003 OS Credential Dumping,E-commerce,Database Server,False,10,0.29,India,Medium,High,2025-06-21,2026-01-07,CVE-2026-79195,False,True
THREAT-04361,Insider,Web Application Attack,T1566 Phishing,E-commerce,Payment Gateway,False,63,0.12,Asia-Pacific,Low,High,2023-02-11,2023-06-06,,False,False
THREAT-04362,APT29,Credential Theft,T1027 Obfuscated Files or Information,Energy,Payment Gateway,False,58,0.3,Americas,High,Low,2021-12-28,2022-05-07,,False,False
THREAT-04363,Lazarus Group,Insider Threat,T1055 Process Injection,IT Services,Storage Bucket,False,4,0.29,Asia-Pacific,High,Low,2023-12-06,2024-03-29,CVE-2026-73610,False,True
THREAT-04364,Nation-State (Russia),Insider Threat,T1562 Impair Defenses,Manufacturing,Email Server,False,6,0.32,India,Low,Medium,2024-06-22,2024-11-14,,False,True
THREAT-04365,FIN7,Zero-Day Exploit,T1133 External Remote Services,Government,Payment Gateway,True,49,0.46,Americas,Critical,High,2021-04-20,2021-10-19,,False,False
THREAT-04366,Lazarus Group,Credential Theft,T1110 Brute Force,Healthcare,Web Server,True,60,0.46,Asia-Pacific,Low,Medium,2024-12-05,2025-05-10,,False,True
THREAT-04367,Mustang Panda,Cryptojacking,T1048 Exfiltration Over Alternative Protocol,Manufacturing,API Gateway,False,46,0.6,Americas,Low,Low,2025-04-10,2025-08-29,,False,False
THREAT-04368,SilverFox,Data Exfiltration,T1569 System Services,Insurance,SaaS Application,False,92,0.45,Americas,High,High,2025-12-08,2026-09-04,CVE-2026-81720,False,False
THREAT-04369,Mustang Panda,Data Exfiltration,T1569 System Services,E-commerce,Employee Laptop,False,27,0.1,Americas,High,Medium,2024-11-25,2025-09-07,CVE-2026-31889,False,True
THREAT-04370,SilverFox,Supply Chain Attack,T1055 Process Injection,Energy,Payment Gateway,False,13,0.18,India,High,Low,2026-02-13,2026-09-04,,False,False
THREAT-04371,APT29,Ransomware,T1105 Ingress Tool Transfer,IT Services,Domain Controller,False,50,0.58,EMEA,High,High,2022-05-07,2022-10-16,,True,False
THREAT-04372,FIN7,Business Email Compromise,T1059 Command and Scripting Interpreter,Insurance,Kubernetes Cluster,True,27,0.5,India,High,Medium,2022-06-21,2022-06-24,CVE-2026-5853,False,False
THREAT-04373,FIN7,Cryptojacking,T1105 Ingress Tool Transfer,Government,Web Server,False,61,0.57,EMEA,High,High,2023-07-11,2023-12-20,,False,False
THREAT-04374,Lazarus Group,Phishing,T1036 Masquerading,Energy,Payment Gateway,True,52,0.11,Asia-Pacific,Critical,High,2024-06-14,2025-01-17,CVE-2026-48282,False,False
THREAT-04375,Script Kiddie,DDoS,T1003 OS Credential Dumping,Energy,Database Server,False,21,0.76,Global,Low,Medium,2022-10-17,2023-03-31,,False,False
THREAT-04376,Nation-State (China),Supply Chain Attack,T1078 Valid Accounts,E-commerce,API Gateway,False,60,0.54,Asia-Pacific,Low,Low,2021-12-30,2022-01-09,CVE-2026-80553,True,True
THREAT-04377,APT29,Insider Threat,T1566 Phishing,E-commerce,SaaS Application,False,8,0.24,Americas,Low,Medium,2025-04-15,2025-04-27,,False,True
THREAT-04378,FIN7,Zero-Day Exploit,T1053 Scheduled Task/Job,Government,SaaS Application,True,54,0.59,Global,Critical,Low,2026-04-19,2026-08-16,CVE-2026-5995,False,True
THREAT-04379,Mustang Panda,Web Application Attack,T1055 Process Injection,Insurance,Database Server,True,59,0.42,India,Medium,Low,2021-06-30,2021-12-17,CVE-2026-71446,False,True
THREAT-04380,TA505,Supply Chain Attack,T1110 Brute Force,Manufacturing,Storage Bucket,True,65,0.33,Global,Medium,Medium,2023-01-05,2023-08-18,,False,True
THREAT-04381,REvil,Web Application Attack,T1078 Valid Accounts,Energy,Employee Laptop,False,50,0.45,India,Medium,Medium,2024-02-25,2024-10-29,,False,False
THREAT-04382,Nation-State (Iran),Insider Threat,T1071 Application Layer Protocol,IT Services,Storage Bucket,True,10,0.16,Asia-Pacific,Critical,Low,2023-04-23,2023-07-10,,False,True
THREAT-04383,ALPHV,Business Email Compromise,T1566 Phishing,IT Services,Payment Gateway,False,84,0.44,EMEA,High,Low,2023-05-27,2023-10-04,CVE-2026-18193,False,True
THREAT-04384,Kimsuky,Ransomware,T1036 Masquerading,Government,SaaS Application,True,31,0.36,EMEA,Medium,Medium,2024-06-23,2025-02-18,,True,True
THREAT-04385,Unknown,Ransomware,T1110 Brute Force,Telecom,Cloud VM,True,38,0.68,EMEA,High,Low,2025-03-12,2025-03-20,,True,False
THREAT-04386,Turla,Zero-Day Exploit,T1133 External Remote Services,Energy,Cloud VM,False,54,0.59,Americas,Low,Low,2021-06-28,2021-08-24,CVE-2026-16367,False,False
THREAT-04387,Script Kiddie,Insider Threat,T1486 Data Encrypted for Impact,E-commerce,Email Server,False,8,0.38,Asia-Pacific,High,High,2021-08-21,2022-07-27,,False,True
THREAT-04388,APT29,Business Email Compromise,T1071 Application Layer Protocol,Government,SaaS Application,False,7,0.49,India,Medium,Medium,2022-09-11,2023-04-06,,False,True
THREAT-04389,Cybercrime Syndicate,DDoS,T1569 System Services,Government,Kubernetes Cluster,False,182,0.63,Americas,High,Medium,2022-05-22,2023-05-17,,False,False
THREAT-04390,Turla,Credential Theft,T1078 Valid Accounts,Energy,Email Server,True,91,0.38,Global,Critical,Low,2023-12-20,2023-12-25,CVE-2026-65598,True,False
THREAT-04391,APT28,Web Application Attack,T1027 Obfuscated Files or Information,Insurance,Payment Gateway,False,36,0.3,Americas,Critical,High,2021-04-21,2021-10-11,CVE-2026-67353,False,False
THREAT-04392,Lazarus Group,Supply Chain Attack,T1021 Remote Services,Manufacturing,Cloud VM,False,76,0.5,Americas,Critical,High,2024-01-31,2025-01-02,CVE-2026-80465,False,True
THREAT-04393,SilverFox,Credential Theft,T1133 External Remote Services,Insurance,Email Server,True,58,0.58,India,High,Low,2026-03-13,2026-09-04,,True,False
THREAT-04394,FIN7,Cryptojacking,T1486 Data Encrypted for Impact,Energy,Storage Bucket,False,87,0.21,Americas,Critical,Medium,2025-11-10,2026-06-05,CVE-2026-70459,False,True
THREAT-04395,Lazarus Group,DDoS,T1055 Process Injection,Government,Storage Bucket,False,60,0.81,Americas,Critical,Medium,2023-10-01,2024-01-03,,False,False
THREAT-04396,FIN7,Zero-Day Exploit,T1048 Exfiltration Over Alternative Protocol,Manufacturing,SaaS Application,True,37,0.35,Asia-Pacific,Low,Medium,2021-05-13,2021-05-20,CVE-2026-72761,False,False
THREAT-04397,Kimsuky,Cryptojacking,T1055 Process Injection,Government,Database Server,False,28,0.2,Americas,Critical,Low,2026-03-12,2026-07-22,CVE-2026-53706,False,False
THREAT-04398,Conti,Ransomware,T1133 External Remote Services,E-commerce,Kubernetes Cluster,False,48,0.46,India,Medium,Medium,2026-05-19,2026-05-21,,True,True
THREAT-04399,Cybercrime Syndicate,Ransomware,T1566 Phishing,E-commerce,Web Server,False,20,0.59,Americas,Low,Medium,2022-07-28,2022-08-06,,True,True
THREAT-04400,Nation-State (Iran),Cryptojacking,T1486 Data Encrypted for Impact,Education,SaaS Application,True,96,0.12,EMEA,Low,Low,2025-03-03,2025-12-05,CVE-2026-55485,True,False
THREAT-04401,LockBit,Credential Theft,T1027 Obfuscated Files or Information,Healthcare,Database Server,False,85,0.27,EMEA,High,Low,2022-03-06,2022-07-13,CVE-2026-45755,True,False
THREAT-04402,APT28,Business Email Compromise,T1110 Brute Force,Telecom,Employee Laptop,True,17,0.19,EMEA,Low,Medium,2024-11-18,2025-05-17,,False,False
THREAT-04403,REvil,Zero-Day Exploit,T1078 Valid Accounts,Education,Web Server,True,98,0.17,Asia-Pacific,High,Medium,2025-11-08,2026-08-13,CVE-2026-63226,False,False
THREAT-04404,Mustang Panda,DDoS,T1562 Impair Defenses,E-commerce,Storage Bucket,True,60,0.68,India,Critical,High,2024-09-21,2024-11-16,CVE-2026-62996,False,False
THREAT-04405,Script Kiddie,Business Email Compromise,T1059 Command and Scripting Interpreter,Government,Web Server,False,46,0.53,Americas,Low,Low,2023-07-29,2024-04-16,CVE-2026-71539,False,False
THREAT-04406,Lazarus Group,Supply Chain Attack,T1070 Indicator Removal,Manufacturing,Email Server,False,36,0.47,Americas,Medium,High,2022-03-18,2022-11-15,CVE-2026-6195,False,False
THREAT-04407,TA505,Cloud Misconfiguration Exploitation,T1082 System Information Discovery,Government,SaaS Application,False,21,0.35,EMEA,High,High,2021-09-30,2021-11-20,,False,True
THREAT-04408,Cybercrime Syndicate,Cryptojacking,T1070 Indicator Removal,Government,Web Server,False,71,0.27,Americas,Critical,Medium,2024-11-15,2025-08-03,,False,False
THREAT-04409,Unknown,Ransomware,T1082 System Information Discovery,Government,Web Server,True,49,0.46,India,High,High,2024-03-19,2024-07-24,CVE-2026-47896,True,True
THREAT-04410,Unknown,Zero-Day Exploit,T1078 Valid Accounts,Insurance,Web Server,True,68,0.58,Americas,Low,High,2023-09-30,2024-06-11,,False,False
THREAT-04411,Nation-State (Russia),Zero-Day Exploit,T1569 System Services,Energy,Web Server,True,45,0.16,EMEA,Low,High,2025-10-23,2026-01-03,CVE-2026-73751,False,True
THREAT-04412,FIN7,Credential Theft,T1021 Remote Services,Education,SaaS Application,False,85,0.2,Americas,Medium,Medium,2023-07-18,2023-08-18,,False,False
THREAT-04413,Nation-State (Iran),Cryptojacking,T1566 Phishing,Healthcare,Database Server,False,29,0.11,India,Medium,High,2025-11-29,2026-09-04,,False,False
THREAT-04414,Scattered Spider,Web Application Attack,T1071 Application Layer Protocol,IT Services,Database Server,True,64,0.53,Global,Critical,High,2024-06-08,2024-12-13,,False,False
THREAT-04415,TA505,Business Email Compromise,T1190 Exploit Public-Facing Application,Telecom,Kubernetes Cluster,False,30,0.26,EMEA,High,Low,2023-10-02,2023-10-26,CVE-2026-72816,False,False
THREAT-04416,Lazarus Group,Insider Threat,T1105 Ingress Tool Transfer,E-commerce,API Gateway,True,2,0.22,EMEA,Critical,Medium,2025-08-24,2026-01-08,CVE-2026-48331,False,True
THREAT-04417,Lazarus Group,Phishing,T1105 Ingress Tool Transfer,Government,Employee Laptop,True,27,0.41,Asia-Pacific,Low,Medium,2024-09-28,2025-09-19,,True,False
THREAT-04418,FIN7,Zero-Day Exploit,T1021 Remote Services,Manufacturing,Employee Laptop,True,12,0.14,Global,High,Low,2021-09-01,2021-09-17,CVE-2026-44102,False,False
THREAT-04419,Conti,Zero-Day Exploit,T1021 Remote Services,Energy,Cloud VM,False,38,0.54,Americas,Critical,Medium,2021-08-14,2022-01-25,,False,False
THREAT-04420,Hacktivist Group,Web Application Attack,T1190 Exploit Public-Facing Application,Energy,Kubernetes Cluster,True,80,0.53,India,Critical,Low,2024-02-19,2024-05-18,,False,False
THREAT-04421,REvil,Supply Chain Attack,T1562 Impair Defenses,Insurance,Kubernetes Cluster,False,94,0.17,EMEA,Critical,Low,2022-10-11,2023-01-31,,False,True
THREAT-04422,Turla,Credential Theft,T1569 System Services,Government,Storage Bucket,True,97,0.57,India,High,Low,2021-09-26,2022-02-04,,False,False
THREAT-04423,Scattered Spider,Zero-Day Exploit,T1021 Remote Services,E-commerce,Web Server,True,91,0.24,Asia-Pacific,Medium,High,2024-12-18,2025-01-21,CVE-2026-82233,False,False
THREAT-04424,ALPHV,Supply Chain Attack,T1055 Process Injection,Insurance,Employee Laptop,True,20,0.12,India,Medium,High,2023-10-05,2023-10-09,,False,True
THREAT-04425,Conti,Web Application Attack,T1562 Impair Defenses,Government,Cloud VM,False,76,0.59,EMEA,Medium,Medium,2024-10-22,2024-11-16,,False,False
THREAT-04426,Lazarus Group,Supply Chain Attack,T1569 System Services,Government,Kubernetes Cluster,False,74,0.37,EMEA,Low,Medium,2022-02-17,2022-06-10,,False,False
THREAT-04427,ALPHV,Cloud Misconfiguration Exploitation,T1003 OS Credential Dumping,Government,API Gateway,False,73,0.33,Americas,Critical,Medium,2024-10-11,2025-04-08,,False,False
THREAT-04428,APT28,Zero-Day Exploit,T1566 Phishing,Manufacturing,Email Server,False,5,0.39,EMEA,Low,Medium,2022-09-10,2022-10-16,,False,False
THREAT-04429,Insider,Phishing,T1562 Impair Defenses,Healthcare,Payment Gateway,False,32,0.21,EMEA,Critical,Low,2023-08-27,2024-01-16,,False,False
THREAT-04430,Sandworm,Zero-Day Exploit,T1110 Brute Force,Energy,Cloud VM,False,46,0.42,Americas,High,High,2023-12-25,2024-05-04,CVE-2026-65595,True,False
THREAT-04431,Insider,Ransomware,T1486 Data Encrypted for Impact,Government,Storage Bucket,False,40,0.71,Americas,Low,Medium,2024-02-25,2024-02-26,,True,True
THREAT-04432,TA505,Web Application Attack,T1021 Remote Services,Insurance,Web Server,False,13,0.55,Americas,High,Low,2021-11-11,2022-05-29,,False,False
THREAT-04433,TA505,Ransomware,T1070 Indicator Removal,E-commerce,Web Server,False,38,0.48,Global,Critical,High,2026-04-02,2026-05-18,,True,True
THREAT-04434,Scattered Spider,Data Exfiltration,T1071 Application Layer Protocol,Insurance,Database Server,True,35,0.32,Americas,Critical,Low,2025-07-31,2026-01-22,CVE-2026-76600,False,True
THREAT-04435,Kimsuky,Web Application Attack,T1003 OS Credential Dumping,Telecom,Employee Laptop,False,44,0.34,Americas,Critical,Low,2025-03-10,2025-03-27,CVE-2026-80724,False,False
THREAT-04436,APT28,Web Application Attack,T1082 System Information Discovery,Government,API Gateway,False,7,0.17,Americas,Low,Medium,2022-08-26,2022-09-06,,False,True
THREAT-04437,Lazarus Group,Credential Theft,T1082 System Information Discovery,E-commerce,Database Server,False,57,0.28,Americas,Low,Low,2026-05-02,2026-09-04,,False,False
THREAT-04438,Sandworm,Business Email Compromise,T1059 Command and Scripting Interpreter,Government,Payment Gateway,False,98,0.43,EMEA,High,Low,2021-05-06,2021-07-07,,False,False
THREAT-04439,Lazarus Group,DDoS,T1569 System Services,Energy,Web Server,False,75,0.81,EMEA,Low,High,2026-06-20,2026-09-04,,False,False
THREAT-04440,Cybercrime Syndicate,Zero-Day Exploit,T1048 Exfiltration Over Alternative Protocol,E-commerce,Storage Bucket,False,57,0.3,Americas,High,Low,2023-08-06,2024-04-06,CVE-2026-73297,False,False
THREAT-04441,Unknown,Supply Chain Attack,T1053 Scheduled Task/Job,Manufacturing,Database Server,True,59,0.19,Global,Low,Low,2021-12-26,2022-03-11,,False,False
THREAT-04442,APT28,DDoS,T1105 Ingress Tool Transfer,Government,Cloud VM,False,117,0.9,Americas,High,Medium,2025-12-18,2026-09-04,,False,False
THREAT-04443,Turla,DDoS,T1027 Obfuscated Files or Information,Government,Employee Laptop,True,153,0.56,Americas,Low,Low,2024-09-24,2025-05-07,CVE-2026-79073,False,False
THREAT-04444,APT29,Data Exfiltration,T1110 Brute Force,Insurance,Kubernetes Cluster,False,100,0.17,India,High,Medium,2022-08-28,2023-06-21,,True,True
THREAT-04445,Turla,DDoS,T1053 Scheduled Task/Job,E-commerce,Email Server,True,30,0.43,Global,Medium,Low,2023-03-19,2023-04-29,CVE-2026-72812,False,False
THREAT-04446,Sandworm,Business Email Compromise,T1053 Scheduled Task/Job,E-commerce,Database Server,True,51,0.18,EMEA,Critical,Low,2025-08-24,2026-08-18,,False,False
THREAT-04447,Mustang Panda,DDoS,T1078 Valid Accounts,E-commerce,Database Server,True,185,0.85,Asia-Pacific,High,Medium,2025-07-26,2025-09-21,,False,False
THREAT-04448,Cybercrime Syndicate,Phishing,T1036 Masquerading,Manufacturing,Cloud VM,False,96,0.22,Asia-Pacific,Critical,High,2021-03-15,2021-08-21,,True,False
THREAT-04449,LockBit,Business Email Compromise,T1036 Masquerading,E-commerce,Storage Bucket,False,42,0.39,Global,Medium,Medium,2022-07-29,2023-02-01,,True,True
THREAT-04450,APT29,Business Email Compromise,T1059 Command and Scripting Interpreter,IT Services,Web Server,False,75,0.35,India,Medium,Low,2023-05-07,2024-01-28,,False,True
THREAT-04451,Mustang Panda,DDoS,T1055 Process Injection,Energy,Employee Laptop,False,41,0.68,Global,Medium,High,2026-04-13,2026-09-04,,False,False
THREAT-04452,LockBit,Ransomware,T1569 System Services,Healthcare,Domain Controller,False,32,0.31,EMEA,High,Low,2021-11-07,2022-08-09,,True,False
THREAT-04453,Unknown,Data Exfiltration,T1055 Process Injection,Energy,Cloud VM,True,26,0.31,India,Medium,Low,2026-04-10,2026-09-04,,False,False
THREAT-04454,Kimsuky,Cloud Misconfiguration Exploitation,T1071 Application Layer Protocol,Energy,API Gateway,True,11,0.12,Americas,Critical,Low,2022-07-25,2023-03-29,,False,False
THREAT-04455,Insider,Cryptojacking,T1059 Command and Scripting Interpreter,E-commerce,SaaS Application,False,77,0.37,EMEA,Critical,Medium,2021-07-14,2022-05-29,,False,False
THREAT-04456,Nation-State (Iran),Web Application Attack,T1003 OS Credential Dumping,E-commerce,API Gateway,False,68,0.19,Americas,Medium,Medium,2025-06-28,2025-10-26,,False,False
THREAT-04457,Nation-State (China),Supply Chain Attack,T1059 Command and Scripting Interpreter,E-commerce,Cloud VM,True,41,0.57,India,High,Low,2023-10-24,2024-09-01,,False,False
THREAT-04458,Turla,Ransomware,T1078 Valid Accounts,Energy,Web Server,False,24,0.59,EMEA,Medium,High,2022-07-15,2022-12-27,,True,False
THREAT-04459,Nation-State (Iran),Cryptojacking,T1027 Obfuscated Files or Information,Energy,Database Server,False,52,0.51,Global,Medium,High,2023-07-16,2023-09-08,,False,False
THREAT-04460,Hacktivist Group,Data Exfiltration,T1036 Masquerading,IT Services,Employee Laptop,True,43,0.53,EMEA,High,Low,2023-07-02,2023-07-29,,False,False
THREAT-04461,TA505,Ransomware,T1059 Command and Scripting Interpreter,Energy,SaaS Application,False,27,0.66,EMEA,Low,High,2022-03-12,2022-09-06,CVE-2026-44955,True,True
THREAT-04462,Lazarus Group,Business Email Compromise,T1105 Ingress Tool Transfer,Telecom,Storage Bucket,False,81,0.33,India,High,High,2026-02-14,2026-05-03,CVE-2026-33591,False,False
THREAT-04463,Hacktivist Group,Phishing,T1048 Exfiltration Over Alternative Protocol,Telecom,API Gateway,False,25,0.33,India,Low,Low,2022-03-29,2022-08-22,CVE-2026-45754,False,False
THREAT-04464,Hacktivist Group,Insider Threat,T1082 System Information Discovery,Manufacturing,Email Server,True,4,0.19,EMEA,High,Medium,2023-10-18,2023-11-11,,False,True
THREAT-04465,Nation-State (Iran),Web Application Attack,T1027 Obfuscated Files or Information,E-commerce,Domain Controller,True,37,0.55,Asia-Pacific,High,Low,2026-05-06,2026-09-04,,False,False
THREAT-04466,Nation-State (Russia),Web Application Attack,T1021 Remote Services,Government,Storage Bucket,True,67,0.42,EMEA,High,Medium,2021-06-03,2022-01-23,,True,False
THREAT-04467,LockBit,Cloud Misconfiguration Exploitation,T1003 OS Credential Dumping,Government,Email Server,True,90,0.52,Americas,Critical,High,2026-06-08,2026-09-04,CVE-2026-60217,False,False
THREAT-04468,Mustang Panda,Supply Chain Attack,T1036 Masquerading,IT Services,Payment Gateway,False,12,0.28,Asia-Pacific,Critical,Low,2025-12-25,2025-12-26,,False,False
THREAT-04469,Script Kiddie,Web Application Attack,T1566 Phishing,E-commerce,Database Server,True,51,0.11,Americas,Critical,High,2023-10-15,2023-12-16,,False,True
THREAT-04470,ALPHV,Ransomware,T1133 External Remote Services,Government,Payment Gateway,True,11,0.53,Global,Low,Low,2022-01-04,2022-05-06,CVE-2026-66012,True,False
THREAT-04471,LockBit,Insider Threat,T1070 Indicator Removal,Energy,Employee Laptop,False,2,0.22,India,High,Low,2025-08-17,2025-08-23,,False,True
THREAT-04472,Cybercrime Syndicate,Supply Chain Attack,T1566 Phishing,Manufacturing,Web Server,True,23,0.58,EMEA,Medium,Medium,2021-07-06,2021-12-05,,False,False
THREAT-04473,REvil,Phishing,T1036 Masquerading,Government,Kubernetes Cluster,True,17,0.55,India,Critical,Low,2022-07-22,2023-07-11,CVE-2026-43984,False,False
THREAT-04474,Lazarus Group,Zero-Day Exploit,T1071 Application Layer Protocol,Government,Domain Controller,False,71,0.38,Americas,Low,Low,2022-02-09,2022-03-06,,False,True
THREAT-04475,APT28,Cloud Misconfiguration Exploitation,T1190 Exploit Public-Facing Application,Energy,Kubernetes Cluster,True,45,0.4,Asia-Pacific,High,Low,2021-05-15,2021-06-09,,False,False
THREAT-04476,APT29,Insider Threat,T1569 System Services,Government,Email Server,True,6,0.15,Asia-Pacific,High,High,2026-02-28,2026-05-27,,False,True
THREAT-04477,Nation-State (Iran),Web Application Attack,T1082 System Information Discovery,E-commerce,Cloud VM,False,41,0.13,Global,Medium,High,2024-08-30,2025-08-24,CVE-2026-82651,False,False
THREAT-04478,Lazarus Group,Ransomware,T1059 Command and Scripting Interpreter,Education,Database Server,False,23,0.76,Americas,Critical,High,2023-09-30,2024-03-21,,True,True
THREAT-04479,Turla,Cloud Misconfiguration Exploitation,T1055 Process Injection,Manufacturing,API Gateway,False,88,0.47,India,Medium,Medium,2024-06-27,2024-08-08,,False,False
THREAT-04480,FIN7,Ransomware,T1021 Remote Services,Government,API Gateway,True,35,0.71,Global,Critical,Low,2023-02-14,2023-06-06,CVE-2026-54885,True,True
THREAT-04481,Lazarus Group,Zero-Day Exploit,T1053 Scheduled Task/Job,Manufacturing,Database Server,False,56,0.29,Global,Low,High,2026-01-21,2026-03-28,,False,False
THREAT-04482,Mustang Panda,Cryptojacking,T1053 Scheduled Task/Job,Healthcare,Domain Controller,True,16,0.22,India,Medium,Low,2022-01-03,2022-05-12,CVE-2026-84645,True,True
THREAT-04483,Kimsuky,Cryptojacking,T1082 System Information Discovery,Government,Kubernetes Cluster,False,80,0.15,India,Low,High,2026-03-08,2026-09-04,,False,False
THREAT-04484,Kimsuky,Data Exfiltration,T1003 OS Credential Dumping,E-commerce,Payment Gateway,True,73,0.39,Global,High,High,2023-07-08,2024-05-21,CVE-2026-74705,False,False
THREAT-04485,Scattered Spider,Credential Theft,T1027 Obfuscated Files or Information,Manufacturing,Kubernetes Cluster,True,69,0.29,EMEA,Critical,High,2021-05-28,2022-03-04,CVE-2026-66756,True,False
THREAT-04486,Turla,Zero-Day Exploit,T1071 Application Layer Protocol,E-commerce,Web Server,False,33,0.37,Americas,Critical,Medium,2026-02-12,2026-07-27,,False,False
THREAT-04487,Sandworm,Phishing,T1562 Impair Defenses,Energy,Kubernetes Cluster,False,59,0.17,India,High,Medium,2026-01-15,2026-02-12,,False,False
THREAT-04488,Cybercrime Syndicate,Zero-Day Exploit,T1055 Process Injection,Government,Payment Gateway,True,64,0.15,Global,Low,High,2022-01-30,2022-03-15,,False,True
THREAT-04489,Conti,Ransomware,T1053 Scheduled Task/Job,IT Services,Email Server,False,47,0.3,India,High,Low,2026-03-12,2026-09-04,,True,True
THREAT-04490,Sandworm,Cryptojacking,T1027 Obfuscated Files or Information,Healthcare,Storage Bucket,False,36,0.48,Asia-Pacific,High,Low,2024-10-21,2025-09-15,,False,True
THREAT-04491,Cybercrime Syndicate,Insider Threat,T1036 Masquerading,Energy,Domain Controller,True,3,0.1,India,High,Medium,2023-09-23,2024-01-24,,False,True
THREAT-04492,LockBit,DDoS,T1027 Obfuscated Files or Information,Insurance,Payment Gateway,False,149,0.67,Asia-Pacific,Critical,Medium,2021-04-14,2021-11-04,CVE-2026-58157,False,False
THREAT-04493,Mustang Panda,Supply Chain Attack,T1486 Data Encrypted for Impact,Insurance,Storage Bucket,True,43,0.23,Americas,High,High,2022-04-27,2022-08-06,CVE-2026-27604,False,True
THREAT-04494,Kimsuky,DDoS,T1486 Data Encrypted for Impact,Healthcare,Email Server,False,60,0.5,Americas,High,High,2022-01-01,2022-06-22,CVE-2026-65770,False,False
THREAT-04495,Kimsuky,Ransomware,T1071 Application Layer Protocol,IT Services,Kubernetes Cluster,True,49,0.31,India,Medium,Medium,2024-03-14,2024-11-23,,True,True
THREAT-04496,SilverFox,Zero-Day Exploit,T1486 Data Encrypted for Impact,Government,SaaS Application,False,34,0.22,Asia-Pacific,High,Medium,2026-05-07,2026-08-04,CVE-2026-53576,False,False
THREAT-04497,LockBit,Credential Theft,T1105 Ingress Tool Transfer,IT Services,Web Server,False,53,0.41,India,Critical,Low,2026-02-03,2026-09-04,,False,False
THREAT-04498,REvil,Supply Chain Attack,T1562 Impair Defenses,Government,Domain Controller,True,43,0.28,India,High,High,2025-05-11,2025-08-27,,True,False
THREAT-04499,Lazarus Group,Phishing,T1105 Ingress Tool Transfer,Government,Payment Gateway,True,98,0.4,Americas,High,Medium,2022-02-22,2022-10-13,,False,True
THREAT-04500,Mustang Panda,Zero-Day Exploit,T1082 System Information Discovery,Manufacturing,API Gateway,False,76,0.32,EMEA,High,Medium,2023-10-09,2024-02-14,,False,False
THREAT-04501,TA505,Data Exfiltration,T1021 Remote Services,Government,Domain Controller,True,47,0.42,India,Low,Low,2023-11-25,2024-07-09,CVE-2026-72783,True,False
THREAT-04502,ALPHV,Business Email Compromise,T1486 Data Encrypted for Impact,Energy,Domain Controller,True,80,0.4,Americas,Medium,High,2025-10-19,2026-09-01,,True,False
THREAT-04503,TA505,Supply Chain Attack,T1027 Obfuscated Files or Information,E-commerce,Cloud VM,False,23,0.28,EMEA,Critical,High,2026-04-09,2026-09-04,CVE-2026-6115,False,False
THREAT-04504,Nation-State (Iran),Supply Chain Attack,T1003 OS Credential Dumping,Government,SaaS Application,True,51,0.1,India,High,Medium,2026-04-24,2026-09-04,,False,False
THREAT-04505,APT29,Business Email Compromise,T1569 System Services,E-commerce,Email Server,False,38,0.31,India,Low,Low,2024-01-18,2024-12-16,,False,False
THREAT-04506,Cybercrime Syndicate,Data Exfiltration,T1003 OS Credential Dumping,Government,Storage Bucket,False,80,0.11,Asia-Pacific,Medium,Medium,2022-12-17,2023-10-10,,False,False
THREAT-04507,Insider,Phishing,T1048 Exfiltration Over Alternative Protocol,E-commerce,Employee Laptop,False,57,0.27,Americas,Low,Low,2021-12-16,2022-07-16,,False,False
THREAT-04508,SilverFox,Ransomware,T1105 Ingress Tool Transfer,E-commerce,Email Server,False,5,0.61,India,Low,Low,2023-05-12,2023-07-13,,True,True
THREAT-04509,Conti,Supply Chain Attack,T1003 OS Credential Dumping,Insurance,API Gateway,True,32,0.17,Asia-Pacific,Critical,High,2025-02-17,2025-08-12,,False,False
THREAT-04510,APT28,Zero-Day Exploit,T1110 Brute Force,E-commerce,Employee Laptop,False,39,0.5,Asia-Pacific,Critical,High,2024-07-28,2025-01-18,CVE-2026-18886,False,False
THREAT-04511,SilverFox,Cryptojacking,T1082 System Information Discovery,Energy,Web Server,False,62,0.54,Asia-Pacific,Critical,Low,2024-07-16,2024-10-20,CVE-2026-16318,False,False
THREAT-04512,Mustang Panda,Data Exfiltration,T1059 Command and Scripting Interpreter,Government,Kubernetes Cluster,True,80,0.27,Asia-Pacific,Medium,Medium,2025-06-01,2026-05-02,CVE-2026-40323,False,False
THREAT-04513,Script Kiddie,Zero-Day Exploit,T1562 Impair Defenses,Telecom,Web Server,True,36,0.44,Global,High,Low,2023-12-15,2024-05-16,,False,True
THREAT-04514,REvil,Data Exfiltration,T1055 Process Injection,E-commerce,Database Server,True,22,0.33,EMEA,Critical,Low,2023-02-28,2023-03-12,,False,True
THREAT-04515,ALPHV,Ransomware,T1059 Command and Scripting Interpreter,Government,Kubernetes Cluster,False,29,0.61,Global,High,High,2023-06-17,2024-05-06,,True,False
THREAT-04516,LockBit,Insider Threat,T1027 Obfuscated Files or Information,Energy,Web Server,False,6,0.21,EMEA,Medium,High,2026-02-21,2026-03-20,,False,True
THREAT-04517,Sandworm,Credential Theft,T1071 Application Layer Protocol,Manufacturing,Cloud VM,True,92,0.26,EMEA,Low,Medium,2024-06-13,2024-07-22,CVE-2026-80465,False,False
THREAT-04518,Conti,Supply Chain Attack,T1071 Application Layer Protocol,Energy,Storage Bucket,False,46,0.41,Americas,Low,High,2025-09-26,2026-05-01,,False,True
THREAT-04519,Unknown,Data Exfiltration,T1486 Data Encrypted for Impact,Government,Email Server,False,87,0.28,Asia-Pacific,Medium,Low,2026-07-31,2026-09-04,,False,False
THREAT-04520,ALPHV,Credential Theft,T1036 Masquerading,Government,Web Server,True,79,0.31,Asia-Pacific,High,Medium,2024-07-25,2024-10-04,,False,False
THREAT-04521,SilverFox,Credential Theft,T1059 Command and Scripting Interpreter,E-commerce,Storage Bucket,True,64,0.45,EMEA,Critical,Medium,2026-07-28,2026-09-04,CVE-2026-76604,False,False
THREAT-04522,Nation-State (Iran),Data Exfiltration,T1105 Ingress Tool Transfer,IT Services,Payment Gateway,False,48,0.42,India,High,High,2025-02-27,2025-07-08,CVE-2026-85061,False,False
THREAT-04523,Conti,Ransomware,T1133 External Remote Services,E-commerce,Database Server,False,11,0.68,Asia-Pacific,Medium,High,2021-03-14,2022-01-24,CVE-2026-82449,True,True
THREAT-04524,Mustang Panda,Phishing,T1486 Data Encrypted for Impact,E-commerce,Web Server,True,97,0.15,India,Critical,Medium,2023-12-22,2024-08-31,CVE-2026-53798,False,False
THREAT-04525,FIN7,Supply Chain Attack,T1562 Impair Defenses,Government,Payment Gateway,True,28,0.39,EMEA,Critical,High,2024-03-16,2024-07-09,,False,False
THREAT-04526,Hacktivist Group,Web Application Attack,T1078 Valid Accounts,Government,Domain Controller,False,99,0.57,Global,High,High,2024-02-23,2024-10-23,,False,False
THREAT-04527,Scattered Spider,Data Exfiltration,T1055 Process Injection,Energy,Web Server,False,23,0.29,Global,Medium,Medium,2025-12-18,2026-01-05,CVE-2026-14828,False,False
THREAT-04528,Unknown,Cryptojacking,T1070 Indicator Removal,Energy,Kubernetes Cluster,True,57,0.55,Americas,Medium,High,2025-09-03,2026-07-15,CVE-2026-59809,True,False
THREAT-04529,Kimsuky,Data Exfiltration,T1110 Brute Force,Government,Kubernetes Cluster,False,43,0.59,Asia-Pacific,Critical,Medium,2023-08-18,2024-05-08,CVE-2026-76193,False,False
THREAT-04530,APT29,Supply Chain Attack,T1190 Exploit Public-Facing Application,Manufacturing,Web Server,True,17,0.27,EMEA,Medium,High,2026-06-09,2026-09-04,CVE-2026-19987,False,False
THREAT-04531,Scattered Spider,Ransomware,T1562 Impair Defenses,Insurance,Web Server,True,19,0.64,Global,Medium,High,2025-03-03,2026-02-03,CVE-2026-19200,True,True
THREAT-04532,Turla,Business Email Compromise,T1133 External Remote Services,Education,Employee Laptop,False,63,0.25,Global,Critical,Medium,2025-05-20,2026-05-14,,False,False
THREAT-04533,Nation-State (Russia),Web Application Attack,T1566 Phishing,Telecom,Kubernetes Cluster,False,67,0.55,Global,Medium,Medium,2022-10-23,2023-06-08,CVE-2026-4184,False,False
THREAT-04534,Nation-State (Iran),Cloud Misconfiguration Exploitation,T1070 Indicator Removal,E-commerce,Email Server,False,10,0.24,Global,Low,Medium,2025-07-14,2026-04-17,,False,False
THREAT-04535,Nation-State (Iran),Zero-Day Exploit,T1569 System Services,Government,Database Server,False,12,0.42,Americas,High,High,2026-05-17,2026-09-04,,False,True
THREAT-04536,Insider,Data Exfiltration,T1071 Application Layer Protocol,E-commerce,Cloud VM,True,89,0.11,India,Medium,High,2023-07-03,2023-11-23,CVE-2026-56163,False,False
THREAT-04537,Nation-State (Iran),Zero-Day Exploit,T1078 Valid Accounts,E-commerce,Email Server,True,40,0.27,Global,Medium,High,2023-09-05,2024-09-04,,False,False
THREAT-04538,FIN7,Supply Chain Attack,T1078 Valid Accounts,Energy,Web Server,False,32,0.31,India,Critical,Low,2025-07-03,2025-12-03,,False,False
THREAT-04539,TA505,Zero-Day Exploit,T1048 Exfiltration Over Alternative Protocol,IT Services,Email Server,False,40,0.34,Asia-Pacific,Low,Medium,2026-06-12,2026-09-04,CVE-2026-54782,False,False
THREAT-04540,ALPHV,Credential Theft,T1486 Data Encrypted for Impact,Energy,Database Server,True,52,0.57,EMEA,Critical,Low,2023-06-29,2023-08-22,CVE-2026-18193,True,False
THREAT-04541,Script Kiddie,DDoS,T1105 Ingress Tool Transfer,E-commerce,Web Server,False,150,0.78,Asia-Pacific,Critical,High,2022-04-15,2022-12-20,,False,False
THREAT-04542,Conti,DDoS,T1021 Remote Services,Manufacturing,API Gateway,False,199,0.73,Global,Low,Low,2026-03-27,2026-09-04,,False,False
THREAT-04543,REvil,Business Email Compromise,T1566 Phishing,Government,Kubernetes Cluster,False,46,0.22,Asia-Pacific,High,Medium,2021-11-06,2022-07-13,,False,False
THREAT-04544,Script Kiddie,Phishing,T1055 Process Injection,Energy,Storage Bucket,True,19,0.57,Global,Low,Low,2024-04-11,2024-06-25,,False,False
THREAT-04545,Turla,Data Exfiltration,T1059 Command and Scripting Interpreter,Energy,Storage Bucket,False,87,0.1,Asia-Pacific,Low,High,2024-10-08,2024-10-26,CVE-2026-19747,False,True
THREAT-04546,Cybercrime Syndicate,Phishing,T1133 External Remote Services,Manufacturing,Cloud VM,False,14,0.28,Asia-Pacific,Medium,High,2025-09-12,2025-10-09,,False,True
THREAT-04547,Nation-State (Iran),Credential Theft,T1053 Scheduled Task/Job,Government,Email Server,False,96,0.53,Americas,High,High,2026-02-25,2026-09-04,,False,False
THREAT-04548,APT28,Ransomware,T1053 Scheduled Task/Job,E-commerce,Web Server,False,24,0.56,India,Low,Medium,2022-08-03,2022-11-17,,True,True
THREAT-04549,Nation-State (Iran),Web Application Attack,T1110 Brute Force,Telecom,Storage Bucket,False,49,0.52,Global,High,Medium,2026-07-29,2026-09-04,,False,True
THREAT-04550,ALPHV,DDoS,T1059 Command and Scripting Interpreter,Energy,Kubernetes Cluster,True,163,0.65,EMEA,High,High,2026-07-13,2026-09-04,,False,False
THREAT-04551,APT29,Insider Threat,T1082 System Information Discovery,Energy,Email Server,True,3,0.28,Asia-Pacific,Medium,Medium,2024-11-21,2025-06-25,,False,True
THREAT-04552,Insider,Ransomware,T1071 Application Layer Protocol,Manufacturing,API Gateway,False,10,0.75,Global,Critical,Low,2023-10-06,2024-08-11,,True,True
THREAT-04553,Nation-State (Russia),Zero-Day Exploit,T1053 Scheduled Task/Job,Energy,Kubernetes Cluster,True,92,0.28,Global,Low,Low,2022-04-03,2022-05-18,,False,False
THREAT-04554,FIN7,Zero-Day Exploit,T1021 Remote Services,Telecom,Database Server,True,63,0.23,Asia-Pacific,Low,Medium,2026-06-25,2026-09-04,,False,False
THREAT-04555,Nation-State (Russia),Supply Chain Attack,T1027 Obfuscated Files or Information,Energy,Payment Gateway,True,21,0.55,EMEA,High,Medium,2024-02-24,2025-02-15,,True,False
THREAT-04556,Mustang Panda,Phishing,T1059 Command and Scripting Interpreter,E-commerce,Email Server,False,58,0.23,Asia-Pacific,Critical,Medium,2023-12-09,2024-04-06,CVE-2026-78684,False,True
THREAT-04557,Sandworm,Web Application Attack,T1133 External Remote Services,E-commerce,API Gateway,False,87,0.38,EMEA,Medium,Low,2025-04-29,2025-11-30,,False,True
THREAT-04558,REvil,DDoS,T1036 Masquerading,IT Services,API Gateway,True,48,0.81,Asia-Pacific,Low,Low,2024-06-02,2025-05-24,,False,False
THREAT-04559,Kimsuky,Cryptojacking,T1048 Exfiltration Over Alternative Protocol,Insurance,API Gateway,False,47,0.19,EMEA,Low,Low,2026-04-26,2026-09-04,,False,False
THREAT-04560,TA505,Cloud Misconfiguration Exploitation,T1078 Valid Accounts,Insurance,Payment Gateway,False,33,0.35,Global,Medium,High,2022-07-08,2023-03-23,,False,False
THREAT-04561,Nation-State (China),Ransomware,T1082 System Information Discovery,Education,Database Server,False,31,0.67,EMEA,Medium,High,2026-07-31,2026-09-04,CVE-2026-19983,True,True
THREAT-04562,Nation-State (Russia),Cryptojacking,T1027 Obfuscated Files or Information,Energy,Email Server,True,99,0.56,EMEA,Medium,Medium,2022-05-10,2023-03-07,CVE-2026-74280,False,False
THREAT-04563,APT28,Phishing,T1053 Scheduled Task/Job,Education,Database Server,False,66,0.39,EMEA,Critical,Medium,2024-03-02,2025-02-26,,False,False
THREAT-04564,Insider,Insider Threat,T1569 System Services,Education,Email Server,True,6,0.32,Asia-Pacific,High,Low,2022-03-26,2023-03-17,CVE-2026-59236,False,True
THREAT-04565,Scattered Spider,Cryptojacking,T1070 Indicator Removal,Government,Storage Bucket,False,29,0.54,India,Low,Low,2021-04-09,2021-10-04,CVE-2026-5976,False,False
THREAT-04566,Insider,Ransomware,T1105 Ingress Tool Transfer,Manufacturing,Payment Gateway,True,16,0.43,EMEA,High,Medium,2022-02-07,2022-09-01,CVE-2026-19591,True,True
THREAT-04567,Scattered Spider,Cryptojacking,T1105 Ingress Tool Transfer,Government,Database Server,True,19,0.3,India,Critical,Low,2025-07-29,2026-02-27,CVE-2026-72805,False,False
THREAT-04568,APT28,Phishing,T1021 Remote Services,Energy,Payment Gateway,False,96,0.37,Americas,Low,Medium,2026-05-31,2026-09-04,,False,False
THREAT-04569,Kimsuky,Supply Chain Attack,T1105 Ingress Tool Transfer,Energy,Payment Gateway,True,98,0.1,India,Low,Low,2022-04-06,2022-08-28,,False,False
THREAT-04570,Script Kiddie,Zero-Day Exploit,T1070 Indicator Removal,Energy,Cloud VM,True,15,0.44,Americas,High,Low,2025-06-02,2026-05-19,CVE-2026-18885,False,False
THREAT-04571,Sandworm,Cloud Misconfiguration Exploitation,T1082 System Information Discovery,IT Services,Employee Laptop,True,36,0.27,EMEA,Critical,High,2024-04-14,2024-06-13,,False,True
THREAT-04572,Script Kiddie,Supply Chain Attack,T1486 Data Encrypted for Impact,E-commerce,Cloud VM,True,76,0.5,Asia-Pacific,High,Low,2026-06-19,2026-09-04,,False,True
THREAT-04573,Nation-State (China),Insider Threat,T1071 Application Layer Protocol,Government,SaaS Application,False,1,0.33,Global,Medium,Low,2023-08-14,2024-01-13,CVE-2026-73606,False,True
THREAT-04574,LockBit,Business Email Compromise,T1048 Exfiltration Over Alternative Protocol,Government,Storage Bucket,False,32,0.6,Global,High,Low,2024-05-21,2024-12-28,,True,False
THREAT-04575,Mustang Panda,Web Application Attack,T1070 Indicator Removal,E-commerce,Cloud VM,False,54,0.59,Global,Low,High,2025-12-26,2026-05-11,CVE-2026-60140,False,False
THREAT-04576,Nation-State (Russia),Insider Threat,T1562 Impair Defenses,IT Services,Employee Laptop,False,6,0.18,EMEA,High,Low,2025-04-02,2026-02-14,,False,True
THREAT-04577,Sandworm,Supply Chain Attack,T1105 Ingress Tool Transfer,Manufacturing,Domain Controller,False,75,0.26,Asia-Pacific,Low,High,2023-07-24,2024-04-10,,False,False
THREAT-04578,FIN7,Business Email Compromise,T1021 Remote Services,IT Services,Email Server,False,53,0.5,Asia-Pacific,Low,High,2025-08-22,2025-08-29,CVE-2026-84649,False,True
THREAT-04579,ALPHV,Web Application Attack,T1562 Impair Defenses,E-commerce,API Gateway,True,64,0.25,Global,Low,Low,2022-04-08,2022-04-15,,False,True
THREAT-04580,Kimsuky,Insider Threat,T1110 Brute Force,Insurance,Domain Controller,False,9,0.17,Americas,Medium,High,2024-06-18,2025-01-25,,False,True
THREAT-04581,Hacktivist Group,Web Application Attack,T1027 Obfuscated Files or Information,Manufacturing,Kubernetes Cluster,True,46,0.55,Asia-Pacific,Medium,Medium,2023-12-13,2024-10-08,,False,True
THREAT-04582,Script Kiddie,Business Email Compromise,T1190 Exploit Public-Facing Application,Telecom,Payment Gateway,False,5,0.3,Asia-Pacific,High,High,2023-03-30,2023-08-05,,False,False
THREAT-04583,Unknown,Supply Chain Attack,T1110 Brute Force,Government,API Gateway,True,58,0.24,Asia-Pacific,High,High,2021-04-28,2021-08-22,,False,True
THREAT-04584,Turla,DDoS,T1021 Remote Services,Energy,Cloud VM,False,102,0.51,India,Low,Low,2023-06-10,2023-07-21,,False,False
THREAT-04585,APT29,Insider Threat,T1566 Phishing,Energy,Email Server,True,1,0.12,Asia-Pacific,Medium,Low,2022-03-17,2022-07-02,,False,True
THREAT-04586,Sandworm,Zero-Day Exploit,T1048 Exfiltration Over Alternative Protocol,Energy,Payment Gateway,True,15,0.43,Asia-Pacific,Critical,High,2025-05-05,2025-07-23,,False,False
THREAT-04587,Nation-State (Russia),Business Email Compromise,T1566 Phishing,Energy,Employee Laptop,True,98,0.42,Asia-Pacific,Critical,Medium,2024-04-04,2024-07-08,CVE-2026-58023,False,False
THREAT-04588,APT29,Credential Theft,T1078 Valid Accounts,Energy,Web Server,False,41,0.11,Americas,Low,Medium,2022-11-14,2023-07-07,,False,False
THREAT-04589,Nation-State (Iran),Business Email Compromise,T1071 Application Layer Protocol,IT Services,Email Server,True,47,0.16,India,Medium,Low,2022-09-28,2022-12-06,,False,False
THREAT-04590,TA505,Zero-Day Exploit,T1110 Brute Force,Manufacturing,API Gateway,True,79,0.58,Americas,High,Medium,2022-03-03,2023-02-28,,False,False
THREAT-04591,ALPHV,Insider Threat,T1190 Exploit Public-Facing Application,Insurance,Storage Bucket,False,4,0.2,Global,Medium,Low,2025-07-27,2025-07-31,,False,True
THREAT-04592,Sandworm,Credential Theft,T1569 System Services,E-commerce,Payment Gateway,False,57,0.53,India,High,High,2022-04-03,2022-04-06,,False,False
THREAT-04593,Lazarus Group,Cryptojacking,T1071 Application Layer Protocol,Government,Storage Bucket,False,70,0.48,India,Medium,High,2021-10-25,2022-02-24,CVE-2026-9475,False,False
THREAT-04594,REvil,Data Exfiltration,T1562 Impair Defenses,Energy,Storage Bucket,True,79,0.46,Global,Low,High,2023-07-03,2023-12-30,,False,True
THREAT-04595,Lazarus Group,Insider Threat,T1027 Obfuscated Files or Information,Energy,Employee Laptop,False,5,0.26,Americas,Low,Low,2023-02-12,2023-06-21,,False,True
THREAT-04596,Mustang Panda,Insider Threat,T1486 Data Encrypted for Impact,Government,Database Server,True,3,0.36,EMEA,Critical,High,2024-09-12,2024-09-30,,False,True
THREAT-04597,Kimsuky,Business Email Compromise,T1071 Application Layer Protocol,Energy,Kubernetes Cluster,False,17,0.34,Global,High,Medium,2026-01-18,2026-09-04,,False,False
THREAT-04598,Insider,Credential Theft,T1110 Brute Force,E-commerce,Cloud VM,True,56,0.33,Asia-Pacific,Medium,Low,2025-07-06,2026-03-14,,False,False
THREAT-04599,Nation-State (Iran),Web Application Attack,T1569 System Services,Manufacturing,Web Server,True,94,0.44,EMEA,Critical,High,2024-12-17,2024-12-21,CVE-2026-59696,False,False
THREAT-04600,LockBit,Phishing,T1059 Command and Scripting Interpreter,Insurance,Domain Controller,False,85,0.46,Global,Critical,Low,2023-02-23,2023-03-17,,False,True
THREAT-04601,ALPHV,Data Exfiltration,T1486 Data Encrypted for Impact,E-commerce,Storage Bucket,False,30,0.21,Americas,Low,High,2021-08-20,2022-04-29,,True,False
THREAT-04602,APT29,Cryptojacking,T1059 Command and Scripting Interpreter,Energy,Email Server,False,8,0.21,Asia-Pacific,Critical,Medium,2023-08-21,2023-09-09,,False,False
THREAT-04603,Turla,DDoS,T1021 Remote Services,Energy,Storage Bucket,False,118,0.52,Global,Low,Low,2024-02-24,2024-03-06,,False,False
THREAT-04604,Kimsuky,Cryptojacking,T1190 Exploit Public-Facing Application,Energy,API Gateway,False,7,0.25,Americas,Medium,Low,2023-04-16,2023-11-10,,False,False
THREAT-04605,ALPHV,Zero-Day Exploit,T1055 Process Injection,Energy,Web Server,True,86,0.34,India,Critical,High,2025-07-04,2025-12-26,,False,False
THREAT-04606,Nation-State (China),Cloud Misconfiguration Exploitation,T1105 Ingress Tool Transfer,Government,Employee Laptop,True,32,0.45,India,Medium,Low,2022-03-16,2022-06-20,CVE-2026-19591,False,False
THREAT-04607,Cybercrime Syndicate,Web Application Attack,T1021 Remote Services,E-commerce,SaaS Application,True,50,0.25,EMEA,Critical,High,2022-11-04,2023-05-12,CVE-2026-46688,False,False
THREAT-04608,Turla,Web Application Attack,T1059 Command and Scripting Interpreter,Manufacturing,Employee Laptop,False,58,0.19,EMEA,Critical,Medium,2023-07-29,2023-08-09,,False,True
THREAT-04609,Nation-State (China),DDoS,T1027 Obfuscated Files or Information,IT Services,Web Server,True,110,0.5,Asia-Pacific,Critical,Low,2026-05-11,2026-09-04,,False,False
THREAT-04610,ALPHV,Insider Threat,T1027 Obfuscated Files or Information,Energy,SaaS Application,False,6,0.16,India,High,Medium,2023-05-11,2023-10-20,,False,True
THREAT-04611,FIN7,DDoS,T1053 Scheduled Task/Job,Energy,Database Server,False,190,0.65,Global,High,High,2026-01-09,2026-03-25,,False,False
THREAT-04612,REvil,Ransomware,T1569 System Services,Government,Storage Bucket,False,11,0.6,EMEA,Critical,Medium,2025-04-14,2025-09-26,CVE-2026-75592,True,True
THREAT-04613,FIN7,Cryptojacking,T1566 Phishing,Telecom,Email Server,False,9,0.31,India,Critical,Low,2021-10-30,2022-08-17,CVE-2026-84131,False,False
THREAT-04614,Cybercrime Syndicate,Business Email Compromise,T1486 Data Encrypted for Impact,Education,Employee Laptop,False,78,0.11,EMEA,Low,High,2023-07-14,2024-04-15,,False,False
THREAT-04615,LockBit,Ransomware,T1027 Obfuscated Files or Information,Telecom,Storage Bucket,False,23,0.73,EMEA,Medium,Low,2026-04-12,2026-07-01,CVE-2026-20769,True,False
THREAT-04616,Nation-State (China),DDoS,T1071 Application Layer Protocol,Manufacturing,Payment Gateway,False,62,0.41,EMEA,Low,High,2025-11-09,2026-05-11,,False,False
THREAT-04617,Cybercrime Syndicate,Zero-Day Exploit,T1110 Brute Force,Telecom,Kubernetes Cluster,False,18,0.52,EMEA,High,High,2026-07-22,2026-09-04,,False,False
THREAT-04618,ALPHV,Cloud Misconfiguration Exploitation,T1105 Ingress Tool Transfer,E-commerce,Employee Laptop,True,6,0.43,Asia-Pacific,High,Low,2022-11-28,2023-03-19,,False,False
THREAT-04619,Nation-State (Russia),Supply Chain Attack,T1190 Exploit Public-Facing Application,Government,Email Server,True,84,0.24,Americas,Low,Medium,2023-03-16,2023-03-24,,False,False
THREAT-04620,Nation-State (Iran),Business Email Compromise,T1486 Data Encrypted for Impact,Energy,Kubernetes Cluster,False,93,0.39,EMEA,Critical,Low,2022-09-21,2023-03-11,,False,False
THREAT-04621,APT29,Zero-Day Exploit,T1036 Masquerading,Government,Payment Gateway,True,47,0.37,Americas,High,Low,2026-05-15,2026-09-04,CVE-2026-24033,False,False
THREAT-04622,LockBit,Zero-Day Exploit,T1110 Brute Force,E-commerce,SaaS Application,True,79,0.53,India,Low,Medium,2026-07-02,2026-09-04,,False,False
THREAT-04623,Sandworm,Insider Threat,T1070 Indicator Removal,Government,Payment Gateway,False,3,0.18,Global,Medium,High,2022-03-05,2022-04-13,CVE-2026-60644,False,True
THREAT-04624,Conti,Insider Threat,T1566 Phishing,E-commerce,SaaS Application,True,3,0.39,Asia-Pacific,Low,Low,2026-03-30,2026-09-04,,False,True
THREAT-04625,Nation-State (Russia),Business Email Compromise,T1027 Obfuscated Files or Information,Government,Database Server,False,90,0.25,India,Critical,Medium,2026-01-24,2026-03-23,,False,True
THREAT-04626,REvil,Ransomware,T1003 OS Credential Dumping,Manufacturing,Web Server,False,21,0.67,Asia-Pacific,Critical,Low,2025-01-19,2025-11-25,CVE-2026-84309,True,False
THREAT-04627,Scattered Spider,Data Exfiltration,T1562 Impair Defenses,E-commerce,SaaS Application,True,9,0.4,India,High,Medium,2025-12-07,2026-09-04,,True,True
THREAT-04628,ALPHV,Supply Chain Attack,T1048 Exfiltration Over Alternative Protocol,Manufacturing,API Gateway,True,69,0.43,Americas,Low,High,2021-07-08,2022-05-31,CVE-2026-15576,False,True
THREAT-04629,Turla,Cloud Misconfiguration Exploitation,T1071 Application Layer Protocol,Government,Kubernetes Cluster,True,49,0.34,Asia-Pacific,Low,Low,2022-10-12,2022-11-29,CVE-2026-61962,False,True
THREAT-04630,Lazarus Group,Cloud Misconfiguration Exploitation,T1082 System Information Discovery,Government,Cloud VM,True,28,0.15,EMEA,Medium,Low,2022-12-22,2023-11-11,,False,True
THREAT-04631,REvil,Credential Theft,T1048 Exfiltration Over Alternative Protocol,Energy,Database Server,False,79,0.49,Global,Low,Medium,2024-05-27,2024-08-16,CVE-2026-73703,False,False
THREAT-04632,REvil,Zero-Day Exploit,T1078 Valid Accounts,Insurance,Payment Gateway,False,28,0.25,EMEA,High,High,2022-10-26,2023-09-02,,False,False
THREAT-04633,Nation-State (Iran),Phishing,T1569 System Services,Telecom,Web Server,False,25,0.22,Asia-Pacific,High,Medium,2023-12-30,2024-11-05,CVE-2026-81678,False,False
THREAT-04634,Hacktivist Group,Credential Theft,T1562 Impair Defenses,Government,API Gateway,True,97,0.17,Americas,Low,High,2024-01-15,2024-03-02,,False,False
THREAT-04635,Kimsuky,Business Email Compromise,T1071 Application Layer Protocol,Energy,API Gateway,True,100,0.4,Global,Medium,Low,2022-09-17,2022-11-17,,False,False
THREAT-04636,Mustang Panda,Zero-Day Exploit,T1133 External Remote Services,E-commerce,Database Server,False,14,0.3,Asia-Pacific,High,High,2024-03-23,2024-05-17,CVE-2026-60389,False,False
THREAT-04637,Insider,Cloud Misconfiguration Exploitation,T1566 Phishing,Government,Database Server,False,83,0.33,Asia-Pacific,Critical,Low,2025-09-13,2026-03-26,,False,False
THREAT-04638,Kimsuky,Business Email Compromise,T1486 Data Encrypted for Impact,Manufacturing,Email Server,False,52,0.26,India,Low,High,2022-09-27,2023-07-25,,False,False
THREAT-04639,Sandworm,Insider Threat,T1105 Ingress Tool Transfer,Healthcare,Web Server,False,10,0.28,Americas,High,High,2024-12-05,2025-08-03,,False,True
THREAT-04640,ALPHV,Ransomware,T1078 Valid Accounts,IT Services,API Gateway,False,32,0.38,India,Low,Low,2023-02-09,2023-06-25,,True,False
THREAT-04641,Lazarus Group,Web Application Attack,T1190 Exploit Public-Facing Application,Government,Storage Bucket,False,91,0.3,India,Critical,High,2023-02-20,2023-08-04,CVE-2026-33076,False,True
THREAT-04642,Cybercrime Syndicate,Business Email Compromise,T1566 Phishing,Government,API Gateway,False,74,0.33,Asia-Pacific,Medium,Medium,2024-03-01,2025-02-09,,True,False
THREAT-04643,Hacktivist Group,Supply Chain Attack,T1078 Valid Accounts,Government,Email Server,False,41,0.36,Asia-Pacific,Low,High,2024-01-25,2025-01-18,CVE-2026-80638,True,False
THREAT-04644,Conti,DDoS,T1190 Exploit Public-Facing Application,Education,SaaS Application,False,129,0.82,EMEA,Critical,Low,2023-06-25,2023-12-12,,False,False
THREAT-04645,APT29,Phishing,T1078 Valid Accounts,E-commerce,Storage Bucket,True,11,0.15,Asia-Pacific,Critical,Low,2023-02-06,2023-04-13,CVE-2026-79215,True,False
THREAT-04646,Sandworm,Cloud Misconfiguration Exploitation,T1566 Phishing,E-commerce,API Gateway,True,53,0.47,Global,Low,Low,2025-09-28,2026-08-03,,False,False
THREAT-04647,Mustang Panda,Phishing,T1105 Ingress Tool Transfer,Energy,Employee Laptop,False,78,0.46,Americas,Medium,Medium,2026-03-14,2026-03-29,,True,False
THREAT-04648,Sandworm,Ransomware,T1110 Brute Force,Government,Domain Controller,True,41,0.56,Global,High,Medium,2024-05-09,2025-03-07,CVE-2026-7538,True,False
THREAT-04649,LockBit,Web Application Attack,T1027 Obfuscated Files or Information,Manufacturing,Email Server,False,64,0.59,Global,High,High,2025-04-25,2026-01-23,,False,True
THREAT-04650,Turla,Zero-Day Exploit,T1059 Command and Scripting Interpreter,Energy,API Gateway,True,71,0.49,India,Low,High,2024-03-30,2024-11-18,CVE-2026-78333,False,False
THREAT-04651,Mustang Panda,Phishing,T1566 Phishing,Education,Cloud VM,False,76,0.56,Global,High,High,2022-08-15,2023-01-22,,False,True
THREAT-04652,Nation-State (Iran),Cryptojacking,T1082 System Information Discovery,Government,Domain Controller,False,24,0.31,Americas,Medium,Medium,2021-08-05,2021-09-28,,False,True
THREAT-04653,Unknown,Supply Chain Attack,T1055 Process Injection,E-commerce,Database Server,False,41,0.51,Asia-Pacific,Medium,Medium,2025-06-21,2025-08-13,,False,False
THREAT-04654,Cybercrime Syndicate,Data Exfiltration,T1053 Scheduled Task/Job,Government,Database Server,False,59,0.58,India,High,High,2023-07-23,2024-05-19,,False,True
THREAT-04655,REvil,DDoS,T1048 Exfiltration Over Alternative Protocol,Energy,Domain Controller,False,48,0.79,Asia-Pacific,Low,Medium,2023-12-19,2024-01-14,,False,False
THREAT-04656,TA505,Web Application Attack,T1036 Masquerading,Government,Domain Controller,False,16,0.56,India,Medium,High,2021-09-02,2022-08-05,,False,True
THREAT-04657,Turla,Supply Chain Attack,T1562 Impair Defenses,Government,API Gateway,False,94,0.38,EMEA,Critical,Medium,2023-05-29,2023-12-30,,False,True
THREAT-04658,Script Kiddie,Zero-Day Exploit,T1190 Exploit Public-Facing Application,Government,Storage Bucket,True,30,0.14,Global,Low,Medium,2023-02-07,2023-03-10,CVE-2026-9454,False,False
THREAT-04659,Insider,Cryptojacking,T1003 OS Credential Dumping,Education,Web Server,False,10,0.13,Americas,High,Medium,2023-02-16,2023-08-23,,False,True
THREAT-04660,REvil,Insider Threat,T1078 Valid Accounts,IT Services,Database Server,True,5,0.33,India,Medium,Low,2021-11-10,2022-08-30,,False,True
THREAT-04661,REvil,Business Email Compromise,T1190 Exploit Public-Facing Application,Healthcare,Web Server,False,24,0.54,EMEA,Low,Medium,2024-09-02,2025-07-20,,False,True
THREAT-04662,Nation-State (China),Phishing,T1055 Process Injection,E-commerce,Payment Gateway,False,68,0.36,Global,Critical,Low,2024-07-11,2024-11-09,,False,False
THREAT-04663,APT28,Ransomware,T1110 Brute Force,Government,Kubernetes Cluster,True,25,0.79,Asia-Pacific,Critical,Medium,2022-10-16,2023-01-08,,True,True
THREAT-04664,Hacktivist Group,Credential Theft,T1566 Phishing,Manufacturing,Cloud VM,False,58,0.3,Americas,High,Low,2021-12-14,2022-10-24,,True,False
THREAT-04665,Nation-State (China),Supply Chain Attack,T1053 Scheduled Task/Job,Government,Email Server,False,15,0.51,Global,Medium,Low,2024-01-29,2024-11-02,CVE-2026-19116,False,True
THREAT-04666,TA505,Zero-Day Exploit,T1566 Phishing,Education,Database Server,False,21,0.33,India,Low,Medium,2024-10-11,2025-04-27,CVE-2026-15580,False,False
THREAT-04667,SilverFox,Cryptojacking,T1133 External Remote Services,Government,Database Server,True,83,0.26,EMEA,Critical,Medium,2022-05-26,2023-05-23,CVE-2026-73702,False,True
THREAT-04668,Nation-State (Russia),Insider Threat,T1071 Application Layer Protocol,Government,Employee Laptop,True,8,0.28,Americas,High,Low,2021-10-02,2022-05-30,,False,True
THREAT-04669,SilverFox,Zero-Day Exploit,T1036 Masquerading,Government,Payment Gateway,True,12,0.57,India,Low,High,2022-08-13,2022-10-31,,False,False
THREAT-04670,REvil,DDoS,T1082 System Information Discovery,Energy,Kubernetes Cluster,True,66,0.49,Global,Medium,High,2023-12-22,2024-10-02,,False,False
THREAT-04671,FIN7,Insider Threat,T1105 Ingress Tool Transfer,E-commerce,SaaS Application,False,8,0.32,Global,Medium,High,2021-10-14,2022-06-20,,False,True
THREAT-04672,FIN7,Business Email Compromise,T1105 Ingress Tool Transfer,Energy,Web Server,False,78,0.24,Asia-Pacific,Low,Low,2022-10-28,2023-04-14,,False,False
THREAT-04673,Cybercrime Syndicate,Data Exfiltration,T1036 Masquerading,Energy,Cloud VM,True,69,0.31,EMEA,Medium,Low,2021-12-29,2022-09-27,CVE-2026-72759,True,True
THREAT-04674,REvil,Cryptojacking,T1021 Remote Services,Manufacturing,Cloud VM,False,38,0.11,Global,Medium,High,2025-09-02,2025-11-26,CVE-2026-40487,False,False
THREAT-04675,Nation-State (Iran),Phishing,T1569 System Services,Government,Domain Controller,False,97,0.55,Americas,Critical,Medium,2021-05-17,2022-03-10,CVE-2026-69502,False,False
THREAT-04676,Conti,DDoS,T1105 Ingress Tool Transfer,Energy,Email Server,False,34,0.82,India,Low,Medium,2022-04-30,2022-09-08,,False,False
THREAT-04677,Script Kiddie,Cryptojacking,T1027 Obfuscated Files or Information,Telecom,Employee Laptop,False,86,0.4,India,Low,Medium,2022-06-07,2022-06-18,CVE-2026-58592,False,False
THREAT-04678,Conti,Cloud Misconfiguration Exploitation,T1036 Masquerading,Energy,Domain Controller,False,41,0.31,Asia-Pacific,High,Medium,2022-05-05,2023-03-30,CVE-2026-69198,False,True
THREAT-04679,TA505,Supply Chain Attack,T1133 External Remote Services,E-commerce,Kubernetes Cluster,False,57,0.59,Global,Medium,High,2026-03-17,2026-09-04,,False,False
THREAT-04680,TA505,Business Email Compromise,T1059 Command and Scripting Interpreter,Energy,Kubernetes Cluster,False,94,0.55,India,High,Low,2025-02-25,2025-11-03,,True,False
THREAT-04681,Script Kiddie,Ransomware,T1105 Ingress Tool Transfer,E-commerce,Payment Gateway,True,49,0.41,Americas,Medium,Medium,2022-08-11,2023-02-26,,True,False
THREAT-04682,Conti,Web Application Attack,T1053 Scheduled Task/Job,Manufacturing,Storage Bucket,False,35,0.14,Asia-Pacific,Critical,High,2021-04-29,2021-08-02,,False,False
THREAT-04683,Turla,Web Application Attack,T1105 Ingress Tool Transfer,Energy,Domain Controller,False,77,0.4,Global,Critical,High,2026-06-18,2026-09-04,CVE-2026-7122,True,False
THREAT-04684,Nation-State (China),Web Application Attack,T1486 Data Encrypted for Impact,Manufacturing,Database Server,False,12,0.34,Asia-Pacific,Medium,Medium,2025-09-30,2026-06-07,CVE-2026-78618,False,True
THREAT-04685,Kimsuky,Ransomware,T1055 Process Injection,Manufacturing,Email Server,True,32,0.46,Americas,Low,Medium,2024-12-12,2025-05-17,CVE-2026-16812,True,True
THREAT-04686,Insider,Credential Theft,T1070 Indicator Removal,Manufacturing,Domain Controller,False,33,0.46,Americas,Medium,Medium,2025-12-07,2026-05-10,CVE-2026-59726,False,True
THREAT-04687,Hacktivist Group,Phishing,T1036 Masquerading,E-commerce,Storage Bucket,False,38,0.1,Asia-Pacific,Medium,Low,2026-08-01,2026-09-04,CVE-2026-81028,True,False
THREAT-04688,LockBit,Business Email Compromise,T1021 Remote Services,IT Services,Database Server,False,21,0.19,Asia-Pacific,Medium,Medium,2021-12-05,2022-08-19,CVE-2026-76212,False,False
THREAT-04689,Sandworm,Business Email Compromise,T1048 Exfiltration Over Alternative Protocol,Manufacturing,Email Server,False,43,0.54,Americas,Critical,Medium,2023-01-23,2023-07-15,,False,False
THREAT-04690,Kimsuky,Zero-Day Exploit,T1003 OS Credential Dumping,Healthcare,Kubernetes Cluster,False,33,0.25,Asia-Pacific,Medium,Medium,2023-08-01,2023-09-16,,False,False
THREAT-04691,APT28,Zero-Day Exploit,T1003 OS Credential Dumping,Energy,Storage Bucket,True,71,0.39,Asia-Pacific,High,High,2021-06-17,2022-05-25,CVE-2026-76607,False,False
THREAT-04692,Lazarus Group,Data Exfiltration,T1071 Application Layer Protocol,E-commerce,Kubernetes Cluster,False,42,0.45,Global,Medium,Low,2024-11-23,2025-09-06,CVE-2026-79240,False,False
THREAT-04693,Unknown,Web Application Attack,T1110 Brute Force,IT Services,Payment Gateway,False,70,0.17,Global,High,High,2024-10-26,2025-02-05,CVE-2026-59236,False,True
THREAT-04694,Script Kiddie,Phishing,T1078 Valid Accounts,Insurance,API Gateway,False,59,0.25,India,Critical,High,2023-01-11,2023-09-18,CVE-2026-4254,False,True
THREAT-04695,Nation-State (China),Business Email Compromise,T1003 OS Credential Dumping,Manufacturing,Cloud VM,True,90,0.17,Asia-Pacific,Critical,Medium,2021-08-01,2021-08-23,,False,True
THREAT-04696,Hacktivist Group,Business Email Compromise,T1082 System Information Discovery,Energy,Database Server,False,28,0.17,Global,Critical,Low,2024-12-10,2025-06-04,,False,False
THREAT-04697,Lazarus Group,Zero-Day Exploit,T1053 Scheduled Task/Job,E-commerce,Payment Gateway,False,91,0.26,EMEA,Low,High,2026-03-12,2026-09-04,CVE-2026-43945,False,False
THREAT-04698,ALPHV,Ransomware,T1110 Brute Force,Government,Database Server,False,38,0.56,Global,High,Medium,2025-01-18,2025-03-27,CVE-2026-9432,True,False
THREAT-04699,Nation-State (Iran),Credential Theft,T1059 Command and Scripting Interpreter,Energy,Storage Bucket,False,74,0.48,India,High,High,2021-04-09,2022-01-28,,False,False
THREAT-04700,Mustang Panda,Supply Chain Attack,T1569 System Services,IT Services,Kubernetes Cluster,True,67,0.28,EMEA,Critical,High,2023-12-24,2024-12-17,,False,True
THREAT-04701,FIN7,Data Exfiltration,T1055 Process Injection,Government,Employee Laptop,False,12,0.49,EMEA,High,High,2021-04-21,2021-09-05,,False,False
THREAT-04702,Script Kiddie,Supply Chain Attack,T1053 Scheduled Task/Job,Energy,Email Server,False,76,0.13,Global,High,Low,2022-02-05,2022-02-09,CVE-2026-23527,False,False
THREAT-04703,Insider,Data Exfiltration,T1110 Brute Force,Energy,Cloud VM,False,10,0.38,EMEA,High,Low,2024-09-01,2025-08-07,,False,True
THREAT-04704,Kimsuky,Data Exfiltration,T1078 Valid Accounts,Energy,Web Server,True,54,0.21,EMEA,High,High,2022-03-26,2022-07-20,CVE-2026-62422,False,False
THREAT-04705,Lazarus Group,Zero-Day Exploit,T1027 Obfuscated Files or Information,E-commerce,Email Server,False,71,0.47,Asia-Pacific,High,High,2024-06-15,2024-12-13,,False,False
THREAT-04706,ALPHV,Business Email Compromise,T1110 Brute Force,Insurance,Payment Gateway,True,97,0.31,Global,Medium,Low,2022-04-21,2022-07-07,,False,False
THREAT-04707,TA505,DDoS,T1082 System Information Discovery,Manufacturing,Domain Controller,True,113,0.57,India,Critical,High,2025-08-29,2026-01-06,CVE-2026-81033,False,False
THREAT-04708,Cybercrime Syndicate,Data Exfiltration,T1133 External Remote Services,E-commerce,Web Server,True,60,0.49,Asia-Pacific,Critical,Low,2025-06-24,2026-06-24,,False,False
THREAT-04709,Nation-State (China),Data Exfiltration,T1082 System Information Discovery,Energy,API Gateway,True,15,0.1,Americas,Critical,Medium,2022-07-03,2023-04-01,CVE-2026-67315,False,True
THREAT-04710,Hacktivist Group,Cloud Misconfiguration Exploitation,T1566 Phishing,Energy,Domain Controller,True,46,0.17,Americas,Low,High,2025-08-18,2026-08-05,CVE-2026-72761,False,False
THREAT-04711,Nation-State (Iran),Credential Theft,T1082 System Information Discovery,Insurance,Payment Gateway,False,89,0.35,Global,High,High,2025-11-18,2026-07-04,CVE-2026-73751,True,True
THREAT-04712,ALPHV,Supply Chain Attack,T1048 Exfiltration Over Alternative Protocol,Government,SaaS Application,False,5,0.13,Global,Low,High,2024-09-17,2025-05-14,,True,True
THREAT-04713,Unknown,Insider Threat,T1569 System Services,Manufacturing,Kubernetes Cluster,False,5,0.35,Global,Low,Low,2024-09-18,2025-07-06,CVE-2026-9384,False,True
THREAT-04714,Turla,Cloud Misconfiguration Exploitation,T1562 Impair Defenses,Healthcare,Cloud VM,True,100,0.55,Asia-Pacific,Critical,Low,2024-05-29,2025-04-29,CVE-2026-82853,False,False
THREAT-04715,Hacktivist Group,Phishing,T1027 Obfuscated Files or Information,Government,SaaS Application,False,62,0.57,Americas,Medium,High,2025-10-29,2026-07-07,CVE-2026-81732,False,False
THREAT-04716,Scattered Spider,Data Exfiltration,T1036 Masquerading,Telecom,Web Server,False,36,0.21,India,Critical,Medium,2024-06-14,2024-09-02,,False,True
THREAT-04717,Script Kiddie,Supply Chain Attack,T1562 Impair Defenses,Healthcare,Email Server,False,62,0.53,Americas,Critical,Medium,2023-10-16,2024-03-25,,False,False
THREAT-04718,Cybercrime Syndicate,Cloud Misconfiguration Exploitation,T1053 Scheduled Task/Job,Energy,Employee Laptop,False,90,0.16,Americas,Critical,High,2023-09-22,2024-04-10,,False,True
THREAT-04719,LockBit,Ransomware,T1027 Obfuscated Files or Information,Insurance,SaaS Application,True,31,0.4,EMEA,High,Low,2024-10-21,2025-01-25,,True,True
THREAT-04720,Cybercrime Syndicate,Supply Chain Attack,T1569 System Services,Energy,SaaS Application,False,97,0.32,India,Low,Low,2025-10-25,2026-09-04,,False,True
THREAT-04721,Sandworm,Insider Threat,T1036 Masquerading,Telecom,Email Server,True,3,0.29,India,Low,High,2023-04-15,2024-01-23,CVE-2026-75137,False,True
THREAT-04722,REvil,Data Exfiltration,T1071 Application Layer Protocol,Telecom,API Gateway,False,51,0.54,India,Critical,Low,2025-06-26,2025-10-10,,False,False
THREAT-04723,Sandworm,Zero-Day Exploit,T1036 Masquerading,Energy,SaaS Application,False,49,0.15,Global,High,Low,2021-05-25,2022-03-30,,False,False
THREAT-04724,APT29,Cloud Misconfiguration Exploitation,T1055 Process Injection,Education,Kubernetes Cluster,True,67,0.11,EMEA,High,High,2026-03-09,2026-06-18,,False,False
THREAT-04725,FIN7,DDoS,T1190 Exploit Public-Facing Application,Energy,Email Server,True,155,0.82,Global,Critical,Medium,2025-06-11,2026-05-27,CVE-2026-27727,False,False
THREAT-04726,APT28,Ransomware,T1027 Obfuscated Files or Information,Energy,Kubernetes Cluster,False,40,0.71,Asia-Pacific,Medium,Medium,2021-08-07,2022-07-15,CVE-2026-76657,True,False
THREAT-04727,Mustang Panda,Phishing,T1105 Ingress Tool Transfer,Manufacturing,API Gateway,True,87,0.16,Global,Critical,Medium,2022-10-11,2023-04-27,,False,True
THREAT-04728,Cybercrime Syndicate,Zero-Day Exploit,T1003 OS Credential Dumping,Manufacturing,SaaS Application,False,49,0.24,India,Medium,Low,2025-11-27,2026-09-04,,False,True
THREAT-04729,REvil,Zero-Day Exploit,T1133 External Remote Services,Energy,Payment Gateway,True,25,0.21,Americas,Critical,High,2023-10-25,2024-02-07,,False,False
THREAT-04730,Lazarus Group,Ransomware,T1110 Brute Force,Government,Storage Bucket,True,16,0.8,EMEA,Low,Medium,2022-08-16,2022-11-10,,True,False
THREAT-04731,FIN7,Business Email Compromise,T1105 Ingress Tool Transfer,E-commerce,Cloud VM,False,54,0.48,EMEA,Medium,Medium,2022-11-10,2023-04-11,,False,False
THREAT-04732,Script Kiddie,Ransomware,T1110 Brute Force,Government,Domain Controller,True,49,0.63,Americas,Low,Medium,2023-09-11,2024-08-16,CVE-2026-5977,True,True
THREAT-04733,Nation-State (Russia),Phishing,T1070 Indicator Removal,IT Services,Web Server,False,85,0.24,India,Low,Low,2025-11-07,2026-04-11,CVE-2026-84201,False,False
THREAT-04734,REvil,DDoS,T1071 Application Layer Protocol,Energy,Employee Laptop,False,127,0.73,EMEA,Low,Low,2026-02-12,2026-06-23,,False,False
THREAT-04735,Script Kiddie,Cloud Misconfiguration Exploitation,T1110 Brute Force,Education,Email Server,False,78,0.15,India,Medium,Low,2022-07-13,2022-09-23,,False,False
THREAT-04736,Turla,Ransomware,T1053 Scheduled Task/Job,Energy,Employee Laptop,False,38,0.45,India,Medium,High,2026-03-27,2026-09-04,CVE-2026-15413,True,False
THREAT-04737,FIN7,Data Exfiltration,T1078 Valid Accounts,Insurance,Domain Controller,False,76,0.41,Americas,High,High,2022-12-28,2023-05-08,,False,True
THREAT-04738,Nation-State (Russia),DDoS,T1003 OS Credential Dumping,Manufacturing,Employee Laptop,False,62,0.86,EMEA,Medium,Low,2021-04-27,2022-04-10,,False,False
THREAT-04739,Nation-State (Iran),Insider Threat,T1562 Impair Defenses,Insurance,Employee Laptop,True,5,0.29,India,Critical,Medium,2023-12-27,2024-03-15,CVE-2026-82866,False,True
THREAT-04740,TA505,DDoS,T1048 Exfiltration Over Alternative Protocol,Manufacturing,SaaS Application,False,178,0.83,India,High,Low,2024-12-29,2025-12-24,,False,False
THREAT-04741,Scattered Spider,Web Application Attack,T1566 Phishing,Government,Domain Controller,False,92,0.17,Global,High,High,2021-12-14,2021-12-29,,False,False
THREAT-04742,Hacktivist Group,Supply Chain Attack,T1059 Command and Scripting Interpreter,Manufacturing,Email Server,False,86,0.36,Global,Critical,Low,2022-12-02,2023-07-30,,True,True
THREAT-04743,Kimsuky,Cloud Misconfiguration Exploitation,T1059 Command and Scripting Interpreter,Government,API Gateway,False,5,0.39,EMEA,Low,Medium,2022-06-01,2022-07-23,,False,False
THREAT-04744,Cybercrime Syndicate,Phishing,T1055 Process Injection,Manufacturing,Web Server,True,95,0.54,Americas,Medium,Medium,2023-06-11,2023-12-29,,False,True
THREAT-04745,APT28,Insider Threat,T1071 Application Layer Protocol,Manufacturing,Cloud VM,True,3,0.17,Global,Medium,Medium,2024-08-13,2025-02-01,,False,True
THREAT-04746,Conti,Business Email Compromise,T1059 Command and Scripting Interpreter,Government,Payment Gateway,False,69,0.24,India,Low,Medium,2024-05-16,2024-07-29,CVE-2026-59682,False,False
THREAT-04747,Nation-State (Iran),Web Application Attack,T1036 Masquerading,E-commerce,Employee Laptop,False,29,0.31,Americas,Low,High,2024-06-15,2025-05-29,CVE-2026-19471,False,False
THREAT-04748,Nation-State (Iran),Ransomware,T1110 Brute Force,Insurance,Payment Gateway,True,19,0.61,Asia-Pacific,Medium,Low,2024-01-01,2024-01-10,,True,True
THREAT-04749,Hacktivist Group,Cryptojacking,T1003 OS Credential Dumping,Telecom,Database Server,False,37,0.17,Global,High,Low,2022-10-03,2022-10-14,,False,False
THREAT-04750,Hacktivist Group,Phishing,T1053 Scheduled Task/Job,IT Services,SaaS Application,False,31,0.49,EMEA,Critical,High,2025-08-14,2026-07-29,,False,False
THREAT-04751,Lazarus Group,Cryptojacking,T1105 Ingress Tool Transfer,Telecom,Kubernetes Cluster,False,44,0.12,Asia-Pacific,Low,Medium,2026-07-14,2026-09-04,CVE-2026-54769,False,False
THREAT-04752,Turla,Zero-Day Exploit,T1562 Impair Defenses,Manufacturing,Payment Gateway,False,37,0.33,EMEA,High,High,2024-05-27,2024-08-04,,False,False
THREAT-04753,Unknown,Business Email Compromise,T1562 Impair Defenses,E-commerce,Kubernetes Cluster,False,29,0.4,EMEA,Critical,High,2023-10-22,2024-07-20,CVE-2026-79776,False,True
THREAT-04754,APT29,Zero-Day Exploit,T1486 Data Encrypted for Impact,Government,Web Server,False,17,0.15,Asia-Pacific,Medium,High,2024-03-18,2025-01-23,,True,False
THREAT-04755,Nation-State (Iran),Cloud Misconfiguration Exploitation,T1562 Impair Defenses,Government,API Gateway,False,8,0.22,Asia-Pacific,Low,Medium,2022-08-05,2022-10-14,CVE-2026-66919,True,False
THREAT-04756,Mustang Panda,Phishing,T1078 Valid Accounts,Manufacturing,SaaS Application,False,74,0.14,Global,Critical,Low,2022-06-05,2022-11-29,,False,False
THREAT-04757,Lazarus Group,Ransomware,T1133 External Remote Services,Education,Payment Gateway,True,33,0.46,Global,Low,Low,2023-07-19,2023-09-15,,True,True
THREAT-04758,SilverFox,Business Email Compromise,T1082 System Information Discovery,Energy,Cloud VM,False,33,0.12,Americas,Critical,High,2026-06-04,2026-09-04,,False,True
THREAT-04759,REvil,DDoS,T1562 Impair Defenses,Education,Storage Bucket,True,37,0.52,EMEA,Medium,High,2026-02-12,2026-09-04,,False,False
THREAT-04760,Sandworm,Cloud Misconfiguration Exploitation,T1569 System Services,Energy,Storage Bucket,True,41,0.25,India,Low,High,2021-11-23,2022-03-21,,False,False
THREAT-04761,REvil,Zero-Day Exploit,T1059 Command and Scripting Interpreter,E-commerce,Email Server,False,6,0.29,Asia-Pacific,High,Medium,2023-04-04,2023-04-17,CVE-2026-9388,False,False
THREAT-04762,APT29,Zero-Day Exploit,T1053 Scheduled Task/Job,E-commerce,Employee Laptop,True,40,0.43,Asia-Pacific,Medium,Low,2026-03-27,2026-08-05,,False,False
THREAT-04763,REvil,Cryptojacking,T1003 OS Credential Dumping,Insurance,Employee Laptop,True,77,0.39,Americas,Low,Medium,2025-07-05,2025-09-24,CVE-2026-83596,False,False
THREAT-04764,REvil,Credential Theft,T1190 Exploit Public-Facing Application,Healthcare,Database Server,False,88,0.5,Global,High,High,2025-02-20,2025-12-10,,True,True
THREAT-04765,Turla,Web Application Attack,T1486 Data Encrypted for Impact,Manufacturing,Database Server,True,18,0.46,India,High,Low,2025-04-16,2025-04-23,,False,False
THREAT-04766,Nation-State (Russia),DDoS,T1110 Brute Force,E-commerce,API Gateway,False,27,0.9,Asia-Pacific,Medium,High,2024-03-22,2024-12-11,CVE-2026-67364,False,False
THREAT-04767,Nation-State (Russia),Zero-Day Exploit,T1133 External Remote Services,E-commerce,API Gateway,False,58,0.54,Global,Critical,High,2026-06-19,2026-07-19,CVE-2026-85046,False,True
THREAT-04768,Nation-State (Russia),Zero-Day Exploit,T1070 Indicator Removal,E-commerce,Kubernetes Cluster,True,82,0.49,India,Low,Low,2025-10-26,2026-06-03,CVE-2026-82465,False,True
THREAT-04769,Kimsuky,Cryptojacking,T1070 Indicator Removal,Telecom,Email Server,True,21,0.39,Global,Medium,High,2022-12-21,2023-01-28,,False,True
THREAT-04770,FIN7,Ransomware,T1003 OS Credential Dumping,Telecom,Domain Controller,False,6,0.4,EMEA,Critical,Low,2025-05-17,2025-05-19,,True,False
THREAT-04771,Insider,Insider Threat,T1027 Obfuscated Files or Information,Government,Storage Bucket,False,8,0.38,India,Medium,High,2024-05-03,2024-05-31,,False,True
THREAT-04772,Hacktivist Group,Insider Threat,T1190 Exploit Public-Facing Application,Energy,Email Server,False,3,0.18,India,High,Medium,2023-10-04,2024-05-06,,False,True
THREAT-04773,APT28,Data Exfiltration,T1569 System Services,E-commerce,API Gateway,False,79,0.24,EMEA,Medium,High,2025-05-29,2025-11-23,,False,False
THREAT-04774,Unknown,Credential Theft,T1055 Process Injection,Government,Email Server,False,80,0.37,Americas,Low,Low,2024-02-06,2024-02-21,CVE-2026-77638,False,False
THREAT-04775,APT28,Zero-Day Exploit,T1055 Process Injection,E-commerce,Database Server,False,39,0.2,Asia-Pacific,Critical,Medium,2024-04-13,2024-12-07,,False,False
THREAT-04776,Insider,Web Application Attack,T1036 Masquerading,Government,Kubernetes Cluster,False,21,0.28,EMEA,Medium,Low,2022-03-08,2022-12-15,CVE-2026-57472,False,False
THREAT-04777,Hacktivist Group,Ransomware,T1082 System Information Discovery,Energy,Web Server,False,17,0.75,India,Low,Medium,2025-02-23,2025-04-09,CVE-2026-16496,True,False
THREAT-04778,LockBit,Phishing,T1027 Obfuscated Files or Information,Energy,Payment Gateway,False,97,0.23,Asia-Pacific,Medium,High,2025-10-14,2026-09-04,,False,True
THREAT-04779,Nation-State (China),Credential Theft,T1190 Exploit Public-Facing Application,Manufacturing,Cloud VM,False,95,0.49,EMEA,High,Low,2026-07-13,2026-09-04,,False,False
THREAT-04780,Cybercrime Syndicate,Phishing,T1105 Ingress Tool Transfer,Manufacturing,Database Server,True,86,0.32,Americas,High,High,2022-12-02,2023-02-06,,False,False
THREAT-04781,Turla,Business Email Compromise,T1070 Indicator Removal,Government,Domain Controller,False,89,0.47,Americas,Critical,Medium,2024-05-29,2025-05-15,,False,False
THREAT-04782,Unknown,Supply Chain Attack,T1059 Command and Scripting Interpreter,Education,Employee Laptop,True,45,0.24,India,Medium,High,2021-10-25,2022-03-27,,False,False
THREAT-04783,FIN7,Phishing,T1486 Data Encrypted for Impact,Healthcare,Employee Laptop,False,35,0.14,India,High,High,2021-05-22,2021-08-11,CVE-2026-82286,False,False
THREAT-04784,Mustang Panda,Web Application Attack,T1071 Application Layer Protocol,E-commerce,Payment Gateway,True,42,0.35,Americas,Low,High,2025-11-05,2026-09-04,CVE-2026-82455,True,False
THREAT-04785,APT28,Insider Threat,T1059 Command and Scripting Interpreter,E-commerce,Cloud VM,False,1,0.11,Asia-Pacific,High,Low,2024-04-18,2025-03-19,CVE-2026-45754,False,True
THREAT-04786,Nation-State (Russia),Supply Chain Attack,T1110 Brute Force,E-commerce,Employee Laptop,False,50,0.23,EMEA,High,High,2023-06-26,2023-10-15,CVE-2026-61505,False,False
THREAT-04787,Sandworm,Ransomware,T1110 Brute Force,Government,Email Server,False,22,0.75,Asia-Pacific,Low,Low,2026-06-24,2026-08-16,,True,True
THREAT-04788,Cybercrime Syndicate,Cryptojacking,T1078 Valid Accounts,Energy,Storage Bucket,True,99,0.26,Americas,Critical,Medium,2024-12-20,2025-12-07,,False,False
THREAT-04789,Hacktivist Group,Web Application Attack,T1562 Impair Defenses,Insurance,Cloud VM,False,27,0.19,India,Critical,Low,2022-12-30,2023-01-12,CVE-2026-7125,False,False
THREAT-04790,APT29,Supply Chain Attack,T1036 Masquerading,Energy,Cloud VM,False,78,0.42,Americas,Low,High,2025-06-27,2025-09-18,,False,False
THREAT-04791,APT28,Phishing,T1133 External Remote Services,Government,Email Server,True,9,0.5,Americas,High,Low,2026-03-15,2026-08-26,,False,False
THREAT-04792,FIN7,Data Exfiltration,T1055 Process Injection,E-commerce,Cloud VM,False,84,0.4,Global,Medium,High,2023-08-19,2024-01-04,CVE-2026-9458,False,False
THREAT-04793,Kimsuky,Zero-Day Exploit,T1133 External Remote Services,Government,Database Server,False,48,0.2,India,High,Medium,2021-09-04,2021-11-02,,False,False
THREAT-04794,Mustang Panda,Supply Chain Attack,T1070 Indicator Removal,E-commerce,Web Server,True,14,0.22,Americas,High,Low,2021-05-10,2021-05-16,,False,False
THREAT-04795,TA505,Insider Threat,T1070 Indicator Removal,Energy,Database Server,True,10,0.28,Asia-Pacific,Medium,Low,2024-09-11,2024-10-06,,False,True
THREAT-04796,SilverFox,DDoS,T1059 Command and Scripting Interpreter,Energy,Payment Gateway,False,178,0.77,Global,High,High,2025-12-08,2026-05-05,CVE-2026-79661,False,False
THREAT-04797,APT28,Cloud Misconfiguration Exploitation,T1055 Process Injection,Energy,Cloud VM,False,92,0.36,Global,High,Low,2026-03-14,2026-06-21,CVE-2026-48316,False,False
THREAT-04798,Cybercrime Syndicate,Web Application Attack,T1036 Masquerading,E-commerce,Storage Bucket,False,77,0.3,India,Critical,Medium,2025-12-01,2026-03-20,CVE-2026-27604,False,False
THREAT-04799,Turla,Zero-Day Exploit,T1021 Remote Services,Insurance,Kubernetes Cluster,False,42,0.12,Americas,Low,High,2025-04-29,2025-09-08,,False,False
THREAT-04800,Nation-State (Russia),Data Exfiltration,T1059 Command and Scripting Interpreter,IT Services,API Gateway,False,27,0.16,Global,Critical,Medium,2023-06-18,2023-08-30,CVE-2026-25737,False,False
THREAT-04801,Conti,Supply Chain Attack,T1569 System Services,Energy,Domain Controller,False,11,0.12,India,Low,Low,2025-09-20,2025-11-02,CVE-2026-68768,False,False
THREAT-04802,LockBit,Ransomware,T1021 Remote Services,Government,Storage Bucket,False,44,0.74,Asia-Pacific,Low,Medium,2023-07-30,2024-01-16,CVE-2026-80633,True,True
THREAT-04803,Kimsuky,DDoS,T1569 System Services,Energy,Web Server,True,75,0.86,Asia-Pacific,Medium,Medium,2024-10-29,2025-06-26,CVE-2026-33076,False,False
THREAT-04804,Nation-State (Russia),DDoS,T1027 Obfuscated Files or Information,IT Services,API Gateway,True,198,0.87,India,Medium,High,2023-05-24,2024-03-06,,False,False
THREAT-04805,Scattered Spider,Business Email Compromise,T1569 System Services,Energy,Database Server,True,97,0.39,Global,Critical,Low,2023-08-31,2024-05-16,CVE-2026-50160,False,False
THREAT-04806,ALPHV,DDoS,T1486 Data Encrypted for Impact,Insurance,Domain Controller,False,186,0.53,EMEA,Medium,Low,2022-10-27,2023-05-04,CVE-2026-54081,False,False
THREAT-04807,Conti,Cryptojacking,T1082 System Information Discovery,Education,Payment Gateway,True,46,0.38,Global,High,Medium,2024-03-09,2024-08-25,,False,True
THREAT-04808,Sandworm,Data Exfiltration,T1021 Remote Services,Education,Employee Laptop,False,67,0.22,Americas,Low,Medium,2025-04-05,2025-08-26,,False,True
THREAT-04809,SilverFox,Ransomware,T1566 Phishing,Education,Web Server,True,29,0.62,Asia-Pacific,High,High,2023-04-23,2023-10-23,,True,True
THREAT-04810,Mustang Panda,Business Email Compromise,T1078 Valid Accounts,Manufacturing,Kubernetes Cluster,False,91,0.17,Americas,High,Medium,2025-09-27,2026-08-04,,False,False
THREAT-04811,Nation-State (Iran),Cryptojacking,T1082 System Information Discovery,Government,Database Server,False,22,0.11,Global,Critical,Low,2025-10-15,2025-12-11,,False,False
THREAT-04812,APT28,Web Application Attack,T1569 System Services,E-commerce,Payment Gateway,False,79,0.54,Americas,Medium,High,2026-03-13,2026-09-04,,False,False
THREAT-04813,Kimsuky,Cloud Misconfiguration Exploitation,T1070 Indicator Removal,Education,API Gateway,False,95,0.59,India,Low,Medium,2021-11-25,2022-11-21,CVE-2026-81581,False,False
THREAT-04814,Insider,Data Exfiltration,T1105 Ingress Tool Transfer,Energy,SaaS Application,False,81,0.19,Americas,Low,Medium,2022-03-08,2023-02-02,,False,False
THREAT-04815,Hacktivist Group,Phishing,T1053 Scheduled Task/Job,Energy,SaaS Application,True,63,0.35,Asia-Pacific,Critical,Medium,2025-01-31,2025-10-04,,False,False
THREAT-04816,Hacktivist Group,DDoS,T1569 System Services,Government,Storage Bucket,True,20,0.69,Global,Critical,Medium,2021-10-14,2022-05-11,,False,False
THREAT-04817,APT29,Web Application Attack,T1190 Exploit Public-Facing Application,Government,Email Server,True,55,0.18,EMEA,High,Medium,2022-10-01,2023-06-19,CVE-2026-58569,False,False
THREAT-04818,Nation-State (Russia),Insider Threat,T1133 External Remote Services,Energy,Storage Bucket,False,3,0.38,Asia-Pacific,Low,Medium,2024-08-25,2025-01-31,,False,True
THREAT-04819,Kimsuky,DDoS,T1053 Scheduled Task/Job,Government,Cloud VM,False,37,0.7,Global,Low,Low,2023-01-30,2023-08-15,CVE-2026-26899,False,False
THREAT-04820,Script Kiddie,Insider Threat,T1071 Application Layer Protocol,Manufacturing,SaaS Application,False,2,0.36,India,Low,Low,2026-04-04,2026-08-24,CVE-2026-81633,False,True
THREAT-04821,APT29,Cryptojacking,T1569 System Services,E-commerce,Cloud VM,True,43,0.59,EMEA,High,Medium,2023-04-25,2023-10-26,,False,True
THREAT-04822,Sandworm,Business Email Compromise,T1027 Obfuscated Files or Information,Government,API Gateway,True,78,0.12,Global,High,Low,2023-03-21,2023-11-08,,False,True
THREAT-04823,Hacktivist Group,Ransomware,T1027 Obfuscated Files or Information,E-commerce,Web Server,True,8,0.4,Asia-Pacific,High,Low,2022-11-15,2023-08-06,CVE-2026-2686,True,True
THREAT-04824,LockBit,Phishing,T1562 Impair Defenses,IT Services,Storage Bucket,False,31,0.5,Americas,Low,Low,2023-11-18,2024-02-19,,False,False
THREAT-04825,Turla,Data Exfiltration,T1059 Command and Scripting Interpreter,Government,Database Server,False,72,0.43,Americas,Critical,Low,2024-06-18,2025-04-12,,False,False
THREAT-04826,Insider,Insider Threat,T1569 System Services,Government,Domain Controller,False,10,0.38,Asia-Pacific,High,Low,2023-01-14,2023-09-02,CVE-2026-49211,False,True
THREAT-04827,Nation-State (Russia),Zero-Day Exploit,T1110 Brute Force,Education,Domain Controller,True,21,0.54,EMEA,High,Low,2023-07-12,2024-06-06,,False,False
THREAT-04828,Hacktivist Group,Data Exfiltration,T1082 System Information Discovery,Government,Email Server,True,89,0.41,India,High,Low,2022-04-25,2023-01-03,CVE-2026-48025,False,False
THREAT-04829,Nation-State (Iran),Supply Chain Attack,T1059 Command and Scripting Interpreter,Government,SaaS Application,True,86,0.54,India,Critical,High,2022-11-02,2023-05-20,CVE-2026-84187,False,False
THREAT-04830,SilverFox,DDoS,T1078 Valid Accounts,Energy,SaaS Application,False,122,0.49,Americas,Low,High,2025-06-03,2026-05-11,,False,False
THREAT-04831,APT29,Credential Theft,T1562 Impair Defenses,Telecom,Database Server,False,54,0.37,EMEA,High,Low,2022-03-27,2022-10-09,,False,False
THREAT-04832,APT29,Supply Chain Attack,T1078 Valid Accounts,Government,Kubernetes Cluster,False,97,0.48,Americas,Low,High,2022-09-05,2023-04-17,CVE-2026-69248,False,False
THREAT-04833,Nation-State (China),Ransomware,T1055 Process Injection,Healthcare,Storage Bucket,False,10,0.4,EMEA,Medium,High,2023-06-14,2024-03-18,,True,True
THREAT-04834,Mustang Panda,Phishing,T1569 System Services,Education,SaaS Application,False,54,0.57,Americas,High,High,2023-03-28,2023-07-30,,False,True
THREAT-04835,Insider,Business Email Compromise,T1059 Command and Scripting Interpreter,Energy,Storage Bucket,False,47,0.42,India,Low,Medium,2022-12-14,2023-08-31,CVE-2026-56758,False,True
THREAT-04836,Nation-State (Iran),Zero-Day Exploit,T1048 Exfiltration Over Alternative Protocol,E-commerce,Database Server,False,67,0.55,EMEA,High,Low,2022-08-07,2023-08-04,,False,False
THREAT-04837,Kimsuky,Ransomware,T1110 Brute Force,Energy,Employee Laptop,True,45,0.44,Global,Critical,Medium,2025-11-06,2026-09-04,CVE-2026-83611,True,True
THREAT-04838,Nation-State (Russia),Cloud Misconfiguration Exploitation,T1569 System Services,Energy,Cloud VM,False,8,0.22,Asia-Pacific,Low,Low,2025-08-09,2026-08-02,,False,False
THREAT-04839,Nation-State (China),Web Application Attack,T1110 Brute Force,Insurance,API Gateway,False,35,0.44,EMEA,High,High,2022-12-25,2023-12-12,,False,True
THREAT-04840,Insider,Ransomware,T1071 Application Layer Protocol,Government,Database Server,True,14,0.66,Asia-Pacific,Low,Medium,2023-12-23,2024-03-06,,True,True
THREAT-04841,FIN7,Cloud Misconfiguration Exploitation,T1048 Exfiltration Over Alternative Protocol,E-commerce,API Gateway,False,84,0.36,EMEA,Medium,Medium,2021-08-26,2021-09-18,,False,False
THREAT-04842,Insider,DDoS,T1059 Command and Scripting Interpreter,Government,Database Server,True,22,0.76,Global,Medium,High,2025-07-24,2026-01-12,,False,False
THREAT-04843,Unknown,Cryptojacking,T1048 Exfiltration Over Alternative Protocol,Manufacturing,Email Server,False,23,0.2,Asia-Pacific,Critical,Medium,2025-01-19,2025-07-06,,False,False
THREAT-04844,Nation-State (Iran),Insider Threat,T1133 External Remote Services,IT Services,Cloud VM,False,10,0.25,EMEA,High,High,2023-09-30,2023-11-29,CVE-2026-18589,False,True
THREAT-04845,Cybercrime Syndicate,DDoS,T1048 Exfiltration Over Alternative Protocol,Energy,Kubernetes Cluster,False,107,0.82,Asia-Pacific,Low,Low,2025-01-23,2025-10-25,,False,False
THREAT-04846,TA505,Insider Threat,T1021 Remote Services,IT Services,SaaS Application,False,2,0.22,Asia-Pacific,Low,Medium,2024-09-13,2025-06-26,,False,True
THREAT-04847,Conti,Insider Threat,T1566 Phishing,Insurance,Email Server,False,8,0.35,Americas,Medium,Low,2024-06-10,2024-07-07,CVE-2026-20315,False,True
THREAT-04848,Kimsuky,Ransomware,T1082 System Information Discovery,Healthcare,Payment Gateway,True,32,0.67,EMEA,Critical,Medium,2021-07-09,2021-08-23,CVE-2026-50192,True,False
THREAT-04849,Cybercrime Syndicate,Cryptojacking,T1566 Phishing,Energy,Cloud VM,False,42,0.55,Asia-Pacific,High,Medium,2026-03-12,2026-04-27,CVE-2026-47746,True,True
THREAT-04850,APT29,Business Email Compromise,T1059 Command and Scripting Interpreter,Healthcare,Web Server,False,20,0.59,Global,Low,High,2026-01-19,2026-03-24,CVE-2026-73297,False,True
THREAT-04851,FIN7,Ransomware,T1082 System Information Discovery,Energy,Kubernetes Cluster,False,25,0.51,Asia-Pacific,Medium,High,2025-05-12,2025-09-26,CVE-2026-58572,True,True
THREAT-04852,TA505,DDoS,T1055 Process Injection,E-commerce,Kubernetes Cluster,False,90,0.43,India,Low,Medium,2024-07-31,2024-09-22,,False,False
THREAT-04853,LockBit,Web Application Attack,T1053 Scheduled Task/Job,Government,Domain Controller,True,39,0.54,Americas,Medium,Medium,2024-07-20,2025-05-24,CVE-2026-33076,False,True
THREAT-04854,Nation-State (China),Cryptojacking,T1082 System Information Discovery,Energy,SaaS Application,False,47,0.47,India,High,High,2022-02-27,2022-12-13,CVE-2026-24033,False,True
THREAT-04855,Mustang Panda,Supply Chain Attack,T1021 Remote Services,Healthcare,SaaS Application,False,89,0.43,Asia-Pacific,Low,Low,2024-01-25,2024-11-08,,False,False
THREAT-04856,APT29,Ransomware,T1055 Process Injection,Energy,Domain Controller,False,43,0.53,India,Medium,Low,2026-04-03,2026-09-04,,True,True
THREAT-04857,Nation-State (Russia),Zero-Day Exploit,T1027 Obfuscated Files or Information,E-commerce,Employee Laptop,False,8,0.2,Americas,Medium,High,2021-10-29,2022-01-02,CVE-2026-5921,False,False
THREAT-04858,Scattered Spider,Web Application Attack,T1566 Phishing,Manufacturing,Storage Bucket,False,86,0.6,Asia-Pacific,Critical,Medium,2022-12-03,2023-01-13,,True,False
THREAT-04859,Sandworm,Zero-Day Exploit,T1566 Phishing,E-commerce,Kubernetes Cluster,False,74,0.35,EMEA,Medium,High,2022-10-14,2022-11-28,,True,False
THREAT-04860,Script Kiddie,Data Exfiltration,T1110 Brute Force,E-commerce,Employee Laptop,True,80,0.35,Asia-Pacific,Medium,Low,2022-09-17,2023-06-13,,False,False
THREAT-04861,LockBit,Zero-Day Exploit,T1082 System Information Discovery,Energy,Employee Laptop,False,70,0.35,Global,Low,Medium,2025-03-18,2025-09-20,,False,False
THREAT-04862,Turla,DDoS,T1082 System Information Discovery,Government,Domain Controller,False,174,0.46,Global,High,Medium,2024-07-06,2025-06-23,,False,False
THREAT-04863,FIN7,Business Email Compromise,T1105 Ingress Tool Transfer,Education,Email Server,True,59,0.53,Global,Medium,Medium,2022-10-31,2023-09-26,,False,False
THREAT-04864,Sandworm,Phishing,T1048 Exfiltration Over Alternative Protocol,IT Services,Payment Gateway,True,96,0.41,Global,Low,High,2024-08-09,2024-09-22,,False,False
THREAT-04865,FIN7,Cryptojacking,T1053 Scheduled Task/Job,Government,Email Server,False,11,0.46,Global,Critical,Low,2021-05-25,2021-05-26,,False,True
THREAT-04866,Lazarus Group,Cloud Misconfiguration Exploitation,T1003 OS Credential Dumping,Energy,Employee Laptop,False,54,0.15,Global,High,Low,2026-07-04,2026-09-04,CVE-2026-5850,True,True
THREAT-04867,FIN7,Business Email Compromise,T1562 Impair Defenses,Insurance,Database Server,True,29,0.31,EMEA,Critical,Low,2025-09-26,2026-02-15,,False,False
THREAT-04868,Nation-State (Iran),Phishing,T1059 Command and Scripting Interpreter,Government,Domain Controller,False,6,0.15,Americas,Medium,High,2022-09-02,2022-10-26,,False,True
THREAT-04869,Conti,Zero-Day Exploit,T1027 Obfuscated Files or Information,E-commerce,Kubernetes Cluster,True,47,0.28,EMEA,High,Medium,2025-06-19,2025-11-09,,False,False
THREAT-04870,Nation-State (China),Data Exfiltration,T1110 Brute Force,Energy,Web Server,False,32,0.4,Asia-Pacific,Low,High,2022-09-10,2022-11-04,,False,False
THREAT-04871,Scattered Spider,Ransomware,T1082 System Information Discovery,Energy,Cloud VM,False,46,0.57,Global,High,Medium,2023-05-28,2024-03-17,,True,True
THREAT-04872,Nation-State (China),Cloud Misconfiguration Exploitation,T1110 Brute Force,Energy,Employee Laptop,False,64,0.37,Global,High,High,2024-05-30,2024-06-21,,False,False
THREAT-04873,Lazarus Group,Data Exfiltration,T1562 Impair Defenses,E-commerce,Employee Laptop,False,52,0.27,Asia-Pacific,Medium,Low,2025-12-28,2026-06-21,CVE-2026-69092,False,False
THREAT-04874,REvil,Cryptojacking,T1027 Obfuscated Files or Information,Insurance,Web Server,False,32,0.36,Asia-Pacific,Low,Medium,2026-07-05,2026-09-04,CVE-2026-47828,False,False
THREAT-04875,Kimsuky,Zero-Day Exploit,T1486 Data Encrypted for Impact,E-commerce,API Gateway,True,5,0.57,Global,Critical,High,2026-06-26,2026-09-02,,False,True
THREAT-04876,Insider,Zero-Day Exploit,T1569 System Services,Manufacturing,Payment Gateway,False,100,0.49,Asia-Pacific,Low,Low,2025-03-04,2025-05-04,,False,True
THREAT-04877,SilverFox,Data Exfiltration,T1036 Masquerading,Energy,SaaS Application,True,90,0.33,Asia-Pacific,Medium,High,2021-04-24,2021-12-03,,False,False
THREAT-04878,Kimsuky,Ransomware,T1078 Valid Accounts,Energy,SaaS Application,True,8,0.54,India,Critical,Medium,2023-05-23,2024-01-05,,True,False
THREAT-04879,FIN7,Zero-Day Exploit,T1055 Process Injection,Telecom,Payment Gateway,True,61,0.47,Americas,Critical,High,2023-12-02,2024-07-19,,True,True
THREAT-04880,Lazarus Group,Phishing,T1566 Phishing,Energy,Employee Laptop,True,58,0.31,India,Low,Low,2021-12-16,2022-03-19,CVE-2026-55371,False,True
THREAT-04881,ALPHV,Supply Chain Attack,T1070 Indicator Removal,Manufacturing,SaaS Application,True,87,0.51,India,Medium,Low,2023-04-02,2023-08-04,,False,True
THREAT-04882,Conti,Cloud Misconfiguration Exploitation,T1190 Exploit Public-Facing Application,Healthcare,Payment Gateway,False,54,0.57,Americas,Medium,High,2026-01-14,2026-07-30,,False,False
THREAT-04883,SilverFox,Cryptojacking,T1071 Application Layer Protocol,Telecom,SaaS Application,False,51,0.17,Global,Low,Low,2021-10-17,2022-01-06,CVE-2026-33890,False,False
THREAT-04884,Unknown,Ransomware,T1082 System Information Discovery,Government,Payment Gateway,False,31,0.32,EMEA,High,Low,2025-04-29,2026-04-19,,True,True
THREAT-04885,REvil,Zero-Day Exploit,T1133 External Remote Services,Government,Domain Controller,False,82,0.54,Asia-Pacific,Critical,High,2021-09-05,2021-10-05,CVE-2026-7834,False,False
THREAT-04886,Kimsuky,Business Email Compromise,T1078 Valid Accounts,Government,Kubernetes Cluster,True,63,0.19,Global,High,Medium,2021-06-07,2021-07-23,,False,False
THREAT-04887,Nation-State (China),DDoS,T1036 Masquerading,Energy,SaaS Application,True,68,0.76,Global,High,High,2025-02-22,2025-08-22,CVE-2026-72744,False,False
THREAT-04888,SilverFox,Cloud Misconfiguration Exploitation,T1070 Indicator Removal,Insurance,API Gateway,True,93,0.33,EMEA,Critical,High,2022-03-13,2022-09-14,,False,False
THREAT-04889,APT28,Phishing,T1027 Obfuscated Files or Information,E-commerce,Cloud VM,False,34,0.29,Americas,Medium,Low,2021-03-27,2022-01-05,,False,True
THREAT-04890,Scattered Spider,Ransomware,T1082 System Information Discovery,Energy,Kubernetes Cluster,False,27,0.48,Asia-Pacific,Critical,Medium,2021-05-11,2022-02-09,CVE-2026-18654,True,False
THREAT-04891,APT28,Ransomware,T1569 System Services,E-commerce,Kubernetes Cluster,False,6,0.5,Asia-Pacific,Critical,Low,2026-06-21,2026-09-04,,True,True
THREAT-04892,Turla,Cryptojacking,T1071 Application Layer Protocol,Energy,Storage Bucket,False,75,0.19,Global,Critical,Low,2023-10-25,2024-05-15,,True,False
THREAT-04893,Turla,DDoS,T1078 Valid Accounts,Manufacturing,Storage Bucket,True,55,0.83,EMEA,Low,Low,2021-12-14,2022-10-01,,False,False
THREAT-04894,Kimsuky,Credential Theft,T1105 Ingress Tool Transfer,Energy,Payment Gateway,True,15,0.3,EMEA,Critical,Medium,2021-07-02,2022-05-25,CVE-2026-6155,True,True
THREAT-04895,Mustang Panda,Data Exfiltration,T1053 Scheduled Task/Job,Telecom,Employee Laptop,True,37,0.34,Americas,High,Medium,2024-08-31,2025-06-24,,False,True
THREAT-04896,Conti,Phishing,T1082 System Information Discovery,Telecom,API Gateway,False,41,0.28,EMEA,Medium,Medium,2022-01-28,2022-10-06,,False,False
THREAT-04897,Conti,DDoS,T1105 Ingress Tool Transfer,Government,Database Server,False,139,0.89,Americas,High,High,2025-05-13,2025-12-31,,False,False
THREAT-04898,Cybercrime Syndicate,Business Email Compromise,T1053 Scheduled Task/Job,E-commerce,Cloud VM,True,84,0.44,EMEA,Medium,High,2026-07-04,2026-09-04,,False,False
THREAT-04899,FIN7,Cloud Misconfiguration Exploitation,T1048 Exfiltration Over Alternative Protocol,Manufacturing,Payment Gateway,False,85,0.55,Global,Critical,High,2025-01-14,2025-08-26,,False,False
THREAT-04900,Conti,Cloud Misconfiguration Exploitation,T1070 Indicator Removal,IT Services,Domain Controller,False,84,0.23,EMEA,Medium,Low,2021-06-20,2022-03-10,CVE-2026-75872,False,True
THREAT-04901,APT29,Web Application Attack,T1053 Scheduled Task/Job,Telecom,Payment Gateway,False,69,0.51,Americas,Critical,Low,2022-04-30,2023-03-08,CVE-2026-12537,False,True
THREAT-04902,REvil,Ransomware,T1133 External Remote Services,E-commerce,Cloud VM,False,15,0.43,EMEA,Low,High,2022-04-09,2022-05-01,,True,True
THREAT-04903,Script Kiddie,Cloud Misconfiguration Exploitation,T1048 Exfiltration Over Alternative Protocol,Education,Web Server,False,60,0.55,Global,High,High,2026-05-17,2026-07-08,,False,False
THREAT-04904,Insider,Phishing,T1036 Masquerading,Insurance,Web Server,True,46,0.52,India,High,Medium,2021-05-15,2021-10-27,,False,False
THREAT-04905,Nation-State (Russia),Data Exfiltration,T1569 System Services,Energy,SaaS Application,True,8,0.58,Asia-Pacific,Medium,Medium,2026-03-22,2026-09-04,,True,False
THREAT-04906,Kimsuky,Web Application Attack,T1003 OS Credential Dumping,Government,SaaS Application,False,93,0.26,Global,Low,High,2025-01-15,2025-12-25,CVE-2026-80638,False,True
THREAT-04907,Lazarus Group,Credential Theft,T1105 Ingress Tool Transfer,Government,Kubernetes Cluster,False,67,0.28,EMEA,Critical,Low,2025-07-02,2025-12-12,,False,True
THREAT-04908,Nation-State (China),Insider Threat,T1569 System Services,Insurance,Web Server,False,6,0.22,Americas,Medium,Low,2022-08-19,2023-01-01,,False,True
THREAT-04909,ALPHV,Web Application Attack,T1078 Valid Accounts,E-commerce,Cloud VM,True,16,0.45,Global,High,Medium,2023-05-01,2023-05-23,,False,False
THREAT-04910,REvil,Supply Chain Attack,T1036 Masquerading,Manufacturing,Kubernetes Cluster,True,76,0.51,Global,Medium,Medium,2025-07-18,2026-02-13,CVE-2026-9478,False,False
THREAT-04911,Insider,DDoS,T1078 Valid Accounts,Healthcare,Employee Laptop,False,95,0.9,Asia-Pacific,Critical,Low,2026-04-02,2026-09-04,,False,False
THREAT-04912,Unknown,DDoS,T1055 Process Injection,E-commerce,Email Server,True,86,0.81,Asia-Pacific,High,Low,2023-12-24,2024-03-13,CVE-2026-54721,False,False
THREAT-04913,ALPHV,Ransomware,T1027 Obfuscated Files or Information,Manufacturing,Cloud VM,False,8,0.48,Global,Medium,Medium,2025-01-03,2025-03-18,,True,False
THREAT-04914,REvil,Cryptojacking,T1105 Ingress Tool Transfer,Telecom,Cloud VM,False,67,0.49,India,Critical,High,2023-06-09,2024-03-02,,False,False
THREAT-04915,Scattered Spider,Cloud Misconfiguration Exploitation,T1071 Application Layer Protocol,Government,Payment Gateway,False,42,0.33,Americas,Low,Medium,2022-11-01,2022-11-16,,False,False
THREAT-04916,APT29,Credential Theft,T1027 Obfuscated Files or Information,IT Services,Kubernetes Cluster,False,59,0.2,Asia-Pacific,Critical,High,2026-07-14,2026-09-04,CVE-2026-55509,False,False
THREAT-04917,Nation-State (Russia),Cloud Misconfiguration Exploitation,T1070 Indicator Removal,Manufacturing,Payment Gateway,False,70,0.13,Americas,High,Low,2026-07-08,2026-09-04,CVE-2026-77217,False,False
THREAT-04918,Scattered Spider,Web Application Attack,T1027 Obfuscated Files or Information,Insurance,Cloud VM,True,33,0.24,Global,Critical,Low,2025-02-05,2025-07-08,CVE-2026-46644,False,False
THREAT-04919,Turla,Business Email Compromise,T1190 Exploit Public-Facing Application,IT Services,SaaS Application,False,38,0.24,India,High,Low,2022-07-27,2022-11-09,,False,False
THREAT-04920,Nation-State (China),Business Email Compromise,T1105 Ingress Tool Transfer,Manufacturing,Email Server,False,84,0.36,EMEA,High,High,2024-05-25,2024-10-11,,False,False
THREAT-04921,Mustang Panda,DDoS,T1133 External Remote Services,Energy,Employee Laptop,False,189,0.58,EMEA,High,Medium,2022-04-26,2023-04-13,,False,False
THREAT-04922,Nation-State (China),Cloud Misconfiguration Exploitation,T1110 Brute Force,IT Services,Payment Gateway,False,61,0.19,Asia-Pacific,Low,Medium,2023-08-01,2024-03-03,,False,False
THREAT-04923,Hacktivist Group,Cloud Misconfiguration Exploitation,T1071 Application Layer Protocol,Education,Storage Bucket,True,75,0.34,India,Critical,High,2024-07-02,2025-01-08,,False,True
THREAT-04924,Lazarus Group,DDoS,T1071 Application Layer Protocol,Government,Domain Controller,False,198,0.48,Americas,Medium,Low,2022-12-18,2023-10-09,,False,False
THREAT-04925,Turla,Web Application Attack,T1021 Remote Services,Manufacturing,API Gateway,False,31,0.57,Global,Medium,High,2026-02-23,2026-09-04,CVE-2026-11430,False,False
THREAT-04926,Conti,Ransomware,T1059 Command and Scripting Interpreter,E-commerce,Cloud VM,True,42,0.64,Americas,High,High,2025-12-20,2026-09-04,,True,False
THREAT-04927,Conti,Zero-Day Exploit,T1562 Impair Defenses,Government,Employee Laptop,False,28,0.32,EMEA,Critical,Medium,2025-05-18,2025-11-19,CVE-2026-73753,False,True
THREAT-04928,Nation-State (Iran),Cryptojacking,T1036 Masquerading,Government,Cloud VM,True,69,0.38,India,Medium,Medium,2022-06-18,2022-10-18,,False,False
THREAT-04929,Conti,Cryptojacking,T1003 OS Credential Dumping,Government,Employee Laptop,True,34,0.16,Americas,Low,Medium,2026-07-20,2026-09-04,,False,False
THREAT-04930,FIN7,DDoS,T1133 External Remote Services,E-commerce,Employee Laptop,False,49,0.76,Global,Low,Medium,2026-01-26,2026-02-17,,False,False
THREAT-04931,Scattered Spider,Credential Theft,T1003 OS Credential Dumping,Government,Employee Laptop,True,86,0.31,EMEA,High,High,2023-01-28,2023-07-18,,False,False
THREAT-04932,LockBit,Data Exfiltration,T1048 Exfiltration Over Alternative Protocol,Energy,Payment Gateway,False,93,0.47,Americas,Medium,Medium,2024-02-13,2024-03-04,CVE-2026-79215,False,False
THREAT-04933,APT28,Business Email Compromise,T1036 Masquerading,Government,Payment Gateway,False,65,0.56,India,Critical,High,2025-11-27,2025-12-25,CVE-2026-76606,False,True
THREAT-04934,SilverFox,Phishing,T1110 Brute Force,Government,Payment Gateway,False,62,0.56,Americas,Critical,High,2024-03-14,2024-04-16,CVE-2026-60083,False,False
THREAT-04935,Conti,Business Email Compromise,T1190 Exploit Public-Facing Application,Government,Domain Controller,False,90,0.51,India,High,Low,2021-10-06,2022-06-03,CVE-2026-5997,False,True
THREAT-04936,Mustang Panda,Supply Chain Attack,T1078 Valid Accounts,Education,Kubernetes Cluster,False,88,0.6,Americas,Low,Medium,2025-12-18,2026-03-17,,False,True
THREAT-04937,APT29,Zero-Day Exploit,T1569 System Services,E-commerce,Web Server,True,22,0.52,EMEA,Medium,Medium,2021-06-24,2022-06-14,,True,False
THREAT-04938,APT28,Zero-Day Exploit,T1190 Exploit Public-Facing Application,Government,Email Server,False,22,0.18,Global,High,Low,2023-04-16,2024-04-08,,False,True
THREAT-04939,FIN7,Cryptojacking,T1569 System Services,IT Services,Kubernetes Cluster,False,70,0.27,India,Low,Medium,2025-07-21,2025-08-29,CVE-2026-6115,False,True
THREAT-04940,TA505,Zero-Day Exploit,T1036 Masquerading,Energy,Storage Bucket,False,96,0.44,Global,High,Low,2025-11-25,2026-06-05,,False,False
THREAT-04941,Script Kiddie,Ransomware,T1059 Command and Scripting Interpreter,Manufacturing,Payment Gateway,False,36,0.54,EMEA,Critical,Medium,2025-07-15,2026-04-17,CVE-2026-18684,True,True
THREAT-04942,SilverFox,Credential Theft,T1003 OS Credential Dumping,E-commerce,Email Server,False,60,0.58,Global,Critical,Medium,2024-01-13,2024-11-21,,False,False
THREAT-04943,Mustang Panda,Ransomware,T1070 Indicator Removal,E-commerce,API Gateway,False,41,0.52,Americas,High,Low,2025-04-04,2025-06-18,,True,False
THREAT-04944,SilverFox,Ransomware,T1070 Indicator Removal,IT Services,API Gateway,False,35,0.41,Asia-Pacific,Low,High,2021-04-18,2022-01-27,,True,False
THREAT-04945,Unknown,Business Email Compromise,T1078 Valid Accounts,E-commerce,Database Server,True,18,0.2,EMEA,High,High,2023-02-10,2023-08-07,CVE-2026-76206,False,False
THREAT-04946,Nation-State (China),Data Exfiltration,T1070 Indicator Removal,Healthcare,Email Server,False,55,0.11,India,Critical,Low,2024-11-01,2025-06-10,CVE-2026-52887,False,False
THREAT-04947,Sandworm,Ransomware,T1082 System Information Discovery,E-commerce,Payment Gateway,False,45,0.49,Americas,Medium,High,2024-01-30,2024-10-26,,True,False
THREAT-04948,Conti,Cloud Misconfiguration Exploitation,T1036 Masquerading,Telecom,Cloud VM,False,33,0.37,Americas,Medium,High,2025-06-22,2026-03-03,,False,False
THREAT-04949,Unknown,Web Application Attack,T1036 Masquerading,Government,Database Server,True,87,0.53,India,Medium,High,2022-11-13,2022-11-28,,False,False
THREAT-04950,Mustang Panda,Insider Threat,T1566 Phishing,Government,Employee Laptop,False,2,0.19,EMEA,Critical,Medium,2025-06-10,2026-03-09,,False,True
THREAT-04951,APT29,Supply Chain Attack,T1071 Application Layer Protocol,IT Services,Kubernetes Cluster,False,38,0.22,India,Critical,Low,2022-11-12,2023-05-14,,False,False
THREAT-04952,Nation-State (China),Phishing,T1070 Indicator Removal,E-commerce,Database Server,False,50,0.47,Global,Low,Low,2026-01-26,2026-07-10,,False,True
THREAT-04953,Nation-State (Russia),Business Email Compromise,T1070 Indicator Removal,Government,Cloud VM,False,30,0.24,Asia-Pacific,High,High,2025-11-11,2026-04-08,,True,False
THREAT-04954,Cybercrime Syndicate,Business Email Compromise,T1569 System Services,Government,SaaS Application,False,18,0.39,EMEA,Low,Medium,2022-11-08,2023-10-18,CVE-2026-44181,False,False
THREAT-04955,TA505,Data Exfiltration,T1105 Ingress Tool Transfer,Manufacturing,Kubernetes Cluster,True,42,0.52,Asia-Pacific,Critical,High,2026-06-23,2026-09-04,CVE-2026-78178,False,False
THREAT-04956,Lazarus Group,Business Email Compromise,T1003 OS Credential Dumping,Energy,Domain Controller,False,95,0.45,Asia-Pacific,Critical,Medium,2023-02-14,2023-03-16,CVE-2026-8208,False,True
THREAT-04957,Scattered Spider,DDoS,T1055 Process Injection,Government,Kubernetes Cluster,True,186,0.78,Asia-Pacific,Medium,Low,2026-04-04,2026-09-04,,False,False
THREAT-04958,TA505,Insider Threat,T1562 Impair Defenses,Manufacturing,API Gateway,False,7,0.31,Americas,High,Medium,2023-09-01,2024-08-28,,False,True
THREAT-04959,Nation-State (Russia),Cryptojacking,T1003 OS Credential Dumping,E-commerce,Storage Bucket,False,89,0.3,India,High,Low,2021-05-24,2022-01-09,,False,False
THREAT-04960,LockBit,Phishing,T1133 External Remote Services,Insurance,Payment Gateway,False,89,0.32,Americas,Medium,Low,2022-05-19,2023-04-12,CVE-2026-56004,False,False
THREAT-04961,Scattered Spider,Business Email Compromise,T1110 Brute Force,Energy,Web Server,True,54,0.17,EMEA,Medium,High,2023-05-16,2023-11-30,,False,False
THREAT-04962,Unknown,Cryptojacking,T1027 Obfuscated Files or Information,Energy,API Gateway,True,43,0.38,Asia-Pacific,Critical,Medium,2024-04-05,2024-11-04,,False,False
THREAT-04963,Nation-State (Russia),Phishing,T1071 Application Layer Protocol,Manufacturing,Employee Laptop,False,99,0.2,Asia-Pacific,Critical,High,2021-04-07,2022-03-07,CVE-2026-14357,False,False
THREAT-04964,Hacktivist Group,Zero-Day Exploit,T1036 Masquerading,Energy,Database Server,True,23,0.27,Americas,Critical,High,2024-01-29,2024-11-19,CVE-2026-45383,False,False
THREAT-04965,APT28,Insider Threat,T1036 Masquerading,Government,Employee Laptop,True,1,0.22,Americas,Low,Low,2024-12-19,2025-04-27,CVE-2026-22612,False,True
THREAT-04966,Kimsuky,Business Email Compromise,T1048 Exfiltration Over Alternative Protocol,Government,Employee Laptop,True,18,0.5,India,Medium,Low,2026-02-09,2026-03-12,,False,False
THREAT-04967,Insider,Supply Chain Attack,T1569 System Services,Education,Employee Laptop,False,18,0.42,Global,Medium,High,2024-05-12,2024-06-12,,False,False
THREAT-04968,Cybercrime Syndicate,Credential Theft,T1048 Exfiltration Over Alternative Protocol,E-commerce,Database Server,True,63,0.14,Asia-Pacific,Critical,Medium,2022-06-09,2023-04-04,,False,False
THREAT-04969,Nation-State (China),Cryptojacking,T1569 System Services,Energy,Cloud VM,False,73,0.17,Americas,Medium,Medium,2021-08-23,2022-05-29,,False,False
THREAT-04970,LockBit,DDoS,T1003 OS Credential Dumping,Government,Employee Laptop,False,186,0.56,EMEA,Low,High,2024-08-06,2025-03-26,,False,False
THREAT-04971,Insider,Web Application Attack,T1569 System Services,Government,SaaS Application,False,60,0.52,Global,Medium,High,2024-10-18,2025-01-01,CVE-2026-19471,False,False
THREAT-04972,Nation-State (Iran),Web Application Attack,T1048 Exfiltration Over Alternative Protocol,IT Services,Cloud VM,False,80,0.14,Global,Low,High,2021-08-29,2022-06-24,,False,False
THREAT-04973,Sandworm,Web Application Attack,T1003 OS Credential Dumping,Energy,Database Server,False,25,0.33,EMEA,Medium,Low,2026-03-23,2026-03-31,,False,False
THREAT-04974,Hacktivist Group,Cloud Misconfiguration Exploitation,T1071 Application Layer Protocol,Manufacturing,Web Server,True,36,0.16,Asia-Pacific,Critical,High,2024-04-15,2024-05-04,,False,False
THREAT-04975,Nation-State (China),Insider Threat,T1105 Ingress Tool Transfer,Insurance,Domain Controller,False,3,0.1,EMEA,Critical,Medium,2022-04-17,2022-12-28,,False,True
THREAT-04976,Hacktivist Group,Zero-Day Exploit,T1027 Obfuscated Files or Information,Manufacturing,Payment Gateway,False,31,0.25,Asia-Pacific,High,Medium,2025-05-12,2025-05-21,,False,False
THREAT-04977,TA505,Ransomware,T1071 Application Layer Protocol,Energy,Storage Bucket,True,9,0.48,Global,Low,Medium,2023-07-05,2023-09-05,,True,False
THREAT-04978,Script Kiddie,Zero-Day Exploit,T1078 Valid Accounts,Manufacturing,Database Server,True,93,0.51,Asia-Pacific,Medium,High,2025-11-18,2025-12-01,CVE-2026-53788,False,False
THREAT-04979,Nation-State (Iran),Cryptojacking,T1053 Scheduled Task/Job,E-commerce,Storage Bucket,False,36,0.57,India,Critical,Medium,2024-04-21,2024-06-08,,False,True
THREAT-04980,Kimsuky,Web Application Attack,T1082 System Information Discovery,Energy,SaaS Application,True,86,0.28,Global,Critical,High,2025-07-08,2026-06-28,CVE-2026-6025,False,False
THREAT-04981,Scattered Spider,Business Email Compromise,T1036 Masquerading,E-commerce,Web Server,False,36,0.4,Americas,Critical,High,2025-10-16,2026-02-13,,False,False
THREAT-04982,LockBit,Business Email Compromise,T1078 Valid Accounts,E-commerce,SaaS Application,False,90,0.18,Americas,High,Medium,2022-12-23,2023-07-09,,False,False
THREAT-04983,Insider,Cryptojacking,T1070 Indicator Removal,Manufacturing,Web Server,True,74,0.4,EMEA,Low,Low,2022-12-29,2023-02-25,,False,False
THREAT-04984,Lazarus Group,Supply Chain Attack,T1133 External Remote Services,Manufacturing,Storage Bucket,True,67,0.52,Asia-Pacific,High,Medium,2026-03-23,2026-04-30,,False,True
THREAT-04985,APT29,DDoS,T1036 Masquerading,Government,Employee Laptop,True,198,0.82,Global,Low,Medium,2023-12-04,2024-02-06,,False,False
THREAT-04986,ALPHV,Business Email Compromise,T1021 Remote Services,Government,Domain Controller,False,87,0.33,India,High,Medium,2022-10-17,2023-10-12,CVE-2026-18614,False,False
THREAT-04987,APT29,Insider Threat,T1059 Command and Scripting Interpreter,Energy,Storage Bucket,False,2,0.35,Asia-Pacific,Medium,Medium,2025-08-20,2025-12-19,,False,True
THREAT-04988,Script Kiddie,Cryptojacking,T1059 Command and Scripting Interpreter,Government,API Gateway,True,83,0.48,Americas,Medium,High,2026-06-16,2026-09-04,CVE-2026-65801,False,False
THREAT-04989,Script Kiddie,Insider Threat,T1105 Ingress Tool Transfer,Government,API Gateway,False,9,0.15,India,Critical,High,2023-03-30,2023-11-28,CVE-2026-54159,False,True
THREAT-04990,APT29,Business Email Compromise,T1078 Valid Accounts,Government,Storage Bucket,False,36,0.38,Americas,Low,Low,2024-07-05,2025-02-11,,False,False
THREAT-04991,FIN7,Phishing,T1003 OS Credential Dumping,E-commerce,Storage Bucket,False,91,0.32,Global,Low,High,2022-03-30,2022-09-29,,False,False
THREAT-04992,REvil,Phishing,T1569 System Services,E-commerce,Employee Laptop,True,87,0.44,EMEA,Critical,Low,2024-07-11,2025-03-28,,True,True
THREAT-04993,Unknown,DDoS,T1048 Exfiltration Over Alternative Protocol,E-commerce,SaaS Application,False,190,0.82,Global,Critical,Medium,2022-05-02,2022-07-15,,False,False
THREAT-04994,TA505,Cryptojacking,T1055 Process Injection,IT Services,Email Server,True,100,0.17,Global,Critical,Medium,2023-11-15,2024-10-07,,False,False
THREAT-04995,Script Kiddie,Cloud Misconfiguration Exploitation,T1566 Phishing,Manufacturing,Employee Laptop,True,64,0.52,EMEA,High,Low,2023-11-02,2024-05-30,,False,False
THREAT-04996,Unknown,Cloud Misconfiguration Exploitation,T1110 Brute Force,Manufacturing,Database Server,False,34,0.31,India,Low,Medium,2024-09-03,2025-07-29,CVE-2026-17348,False,True
THREAT-04997,Lazarus Group,Data Exfiltration,T1105 Ingress Tool Transfer,Energy,Kubernetes Cluster,False,93,0.31,Global,High,High,2024-03-30,2024-11-10,CVE-2026-81678,True,True
THREAT-04998,Scattered Spider,Data Exfiltration,T1059 Command and Scripting Interpreter,IT Services,API Gateway,True,7,0.56,Asia-Pacific,High,Medium,2025-11-02,2026-02-24,,False,False
THREAT-04999,APT29,DDoS,T1105 Ingress Tool Transfer,IT Services,Email Server,True,22,0.58,Americas,Medium,Medium,2026-04-08,2026-09-04,,False,False
THREAT-05000,Insider,Business Email Compromise,T1036 Masquerading,IT Services,Database Server,True,92,0.17,EMEA,Critical,Medium,2023-04-26,2023-12-18,,False,False
